timestamp,decision,decision_score,confidence,reliability,reason,priority,priority_score,action,driver_state,state_score
2026-08-21T01:08:01.798914,NO_ACTION,0.003836,0.379296,0.558506,Driver state stable,NONE,0,NO_ACTION,NORMAL,0.003329
2026-08-21T01:08:02.004639,NO_ACTION,0.007304,0.431991,0.589011,Driver state stable,NONE,0,NO_ACTION,NORMAL,0.006343
2026-08-21T01:08:02.104934,NO_ACTION,0.004742,0.484687,0.619517,Driver state stable,NONE,0,NO_ACTION,NORMAL,0.004120
2026-08-21T01:08:02.182900,NO_ACTION,0.007232,0.537382,0.650022,Driver state stable,NONE,0,NO_ACTION,NORMAL,0.006287
2026-08-21T01:08:02.317801,NO_ACTION,0.006979,0.590078,0.680528,Driver state stable,NONE,0,NO_ACTION,NORMAL,0.006071
2026-08-21T01:08:02.418976,NO_ACTION,0.006211,0.614273,0.706033,Driver state stable,NONE,0,NO_ACTION,NORMAL,0.005406
2026-08-21T01:08:02.496725,NO_ACTION,0.010698,0.638469,0.731539,Driver state stable,NONE,0,NO_ACTION,NORMAL,0.009317
2026-08-21T01:08:02.571338,NO_ACTION,0.007867,0.662664,0.757044,Driver state stable,NONE,0,NO_ACTION,NORMAL,0.006855
2026-08-21T01:08:02.647003,NO_ACTION,0.006278,0.686860,0.782550,Driver state stable,NONE,0,NO_ACTION,NORMAL,0.005474
2026-08-21T01:08:02.714650,NO_ACTION,0.008999,0.853556,0.833056,Driver state stable,NONE,0,NO_ACTION,NORMAL,0.007858
2026-08-21T01:08:03.579425,NO_ACTION,0.008006,0.853811,0.833361,Driver state stable,NONE,0,NO_ACTION,NORMAL,0.006991
2026-08-21T01:08:03.745676,NO_ACTION,0.006890,0.854067,0.833667,Driver state stable,NONE,0,NO_ACTION,NORMAL,0.006015
2026-08-21T01:08:03.902121,NO_ACTION,0.008555,0.854322,0.833972,Driver state stable,NONE,0,NO_ACTION,NORMAL,0.007469
2026-08-21T01:08:04.048949,NO_ACTION,0.008155,0.854578,0.834278,Driver state stable,NONE,0,NO_ACTION,NORMAL,0.007119
2026-08-21T01:08:04.201355,NO_ACTION,0.009504,0.854833,0.834583,Driver state stable,NONE,0,NO_ACTION,NORMAL,0.008296
2026-08-21T01:08:04.345138,NO_ACTION,0.007842,0.855089,0.834889,Driver state stable,NONE,0,NO_ACTION,NORMAL,0.006845
2026-08-21T01:08:04.511745,NO_ACTION,0.009691,0.855344,0.835194,Driver state stable,NONE,0,NO_ACTION,NORMAL,0.008458
2026-08-21T01:08:04.662720,NO_ACTION,0.011039,0.855600,0.835500,Driver state stable,NONE,0,NO_ACTION,NORMAL,0.009635
2026-08-21T01:08:04.827737,NO_ACTION,0.009679,0.855856,0.835806,Driver state stable,NONE,0,NO_ACTION,NORMAL,0.008447
2026-08-21T01:08:04.951605,NO_ACTION,0.009066,0.856111,0.836111,Driver state stable,NONE,0,NO_ACTION,NORMAL,0.007911
2026-08-21T01:08:05.072761,NO_ACTION,0.010370,0.856367,0.836417,Driver state stable,NONE,0,NO_ACTION,NORMAL,0.009049
2026-08-21T01:08:05.202686,NO_ACTION,0.009171,0.856622,0.836722,Driver state stable,NONE,0,NO_ACTION,NORMAL,0.008002
2026-08-21T01:08:05.328514,NO_ACTION,0.009102,0.856878,0.837028,Driver state stable,NONE,0,NO_ACTION,NORMAL,0.007942
2026-08-21T01:08:05.457960,NO_ACTION,0.009358,0.857133,0.837333,Driver state stable,NONE,0,NO_ACTION,NORMAL,0.008164
2026-08-21T01:08:05.581823,NO_ACTION,0.007648,0.857389,0.837639,Driver state stable,NONE,0,NO_ACTION,NORMAL,0.006672
2026-08-21T01:08:05.709526,NO_ACTION,0.007403,0.857644,0.837944,Driver state stable,NONE,0,NO_ACTION,NORMAL,0.006459
2026-08-21T01:08:05.835739,NO_ACTION,0.006000,0.857900,0.838250,Driver state stable,NONE,0,NO_ACTION,NORMAL,0.005234
2026-08-21T01:08:05.954965,NO_ACTION,0.006919,0.858156,0.838556,Driver state stable,NONE,0,NO_ACTION,NORMAL,0.006036
2026-08-21T01:08:06.108052,NO_ACTION,0.006681,0.858411,0.838861,Driver state stable,NONE,0,NO_ACTION,NORMAL,0.005828
2026-08-21T01:08:06.241735,NO_ACTION,0.010172,0.870891,0.853783,Driver state stable,NONE,0,NO_ACTION,NORMAL,0.008848
2026-08-21T01:08:06.366161,NO_ACTION,0.012495,0.871906,0.854996,Driver state stable,NONE,0,NO_ACTION,NORMAL,0.010866
2026-08-21T01:08:06.485666,NO_ACTION,0.014512,0.872815,0.856083,Driver state stable,NONE,0,NO_ACTION,NORMAL,0.012618
2026-08-21T01:08:06.613424,NO_ACTION,0.048635,0.873934,0.857421,Driver state stable,NONE,0,NO_ACTION,NORMAL,0.041058
2026-08-21T01:08:06.737805,NO_ACTION,0.047884,0.875140,0.858864,Driver state stable,NONE,0,NO_ACTION,NORMAL,0.040403
2026-08-21T01:08:06.864657,NO_ACTION,0.104392,0.876350,0.860310,Driver state stable,NONE,0,NO_ACTION,NORMAL,0.086335
2026-08-21T01:08:06.990098,NO_ACTION,0.051257,0.877217,0.861346,Driver state stable,NONE,0,NO_ACTION,NORMAL,0.043172
2026-08-21T01:08:07.118450,NO_ACTION,0.054050,0.878336,0.862684,Driver state stable,NONE,0,NO_ACTION,NORMAL,0.045296
2026-08-21T01:08:07.249071,NO_ACTION,0.061738,0.879284,0.863818,Driver state stable,NONE,0,NO_ACTION,NORMAL,0.051658
2026-08-21T01:08:07.401318,NO_ACTION,0.072387,0.880505,0.865278,Driver state stable,NONE,0,NO_ACTION,NORMAL,0.060587
2026-08-21T01:08:07.525676,NO_ACTION,0.080743,0.881242,0.866159,Driver state stable,NONE,0,NO_ACTION,NORMAL,0.067551
2026-08-21T01:08:07.655242,NO_ACTION,0.088762,0.882084,0.867166,Driver state stable,NONE,0,NO_ACTION,NORMAL,0.074235
2026-08-21T01:08:07.868568,NO_ACTION,0.099173,0.883024,0.868290,Driver state stable,NONE,0,NO_ACTION,NORMAL,0.082990
2026-08-21T01:08:08.023470,NO_ACTION,0.108698,0.884054,0.869521,Driver state stable,NONE,0,NO_ACTION,NORMAL,0.090989
2026-08-21T01:08:08.147600,NO_ACTION,0.196169,0.884869,0.870496,Driver state stable,NONE,0,NO_ACTION,NORMAL,0.162140
2026-08-21T01:08:09.147730,NO_ACTION,0.133992,0.885059,0.870722,Driver state stable,NONE,0,NO_ACTION,NORMAL,0.113435
2026-08-21T01:08:09.275532,NO_ACTION,0.129327,0.885859,0.871679,Driver state stable,NONE,0,NO_ACTION,NORMAL,0.109444
2026-08-21T01:08:09.403839,NO_ACTION,0.136899,0.886748,0.872742,Driver state stable,NONE,0,NO_ACTION,NORMAL,0.116052
2026-08-21T01:08:09.540523,NO_ACTION,0.139152,0.887559,0.873712,Driver state stable,NONE,0,NO_ACTION,NORMAL,0.118048
2026-08-21T01:08:09.661577,NO_ACTION,0.052240,0.888290,0.874586,Driver state stable,NONE,0,NO_ACTION,NORMAL,0.042820
2026-08-21T01:08:09.780130,NO_ACTION,0.051872,0.889039,0.875481,Driver state stable,NONE,0,NO_ACTION,NORMAL,0.042553
2026-08-21T01:08:09.903713,NO_ACTION,0.051146,0.889711,0.876285,Driver state stable,NONE,0,NO_ACTION,NORMAL,0.041974
2026-08-21T01:08:10.023446,NO_ACTION,0.048780,0.890571,0.877313,Driver state stable,NONE,0,NO_ACTION,NORMAL,0.039971
2026-08-21T01:08:10.144385,NO_ACTION,0.049182,0.891232,0.878103,Driver state stable,NONE,0,NO_ACTION,NORMAL,0.040365
2026-08-21T01:08:10.262317,NO_ACTION,0.046429,0.891861,0.878856,Driver state stable,NONE,0,NO_ACTION,NORMAL,0.038026
2026-08-21T01:08:10.391373,NO_ACTION,0.047756,0.892495,0.879613,Driver state stable,NONE,0,NO_ACTION,NORMAL,0.039215
2026-08-21T01:08:10.511171,NO_ACTION,0.049405,0.893127,0.880369,Driver state stable,NONE,0,NO_ACTION,NORMAL,0.040682
2026-08-21T01:08:10.631734,NO_ACTION,0.051318,0.893691,0.881043,Driver state stable,NONE,0,NO_ACTION,NORMAL,0.042376
2026-08-21T01:08:10.784011,NO_ACTION,0.054016,0.894351,0.881832,Driver state stable,NONE,0,NO_ACTION,NORMAL,0.044747
2026-08-21T01:08:10.916077,NO_ACTION,0.056428,0.895112,0.882742,Driver state stable,NONE,0,NO_ACTION,NORMAL,0.046867
2026-08-21T01:08:11.044031,NO_ACTION,0.058418,0.896094,0.883917,Driver state stable,NONE,0,NO_ACTION,NORMAL,0.048621
2026-08-21T01:08:11.172121,NO_ACTION,0.091891,0.896842,0.884811,Driver state stable,NONE,0,NO_ACTION,NORMAL,0.077947
2026-08-21T01:08:11.296427,NO_ACTION,0.091717,0.897251,0.885300,Driver state stable,NONE,0,NO_ACTION,NORMAL,0.077830
2026-08-21T01:08:11.429501,NO_ACTION,0.091610,0.897761,0.885910,Driver state stable,NONE,0,NO_ACTION,NORMAL,0.077770
2026-08-21T01:08:11.549339,NO_ACTION,0.093250,0.897892,0.886067,Driver state stable,NONE,0,NO_ACTION,NORMAL,0.079235
2026-08-21T01:08:11.678673,NO_ACTION,0.110652,0.897339,0.885405,Driver state stable,NONE,0,NO_ACTION,NORMAL,0.093180
2026-08-21T01:08:11.805046,NO_ACTION,0.054790,0.897266,0.885318,Driver state stable,NONE,0,NO_ACTION,NORMAL,0.045669
2026-08-21T01:08:11.935698,NO_ACTION,0.049185,0.896799,0.884759,Driver state stable,NONE,0,NO_ACTION,NORMAL,0.040851
2026-08-21T01:08:12.085786,NO_ACTION,0.042490,0.896824,0.884790,Driver state stable,NONE,0,NO_ACTION,NORMAL,0.035090
2026-08-21T01:08:12.211855,NO_ACTION,0.039127,0.896498,0.884400,Driver state stable,NONE,0,NO_ACTION,NORMAL,0.032209
2026-08-21T01:08:12.335414,NO_ACTION,0.039743,0.896559,0.884473,Driver state stable,NONE,0,NO_ACTION,NORMAL,0.032767
2026-08-21T01:08:12.472829,NO_ACTION,0.035214,0.896835,0.884803,Driver state stable,NONE,0,NO_ACTION,NORMAL,0.028876
2026-08-21T01:08:12.597573,NO_ACTION,0.037301,0.897330,0.885394,Driver state stable,NONE,0,NO_ACTION,NORMAL,0.030704
2026-08-21T01:08:12.742854,NO_ACTION,0.037884,0.897852,0.886019,Driver state stable,NONE,0,NO_ACTION,NORMAL,0.031231
2026-08-21T01:08:12.889013,NO_ACTION,0.036616,0.897885,0.886058,Driver state stable,NONE,0,NO_ACTION,NORMAL,0.030158
2026-08-21T01:08:13.030828,NO_ACTION,0.036166,0.898050,0.886256,Driver state stable,NONE,0,NO_ACTION,NORMAL,0.029791
2026-08-21T01:08:13.177282,NO_ACTION,0.035042,0.898285,0.886536,Driver state stable,NONE,0,NO_ACTION,NORMAL,0.028841
2026-08-21T01:08:13.319048,NO_ACTION,0.034080,0.899081,0.887488,Driver state stable,NONE,0,NO_ACTION,NORMAL,0.028030
2026-08-21T01:08:13.471358,NO_ACTION,0.033446,0.900014,0.888603,Driver state stable,NONE,0,NO_ACTION,NORMAL,0.027501
2026-08-21T01:08:13.605366,NO_ACTION,0.034573,0.900305,0.888951,Driver state stable,NONE,0,NO_ACTION,NORMAL,0.028494
2026-08-21T01:08:13.736115,NO_ACTION,0.032230,0.900805,0.889550,Driver state stable,NONE,0,NO_ACTION,NORMAL,0.026489
2026-08-21T01:08:13.868602,NO_ACTION,0.032935,0.901886,0.890842,Driver state stable,NONE,0,NO_ACTION,NORMAL,0.027116
2026-08-21T01:08:13.994138,NO_ACTION,0.033671,0.902682,0.891794,Driver state stable,NONE,0,NO_ACTION,NORMAL,0.027769
2026-08-21T01:08:14.128349,NO_ACTION,0.033804,0.904191,0.893598,Driver state stable,NONE,0,NO_ACTION,NORMAL,0.027900
2026-08-21T01:08:14.251036,NO_ACTION,0.033877,0.904931,0.894483,Driver state stable,NONE,0,NO_ACTION,NORMAL,0.027980
2026-08-21T01:08:14.375559,NO_ACTION,0.034152,0.906221,0.896025,Driver state stable,NONE,0,NO_ACTION,NORMAL,0.028232
2026-08-21T01:08:14.499660,NO_ACTION,0.033155,0.906964,0.896913,Driver state stable,NONE,0,NO_ACTION,NORMAL,0.027387
2026-08-21T01:08:14.625902,NO_ACTION,0.075527,0.907725,0.897824,Driver state stable,NONE,0,NO_ACTION,NORMAL,0.067058
2026-08-21T01:08:14.776833,NO_ACTION,0.035353,0.907596,0.897669,Driver state stable,NONE,0,NO_ACTION,NORMAL,0.029356
2026-08-21T01:08:14.897647,NO_ACTION,0.077378,0.907889,0.898019,Driver state stable,NONE,0,NO_ACTION,NORMAL,0.068818
2026-08-21T01:08:15.016867,NO_ACTION,0.077706,0.908488,0.898735,Driver state stable,NONE,0,NO_ACTION,NORMAL,0.069181
2026-08-21T01:08:15.145651,NO_ACTION,0.035176,0.909517,0.899966,Driver state stable,NONE,0,NO_ACTION,NORMAL,0.029342
2026-08-21T01:08:15.260589,NO_ACTION,0.078814,0.909766,0.900264,Driver state stable,NONE,0,NO_ACTION,NORMAL,0.070307
2026-08-21T01:08:15.381360,NO_ACTION,0.036008,0.909447,0.899882,Driver state stable,NONE,0,NO_ACTION,NORMAL,0.030157
2026-08-21T01:08:15.505425,NO_ACTION,0.076331,0.909439,0.899873,Driver state stable,NONE,0,NO_ACTION,NORMAL,0.068099
2026-08-21T01:08:15.639318,NO_ACTION,0.035927,0.910025,0.900573,Driver state stable,NONE,0,NO_ACTION,NORMAL,0.030185
2026-08-21T01:08:15.759290,NO_ACTION,0.035884,0.910409,0.901032,Driver state stable,NONE,0,NO_ACTION,NORMAL,0.030189
2026-08-21T01:08:15.918992,NO_ACTION,0.036096,0.910361,0.900975,Driver state stable,NONE,0,NO_ACTION,NORMAL,0.030409
2026-08-21T01:08:16.049150,NO_ACTION,0.076927,0.910713,0.901396,Driver state stable,NONE,0,NO_ACTION,NORMAL,0.068679
2026-08-21T01:08:16.172887,NO_ACTION,0.036988,0.910952,0.901681,Driver state stable,NONE,0,NO_ACTION,NORMAL,0.031262
2026-08-21T01:08:16.299866,NO_ACTION,0.036690,0.911628,0.902490,Driver state stable,NONE,0,NO_ACTION,NORMAL,0.031042
2026-08-21T01:08:16.434789,NO_ACTION,0.036722,0.912830,0.903927,Driver state stable,NONE,0,NO_ACTION,NORMAL,0.031101
2026-08-21T01:08:16.555085,NO_ACTION,0.036227,0.913152,0.904313,Driver state stable,NONE,0,NO_ACTION,NORMAL,0.030704
2026-08-21T01:08:16.687780,NO_ACTION,0.036868,0.913476,0.904700,Driver state stable,NONE,0,NO_ACTION,NORMAL,0.031285
2026-08-21T01:08:16.810832,NO_ACTION,0.035868,0.914290,0.905673,Driver state stable,NONE,0,NO_ACTION,NORMAL,0.030448
2026-08-21T01:08:16.940964,NO_ACTION,0.036909,0.915259,0.906831,Driver state stable,NONE,0,NO_ACTION,NORMAL,0.031368
2026-08-21T01:08:17.065289,NO_ACTION,0.035852,0.915232,0.906799,Driver state stable,NONE,0,NO_ACTION,NORMAL,0.030480
2026-08-21T01:08:17.195913,NO_ACTION,0.036765,0.916125,0.907867,Driver state stable,NONE,0,NO_ACTION,NORMAL,0.031287
2026-08-21T01:08:17.311858,NO_ACTION,0.036681,0.916110,0.907849,Driver state stable,NONE,0,NO_ACTION,NORMAL,0.031234
2026-08-21T01:08:17.437289,NO_ACTION,0.077411,0.917679,0.909725,Driver state stable,NONE,0,NO_ACTION,NORMAL,0.069435
2026-08-21T01:08:17.561679,NO_ACTION,0.037014,0.917832,0.909908,Driver state stable,NONE,0,NO_ACTION,NORMAL,0.031542
2026-08-21T01:08:17.685243,NO_ACTION,0.077782,0.918253,0.910412,Driver state stable,NONE,0,NO_ACTION,NORMAL,0.069803
2026-08-21T01:08:17.836154,NO_ACTION,0.072705,0.918884,0.911165,Driver state stable,NONE,0,NO_ACTION,NORMAL,0.065052
2026-08-21T01:08:17.966263,NO_ACTION,0.075854,0.919532,0.911940,Driver state stable,NONE,0,NO_ACTION,NORMAL,0.068040
2026-08-21T01:08:18.085950,NO_ACTION,0.078103,0.920093,0.912611,Driver state stable,NONE,0,NO_ACTION,NORMAL,0.070153
2026-08-21T01:08:18.208297,NO_ACTION,0.078026,0.919011,0.911317,Driver state stable,NONE,0,NO_ACTION,NORMAL,0.070055
2026-08-21T01:08:18.328897,NO_ACTION,0.078598,0.919024,0.911333,Driver state stable,NONE,0,NO_ACTION,NORMAL,0.070592
2026-08-21T01:08:18.447544,NO_ACTION,0.078999,0.919040,0.911353,Driver state stable,NONE,0,NO_ACTION,NORMAL,0.070980
2026-08-21T01:08:18.575650,NO_ACTION,0.036057,0.920956,0.913643,Driver state stable,NONE,0,NO_ACTION,NORMAL,0.030774
2026-08-21T01:08:18.715827,NO_ACTION,0.034924,0.921714,0.914550,Driver state stable,NONE,0,NO_ACTION,NORMAL,0.029805
2026-08-21T01:08:18.849520,NO_ACTION,0.035596,0.920987,0.913680,Driver state stable,NONE,0,NO_ACTION,NORMAL,0.030393
2026-08-21T01:08:18.988533,NO_ACTION,0.036058,0.920972,0.913662,Driver state stable,NONE,0,NO_ACTION,NORMAL,0.030791
2026-08-21T01:08:19.117201,NO_ACTION,0.035762,0.922194,0.915123,Driver state stable,NONE,0,NO_ACTION,NORMAL,0.030534
2026-08-21T01:08:19.243344,NO_ACTION,0.035173,0.922770,0.915812,Driver state stable,NONE,0,NO_ACTION,NORMAL,0.030025
2026-08-21T01:08:19.367934,NO_ACTION,0.034900,0.923695,0.916918,Driver state stable,NONE,0,NO_ACTION,NORMAL,0.029788
2026-08-21T01:08:19.488453,NO_ACTION,0.035465,0.924108,0.917411,Driver state stable,NONE,0,NO_ACTION,NORMAL,0.030273
2026-08-21T01:08:19.618032,NO_ACTION,0.034626,0.924412,0.917775,Driver state stable,NONE,0,NO_ACTION,NORMAL,0.029550
2026-08-21T01:08:19.765431,NO_ACTION,0.034765,0.925077,0.918571,Driver state stable,NONE,0,NO_ACTION,NORMAL,0.029669
2026-08-21T01:08:19.897680,NO_ACTION,0.030032,0.925456,0.919023,Driver state stable,NONE,0,NO_ACTION,NORMAL,0.025595
2026-08-21T01:08:20.031332,NO_ACTION,0.028669,0.925322,0.918863,Driver state stable,NONE,0,NO_ACTION,NORMAL,0.024422
2026-08-21T01:08:20.164102,NO_ACTION,0.031666,0.924747,0.918176,Driver state stable,NONE,0,NO_ACTION,NORMAL,0.027003
2026-08-21T01:08:20.295362,NO_ACTION,0.031766,0.925451,0.919018,Driver state stable,NONE,0,NO_ACTION,NORMAL,0.027087
2026-08-21T01:08:20.433344,NO_ACTION,0.031555,0.926142,0.919844,Driver state stable,NONE,0,NO_ACTION,NORMAL,0.026904
2026-08-21T01:08:20.563402,NO_ACTION,0.031276,0.927352,0.921290,Driver state stable,NONE,0,NO_ACTION,NORMAL,0.026663
2026-08-21T01:08:20.687940,NO_ACTION,0.031228,0.926859,0.920701,Driver state stable,NONE,0,NO_ACTION,NORMAL,0.026622
2026-08-21T01:08:20.815633,NO_ACTION,0.032329,0.927632,0.921625,Driver state stable,NONE,0,NO_ACTION,NORMAL,0.027568
2026-08-21T01:08:20.951782,NO_ACTION,0.030175,0.928221,0.922330,Driver state stable,NONE,0,NO_ACTION,NORMAL,0.025714
2026-08-21T01:08:21.108004,NO_ACTION,0.027280,0.929742,0.924147,Driver state stable,NONE,0,NO_ACTION,NORMAL,0.023225
2026-08-21T01:08:21.231964,NO_ACTION,0.030299,0.930689,0.925280,Driver state stable,NONE,0,NO_ACTION,NORMAL,0.025823
2026-08-21T01:08:21.357891,NO_ACTION,0.031345,0.931083,0.925751,Driver state stable,NONE,0,NO_ACTION,NORMAL,0.026726
2026-08-21T01:08:21.484607,NO_ACTION,0.030657,0.931327,0.926043,Driver state stable,NONE,0,NO_ACTION,NORMAL,0.026139
2026-08-21T01:08:21.611449,NO_ACTION,0.030758,0.932331,0.927243,Driver state stable,NONE,0,NO_ACTION,NORMAL,0.026228
2026-08-21T01:08:21.733883,NO_ACTION,0.031120,0.933149,0.928221,Driver state stable,NONE,0,NO_ACTION,NORMAL,0.026539
2026-08-21T01:08:21.862781,NO_ACTION,0.031196,0.933067,0.928123,Driver state stable,NONE,0,NO_ACTION,NORMAL,0.026606
2026-08-21T01:08:21.997157,NO_ACTION,0.031753,0.933800,0.929000,Driver state stable,NONE,0,NO_ACTION,NORMAL,0.027080
2026-08-21T01:08:22.129389,NO_ACTION,0.031131,0.934056,0.929306,Driver state stable,NONE,0,NO_ACTION,NORMAL,0.026541
2026-08-21T01:08:22.255323,NO_ACTION,0.032910,0.934311,0.929611,Driver state stable,NONE,0,NO_ACTION,NORMAL,0.028063
2026-08-21T01:08:22.410006,NO_ACTION,0.032411,0.934567,0.929917,Driver state stable,NONE,0,NO_ACTION,NORMAL,0.027628
2026-08-21T01:08:22.527951,NO_ACTION,0.032250,0.934822,0.930222,Driver state stable,NONE,0,NO_ACTION,NORMAL,0.027476
2026-08-21T01:08:22.649721,NO_ACTION,0.031047,0.935078,0.930528,Driver state stable,NONE,0,NO_ACTION,NORMAL,0.026426
2026-08-21T01:08:22.772799,NO_ACTION,0.031779,0.935333,0.930833,Driver state stable,NONE,0,NO_ACTION,NORMAL,0.027038
2026-08-21T01:08:22.899691,NO_ACTION,0.031551,0.935589,0.931139,Driver state stable,NONE,0,NO_ACTION,NORMAL,0.026823
2026-08-21T01:08:23.039516,NO_ACTION,0.031820,0.935844,0.931444,Driver state stable,NONE,0,NO_ACTION,NORMAL,0.027033
2026-08-21T01:08:23.165217,NO_ACTION,0.030851,0.936100,0.931750,Driver state stable,NONE,0,NO_ACTION,NORMAL,0.026177
2026-08-21T01:08:23.295862,NO_ACTION,0.030735,0.936356,0.932056,Driver state stable,NONE,0,NO_ACTION,NORMAL,0.026050
2026-08-21T01:08:23.419529,NO_ACTION,0.029991,0.936611,0.932361,Driver state stable,NONE,0,NO_ACTION,NORMAL,0.025380
2026-08-21T01:08:23.543493,NO_ACTION,0.029561,0.936867,0.932667,Driver state stable,NONE,0,NO_ACTION,NORMAL,0.024976
2026-08-21T01:08:23.691641,NO_ACTION,0.029871,0.937122,0.932972,Driver state stable,NONE,0,NO_ACTION,NORMAL,0.025201
2026-08-21T01:08:23.817547,NO_ACTION,0.028474,0.937378,0.933278,Driver state stable,NONE,0,NO_ACTION,NORMAL,0.023952
2026-08-21T01:08:23.941834,NO_ACTION,0.028439,0.937633,0.933583,Driver state stable,NONE,0,NO_ACTION,NORMAL,0.023880
2026-08-21T01:08:24.073344,NO_ACTION,0.027218,0.937889,0.933889,Driver state stable,NONE,0,NO_ACTION,NORMAL,0.022777
2026-08-21T01:08:24.199149,NO_ACTION,0.027333,0.938144,0.934194,Driver state stable,NONE,0,NO_ACTION,NORMAL,0.022827
2026-08-21T01:08:24.317212,NO_ACTION,0.026386,0.938400,0.934500,Driver state stable,NONE,0,NO_ACTION,NORMAL,0.021972
2026-08-21T01:08:24.444482,NO_ACTION,0.025495,0.938656,0.934806,Driver state stable,NONE,0,NO_ACTION,NORMAL,0.021176
2026-08-21T01:08:24.562321,NO_ACTION,0.025234,0.938911,0.935111,Driver state stable,NONE,0,NO_ACTION,NORMAL,0.020939
2026-08-21T01:08:24.687697,NO_ACTION,0.024014,0.939167,0.935417,Driver state stable,NONE,0,NO_ACTION,NORMAL,0.019890
2026-08-21T01:08:24.811650,NO_ACTION,0.025149,0.939422,0.935722,Driver state stable,NONE,0,NO_ACTION,NORMAL,0.020835
2026-08-21T01:08:24.963197,NO_ACTION,0.024655,0.939678,0.936028,Driver state stable,NONE,0,NO_ACTION,NORMAL,0.020411
2026-08-21T01:08:25.092847,NO_ACTION,0.023761,0.939933,0.936333,Driver state stable,NONE,0,NO_ACTION,NORMAL,0.019643
2026-08-21T01:08:25.216738,NO_ACTION,0.023234,0.940189,0.936639,Driver state stable,NONE,0,NO_ACTION,NORMAL,0.019190
2026-08-21T01:08:25.342693,NO_ACTION,0.023448,0.940444,0.936944,Driver state stable,NONE,0,NO_ACTION,NORMAL,0.019373
2026-08-21T01:08:25.462656,NO_ACTION,0.024510,0.940700,0.937250,Driver state stable,NONE,0,NO_ACTION,NORMAL,0.020286
2026-08-21T01:08:25.583578,NO_ACTION,0.023286,0.940956,0.937556,Driver state stable,NONE,0,NO_ACTION,NORMAL,0.019234
2026-08-21T01:08:25.705700,NO_ACTION,0.023842,0.941211,0.937861,Driver state stable,NONE,0,NO_ACTION,NORMAL,0.019711
2026-08-21T01:08:25.823849,NO_ACTION,0.023496,0.941467,0.938167,Driver state stable,NONE,0,NO_ACTION,NORMAL,0.019414
2026-08-21T01:08:25.953304,NO_ACTION,0.023564,0.941722,0.938472,Driver state stable,NONE,0,NO_ACTION,NORMAL,0.019472
2026-08-21T01:08:26.084272,NO_ACTION,0.024335,0.941978,0.938778,Driver state stable,NONE,0,NO_ACTION,NORMAL,0.020133
2026-08-21T01:08:26.245793,NO_ACTION,0.023337,0.942233,0.939083,Driver state stable,NONE,0,NO_ACTION,NORMAL,0.019277
2026-08-21T01:08:26.370732,NO_ACTION,0.024949,0.942489,0.939389,Driver state stable,NONE,0,NO_ACTION,NORMAL,0.020660
2026-08-21T01:08:26.496163,NO_ACTION,0.024693,0.942744,0.939694,Driver state stable,NONE,0,NO_ACTION,NORMAL,0.020440
2026-08-21T01:08:26.622504,NO_ACTION,0.024578,0.943000,0.940000,Driver state stable,NONE,0,NO_ACTION,NORMAL,0.020341
2026-08-21T01:08:26.759443,NO_ACTION,0.024919,0.943000,0.940000,Driver state stable,NONE,0,NO_ACTION,NORMAL,0.020634
2026-08-21T01:08:26.884583,NO_ACTION,0.024185,0.943000,0.940000,Driver state stable,NONE,0,NO_ACTION,NORMAL,0.020004
2026-08-21T01:08:27.024489,NO_ACTION,0.025120,0.943000,0.940000,Driver state stable,NONE,0,NO_ACTION,NORMAL,0.020807
2026-08-21T01:08:27.149035,NO_ACTION,0.024736,0.943000,0.940000,Driver state stable,NONE,0,NO_ACTION,NORMAL,0.020477
2026-08-21T01:08:27.275402,NO_ACTION,0.025151,0.943000,0.940000,Driver state stable,NONE,0,NO_ACTION,NORMAL,0.020833
2026-08-21T01:08:27.399652,NO_ACTION,0.025258,0.943000,0.940000,Driver state stable,NONE,0,NO_ACTION,NORMAL,0.020925
2026-08-21T01:08:27.549565,NO_ACTION,0.026280,0.943000,0.940000,Driver state stable,NONE,0,NO_ACTION,NORMAL,0.021802
2026-08-21T01:08:27.672130,NO_ACTION,0.025162,0.943000,0.940000,Driver state stable,NONE,0,NO_ACTION,NORMAL,0.020842
2026-08-21T01:08:27.797530,NO_ACTION,0.023594,0.943000,0.940000,Driver state stable,NONE,0,NO_ACTION,NORMAL,0.019497
2026-08-21T01:08:27.921580,NO_ACTION,0.025799,0.943000,0.940000,Driver state stable,NONE,0,NO_ACTION,NORMAL,0.021390
2026-08-21T01:08:28.053896,NO_ACTION,0.024335,0.943000,0.940000,Driver state stable,NONE,0,NO_ACTION,NORMAL,0.020133
2026-08-21T01:08:28.172567,NO_ACTION,0.024616,0.943000,0.940000,Driver state stable,NONE,0,NO_ACTION,NORMAL,0.020374
2026-08-21T01:08:28.305043,NO_ACTION,0.023742,0.943000,0.940000,Driver state stable,NONE,0,NO_ACTION,NORMAL,0.019624
2026-08-21T01:08:28.434240,NO_ACTION,0.023503,0.943000,0.940000,Driver state stable,NONE,0,NO_ACTION,NORMAL,0.019418
2026-08-21T01:08:28.557123,NO_ACTION,0.023239,0.943000,0.940000,Driver state stable,NONE,0,NO_ACTION,NORMAL,0.019192
2026-08-21T01:08:28.673765,NO_ACTION,0.023848,0.943000,0.940000,Driver state stable,NONE,0,NO_ACTION,NORMAL,0.019715
2026-08-21T01:08:28.823424,NO_ACTION,0.023105,0.943000,0.940000,Driver state stable,NONE,0,NO_ACTION,NORMAL,0.019076
2026-08-21T01:08:28.951891,NO_ACTION,0.023514,0.943000,0.940000,Driver state stable,NONE,0,NO_ACTION,NORMAL,0.019428
2026-08-21T01:08:29.075922,NO_ACTION,0.023317,0.943000,0.940000,Driver state stable,NONE,0,NO_ACTION,NORMAL,0.019259
2026-08-21T01:08:29.200555,NO_ACTION,0.024880,0.943000,0.940000,Driver state stable,NONE,0,NO_ACTION,NORMAL,0.020600
2026-08-21T01:08:29.332615,NO_ACTION,0.023314,0.943000,0.940000,Driver state stable,NONE,0,NO_ACTION,NORMAL,0.019257
2026-08-21T01:08:29.454587,NO_ACTION,0.024467,0.943000,0.940000,Driver state stable,NONE,0,NO_ACTION,NORMAL,0.020246
2026-08-21T01:08:29.584811,NO_ACTION,0.023738,0.943000,0.940000,Driver state stable,NONE,0,NO_ACTION,NORMAL,0.019620
2026-08-21T01:08:29.705799,NO_ACTION,0.023366,0.943000,0.940000,Driver state stable,NONE,0,NO_ACTION,NORMAL,0.019301
2026-08-21T01:08:29.832097,NO_ACTION,0.024435,0.943000,0.940000,Driver state stable,NONE,0,NO_ACTION,NORMAL,0.020219
2026-08-21T01:08:29.957800,NO_ACTION,0.023406,0.943000,0.940000,Driver state stable,NONE,0,NO_ACTION,NORMAL,0.019335
2026-08-21T01:08:30.110650,NO_ACTION,0.022975,0.943000,0.940000,Driver state stable,NONE,0,NO_ACTION,NORMAL,0.018965
2026-08-21T01:08:30.232963,NO_ACTION,0.023297,0.943000,0.940000,Driver state stable,NONE,0,NO_ACTION,NORMAL,0.019241
2026-08-21T01:08:30.366887,NO_ACTION,0.023871,0.943000,0.940000,Driver state stable,NONE,0,NO_ACTION,NORMAL,0.019734
2026-08-21T01:08:30.495125,NO_ACTION,0.022145,0.943000,0.940000,Driver state stable,NONE,0,NO_ACTION,NORMAL,0.018252
2026-08-21T01:08:30.623557,NO_ACTION,0.022737,0.943000,0.940000,Driver state stable,NONE,0,NO_ACTION,NORMAL,0.018761
2026-08-21T01:08:30.746946,NO_ACTION,0.022632,0.943000,0.940000,Driver state stable,NONE,0,NO_ACTION,NORMAL,0.018671
2026-08-21T01:08:30.876937,NO_ACTION,0.025252,0.943000,0.940000,Driver state stable,NONE,0,NO_ACTION,NORMAL,0.020920
2026-08-21T01:08:30.994030,NO_ACTION,0.022363,0.943000,0.940000,Driver state stable,NONE,0,NO_ACTION,NORMAL,0.018440
2026-08-21T01:08:31.123499,NO_ACTION,0.024204,0.943000,0.940000,Driver state stable,NONE,0,NO_ACTION,NORMAL,0.020021
2026-08-21T01:08:31.245774,NO_ACTION,0.024177,0.943000,0.940000,Driver state stable,NONE,0,NO_ACTION,NORMAL,0.019997
2026-08-21T01:08:31.406156,NO_ACTION,0.022209,0.943000,0.940000,Driver state stable,NONE,0,NO_ACTION,NORMAL,0.018308
2026-08-21T01:08:31.538407,NO_ACTION,0.025137,0.943000,0.940000,Driver state stable,NONE,0,NO_ACTION,NORMAL,0.020821
2026-08-21T01:08:31.670962,NO_ACTION,0.023093,0.943000,0.940000,Driver state stable,NONE,0,NO_ACTION,NORMAL,0.019067
2026-08-21T01:08:31.800441,NO_ACTION,0.022459,0.943000,0.940000,Driver state stable,NONE,0,NO_ACTION,NORMAL,0.018523
2026-08-21T01:08:31.927652,NO_ACTION,0.022045,0.943000,0.940000,Driver state stable,NONE,0,NO_ACTION,NORMAL,0.018167
2026-08-21T01:08:32.053246,NO_ACTION,0.021231,0.943000,0.940000,Driver state stable,NONE,0,NO_ACTION,NORMAL,0.017468
2026-08-21T01:08:32.185109,NO_ACTION,0.019293,0.943000,0.940000,Driver state stable,NONE,0,NO_ACTION,NORMAL,0.015805
2026-08-21T01:08:32.314811,NO_ACTION,0.019865,0.943000,0.940000,Driver state stable,NONE,0,NO_ACTION,NORMAL,0.016296
2026-08-21T01:08:32.456938,NO_ACTION,0.019354,0.943000,0.940000,Driver state stable,NONE,0,NO_ACTION,NORMAL,0.015857
2026-08-21T01:08:32.581523,NO_ACTION,0.019988,0.943000,0.940000,Driver state stable,NONE,0,NO_ACTION,NORMAL,0.016401
2026-08-21T01:08:32.738173,NO_ACTION,0.020107,0.943000,0.940000,Driver state stable,NONE,0,NO_ACTION,NORMAL,0.016504
2026-08-21T01:08:32.863087,NO_ACTION,0.019817,0.943000,0.940000,Driver state stable,NONE,0,NO_ACTION,NORMAL,0.016254
2026-08-21T01:08:33.039059,NO_ACTION,0.020544,0.943000,0.940000,Driver state stable,NONE,0,NO_ACTION,NORMAL,0.016879
2026-08-21T01:08:33.240460,NO_ACTION,0.018947,0.943000,0.940000,Driver state stable,NONE,0,NO_ACTION,NORMAL,0.015508
2026-08-21T01:08:33.429642,NO_ACTION,0.023731,0.943000,0.940000,Driver state stable,NONE,0,NO_ACTION,NORMAL,0.019615
2026-08-21T01:08:33.650460,NO_ACTION,0.022993,0.943000,0.940000,Driver state stable,NONE,0,NO_ACTION,NORMAL,0.018981
2026-08-21T01:08:33.844385,NO_ACTION,0.025807,0.943000,0.940000,Driver state stable,NONE,0,NO_ACTION,NORMAL,0.021396
2026-08-21T01:08:34.040017,NO_ACTION,0.024636,0.943000,0.940000,Driver state stable,NONE,0,NO_ACTION,NORMAL,0.020391
2026-08-21T01:08:34.220685,NO_ACTION,0.025118,0.943000,0.940000,Driver state stable,NONE,0,NO_ACTION,NORMAL,0.020804
2026-08-21T01:08:34.415316,NO_ACTION,0.025088,0.943000,0.940000,Driver state stable,NONE,0,NO_ACTION,NORMAL,0.020779
2026-08-21T01:08:34.589984,NO_ACTION,0.026436,0.943000,0.940000,Driver state stable,NONE,0,NO_ACTION,NORMAL,0.021936
2026-08-21T01:08:34.737021,NO_ACTION,0.025521,0.943000,0.940000,Driver state stable,NONE,0,NO_ACTION,NORMAL,0.021150
2026-08-21T01:08:34.889657,NO_ACTION,0.025183,0.943000,0.940000,Driver state stable,NONE,0,NO_ACTION,NORMAL,0.020861
2026-08-21T01:08:35.040409,NO_ACTION,0.026584,0.943000,0.940000,Driver state stable,NONE,0,NO_ACTION,NORMAL,0.022063
2026-08-21T01:08:35.195261,NO_ACTION,0.025777,0.943000,0.940000,Driver state stable,NONE,0,NO_ACTION,NORMAL,0.021371
2026-08-21T01:08:35.353793,NO_ACTION,0.025671,0.943000,0.940000,Driver state stable,NONE,0,NO_ACTION,NORMAL,0.021280
2026-08-21T01:08:35.509894,NO_ACTION,0.025780,0.943000,0.940000,Driver state stable,NONE,0,NO_ACTION,NORMAL,0.021373
2026-08-21T01:08:35.663457,NO_ACTION,0.025003,0.943000,0.940000,Driver state stable,NONE,0,NO_ACTION,NORMAL,0.020706
2026-08-21T01:08:35.803790,NO_ACTION,0.026607,0.943000,0.940000,Driver state stable,NONE,0,NO_ACTION,NORMAL,0.022083
2026-08-21T01:08:35.956241,NO_ACTION,0.025854,0.943000,0.940000,Driver state stable,NONE,0,NO_ACTION,NORMAL,0.021437
2026-08-21T01:08:36.167544,NO_ACTION,0.026687,0.943000,0.940000,Driver state stable,NONE,0,NO_ACTION,NORMAL,0.022151
2026-08-21T01:08:36.353569,NO_ACTION,0.025958,0.943000,0.940000,Driver state stable,NONE,0,NO_ACTION,NORMAL,0.021526
2026-08-21T01:08:36.545978,NO_ACTION,0.025990,0.943000,0.940000,Driver state stable,NONE,0,NO_ACTION,NORMAL,0.021553
2026-08-21T01:08:36.789144,NO_ACTION,0.026367,0.943000,0.940000,Driver state stable,NONE,0,NO_ACTION,NORMAL,0.021877
2026-08-21T01:08:37.058509,NO_ACTION,0.026146,0.943000,0.940000,Driver state stable,NONE,0,NO_ACTION,NORMAL,0.021687
2026-08-21T01:08:37.316843,NO_ACTION,0.025506,0.943000,0.940000,Driver state stable,NONE,0,NO_ACTION,NORMAL,0.021137
2026-08-21T01:08:37.577452,NO_ACTION,0.025668,0.943000,0.940000,Driver state stable,NONE,0,NO_ACTION,NORMAL,0.021277
2026-08-21T01:08:37.831439,NO_ACTION,0.024197,0.943000,0.940000,Driver state stable,NONE,0,NO_ACTION,NORMAL,0.020014
2026-08-21T01:08:38.087748,NO_ACTION,0.023861,0.943000,0.940000,Driver state stable,NONE,0,NO_ACTION,NORMAL,0.019725
2026-08-21T01:08:38.407474,NO_ACTION,0.024905,0.943000,0.940000,Driver state stable,NONE,0,NO_ACTION,NORMAL,0.020622
2026-08-21T01:08:38.686942,NO_ACTION,0.024791,0.943000,0.940000,Driver state stable,NONE,0,NO_ACTION,NORMAL,0.020524
2026-08-21T01:08:38.935422,NO_ACTION,0.023185,0.943000,0.940000,Driver state stable,NONE,0,NO_ACTION,NORMAL,0.019146
2026-08-21T01:08:39.172724,NO_ACTION,0.023091,0.943000,0.940000,Driver state stable,NONE,0,NO_ACTION,NORMAL,0.019065
2026-08-21T01:08:39.387900,NO_ACTION,0.023328,0.943000,0.940000,Driver state stable,NONE,0,NO_ACTION,NORMAL,0.019269
2026-08-21T01:08:39.575260,NO_ACTION,0.022647,0.943000,0.940000,Driver state stable,NONE,0,NO_ACTION,NORMAL,0.018683
2026-08-21T01:08:39.737715,NO_ACTION,0.021951,0.943000,0.940000,Driver state stable,NONE,0,NO_ACTION,NORMAL,0.018087
2026-08-21T01:08:39.940539,NO_ACTION,0.021609,0.943000,0.940000,Driver state stable,NONE,0,NO_ACTION,NORMAL,0.017793
2026-08-21T01:08:40.135579,NO_ACTION,0.020239,0.943000,0.940000,Driver state stable,NONE,0,NO_ACTION,NORMAL,0.016617
2026-08-21T01:08:40.338977,NO_ACTION,0.023295,0.943000,0.940000,Driver state stable,NONE,0,NO_ACTION,NORMAL,0.019240
2026-08-21T01:08:40.567747,NO_ACTION,0.021303,0.943000,0.940000,Driver state stable,NONE,0,NO_ACTION,NORMAL,0.017530
2026-08-21T01:08:40.749533,NO_ACTION,0.020656,0.943000,0.940000,Driver state stable,NONE,0,NO_ACTION,NORMAL,0.016975
2026-08-21T01:08:40.924322,NO_ACTION,0.023123,0.943000,0.940000,Driver state stable,NONE,0,NO_ACTION,NORMAL,0.019092
2026-08-21T01:08:41.108876,NO_ACTION,0.023223,0.943000,0.940000,Driver state stable,NONE,0,NO_ACTION,NORMAL,0.019179
2026-08-21T01:08:41.282885,NO_ACTION,0.023787,0.943000,0.940000,Driver state stable,NONE,0,NO_ACTION,NORMAL,0.019662
2026-08-21T01:08:41.447244,NO_ACTION,0.023497,0.943000,0.940000,Driver state stable,NONE,0,NO_ACTION,NORMAL,0.019413
2026-08-21T01:08:41.604623,NO_ACTION,0.020935,0.943000,0.940000,Driver state stable,NONE,0,NO_ACTION,NORMAL,0.017214
2026-08-21T01:08:41.772611,NO_ACTION,0.023038,0.943000,0.940000,Driver state stable,NONE,0,NO_ACTION,NORMAL,0.019019
2026-08-21T01:08:41.959867,NO_ACTION,0.021788,0.943000,0.940000,Driver state stable,NONE,0,NO_ACTION,NORMAL,0.017946
2026-08-21T01:08:42.224899,NO_ACTION,0.022504,0.943000,0.940000,Driver state stable,NONE,0,NO_ACTION,NORMAL,0.018561
2026-08-21T01:08:42.454576,NO_ACTION,0.023037,0.943000,0.940000,Driver state stable,NONE,0,NO_ACTION,NORMAL,0.019019
2026-08-21T01:08:42.620064,NO_ACTION,0.023796,0.943000,0.940000,Driver state stable,NONE,0,NO_ACTION,NORMAL,0.019670
2026-08-21T01:08:42.815421,NO_ACTION,0.024574,0.943000,0.940000,Driver state stable,NONE,0,NO_ACTION,NORMAL,0.020338
2026-08-21T01:08:42.971457,NO_ACTION,0.023914,0.943000,0.940000,Driver state stable,NONE,0,NO_ACTION,NORMAL,0.019771
2026-08-21T01:08:43.140620,NO_ACTION,0.024423,0.943000,0.940000,Driver state stable,NONE,0,NO_ACTION,NORMAL,0.020208
2026-08-21T01:08:43.325447,NO_ACTION,0.025540,0.943000,0.940000,Driver state stable,NONE,0,NO_ACTION,NORMAL,0.021167
2026-08-21T01:08:43.491976,NO_ACTION,0.024233,0.943000,0.940000,Driver state stable,NONE,0,NO_ACTION,NORMAL,0.020045
2026-08-21T01:08:43.689973,NO_ACTION,0.025649,0.943000,0.940000,Driver state stable,NONE,0,NO_ACTION,NORMAL,0.021261
2026-08-21T01:08:43.814157,NO_ACTION,0.025513,0.943000,0.940000,Driver state stable,NONE,0,NO_ACTION,NORMAL,0.021143
2026-08-21T01:08:43.992564,NO_ACTION,0.025944,0.943000,0.940000,Driver state stable,NONE,0,NO_ACTION,NORMAL,0.021514
2026-08-21T01:08:44.163986,NO_ACTION,0.025858,0.943000,0.940000,Driver state stable,NONE,0,NO_ACTION,NORMAL,0.021440
2026-08-21T01:08:44.329932,NO_ACTION,0.024869,0.943000,0.940000,Driver state stable,NONE,0,NO_ACTION,NORMAL,0.020591
2026-08-21T01:08:44.493506,NO_ACTION,0.023504,0.943000,0.940000,Driver state stable,NONE,0,NO_ACTION,NORMAL,0.019419
2026-08-21T01:08:44.654941,NO_ACTION,0.023327,0.943000,0.940000,Driver state stable,NONE,0,NO_ACTION,NORMAL,0.019267
2026-08-21T01:08:44.825592,NO_ACTION,0.022785,0.943000,0.940000,Driver state stable,NONE,0,NO_ACTION,NORMAL,0.018802
2026-08-21T01:08:44.993201,NO_ACTION,0.021816,0.943000,0.940000,Driver state stable,NONE,0,NO_ACTION,NORMAL,0.017971
2026-08-21T01:10:03.813902,NO_ACTION,0.030724,0.379296,0.558506,Driver state stable,NONE,0,NO_ACTION,NORMAL,0.026664
2026-08-21T01:10:03.893913,NO_ACTION,0.027588,0.431991,0.589011,Driver state stable,NONE,0,NO_ACTION,NORMAL,0.023958
2026-08-21T01:10:03.942645,NO_ACTION,0.026914,0.484687,0.619517,Driver state stable,NONE,0,NO_ACTION,NORMAL,0.023386
2026-08-21T01:10:03.982348,NO_ACTION,0.026585,0.537382,0.650022,Driver state stable,NONE,0,NO_ACTION,NORMAL,0.023114
2026-08-21T01:10:04.027700,NO_ACTION,0.025880,0.590078,0.680528,Driver state stable,NONE,0,NO_ACTION,NORMAL,0.022514
2026-08-21T01:10:04.073861,NO_ACTION,0.025966,0.614273,0.706033,Driver state stable,NONE,0,NO_ACTION,NORMAL,0.022601
2026-08-21T01:10:04.122436,NO_ACTION,0.025094,0.638469,0.731539,Driver state stable,NONE,0,NO_ACTION,NORMAL,0.021855
2026-08-21T01:10:04.175378,NO_ACTION,0.025045,0.662664,0.757044,Driver state stable,NONE,0,NO_ACTION,NORMAL,0.021824
2026-08-21T01:10:04.229192,NO_ACTION,0.024507,0.686860,0.782550,Driver state stable,NONE,0,NO_ACTION,NORMAL,0.021366
2026-08-21T01:10:04.272002,NO_ACTION,0.018639,0.853556,0.833056,Driver state stable,NONE,0,NO_ACTION,NORMAL,0.016275
2026-08-21T01:10:04.820419,NO_ACTION,0.016469,0.853811,0.833361,Driver state stable,NONE,0,NO_ACTION,NORMAL,0.014379
2026-08-21T01:10:04.947936,NO_ACTION,0.016195,0.854067,0.833667,Driver state stable,NONE,0,NO_ACTION,NORMAL,0.014140
2026-08-21T01:10:05.078239,NO_ACTION,0.015636,0.854322,0.833972,Driver state stable,NONE,0,NO_ACTION,NORMAL,0.013651
2026-08-21T01:10:05.249742,NO_ACTION,0.015535,0.854578,0.834278,Driver state stable,NONE,0,NO_ACTION,NORMAL,0.013562
2026-08-21T01:10:05.389690,NO_ACTION,0.015010,0.854833,0.834583,Driver state stable,NONE,0,NO_ACTION,NORMAL,0.013103
2026-08-21T01:10:05.523286,NO_ACTION,0.015502,0.855089,0.834889,Driver state stable,NONE,0,NO_ACTION,NORMAL,0.013532
2026-08-21T01:10:05.653605,NO_ACTION,0.014718,0.855344,0.835194,Driver state stable,NONE,0,NO_ACTION,NORMAL,0.012846
2026-08-21T01:10:05.774793,NO_ACTION,0.014484,0.855600,0.835500,Driver state stable,NONE,0,NO_ACTION,NORMAL,0.012641
2026-08-21T01:10:05.909543,NO_ACTION,0.014121,0.855856,0.835806,Driver state stable,NONE,0,NO_ACTION,NORMAL,0.012323
2026-08-21T01:10:06.035874,NO_ACTION,0.014093,0.856111,0.836111,Driver state stable,NONE,0,NO_ACTION,NORMAL,0.012299
2026-08-21T01:10:06.168037,NO_ACTION,0.014170,0.856367,0.836417,Driver state stable,NONE,0,NO_ACTION,NORMAL,0.012365
2026-08-21T01:10:06.292626,NO_ACTION,0.013652,0.856622,0.836722,Driver state stable,NONE,0,NO_ACTION,NORMAL,0.011912
2026-08-21T01:10:06.424491,NO_ACTION,0.014422,0.856878,0.837028,Driver state stable,NONE,0,NO_ACTION,NORMAL,0.012583
2026-08-21T01:10:06.552176,NO_ACTION,0.013407,0.857133,0.837333,Driver state stable,NONE,0,NO_ACTION,NORMAL,0.011698
2026-08-21T01:10:06.677887,NO_ACTION,0.013746,0.857389,0.837639,Driver state stable,NONE,0,NO_ACTION,NORMAL,0.011992
2026-08-21T01:10:06.836336,NO_ACTION,0.013898,0.857644,0.837944,Driver state stable,NONE,0,NO_ACTION,NORMAL,0.012124
2026-08-21T01:10:06.979840,NO_ACTION,0.012912,0.857900,0.838250,Driver state stable,NONE,0,NO_ACTION,NORMAL,0.011263
2026-08-21T01:10:07.107336,NO_ACTION,0.012018,0.858156,0.838556,Driver state stable,NONE,0,NO_ACTION,NORMAL,0.010483
2026-08-21T01:10:07.252948,NO_ACTION,0.012106,0.858411,0.838861,Driver state stable,NONE,0,NO_ACTION,NORMAL,0.010559
2026-08-21T01:10:07.389794,NO_ACTION,0.011639,0.879153,0.863662,Driver state stable,NONE,0,NO_ACTION,NORMAL,0.010107
2026-08-21T01:10:07.524858,NO_ACTION,0.012421,0.883892,0.869328,Driver state stable,NONE,0,NO_ACTION,NORMAL,0.010776
2026-08-21T01:10:07.652599,NO_ACTION,0.011415,0.886606,0.872572,Driver state stable,NONE,0,NO_ACTION,NORMAL,0.009898
2026-08-21T01:10:07.778649,NO_ACTION,0.009922,0.886722,0.872711,Driver state stable,NONE,0,NO_ACTION,NORMAL,0.008604
2026-08-21T01:10:07.904882,NO_ACTION,0.008952,0.886804,0.872809,Driver state stable,NONE,0,NO_ACTION,NORMAL,0.007762
2026-08-21T01:10:08.042436,NO_ACTION,0.010229,0.885547,0.871306,Driver state stable,NONE,0,NO_ACTION,NORMAL,0.008871
2026-08-21T01:10:08.196742,NO_ACTION,0.010408,0.887679,0.873856,Driver state stable,NONE,0,NO_ACTION,NORMAL,0.009023
2026-08-21T01:10:08.343260,NO_ACTION,0.010505,0.887545,0.873695,Driver state stable,NONE,0,NO_ACTION,NORMAL,0.009107
2026-08-21T01:10:08.474788,NO_ACTION,0.011325,0.887318,0.873424,Driver state stable,NONE,0,NO_ACTION,NORMAL,0.009819
2026-08-21T01:10:08.602978,NO_ACTION,0.011807,0.885915,0.871747,Driver state stable,NONE,0,NO_ACTION,NORMAL,0.010239
2026-08-21T01:10:08.734800,NO_ACTION,0.010884,0.887913,0.874135,Driver state stable,NONE,0,NO_ACTION,NORMAL,0.009435
2026-08-21T01:10:08.861974,NO_ACTION,0.009989,0.889160,0.875626,Driver state stable,NONE,0,NO_ACTION,NORMAL,0.008657
2026-08-21T01:10:08.984389,NO_ACTION,0.009700,0.889952,0.876573,Driver state stable,NONE,0,NO_ACTION,NORMAL,0.008406
2026-08-21T01:10:09.124994,NO_ACTION,0.010798,0.890797,0.877583,Driver state stable,NONE,0,NO_ACTION,NORMAL,0.009356
2026-08-21T01:10:09.256844,NO_ACTION,0.011056,0.892243,0.879312,Driver state stable,NONE,0,NO_ACTION,NORMAL,0.009576
2026-08-21T01:10:09.393579,NO_ACTION,0.010108,0.893309,0.880587,Driver state stable,NONE,0,NO_ACTION,NORMAL,0.008754
2026-08-21T01:10:09.545585,NO_ACTION,0.009145,0.894072,0.881500,Driver state stable,NONE,0,NO_ACTION,NORMAL,0.007919
2026-08-21T01:10:09.677458,NO_ACTION,0.011260,0.895286,0.882950,Driver state stable,NONE,0,NO_ACTION,NORMAL,0.009748
2026-08-21T01:10:09.803429,NO_ACTION,0.012039,0.896360,0.884235,Driver state stable,NONE,0,NO_ACTION,NORMAL,0.010420
2026-08-21T01:10:09.940092,NO_ACTION,0.012680,0.896824,0.884789,Driver state stable,NONE,0,NO_ACTION,NORMAL,0.010975
2026-08-21T01:10:10.066821,NO_ACTION,0.011571,0.896554,0.884466,Driver state stable,NONE,0,NO_ACTION,NORMAL,0.010015
2026-08-21T01:10:10.196746,NO_ACTION,0.011491,0.896471,0.884367,Driver state stable,NONE,0,NO_ACTION,NORMAL,0.009946
2026-08-21T01:10:10.331641,NO_ACTION,0.011832,0.896800,0.884761,Driver state stable,NONE,0,NO_ACTION,NORMAL,0.010241
2026-08-21T01:10:10.465055,NO_ACTION,0.010283,0.897117,0.885140,Driver state stable,NONE,0,NO_ACTION,NORMAL,0.008899
2026-08-21T01:10:10.596156,NO_ACTION,0.011474,0.895870,0.883649,Driver state stable,NONE,0,NO_ACTION,NORMAL,0.009933
2026-08-21T01:10:10.730826,NO_ACTION,0.010719,0.895273,0.882935,Driver state stable,NONE,0,NO_ACTION,NORMAL,0.009280
2026-08-21T01:10:10.890174,NO_ACTION,0.010729,0.895036,0.882651,Driver state stable,NONE,0,NO_ACTION,NORMAL,0.009289
2026-08-21T01:10:11.026156,NO_ACTION,0.009885,0.896197,0.884040,Driver state stable,NONE,0,NO_ACTION,NORMAL,0.008556
2026-08-21T01:10:11.162352,NO_ACTION,0.011025,0.897913,0.886092,Driver state stable,NONE,0,NO_ACTION,NORMAL,0.009540
2026-08-21T01:10:11.301008,NO_ACTION,0.010958,0.898823,0.887180,Driver state stable,NONE,0,NO_ACTION,NORMAL,0.009481
2026-08-21T01:10:11.443025,NO_ACTION,0.011046,0.901547,0.890437,Driver state stable,NONE,0,NO_ACTION,NORMAL,0.009552
2026-08-21T01:10:11.571771,NO_ACTION,0.012019,0.900504,0.889189,Driver state stable,NONE,0,NO_ACTION,NORMAL,0.010396
2026-08-21T01:10:11.703018,NO_ACTION,0.011172,0.903129,0.892328,Driver state stable,NONE,0,NO_ACTION,NORMAL,0.009659
2026-08-21T01:10:11.840425,NO_ACTION,0.011402,0.904386,0.893831,Driver state stable,NONE,0,NO_ACTION,NORMAL,0.009855
2026-08-21T01:10:11.978719,NO_ACTION,0.011063,0.905062,0.894640,Driver state stable,NONE,0,NO_ACTION,NORMAL,0.009561
2026-08-21T01:10:12.109080,NO_ACTION,0.010173,0.902623,0.891724,Driver state stable,NONE,0,NO_ACTION,NORMAL,0.008795
2026-08-21T01:10:12.274182,NO_ACTION,0.011233,0.903649,0.892949,Driver state stable,NONE,0,NO_ACTION,NORMAL,0.009710
2026-08-21T01:10:12.407708,NO_ACTION,0.011370,0.902622,0.891722,Driver state stable,NONE,0,NO_ACTION,NORMAL,0.009830
2026-08-21T01:10:12.548564,NO_ACTION,0.010376,0.904859,0.894396,Driver state stable,NONE,0,NO_ACTION,NORMAL,0.008967
2026-08-21T01:10:12.681467,NO_ACTION,0.011013,0.903520,0.892796,Driver state stable,NONE,0,NO_ACTION,NORMAL,0.009520
2026-08-21T01:10:12.809061,NO_ACTION,0.011143,0.905963,0.895717,Driver state stable,NONE,0,NO_ACTION,NORMAL,0.009629
2026-08-21T01:10:12.944129,NO_ACTION,0.011383,0.908553,0.898813,Driver state stable,NONE,0,NO_ACTION,NORMAL,0.009831
2026-08-21T01:10:13.067696,NO_ACTION,0.010338,0.913147,0.904306,Driver state stable,NONE,0,NO_ACTION,NORMAL,0.008922
2026-08-21T01:10:13.202531,NO_ACTION,0.011424,0.914604,0.906049,Driver state stable,NONE,0,NO_ACTION,NORMAL,0.009857
2026-08-21T01:10:13.341410,NO_ACTION,0.010879,0.912652,0.903714,Driver state stable,NONE,0,NO_ACTION,NORMAL,0.009390
2026-08-21T01:10:13.481954,NO_ACTION,0.010641,0.911000,0.901739,Driver state stable,NONE,0,NO_ACTION,NORMAL,0.009187
2026-08-21T01:10:13.644950,NO_ACTION,0.011078,0.908893,0.899220,Driver state stable,NONE,0,NO_ACTION,NORMAL,0.009568
2026-08-21T01:10:13.783701,NO_ACTION,0.010778,0.911718,0.902598,Driver state stable,NONE,0,NO_ACTION,NORMAL,0.009304
2026-08-21T01:10:13.915420,NO_ACTION,0.010755,0.915569,0.907202,Driver state stable,NONE,0,NO_ACTION,NORMAL,0.009279
2026-08-21T01:10:14.050475,NO_ACTION,0.010992,0.912059,0.903006,Driver state stable,NONE,0,NO_ACTION,NORMAL,0.009489
2026-08-21T01:10:14.177683,NO_ACTION,0.011059,0.910235,0.900824,Driver state stable,NONE,0,NO_ACTION,NORMAL,0.009549
2026-08-21T01:10:14.313177,NO_ACTION,0.011928,0.910202,0.900785,Driver state stable,NONE,0,NO_ACTION,NORMAL,0.010300
2026-08-21T01:10:14.451463,NO_ACTION,0.010734,0.912580,0.903628,Driver state stable,NONE,0,NO_ACTION,NORMAL,0.009265
2026-08-21T01:10:14.583625,NO_ACTION,0.011262,0.914234,0.905606,Driver state stable,NONE,0,NO_ACTION,NORMAL,0.009718
2026-08-21T01:10:14.714884,NO_ACTION,0.010953,0.911039,0.901786,Driver state stable,NONE,0,NO_ACTION,NORMAL,0.009456
2026-08-21T01:10:14.851140,NO_ACTION,0.010736,0.907373,0.897403,Driver state stable,NONE,0,NO_ACTION,NORMAL,0.009274
2026-08-21T01:10:15.003759,NO_ACTION,0.011052,0.905791,0.895512,Driver state stable,NONE,0,NO_ACTION,NORMAL,0.009551
2026-08-21T01:10:15.140092,NO_ACTION,0.011487,0.905158,0.894754,Driver state stable,NONE,0,NO_ACTION,NORMAL,0.009927
2026-08-21T01:10:15.271136,NO_ACTION,0.011206,0.907286,0.897298,Driver state stable,NONE,0,NO_ACTION,NORMAL,0.009681
2026-08-21T01:10:15.412568,NO_ACTION,0.010818,0.905174,0.894774,Driver state stable,NONE,0,NO_ACTION,NORMAL,0.009349
2026-08-21T01:10:15.546111,NO_ACTION,0.010840,0.906797,0.896714,Driver state stable,NONE,0,NO_ACTION,NORMAL,0.009366
2026-08-21T01:10:15.675522,NO_ACTION,0.011065,0.907942,0.898083,Driver state stable,NONE,0,NO_ACTION,NORMAL,0.009558
2026-08-21T01:10:15.804143,NO_ACTION,0.010783,0.908696,0.898984,Driver state stable,NONE,0,NO_ACTION,NORMAL,0.009313
2026-08-21T01:10:15.934848,NO_ACTION,0.011007,0.913671,0.904933,Driver state stable,NONE,0,NO_ACTION,NORMAL,0.009499
2026-08-21T01:10:16.065064,NO_ACTION,0.010166,0.916417,0.908216,Driver state stable,NONE,0,NO_ACTION,NORMAL,0.008769
2026-08-21T01:10:16.197654,NO_ACTION,0.010403,0.913891,0.905196,Driver state stable,NONE,0,NO_ACTION,NORMAL,0.008977
2026-08-21T01:10:16.359122,NO_ACTION,0.010304,0.915661,0.907312,Driver state stable,NONE,0,NO_ACTION,NORMAL,0.008889
2026-08-21T01:10:16.499508,NO_ACTION,0.010170,0.912535,0.903574,Driver state stable,NONE,0,NO_ACTION,NORMAL,0.008778
2026-08-21T01:10:16.637907,NO_ACTION,0.009858,0.915078,0.906615,Driver state stable,NONE,0,NO_ACTION,NORMAL,0.008505
2026-08-21T01:10:16.778514,NO_ACTION,0.011137,0.911885,0.902797,Driver state stable,NONE,0,NO_ACTION,NORMAL,0.009614
2026-08-21T01:10:16.909943,NO_ACTION,0.010570,0.915147,0.906698,Driver state stable,NONE,0,NO_ACTION,NORMAL,0.009120
2026-08-21T01:10:17.043252,NO_ACTION,0.010695,0.915606,0.907247,Driver state stable,NONE,0,NO_ACTION,NORMAL,0.009226
2026-08-21T01:10:17.169644,NO_ACTION,0.010927,0.919542,0.911953,Driver state stable,NONE,0,NO_ACTION,NORMAL,0.009421
2026-08-21T01:10:17.308036,NO_ACTION,0.010453,0.922361,0.915323,Driver state stable,NONE,0,NO_ACTION,NORMAL,0.009008
2026-08-21T01:10:17.447160,NO_ACTION,0.010891,0.918382,0.910566,Driver state stable,NONE,0,NO_ACTION,NORMAL,0.009392
2026-08-21T01:10:17.607050,NO_ACTION,0.010759,0.917478,0.909484,Driver state stable,NONE,0,NO_ACTION,NORMAL,0.009279
2026-08-21T01:10:17.762936,NO_ACTION,0.010592,0.920640,0.913266,Driver state stable,NONE,0,NO_ACTION,NORMAL,0.009131
2026-08-21T01:10:17.903997,NO_ACTION,0.010634,0.921321,0.914079,Driver state stable,NONE,0,NO_ACTION,NORMAL,0.009165
2026-08-21T01:10:18.033124,NO_ACTION,0.010390,0.923984,0.917264,Driver state stable,NONE,0,NO_ACTION,NORMAL,0.008952
2026-08-21T01:10:18.172064,NO_ACTION,0.011478,0.919124,0.911453,Driver state stable,NONE,0,NO_ACTION,NORMAL,0.009896
2026-08-21T01:10:18.306055,NO_ACTION,0.010421,0.918623,0.910854,Driver state stable,NONE,0,NO_ACTION,NORMAL,0.008986
2026-08-21T01:10:18.435362,NO_ACTION,0.010677,0.917656,0.909697,Driver state stable,NONE,0,NO_ACTION,NORMAL,0.009208
2026-08-21T01:10:18.573847,NO_ACTION,0.010110,0.920591,0.913207,Driver state stable,NONE,0,NO_ACTION,NORMAL,0.008715
2026-08-21T01:10:18.708789,NO_ACTION,0.038462,0.925878,0.919528,Driver state stable,NONE,0,NO_ACTION,NORMAL,0.031614
2026-08-21T01:10:18.835750,NO_ACTION,0.010973,0.926133,0.919833,Driver state stable,NONE,0,NO_ACTION,NORMAL,0.009450
2026-08-21T01:10:18.965011,NO_ACTION,0.010060,0.925661,0.919269,Driver state stable,NONE,0,NO_ACTION,NORMAL,0.008665
2026-08-21T01:10:19.119617,NO_ACTION,0.010484,0.925988,0.919660,Driver state stable,NONE,0,NO_ACTION,NORMAL,0.009030
2026-08-21T01:10:19.251968,NO_ACTION,0.010429,0.926900,0.920750,Driver state stable,NONE,0,NO_ACTION,NORMAL,0.008981
2026-08-21T01:10:19.385134,NO_ACTION,0.010128,0.927156,0.921056,Driver state stable,NONE,0,NO_ACTION,NORMAL,0.008722
2026-08-21T01:10:19.517702,NO_ACTION,0.010128,0.927411,0.921361,Driver state stable,NONE,0,NO_ACTION,NORMAL,0.008722
2026-08-21T01:10:19.652481,NO_ACTION,0.011018,0.927667,0.921667,Driver state stable,NONE,0,NO_ACTION,NORMAL,0.009487
2026-08-21T01:10:19.785475,NO_ACTION,0.010067,0.927922,0.921972,Driver state stable,NONE,0,NO_ACTION,NORMAL,0.008668
2026-08-21T01:10:19.919693,NO_ACTION,0.010298,0.928178,0.922278,Driver state stable,NONE,0,NO_ACTION,NORMAL,0.008867
2026-08-21T01:10:20.050812,NO_ACTION,0.010206,0.928433,0.922583,Driver state stable,NONE,0,NO_ACTION,NORMAL,0.008787
2026-08-21T01:10:20.184206,NO_ACTION,0.011007,0.928689,0.922889,Driver state stable,NONE,0,NO_ACTION,NORMAL,0.009476
2026-08-21T01:10:20.311488,NO_ACTION,0.010459,0.928944,0.923194,Driver state stable,NONE,0,NO_ACTION,NORMAL,0.009004
2026-08-21T01:10:20.473969,NO_ACTION,0.010787,0.929200,0.923500,Driver state stable,NONE,0,NO_ACTION,NORMAL,0.009286
2026-08-21T01:10:20.610558,NO_ACTION,0.010554,0.929456,0.923806,Driver state stable,NONE,0,NO_ACTION,NORMAL,0.009085
2026-08-21T01:10:20.748495,NO_ACTION,0.009772,0.929711,0.924111,Driver state stable,NONE,0,NO_ACTION,NORMAL,0.008411
2026-08-21T01:10:20.885642,NO_ACTION,0.009390,0.929967,0.924417,Driver state stable,NONE,0,NO_ACTION,NORMAL,0.008082
2026-08-21T01:10:21.012672,NO_ACTION,0.010055,0.930222,0.924722,Driver state stable,NONE,0,NO_ACTION,NORMAL,0.008655
2026-08-21T01:10:21.153641,NO_ACTION,0.010154,0.930478,0.925028,Driver state stable,NONE,0,NO_ACTION,NORMAL,0.008739
2026-08-21T01:10:21.274278,NO_ACTION,0.010344,0.930565,0.925132,Driver state stable,NONE,0,NO_ACTION,NORMAL,0.008903
2026-08-21T01:10:21.411038,NO_ACTION,0.010019,0.930989,0.925639,Driver state stable,NONE,0,NO_ACTION,NORMAL,0.008623
2026-08-21T01:10:21.541898,NO_ACTION,0.010410,0.931081,0.925749,Driver state stable,NONE,0,NO_ACTION,NORMAL,0.008959
2026-08-21T01:10:21.674086,NO_ACTION,0.010711,0.931500,0.926250,Driver state stable,NONE,0,NO_ACTION,NORMAL,0.009217
2026-08-21T01:10:21.831487,NO_ACTION,0.010517,0.931756,0.926556,Driver state stable,NONE,0,NO_ACTION,NORMAL,0.009050
2026-08-21T01:10:21.967930,NO_ACTION,0.010108,0.932011,0.926861,Driver state stable,NONE,0,NO_ACTION,NORMAL,0.008698
2026-08-21T01:10:22.101429,NO_ACTION,0.010077,0.932267,0.927167,Driver state stable,NONE,0,NO_ACTION,NORMAL,0.008670
2026-08-21T01:10:22.234061,NO_ACTION,0.010290,0.932522,0.927472,Driver state stable,NONE,0,NO_ACTION,NORMAL,0.008854
2026-08-21T01:10:22.371592,NO_ACTION,0.010016,0.932778,0.927778,Driver state stable,NONE,0,NO_ACTION,NORMAL,0.008618
2026-08-21T01:10:22.501055,NO_ACTION,0.010256,0.933033,0.928083,Driver state stable,NONE,0,NO_ACTION,NORMAL,0.008824
2026-08-21T01:10:22.625445,NO_ACTION,0.010681,0.933289,0.928389,Driver state stable,NONE,0,NO_ACTION,NORMAL,0.009189
2026-08-21T01:10:22.757326,NO_ACTION,0.010284,0.933544,0.928694,Driver state stable,NONE,0,NO_ACTION,NORMAL,0.008847
2026-08-21T01:10:22.897941,NO_ACTION,0.010098,0.933800,0.929000,Driver state stable,NONE,0,NO_ACTION,NORMAL,0.008687
2026-08-21T01:10:23.033418,NO_ACTION,0.009838,0.934056,0.929306,Driver state stable,NONE,0,NO_ACTION,NORMAL,0.008463
2026-08-21T01:10:23.189680,NO_ACTION,0.011002,0.934311,0.929611,Driver state stable,NONE,0,NO_ACTION,NORMAL,0.009464
2026-08-21T01:10:23.324185,NO_ACTION,0.010357,0.934567,0.929917,Driver state stable,NONE,0,NO_ACTION,NORMAL,0.008909
2026-08-21T01:10:23.459871,NO_ACTION,0.010780,0.934822,0.930222,Driver state stable,NONE,0,NO_ACTION,NORMAL,0.009273
2026-08-21T01:10:23.592404,NO_ACTION,0.010924,0.935078,0.930528,Driver state stable,NONE,0,NO_ACTION,NORMAL,0.009395
2026-08-21T01:10:23.714926,NO_ACTION,0.011593,0.935333,0.930833,Driver state stable,NONE,0,NO_ACTION,NORMAL,0.009971
2026-08-21T01:10:23.850747,NO_ACTION,0.011507,0.935589,0.931139,Driver state stable,NONE,0,NO_ACTION,NORMAL,0.009896
2026-08-21T01:10:23.984246,NO_ACTION,0.012076,0.935844,0.931444,Driver state stable,NONE,0,NO_ACTION,NORMAL,0.010385
2026-08-21T01:10:24.119676,NO_ACTION,0.011403,0.936100,0.931750,Driver state stable,NONE,0,NO_ACTION,NORMAL,0.009806
2026-08-21T01:10:24.245501,NO_ACTION,0.011508,0.936356,0.932056,Driver state stable,NONE,0,NO_ACTION,NORMAL,0.009896
2026-08-21T01:10:24.379512,NO_ACTION,0.012192,0.936611,0.932361,Driver state stable,NONE,0,NO_ACTION,NORMAL,0.010484
2026-08-21T01:10:24.540528,NO_ACTION,0.012895,0.936867,0.932667,Driver state stable,NONE,0,NO_ACTION,NORMAL,0.010955
2026-08-21T01:10:24.675562,NO_ACTION,0.012167,0.937122,0.932972,Driver state stable,NONE,0,NO_ACTION,NORMAL,0.010462
2026-08-21T01:10:24.805699,NO_ACTION,0.013637,0.937378,0.933278,Driver state stable,NONE,0,NO_ACTION,NORMAL,0.011726
2026-08-21T01:10:24.947154,NO_ACTION,0.014706,0.937633,0.933583,Driver state stable,NONE,0,NO_ACTION,NORMAL,0.012644
2026-08-21T01:10:25.088990,NO_ACTION,0.013612,0.937889,0.933889,Driver state stable,NONE,0,NO_ACTION,NORMAL,0.011703
2026-08-21T01:10:25.217890,NO_ACTION,0.015027,0.938144,0.934194,Driver state stable,NONE,0,NO_ACTION,NORMAL,0.012919
2026-08-21T01:10:25.348720,NO_ACTION,0.013966,0.938400,0.934500,Driver state stable,NONE,0,NO_ACTION,NORMAL,0.012006
2026-08-21T01:10:25.479485,NO_ACTION,0.014105,0.938656,0.934806,Driver state stable,NONE,0,NO_ACTION,NORMAL,0.012125
2026-08-21T01:10:25.609669,NO_ACTION,0.013391,0.938911,0.935111,Driver state stable,NONE,0,NO_ACTION,NORMAL,0.011511
2026-08-21T01:10:25.741438,NO_ACTION,0.046128,0.939167,0.935417,Driver state stable,NONE,0,NO_ACTION,NORMAL,0.038852
2026-08-21T01:10:25.892462,NO_ACTION,0.030652,0.939422,0.935722,Driver state stable,NONE,0,NO_ACTION,NORMAL,0.026270
2026-08-21T01:10:26.032570,NO_ACTION,0.051321,0.939678,0.936028,Driver state stable,NONE,0,NO_ACTION,NORMAL,0.043049
2026-08-21T01:10:26.164065,NO_ACTION,0.036562,0.939933,0.936333,Driver state stable,NONE,0,NO_ACTION,NORMAL,0.031054
2026-08-21T01:10:26.293224,NO_ACTION,0.042227,0.940189,0.936639,Driver state stable,NONE,0,NO_ACTION,NORMAL,0.035635
2026-08-21T01:10:26.423527,NO_ACTION,0.038981,0.940444,0.936944,Driver state stable,NONE,0,NO_ACTION,NORMAL,0.033158
2026-08-21T01:10:26.567463,NO_ACTION,0.050532,0.940700,0.937250,Driver state stable,NONE,0,NO_ACTION,NORMAL,0.042732
2026-08-21T01:10:26.703945,NO_ACTION,0.050888,0.940956,0.937556,Driver state stable,NONE,0,NO_ACTION,NORMAL,0.043182
2026-08-21T01:10:26.838985,NO_ACTION,0.043386,0.941211,0.937861,Driver state stable,NONE,0,NO_ACTION,NORMAL,0.037283
2026-08-21T01:10:26.977617,NO_ACTION,0.046636,0.941467,0.938167,Driver state stable,NONE,0,NO_ACTION,NORMAL,0.040074
2026-08-21T01:10:27.109402,NO_ACTION,0.050917,0.941722,0.938472,Driver state stable,NONE,0,NO_ACTION,NORMAL,0.043752
2026-08-21T01:10:27.267550,NO_ACTION,0.015331,0.941978,0.938778,Driver state stable,NONE,0,NO_ACTION,NORMAL,0.013173
2026-08-21T01:10:27.403087,NO_ACTION,0.014937,0.942233,0.939083,Driver state stable,NONE,0,NO_ACTION,NORMAL,0.012834
2026-08-21T01:10:27.532009,NO_ACTION,0.013418,0.942489,0.939389,Driver state stable,NONE,0,NO_ACTION,NORMAL,0.011528
2026-08-21T01:10:27.672541,NO_ACTION,0.020973,0.942744,0.939694,Driver state stable,NONE,0,NO_ACTION,NORMAL,0.017652
2026-08-21T01:10:27.800873,NO_ACTION,0.013583,0.943000,0.940000,Driver state stable,NONE,0,NO_ACTION,NORMAL,0.011669
2026-08-21T01:10:27.932469,NO_ACTION,0.013420,0.943000,0.940000,Driver state stable,NONE,0,NO_ACTION,NORMAL,0.011529
2026-08-21T01:10:28.069088,NO_ACTION,0.014139,0.943000,0.940000,Driver state stable,NONE,0,NO_ACTION,NORMAL,0.012147
2026-08-21T01:10:28.207601,NO_ACTION,0.013218,0.943000,0.940000,Driver state stable,NONE,0,NO_ACTION,NORMAL,0.011356
2026-08-21T01:10:28.337152,NO_ACTION,0.013857,0.943000,0.940000,Driver state stable,NONE,0,NO_ACTION,NORMAL,0.011905
2026-08-21T01:10:28.472636,NO_ACTION,0.013368,0.943000,0.940000,Driver state stable,NONE,0,NO_ACTION,NORMAL,0.011484
2026-08-21T01:10:28.626370,NO_ACTION,0.014002,0.943000,0.940000,Driver state stable,NONE,0,NO_ACTION,NORMAL,0.012030
2026-08-21T01:10:28.759531,NO_ACTION,0.013558,0.943000,0.940000,Driver state stable,NONE,0,NO_ACTION,NORMAL,0.011648
2026-08-21T01:10:28.889992,NO_ACTION,0.013599,0.943000,0.940000,Driver state stable,NONE,0,NO_ACTION,NORMAL,0.011683
2026-08-21T01:10:29.027628,NO_ACTION,0.013270,0.941783,0.938544,Driver state stable,NONE,0,NO_ACTION,NORMAL,0.011402
2026-08-21T01:10:29.164466,NO_ACTION,0.013625,0.942392,0.939274,Driver state stable,NONE,0,NO_ACTION,NORMAL,0.011706
2026-08-21T01:10:29.304344,NO_ACTION,0.014304,0.941212,0.937862,Driver state stable,NONE,0,NO_ACTION,NORMAL,0.012292
2026-08-21T01:10:29.435433,NO_ACTION,0.013816,0.940569,0.937093,Driver state stable,NONE,0,NO_ACTION,NORMAL,0.011874
2026-08-21T01:10:29.565497,NO_ACTION,0.013695,0.939567,0.935895,Driver state stable,NONE,0,NO_ACTION,NORMAL,0.011772
2026-08-21T01:10:29.698103,NO_ACTION,0.013431,0.938411,0.934513,Driver state stable,NONE,0,NO_ACTION,NORMAL,0.011546
2026-08-21T01:10:29.827530,NO_ACTION,0.013776,0.937911,0.933916,Driver state stable,NONE,0,NO_ACTION,NORMAL,0.011844
2026-08-21T01:10:29.979729,NO_ACTION,0.013856,0.937886,0.933886,Driver state stable,NONE,0,NO_ACTION,NORMAL,0.011913
2026-08-21T01:10:30.113428,NO_ACTION,0.013627,0.938483,0.934599,Driver state stable,NONE,0,NO_ACTION,NORMAL,0.011715
2026-08-21T01:10:30.249029,NO_ACTION,0.013472,0.936243,0.931921,Driver state stable,NONE,0,NO_ACTION,NORMAL,0.011585
2026-08-21T01:10:30.385956,NO_ACTION,0.013867,0.937979,0.933997,Driver state stable,NONE,0,NO_ACTION,NORMAL,0.011922
2026-08-21T01:10:30.513818,NO_ACTION,0.014877,0.936338,0.932034,Driver state stable,NONE,0,NO_ACTION,NORMAL,0.012794
2026-08-21T01:10:30.647626,NO_ACTION,0.013238,0.935600,0.931152,Driver state stable,NONE,0,NO_ACTION,NORMAL,0.011385
2026-08-21T01:10:30.777639,NO_ACTION,0.013733,0.935698,0.931269,Driver state stable,NONE,0,NO_ACTION,NORMAL,0.011811
2026-08-21T01:10:30.913978,NO_ACTION,0.013775,0.935941,0.931560,Driver state stable,NONE,0,NO_ACTION,NORMAL,0.011846
2026-08-21T01:10:31.043935,NO_ACTION,0.013724,0.935932,0.931550,Driver state stable,NONE,0,NO_ACTION,NORMAL,0.011803
2026-08-21T01:10:31.171606,NO_ACTION,0.014584,0.935717,0.931293,Driver state stable,NONE,0,NO_ACTION,NORMAL,0.012543
2026-08-21T01:10:31.339912,NO_ACTION,0.013824,0.935018,0.930456,Driver state stable,NONE,0,NO_ACTION,NORMAL,0.011890
2026-08-21T01:10:31.480609,NO_ACTION,0.014107,0.935606,0.931160,Driver state stable,NONE,0,NO_ACTION,NORMAL,0.012132
2026-08-21T01:10:31.612996,NO_ACTION,0.070775,0.937418,0.933326,Driver state stable,NONE,0,NO_ACTION,NORMAL,0.057982
2026-08-21T01:10:31.755311,NO_ACTION,0.013336,0.942198,0.939041,Driver state stable,NONE,0,NO_ACTION,NORMAL,0.011465
2026-08-21T01:10:31.881857,NO_ACTION,0.013133,0.943000,0.940000,Driver state stable,NONE,0,NO_ACTION,NORMAL,0.011289
2026-08-21T01:10:32.011954,NO_ACTION,0.012417,0.943000,0.940000,Driver state stable,NONE,0,NO_ACTION,NORMAL,0.010674
2026-08-21T01:10:32.144195,NO_ACTION,0.008399,0.943000,0.940000,Driver state stable,NONE,0,NO_ACTION,NORMAL,0.007220
2026-08-21T01:10:32.277858,NO_ACTION,0.007049,0.943000,0.940000,Driver state stable,NONE,0,NO_ACTION,NORMAL,0.006059
2026-08-21T01:10:32.411564,NO_ACTION,0.009311,0.940895,0.937483,Driver state stable,NONE,0,NO_ACTION,NORMAL,0.008006
2026-08-21T01:10:32.544981,NO_ACTION,0.007868,0.941382,0.938065,Driver state stable,NONE,0,NO_ACTION,NORMAL,0.006765
2026-08-21T01:10:32.712451,NO_ACTION,0.006670,0.935525,0.931063,Driver state stable,NONE,0,NO_ACTION,NORMAL,0.005740
2026-08-21T01:10:32.847260,NO_ACTION,0.009813,0.933660,0.928833,Driver state stable,NONE,0,NO_ACTION,NORMAL,0.008447
2026-08-21T01:10:32.979814,NO_ACTION,0.010034,0.933074,0.928132,Driver state stable,NONE,0,NO_ACTION,NORMAL,0.008638
2026-08-21T01:10:33.110978,NO_ACTION,0.006943,0.943000,0.940000,Driver state stable,NONE,0,NO_ACTION,NORMAL,0.005969
2026-08-21T01:10:33.244920,NO_ACTION,0.014117,0.943000,0.940000,Driver state stable,NONE,0,NO_ACTION,NORMAL,0.012135
2026-08-21T01:10:33.389581,NO_ACTION,0.015103,0.943000,0.940000,Driver state stable,NONE,0,NO_ACTION,NORMAL,0.012983
2026-08-21T01:10:33.516073,NO_ACTION,0.010161,0.943000,0.940000,Driver state stable,NONE,0,NO_ACTION,NORMAL,0.008734
2026-08-21T01:10:33.648574,NO_ACTION,0.010702,0.943000,0.940000,Driver state stable,NONE,0,NO_ACTION,NORMAL,0.009200
2026-08-21T01:10:33.779137,NO_ACTION,0.010525,0.918612,0.910840,Driver state stable,NONE,0,NO_ACTION,NORMAL,0.009081
2026-08-21T01:10:33.917962,NO_ACTION,0.058205,0.914693,0.906155,Driver state stable,NONE,0,NO_ACTION,NORMAL,0.088368
2026-08-21T01:10:34.082470,NO_ACTION,0.025607,0.915836,0.907522,Driver state stable,NONE,0,NO_ACTION,NORMAL,0.034088
2026-08-21T01:10:34.212570,NO_ACTION,0.024960,0.916852,0.908736,Driver state stable,NONE,0,NO_ACTION,NORMAL,0.033534
2026-08-21T01:32:20.680190,NO_ACTION,0.020174,0.379296,0.558506,Driver state stable,NONE,0,NO_ACTION,NORMAL,0.017509
2026-08-21T01:32:20.758959,NO_ACTION,0.019422,0.431991,0.589011,Driver state stable,NONE,0,NO_ACTION,NORMAL,0.016866
2026-08-21T01:32:20.807841,NO_ACTION,0.018077,0.484687,0.619517,Driver state stable,NONE,0,NO_ACTION,NORMAL,0.015708
2026-08-21T01:32:20.848084,NO_ACTION,0.012216,0.537382,0.650022,Driver state stable,NONE,0,NO_ACTION,NORMAL,0.010621
2026-08-21T01:32:20.890868,NO_ACTION,0.008719,0.590078,0.680528,Driver state stable,NONE,0,NO_ACTION,NORMAL,0.007585
2026-08-21T01:32:20.934423,NO_ACTION,0.020700,0.614273,0.706033,Driver state stable,NONE,0,NO_ACTION,NORMAL,0.017582
2026-08-21T01:32:20.983618,NO_ACTION,0.111338,0.638469,0.731539,Driver state stable,NONE,0,NO_ACTION,NORMAL,0.093108
2026-08-21T01:32:21.023477,ADVISORY,0.202884,0.662664,0.757044,multimodal fatigue risk,ADVISORY,1,VISUAL_ADVISORY,NORMAL,0.170499
2026-08-21T01:32:21.084247,NO_ACTION,0.142094,0.686860,0.782550,Driver state stable,NONE,0,NO_ACTION,NORMAL,0.119808
2026-08-21T01:32:21.124905,NO_ACTION,0.045827,0.853556,0.833056,Driver state stable,NONE,0,NO_ACTION,NORMAL,0.038876
2026-08-21T01:32:21.657660,NO_ACTION,0.042712,0.853811,0.833361,Driver state stable,NONE,0,NO_ACTION,NORMAL,0.036365
2026-08-21T01:32:21.768452,NO_ACTION,0.042697,0.854067,0.833667,Driver state stable,NONE,0,NO_ACTION,NORMAL,0.036526
2026-08-21T01:32:21.880732,NO_ACTION,0.014506,0.854322,0.833972,Driver state stable,NONE,0,NO_ACTION,NORMAL,0.012047
2026-08-21T01:32:21.997112,NO_ACTION,0.012632,0.854578,0.834278,Driver state stable,NONE,0,NO_ACTION,NORMAL,0.010537
2026-08-21T01:32:22.113019,NO_ACTION,0.008259,0.854833,0.834583,Driver state stable,NONE,0,NO_ACTION,NORMAL,0.006828
2026-08-21T01:32:22.225471,NO_ACTION,0.007705,0.855089,0.834889,Driver state stable,NONE,0,NO_ACTION,NORMAL,0.006440
2026-08-21T01:32:22.382502,NO_ACTION,0.009247,0.855344,0.835194,Driver state stable,NONE,0,NO_ACTION,NORMAL,0.007872
2026-08-21T01:32:22.499489,NO_ACTION,0.006244,0.855600,0.835500,Driver state stable,NONE,0,NO_ACTION,NORMAL,0.005324
2026-08-21T01:32:22.621003,NO_ACTION,0.003504,0.855856,0.835806,Driver state stable,NONE,0,NO_ACTION,NORMAL,0.002999
2026-08-21T01:32:22.735240,NO_ACTION,0.004243,0.856111,0.836111,Driver state stable,NONE,0,NO_ACTION,NORMAL,0.003705
2026-08-21T01:32:22.858161,NO_ACTION,0.005443,0.856367,0.836417,Driver state stable,NONE,0,NO_ACTION,NORMAL,0.004752
2026-08-21T01:32:22.971836,NO_ACTION,0.005732,0.856622,0.836722,Driver state stable,NONE,0,NO_ACTION,NORMAL,0.005005
2026-08-21T01:32:23.100099,NO_ACTION,0.007832,0.856878,0.837028,Driver state stable,NONE,0,NO_ACTION,NORMAL,0.006838
2026-08-21T01:32:23.220809,NO_ACTION,0.006318,0.857133,0.837333,Driver state stable,NONE,0,NO_ACTION,NORMAL,0.005515
2026-08-21T01:32:23.338413,NO_ACTION,0.006385,0.857389,0.837639,Driver state stable,NONE,0,NO_ACTION,NORMAL,0.005574
2026-08-21T01:32:23.451452,NO_ACTION,0.007350,0.857644,0.837944,Driver state stable,NONE,0,NO_ACTION,NORMAL,0.006415
2026-08-21T01:32:23.568274,NO_ACTION,0.006421,0.857900,0.838250,Driver state stable,NONE,0,NO_ACTION,NORMAL,0.005605
2026-08-21T01:32:23.685550,NO_ACTION,0.007070,0.858156,0.838556,Driver state stable,NONE,0,NO_ACTION,NORMAL,0.006171
2026-08-21T01:32:23.831039,NO_ACTION,0.006361,0.858411,0.838861,Driver state stable,NONE,0,NO_ACTION,NORMAL,0.005552
2026-08-21T01:32:23.943592,NO_ACTION,0.006374,0.866862,0.848966,Driver state stable,NONE,0,NO_ACTION,NORMAL,0.005553
2026-08-21T01:32:24.063231,NO_ACTION,0.004404,0.867648,0.849905,Driver state stable,NONE,0,NO_ACTION,NORMAL,0.003836
2026-08-21T01:32:24.183436,NO_ACTION,0.005816,0.868429,0.850839,Driver state stable,NONE,0,NO_ACTION,NORMAL,0.005064
2026-08-21T01:32:24.301026,NO_ACTION,0.005050,0.869596,0.852234,Driver state stable,NONE,0,NO_ACTION,NORMAL,0.004397
2026-08-21T01:32:24.410872,NO_ACTION,0.004330,0.870201,0.852958,Driver state stable,NONE,0,NO_ACTION,NORMAL,0.003769
2026-08-21T01:32:24.542399,NO_ACTION,0.002574,0.870716,0.853573,Driver state stable,NONE,0,NO_ACTION,NORMAL,0.002240
2026-08-21T01:32:24.668802,NO_ACTION,0.004346,0.871820,0.854893,Driver state stable,NONE,0,NO_ACTION,NORMAL,0.003782
2026-08-21T01:32:24.795387,NO_ACTION,0.004748,0.873061,0.856378,Driver state stable,NONE,0,NO_ACTION,NORMAL,0.004131
2026-08-21T01:32:24.911959,NO_ACTION,0.003784,0.873903,0.857385,Driver state stable,NONE,0,NO_ACTION,NORMAL,0.003292
2026-08-21T01:32:25.034685,NO_ACTION,0.006363,0.874378,0.857952,Driver state stable,NONE,0,NO_ACTION,NORMAL,0.005534
2026-08-21T01:32:25.151889,NO_ACTION,0.004304,0.875030,0.858732,Driver state stable,NONE,0,NO_ACTION,NORMAL,0.003743
2026-08-21T01:32:25.300332,NO_ACTION,0.003916,0.875613,0.859428,Driver state stable,NONE,0,NO_ACTION,NORMAL,0.003405
2026-08-21T01:32:25.448481,NO_ACTION,0.004724,0.876770,0.860812,Driver state stable,NONE,0,NO_ACTION,NORMAL,0.004107
2026-08-21T01:32:25.571445,NO_ACTION,0.004835,0.877371,0.861530,Driver state stable,NONE,0,NO_ACTION,NORMAL,0.004202
2026-08-21T01:32:25.699507,NO_ACTION,0.004813,0.878009,0.862293,Driver state stable,NONE,0,NO_ACTION,NORMAL,0.004183
2026-08-21T01:32:25.819445,NO_ACTION,0.004754,0.878546,0.862935,Driver state stable,NONE,0,NO_ACTION,NORMAL,0.004131
2026-08-21T01:32:25.931901,NO_ACTION,0.004536,0.879383,0.863937,Driver state stable,NONE,0,NO_ACTION,NORMAL,0.003941
2026-08-21T01:32:26.048162,NO_ACTION,0.004929,0.880018,0.864696,Driver state stable,NONE,0,NO_ACTION,NORMAL,0.004282
2026-08-21T01:32:26.160181,NO_ACTION,0.004638,0.880476,0.865244,Driver state stable,NONE,0,NO_ACTION,NORMAL,0.004029
2026-08-21T01:32:26.288189,NO_ACTION,0.003275,0.879967,0.864635,Driver state stable,NONE,0,NO_ACTION,NORMAL,0.002846
2026-08-21T01:32:26.399466,NO_ACTION,0.002721,0.880405,0.865158,Driver state stable,NONE,0,NO_ACTION,NORMAL,0.002364
2026-08-21T01:32:26.519330,NO_ACTION,0.003217,0.881135,0.866031,Driver state stable,NONE,0,NO_ACTION,NORMAL,0.002794
2026-08-21T01:32:26.631284,NO_ACTION,0.003984,0.881872,0.866913,Driver state stable,NONE,0,NO_ACTION,NORMAL,0.003460
2026-08-21T01:32:26.789762,NO_ACTION,0.004216,0.882709,0.867913,Driver state stable,NONE,0,NO_ACTION,NORMAL,0.003661
2026-08-21T01:32:26.906443,NO_ACTION,0.004889,0.883667,0.869059,Driver state stable,NONE,0,NO_ACTION,NORMAL,0.004244
2026-08-21T01:32:27.023478,NO_ACTION,0.006273,0.885553,0.871313,Driver state stable,NONE,0,NO_ACTION,NORMAL,0.005444
2026-08-21T01:32:27.140683,NO_ACTION,0.004071,0.885595,0.871363,Driver state stable,NONE,0,NO_ACTION,NORMAL,0.003533
2026-08-21T01:32:27.294813,NO_ACTION,0.003340,0.885554,0.871315,Driver state stable,NONE,0,NO_ACTION,NORMAL,0.002898
2026-08-21T01:32:27.439734,NO_ACTION,0.002842,0.885555,0.871316,Driver state stable,NONE,0,NO_ACTION,NORMAL,0.002467
2026-08-21T01:32:27.571815,NO_ACTION,0.004177,0.886109,0.871978,Driver state stable,NONE,0,NO_ACTION,NORMAL,0.003625
2026-08-21T01:32:27.733846,NO_ACTION,0.008544,0.886652,0.872628,Driver state stable,NONE,0,NO_ACTION,NORMAL,0.007413
2026-08-21T01:32:27.879985,NO_ACTION,0.005998,0.887109,0.873174,Driver state stable,NONE,0,NO_ACTION,NORMAL,0.005203
2026-08-21T01:32:28.038145,NO_ACTION,0.007219,0.887618,0.873782,Driver state stable,NONE,0,NO_ACTION,NORMAL,0.006262
2026-08-21T01:32:28.152644,NO_ACTION,0.007315,0.888358,0.874667,Driver state stable,NONE,0,NO_ACTION,NORMAL,0.006345
2026-08-21T01:32:28.263944,NO_ACTION,0.006948,0.889243,0.875726,Driver state stable,NONE,0,NO_ACTION,NORMAL,0.006025
2026-08-21T01:32:28.391165,NO_ACTION,0.009213,0.889765,0.876349,Driver state stable,NONE,0,NO_ACTION,NORMAL,0.007989
2026-08-21T01:32:28.499483,NO_ACTION,0.008608,0.890192,0.876860,Driver state stable,NONE,0,NO_ACTION,NORMAL,0.007463
2026-08-21T01:32:28.615817,NO_ACTION,0.008832,0.890931,0.877743,Driver state stable,NONE,0,NO_ACTION,NORMAL,0.007657
2026-08-21T01:32:28.729211,NO_ACTION,0.009217,0.891270,0.878149,Driver state stable,NONE,0,NO_ACTION,NORMAL,0.007990
2026-08-21T01:32:28.843082,NO_ACTION,0.008009,0.891446,0.878360,Driver state stable,NONE,0,NO_ACTION,NORMAL,0.006942
2026-08-21T01:32:28.949532,NO_ACTION,0.008450,0.891666,0.878622,Driver state stable,NONE,0,NO_ACTION,NORMAL,0.007324
2026-08-21T01:32:29.064504,NO_ACTION,0.007854,0.892197,0.879257,Driver state stable,NONE,0,NO_ACTION,NORMAL,0.006807
2026-08-21T01:32:29.172346,NO_ACTION,0.009114,0.892093,0.879133,Driver state stable,NONE,0,NO_ACTION,NORMAL,0.007900
2026-08-21T01:32:29.288232,NO_ACTION,0.008246,0.892245,0.879314,Driver state stable,NONE,0,NO_ACTION,NORMAL,0.007147
2026-08-21T01:32:29.413879,NO_ACTION,0.008222,0.892169,0.879224,Driver state stable,NONE,0,NO_ACTION,NORMAL,0.007126
2026-08-21T01:32:29.552623,NO_ACTION,0.008153,0.892953,0.880161,Driver state stable,NONE,0,NO_ACTION,NORMAL,0.007065
2026-08-21T01:32:29.661858,NO_ACTION,0.008523,0.893025,0.880247,Driver state stable,NONE,0,NO_ACTION,NORMAL,0.007386
2026-08-21T01:32:29.777289,NO_ACTION,0.007494,0.893140,0.880385,Driver state stable,NONE,0,NO_ACTION,NORMAL,0.006494
2026-08-21T01:32:29.890103,NO_ACTION,0.007870,0.893194,0.880449,Driver state stable,NONE,0,NO_ACTION,NORMAL,0.006820
2026-08-21T01:32:30.001236,NO_ACTION,0.006806,0.894117,0.881553,Driver state stable,NONE,0,NO_ACTION,NORMAL,0.005897
2026-08-21T01:32:30.110654,NO_ACTION,0.006591,0.893635,0.880977,Driver state stable,NONE,0,NO_ACTION,NORMAL,0.005711
2026-08-21T01:32:30.240340,NO_ACTION,0.006259,0.893771,0.881139,Driver state stable,NONE,0,NO_ACTION,NORMAL,0.005423
2026-08-21T01:32:30.354076,NO_ACTION,0.008354,0.893295,0.880570,Driver state stable,NONE,0,NO_ACTION,NORMAL,0.007239
2026-08-21T01:32:30.476129,NO_ACTION,0.005888,0.893798,0.881172,Driver state stable,NONE,0,NO_ACTION,NORMAL,0.005102
2026-08-21T01:32:30.599664,NO_ACTION,0.005475,0.893999,0.881412,Driver state stable,NONE,0,NO_ACTION,NORMAL,0.004744
2026-08-21T01:32:30.719004,NO_ACTION,0.007811,0.893434,0.880736,Driver state stable,NONE,0,NO_ACTION,NORMAL,0.006769
2026-08-21T01:32:30.832213,NO_ACTION,0.005646,0.893486,0.880799,Driver state stable,NONE,0,NO_ACTION,NORMAL,0.004892
2026-08-21T01:32:30.973651,NO_ACTION,0.004508,0.893847,0.881230,Driver state stable,NONE,0,NO_ACTION,NORMAL,0.003906
2026-08-21T01:32:31.096974,NO_ACTION,0.004732,0.894731,0.882287,Driver state stable,NONE,0,NO_ACTION,NORMAL,0.004100
2026-08-21T01:32:31.227875,NO_ACTION,0.005262,0.894486,0.881994,Driver state stable,NONE,0,NO_ACTION,NORMAL,0.004559
2026-08-21T01:32:31.353169,NO_ACTION,0.005600,0.895150,0.882789,Driver state stable,NONE,0,NO_ACTION,NORMAL,0.004851
2026-08-21T01:32:31.477998,NO_ACTION,0.004225,0.895318,0.882989,Driver state stable,NONE,0,NO_ACTION,NORMAL,0.003660
2026-08-21T01:32:31.597093,NO_ACTION,0.003298,0.895615,0.883344,Driver state stable,NONE,0,NO_ACTION,NORMAL,0.002857
2026-08-21T01:32:31.737358,NO_ACTION,0.003165,0.896551,0.884463,Driver state stable,NONE,0,NO_ACTION,NORMAL,0.002741
2026-08-21T01:32:31.859600,NO_ACTION,0.003731,0.896767,0.884721,Driver state stable,NONE,0,NO_ACTION,NORMAL,0.003231
2026-08-21T01:32:31.984621,NO_ACTION,0.002111,0.896496,0.884398,Driver state stable,NONE,0,NO_ACTION,NORMAL,0.001829
2026-08-21T01:32:32.107535,NO_ACTION,0.001882,0.896534,0.884443,Driver state stable,NONE,0,NO_ACTION,NORMAL,0.001630
2026-08-21T01:32:32.231881,NO_ACTION,0.002684,0.896979,0.884975,Driver state stable,NONE,0,NO_ACTION,NORMAL,0.002325
2026-08-21T01:32:32.358273,NO_ACTION,0.004008,0.897542,0.885648,Driver state stable,NONE,0,NO_ACTION,NORMAL,0.003471
2026-08-21T01:32:32.489643,NO_ACTION,0.006022,0.898141,0.886364,Driver state stable,NONE,0,NO_ACTION,NORMAL,0.005213
2026-08-21T01:32:32.659738,NO_ACTION,0.003734,0.898147,0.886371,Driver state stable,NONE,0,NO_ACTION,NORMAL,0.003233
2026-08-21T01:32:32.799823,NO_ACTION,0.002788,0.899227,0.887662,Driver state stable,NONE,0,NO_ACTION,NORMAL,0.002414
2026-08-21T01:32:32.920624,NO_ACTION,0.003459,0.899309,0.887761,Driver state stable,NONE,0,NO_ACTION,NORMAL,0.002994
2026-08-21T01:32:33.043018,NO_ACTION,0.002322,0.900243,0.888877,Driver state stable,NONE,0,NO_ACTION,NORMAL,0.002010
2026-08-21T01:32:33.171954,NO_ACTION,0.005520,0.900385,0.889047,Driver state stable,NONE,0,NO_ACTION,NORMAL,0.004777
2026-08-21T01:32:33.298664,NO_ACTION,0.004250,0.900889,0.889649,Driver state stable,NONE,0,NO_ACTION,NORMAL,0.003678
2026-08-21T01:32:33.422980,NO_ACTION,0.003075,0.902493,0.891568,Driver state stable,NONE,0,NO_ACTION,NORMAL,0.002660
2026-08-21T01:32:33.554292,NO_ACTION,0.005798,0.902395,0.891450,Driver state stable,NONE,0,NO_ACTION,NORMAL,0.005016
2026-08-21T01:32:33.724465,NO_ACTION,0.007371,0.902549,0.891635,Driver state stable,NONE,0,NO_ACTION,NORMAL,0.006377
2026-08-21T01:32:33.885025,NO_ACTION,0.007413,0.902681,0.891793,Driver state stable,NONE,0,NO_ACTION,NORMAL,0.006413
2026-08-21T01:32:34.010100,NO_ACTION,0.007289,0.903670,0.892975,Driver state stable,NONE,0,NO_ACTION,NORMAL,0.006304
2026-08-21T01:32:34.137817,NO_ACTION,0.008961,0.904689,0.894193,Driver state stable,NONE,0,NO_ACTION,NORMAL,0.007750
2026-08-21T01:32:34.256242,NO_ACTION,0.009066,0.905113,0.894700,Driver state stable,NONE,0,NO_ACTION,NORMAL,0.007840
2026-08-21T01:32:34.392161,NO_ACTION,0.008440,0.905583,0.895262,Driver state stable,NONE,0,NO_ACTION,NORMAL,0.007297
2026-08-21T01:32:34.547214,NO_ACTION,0.008601,0.905674,0.895372,Driver state stable,NONE,0,NO_ACTION,NORMAL,0.007437
2026-08-21T01:32:34.708296,NO_ACTION,0.009065,0.906796,0.896712,Driver state stable,NONE,0,NO_ACTION,NORMAL,0.007837
2026-08-21T01:32:34.872094,NO_ACTION,0.008105,0.907883,0.898012,Driver state stable,NONE,0,NO_ACTION,NORMAL,0.007005
2026-08-21T01:32:35.045948,NO_ACTION,0.008145,0.907987,0.898137,Driver state stable,NONE,0,NO_ACTION,NORMAL,0.007040
2026-08-21T01:32:35.168174,NO_ACTION,0.009858,0.907603,0.897677,Driver state stable,NONE,0,NO_ACTION,NORMAL,0.008521
2026-08-21T01:32:35.322412,NO_ACTION,0.008031,0.908616,0.898889,Driver state stable,NONE,0,NO_ACTION,NORMAL,0.006941
2026-08-21T01:32:35.452193,NO_ACTION,0.007664,0.909586,0.900048,Driver state stable,NONE,0,NO_ACTION,NORMAL,0.006622
2026-08-21T01:32:35.667816,NO_ACTION,0.007958,0.909375,0.899796,Driver state stable,NONE,0,NO_ACTION,NORMAL,0.006876
2026-08-21T01:32:35.834955,NO_ACTION,0.005628,0.912695,0.903766,Driver state stable,NONE,0,NO_ACTION,NORMAL,0.004860
2026-08-21T01:32:35.991970,NO_ACTION,0.008149,0.912847,0.903947,Driver state stable,NONE,0,NO_ACTION,NORMAL,0.007037
2026-08-21T01:32:36.160624,NO_ACTION,0.007821,0.913111,0.904263,Driver state stable,NONE,0,NO_ACTION,NORMAL,0.006754
2026-08-21T01:32:36.345743,NO_ACTION,0.003286,0.914957,0.906470,Driver state stable,NONE,0,NO_ACTION,NORMAL,0.002836
2026-08-21T01:32:36.528300,NO_ACTION,0.002374,0.908748,0.899047,Driver state stable,NONE,0,NO_ACTION,NORMAL,0.002052
2026-08-21T01:32:36.805036,NO_ACTION,0.004174,0.908454,0.898695,Driver state stable,NONE,0,NO_ACTION,NORMAL,0.003607
2026-08-21T01:32:37.013356,NO_ACTION,0.006480,0.909562,0.900019,Driver state stable,NONE,0,NO_ACTION,NORMAL,0.005600
2026-08-21T01:32:37.178198,NO_ACTION,0.007773,0.909488,0.899931,Driver state stable,NONE,0,NO_ACTION,NORMAL,0.006716
2026-08-21T01:32:37.397255,NO_ACTION,0.010536,0.907834,0.897953,Driver state stable,NONE,0,NO_ACTION,NORMAL,0.009107
2026-08-21T01:32:37.514155,NO_ACTION,0.011212,0.908638,0.898915,Driver state stable,NONE,0,NO_ACTION,NORMAL,0.009690
2026-08-21T01:32:37.653665,NO_ACTION,0.016746,0.905811,0.895535,Driver state stable,NONE,0,NO_ACTION,NORMAL,0.014479
2026-08-21T01:32:37.788169,NO_ACTION,0.012347,0.903361,0.892606,Driver state stable,NONE,0,NO_ACTION,NORMAL,0.010680
2026-08-21T01:32:37.919268,NO_ACTION,0.020086,0.910951,0.901680,Driver state stable,NONE,0,NO_ACTION,NORMAL,0.017352
2026-08-21T01:32:38.031943,NO_ACTION,0.006928,0.931500,0.926250,Driver state stable,NONE,0,NO_ACTION,NORMAL,0.005965
2026-08-21T01:32:38.138231,NO_ACTION,0.007777,0.914880,0.906378,Driver state stable,NONE,0,NO_ACTION,NORMAL,0.006714
2026-08-21T01:32:38.246186,NO_ACTION,0.007907,0.929490,0.923847,Driver state stable,NONE,0,NO_ACTION,NORMAL,0.006811
2026-08-21T01:32:38.352181,NO_ACTION,0.008451,0.931199,0.925890,Driver state stable,NONE,0,NO_ACTION,NORMAL,0.007277
2026-08-21T01:32:38.463193,NO_ACTION,0.005766,0.932522,0.927472,Driver state stable,NONE,0,NO_ACTION,NORMAL,0.004964
2026-08-21T01:32:38.568065,NO_ACTION,0.007782,0.932778,0.927778,Driver state stable,NONE,0,NO_ACTION,NORMAL,0.006700
2026-08-21T01:32:38.674627,NO_ACTION,0.007812,0.933033,0.928083,Driver state stable,NONE,0,NO_ACTION,NORMAL,0.006725
2026-08-21T01:37:00.084078,NO_ACTION,0.017392,0.379296,0.558506,Driver state stable,NONE,0,NO_ACTION,NORMAL,0.015094
2026-08-21T01:37:00.178989,NO_ACTION,0.014745,0.431991,0.589011,Driver state stable,NONE,0,NO_ACTION,NORMAL,0.012804
2026-08-21T01:37:00.278962,NO_ACTION,0.011922,0.484687,0.619517,Driver state stable,NONE,0,NO_ACTION,NORMAL,0.010359
2026-08-21T01:37:00.332355,NO_ACTION,0.014773,0.537382,0.650022,Driver state stable,NONE,0,NO_ACTION,NORMAL,0.012844
2026-08-21T01:37:00.381515,NO_ACTION,0.013394,0.590078,0.680528,Driver state stable,NONE,0,NO_ACTION,NORMAL,0.011652
2026-08-21T01:37:00.429268,NO_ACTION,0.013686,0.614273,0.706033,Driver state stable,NONE,0,NO_ACTION,NORMAL,0.011913
2026-08-21T01:37:00.479258,NO_ACTION,0.013542,0.638469,0.731539,Driver state stable,NONE,0,NO_ACTION,NORMAL,0.011794
2026-08-21T01:37:00.529819,NO_ACTION,0.010244,0.662664,0.757044,Driver state stable,NONE,0,NO_ACTION,NORMAL,0.008927
2026-08-21T01:37:00.603194,NO_ACTION,0.014422,0.686860,0.782550,Driver state stable,NONE,0,NO_ACTION,NORMAL,0.012574
2026-08-21T01:37:00.657439,NO_ACTION,0.008510,0.853556,0.833056,Driver state stable,NONE,0,NO_ACTION,NORMAL,0.007431
2026-08-21T01:37:01.271182,NO_ACTION,0.010805,0.853811,0.833361,Driver state stable,NONE,0,NO_ACTION,NORMAL,0.009434
2026-08-21T01:37:01.389847,NO_ACTION,0.011661,0.854067,0.833667,Driver state stable,NONE,0,NO_ACTION,NORMAL,0.010181
2026-08-21T01:37:01.504082,NO_ACTION,0.011701,0.854322,0.833972,Driver state stable,NONE,0,NO_ACTION,NORMAL,0.010215
2026-08-21T01:37:01.614225,NO_ACTION,0.010640,0.854578,0.834278,Driver state stable,NONE,0,NO_ACTION,NORMAL,0.009288
2026-08-21T01:37:01.726159,NO_ACTION,0.008891,0.854833,0.834583,Driver state stable,NONE,0,NO_ACTION,NORMAL,0.007761
2026-08-21T01:37:01.834633,NO_ACTION,0.010954,0.855089,0.834889,Driver state stable,NONE,0,NO_ACTION,NORMAL,0.009561
2026-08-21T01:37:01.944210,NO_ACTION,0.011674,0.855344,0.835194,Driver state stable,NONE,0,NO_ACTION,NORMAL,0.010190
2026-08-21T01:37:02.055774,NO_ACTION,0.009250,0.855600,0.835500,Driver state stable,NONE,0,NO_ACTION,NORMAL,0.008073
2026-08-21T01:37:02.166139,NO_ACTION,0.007996,0.855856,0.835806,Driver state stable,NONE,0,NO_ACTION,NORMAL,0.006978
2026-08-21T01:37:02.273959,NO_ACTION,0.007835,0.856111,0.836111,Driver state stable,NONE,0,NO_ACTION,NORMAL,0.006838
2026-08-21T01:37:02.384353,NO_ACTION,0.005986,0.856367,0.836417,Driver state stable,NONE,0,NO_ACTION,NORMAL,0.005223
2026-08-21T01:37:02.489700,NO_ACTION,0.005767,0.856622,0.836722,Driver state stable,NONE,0,NO_ACTION,NORMAL,0.005032
2026-08-21T01:37:02.601867,NO_ACTION,0.006807,0.856878,0.837028,Driver state stable,NONE,0,NO_ACTION,NORMAL,0.005939
2026-08-21T01:37:02.710965,NO_ACTION,0.006817,0.857133,0.837333,Driver state stable,NONE,0,NO_ACTION,NORMAL,0.005947
2026-08-21T01:37:02.847668,NO_ACTION,0.008965,0.857389,0.837639,Driver state stable,NONE,0,NO_ACTION,NORMAL,0.007822
2026-08-21T01:37:02.974834,NO_ACTION,0.008159,0.857644,0.837944,Driver state stable,NONE,0,NO_ACTION,NORMAL,0.007117
2026-08-21T01:37:03.098229,NO_ACTION,0.009168,0.857900,0.838250,Driver state stable,NONE,0,NO_ACTION,NORMAL,0.007997
2026-08-21T01:37:03.202489,NO_ACTION,0.008839,0.858156,0.838556,Driver state stable,NONE,0,NO_ACTION,NORMAL,0.007710
2026-08-21T01:37:03.306768,NO_ACTION,0.009766,0.858411,0.838861,Driver state stable,NONE,0,NO_ACTION,NORMAL,0.008518
2026-08-21T01:37:03.410526,NO_ACTION,0.009372,0.890427,0.877141,Driver state stable,NONE,0,NO_ACTION,NORMAL,0.008121
2026-08-21T01:37:03.518769,NO_ACTION,0.010731,0.886426,0.872357,Driver state stable,NONE,0,NO_ACTION,NORMAL,0.009305
2026-08-21T01:37:03.629256,NO_ACTION,0.010479,0.890394,0.877102,Driver state stable,NONE,0,NO_ACTION,NORMAL,0.009080
2026-08-21T01:37:03.747422,NO_ACTION,0.010331,0.891040,0.877874,Driver state stable,NONE,0,NO_ACTION,NORMAL,0.008951
2026-08-21T01:37:03.859720,NO_ACTION,0.010546,0.889725,0.876301,Driver state stable,NONE,0,NO_ACTION,NORMAL,0.009139
2026-08-21T01:37:03.979206,NO_ACTION,0.010043,0.890603,0.877351,Driver state stable,NONE,0,NO_ACTION,NORMAL,0.008702
2026-08-21T01:37:04.100822,NO_ACTION,0.009238,0.894265,0.881729,Driver state stable,NONE,0,NO_ACTION,NORMAL,0.007999
2026-08-21T01:37:04.215476,NO_ACTION,0.009528,0.898098,0.886312,Driver state stable,NONE,0,NO_ACTION,NORMAL,0.008244
2026-08-21T01:37:04.330948,NO_ACTION,0.009838,0.898353,0.886618,Driver state stable,NONE,0,NO_ACTION,NORMAL,0.008512
2026-08-21T01:37:04.443774,NO_ACTION,0.009962,0.898676,0.887004,Driver state stable,NONE,0,NO_ACTION,NORMAL,0.008619
2026-08-21T01:37:04.555971,NO_ACTION,0.009358,0.900298,0.888943,Driver state stable,NONE,0,NO_ACTION,NORMAL,0.008094
2026-08-21T01:37:04.693837,NO_ACTION,0.007790,0.902407,0.891465,Driver state stable,NONE,0,NO_ACTION,NORMAL,0.006736
2026-08-21T01:37:04.838691,NO_ACTION,0.007838,0.903584,0.892872,Driver state stable,NONE,0,NO_ACTION,NORMAL,0.006775
2026-08-21T01:37:05.025037,NO_ACTION,0.007592,0.904903,0.894449,Driver state stable,NONE,0,NO_ACTION,NORMAL,0.006562
2026-08-21T01:37:05.158689,NO_ACTION,0.007102,0.906302,0.896122,Driver state stable,NONE,0,NO_ACTION,NORMAL,0.006137
2026-08-21T01:37:05.278494,NO_ACTION,0.008022,0.907245,0.897249,Driver state stable,NONE,0,NO_ACTION,NORMAL,0.006930
2026-08-21T01:37:05.394245,NO_ACTION,0.007718,0.908270,0.898475,Driver state stable,NONE,0,NO_ACTION,NORMAL,0.006667
2026-08-21T01:37:05.509979,NO_ACTION,0.007931,0.909011,0.899361,Driver state stable,NONE,0,NO_ACTION,NORMAL,0.006850
2026-08-21T01:37:05.626231,NO_ACTION,0.009894,0.909267,0.899667,Driver state stable,NONE,0,NO_ACTION,NORMAL,0.008545
2026-08-21T01:37:05.744158,NO_ACTION,0.099507,0.909522,0.899972,Driver state stable,NONE,0,NO_ACTION,NORMAL,0.081962
2026-08-21T01:37:05.860533,NO_ACTION,0.099466,0.909778,0.900278,Driver state stable,NONE,0,NO_ACTION,NORMAL,0.081925
2026-08-21T01:37:05.986717,NO_ACTION,0.098982,0.910033,0.900583,Driver state stable,NONE,0,NO_ACTION,NORMAL,0.081506
2026-08-21T01:37:06.105486,NO_ACTION,0.098287,0.910289,0.900889,Driver state stable,NONE,0,NO_ACTION,NORMAL,0.080906
2026-08-21T01:37:06.228560,NO_ACTION,0.097541,0.910544,0.901194,Driver state stable,NONE,0,NO_ACTION,NORMAL,0.080261
2026-08-21T01:37:06.374842,NO_ACTION,0.100804,0.910800,0.901500,Driver state stable,NONE,0,NO_ACTION,NORMAL,0.082967
2026-08-21T01:37:06.492032,NO_ACTION,0.106791,0.911056,0.901806,Driver state stable,NONE,0,NO_ACTION,NORMAL,0.087975
2026-08-21T01:37:06.611867,NO_ACTION,0.113974,0.911311,0.902111,Driver state stable,NONE,0,NO_ACTION,NORMAL,0.094022
2026-08-21T01:37:06.734825,NO_ACTION,0.120585,0.911567,0.902417,Driver state stable,NONE,0,NO_ACTION,NORMAL,0.099579
2026-08-21T01:37:06.845639,NO_ACTION,0.125319,0.911822,0.902722,Driver state stable,NONE,0,NO_ACTION,NORMAL,0.103521
2026-08-21T01:37:06.969420,NO_ACTION,0.132344,0.912078,0.903028,Driver state stable,NONE,0,NO_ACTION,NORMAL,0.109446
2026-08-21T01:37:07.125888,NO_ACTION,0.138825,0.912333,0.903333,Driver state stable,NONE,0,NO_ACTION,NORMAL,0.114905
2026-08-21T01:37:07.248008,NO_ACTION,0.177904,0.912589,0.903639,Driver state stable,NONE,0,NO_ACTION,NORMAL,0.146764
2026-08-21T01:37:08.229413,ADVISORY,0.229066,0.912844,0.903944,multimodal fatigue risk,ADVISORY,1,VISUAL_ADVISORY,NORMAL,0.189659
2026-08-21T01:37:08.350955,NO_ACTION,0.120365,0.913100,0.904250,Driver state stable,NONE,0,NO_ACTION,NORMAL,0.101756
2026-08-21T01:37:08.486886,NO_ACTION,0.124232,0.913356,0.904556,Driver state stable,NONE,0,NO_ACTION,NORMAL,0.105122
2026-08-21T01:37:08.596594,NO_ACTION,0.125397,0.913611,0.904861,Driver state stable,NONE,0,NO_ACTION,NORMAL,0.106157
2026-08-21T01:37:08.708245,NO_ACTION,0.128765,0.913867,0.905167,Driver state stable,NONE,0,NO_ACTION,NORMAL,0.109090
2026-08-21T01:37:08.817053,NO_ACTION,0.044965,0.914122,0.905472,Driver state stable,NONE,0,NO_ACTION,NORMAL,0.036872
2026-08-21T01:37:08.923943,NO_ACTION,0.044027,0.914378,0.905778,Driver state stable,NONE,0,NO_ACTION,NORMAL,0.036093
2026-08-21T01:37:09.031814,NO_ACTION,0.044124,0.914633,0.906083,Driver state stable,NONE,0,NO_ACTION,NORMAL,0.036205
2026-08-21T01:37:09.137218,NO_ACTION,0.043832,0.914889,0.906389,Driver state stable,NONE,0,NO_ACTION,NORMAL,0.035982
2026-08-21T01:37:09.246806,NO_ACTION,0.042819,0.915144,0.906694,Driver state stable,NONE,0,NO_ACTION,NORMAL,0.035137
2026-08-21T01:37:09.351725,NO_ACTION,0.042729,0.915400,0.907000,Driver state stable,NONE,0,NO_ACTION,NORMAL,0.035086
2026-08-21T01:37:09.467792,NO_ACTION,0.041157,0.915656,0.907306,Driver state stable,NONE,0,NO_ACTION,NORMAL,0.033757
2026-08-21T01:37:09.574269,NO_ACTION,0.041420,0.915911,0.907611,Driver state stable,NONE,0,NO_ACTION,NORMAL,0.034009
2026-08-21T01:37:09.713806,NO_ACTION,0.040484,0.916167,0.907917,Driver state stable,NONE,0,NO_ACTION,NORMAL,0.033227
2026-08-21T01:37:09.820906,NO_ACTION,0.039480,0.916422,0.908222,Driver state stable,NONE,0,NO_ACTION,NORMAL,0.032385
2026-08-21T01:37:09.928019,NO_ACTION,0.039626,0.916678,0.908528,Driver state stable,NONE,0,NO_ACTION,NORMAL,0.032535
2026-08-21T01:37:10.034460,NO_ACTION,0.038966,0.916933,0.908833,Driver state stable,NONE,0,NO_ACTION,NORMAL,0.031988
2026-08-21T01:37:10.141719,NO_ACTION,0.038038,0.917189,0.909139,Driver state stable,NONE,0,NO_ACTION,NORMAL,0.031211
2026-08-21T01:37:10.247258,NO_ACTION,0.038035,0.917444,0.909444,Driver state stable,NONE,0,NO_ACTION,NORMAL,0.031230
2026-08-21T01:37:10.356284,NO_ACTION,0.037141,0.917700,0.909750,Driver state stable,NONE,0,NO_ACTION,NORMAL,0.030480
2026-08-21T01:37:10.467887,NO_ACTION,0.110983,0.917956,0.910056,Driver state stable,NONE,0,NO_ACTION,NORMAL,0.090332
2026-08-21T01:37:10.575885,NO_ACTION,0.022020,0.918211,0.910361,Driver state stable,NONE,0,NO_ACTION,NORMAL,0.018223
2026-08-21T01:37:10.680325,NO_ACTION,0.023132,0.918467,0.910667,Driver state stable,NONE,0,NO_ACTION,NORMAL,0.019203
2026-08-21T01:37:10.789599,NO_ACTION,0.021455,0.918722,0.910972,Driver state stable,NONE,0,NO_ACTION,NORMAL,0.017776
2026-08-21T01:37:10.920509,NO_ACTION,0.022228,0.918978,0.911278,Driver state stable,NONE,0,NO_ACTION,NORMAL,0.018462
2026-08-21T01:37:11.029249,NO_ACTION,0.020717,0.919233,0.911583,Driver state stable,NONE,0,NO_ACTION,NORMAL,0.017178
2026-08-21T01:37:11.134300,NO_ACTION,0.020986,0.919489,0.911889,Driver state stable,NONE,0,NO_ACTION,NORMAL,0.017428
2026-08-21T01:37:11.240691,NO_ACTION,0.020540,0.919744,0.912194,Driver state stable,NONE,0,NO_ACTION,NORMAL,0.017061
2026-08-21T01:37:11.347752,NO_ACTION,0.020428,0.920000,0.912500,Driver state stable,NONE,0,NO_ACTION,NORMAL,0.016983
2026-08-21T01:37:11.456814,NO_ACTION,0.019487,0.920256,0.912806,Driver state stable,NONE,0,NO_ACTION,NORMAL,0.016188
2026-08-21T01:37:11.564287,NO_ACTION,0.019942,0.920511,0.913111,Driver state stable,NONE,0,NO_ACTION,NORMAL,0.016597
2026-08-21T01:37:11.675290,NO_ACTION,0.019349,0.920767,0.913417,Driver state stable,NONE,0,NO_ACTION,NORMAL,0.016102
2026-08-21T01:37:11.784684,NO_ACTION,0.017997,0.921022,0.913722,Driver state stable,NONE,0,NO_ACTION,NORMAL,0.014952
2026-08-21T01:37:11.892019,NO_ACTION,0.018722,0.921278,0.914028,Driver state stable,NONE,0,NO_ACTION,NORMAL,0.015594
2026-08-21T01:37:11.996769,NO_ACTION,0.108524,0.921533,0.914333,Driver state stable,NONE,0,NO_ACTION,NORMAL,0.089137
2026-08-21T01:37:12.128816,NO_ACTION,0.033547,0.921789,0.914639,Driver state stable,NONE,0,NO_ACTION,NORMAL,0.028310
2026-08-21T01:37:12.233914,NO_ACTION,0.035155,0.922044,0.914944,Driver state stable,NONE,0,NO_ACTION,NORMAL,0.029712
2026-08-21T01:37:12.342151,NO_ACTION,0.034143,0.922300,0.915250,Driver state stable,NONE,0,NO_ACTION,NORMAL,0.028854
2026-08-21T01:37:12.446228,NO_ACTION,0.034269,0.922556,0.915556,Driver state stable,NONE,0,NO_ACTION,NORMAL,0.028978
2026-08-21T01:37:12.558568,NO_ACTION,0.018906,0.922811,0.915861,Driver state stable,NONE,0,NO_ACTION,NORMAL,0.015745
2026-08-21T01:37:12.661586,NO_ACTION,0.019167,0.923067,0.916167,Driver state stable,NONE,0,NO_ACTION,NORMAL,0.015985
2026-08-21T01:37:12.771061,NO_ACTION,0.019846,0.923322,0.916472,Driver state stable,NONE,0,NO_ACTION,NORMAL,0.016584
2026-08-21T01:37:12.876710,NO_ACTION,0.018617,0.923578,0.916778,Driver state stable,NONE,0,NO_ACTION,NORMAL,0.015539
2026-08-21T01:37:12.984107,NO_ACTION,0.018453,0.923833,0.917083,Driver state stable,NONE,0,NO_ACTION,NORMAL,0.015411
2026-08-21T01:37:13.089548,NO_ACTION,0.017303,0.924089,0.917389,Driver state stable,NONE,0,NO_ACTION,NORMAL,0.014433
2026-08-21T01:37:13.196867,NO_ACTION,0.015777,0.924344,0.917694,Driver state stable,NONE,0,NO_ACTION,NORMAL,0.013131
2026-08-21T01:37:13.324631,NO_ACTION,0.015502,0.924600,0.918000,Driver state stable,NONE,0,NO_ACTION,NORMAL,0.012906
2026-08-21T01:37:13.426697,NO_ACTION,0.062584,0.924856,0.918306,Driver state stable,NONE,0,NO_ACTION,NORMAL,0.057061
2026-08-21T01:37:13.531256,NO_ACTION,0.015838,0.925111,0.918611,Driver state stable,NONE,0,NO_ACTION,NORMAL,0.013262
2026-08-21T01:37:13.643945,NO_ACTION,0.061074,0.925367,0.918917,Driver state stable,NONE,0,NO_ACTION,NORMAL,0.055587
2026-08-21T01:37:13.749638,NO_ACTION,0.017188,0.925622,0.919222,Driver state stable,NONE,0,NO_ACTION,NORMAL,0.014498
2026-08-21T01:37:13.856717,NO_ACTION,0.062854,0.925878,0.919528,Driver state stable,NONE,0,NO_ACTION,NORMAL,0.057314
2026-08-21T01:37:13.959361,NO_ACTION,0.017284,0.926133,0.919833,Driver state stable,NONE,0,NO_ACTION,NORMAL,0.014661
2026-08-21T01:37:14.061899,NO_ACTION,0.064635,0.926389,0.920139,Driver state stable,NONE,0,NO_ACTION,NORMAL,0.059036
2026-08-21T01:37:14.166042,NO_ACTION,0.018319,0.926644,0.920444,Driver state stable,NONE,0,NO_ACTION,NORMAL,0.015640
2026-08-21T01:37:14.273277,NO_ACTION,0.017836,0.926900,0.920750,Driver state stable,NONE,0,NO_ACTION,NORMAL,0.015258
2026-08-21T01:37:14.377188,NO_ACTION,0.018804,0.927156,0.921056,Driver state stable,NONE,0,NO_ACTION,NORMAL,0.016123
2026-08-21T01:37:14.509670,NO_ACTION,0.018223,0.927411,0.921361,Driver state stable,NONE,0,NO_ACTION,NORMAL,0.015652
2026-08-21T01:37:14.619159,NO_ACTION,0.019923,0.927667,0.921667,Driver state stable,NONE,0,NO_ACTION,NORMAL,0.017143
2026-08-21T01:37:14.727336,NO_ACTION,0.019877,0.927922,0.921972,Driver state stable,NONE,0,NO_ACTION,NORMAL,0.017127
2026-08-21T01:37:14.836776,NO_ACTION,0.019658,0.928178,0.922278,Driver state stable,NONE,0,NO_ACTION,NORMAL,0.016961
2026-08-21T01:37:14.943948,NO_ACTION,0.017998,0.928433,0.922583,Driver state stable,NONE,0,NO_ACTION,NORMAL,0.015552
2026-08-21T01:37:15.048193,NO_ACTION,0.018640,0.928689,0.922889,Driver state stable,NONE,0,NO_ACTION,NORMAL,0.016124
2026-08-21T01:37:15.155579,NO_ACTION,0.019381,0.928944,0.923194,Driver state stable,NONE,0,NO_ACTION,NORMAL,0.016782
2026-08-21T01:37:15.256489,NO_ACTION,0.065352,0.929200,0.923500,Driver state stable,NONE,0,NO_ACTION,NORMAL,0.059963
2026-08-21T01:37:15.363750,NO_ACTION,0.018264,0.929456,0.923806,Driver state stable,NONE,0,NO_ACTION,NORMAL,0.015842
2026-08-21T01:37:15.461812,NO_ACTION,0.066895,0.929711,0.924111,Driver state stable,NONE,0,NO_ACTION,NORMAL,0.061383
2026-08-21T01:37:15.568087,NO_ACTION,0.063814,0.929967,0.924417,Driver state stable,NONE,0,NO_ACTION,NORMAL,0.058533
2026-08-21T01:37:15.707510,NO_ACTION,0.055334,0.930222,0.924722,Driver state stable,NONE,0,NO_ACTION,NORMAL,0.050662
2026-08-21T01:37:15.814171,NO_ACTION,0.062709,0.930478,0.925028,Driver state stable,NONE,0,NO_ACTION,NORMAL,0.057592
2026-08-21T01:37:15.918560,NO_ACTION,0.017036,0.930733,0.925333,Driver state stable,NONE,0,NO_ACTION,NORMAL,0.014833
2026-08-21T01:37:16.047945,NO_ACTION,0.057470,0.930989,0.925639,Driver state stable,NONE,0,NO_ACTION,NORMAL,0.052687
2026-08-21T01:37:16.164368,NO_ACTION,0.017768,0.931244,0.925944,Driver state stable,NONE,0,NO_ACTION,NORMAL,0.015499
2026-08-21T01:37:16.268361,NO_ACTION,0.086046,0.931500,0.926250,Driver state stable,NONE,0,NO_ACTION,NORMAL,0.079445
2026-08-21T01:37:16.369987,NO_ACTION,0.018055,0.931756,0.926556,Driver state stable,NONE,0,NO_ACTION,NORMAL,0.015762
2026-08-21T01:37:16.476372,NO_ACTION,0.017827,0.932011,0.926861,Driver state stable,NONE,0,NO_ACTION,NORMAL,0.015574
2026-08-21T01:37:16.580760,NO_ACTION,0.017190,0.932267,0.927167,Driver state stable,NONE,0,NO_ACTION,NORMAL,0.015032
2026-08-21T01:37:16.687801,NO_ACTION,0.016892,0.932522,0.927472,Driver state stable,NONE,0,NO_ACTION,NORMAL,0.014783
2026-08-21T01:37:16.801965,NO_ACTION,0.016846,0.932778,0.927778,Driver state stable,NONE,0,NO_ACTION,NORMAL,0.014751
2026-08-21T01:37:16.933261,NO_ACTION,0.016906,0.933033,0.928083,Driver state stable,NONE,0,NO_ACTION,NORMAL,0.014810
2026-08-21T01:37:17.041506,NO_ACTION,0.016935,0.933289,0.928389,Driver state stable,NONE,0,NO_ACTION,NORMAL,0.014842
2026-08-21T01:37:17.150941,NO_ACTION,0.016740,0.933544,0.928694,Driver state stable,NONE,0,NO_ACTION,NORMAL,0.014681
2026-08-21T01:37:17.257270,NO_ACTION,0.016177,0.933800,0.929000,Driver state stable,NONE,0,NO_ACTION,NORMAL,0.014203
2026-08-21T01:37:17.365468,NO_ACTION,0.015722,0.934056,0.929306,Driver state stable,NONE,0,NO_ACTION,NORMAL,0.013818
2026-08-21T01:37:17.469474,NO_ACTION,0.015638,0.934311,0.929611,Driver state stable,NONE,0,NO_ACTION,NORMAL,0.013753
2026-08-21T01:37:17.577503,NO_ACTION,0.015648,0.934567,0.929917,Driver state stable,NONE,0,NO_ACTION,NORMAL,0.013767
2026-08-21T01:37:17.677513,NO_ACTION,0.062658,0.934822,0.930222,Driver state stable,NONE,0,NO_ACTION,NORMAL,0.057848
2026-08-21T01:37:17.796147,NO_ACTION,0.015524,0.935078,0.930528,Driver state stable,NONE,0,NO_ACTION,NORMAL,0.013681
2026-08-21T01:37:17.901181,NO_ACTION,0.061337,0.935333,0.930833,Driver state stable,NONE,0,NO_ACTION,NORMAL,0.056602
2026-08-21T01:37:18.003728,NO_ACTION,0.061984,0.935589,0.931139,Driver state stable,NONE,0,NO_ACTION,NORMAL,0.057227
2026-08-21T01:37:18.137257,NO_ACTION,0.015401,0.935844,0.931444,Driver state stable,NONE,0,NO_ACTION,NORMAL,0.013601
2026-08-21T01:37:18.243186,NO_ACTION,0.061160,0.936100,0.931750,Driver state stable,NONE,0,NO_ACTION,NORMAL,0.056452
2026-08-21T01:37:18.342010,NO_ACTION,0.062697,0.936356,0.932056,Driver state stable,NONE,0,NO_ACTION,NORMAL,0.057958
2026-08-21T01:37:18.449043,NO_ACTION,0.015612,0.936611,0.932361,Driver state stable,NONE,0,NO_ACTION,NORMAL,0.013807
2026-08-21T01:37:18.546812,NO_ACTION,0.063269,0.936867,0.932667,Driver state stable,NONE,0,NO_ACTION,NORMAL,0.058492
2026-08-21T01:37:18.653207,NO_ACTION,0.015350,0.937122,0.932972,Driver state stable,NONE,0,NO_ACTION,NORMAL,0.013592
2026-08-21T01:37:18.758312,NO_ACTION,0.014883,0.937378,0.933278,Driver state stable,NONE,0,NO_ACTION,NORMAL,0.013196
2026-08-21T01:37:18.873342,NO_ACTION,0.014321,0.937633,0.933583,Driver state stable,NONE,0,NO_ACTION,NORMAL,0.012719
2026-08-21T01:37:18.976638,NO_ACTION,0.015500,0.937889,0.933889,Driver state stable,NONE,0,NO_ACTION,NORMAL,0.013740
2026-08-21T01:37:19.083995,NO_ACTION,0.015412,0.938144,0.934194,Driver state stable,NONE,0,NO_ACTION,NORMAL,0.013664
2026-08-21T01:37:19.188051,NO_ACTION,0.014598,0.938400,0.934500,Driver state stable,NONE,0,NO_ACTION,NORMAL,0.012963
2026-08-21T01:37:19.298118,NO_ACTION,0.015611,0.938656,0.934806,Driver state stable,NONE,0,NO_ACTION,NORMAL,0.013830
2026-08-21T01:37:19.425790,NO_ACTION,0.013845,0.938911,0.935111,Driver state stable,NONE,0,NO_ACTION,NORMAL,0.012306
2026-08-21T01:37:19.533963,NO_ACTION,0.012324,0.939167,0.935417,Driver state stable,NONE,0,NO_ACTION,NORMAL,0.010987
2026-08-21T01:37:19.637669,NO_ACTION,0.010332,0.939422,0.935722,Driver state stable,NONE,0,NO_ACTION,NORMAL,0.009262
2026-08-21T01:37:19.746142,NO_ACTION,0.010454,0.939678,0.936028,Driver state stable,NONE,0,NO_ACTION,NORMAL,0.009353
2026-08-21T01:37:19.858136,NO_ACTION,0.007660,0.939933,0.936333,Driver state stable,NONE,0,NO_ACTION,NORMAL,0.006936
2026-08-21T01:37:19.968007,NO_ACTION,0.006903,0.940189,0.936639,Driver state stable,NONE,0,NO_ACTION,NORMAL,0.006269
2026-08-21T01:37:20.074288,NO_ACTION,0.009369,0.940444,0.936944,Driver state stable,NONE,0,NO_ACTION,NORMAL,0.008372
2026-08-21T01:37:20.183974,NO_ACTION,0.008451,0.940700,0.937250,Driver state stable,NONE,0,NO_ACTION,NORMAL,0.007562
2026-08-21T01:37:20.287014,NO_ACTION,0.007434,0.940956,0.937556,Driver state stable,NONE,0,NO_ACTION,NORMAL,0.006666
2026-08-21T01:37:20.394584,NO_ACTION,0.009845,0.941211,0.937861,Driver state stable,NONE,0,NO_ACTION,NORMAL,0.008714
2026-08-21T01:37:20.499025,NO_ACTION,0.007480,0.941467,0.938167,Driver state stable,NONE,0,NO_ACTION,NORMAL,0.006651
2026-08-21T01:37:20.638000,NO_ACTION,0.006744,0.941722,0.938472,Driver state stable,NONE,0,NO_ACTION,NORMAL,0.005983
2026-08-21T01:37:20.739086,NO_ACTION,0.004746,0.941978,0.938778,Driver state stable,NONE,0,NO_ACTION,NORMAL,0.004241
2026-08-21T01:37:20.850612,NO_ACTION,0.004366,0.942233,0.939083,Driver state stable,NONE,0,NO_ACTION,NORMAL,0.003884
2026-08-21T01:37:20.963928,NO_ACTION,0.003340,0.942489,0.939389,Driver state stable,NONE,0,NO_ACTION,NORMAL,0.002984
2026-08-21T01:37:21.073086,NO_ACTION,0.004248,0.942744,0.939694,Driver state stable,NONE,0,NO_ACTION,NORMAL,0.003759
2026-08-21T01:37:21.179745,NO_ACTION,0.003746,0.943000,0.940000,Driver state stable,NONE,0,NO_ACTION,NORMAL,0.003328
2026-08-21T01:37:21.291776,NO_ACTION,0.003307,0.943000,0.940000,Driver state stable,NONE,0,NO_ACTION,NORMAL,0.002948
2026-08-21T01:37:21.400387,NO_ACTION,0.004219,0.943000,0.940000,Driver state stable,NONE,0,NO_ACTION,NORMAL,0.003730
2026-08-21T01:37:21.515543,NO_ACTION,0.005341,0.943000,0.940000,Driver state stable,NONE,0,NO_ACTION,NORMAL,0.004679
2026-08-21T01:37:21.622369,NO_ACTION,0.074050,0.943000,0.940000,Driver state stable,NONE,0,NO_ACTION,NORMAL,0.113150
2026-08-21T01:37:21.735788,NO_ACTION,0.074446,0.943000,0.940000,Driver state stable,NONE,0,NO_ACTION,NORMAL,0.113490
2026-08-21T01:37:21.870627,NO_ACTION,0.072257,0.943000,0.940000,Driver state stable,NONE,0,NO_ACTION,NORMAL,0.109041
2026-08-21T01:37:21.985226,NO_ACTION,0.077063,0.943000,0.940000,Driver state stable,NONE,0,NO_ACTION,NORMAL,0.115740
2026-08-21T01:37:22.096318,NO_ACTION,0.075194,0.943000,0.940000,Driver state stable,NONE,0,NO_ACTION,NORMAL,0.112832
2026-08-21T01:37:22.209339,NO_ACTION,0.076618,0.943000,0.940000,Driver state stable,NONE,0,NO_ACTION,NORMAL,0.114056
2026-08-21T01:37:22.316755,NO_ACTION,0.076383,0.943000,0.940000,Driver state stable,NONE,0,NO_ACTION,NORMAL,0.113853
2026-08-21T01:37:22.428628,NO_ACTION,0.073713,0.943000,0.940000,Driver state stable,NONE,0,NO_ACTION,NORMAL,0.110292
2026-08-21T01:37:22.538087,NO_ACTION,0.073831,0.943000,0.940000,Driver state stable,NONE,0,NO_ACTION,NORMAL,0.110393
2026-08-21T01:37:22.649861,NO_ACTION,0.074160,0.943000,0.940000,Driver state stable,NONE,0,NO_ACTION,NORMAL,0.110676
2026-08-21T01:37:22.759121,NO_ACTION,0.073436,0.943000,0.940000,Driver state stable,NONE,0,NO_ACTION,NORMAL,0.110054
2026-08-21T01:37:22.877074,NO_ACTION,0.074898,0.943000,0.940000,Driver state stable,NONE,0,NO_ACTION,NORMAL,0.111311
2026-08-21T01:37:22.988691,NO_ACTION,0.074075,0.943000,0.940000,Driver state stable,NONE,0,NO_ACTION,NORMAL,0.110604
2026-08-21T01:37:23.129885,NO_ACTION,0.074278,0.943000,0.940000,Driver state stable,NONE,0,NO_ACTION,NORMAL,0.110777
2026-08-21T01:37:23.241024,NO_ACTION,0.076469,0.943000,0.940000,Driver state stable,NONE,0,NO_ACTION,NORMAL,0.113922
2026-08-21T01:37:23.357543,NO_ACTION,0.075934,0.943000,0.940000,Driver state stable,NONE,0,NO_ACTION,NORMAL,0.113456
2026-08-21T01:37:23.463906,NO_ACTION,0.075744,0.943000,0.940000,Driver state stable,NONE,0,NO_ACTION,NORMAL,0.113293
2026-08-21T01:37:23.575356,NO_ACTION,0.076564,0.943000,0.940000,Driver state stable,NONE,0,NO_ACTION,NORMAL,0.113991
2026-08-21T01:37:23.687098,NO_ACTION,0.079769,0.943000,0.940000,Driver state stable,NONE,0,NO_ACTION,NORMAL,0.119376
2026-08-21T01:37:23.803668,NO_ACTION,0.078843,0.943000,0.940000,Driver state stable,NONE,0,NO_ACTION,NORMAL,0.118580
2026-08-21T01:39:03.031899,NO_ACTION,0.006922,0.379296,0.558506,Driver state stable,NONE,0,NO_ACTION,NORMAL,0.006007
2026-08-21T01:39:03.103040,NO_ACTION,0.013796,0.431991,0.589011,Driver state stable,NONE,0,NO_ACTION,NORMAL,0.011981
2026-08-21T01:39:03.144578,NO_ACTION,0.009525,0.484687,0.619517,Driver state stable,NONE,0,NO_ACTION,NORMAL,0.008277
2026-08-21T01:39:03.181690,NO_ACTION,0.010296,0.537382,0.650022,Driver state stable,NONE,0,NO_ACTION,NORMAL,0.008951
2026-08-21T01:39:03.220961,NO_ACTION,0.010696,0.590078,0.680528,Driver state stable,NONE,0,NO_ACTION,NORMAL,0.009305
2026-08-21T01:39:03.254733,NO_ACTION,0.010560,0.614273,0.706033,Driver state stable,NONE,0,NO_ACTION,NORMAL,0.009192
2026-08-21T01:39:03.298978,NO_ACTION,0.011042,0.638469,0.731539,Driver state stable,NONE,0,NO_ACTION,NORMAL,0.009616
2026-08-21T01:39:03.338840,NO_ACTION,0.009971,0.662664,0.757044,Driver state stable,NONE,0,NO_ACTION,NORMAL,0.008689
2026-08-21T01:39:03.382017,NO_ACTION,0.007952,0.686860,0.782550,Driver state stable,NONE,0,NO_ACTION,NORMAL,0.006933
2026-08-21T01:39:03.417720,NO_ACTION,0.004909,0.853556,0.833056,Driver state stable,NONE,0,NO_ACTION,NORMAL,0.004286
2026-08-21T01:39:03.865773,NO_ACTION,0.007764,0.853811,0.833361,Driver state stable,NONE,0,NO_ACTION,NORMAL,0.006779
2026-08-21T01:39:03.973536,NO_ACTION,0.005927,0.854067,0.833667,Driver state stable,NONE,0,NO_ACTION,NORMAL,0.005175
2026-08-21T01:39:04.081851,NO_ACTION,0.005422,0.854322,0.833972,Driver state stable,NONE,0,NO_ACTION,NORMAL,0.004733
2026-08-21T01:39:04.210869,NO_ACTION,0.006877,0.854578,0.834278,Driver state stable,NONE,0,NO_ACTION,NORMAL,0.006004
2026-08-21T01:39:04.323333,NO_ACTION,0.005578,0.854833,0.834583,Driver state stable,NONE,0,NO_ACTION,NORMAL,0.004869
2026-08-21T01:39:04.431541,NO_ACTION,0.007401,0.855089,0.834889,Driver state stable,NONE,0,NO_ACTION,NORMAL,0.006460
2026-08-21T01:39:04.536338,NO_ACTION,0.005953,0.855344,0.835194,Driver state stable,NONE,0,NO_ACTION,NORMAL,0.005196
2026-08-21T01:39:04.638809,NO_ACTION,0.004304,0.855600,0.835500,Driver state stable,NONE,0,NO_ACTION,NORMAL,0.003756
2026-08-21T01:39:04.747315,NO_ACTION,0.004436,0.855856,0.835806,Driver state stable,NONE,0,NO_ACTION,NORMAL,0.003872
2026-08-21T01:39:04.857557,NO_ACTION,0.006289,0.856111,0.836111,Driver state stable,NONE,0,NO_ACTION,NORMAL,0.005488
2026-08-21T01:39:04.971878,NO_ACTION,0.005731,0.856367,0.836417,Driver state stable,NONE,0,NO_ACTION,NORMAL,0.005001
2026-08-21T01:39:05.077056,NO_ACTION,0.004465,0.856622,0.836722,Driver state stable,NONE,0,NO_ACTION,NORMAL,0.003896
2026-08-21T01:39:05.183461,NO_ACTION,0.005123,0.856878,0.837028,Driver state stable,NONE,0,NO_ACTION,NORMAL,0.004470
2026-08-21T01:39:05.285288,NO_ACTION,0.006187,0.857133,0.837333,Driver state stable,NONE,0,NO_ACTION,NORMAL,0.005398
2026-08-21T01:39:05.393599,NO_ACTION,0.004343,0.857389,0.837639,Driver state stable,NONE,0,NO_ACTION,NORMAL,0.003789
2026-08-21T01:39:05.502048,NO_ACTION,0.004103,0.857644,0.837944,Driver state stable,NONE,0,NO_ACTION,NORMAL,0.003579
2026-08-21T01:39:05.609707,NO_ACTION,0.006147,0.857900,0.838250,Driver state stable,NONE,0,NO_ACTION,NORMAL,0.005362
2026-08-21T01:39:05.733387,NO_ACTION,0.003383,0.858156,0.838556,Driver state stable,NONE,0,NO_ACTION,NORMAL,0.002951
2026-08-21T01:39:05.839228,NO_ACTION,0.004541,0.858411,0.838861,Driver state stable,NONE,0,NO_ACTION,NORMAL,0.003961
2026-08-21T01:39:05.941423,NO_ACTION,0.004621,0.891348,0.878242,Driver state stable,NONE,0,NO_ACTION,NORMAL,0.004003
2026-08-21T01:39:06.048301,NO_ACTION,0.004221,0.890887,0.877691,Driver state stable,NONE,0,NO_ACTION,NORMAL,0.003657
2026-08-21T01:39:06.152290,NO_ACTION,0.004332,0.892978,0.880191,Driver state stable,NONE,0,NO_ACTION,NORMAL,0.003752
2026-08-21T01:39:06.259424,NO_ACTION,0.004517,0.894924,0.882518,Driver state stable,NONE,0,NO_ACTION,NORMAL,0.003911
2026-08-21T01:39:06.363058,NO_ACTION,0.003869,0.898662,0.886987,Driver state stable,NONE,0,NO_ACTION,NORMAL,0.003348
2026-08-21T01:39:06.501364,NO_ACTION,0.004258,0.901759,0.890690,Driver state stable,NONE,0,NO_ACTION,NORMAL,0.003682
2026-08-21T01:39:06.600786,NO_ACTION,0.004482,0.902617,0.891716,Driver state stable,NONE,0,NO_ACTION,NORMAL,0.003876
2026-08-21T01:39:06.706240,NO_ACTION,0.006502,0.902448,0.891514,Driver state stable,NONE,0,NO_ACTION,NORMAL,0.005621
2026-08-21T01:39:06.811544,NO_ACTION,0.005370,0.905848,0.895579,Driver state stable,NONE,0,NO_ACTION,NORMAL,0.004641
2026-08-21T01:39:06.914153,NO_ACTION,0.006490,0.906967,0.896917,Driver state stable,NONE,0,NO_ACTION,NORMAL,0.005607
2026-08-21T01:39:07.021796,NO_ACTION,0.006401,0.907222,0.897222,Driver state stable,NONE,0,NO_ACTION,NORMAL,0.005530
2026-08-21T01:39:07.147273,NO_ACTION,0.004681,0.907478,0.897528,Driver state stable,NONE,0,NO_ACTION,NORMAL,0.004043
2026-08-21T01:39:07.251396,NO_ACTION,0.003767,0.907733,0.897833,Driver state stable,NONE,0,NO_ACTION,NORMAL,0.003254
2026-08-21T01:39:07.356755,NO_ACTION,0.004104,0.907989,0.898139,Driver state stable,NONE,0,NO_ACTION,NORMAL,0.003545
2026-08-21T01:39:07.458372,NO_ACTION,0.004730,0.908244,0.898444,Driver state stable,NONE,0,NO_ACTION,NORMAL,0.004085
2026-08-21T01:39:07.571913,NO_ACTION,0.004243,0.908500,0.898750,Driver state stable,NONE,0,NO_ACTION,NORMAL,0.003665
2026-08-21T01:39:07.672606,NO_ACTION,0.003945,0.908756,0.899056,Driver state stable,NONE,0,NO_ACTION,NORMAL,0.003407
2026-08-21T01:39:07.777986,NO_ACTION,0.003947,0.909011,0.899361,Driver state stable,NONE,0,NO_ACTION,NORMAL,0.003409
2026-08-21T01:39:07.882084,NO_ACTION,0.004475,0.909267,0.899667,Driver state stable,NONE,0,NO_ACTION,NORMAL,0.003864
2026-08-21T01:39:07.988612,NO_ACTION,0.004634,0.909522,0.899972,Driver state stable,NONE,0,NO_ACTION,NORMAL,0.004002
2026-08-21T01:39:08.095395,NO_ACTION,0.011982,0.909778,0.900278,Driver state stable,NONE,0,NO_ACTION,NORMAL,0.009932
2026-08-21T01:39:08.205947,NO_ACTION,0.004721,0.910033,0.900583,Driver state stable,NONE,0,NO_ACTION,NORMAL,0.004076
2026-08-21T01:39:08.306586,NO_ACTION,0.003550,0.910289,0.900889,Driver state stable,NONE,0,NO_ACTION,NORMAL,0.003066
2026-08-21T01:39:08.414757,NO_ACTION,0.004123,0.910544,0.901194,Driver state stable,NONE,0,NO_ACTION,NORMAL,0.003560
2026-08-21T01:39:08.518431,NO_ACTION,0.006324,0.910800,0.901500,Driver state stable,NONE,0,NO_ACTION,NORMAL,0.005460
2026-08-21T01:39:08.629303,NO_ACTION,0.006178,0.911056,0.901806,Driver state stable,NONE,0,NO_ACTION,NORMAL,0.005334
2026-08-21T01:39:08.731508,NO_ACTION,0.004476,0.911311,0.902111,Driver state stable,NONE,0,NO_ACTION,NORMAL,0.003864
2026-08-21T01:39:08.871889,NO_ACTION,0.004814,0.911567,0.902417,Driver state stable,NONE,0,NO_ACTION,NORMAL,0.004156
2026-08-21T01:39:08.973811,NO_ACTION,0.004344,0.911822,0.902722,Driver state stable,NONE,0,NO_ACTION,NORMAL,0.003750
2026-08-21T01:39:09.086870,NO_ACTION,0.003676,0.912078,0.903028,Driver state stable,NONE,0,NO_ACTION,NORMAL,0.003174
2026-08-21T01:39:09.189141,NO_ACTION,0.004627,0.912333,0.903333,Driver state stable,NONE,0,NO_ACTION,NORMAL,0.003994
2026-08-21T01:39:09.297904,NO_ACTION,0.004282,0.912589,0.903639,Driver state stable,NONE,0,NO_ACTION,NORMAL,0.003696
2026-08-21T01:39:09.401877,NO_ACTION,0.005846,0.912844,0.903944,Driver state stable,NONE,0,NO_ACTION,NORMAL,0.005045
2026-08-21T01:39:09.509294,NO_ACTION,0.003850,0.913100,0.904250,Driver state stable,NONE,0,NO_ACTION,NORMAL,0.003322
2026-08-21T01:39:09.617947,NO_ACTION,0.004216,0.913356,0.904556,Driver state stable,NONE,0,NO_ACTION,NORMAL,0.003639
2026-08-21T01:39:09.723330,NO_ACTION,0.003642,0.913611,0.904861,Driver state stable,NONE,0,NO_ACTION,NORMAL,0.003143
2026-08-21T01:39:09.823506,NO_ACTION,0.003773,0.913867,0.905167,Driver state stable,NONE,0,NO_ACTION,NORMAL,0.003256
2026-08-21T01:39:09.927659,NO_ACTION,0.006729,0.914122,0.905472,Driver state stable,NONE,0,NO_ACTION,NORMAL,0.005807
2026-08-21T01:39:10.031756,NO_ACTION,0.004092,0.914378,0.905778,Driver state stable,NONE,0,NO_ACTION,NORMAL,0.003531
2026-08-21T01:39:10.139064,NO_ACTION,0.004713,0.914633,0.906083,Driver state stable,NONE,0,NO_ACTION,NORMAL,0.004067
2026-08-21T01:39:10.245854,NO_ACTION,0.003718,0.914889,0.906389,Driver state stable,NONE,0,NO_ACTION,NORMAL,0.003208
2026-08-21T01:39:10.353935,NO_ACTION,0.003199,0.915144,0.906694,Driver state stable,NONE,0,NO_ACTION,NORMAL,0.002760
2026-08-21T01:39:10.455497,NO_ACTION,0.004472,0.915400,0.907000,Driver state stable,NONE,0,NO_ACTION,NORMAL,0.003858
2026-08-21T01:39:10.563459,NO_ACTION,0.003783,0.915656,0.907306,Driver state stable,NONE,0,NO_ACTION,NORMAL,0.003264
2026-08-21T01:39:10.696182,NO_ACTION,0.005318,0.915911,0.907611,Driver state stable,NONE,0,NO_ACTION,NORMAL,0.004588
2026-08-21T01:39:10.803126,NO_ACTION,0.004545,0.916167,0.907917,Driver state stable,NONE,0,NO_ACTION,NORMAL,0.003921
2026-08-21T01:39:10.905377,NO_ACTION,0.005453,0.916422,0.908222,Driver state stable,NONE,0,NO_ACTION,NORMAL,0.004704
2026-08-21T01:39:11.007775,NO_ACTION,0.004659,0.916678,0.908528,Driver state stable,NONE,0,NO_ACTION,NORMAL,0.004018
2026-08-21T01:39:11.114552,NO_ACTION,0.006695,0.916933,0.908833,Driver state stable,NONE,0,NO_ACTION,NORMAL,0.005775
2026-08-21T01:39:11.222901,NO_ACTION,0.004802,0.917189,0.909139,Driver state stable,NONE,0,NO_ACTION,NORMAL,0.004142
2026-08-21T01:39:11.324248,NO_ACTION,0.003309,0.917444,0.909444,Driver state stable,NONE,0,NO_ACTION,NORMAL,0.002854
2026-08-21T01:39:11.429038,NO_ACTION,0.006131,0.917700,0.909750,Driver state stable,NONE,0,NO_ACTION,NORMAL,0.005288
2026-08-21T01:39:11.532001,NO_ACTION,0.013020,0.917956,0.910056,Driver state stable,NONE,0,NO_ACTION,NORMAL,0.011228
2026-08-21T01:39:11.637851,NO_ACTION,0.016410,0.918211,0.910361,Driver state stable,NONE,0,NO_ACTION,NORMAL,0.014151
2026-08-21T01:39:11.748590,NO_ACTION,0.015162,0.918467,0.910667,Driver state stable,NONE,0,NO_ACTION,NORMAL,0.013075
2026-08-21T01:39:11.853334,NO_ACTION,0.015694,0.918722,0.910972,Driver state stable,NONE,0,NO_ACTION,NORMAL,0.013532
2026-08-21T01:39:11.957258,NO_ACTION,0.017629,0.918978,0.911278,Driver state stable,NONE,0,NO_ACTION,NORMAL,0.015200
2026-08-21T01:39:12.063260,NO_ACTION,0.018121,0.919233,0.911583,Driver state stable,NONE,0,NO_ACTION,NORMAL,0.015624
2026-08-21T01:39:12.166511,NO_ACTION,0.017729,0.919489,0.911889,Driver state stable,NONE,0,NO_ACTION,NORMAL,0.015286
2026-08-21T01:39:12.297085,NO_ACTION,0.022002,0.908356,0.898578,Driver state stable,NONE,0,NO_ACTION,NORMAL,0.019004
2026-08-21T01:39:12.401696,NO_ACTION,0.021142,0.903769,0.893093,Driver state stable,NONE,0,NO_ACTION,NORMAL,0.018275
2026-08-21T01:39:12.507455,NO_ACTION,0.020611,0.904864,0.894403,Driver state stable,NONE,0,NO_ACTION,NORMAL,0.017813
2026-08-21T01:39:12.610607,NO_ACTION,0.019314,0.905499,0.895162,Driver state stable,NONE,0,NO_ACTION,NORMAL,0.016690
2026-08-21T01:39:12.715062,NO_ACTION,0.018088,0.903431,0.892689,Driver state stable,NONE,0,NO_ACTION,NORMAL,0.015637
2026-08-21T01:39:12.822712,NO_ACTION,0.015266,0.912270,0.903258,Driver state stable,NONE,0,NO_ACTION,NORMAL,0.013177
2026-08-21T01:39:12.931702,NO_ACTION,0.015614,0.912114,0.903071,Driver state stable,NONE,0,NO_ACTION,NORMAL,0.013478
2026-08-21T01:39:13.033574,NO_ACTION,0.016545,0.915848,0.907536,Driver state stable,NONE,0,NO_ACTION,NORMAL,0.014273
2026-08-21T01:39:13.143447,NO_ACTION,0.016340,0.914817,0.906302,Driver state stable,NONE,0,NO_ACTION,NORMAL,0.014098
2026-08-21T01:39:13.251613,NO_ACTION,0.089381,0.909856,0.900371,Driver state stable,NONE,0,NO_ACTION,NORMAL,0.073217
2026-08-21T01:39:13.357313,NO_ACTION,0.039853,0.906235,0.896042,Driver state stable,NONE,0,NO_ACTION,NORMAL,0.033120
2026-08-21T01:39:13.459210,NO_ACTION,0.015257,0.906174,0.895969,Driver state stable,NONE,0,NO_ACTION,NORMAL,0.013191
2026-08-21T01:39:13.564195,NO_ACTION,0.031391,0.903397,0.892649,Driver state stable,NONE,0,NO_ACTION,NORMAL,0.027153
2026-08-21T01:39:13.672168,NO_ACTION,0.015584,0.903501,0.892773,Driver state stable,NONE,0,NO_ACTION,NORMAL,0.013480
2026-08-21T01:39:13.781578,NO_ACTION,0.017417,0.921500,0.914294,Driver state stable,NONE,0,NO_ACTION,NORMAL,0.015020
2026-08-21T01:39:13.884040,NO_ACTION,0.014258,0.923578,0.916778,Driver state stable,NONE,0,NO_ACTION,NORMAL,0.012292
2026-08-21T01:39:14.014925,NO_ACTION,0.013862,0.912716,0.903791,Driver state stable,NONE,0,NO_ACTION,NORMAL,0.011971
2026-08-21T01:39:14.121721,NO_ACTION,0.047660,0.914005,0.905332,Driver state stable,NONE,0,NO_ACTION,NORMAL,0.040834
2026-08-21T01:39:14.228328,NO_ACTION,0.060936,0.924344,0.917694,Driver state stable,NONE,0,NO_ACTION,NORMAL,0.051935
2026-08-21T01:39:14.330144,NO_ACTION,0.029216,0.905460,0.895115,Driver state stable,NONE,0,NO_ACTION,NORMAL,0.025010
2026-08-21T01:39:14.436881,NO_ACTION,0.017782,0.903303,0.892536,Driver state stable,NONE,0,NO_ACTION,NORMAL,0.015381
2026-08-21T01:39:14.542104,NO_ACTION,0.015629,0.925111,0.918611,Driver state stable,NONE,0,NO_ACTION,NORMAL,0.013000
2026-08-21T01:39:14.646783,NO_ACTION,0.008732,0.925367,0.918917,Driver state stable,NONE,0,NO_ACTION,NORMAL,0.007526
2026-08-21T01:39:14.752021,NO_ACTION,0.024478,0.925622,0.919222,Driver state stable,NONE,0,NO_ACTION,NORMAL,0.020872
2026-08-21T01:39:14.863296,NO_ACTION,0.013806,0.925878,0.919528,Driver state stable,NONE,0,NO_ACTION,NORMAL,0.011898
2026-08-21T01:39:14.965407,NO_ACTION,0.030987,0.925848,0.919492,Driver state stable,NONE,0,NO_ACTION,NORMAL,0.025983
2026-08-21T01:39:15.074385,NO_ACTION,0.048450,0.914854,0.906347,Driver state stable,NONE,0,NO_ACTION,NORMAL,0.040228
2026-08-21T01:39:15.178339,NO_ACTION,0.045606,0.902133,0.891137,Driver state stable,NONE,0,NO_ACTION,NORMAL,0.037801
2026-08-21T01:39:15.286570,NO_ACTION,0.046545,0.898920,0.887296,Driver state stable,NONE,0,NO_ACTION,NORMAL,0.038621
2026-08-21T01:39:15.392153,NO_ACTION,0.047080,0.901117,0.889922,Driver state stable,NONE,0,NO_ACTION,NORMAL,0.039079
2026-08-21T01:39:15.495951,NO_ACTION,0.046044,0.924850,0.918299,Driver state stable,NONE,0,NO_ACTION,NORMAL,0.038129
2026-08-21T01:39:15.597684,NO_ACTION,0.044753,0.927143,0.921040,Driver state stable,NONE,0,NO_ACTION,NORMAL,0.037012
2026-08-21T01:39:15.737153,NO_ACTION,0.044846,0.918135,0.910270,Driver state stable,NONE,0,NO_ACTION,NORMAL,0.037110
2026-08-21T01:39:15.842156,NO_ACTION,0.044657,0.917485,0.909493,Driver state stable,NONE,0,NO_ACTION,NORMAL,0.036948
2026-08-21T01:39:15.956826,NO_ACTION,0.045021,0.904941,0.894494,Driver state stable,NONE,0,NO_ACTION,NORMAL,0.037288
2026-08-21T01:39:16.061009,NO_ACTION,0.046203,0.901017,0.889803,Driver state stable,NONE,0,NO_ACTION,NORMAL,0.038320
2026-08-21T01:39:16.167061,NO_ACTION,0.046797,0.901434,0.890301,Driver state stable,NONE,0,NO_ACTION,NORMAL,0.038833
2026-08-21T01:39:16.271996,NO_ACTION,0.046284,0.900806,0.889550,Driver state stable,NONE,0,NO_ACTION,NORMAL,0.038369
2026-08-21T01:39:16.379292,NO_ACTION,0.062867,0.900850,0.889603,Driver state stable,NONE,0,NO_ACTION,NORMAL,0.051824
2026-08-21T01:39:16.480913,NO_ACTION,0.058110,0.901170,0.889985,Driver state stable,NONE,0,NO_ACTION,NORMAL,0.047932
2026-08-21T01:39:16.586255,NO_ACTION,0.055269,0.901575,0.890470,Driver state stable,NONE,0,NO_ACTION,NORMAL,0.045628
2026-08-21T01:39:16.688015,NO_ACTION,0.055852,0.902058,0.891047,Driver state stable,NONE,0,NO_ACTION,NORMAL,0.046149
2026-08-21T01:39:16.794498,NO_ACTION,0.063710,0.902528,0.891609,Driver state stable,NONE,0,NO_ACTION,NORMAL,0.052512
2026-08-21T01:39:16.897216,NO_ACTION,0.077612,0.903150,0.892353,Driver state stable,NONE,0,NO_ACTION,NORMAL,0.063788
2026-08-21T01:39:17.011825,NO_ACTION,0.110273,0.903586,0.892874,Driver state stable,NONE,0,NO_ACTION,NORMAL,0.090311
2026-08-21T01:39:17.114473,NO_ACTION,0.095411,0.907298,0.897313,Driver state stable,NONE,0,NO_ACTION,NORMAL,0.078185
2026-08-21T01:39:17.246478,NO_ACTION,0.090361,0.919211,0.911556,Driver state stable,NONE,0,NO_ACTION,NORMAL,0.074037
2026-08-21T01:39:17.351945,NO_ACTION,0.089780,0.915769,0.907441,Driver state stable,NONE,0,NO_ACTION,NORMAL,0.073557
2026-08-21T01:39:17.458407,NO_ACTION,0.118460,0.910366,0.900981,Driver state stable,NONE,0,NO_ACTION,NORMAL,0.096792
2026-08-21T01:39:17.561964,NO_ACTION,0.106784,0.911416,0.902236,Driver state stable,NONE,0,NO_ACTION,NORMAL,0.087356
2026-08-21T01:39:17.667997,NO_ACTION,0.097122,0.912470,0.903497,Driver state stable,NONE,0,NO_ACTION,NORMAL,0.079506
2026-08-21T01:39:17.772192,NO_ACTION,0.123781,0.908476,0.898721,Driver state stable,NONE,0,NO_ACTION,NORMAL,0.101174
2026-08-21T01:39:17.878054,NO_ACTION,0.124270,0.908275,0.898481,Driver state stable,NONE,0,NO_ACTION,NORMAL,0.101488
2026-08-21T01:39:17.984485,NO_ACTION,0.136576,0.908732,0.899028,Driver state stable,NONE,0,NO_ACTION,NORMAL,0.111502
2026-08-21T01:39:18.089236,NO_ACTION,0.137051,0.906642,0.896529,Driver state stable,NONE,0,NO_ACTION,NORMAL,0.111917
2026-08-21T01:39:18.194228,NO_ACTION,0.122167,0.907178,0.897169,Driver state stable,NONE,0,NO_ACTION,NORMAL,0.099794
2026-08-21T01:39:18.302931,NO_ACTION,0.136805,0.907054,0.897021,Driver state stable,NONE,0,NO_ACTION,NORMAL,0.111704
2026-08-21T01:39:18.408129,NO_ACTION,0.135704,0.907078,0.897050,Driver state stable,NONE,0,NO_ACTION,NORMAL,0.110780
2026-08-21T01:39:18.515197,NO_ACTION,0.136182,0.907368,0.897396,Driver state stable,NONE,0,NO_ACTION,NORMAL,0.111164
2026-08-21T01:39:18.617673,NO_ACTION,0.136266,0.907661,0.897747,Driver state stable,NONE,0,NO_ACTION,NORMAL,0.111223
2026-08-21T01:39:18.724288,NO_ACTION,0.137825,0.908030,0.898188,Driver state stable,NONE,0,NO_ACTION,NORMAL,0.112510
2026-08-21T01:39:18.826772,NO_ACTION,0.135132,0.908055,0.898218,Driver state stable,NONE,0,NO_ACTION,NORMAL,0.110313
2026-08-21T01:39:18.930890,NO_ACTION,0.135872,0.908813,0.899124,Driver state stable,NONE,0,NO_ACTION,NORMAL,0.110913
2026-08-21T01:39:19.062977,NO_ACTION,0.109530,0.911409,0.902228,Driver state stable,NONE,0,NO_ACTION,NORMAL,0.089566
2026-08-21T01:39:19.171929,NO_ACTION,0.118052,0.911815,0.902714,Driver state stable,NONE,0,NO_ACTION,NORMAL,0.096467
2026-08-21T01:39:19.276708,NO_ACTION,0.072915,0.916187,0.907941,Driver state stable,NONE,0,NO_ACTION,NORMAL,0.059848
2026-08-21T01:39:19.384404,NO_ACTION,0.117000,0.911942,0.902865,Driver state stable,NONE,0,NO_ACTION,NORMAL,0.095495
2026-08-21T01:39:19.484276,NO_ACTION,0.027870,0.911475,0.902307,Driver state stable,NONE,0,NO_ACTION,NORMAL,0.023169
2026-08-21T01:39:19.591670,NO_ACTION,0.012289,0.910665,0.901339,Driver state stable,NONE,0,NO_ACTION,NORMAL,0.010348
2026-08-21T01:39:19.696430,NO_ACTION,0.010819,0.911314,0.902115,Driver state stable,NONE,0,NO_ACTION,NORMAL,0.009085
2026-08-21T01:39:19.802729,NO_ACTION,0.086455,0.915190,0.906749,Driver state stable,NONE,0,NO_ACTION,NORMAL,0.070440
2026-08-21T01:39:19.902856,NO_ACTION,0.012471,0.919153,0.911488,Driver state stable,NONE,0,NO_ACTION,NORMAL,0.010386
2026-08-21T01:39:20.009324,NO_ACTION,0.014183,0.925658,0.919265,Driver state stable,NONE,0,NO_ACTION,NORMAL,0.011936
2026-08-21T01:39:20.134367,NO_ACTION,0.014065,0.928684,0.922883,Driver state stable,NONE,0,NO_ACTION,NORMAL,0.011839
2026-08-21T01:39:20.264587,NO_ACTION,0.014124,0.934878,0.930289,Driver state stable,NONE,0,NO_ACTION,NORMAL,0.011890
2026-08-21T01:39:20.384580,NO_ACTION,0.015032,0.935111,0.930568,Driver state stable,NONE,0,NO_ACTION,NORMAL,0.012678
2026-08-21T01:39:20.501684,NO_ACTION,0.014550,0.936973,0.932793,Driver state stable,NONE,0,NO_ACTION,NORMAL,0.012268
2026-08-21T01:39:20.631706,NO_ACTION,0.013932,0.938471,0.934585,Driver state stable,NONE,0,NO_ACTION,NORMAL,0.011742
2026-08-21T01:39:20.740830,NO_ACTION,0.015180,0.932151,0.927028,Driver state stable,NONE,0,NO_ACTION,NORMAL,0.012830
2026-08-21T01:39:20.843770,NO_ACTION,0.014371,0.930667,0.925254,Driver state stable,NONE,0,NO_ACTION,NORMAL,0.012143
2026-08-21T01:39:20.966502,NO_ACTION,0.015295,0.928794,0.923015,Driver state stable,NONE,0,NO_ACTION,NORMAL,0.012948
2026-08-21T01:39:21.076747,NO_ACTION,0.012880,0.933566,0.928721,Driver state stable,NONE,0,NO_ACTION,NORMAL,0.010870
2026-08-21T01:39:21.192203,NO_ACTION,0.011984,0.931894,0.926721,Driver state stable,NONE,0,NO_ACTION,NORMAL,0.010107
2026-08-21T01:39:21.297229,NO_ACTION,0.010991,0.928552,0.922725,Driver state stable,NONE,0,NO_ACTION,NORMAL,0.009261
2026-08-21T01:39:21.406381,NO_ACTION,0.010967,0.928978,0.923235,Driver state stable,NONE,0,NO_ACTION,NORMAL,0.009246
2026-08-21T01:39:21.508880,NO_ACTION,0.010725,0.929890,0.924325,Driver state stable,NONE,0,NO_ACTION,NORMAL,0.009044
2026-08-21T01:39:21.615271,NO_ACTION,0.010447,0.929682,0.924076,Driver state stable,NONE,0,NO_ACTION,NORMAL,0.008811
2026-08-21T01:39:21.717793,NO_ACTION,0.009624,0.929875,0.924307,Driver state stable,NONE,0,NO_ACTION,NORMAL,0.008109
2026-08-21T01:39:21.825857,NO_ACTION,0.009077,0.930467,0.925015,Driver state stable,NONE,0,NO_ACTION,NORMAL,0.007643
2026-08-21T01:39:21.928904,NO_ACTION,0.010640,0.932015,0.926865,Driver state stable,NONE,0,NO_ACTION,NORMAL,0.008994
2026-08-21T01:39:22.057265,NO_ACTION,0.010962,0.931746,0.926545,Driver state stable,NONE,0,NO_ACTION,NORMAL,0.009278
2026-08-21T01:39:22.164322,NO_ACTION,0.061745,0.932222,0.927114,Driver state stable,NONE,0,NO_ACTION,NORMAL,0.089568
2026-08-21T01:39:22.272041,NO_ACTION,0.061812,0.933678,0.928854,Driver state stable,NONE,0,NO_ACTION,NORMAL,0.089656
2026-08-21T01:39:22.378696,NO_ACTION,0.061577,0.932904,0.927929,Driver state stable,NONE,0,NO_ACTION,NORMAL,0.089447
2026-08-21T01:39:22.485154,NO_ACTION,0.062137,0.932816,0.927824,Driver state stable,NONE,0,NO_ACTION,NORMAL,0.089933
2026-08-21T01:39:22.588823,NO_ACTION,0.061432,0.932436,0.927369,Driver state stable,NONE,0,NO_ACTION,NORMAL,0.089326
2026-08-21T01:39:22.695297,NO_ACTION,0.061609,0.932555,0.927512,Driver state stable,NONE,0,NO_ACTION,NORMAL,0.089487
2026-08-21T01:39:22.797039,NO_ACTION,0.060027,0.934011,0.929253,Driver state stable,NONE,0,NO_ACTION,NORMAL,0.088154
2026-08-21T01:39:22.903611,NO_ACTION,0.060186,0.933000,0.928043,Driver state stable,NONE,0,NO_ACTION,NORMAL,0.088280
2026-08-21T01:39:23.005177,NO_ACTION,0.060648,0.932903,0.927927,Driver state stable,NONE,0,NO_ACTION,NORMAL,0.088681
2026-08-21T01:39:23.112030,NO_ACTION,0.061622,0.932380,0.927302,Driver state stable,NONE,0,NO_ACTION,NORMAL,0.089517
2026-08-21T01:39:23.218951,NO_ACTION,0.063294,0.931269,0.925974,Driver state stable,NONE,0,NO_ACTION,NORMAL,0.091944
2026-08-21T01:39:23.337241,NO_ACTION,0.063673,0.930600,0.925174,Driver state stable,NONE,0,NO_ACTION,NORMAL,0.092264
2026-08-21T01:39:23.442123,NO_ACTION,0.062027,0.930514,0.925071,Driver state stable,NONE,0,NO_ACTION,NORMAL,0.090850
2026-08-21T01:39:23.554715,NO_ACTION,0.065513,0.929763,0.924173,Driver state stable,NONE,0,NO_ACTION,NORMAL,0.094869
2026-08-21T01:39:23.661710,NO_ACTION,0.062322,0.932341,0.927255,Driver state stable,NONE,0,NO_ACTION,NORMAL,0.090145
2026-08-21T01:39:23.770883,NO_ACTION,0.062526,0.932324,0.927235,Driver state stable,NONE,0,NO_ACTION,NORMAL,0.090326
2026-08-21T01:39:23.876105,NO_ACTION,0.063396,0.930787,0.925398,Driver state stable,NONE,0,NO_ACTION,NORMAL,0.092055
2026-08-21T01:39:24.013187,NO_ACTION,0.061813,0.931612,0.926384,Driver state stable,NONE,0,NO_ACTION,NORMAL,0.089710
2026-08-21T01:39:24.121523,NO_ACTION,0.061741,0.931566,0.926329,Driver state stable,NONE,0,NO_ACTION,NORMAL,0.089653
2026-08-21T01:39:24.237002,NO_ACTION,0.060241,0.931960,0.926800,Driver state stable,NONE,0,NO_ACTION,NORMAL,0.088372
2026-08-21T01:39:24.344710,NO_ACTION,0.059005,0.931661,0.926443,Driver state stable,NONE,0,NO_ACTION,NORMAL,0.087308
2026-08-21T01:39:24.454286,NO_ACTION,0.059466,0.931163,0.925847,Driver state stable,NONE,0,NO_ACTION,NORMAL,0.088702
2026-08-21T01:39:24.558701,NO_ACTION,0.058144,0.932745,0.927739,Driver state stable,NONE,0,NO_ACTION,NORMAL,0.086595
2026-08-21T01:39:24.666753,NO_ACTION,0.059834,0.933979,0.929215,Driver state stable,NONE,0,NO_ACTION,NORMAL,0.088075
2026-08-21T01:39:24.775210,NO_ACTION,0.058695,0.933427,0.928554,Driver state stable,NONE,0,NO_ACTION,NORMAL,0.087091
2026-08-21T01:39:24.887598,NO_ACTION,0.058483,0.933276,0.928374,Driver state stable,NONE,0,NO_ACTION,NORMAL,0.086910
2026-08-21T01:39:24.997215,NO_ACTION,0.059086,0.932874,0.927892,Driver state stable,NONE,0,NO_ACTION,NORMAL,0.087427
2026-08-21T01:39:25.111919,NO_ACTION,0.058421,0.933233,0.928323,Driver state stable,NONE,0,NO_ACTION,NORMAL,0.086865
2026-08-21T01:39:25.220855,NO_ACTION,0.057623,0.932710,0.927697,Driver state stable,NONE,0,NO_ACTION,NORMAL,0.086174
2026-08-21T01:39:25.341712,NO_ACTION,0.057515,0.933451,0.928583,Driver state stable,NONE,0,NO_ACTION,NORMAL,0.086097
2026-08-21T01:39:25.449040,NO_ACTION,0.058054,0.933176,0.928254,Driver state stable,NONE,0,NO_ACTION,NORMAL,0.086561
2026-08-21T01:39:25.556872,NO_ACTION,0.057606,0.933002,0.928045,Driver state stable,NONE,0,NO_ACTION,NORMAL,0.086173
2026-08-21T01:39:25.660893,NO_ACTION,0.057933,0.932993,0.928035,Driver state stable,NONE,0,NO_ACTION,NORMAL,0.086454
2026-08-21T01:39:25.794788,NO_ACTION,0.058252,0.933206,0.928290,Driver state stable,NONE,0,NO_ACTION,NORMAL,0.086732
2026-08-21T01:39:25.901783,NO_ACTION,0.058336,0.932618,0.927586,Driver state stable,NONE,0,NO_ACTION,NORMAL,0.086795
2026-08-21T01:39:26.009526,NO_ACTION,0.058469,0.932810,0.927816,Driver state stable,NONE,0,NO_ACTION,NORMAL,0.086912
2026-08-21T01:39:26.117491,NO_ACTION,0.058329,0.932500,0.927446,Driver state stable,NONE,0,NO_ACTION,NORMAL,0.086787
2026-08-21T01:39:26.227769,NO_ACTION,0.057626,0.932965,0.928001,Driver state stable,NONE,0,NO_ACTION,NORMAL,0.086190
2026-08-21T01:39:26.344801,NO_ACTION,0.060139,0.933098,0.928161,Driver state stable,NONE,0,NO_ACTION,NORMAL,0.088231
2026-08-21T01:39:26.456886,NO_ACTION,0.059259,0.932962,0.927998,Driver state stable,NONE,0,NO_ACTION,NORMAL,0.087595
2026-08-21T01:39:26.585488,NO_ACTION,0.058557,0.933095,0.928156,Driver state stable,NONE,0,NO_ACTION,NORMAL,0.086993
2026-08-21T01:39:26.703970,NO_ACTION,0.060363,0.932762,0.927758,Driver state stable,NONE,0,NO_ACTION,NORMAL,0.088542
2026-08-21T01:39:26.812792,NO_ACTION,0.059784,0.932847,0.927860,Driver state stable,NONE,0,NO_ACTION,NORMAL,0.088045
2026-08-21T01:39:26.917381,NO_ACTION,0.059530,0.932526,0.927476,Driver state stable,NONE,0,NO_ACTION,NORMAL,0.087821
2026-08-21T01:39:27.033237,NO_ACTION,0.059891,0.932717,0.927705,Driver state stable,NONE,0,NO_ACTION,NORMAL,0.088135
2026-08-21T01:39:27.144283,NO_ACTION,0.059095,0.932702,0.927688,Driver state stable,NONE,0,NO_ACTION,NORMAL,0.087450
2026-08-21T01:39:27.249243,NO_ACTION,0.058825,0.932911,0.927937,Driver state stable,NONE,0,NO_ACTION,NORMAL,0.087221
2026-08-21T01:39:27.361849,NO_ACTION,0.059962,0.932778,0.927778,Driver state stable,NONE,0,NO_ACTION,NORMAL,0.088197
2026-08-21T01:39:27.483901,NO_ACTION,0.059309,0.932843,0.927856,Driver state stable,NONE,0,NO_ACTION,NORMAL,0.087637
2026-08-21T01:39:27.601596,NO_ACTION,0.059291,0.932848,0.927861,Driver state stable,NONE,0,NO_ACTION,NORMAL,0.087621
2026-08-21T01:39:27.733456,NO_ACTION,0.059599,0.932777,0.927777,Driver state stable,NONE,0,NO_ACTION,NORMAL,0.087885
2026-08-21T01:39:27.847084,NO_ACTION,0.059914,0.932789,0.927792,Driver state stable,NONE,0,NO_ACTION,NORMAL,0.088156
2026-08-21T01:39:27.973000,NO_ACTION,0.059875,0.932914,0.927940,Driver state stable,NONE,0,NO_ACTION,NORMAL,0.088125
2026-08-21T01:39:28.093302,NO_ACTION,0.060076,0.933103,0.928166,Driver state stable,NONE,0,NO_ACTION,NORMAL,0.088301
2026-08-21T01:39:28.206384,NO_ACTION,0.059769,0.933066,0.928122,Driver state stable,NONE,0,NO_ACTION,NORMAL,0.088036
2026-08-21T01:39:28.326545,NO_ACTION,0.059288,0.932919,0.927946,Driver state stable,NONE,0,NO_ACTION,NORMAL,0.087619
2026-08-21T01:39:28.446190,NO_ACTION,0.057802,0.932865,0.927882,Driver state stable,NONE,0,NO_ACTION,NORMAL,0.086339
2026-08-21T01:39:28.563359,NO_ACTION,0.057673,0.932881,0.927901,Driver state stable,NONE,0,NO_ACTION,NORMAL,0.086229
2026-08-21T01:39:28.679157,NO_ACTION,0.059119,0.932895,0.927918,Driver state stable,NONE,0,NO_ACTION,NORMAL,0.087473
2026-08-21T01:39:28.800846,NO_ACTION,0.059496,0.932988,0.928029,Driver state stable,NONE,0,NO_ACTION,NORMAL,0.087800
2026-08-21T01:39:28.910128,NO_ACTION,0.057596,0.932908,0.927933,Driver state stable,NONE,0,NO_ACTION,NORMAL,0.086163
2026-08-21T01:39:29.019308,NO_ACTION,0.056942,0.932938,0.927970,Driver state stable,NONE,0,NO_ACTION,NORMAL,0.085600
2026-08-21T01:39:29.130676,NO_ACTION,0.057337,0.932966,0.928003,Driver state stable,NONE,0,NO_ACTION,NORMAL,0.084962
2026-08-21T01:39:29.240587,NO_ACTION,0.060419,0.932924,0.927953,Driver state stable,NONE,0,NO_ACTION,NORMAL,0.088593
2026-08-21T01:39:29.377748,NO_ACTION,0.061426,0.932923,0.927952,Driver state stable,NONE,0,NO_ACTION,NORMAL,0.089460
2026-08-21T01:39:29.507874,NO_ACTION,0.061559,0.932916,0.927943,Driver state stable,NONE,0,NO_ACTION,NORMAL,0.089574
2026-08-21T01:39:29.634461,NO_ACTION,0.061035,0.932914,0.927941,Driver state stable,NONE,0,NO_ACTION,NORMAL,0.089123
2026-08-21T01:39:29.754467,NO_ACTION,0.062590,0.932972,0.928010,Driver state stable,NONE,0,NO_ACTION,NORMAL,0.090462
2026-08-21T01:39:29.873108,NO_ACTION,0.062050,0.932932,0.927963,Driver state stable,NONE,0,NO_ACTION,NORMAL,0.089997
2026-08-21T01:39:29.989092,NO_ACTION,0.060588,0.932984,0.928024,Driver state stable,NONE,0,NO_ACTION,NORMAL,0.088740
2026-08-21T01:39:30.103577,NO_ACTION,0.061457,0.932926,0.927954,Driver state stable,NONE,0,NO_ACTION,NORMAL,0.089486
2026-08-21T01:39:30.217571,NO_ACTION,0.061882,0.933044,0.928096,Driver state stable,NONE,0,NO_ACTION,NORMAL,0.089855
2026-08-21T01:39:30.323920,NO_ACTION,0.062015,0.933097,0.928160,Driver state stable,NONE,0,NO_ACTION,NORMAL,0.089970
2026-08-21T01:39:30.437268,NO_ACTION,0.061798,0.933261,0.928356,Driver state stable,NONE,0,NO_ACTION,NORMAL,0.089786
2026-08-21T01:39:30.549356,NO_ACTION,0.061911,0.933218,0.928304,Driver state stable,NONE,0,NO_ACTION,NORMAL,0.089882
2026-08-21T01:39:30.660936,NO_ACTION,0.062899,0.933471,0.928606,Driver state stable,NONE,0,NO_ACTION,NORMAL,0.090737
2026-08-21T01:39:30.767339,NO_ACTION,0.061553,0.933147,0.928219,Driver state stable,NONE,0,NO_ACTION,NORMAL,0.089573
2026-08-21T01:39:30.881741,NO_ACTION,0.062657,0.933656,0.928828,Driver state stable,NONE,0,NO_ACTION,NORMAL,0.090531
2026-08-21T01:39:30.989005,NO_ACTION,0.061127,0.933268,0.928364,Driver state stable,NONE,0,NO_ACTION,NORMAL,0.089208
2026-08-21T01:39:31.132188,NO_ACTION,0.062143,0.933388,0.928507,Driver state stable,NONE,0,NO_ACTION,NORMAL,0.090085
2026-08-21T01:39:31.242040,NO_ACTION,0.062272,0.933863,0.929075,Driver state stable,NONE,0,NO_ACTION,NORMAL,0.090203
2026-08-21T01:39:31.352710,NO_ACTION,0.061977,0.934267,0.929559,Driver state stable,NONE,0,NO_ACTION,NORMAL,0.089956
2026-08-21T01:39:31.462445,NO_ACTION,0.062032,0.934048,0.929296,Driver state stable,NONE,0,NO_ACTION,NORMAL,0.090000
2026-08-21T01:39:35.082017,NO_ACTION,0.059707,0.933630,0.928797,Driver state stable,NONE,0,NO_ACTION,NORMAL,0.087992
2026-08-21T01:39:35.191774,NO_ACTION,0.060651,0.935475,0.931003,Driver state stable,NONE,0,NO_ACTION,NORMAL,0.088834
2026-08-21T01:39:35.295566,NO_ACTION,0.060764,0.936073,0.931717,Driver state stable,NONE,0,NO_ACTION,NORMAL,0.088941
2026-08-21T01:39:35.413851,NO_ACTION,0.061597,0.936994,0.932818,Driver state stable,NONE,0,NO_ACTION,NORMAL,0.089673
2026-08-21T01:39:35.537335,NO_ACTION,0.062877,0.933351,0.928464,Driver state stable,NONE,0,NO_ACTION,NORMAL,0.090716
2026-08-21T01:39:35.651475,NO_ACTION,0.063211,0.934012,0.929253,Driver state stable,NONE,0,NO_ACTION,NORMAL,0.091015
2026-08-21T01:39:35.771983,NO_ACTION,0.061630,0.933520,0.928665,Driver state stable,NONE,0,NO_ACTION,NORMAL,0.089645
2026-08-21T01:39:35.885925,NO_ACTION,0.061745,0.933116,0.928182,Driver state stable,NONE,0,NO_ACTION,NORMAL,0.089738
2026-08-21T01:39:36.018254,NO_ACTION,0.059690,0.933202,0.928285,Driver state stable,NONE,0,NO_ACTION,NORMAL,0.087970
2026-08-21T01:39:36.125973,NO_ACTION,0.058885,0.933007,0.928051,Driver state stable,NONE,0,NO_ACTION,NORMAL,0.087274
2026-08-21T01:39:36.235280,NO_ACTION,0.059043,0.935267,0.930754,Driver state stable,NONE,0,NO_ACTION,NORMAL,0.087447
2026-08-21T01:39:36.348209,NO_ACTION,0.059866,0.936416,0.932128,Driver state stable,NONE,0,NO_ACTION,NORMAL,0.088175
