timestamp,ear,mar,perclos,eyes_closed,blink_count,blink_duration,microsleep,microsleep_duration,pitch,yaw,roll,gaze_direction,gaze_away_duration,reliability,fatigue_risk,risk_level,temporal_state,intervention_level,intervention_action,alert_triggered,eye_closure_duration
2026-08-12T02:38:51.037874,0.0,0.0,0.0,False,0,0.0,False,0.0,0.0,0.0,0.0,UNKNOWN,0.0,0.0,0.0,NORMAL,STABLE,NORMAL,NO_ACTION,False,0.0
2026-08-12T02:38:51.171075,0.0,0.0,0.0,False,0,0.0,False,0.0,0.0,0.0,0.0,UNKNOWN,0.0,0.0,0.0,NORMAL,STABLE,NORMAL,NO_ACTION,False,0.0
2026-08-12T02:38:51.202424,0.0,0.0,0.0,False,0,0.0,False,0.0,0.0,0.0,0.0,UNKNOWN,0.0,0.0,0.0,NORMAL,STABLE,NORMAL,NO_ACTION,False,0.0
2026-08-12T02:38:51.215779,0.0,0.0,0.0,False,0,0.0,False,0.0,0.0,0.0,0.0,UNKNOWN,0.0,0.0,0.0,NORMAL,STABLE,NORMAL,NO_ACTION,False,0.0
2026-08-12T02:38:51.231794,0.0,0.0,0.0,False,0,0.0,False,0.0,0.0,0.0,0.0,UNKNOWN,0.0,0.0,0.0,NORMAL,STABLE,NORMAL,NO_ACTION,False,0.0
2026-08-12T02:38:51.244721,0.0,0.0,0.0,False,0,0.0,False,0.0,0.0,0.0,0.0,UNKNOWN,0.0,0.0,0.0,NORMAL,STABLE,NORMAL,NO_ACTION,False,0.0
2026-08-12T02:38:51.265827,0.0,0.0,0.0,False,0,0.0,False,0.0,0.0,0.0,0.0,UNKNOWN,0.0,0.0,0.0,NORMAL,STABLE,NORMAL,NO_ACTION,False,0.0
2026-08-12T02:38:51.284841,0.0,0.0,0.0,False,0,0.0,False,0.0,0.0,0.0,0.0,UNKNOWN,0.0,0.0,0.0,NORMAL,STABLE,NORMAL,NO_ACTION,False,0.0
2026-08-12T02:38:51.316586,0.0,0.0,0.0,False,0,0.0,False,0.0,0.0,0.0,0.0,UNKNOWN,0.0,0.0,0.0,NORMAL,STABLE,NORMAL,NO_ACTION,False,0.0
2026-08-12T02:38:51.348553,0.0,0.0,0.0,False,0,0.0,False,0.0,0.0,0.0,0.0,UNKNOWN,0.0,0.0,0.0,NORMAL,STABLE,NORMAL,NO_ACTION,False,0.0
2026-08-12T02:38:51.736529,0.0,0.0,0.0,False,0,0.0,False,0.0,0.0,0.0,0.0,UNKNOWN,0.0,0.0,0.0,NORMAL,STABLE,NORMAL,NO_ACTION,False,0.0
2026-08-12T02:38:51.809815,0.0,0.0,0.0,False,0,0.0,False,0.0,0.0,0.0,0.0,UNKNOWN,0.0,0.0,0.0,NORMAL,STABLE,NORMAL,NO_ACTION,False,0.0
2026-08-12T02:38:51.884494,0.0,0.0,0.0,False,0,0.0,False,0.0,0.0,0.0,0.0,UNKNOWN,0.0,0.0,0.0,NORMAL,STABLE,NORMAL,NO_ACTION,False,0.0
2026-08-12T02:38:51.959978,0.0,0.0,0.0,False,0,0.0,False,0.0,0.0,0.0,0.0,UNKNOWN,0.0,0.0,0.0,NORMAL,STABLE,NORMAL,NO_ACTION,False,0.0
2026-08-12T02:38:52.034988,0.0,0.0,0.0,False,0,0.0,False,0.0,0.0,0.0,0.0,UNKNOWN,0.0,0.0,0.0,NORMAL,STABLE,NORMAL,NO_ACTION,False,0.0
2026-08-12T02:38:52.105266,0.0,0.0,0.0,False,0,0.0,False,0.0,0.0,0.0,0.0,UNKNOWN,0.0,0.0,0.0,NORMAL,STABLE,NORMAL,NO_ACTION,False,0.0
2026-08-12T02:38:52.182727,0.0,0.0,0.0,False,0,0.0,False,0.0,0.0,0.0,0.0,UNKNOWN,0.0,0.0,0.0,NORMAL,STABLE,NORMAL,NO_ACTION,False,0.0
2026-08-12T02:38:52.255952,0.0,0.0,0.0,False,0,0.0,False,0.0,0.0,0.0,0.0,UNKNOWN,0.0,0.0,0.0,NORMAL,STABLE,NORMAL,NO_ACTION,False,0.0
2026-08-12T02:38:52.330788,0.0,0.0,0.0,False,0,0.0,False,0.0,0.0,0.0,0.0,UNKNOWN,0.0,0.0,0.0,NORMAL,STABLE,NORMAL,NO_ACTION,False,0.0
2026-08-12T02:38:52.403902,0.0,0.0,0.0,False,0,0.0,False,0.0,0.0,0.0,0.0,UNKNOWN,0.0,0.0,0.0,NORMAL,STABLE,NORMAL,NO_ACTION,False,0.0
2026-08-12T02:38:52.478685,0.0,0.0,0.0,False,0,0.0,False,0.0,0.0,0.0,0.0,UNKNOWN,0.0,0.0,0.0,NORMAL,STABLE,NORMAL,NO_ACTION,False,0.0
2026-08-12T02:38:52.549636,0.0,0.0,0.0,False,0,0.0,False,0.0,0.0,0.0,0.0,UNKNOWN,0.0,0.0,0.0,NORMAL,STABLE,NORMAL,NO_ACTION,False,0.0
2026-08-12T02:38:52.621487,0.0,0.0,0.0,False,0,0.0,False,0.0,0.0,0.0,0.0,UNKNOWN,0.0,0.0,0.0,NORMAL,STABLE,NORMAL,NO_ACTION,False,0.0
2026-08-12T02:38:52.693054,0.0,0.0,0.0,False,0,0.0,False,0.0,0.0,0.0,0.0,UNKNOWN,0.0,0.0,0.0,NORMAL,STABLE,NORMAL,NO_ACTION,False,0.0
2026-08-12T02:38:52.768956,0.0,0.0,0.0,False,0,0.0,False,0.0,0.0,0.0,0.0,UNKNOWN,0.0,0.0,0.0,NORMAL,STABLE,NORMAL,NO_ACTION,False,0.0
2026-08-12T02:38:52.839863,0.0,0.0,0.0,False,0,0.0,False,0.0,0.0,0.0,0.0,UNKNOWN,0.0,0.0,0.0,NORMAL,STABLE,NORMAL,NO_ACTION,False,0.0
2026-08-12T02:38:52.914337,0.0,0.0,0.0,False,0,0.0,False,0.0,0.0,0.0,0.0,UNKNOWN,0.0,0.0,0.0,NORMAL,STABLE,NORMAL,NO_ACTION,False,0.0
2026-08-12T02:38:52.985968,0.0,0.0,0.0,False,0,0.0,False,0.0,0.0,0.0,0.0,UNKNOWN,0.0,0.0,0.0,NORMAL,STABLE,NORMAL,NO_ACTION,False,0.0
2026-08-12T02:38:53.060004,0.0,0.0,0.0,False,0,0.0,False,0.0,0.0,0.0,0.0,UNKNOWN,0.0,0.0,0.0,NORMAL,STABLE,NORMAL,NO_ACTION,False,0.0
2026-08-12T02:38:53.129276,0.0,0.0,0.0,False,0,0.0,False,0.0,0.0,0.0,0.0,UNKNOWN,0.0,0.0,0.0,NORMAL,STABLE,NORMAL,NO_ACTION,False,0.0
2026-08-12T02:38:53.204463,0.0,0.0,0.0,False,0,0.0,False,0.0,0.0,0.0,0.0,UNKNOWN,0.0,0.0,0.0,NORMAL,STABLE,NORMAL,NO_ACTION,False,0.0
2026-08-12T02:38:53.278519,0.0,0.0,0.0,False,0,0.0,False,0.0,0.0,0.0,0.0,UNKNOWN,0.0,0.0,0.0,NORMAL,STABLE,NORMAL,NO_ACTION,False,0.0
2026-08-12T02:38:53.352627,0.0,0.0,0.0,False,0,0.0,False,0.0,0.0,0.0,0.0,UNKNOWN,0.0,0.0,0.0,NORMAL,STABLE,NORMAL,NO_ACTION,False,0.0
2026-08-12T02:38:53.423249,0.0,0.0,0.0,False,0,0.0,False,0.0,0.0,0.0,0.0,UNKNOWN,0.0,0.0,0.0,NORMAL,STABLE,NORMAL,NO_ACTION,False,0.0
2026-08-12T02:38:53.497602,0.0,0.0,0.0,False,0,0.0,False,0.0,0.0,0.0,0.0,UNKNOWN,0.0,0.0,0.0,NORMAL,STABLE,NORMAL,NO_ACTION,False,0.0
2026-08-12T02:38:53.571778,0.0,0.0,0.0,False,0,0.0,False,0.0,0.0,0.0,0.0,UNKNOWN,0.0,0.0,0.0,NORMAL,STABLE,NORMAL,NO_ACTION,False,0.0
2026-08-12T02:38:53.649104,0.0,0.0,0.0,False,0,0.0,False,0.0,0.0,0.0,0.0,UNKNOWN,0.0,0.0,0.0,NORMAL,STABLE,NORMAL,NO_ACTION,False,0.0
2026-08-12T02:38:53.721267,0.32943647445309676,0.00506991560497306,0.0,False,0,0.0,False,0.0,-7.6284094032295116,6.6786507080303466,-38.076488038315404,CENTER,0.0,0.8361860142012053,0.06074078783336832,NORMAL,STABLE,NORMAL,NO_ACTION,False,0.0
2026-08-12T02:38:53.826020,0.31918566540168414,0.007952297311951387,0.0,False,0,0.0,False,0.0,-4.602392960180566,5.467336560699891,-38.21385932011637,CENTER,0.0,0.8401868730709877,0.054829001358385844,NORMAL,STABLE,NORMAL,NO_ACTION,False,0.0
2026-08-12T02:38:53.903446,0.332846166484855,0.004154212580726159,0.0,False,0,0.0,False,0.0,-6.731335707245449,4.803474935898322,-38.047350258914236,CENTER,0.0,0.8689235248031183,0.055200701964637916,NORMAL,STABLE,NORMAL,NO_ACTION,False,0.0
2026-08-12T02:38:53.983951,0.32451333891327033,0.008246764999787364,0.0,False,0,0.0,False,0.0,-4.869074531124284,5.931176039127877,-38.1032142547495,CENTER,0.0,0.8759968385631002,0.05285225656703156,NORMAL,STABLE,NORMAL,NO_ACTION,False,0.0
2026-08-12T02:38:54.062646,0.3111145191751014,0.005709037196936918,0.0,False,0,0.0,False,0.0,-4.866201093334638,3.512533562058991,-38.147934665587854,CENTER,0.0,0.8964557773919754,0.04972607399832978,NORMAL,STABLE,NORMAL,NO_ACTION,False,0.0
2026-08-12T02:38:54.143101,0.3024172188313863,0.0021489299896157344,0.0,False,0,0.0,False,0.0,-6.6945496757850265,6.0602964000377995,-38.245207730609906,CENTER,0.0,0.9103172766019988,0.05271261358435781,NORMAL,STABLE,NORMAL,NO_ACTION,False,0.0
2026-08-12T02:38:54.226727,0.3198462158344049,0.005479164908364777,0.0,False,0,0.0,False,0.0,-5.748902512920466,3.0781422430851535,-37.38134030192779,CENTER,0.0,0.9204180550579929,0.04735490167252747,NORMAL,STABLE,NORMAL,NO_ACTION,False,0.0
2026-08-12T02:38:54.307676,0.3147601881962249,0.004572561913513919,0.0,False,0,0.0,False,0.0,-6.76288704868611,1.7019757669513638,-37.72886451915872,CENTER,0.0,0.932700704548795,0.04668762037898294,NORMAL,STABLE,NORMAL,NO_ACTION,False,0.0
2026-08-12T02:38:54.386086,0.3440586900906647,0.005330338574408103,0.0,False,0,0.0,False,0.0,-2.5224346676554603,8.337446714807697,-37.26471431076291,CENTER,0.0,0.9209291598921591,0.045990705562380045,NORMAL,STABLE,NORMAL,NO_ACTION,False,0.0
2026-08-12T02:38:54.468837,0.3520558954060987,0.006869857266732479,0.0,False,0,0.0,False,0.0,-1.5285396252339751,7.1761015609016,-37.04975639736327,CENTER,0.0,0.916079697298158,0.043020538882306135,NORMAL,STABLE,NORMAL,NO_ACTION,False,0.0
2026-08-12T02:38:54.546879,0.3197206554492022,0.0008820338397677862,0.0,False,0,0.0,False,0.0,-3.334640589540072,-2.6273011201424765,-36.865094767811854,CENTER,0.0,0.9041787941835685,0.041268649922234585,NORMAL,STABLE,NORMAL,NO_ACTION,False,0.0
2026-08-12T02:38:54.657506,0.3318141764876146,0.0032274216873187616,0.0,False,0,0.0,False,0.0,-3.881010780512895,7.289346131309344,-37.147720848437274,CENTER,0.0,0.9063068913200568,0.04550170400155211,NORMAL,STABLE,NORMAL,NO_ACTION,False,0.0
2026-08-12T02:38:54.736694,0.32387892061811074,0.008212942680512347,0.0,False,0,0.0,False,0.0,-2.1314893818873486,5.690975457251454,-36.77524904376088,CENTER,0.0,0.9095554491536841,0.04225192790135717,NORMAL,STABLE,NORMAL,NO_ACTION,False,0.0
2026-08-12T02:38:54.817346,0.3386548275375788,0.006342139661666134,0.0,False,0,0.0,False,0.0,-4.0009634000808205,7.564445643152624,-36.69172998162571,CENTER,0.0,0.9116216035604056,0.045374763548849985,NORMAL,STABLE,NORMAL,NO_ACTION,False,0.0
2026-08-12T02:38:54.896497,0.34150504378218344,0.012163355374197217,0.0,False,0,0.0,False,0.0,-4.833836306084123,7.28089180140347,-35.743442615624986,CENTER,0.0,0.961496419079463,0.04505369776015524,NORMAL,STABLE,NORMAL,NO_ACTION,False,0.0
2026-08-12T02:38:54.978197,0.32506493215774257,0.002043868066260257,0.0,False,0,0.0,False,0.0,-3.7971099669884154,10.598318202831479,-35.63707028995958,CENTER,0.0,0.9644312161657359,0.04636991462044044,NORMAL,STABLE,NORMAL,NO_ACTION,False,0.0
2026-08-12T02:38:55.055244,0.34940377641786224,0.006228219792741603,0.0,False,0,0.0,False,0.0,-3.0725731786504866,11.549488670056064,-34.83504235394241,CENTER,0.0,0.9711996175656478,0.04557411295217964,NORMAL,STABLE,NORMAL,NO_ACTION,False,0.0
2026-08-12T02:38:55.136918,0.3567881463138677,0.011303891518629426,0.0,False,0,0.0,False,0.0,-2.7613554263326705,11.77852579964383,-34.86594393833926,CENTER,0.0,0.9682885695301783,0.045467895083353076,NORMAL,STABLE,NORMAL,NO_ACTION,False,0.0
2026-08-12T02:38:55.218658,0.36715082481808314,0.004959885705236074,0.0,False,0,0.0,False,0.0,-2.806451606966675,13.43819642463427,-34.51317744286143,CENTER,0.0,0.9592392962779248,0.046384943750974815,NORMAL,STABLE,NORMAL,NO_ACTION,False,0.0
2026-08-12T02:38:55.302006,0.34673826401898966,0.01070130821454485,0.0,False,0,0.0,False,0.0,-3.0397800675533517,11.117508496855947,-34.03588139267819,CENTER,0.0,0.9547476415527631,0.044442886692815084,NORMAL,STABLE,NORMAL,NO_ACTION,False,0.0
2026-08-12T02:38:55.382586,0.32876347119647564,0.0013760652746083047,0.0,False,0,0.0,False,0.0,-2.875392425428231,15.46356486546,-33.91697762339939,CENTER,0.0,0.9430140879139721,0.047355507985019134,NORMAL,STABLE,NORMAL,NO_ACTION,False,0.0
2026-08-12T02:38:55.464200,0.33553998451672107,0.003740522057154378,0.0,False,0,0.0,False,0.0,-2.9014006294067087,13.555026385648006,-33.288032140763676,CENTER,0.0,0.9395401678546934,0.045364659234589225,NORMAL,STABLE,NORMAL,NO_ACTION,False,0.0
2026-08-12T02:38:55.543712,0.32157243325011003,0.007428458236419361,0.0,False,0,0.0,False,0.0,-4.007025881547548,16.586080825924768,-32.80375535354773,CENTER,0.0,0.9652276747440232,0.04819741373900972,NORMAL,STABLE,NORMAL,NO_ACTION,False,0.0
2026-08-12T02:38:55.623997,0.34982978323359504,0.009955634514421946,0.0,False,0,0.0,False,0.0,-3.7445325853842064,16.616754340398927,-32.732063501284216,CENTER,0.0,0.9684713266093474,0.04789288647587917,NORMAL,STABLE,NORMAL,NO_ACTION,False,0.0
2026-08-12T02:38:55.701838,0.3790551324340473,0.006142147507812245,0.0,False,0,0.0,False,0.0,-3.4314943200435266,17.135281738003727,-29.854934782518598,CENTER,0.0,0.9679556143445033,0.045151503709638954,NORMAL,STABLE,NORMAL,NO_ACTION,False,0.0
2026-08-12T02:38:55.780998,0.3604679094356494,0.0012968523557129437,0.0,False,0,0.0,False,0.0,-3.7631550233908797,17.165291732079766,-29.35912738575277,CENTER,0.0,0.9628870984286203,0.04501289263073209,NORMAL,STABLE,NORMAL,NO_ACTION,False,0.0
2026-08-12T02:38:55.859928,0.3332657870257713,0.004747660977504453,0.0,False,0,0.0,False,0.0,-3.9311425507495983,17.38344541998262,-28.421147949665738,CENTER,0.0,0.9592754078483245,0.04441947977644008,NORMAL,STABLE,NORMAL,NO_ACTION,False,0.0
2026-08-12T02:38:55.941305,0.33188727173643057,0.0036694859891676966,0.0,False,0,0.0,False,0.0,-4.129412672211913,17.311339310389684,-25.42347735144108,CENTER,0.0,0.9570915752682245,0.04162700456065856,NORMAL,STABLE,NORMAL,NO_ACTION,False,0.0
2026-08-12T02:38:56.019966,0.32832749577285425,0.0063367310415300086,0.0,False,0,0.0,False,0.0,-3.789719472663478,16.847726627007148,-24.62864894711285,CENTER,0.0,0.9581869465571724,0.04017646221547816,NORMAL,STABLE,NORMAL,NO_ACTION,False,0.0
2026-08-12T02:38:56.100442,0.4356602412189119,0.0004091472206623096,0.0,False,0,0.0,False,0.0,-3.163382680848855,17.15636185140241,-21.651610238119645,CENTER,0.0,0.9602444341869978,0.036876651309678106,NORMAL,STABLE,NORMAL,NO_ACTION,False,0.0
2026-08-12T02:38:56.179833,0.4145102432945478,0.0018281747272796231,0.0,False,0,0.0,False,0.0,-5.354214604921452,19.43539313070869,-20.45119554529566,CENTER,0.0,0.9607712206667648,0.039518625035925334,NORMAL,STABLE,NORMAL,NO_ACTION,False,0.0
2026-08-12T02:38:56.265678,0.4727343014936205,0.001733443476424058,0.0,False,0,0.0,False,0.0,-5.270865387805401,21.66372745490284,-17.117856186444243,CENTER,0.0,0.964381232547031,0.037810503097752794,NORMAL,STABLE,NORMAL,NO_ACTION,False,0.0
2026-08-12T02:38:56.343589,0.49282709264203534,0.001031166314709884,0.0,False,0,0.0,False,0.0,-3.0143240071360253,23.06813954858586,-16.508196790026176,CENTER,0.0,0.9655272251004311,0.036036369388875396,NORMAL,STABLE,NORMAL,NO_ACTION,False,0.0
2026-08-12T02:38:56.426213,0.4886600689564087,0.00952508237370083,0.0,False,0,0.0,False,0.0,-1.5773109546766193,22.325228627041838,-15.563722857897147,CENTER,0.0,0.9661392218731628,0.033160525344558635,NORMAL,STABLE,NORMAL,NO_ACTION,False,0.0
2026-08-12T02:38:56.505143,0.49382548777524465,0.0013761856624288713,0.0,False,0,0.0,False,0.0,-2.8057312964185144,22.684220543205953,-15.844408368740943,CENTER,0.0,0.9657000401112089,0.03490085561151242,NORMAL,STABLE,NORMAL,NO_ACTION,False,0.0
2026-08-12T02:38:56.587231,0.4956538491597729,0.002202029538679262,0.0,False,0,0.0,False,0.0,-2.835343257961938,24.279169732232845,-16.853972727112705,CENTER,0.0,0.9628250776197824,0.03708845322909068,NORMAL,STABLE,NORMAL,NO_ACTION,False,0.0
2026-08-12T02:38:56.666443,0.5478985425762682,0.0061777801845644045,0.0,False,0,0.0,False,0.0,-1.666633492829476,24.8678586858816,-16.449679729154212,CENTER,0.0,0.9615238248334314,0.03598115733763427,NORMAL,STABLE,NORMAL,NO_ACTION,False,0.0
2026-08-12T02:38:56.746152,0.4626057472738813,0.0005993880892415827,0.0,False,0,0.0,False,0.0,-3.8372571925315526,26.27033376215826,-18.086127953072832,CENTER,0.0,0.9590607424554184,0.040736206042901235,NORMAL,STABLE,NORMAL,NO_ACTION,False,0.0
2026-08-12T02:38:56.823395,0.4688945491280684,0.0025410910006223647,0.0,False,0,0.0,False,0.0,-3.1735523980505604,26.34000639032675,-18.31025951661678,CENTER,0.0,0.9590955917475015,0.04035716781062641,NORMAL,STABLE,NORMAL,NO_ACTION,False,0.0
2026-08-12T02:38:56.904065,0.5095131014336439,0.002581841538361812,0.0,False,0,0.0,False,0.0,-3.881181910141777,24.973932247014005,-18.760719449243197,CENTER,0.0,0.9601397301526063,0.040487846814242036,NORMAL,STABLE,NORMAL,NO_ACTION,False,0.0
2026-08-12T02:38:56.982243,0.46063026406297125,0.002425422867070605,0.0,False,0,0.0,False,0.0,-3.436793499468081,24.642596735186885,-18.89971959019374,UP,0.0,0.960633437132569,0.06636856280741311,NORMAL,STABLE,NORMAL,NO_ACTION,False,0.0
2026-08-12T02:38:57.062623,0.45491512654437993,0.001622998670651337,0.0,False,0,0.0,False,0.0,-3.2610241948252963,24.998360206438605,-18.582099905159964,UP,0.08037996292114258,0.9692571273944248,0.06614684020721054,NORMAL,STABLE,NORMAL,NO_ACTION,False,0.0
2026-08-12T02:38:57.143127,0.4344295297745506,0.002141059146720557,0.0,False,0,0.0,False,0.0,-2.223491773878578,24.52142379808626,-18.86843878841455,CENTER,0.0,0.9670365065586422,0.038638887333721145,NORMAL,STABLE,NORMAL,NO_ACTION,False,0.0
2026-08-12T02:38:57.223377,0.4548821904844822,0.002026934235266104,0.0,False,0,0.0,False,0.0,-2.39577052619768,24.039233844025773,-18.9336132046557,CENTER,0.0,0.9636453242884088,0.038517353092468024,NORMAL,STABLE,NORMAL,NO_ACTION,False,0.0
2026-08-12T02:38:57.302896,0.46436093360750613,0.0026341426359471082,0.0,False,0,0.0,False,0.0,-2.6053767739457783,23.695942046086373,-18.81843698690298,CENTER,0.0,0.9647227894437096,0.038357799897649494,NORMAL,STABLE,NORMAL,NO_ACTION,False,0.0
2026-08-12T02:38:57.383224,0.4739696506762131,0.0009339375620015523,0.0,False,0,0.0,False,0.0,-3.3099211899375973,24.881026700913083,-19.40625858434592,UP,0.0,0.9645607753711053,0.06691511196925537,NORMAL,STABLE,NORMAL,NO_ACTION,False,0.0
2026-08-12T02:38:57.460735,0.4241856009590663,0.001550587399552117,0.0,False,0,0.0,False,0.0,-2.856821880991731,23.356119551831313,-20.379719181162386,UP,0.07751107215881348,0.9641510294189691,0.06630511889779876,NORMAL,STABLE,NORMAL,NO_ACTION,False,0.0
2026-08-12T02:38:57.543186,0.4683494544437651,0.0023310692255746348,0.0,False,0,0.0,False,0.0,-2.500869093741187,25.08720933549202,-20.557834270046868,UP,0.15996217727661133,0.9645607623579268,0.06740164368791719,NORMAL,STABLE,NORMAL,NO_ACTION,False,0.0
2026-08-12T02:38:57.620679,0.36996007984291623,0.0024288380508208558,0.0,False,0,0.0,False,0.0,-5.16667018085505,25.265515014451523,-20.847679612225733,UP,0.23745489120483398,0.9637094272058103,0.070424971296368,NORMAL,STABLE,NORMAL,NO_ACTION,False,0.0
2026-08-12T02:38:57.703262,0.33770751931974574,0.002446115535710698,0.0,False,0,0.0,False,0.0,-4.761428108598835,25.079131659343005,-20.970653524998113,UP,0.3200376033782959,0.9636234751616696,0.07001193879218268,NORMAL,STABLE,NORMAL,NO_ACTION,False,0.0
2026-08-12T02:38:57.782303,0.21123347630926168,0.00476471422233296,0.0,False,0,0.0,False,0.0,-4.480595881099077,21.26839373388964,-20.93940434208909,UP,0.3990793228149414,0.9632157983049188,0.18718942097562177,NORMAL,STABLE,NORMAL,NO_ACTION,False,0.0
2026-08-12T02:38:57.862399,0.32928934343669103,0.002602984657405461,0.0,False,0,0.0,False,0.0,-5.906642654193092,24.60726899041333,-21.357792335811325,UP,0.4791748523712158,0.9632052055776015,0.07116520080748175,NORMAL,STABLE,NORMAL,NO_ACTION,False,0.0
2026-08-12T02:38:57.942654,0.4403489840290908,0.004475662270586795,0.0,False,0,0.0,False,0.0,-5.591632890460886,24.44466681124902,-21.499026925091954,UP,0.5594296455383301,0.9642654803240741,0.0690891615215137,NORMAL,STABLE,NORMAL,NO_ACTION,False,0.0
2026-08-12T02:38:58.021624,0.39975807371694394,0.004355097468533489,0.0,False,0,0.0,False,0.0,-4.171716739823893,23.897730315954476,-20.978491648747763,UP,0.638399600982666,0.9641550895306683,0.07026643678160549,NORMAL,STABLE,NORMAL,NO_ACTION,False,0.0
2026-08-12T02:38:58.102932,0.21049976316711877,0.008489555979082953,0.0,False,0,0.0,False,0.0,-4.468473150987279,23.32314572127933,-21.106127138425762,UP,0.7197084426879883,0.9643067971658829,0.1951147377679297,NORMAL,STABLE,NORMAL,NO_ACTION,False,0.0
2026-08-12T02:38:58.183839,0.32539039210726955,0.003039999766508916,0.0,False,0,0.0,False,0.0,-4.651150981563944,24.349542884029603,-21.155706984035874,UP,0.800614595413208,0.9641652788494514,0.07838427694887179,NORMAL,STABLE,NORMAL,NO_ACTION,False,0.0
2026-08-12T02:38:58.264565,0.37907702200992593,0.004825404043886854,0.0,False,0,0.0,False,0.0,-4.098635346676872,22.260826430429745,-20.518890782760565,UP,0.881340742111206,0.9645534749779542,0.07924233901794883,NORMAL,STABLE,NORMAL,NO_ACTION,False,0.0
2026-08-12T02:38:58.346988,0.48730644347634877,0.0018507842295608754,0.0,False,0,0.0,False,0.0,-5.175293216539018,22.565051740903073,-20.610914527538824,UP,0.9637637138366699,0.9642445291066531,0.08423906411783114,NORMAL,STABLE,NORMAL,NO_ACTION,False,0.0
2026-08-12T02:38:58.428223,0.4907275509171149,0.000896085705614066,0.0,False,0,0.0,False,0.0,-3.5762470412574885,23.12724485820246,-20.34434930731598,UP,1.0449986457824707,0.9640745900083285,0.0864033873593552,NORMAL,STABLE,NORMAL,NO_ACTION,False,0.0
2026-08-12T02:38:58.510092,0.49166014899098764,0.0021700010610621063,0.0,False,0,0.0,False,0.0,-2.9637747994595145,24.052786696095097,-20.46364346350657,UP,1.1268675327301025,0.9642525972773368,0.09020540607893679,NORMAL,STABLE,NORMAL,NO_ACTION,False,0.0
2026-08-12T02:38:58.588925,0.3362583699182178,0.0016673263731666018,0.0,False,0,0.0,False,0.0,-3.0929092000893093,23.208057076717523,-20.533799282662926,CENTER,0.0,0.9650247602513227,0.040155507887215815,NORMAL,STABLE,NORMAL,NO_ACTION,False,0.0
2026-08-12T02:38:58.670004,0.36651987443669637,0.000590654000950569,0.0,False,0,0.0,False,0.0,-5.2087343131081525,21.738328483235023,-21.366249418487683,CENTER,0.0,0.9640000114822165,0.04196202132055761,NORMAL,STABLE,NORMAL,NO_ACTION,False,0.0
2026-08-12T02:38:58.747392,0.4344754104688384,0.0005868076466835193,0.0,False,0,0.0,False,0.0,-3.9650697755263593,23.513110853776254,-20.594618430371668,UP,0.0,0.964453065292475,0.06771520456948155,NORMAL,STABLE,NORMAL,NO_ACTION,False,0.0
2026-08-12T02:38:58.828067,0.4560017341804242,0.0016888147527439961,0.0,False,0,0.0,False,0.0,-3.2940779657679116,22.447361625099205,-20.555738406720252,UP,0.08067488670349121,0.9635596585341955,0.06623828580902313,NORMAL,STABLE,NORMAL,NO_ACTION,False,0.0
2026-08-12T02:38:58.909392,0.4851484662094537,0.0024586984720433337,0.0,False,0,0.0,False,0.0,-4.5835617406007145,21.72801910358004,-20.221785233832918,UP,0.16199994087219238,0.964875759357241,0.06664541530619864,NORMAL,STABLE,NORMAL,NO_ACTION,False,0.0
2026-08-12T02:38:59.006800,0.4274277000016428,0.0016878137315575663,0.0,False,0,0.0,False,0.0,-3.4070271757419732,21.95922084114372,-20.514737609597546,CENTER,0.0,0.964595390425975,0.03952765322271642,NORMAL,STABLE,NORMAL,NO_ACTION,False,0.0
2026-08-12T02:38:59.088975,0.4388424717281896,0.0020383541677449764,0.0,False,0,0.0,False,0.0,-3.383426166187263,21.553346265714225,-20.07388540044755,CENTER,0.0,0.9627043543626298,0.03877523159115976,NORMAL,STABLE,NORMAL,NO_ACTION,False,0.0
2026-08-12T02:38:59.168658,0.44809114393287397,0.0007563047779593088,0.0,False,0,0.0,False,0.0,-3.639043415064407,22.522537594887638,-20.695705526871677,CENTER,0.0,0.9642159651797961,0.040345263308892175,NORMAL,STABLE,NORMAL,NO_ACTION,False,0.0
2026-08-12T02:38:59.248021,0.41083986004393164,0.0015768321669559656,0.0,False,0,0.0,False,0.0,-4.0612037169543385,22.472420285564453,-20.935143351885614,CENTER,0.0,0.9646193867271702,0.04095593267684228,NORMAL,STABLE,NORMAL,NO_ACTION,False,0.0
2026-08-12T02:38:59.329834,0.39762851699205604,0.0012850870231117233,0.0,False,0,0.0,False,0.0,-5.782396358772388,21.639037862726354,-20.627942147065596,CENTER,0.0,0.9705585623652755,0.04172802015488375,NORMAL,STABLE,NORMAL,NO_ACTION,False,0.0
2026-08-12T02:38:59.408430,0.4191256970222852,0.0013028721034850496,0.0,False,0,0.0,False,0.0,-3.303167490441922,22.66824233389596,-20.74922501837534,CENTER,0.0,0.970329517410102,0.04017588567977341,NORMAL,STABLE,NORMAL,NO_ACTION,False,0.0
2026-08-12T02:38:59.487890,0.4296683970612436,0.0011072715343515278,0.0,False,0,0.0,False,0.0,-3.240320622908513,21.954938741481442,-20.69898039843764,CENTER,0.0,0.9640798993851655,0.03954167163557242,NORMAL,STABLE,NORMAL,NO_ACTION,False,0.0
2026-08-12T02:38:59.566172,0.3991995804782177,0.0006241558549652002,0.0,False,0,0.0,False,0.0,-3.4759970268760583,23.0369283161848,-21.049236418736513,UP,0.0,0.9637865563149128,0.06733198478438461,NORMAL,STABLE,NORMAL,NO_ACTION,False,0.0
2026-08-12T02:38:59.646418,0.10512343118923034,0.0026281951325388304,0.013513513513513514,True,0,0.0,False,0.0,-5.417517537897737,20.519697448651357,-21.251851636358282,UP,0.0802457332611084,0.9661340166017539,0.2708347522876904,LOW,STABLE,NORMAL,NO_ACTION,False,0.0
2026-08-12T02:38:59.726541,0.09019150959247173,0.0007666314533409449,0.02666666666666667,True,0,0.0,False,0.08012247085571289,-4.847877397331814,19.561145603841823,-20.758675334226012,UP,0.1603682041168213,0.9664363778047227,0.2690911137569791,LOW,STABLE,NORMAL,NO_ACTION,False,0.08012247085571289
2026-08-12T02:38:59.808477,0.06173431675724851,0.002084520016775583,0.039473684210526314,True,0,0.0,False,0.16205859184265137,-5.137252004104823,17.600919774167977,-21.00087437919484,UP,0.24230432510375977,0.9662570562046835,0.26817258437074926,LOW,STABLE,NORMAL,NO_ACTION,False,0.16205859184265137
2026-08-12T02:38:59.886046,0.052397388070267045,0.0032630144051661995,0.05194805194805195,True,0,0.0,False,0.23962783813476562,-6.568798084303495,18.568214642821744,-20.8973476860765,UP,0.319873571395874,0.9654272969025574,0.2701821731242436,LOW,INCREASING,NORMAL,NO_ACTION,False,0.23962783813476562
2026-08-12T02:38:59.967036,0.056009494391522946,0.004057106013945799,0.0641025641025641,True,0,0.0,False,0.3206174373626709,-4.812885262858998,15.647124092985024,-20.648902527267552,UP,0.4008631706237793,0.9646594933433766,0.2660766863277815,LOW,INCREASING,NORMAL,NO_ACTION,False,0.3206174373626709
2026-08-12T02:39:00.054486,0.0654386569683553,0.00414578805521145,0.0759493670886076,True,0,0.0,False,0.4080674648284912,-6.200467757425827,17.183474323508705,-20.911010268453822,UP,0.4883131980895996,0.9659230859910837,0.2688187359974891,LOW,INCREASING,NORMAL,NO_ACTION,False,0.4080674648284912
2026-08-12T02:39:00.137442,0.07491092116863489,0.0071633636012811116,0.0875,True,0,0.0,False,0.4910237789154053,-5.220118631495012,16.241620938691966,-21.09829666296983,UP,0.5712695121765137,0.9659541874877523,0.266086108672354,LOW,INCREASING,NORMAL,NO_ACTION,False,0.4910237789154053
2026-08-12T02:39:00.215199,0.0702127810376845,0.003129617346157377,0.09876543209876543,True,0,0.0,False,0.5687804222106934,-5.241511681124848,17.61140415280647,-21.196167545997696,UP,0.6490261554718018,0.9656883282505389,0.27063243912928786,LOW,INCREASING,NORMAL,NO_ACTION,False,0.5687804222106934
2026-08-12T02:39:00.295220,0.06827097126515813,0.00912961216334404,0.10975609756097561,True,0,0.0,False,0.6488020420074463,-6.682142403767131,17.938327130039056,-21.34482782860107,UP,0.7290477752685547,0.967598819015775,0.28090905673045447,LOW,INCREASING,NORMAL,NO_ACTION,False,0.6488020420074463
2026-08-12T02:39:00.375327,0.0566787528242787,0.011752037114350317,0.12048192771084337,True,0,0.0,False,0.7289085388183594,-6.203919771465394,16.93064508369639,-20.781612357851174,UP,0.8091542720794678,0.9673440990593768,0.2881281216848718,LOW,INCREASING,NORMAL,NO_ACTION,False,0.7289085388183594
2026-08-12T02:39:00.456159,0.062247609826909064,0.0009773834016207868,0.13095238095238096,True,0,0.0,False,0.8097405433654785,-5.750619977795253,16.71665710694947,-21.048027554947367,UP,0.8899862766265869,0.966702132936508,0.29666819993778504,LOW,INCREASING,NORMAL,NO_ACTION,False,0.8097405433654785
2026-08-12T02:39:00.535353,0.06025156398055105,0.006118720275317839,0.1411764705882353,True,0,0.0,False,0.8889350891113281,-5.007540764601146,15.324483867047832,-20.999651820344724,UP,0.9691808223724365,0.9665984179036842,0.30355459039946375,LOW,INCREASING,NORMAL,NO_ACTION,False,0.8889350891113281
2026-08-12T02:39:00.616896,0.06538703406932309,0.005659987824669648,0.1511627906976744,True,0,0.0,False,0.9704775810241699,-4.542369651951418,16.858123481088057,-20.89877334751816,UP,1.0507233142852783,0.9664927378809034,0.31279159432399145,LOW,INCREASING,NORMAL,NO_ACTION,False,0.9704775810241699
2026-08-12T02:39:00.695944,0.0840466181142453,0.007282091450611899,0.16091954022988506,True,0,0.0,False,1.0495262145996094,-3.8605143552063623,16.037229473547313,-20.68837980236944,UP,1.1297719478607178,0.9658571221891535,0.31975474988450886,LOW,INCREASING,NORMAL,NO_ACTION,False,1.0495262145996094
2026-08-12T02:39:00.779003,0.07003260880950364,0.0032857084893336817,0.17045454545454544,True,0,0.0,False,1.132584571838379,-5.067350592246356,16.126422023749285,-21.09100838626574,UP,1.2128303050994873,0.9663762048672349,0.3298980120260159,LOW,INCREASING,NORMAL,NO_ACTION,False,1.132584571838379
2026-08-12T02:39:00.858606,0.05966702733004049,0.003015115549355849,0.1797752808988764,True,0,0.0,False,1.2121882438659668,-4.7932052333554225,15.250433960750371,-20.942457909856785,UP,1.2924339771270752,0.9659391963060945,0.3370831357020348,LOW,INCREASING,NORMAL,NO_ACTION,False,1.2121882438659668
2026-08-12T02:39:00.939517,0.05468049173303527,0.005491607104653577,0.18888888888888888,True,0,0.0,False,1.2930991649627686,-5.997828154724459,17.5044979562698,-20.884639469345814,UP,1.373344898223877,0.9660038848165294,0.3480538768177892,LOW,INCREASING,NORMAL,NO_ACTION,False,1.2930991649627686
2026-08-12T02:39:01.019189,0.055846712119167384,0.0058167480334484585,0.1978021978021978,True,0,0.0,False,1.3727707862854004,-5.873206527060319,16.23306759219875,-21.330124990282087,UP,1.4530165195465088,0.9651792136672056,0.3554723891786308,MODERATE,INCREASING,NORMAL,NO_ACTION,False,1.3727707862854004
2026-08-12T02:39:01.099459,0.05007041843599912,0.005180669112609277,0.20652173913043478,True,0,0.0,False,1.4530410766601562,-4.28766957955591,16.54439682392379,-21.03198807117593,UP,1.5332868099212646,0.965606332212669,0.3618230910438983,MODERATE,INCREASING,NORMAL,NO_ACTION,False,1.4530410766601562
2026-08-12T02:39:01.178773,0.06304101270363241,0.004490911558373643,0.21505376344086022,True,0,0.0,True,1.5323550701141357,-5.322297697902712,16.27565949615436,-20.7599725543258,UP,1.6126008033752441,0.9651300238523908,0.46363664358320156,MODERATE,INCREASING,HIGH,STRONG_WARNING,True,1.5323550701141357
2026-08-12T02:39:02.142567,0.06296224319083177,0.004091832795133565,0.22340425531914893,True,0,0.0,True,2.4961490631103516,-4.306029085731609,15.920459753977866,-20.753525499451143,UP,2.57639479637146,0.9645798266644622,0.5678296531624213,HIGH,INCREASING,HIGH,STRONG_WARNING,False,2.4961490631103516
2026-08-12T02:39:02.228364,0.09058849384809246,0.001043838401645976,0.23157894736842105,True,0,0.0,True,2.5819456577301025,-4.342260309960693,18.41861129460537,-20.607602832333185,UP,2.662191390991211,0.9652111740336567,0.5827194762270631,HIGH,INCREASING,HIGH,STRONG_WARNING,False,2.5819456577301025
2026-08-12T02:39:02.314171,0.16700935516387694,0.003358297934666083,0.23958333333333334,True,0,0.0,True,2.667752504348755,-4.055172410279965,21.693851618599638,-21.6287130898273,UP,2.7479982376098633,0.9639211386071919,0.5758719639684746,HIGH,INCREASING,HIGH,STRONG_WARNING,False,2.667752504348755
2026-08-12T02:39:02.395470,0.2655442131631869,0.0002899705856513121,0.23711340206185566,False,0,2.749051809310913,False,0.0,-5.054189363881022,22.090993875132625,-21.871965414553244,UP,2.8292975425720215,0.9220060637584508,0.3322751459712178,LOW,INCREASING,HIGH,STRONG_WARNING,False,0.0
2026-08-12T02:39:02.481386,0.4044826859770172,0.0021110443600674852,0.23469387755102042,False,0,2.749051809310913,False,0.0,-3.850096524010354,22.165773385359813,-21.036745927799785,UP,2.9152140617370605,0.9230634218306023,0.28504854490481163,LOW,INCREASING,HIGH,STRONG_WARNING,False,0.0
2026-08-12T02:39:02.562735,0.403971776121744,0.003355031036492089,0.23232323232323232,False,0,2.749051809310913,False,0.0,-2.4472341672641846,20.39347847046028,-20.635020634711623,UP,2.996562957763672,0.9221650350437243,0.28434235154214815,LOW,INCREASING,HIGH,STRONG_WARNING,False,0.0
2026-08-12T02:39:02.650405,0.4599033018546765,0.00042004759937879025,0.23,False,0,2.749051809310913,False,0.0,-2.3155196674936462,21.413903098178594,-20.598428056622367,UP,3.0842323303222656,0.921537745298415,0.2838863329954282,LOW,INCREASING,HIGH,STRONG_WARNING,False,0.0
2026-08-12T02:39:02.729553,0.4930924188177858,0.004971667778262753,0.22772277227722773,False,0,2.749051809310913,False,0.0,-2.2625462621137444,21.211906600592158,-20.47563569498311,UP,3.1633810997009277,0.9227336745848032,0.28237200367818827,LOW,INCREASING,HIGH,STRONG_WARNING,False,0.0
2026-08-12T02:39:02.817957,0.4665940225566577,0.0010988180972314667,0.22549019607843138,False,0,2.749051809310913,False,0.0,-2.5928114016095947,21.1537000030944,-20.591558827899775,UP,3.2517850399017334,0.9224601146078287,0.281612979285741,LOW,INCREASING,HIGH,STRONG_WARNING,False,0.0
2026-08-12T02:39:02.898890,0.4752378658529926,0.0017230153466553598,0.22330097087378642,False,0,2.749051809310913,False,0.0,-2.616627818548494,20.30743315985876,-20.64217614797667,UP,3.3327174186706543,0.9223781162735155,0.27991076221230776,LOW,INCREASING,HIGH,STRONG_WARNING,False,0.0
2026-08-12T02:39:02.984447,0.4670364829869641,0.004503996272679282,0.22115384615384615,False,0,2.749051809310913,False,0.0,-2.236820240657977,19.872453256104052,-20.334066143121788,CENTER,0.0,0.9232389495149912,0.14235851880976952,NORMAL,INCREASING,HIGH,STRONG_WARNING,False,0.0
2026-08-12T02:39:03.066371,0.4711858232723016,0.0033970087916746976,0.21904761904761905,False,0,2.749051809310913,False,0.0,-1.9589939280078568,20.206818606340732,-20.77606081638595,CENTER,0.0,0.9230553861928644,0.1416777485849051,NORMAL,INCREASING,HIGH,STRONG_WARNING,False,0.0
2026-08-12T02:39:03.158273,0.4568069201973031,0.0007485401831865563,0.2169811320754717,False,0,2.749051809310913,False,0.0,-3.081051626770204,20.260164198639984,-20.772265845272386,CENTER,0.0,0.9233840761179086,0.14176330012212404,NORMAL,STABLE,HIGH,STRONG_WARNING,False,0.0
2026-08-12T02:39:03.244535,0.4833509705330901,0.0018620830746325675,0.21495327102803738,False,0,2.749051809310913,False,0.0,-2.499051247243301,20.759591690100308,-20.740131699849883,CENTER,0.0,0.9226954368906769,0.14046681919212511,NORMAL,STABLE,HIGH,STRONG_WARNING,False,0.0
2026-08-12T02:39:03.330748,0.46239114063420084,0.007139436332513679,0.21296296296296297,False,0,2.749051809310913,False,0.0,-3.2940831383587863,19.80069403060898,-21.016251001781598,CENTER,0.0,0.9234392185050461,0.1397832647083536,NORMAL,STABLE,HIGH,STRONG_WARNING,False,0.0
2026-08-12T02:39:03.416221,0.47492589522039436,0.0024122782076585626,0.21100917431192662,False,0,2.749051809310913,False,0.0,-2.3218376088874777,18.604872086497124,-20.74293259412866,CENTER,0.0,0.9234007444686336,0.13661662361790597,NORMAL,STABLE,HIGH,STRONG_WARNING,False,0.0
2026-08-12T02:39:03.503559,0.4420103767818152,0.0006964646926361983,0.20909090909090908,False,0,2.749051809310913,False,0.0,-4.029453677954109,20.411247023932162,-21.340715993998998,CENTER,0.0,0.9233527669844943,0.13928900467456523,NORMAL,STABLE,HIGH,STRONG_WARNING,False,0.0
2026-08-12T02:39:03.595777,0.4773460322266436,0.0007152909210871865,0.2072072072072072,False,0,2.749051809310913,False,0.0,-3.853739369290622,20.15763344477267,-20.640405782668893,CENTER,0.0,0.9240245263968497,0.1372383843912543,NORMAL,STABLE,HIGH,STRONG_WARNING,False,0.0
2026-08-12T02:39:03.681081,0.4958071225052141,0.007747798766216763,0.20535714285714285,False,0,2.749051809310913,False,0.0,-2.6000237505522534,19.828790023250633,-20.55232777107281,CENTER,0.0,0.9241829379240765,0.134681480462464,NORMAL,STABLE,HIGH,STRONG_WARNING,False,0.0
2026-08-12T02:39:03.762825,0.4990397435895293,0.0066640517972598725,0.20353982300884957,False,0,2.749051809310913,False,0.0,-2.005664073159153,20.213167611730114,-20.664119335474652,CENTER,0.0,0.9242034872639255,0.1335400751416931,NORMAL,STABLE,HIGH,STRONG_WARNING,False,0.0
2026-08-12T02:39:03.848154,0.49128259882461023,0.0011767566970211647,0.20175438596491227,False,0,2.749051809310913,False,0.0,-3.2434547141674273,22.763333580885444,-21.324009009920616,CENTER,0.0,0.923131886459252,0.13643222500693947,NORMAL,STABLE,HIGH,STRONG_WARNING,False,0.0
2026-08-12T02:39:03.932714,0.4842147700341466,0.005440089869651785,0.2,False,0,2.749051809310913,False,0.0,-2.718139422532005,22.315650435157607,-21.007406874150348,CENTER,0.0,0.9239329126632005,0.13433716771602294,NORMAL,STABLE,HIGH,STRONG_WARNING,False,0.0
2026-08-12T02:39:04.013398,0.4808849793709954,0.0038914335411846723,0.19827586206896552,False,0,2.749051809310913,False,0.0,-1.3695669585334826,19.14013559232245,-20.567870466806397,CENTER,0.0,0.9250188557129385,0.1292565646234629,NORMAL,STABLE,HIGH,STRONG_WARNING,False,0.0
2026-08-12T02:39:04.119150,0.4963328875233959,0.008853597103200153,0.19658119658119658,False,0,2.749051809310913,False,0.0,-1.444041333684595,20.282870836610613,-20.663755945925544,CENTER,0.0,0.923897486198376,0.1294045086585619,NORMAL,STABLE,HIGH,STRONG_WARNING,False,0.0
2026-08-12T02:39:04.199825,0.5310837113882005,0.009948276377665634,0.19491525423728814,False,0,2.749051809310913,False,0.0,-2.343786810882591,20.813807794514588,-21.010305669681117,CENTER,0.0,0.9284965329447752,0.13018640388468675,NORMAL,STABLE,HIGH,STRONG_WARNING,False,0.0
2026-08-12T02:39:04.280392,0.4989776531546454,0.0009640676333643303,0.19327731092436976,False,0,2.749051809310913,False,0.0,-2.7267542241913247,21.171712060993087,-21.22098355085464,CENTER,0.0,0.9246219872578019,0.1301980426242111,NORMAL,STABLE,HIGH,STRONG_WARNING,False,0.0
2026-08-12T02:39:04.361780,0.1556779309904736,0.004100710302358938,0.2,True,0,2.749051809310913,False,0.0,-5.062305948728891,17.278929711864805,-21.25776172344817,CENTER,0.0,0.9251044738159537,0.3335978153241095,LOW,STABLE,HIGH,STRONG_WARNING,False,0.0
2026-08-12T02:39:04.442593,0.1588352438296343,0.0017695326409061301,0.2066115702479339,True,0,2.749051809310913,False,0.08081293106079102,-3.897495302897795,19.339340139979498,-21.13055426369064,CENTER,0.0,0.9252590167931241,0.3329102562477304,LOW,STABLE,HIGH,STRONG_WARNING,False,0.08081293106079102
2026-08-12T02:39:04.524763,0.41516403254722134,0.004944758162115271,0.20491803278688525,False,1,0.16298270225524902,False,0.0,-3.647307066460229,20.093399202836565,-20.924250492847193,CENTER,0.0,0.9957215577846366,0.09063241568963913,NORMAL,STABLE,HIGH,STRONG_WARNING,False,0.0
2026-08-12T02:39:04.602749,0.43958983091623416,0.0030184985846749527,0.2032520325203252,False,1,0.16298270225524902,False,0.0,-3.0758851117239203,20.932313180991116,-20.90843983989646,CENTER,0.0,0.9964951587148491,0.08983981462206839,NORMAL,STABLE,HIGH,STRONG_WARNING,False,0.0
2026-08-12T02:39:04.684078,0.4515122912231025,0.001775157316881207,0.20161290322580644,False,1,0.16298270225524902,False,0.0,-4.295368875350448,20.889597134130042,-21.18428583024817,CENTER,0.0,0.9946052624528464,0.09042934666701802,NORMAL,STABLE,HIGH,STRONG_WARNING,False,0.0
2026-08-12T02:39:04.763523,0.4523374694535066,0.0029701311560943176,0.2,False,1,0.16298270225524902,False,0.0,-3.2907051555077658,20.403667539321333,-20.910386774183507,CENTER,0.0,0.9943640287422839,0.08804073730328664,NORMAL,STABLE,HIGH,STRONG_WARNING,False,0.0
2026-08-12T02:39:04.844925,0.4733253093925067,0.001107967469388567,0.1984126984126984,False,1,0.16298270225524902,False,0.0,-3.2925834455198526,19.518473087554156,-21.007376411947376,CENTER,0.0,0.9947632405264061,0.0867029855582549,NORMAL,STABLE,HIGH,STRONG_WARNING,False,0.0
2026-08-12T02:39:04.926147,0.4927378336786858,0.000994116761137457,0.1968503937007874,False,1,0.16298270225524902,False,0.0,-2.6310527487424338,19.6816522061699,-20.657040562089378,CENTER,0.0,0.9961702942815501,0.0850652947800952,NORMAL,STABLE,HIGH,STRONG_WARNING,False,0.0
2026-08-12T02:39:05.005843,0.49647866230960297,0.0007751563718576915,0.1953125,False,1,0.16298270225524902,False,0.0,-2.3350682072943414,20.053058305036785,-20.586754684311188,CENTER,0.0,0.9956782755701303,0.08421188081962819,NORMAL,STABLE,HIGH,STRONG_WARNING,False,0.0
2026-08-12T02:39:05.083387,0.15649133809124116,0.002733736267899643,0.20155038759689922,True,1,0.16298270225524902,False,0.0,-4.165613381794856,17.69875339846905,-21.305020684008127,CENTER,0.0,0.9957651481052812,0.2794297866020179,LOW,STABLE,HIGH,STRONG_WARNING,False,0.0
2026-08-12T02:39:05.164227,0.12826201667114462,0.007884622798172307,0.2076923076923077,True,1,0.16298270225524902,False,0.0808403491973877,-3.367403586554019,18.02451348602409,-20.625285296709222,UP,0.0,0.9962389483667694,0.3159679288069803,LOW,STABLE,HIGH,STRONG_WARNING,False,0.0808403491973877
2026-08-12T02:39:05.242497,0.3813099168417512,0.0005116212831208942,0.20610687022900764,False,2,0.15911078453063965,False,0.0,-3.986651805788938,21.565263418398416,-21.140946936871785,UP,0.07827043533325195,0.9948105817043895,0.11882529452072411,NORMAL,STABLE,HIGH,STRONG_WARNING,False,0.0
2026-08-12T02:39:05.327830,0.4304332585395195,0.0014889671032961755,0.20454545454545456,False,2,0.15911078453063965,False,0.0,-2.87991075494665,21.18946904412067,-21.388908963901514,UP,0.16360259056091309,0.9956881349665638,0.11694620723755711,NORMAL,STABLE,HIGH,STRONG_WARNING,False,0.0
2026-08-12T02:39:05.406917,0.4860613835664306,0.001141953010305326,0.20300751879699247,False,2,0.15911078453063965,False,0.0,-3.1505868166161406,20.542442122426934,-21.132860735482723,UP,0.2426900863647461,0.9962952782064471,0.11572402820375163,NORMAL,STABLE,HIGH,STRONG_WARNING,False,0.0
2026-08-12T02:39:05.487839,0.4515524959443691,0.005936800110706555,0.20149253731343283,False,2,0.15911078453063965,False,0.0,-2.9630479677798007,20.511685636279623,-20.872413158743456,UP,0.3236117362976074,0.9968285429526749,0.11451293010845928,NORMAL,STABLE,HIGH,STRONG_WARNING,False,0.0
2026-08-12T02:39:05.567248,0.4668921302106473,0.001918963249158726,0.2,False,2,0.15911078453063965,False,0.0,-3.6835767552242658,20.02470458787019,-21.06423998748474,CENTER,0.0,0.9972515458890605,0.08829351758421863,NORMAL,STABLE,HIGH,STRONG_WARNING,False,0.0
2026-08-12T02:39:05.647951,0.4820936959026818,0.001494913565445737,0.19852941176470587,False,2,0.15911078453063965,False,0.0,-2.9948694869826227,19.463368718537737,-20.847121772400158,CENTER,0.0,0.9957138551311727,0.08628053783625805,NORMAL,STABLE,HIGH,STRONG_WARNING,False,0.0
2026-08-12T02:39:05.727258,0.47285529240983426,0.008170258415943536,0.19708029197080293,False,2,0.15911078453063965,False,0.0,-2.1966948764548135,19.800870490775026,-20.639877917208906,CENTER,0.0,0.996259363747428,0.08483154847448923,NORMAL,STABLE,HIGH,STRONG_WARNING,False,0.0
2026-08-12T02:39:05.810153,0.4872702224748984,0.006692627996088763,0.1956521739130435,False,2,0.15911078453063965,False,0.0,-1.481307844046654,18.570173905851505,-20.401749748859544,CENTER,0.0,0.9947429457090191,0.08231045320021306,NORMAL,STABLE,HIGH,STRONG_WARNING,False,0.0
2026-08-12T02:39:05.891533,0.47826455820332503,0.006391197037365677,0.19424460431654678,False,2,0.15911078453063965,False,0.0,-3.214086048636375,20.09807211050125,-20.104047649839146,CENTER,0.0,0.9948664828746571,0.08409207557735257,NORMAL,STABLE,HIGH,STRONG_WARNING,False,0.0
2026-08-12T02:39:05.975319,0.4830698821030285,0.004823868550861293,0.19285714285714287,False,2,0.15911078453063965,False,0.0,-2.5171381161482884,21.269007193041944,-20.637588627679634,CENTER,0.0,0.9965360966435185,0.08408666533982491,NORMAL,STABLE,HIGH,STRONG_WARNING,False,0.0
2026-08-12T02:39:06.053857,0.48927426319300216,0.00021400051438439193,0.19148936170212766,False,2,0.15911078453063965,False,0.0,-2.1052567177586923,18.962685915142515,-20.5814668052345,CENTER,0.0,0.9964606240354937,0.08128642851562315,NORMAL,STABLE,HIGH,STRONG_WARNING,False,0.0
2026-08-12T02:39:06.134700,0.06259982635986061,0.002704404418726945,0.19718309859154928,True,2,0.15911078453063965,False,0.0,-3.503881622122975,16.99992351603072,-21.23231947743605,UP,0.0,0.9975107301311728,0.3106893173384092,LOW,STABLE,HIGH,STRONG_WARNING,False,0.0
2026-08-12T02:39:06.213628,0.09342757771650292,0.004534114837341257,0.20279720279720279,True,2,0.15911078453063965,False,0.07892823219299316,-3.1828610020224346,16.774323879864312,-21.04709499819549,UP,0.07892823219299316,0.9967852607381686,0.3128459410898244,LOW,STABLE,HIGH,STRONG_WARNING,True,0.07892823219299316
2026-08-12T02:39:07.168847,0.48144121166956805,0.0014836797245483856,0.2013888888888889,False,2,1.0341472625732422,False,0.0,-2.9640609013817425,19.3223034719675,-21.03976417622829,UP,1.0341472625732422,0.9220853254978688,0.1797680041254599,NORMAL,RISING,HIGH,STRONG_WARNING,False,0.0
2026-08-12T02:39:07.250566,0.4822599579846085,0.0046633682205228875,0.2,False,2,1.0341472625732422,False,0.0,-2.1494514492348458,18.910494645359194,-20.560013715210516,UP,1.1158661842346191,0.9228179865857095,0.18112516108852578,NORMAL,STABLE,HIGH,STRONG_WARNING,False,0.0
2026-08-12T02:39:07.333553,0.49688415688056103,0.002358541346302638,0.19863013698630136,False,2,1.0341472625732422,False,0.0,-1.5410768825831838,19.515083234622125,-21.08831952603194,UP,1.1988532543182373,0.9221184382961003,0.18453215997556058,NORMAL,STABLE,HIGH,STRONG_WARNING,False,0.0
2026-08-12T02:39:07.414679,0.5107828030399881,0.006944065660040636,0.19727891156462585,False,2,1.0341472625732422,False,0.0,-1.6168910394311808,20.76921759207795,-21.11896508726636,UP,1.2799794673919678,0.9220897786841072,0.18854063600735751,NORMAL,STABLE,HIGH,STRONG_WARNING,False,0.0
2026-08-12T02:39:07.511766,0.5766739195508881,0.006060449983141444,0.19594594594594594,False,2,1.0341472625732422,False,0.0,-3.3181114952529924,20.579815553580886,-21.600034419647756,CENTER,0.0,0.9211331646213013,0.13211606741329154,NORMAL,STABLE,HIGH,STRONG_WARNING,False,0.0
2026-08-12T02:39:07.596966,0.4876773840490971,0.006478082751903053,0.19463087248322147,False,2,1.0341472625732422,False,0.0,-2.6183557697131334,21.341520249444216,-21.27285062819999,CENTER,0.0,0.9218906292101459,0.13097406596193645,NORMAL,STABLE,HIGH,STRONG_WARNING,False,0.0
2026-08-12T02:39:07.684105,0.5464063353853148,0.008514774428714292,0.19333333333333333,False,2,1.0341472625732422,False,0.0,-1.2459474706654703,20.527071564159485,-20.92572247701034,CENTER,0.0,0.9231087746714556,0.12796069884802008,NORMAL,STABLE,HIGH,STRONG_WARNING,False,0.0
2026-08-12T02:39:07.770466,0.5141221082434873,0.004577964130824363,0.19205298013245034,False,2,1.0341472625732422,False,0.0,-1.715474166128928,20.553552953983456,-21.024856482658436,CENTER,0.0,0.922539911227158,0.12788418639117394,NORMAL,STABLE,HIGH,STRONG_WARNING,False,0.0
2026-08-12T02:39:07.868690,0.5093786319733649,0.002144339242919949,0.19078947368421054,False,2,1.0341472625732422,False,0.0,-0.9686575659498544,20.94139679226518,-21.085769694727787,CENTER,0.0,0.9233228510266631,0.12682987040754753,NORMAL,STABLE,HIGH,STRONG_WARNING,False,0.0
2026-08-12T02:39:07.950255,0.5248158622373351,0.011435083830163504,0.1895424836601307,False,2,1.0341472625732422,False,0.0,-1.0360358065113076,22.027214419892374,-20.994270248291002,CENTER,0.0,0.9243643492874901,0.12697307747008202,NORMAL,STABLE,HIGH,STRONG_WARNING,False,0.0
2026-08-12T02:39:08.031437,0.5258955933207657,0.001718622399827476,0.18831168831168832,False,2,1.0341472625732422,False,0.0,-2.2155726517999312,21.312736013768586,-21.779456023780114,CENTER,0.0,0.9243098288537379,0.12776531211579323,NORMAL,STABLE,HIGH,STRONG_WARNING,False,0.0
2026-08-12T02:39:08.112535,0.5185426579064093,0.007665571118520444,0.1870967741935484,False,2,1.0341472625732422,False,0.0,-1.3815660929903117,19.90400848115752,-21.270781426868467,CENTER,0.0,0.9235563696446942,0.12472591251974549,NORMAL,STABLE,HIGH,STRONG_WARNING,False,0.0
2026-08-12T02:39:08.198714,0.5162493834347239,0.0037509142566966073,0.1858974358974359,False,2,1.0341472625732422,False,0.0,-1.0461525222381738,19.612432701208974,-21.389839215473216,CENTER,0.0,0.9235361810378085,0.12366487683138333,NORMAL,STABLE,HIGH,STRONG_WARNING,False,0.0
2026-08-12T02:39:08.287302,0.4774332981615732,0.007872662967232545,0.18471337579617833,False,2,1.0341472625732422,False,0.0,-1.849752642689964,18.169528553423447,-21.346651982021683,CENTER,0.0,0.9244900460666521,0.12272542053559674,NORMAL,STABLE,HIGH,STRONG_WARNING,False,0.0
2026-08-12T02:39:08.376401,0.5077358777347658,0.009343013380424257,0.18354430379746836,False,2,1.0341472625732422,False,0.0,-2.259204962606134,19.71054796575376,-21.093860269464642,CENTER,0.0,0.924874537649422,0.1234330047311675,NORMAL,STABLE,HIGH,STRONG_WARNING,False,0.0
2026-08-12T02:39:08.457858,0.5000178304455473,0.00422372527883181,0.18238993710691823,False,2,1.0341472625732422,False,0.0,-2.162783407974132,20.044208516144977,-21.097268629286702,CENTER,0.0,0.9246885860262959,0.12298948958244618,NORMAL,STABLE,HIGH,STRONG_WARNING,False,0.0
2026-08-12T02:39:08.539887,0.47679518753772576,0.0019472860096397258,0.18125,False,2,1.0341472625732422,False,0.0,-2.366175317065597,18.80613934692809,-20.87164039177179,CENTER,0.0,0.9239799199000587,0.12144204960242552,NORMAL,STABLE,HIGH,STRONG_WARNING,False,0.0
2026-08-12T02:39:08.617372,0.4926119141482532,0.0021749915054743874,0.18012422360248448,False,2,1.0341472625732422,False,0.0,-2.59538196826864,18.34647202354327,-21.26069898124635,CENTER,0.0,0.925032376979534,0.12113006665817994,NORMAL,STABLE,HIGH,STRONG_WARNING,False,0.0
2026-08-12T02:39:08.697996,0.40271156551345266,0.0016792460930984859,0.17901234567901234,False,2,1.0341472625732422,False,0.0,-2.5444387945585163,20.904495186602844,-21.839068253177828,CENTER,0.0,0.9248273313874805,0.12300445625179657,NORMAL,STABLE,NORMAL,NO_ACTION,False,0.0
2026-08-12T02:39:08.787333,0.1310559532790864,0.0007912760707004593,0.18404907975460122,True,2,1.0341472625732422,False,0.0,-3.575018144629439,17.40005009365771,-22.389774606854928,CENTER,0.0,0.9261499525784463,0.33291080883688406,LOW,INCREASING,NORMAL,NO_ACTION,False,0.0
2026-08-12T02:39:08.877961,0.35392824237243825,0.0024488894052155613,0.18292682926829268,False,3,0.09062743186950684,False,0.0,-3.9029768829868488,20.753773078415918,-21.65445008423407,CENTER,0.0,0.9966108458719136,0.0810631063444002,NORMAL,INCREASING,NORMAL,NO_ACTION,False,0.0
2026-08-12T02:39:08.956443,0.4217029863610874,0.008540135222905185,0.18181818181818182,False,3,0.09062743186950684,False,0.0,-2.993965149198658,20.3751817363609,-21.90512472322598,CENTER,0.0,0.9976868596750686,0.07960140129953824,NORMAL,INCREASING,NORMAL,NO_ACTION,False,0.0
2026-08-12T02:39:09.036863,0.45176516956868684,0.0009903431897718288,0.18072289156626506,False,3,0.09062743186950684,False,0.0,-2.7252214445876746,20.238789510537487,-21.576327766417734,UP,0.0,0.997540670010288,0.10437984115134075,NORMAL,INCREASING,NORMAL,NO_ACTION,False,0.0
2026-08-12T02:39:09.115633,0.4673071096677563,0.003476219598443076,0.17964071856287425,False,3,0.09062743186950684,False,0.0,-3.144167918600516,20.718491243758592,-21.55421674637293,UP,0.07876944541931152,0.9969750943072704,0.10456734374597795,NORMAL,INCREASING,NORMAL,NO_ACTION,False,0.0
2026-08-12T02:39:09.196174,0.47907204890949884,0.0015849178047000288,0.17857142857142858,False,3,0.09062743186950684,False,0.0,-2.3390482353393907,18.860289986734102,-21.3017138720717,CENTER,0.0,0.9974221831061385,0.07567221315734404,NORMAL,INCREASING,NORMAL,NO_ACTION,False,0.0
2026-08-12T02:39:09.275069,0.4477462310193836,0.004844221612209407,0.17751479289940827,False,3,0.09062743186950684,False,0.0,-3.3140940354410304,19.355746656177615,-21.51424469728434,CENTER,0.0,0.9974917347179355,0.0766453174440124,NORMAL,INCREASING,NORMAL,NO_ACTION,False,0.0
2026-08-12T02:39:09.357985,0.4768409342092097,0.0022570156248713563,0.17647058823529413,False,3,0.09062743186950684,False,0.0,-3.463462736185136,20.519364267759727,-21.733396641685943,CENTER,0.0,0.9965116356953019,0.0773184773415716,NORMAL,STABLE,NORMAL,NO_ACTION,False,0.0
2026-08-12T02:39:09.441196,0.47830837040624974,0.0049968181022770775,0.17543859649122806,False,3,0.09062743186950684,False,0.0,-3.209257368823046,19.515801843907838,-21.32045346073042,CENTER,0.0,0.9975957004458162,0.07543524704282117,NORMAL,STABLE,NORMAL,NO_ACTION,False,0.0
2026-08-12T02:39:09.522282,0.46972913872208,0.0010019651188975548,0.1744186046511628,False,3,0.09062743186950684,False,0.0,-2.600825576488063,20.245788132281064,-21.733476597131727,CENTER,0.0,0.9965931096750686,0.07526429214386271,NORMAL,STABLE,NORMAL,NO_ACTION,False,0.0
2026-08-12T02:39:09.602491,0.47847700816729033,0.007486109638609659,0.17341040462427745,False,3,0.09062743186950684,False,0.0,-2.1244505000529728,19.62839163438025,-21.929719226539135,CENTER,0.0,0.9968553347908093,0.07404453748850204,NORMAL,STABLE,NORMAL,NO_ACTION,False,0.0
2026-08-12T02:39:09.683468,0.5059849841815425,0.008125135337116153,0.1724137931034483,False,3,0.09062743186950684,False,0.0,-1.8772877271513266,20.464788407594483,-21.878701678429707,CENTER,0.0,0.9974566642018174,0.07386315945887967,NORMAL,STABLE,NORMAL,NO_ACTION,False,0.0
2026-08-12T02:39:09.762755,0.5405006987750975,0.006420330522894525,0.17142857142857143,False,3,0.09062743186950684,False,0.0,-2.383692973077558,19.00112774859622,-21.5294341370639,CENTER,0.0,0.9968872304741083,0.07246477815729699,NORMAL,STABLE,NORMAL,NO_ACTION,False,0.0
2026-08-12T02:39:09.841874,0.45479795220106006,0.010028304751299321,0.17045454545454544,False,3,0.09062743186950684,False,0.0,-2.880357508561815,20.19974768642038,-22.237659875831383,CENTER,0.0,0.9984997508359053,0.07400369983391791,NORMAL,STABLE,NORMAL,NO_ACTION,False,0.0
2026-08-12T02:39:09.922227,0.5073741834604173,0.006614444862215568,0.1694915254237288,False,3,0.09062743186950684,False,0.0,-3.1402245474489234,19.265805577203082,-21.575857679688482,CENTER,0.0,0.9985839307913237,0.07246062740301376,NORMAL,STABLE,NORMAL,NO_ACTION,False,0.0
2026-08-12T02:39:10.001565,0.5131385685039115,0.007570876870867146,0.16853932584269662,False,3,0.09062743186950684,False,0.0,-2.1673244075343803,19.30761395636651,-21.916929360904817,CENTER,0.0,0.9966232906807271,0.07140629514833224,NORMAL,STABLE,NORMAL,NO_ACTION,False,0.0
2026-08-12T02:39:10.079782,0.49319619599374204,0.007153902398171341,0.16759776536312848,False,3,0.09062743186950684,False,0.0,-2.109741876316207,17.861670520603894,-21.335893841535153,CENTER,0.0,0.9972388197659464,0.06927625689696837,NORMAL,STABLE,NORMAL,NO_ACTION,False,0.0
2026-08-12T02:39:10.159142,0.5057219651501096,0.0030277771939232474,0.16666666666666666,False,3,0.09062743186950684,False,0.0,-2.201588495050146,18.949903978935595,-22.12341847777472,CENTER,0.0,0.9981841563786009,0.07044345588454409,NORMAL,STABLE,NORMAL,NO_ACTION,False,0.0
2026-08-12T02:39:10.238041,0.4645819051264354,0.004051452398261849,0.16574585635359115,False,3,0.09062743186950684,False,0.0,-3.030338929349739,18.363707071389598,-21.661916311254913,CENTER,0.0,0.9963220298568244,0.06991333277486292,NORMAL,STABLE,NORMAL,NO_ACTION,False,0.0
2026-08-12T02:39:10.322187,0.4501510153626453,0.003447754118910735,0.16483516483516483,False,3,0.09062743186950684,False,0.0,-2.7586043741120534,18.876434381262186,-21.7613413771669,CENTER,0.0,0.9972473395704734,0.06966236241639225,NORMAL,STABLE,NORMAL,NO_ACTION,False,0.0
2026-08-12T02:39:10.401304,0.06346028527497717,0.004225979369671145,0.16939890710382513,True,3,0.09062743186950684,False,0.0,-4.854973060479978,13.776396518723061,-21.840915325418848,CENTER,0.0,0.9972504206318586,0.2703562250388929,LOW,STABLE,NORMAL,NO_ACTION,False,0.0
2026-08-12T02:39:10.484327,0.09698317679653426,0.002394782071877722,0.17391304347826086,True,3,0.09062743186950684,False,0.0830223560333252,-4.651892627940327,16.836122924360325,-22.405985464411344,UP,0.0,0.9979182339891975,0.3011716783104701,LOW,INCREASING,NORMAL,NO_ACTION,False,0.0830223560333252
2026-08-12T02:39:10.565259,0.1353420585040778,0.0023965277778746704,0.1783783783783784,True,3,0.09062743186950684,False,0.163954496383667,-3.425416720863609,16.722153999233768,-21.73960533655054,UP,0.0809321403503418,0.998335691015089,0.30149928461429387,LOW,INCREASING,NORMAL,NO_ACTION,False,0.163954496383667
2026-08-12T02:39:10.645656,0.22816794019724224,0.002191400821987856,0.1774193548387097,False,4,0.24435138702392578,False,0.0,-3.0185952945173824,19.883216935892506,-22.421198689723496,UP,0.16132903099060059,0.9982057907878944,0.20525695593882073,LOW,INCREASING,NORMAL,NO_ACTION,False,0.0
2026-08-12T02:39:10.726889,0.3776005336121171,0.007163762259114703,0.17647058823529413,False,4,0.24435138702392578,False,0.0,-3.014559771325736,20.139971982072012,-22.309819851101622,UP,0.24256229400634766,0.998194578403635,0.10908078734430071,NORMAL,INCREASING,NORMAL,NO_ACTION,False,0.0
2026-08-12T02:39:10.808967,0.4096417997118267,0.0028846651217204478,0.17553191489361702,False,4,0.24435138702392578,False,0.0,-3.3761036886441786,17.970620084514962,-21.892665051041234,UP,0.32464051246643066,0.9991951999742799,0.10699114530480834,NORMAL,INCREASING,NORMAL,NO_ACTION,False,0.0
2026-08-12T02:39:10.887675,0.4147653950057566,0.007315481268813057,0.1746031746031746,False,4,0.24435138702392578,False,0.0,-3.0124803880147226,18.160697146221366,-22.6553855264263,UP,0.403348445892334,0.9977411265432099,0.107048368835399,NORMAL,INCREASING,NORMAL,NO_ACTION,False,0.0
2026-08-12T02:39:10.969380,0.41869766649560414,0.00435786299023543,0.1736842105263158,False,4,0.24435138702392578,False,0.0,-2.91626032443952,19.44394675287964,-22.420712847730897,CENTER,0.0,0.9984800454389574,0.08119704072403629,NORMAL,INCREASING,NORMAL,NO_ACTION,False,0.0
2026-08-12T02:39:11.049236,0.4268547251598047,0.00566423709215842,0.17277486910994763,False,4,0.24435138702392578,False,0.0,-3.5931913566507205,17.964479382354426,-21.952252982954207,CENTER,0.0,0.9972427447702332,0.07987461581689131,NORMAL,STABLE,NORMAL,NO_ACTION,False,0.0
2026-08-12T02:39:11.130206,0.42557285164213343,0.004834989193537412,0.171875,False,4,0.24435138702392578,False,0.0,-3.713435961439842,19.639484244527807,-22.158431256137504,CENTER,0.0,0.997649886938443,0.08094874013746059,NORMAL,STABLE,NORMAL,NO_ACTION,False,0.0
2026-08-12T02:39:11.212177,0.4385429286927801,0.010961333845251605,0.17098445595854922,False,4,0.24435138702392578,False,0.0,-3.517098045884751,19.464505548725498,-22.316441555230284,CENTER,0.0,0.9990046028377915,0.08034018653909945,NORMAL,STABLE,NORMAL,NO_ACTION,False,0.0
2026-08-12T02:39:11.293452,0.4324297589889673,0.0033448060685621114,0.17010309278350516,False,4,0.24435138702392578,False,0.0,-3.1554799897947134,18.18971362552284,-22.13205669479308,CENTER,0.0,0.9978021583504801,0.07845304130964557,NORMAL,STABLE,NORMAL,NO_ACTION,False,0.0
2026-08-12T02:39:11.374201,0.39608032715846636,0.013494995161218585,0.16923076923076924,False,4,0.24435138702392578,False,0.0,-3.3254766597115974,19.714356547750953,-22.13898019468286,CENTER,0.0,0.997992889446159,0.0792883781035895,NORMAL,STABLE,NORMAL,NO_ACTION,False,0.0
2026-08-12T02:39:11.454305,0.380323575857772,0.007890286648279085,0.1683673469387755,False,4,0.24435138702392578,False,0.0,-3.103361429365549,17.440168544311234,-22.135787711747184,CENTER,0.0,0.9981922609096365,0.07699723486083712,NORMAL,STABLE,NORMAL,NO_ACTION,False,0.0
2026-08-12T02:39:11.532192,0.376473040988628,0.0006797781423929624,0.16751269035532995,False,4,0.24435138702392578,False,0.0,-4.139156391125539,19.65072601102426,-22.330286550697622,CENTER,0.0,0.9979153672625172,0.07935114765872082,NORMAL,STABLE,NORMAL,NO_ACTION,False,0.0
2026-08-12T02:39:11.615142,0.3180739399325119,0.0032614816950670925,0.16666666666666666,False,4,0.24435138702392578,False,0.0,-3.3119721495014005,19.220954357569525,-22.582162676604383,CENTER,0.0,0.9978547641246571,0.07806374476805514,NORMAL,STABLE,NORMAL,NO_ACTION,False,0.0
2026-08-12T02:39:11.695648,0.07033860161531919,0.0020475668440521934,0.1708542713567839,True,4,0.24435138702392578,False,0.0,-6.469619667774225,16.019535945948178,-22.58766826264457,UP,0.0,0.9984711371527778,0.3068914108792442,LOW,STABLE,NORMAL,NO_ACTION,False,0.0
2026-08-12T02:39:11.778100,0.06552900789924462,0.004109849744775647,0.175,True,4,0.24435138702392578,False,0.08245182037353516,-3.946474737315185,15.107727586610764,-22.18626871356139,UP,0.08245182037353516,0.9984402461634089,0.3054895189239938,LOW,STABLE,NORMAL,NO_ACTION,False,0.08245182037353516
2026-08-12T02:39:11.857744,0.08977465816358654,0.005367189095898792,0.1791044776119403,True,4,0.24435138702392578,False,0.16209626197814941,-4.568225283874511,15.93493929231417,-22.396092071774888,UP,0.16209626197814941,0.9981451876500342,0.30893996327756806,LOW,STABLE,NORMAL,NO_ACTION,False,0.16209626197814941
2026-08-12T02:39:11.939056,0.4094380007918217,0.0019347172340618724,0.1782178217821782,False,5,0.2434084415435791,False,0.0,-4.3508829874394905,19.276975966092436,-22.8135386764273,UP,0.2434084415435791,0.9980280269418724,0.11097729548946776,NORMAL,STABLE,NORMAL,NO_ACTION,False,0.0
2026-08-12T02:39:12.016624,0.4053532507647689,0.005396193587303132,0.17733990147783252,False,5,0.2434084415435791,False,0.0,-4.168705657502414,20.767323006385,-22.676694683108877,UP,0.32097649574279785,0.9984876141332304,0.11130749136992685,NORMAL,STABLE,NORMAL,NO_ACTION,False,0.0
2026-08-12T02:39:12.096068,0.4196371413450607,0.006513565157643522,0.17647058823529413,False,5,0.2434084415435791,False,0.0,-3.075764980471291,17.83349556303415,-21.79910344038501,UP,0.4004201889038086,0.9982062328532235,0.10685641011684391,NORMAL,STABLE,NORMAL,NO_ACTION,False,0.0
2026-08-12T02:39:12.174759,0.39406447588651433,0.005504477382916525,0.17560975609756097,False,5,0.2434084415435791,False,0.0,-3.457740936195762,19.291505174196487,-22.181162689137977,CENTER,0.0,0.9982526899005488,0.08221473859368394,NORMAL,STABLE,NORMAL,NO_ACTION,False,0.0
2026-08-12T02:39:12.257727,0.39257626088579267,0.006190110641489848,0.17475728155339806,False,5,0.2434084415435791,False,0.0,-3.110565637397656,18.391948898393395,-22.46180824301456,CENTER,0.0,0.9983584238897463,0.08107475610878324,NORMAL,STABLE,NORMAL,NO_ACTION,False,0.0
2026-08-12T02:39:12.334233,0.3958827939460079,0.007841937849689156,0.17391304347826086,False,5,0.2434084415435791,False,0.0,-2.461519571378915,19.85549132304493,-22.161783403882026,CENTER,0.0,0.9981839420438957,0.08079571980257655,NORMAL,STABLE,NORMAL,NO_ACTION,False,0.0
2026-08-12T02:39:12.416695,0.3295157458823518,0.006824804410694024,0.17307692307692307,False,5,0.2434084415435791,False,0.0,-3.3032319847409326,19.862976035154077,-22.712488369218562,CENTER,0.0,0.9983579818244169,0.0817239115919925,NORMAL,STABLE,NORMAL,NO_ACTION,False,0.0
2026-08-12T02:39:12.494376,0.11636285693887094,0.004549411908621346,0.17703349282296652,True,5,0.2434084415435791,False,0.0,-3.1212599547509683,15.400931841439075,-22.11892786187977,UP,0.0,0.9989938191229424,0.30573279988175533,LOW,STABLE,NORMAL,NO_ACTION,False,0.0
2026-08-12T02:39:12.583220,0.2908132434855163,0.0010011915653519452,0.1761904761904762,False,6,0.08884453773498535,False,0.0,-4.551103693130074,20.00534850850636,-23.283413051176467,UP,0.08884453773498535,0.9986218278463648,0.11759616275409947,NORMAL,STABLE,NORMAL,NO_ACTION,False,0.0
2026-08-12T02:39:12.662986,0.11606474395916747,0.005597865732601374,0.18009478672985782,True,6,0.08884453773498535,False,0.0,-3.5338394355537446,13.774418136620199,-22.245029560637363,UP,0.1686098575592041,0.9987245611496913,0.3008196803117831,LOW,STABLE,NORMAL,NO_ACTION,False,0.0
2026-08-12T02:39:12.752587,0.1888284358871834,0.0019647170511195495,0.18396226415094338,True,6,0.08884453773498535,False,0.08960127830505371,-3.2754657206226625,16.982316499403794,-23.010723225134456,UP,0.2582111358642578,0.9996652761702676,0.2537875169787849,LOW,STABLE,NORMAL,NO_ACTION,False,0.08960127830505371
2026-08-12T02:39:12.844356,0.2660603896702514,0.0032721400407863476,0.18309859154929578,False,7,0.18137049674987793,False,0.0,-3.840970282209696,18.794452583545365,-22.71146575735395,UP,0.34998035430908203,0.9993902713477366,0.15194489334052708,NORMAL,STABLE,NORMAL,NO_ACTION,False,0.0
2026-08-12T02:39:12.925324,0.4002883363281681,0.0034896646980543903,0.1822429906542056,False,7,0.18137049674987793,False,0.0,-3.357709715789582,19.377751745962115,-22.65591608480065,UP,0.43094873428344727,0.9989915284207819,0.10616669643308826,NORMAL,STABLE,NORMAL,NO_ACTION,False,0.0
2026-08-12T02:39:13.001093,0.3921725502992938,0.0027474221658748943,0.1813953488372093,False,7,0.18137049674987793,False,0.0,-3.161240665041703,19.270912826845773,-22.77686504142264,UP,0.5067169666290283,0.9992040680727025,0.1015507262499946,NORMAL,STABLE,NORMAL,NO_ACTION,False,0.0
2026-08-12T02:39:13.086111,0.4212729378095322,0.001488661110249615,0.18055555555555555,False,7,0.18137049674987793,False,0.0,-2.925383788140067,19.23221565709744,-22.6944668318518,UP,0.5917351245880127,0.9988885673868312,0.10448053397041346,NORMAL,STABLE,NORMAL,NO_ACTION,False,0.0
2026-08-12T02:39:13.168525,0.39647720450698964,0.003745061910891492,0.17972350230414746,False,7,0.18137049674987793,False,0.0,-3.6232347890820904,18.525375666750676,-22.368579384546848,UP,0.6741490364074707,0.99925005626286,0.10748346843402674,NORMAL,STABLE,NORMAL,NO_ACTION,False,0.0
2026-08-12T02:39:13.249593,0.4307204108458097,0.007770236596891972,0.17889908256880735,False,7,0.18137049674987793,False,0.0,-3.6487689411602275,18.047593929341502,-21.862546298035596,CENTER,0.0,0.9982442906592934,0.07705036638963518,NORMAL,STABLE,NORMAL,NO_ACTION,False,0.0
2026-08-12T02:39:13.329621,0.42645501966266675,0.0038736886855979067,0.1780821917808219,False,7,0.18137049674987793,False,0.0,-3.828053990182042,18.744900622075875,-22.679704137009935,CENTER,0.0,0.9982772982038751,0.07810506898068766,NORMAL,STABLE,NORMAL,NO_ACTION,False,0.0
2026-08-12T02:39:13.412038,0.4075877596514557,0.0034206493622730423,0.17727272727272728,False,7,0.18137049674987793,False,0.0,-3.3523101099261225,18.98922017701716,-22.62442615957869,CENTER,0.0,0.998695639360425,0.07736543535706585,NORMAL,STABLE,NORMAL,NO_ACTION,False,0.0
2026-08-12T02:39:13.495353,0.39809753832960537,0.003765850919456585,0.17647058823529413,False,7,0.18137049674987793,False,0.0,-3.0915635509921913,18.38001635104061,-22.540931250274923,CENTER,0.0,0.9976828542952674,0.07619289351313732,NORMAL,STABLE,NORMAL,NO_ACTION,False,0.0
2026-08-12T02:39:13.578078,0.3413125926756445,0.005517469444607913,0.17567567567567569,False,7,0.18137049674987793,False,0.0,-2.8841838658471772,20.527611493184395,-22.82599255989868,CENTER,0.0,0.9991202899948559,0.07742128269659665,NORMAL,STABLE,NORMAL,NO_ACTION,False,0.0
2026-08-12T02:39:13.660672,0.4315000280111302,0.001793051901359851,0.17488789237668162,False,7,0.18137049674987793,False,0.0,-2.8130912187963872,18.322279559129754,-22.59523408964779,CENTER,0.0,0.9990204234182098,0.07514397987065854,NORMAL,STABLE,NORMAL,NO_ACTION,False,0.0
2026-08-12T02:39:13.741990,0.4624583900428011,0.0009509730957617554,0.17410714285714285,False,7,0.18137049674987793,False,0.0,-2.1423454068076637,20.159038142671136,-22.708129978395704,CENTER,0.0,0.9986273603609396,0.07554296416180753,NORMAL,STABLE,NORMAL,NO_ACTION,False,0.0
2026-08-12T02:39:13.823730,0.45658375464555645,0.010047375613740342,0.17333333333333334,False,7,0.18137049674987793,False,0.0,-1.2781141249602115,20.173472158733034,-22.41650631038104,CENTER,0.0,0.998971608689129,0.07405343845978396,NORMAL,STABLE,NORMAL,NO_ACTION,False,0.0
2026-08-12T02:39:13.903877,0.45894787554668504,0.009688992459553576,0.17256637168141592,False,7,0.18137049674987793,False,0.0,-3.7084378110685066,17.770070698257882,-22.394900763282408,CENTER,0.0,0.9992211344735941,0.07425367404623212,NORMAL,STABLE,NORMAL,NO_ACTION,False,0.0
2026-08-12T02:39:13.982891,0.47269565259112417,0.001326635985994256,0.17180616740088106,False,7,0.18137049674987793,False,0.0,-2.50622929261138,18.958695305321157,-22.42545849121106,CENTER,0.0,0.9982427367326819,0.07360376669426075,NORMAL,STABLE,NORMAL,NO_ACTION,False,0.0
2026-08-12T02:39:14.062330,0.4848159148243365,0.007692010420980299,0.17105263157894737,False,7,0.18137049674987793,False,0.0,-1.7302375157806296,19.956765963293805,-22.004695443994564,CENTER,0.0,0.9991347709833676,0.07279539702052495,NORMAL,STABLE,NORMAL,NO_ACTION,False,0.0
2026-08-12T02:39:14.141407,0.497303590554215,0.01087282514073946,0.1703056768558952,False,7,0.18137049674987793,False,0.0,-1.4995564269915178,21.24762126972456,-22.172464836246547,CENTER,0.0,0.9993437875085733,0.07329362241327421,NORMAL,STABLE,NORMAL,NO_ACTION,False,0.0
2026-08-12T02:39:14.222065,0.38671862288999315,0.006334016136485854,0.16956521739130434,False,7,0.18137049674987793,False,0.0,-3.324968710255149,19.014404552138927,-22.380895201945748,CENTER,0.0,0.9992399423439645,0.07326902908394595,NORMAL,STABLE,NORMAL,NO_ACTION,False,0.0
2026-08-12T02:39:14.299358,0.38605609245976824,0.008212062491421757,0.16883116883116883,False,7,0.18137049674987793,False,0.0,-1.5570726204136065,18.264539433623895,-22.393231993231836,CENTER,0.0,0.9982226964377572,0.0706698969678232,NORMAL,STABLE,NORMAL,NO_ACTION,False,0.0
2026-08-12T02:39:14.382987,0.3949926495357276,0.008565124719103643,0.16810344827586207,False,7,0.18137049674987793,False,0.0,-3.3369511143575323,20.435712009611137,-22.838164054920412,CENTER,0.0,0.9989306573645405,0.07401651593751044,NORMAL,STABLE,NORMAL,NO_ACTION,False,0.0
2026-08-12T02:39:14.464497,0.1655977490416639,0.0042609276736710715,0.17167381974248927,True,7,0.18137049674987793,False,0.0,-3.3257792632633993,16.94679175387884,-23.16059494793396,CENTER,0.0,0.9994493205589849,0.2527846581376101,LOW,STABLE,NORMAL,NO_ACTION,False,0.0
2026-08-12T02:39:14.547205,0.3035242700354675,0.007673747272141002,0.17094017094017094,False,8,0.08270859718322754,False,0.0,-3.4391637420237657,20.607249212953008,-23.369990454980552,CENTER,0.0,0.9994867755486968,0.07616932135062976,NORMAL,STABLE,NORMAL,NO_ACTION,False,0.0
2026-08-12T02:39:14.629698,0.4272028200526402,0.00837325247270098,0.1702127659574468,False,8,0.08270859718322754,False,0.0,-2.454855786771816,18.73228428183188,-22.60589954692381,CENTER,0.0,0.9999151234567901,0.07276783417027184,NORMAL,STABLE,NORMAL,NO_ACTION,False,0.0
2026-08-12T02:39:14.710478,0.430741503979512,0.006819627197646813,0.1694915254237288,False,8,0.08270859718322754,False,0.0,-2.546288564399191,19.01356125018748,-22.70559146908579,CENTER,0.0,0.9989568731781551,0.07279440438776312,NORMAL,STABLE,NORMAL,NO_ACTION,False,0.0
2026-08-12T02:39:14.790804,0.4174247632739252,0.001955258223969722,0.16877637130801687,False,8,0.08270859718322754,False,0.0,-3.428735959106376,17.96103842740098,-22.635693697987193,CENTER,0.0,0.9999295106738684,0.07245912715099925,NORMAL,STABLE,NORMAL,NO_ACTION,False,0.0
2026-08-12T02:39:14.874914,0.4334361112501147,0.004742452928656539,0.16806722689075632,False,8,0.08270859718322754,False,0.0,-3.5937670034775806,20.532135813620044,-23.146158565035535,CENTER,0.0,0.9991078585819615,0.07461193615452377,NORMAL,STABLE,NORMAL,NO_ACTION,False,0.0
2026-08-12T02:39:14.952565,0.43047044880339236,0.0026057136227676933,0.16736401673640167,False,8,0.08270859718322754,False,0.0,-2.5488328100646243,18.088420012645287,-22.69875548859241,CENTER,0.0,0.9986456457904664,0.07105835970196625,NORMAL,STABLE,NORMAL,NO_ACTION,False,0.0
2026-08-12T02:39:15.033147,0.4273273835345125,0.009418644060336904,0.16666666666666666,False,8,0.08270859718322754,False,0.0,-2.529408331761175,19.350193254595723,-22.699121115002498,CENTER,0.0,0.9994342099622772,0.0716026123733508,NORMAL,STABLE,NORMAL,NO_ACTION,False,0.0
2026-08-12T02:39:15.110458,0.37170313605086275,0.001962619925847646,0.16597510373443983,False,8,0.08270859718322754,False,0.0,-1.9159924267829922,19.17944599438607,-22.815065881880088,CENTER,0.0,0.998826932763203,0.07065446716039653,NORMAL,STABLE,NORMAL,NO_ACTION,False,0.0
2026-08-12T02:39:15.192042,0.3861767104970728,0.007310001839772783,0.1652892561983471,False,8,0.08270859718322754,False,0.0,-3.12433446681203,19.16885607710435,-22.704996395961103,CENTER,0.0,0.9993971970378944,0.07136149091160453,NORMAL,STABLE,NORMAL,NO_ACTION,False,0.0
2026-08-12T02:39:15.272280,0.2371235622798131,0.006512388310844167,0.1646090534979424,False,8,0.08270859718322754,False,0.0,-1.5859589334908435,16.83014882004224,-21.725989296019975,CENTER,0.0,0.999112694508745,0.15074342726322426,NORMAL,STABLE,NORMAL,NO_ACTION,False,0.0
2026-08-12T02:39:15.354492,0.2218725699698415,0.007335822215963238,0.16393442622950818,False,8,0.08270859718322754,False,0.0,-2.6032282717403916,16.490738360747685,-21.93098306155548,CENTER,0.0,0.9993918654621057,0.1716726343660866,NORMAL,STABLE,NORMAL,NO_ACTION,False,0.0
2026-08-12T02:39:15.436814,0.25931347662196014,0.007798566448865697,0.16326530612244897,False,8,0.08270859718322754,False,0.0,-2.6186445071582227,17.088649846279054,-21.755620167491713,CENTER,0.0,0.9988620032793211,0.12169466769651244,NORMAL,STABLE,NORMAL,NO_ACTION,False,0.0
2026-08-12T02:39:15.515931,0.2511357820780154,0.009746172872183606,0.16260162601626016,False,8,0.08270859718322754,False,0.0,-0.23549524507663477,14.730222713914628,-20.526978065393223,CENTER,0.0,0.9998234819744514,0.12708509057053738,NORMAL,STABLE,NORMAL,NO_ACTION,False,0.0
2026-08-12T02:39:15.598230,0.26432610147337254,0.0069121585721096035,0.16194331983805668,False,8,0.08270859718322754,False,0.0,-1.7077705366783107,16.34645102489017,-21.254871518870345,CENTER,0.0,0.9993482081618656,0.11245480197044358,NORMAL,STABLE,NORMAL,NO_ACTION,False,0.0
2026-08-12T02:39:15.678676,0.2380770288119941,0.007627314385947092,0.16129032258064516,False,8,0.08270859718322754,False,0.0,-0.9721850090838302,17.73647146345499,-21.156994434699897,CENTER,0.0,0.9998550427597737,0.147328376914173,NORMAL,STABLE,NORMAL,NO_ACTION,False,0.0
2026-08-12T02:39:15.758509,0.24473766894598734,0.0031706662034782767,0.1606425702811245,False,8,0.08270859718322754,False,0.0,-2.0046100975807235,16.511991938216283,-21.202760609148555,UP,0.0,0.998773911715535,0.164277559181845,NORMAL,STABLE,NORMAL,NO_ACTION,False,0.0
2026-08-12T02:39:15.839220,0.2621650191864854,0.005982011349445267,0.16,False,8,0.08270859718322754,False,0.0,-1.7305180948047223,16.963459010984394,-21.08620365549848,CENTER,0.0,0.9991336323302468,0.11466968612994835,NORMAL,STABLE,NORMAL,NO_ACTION,False,0.0
2026-08-12T02:39:15.917188,0.2194238396224223,0.007096629230573134,0.1593625498007968,False,8,0.08270859718322754,False,0.0,-1.9801864979409345,16.191276245954214,-20.85921843737242,UP,0.0,0.999271556712963,0.19680335596362256,NORMAL,STABLE,NORMAL,NO_ACTION,False,0.0
2026-08-12T02:39:15.997635,0.20609351636401615,0.006976227681230869,0.1626984126984127,True,8,0.08270859718322754,False,0.0,-1.9661742303374012,15.200722571533163,-21.029397024576667,UP,0.08044695854187012,0.9985229257758916,0.21568003426283897,LOW,STABLE,NORMAL,NO_ACTION,False,0.0
2026-08-12T02:39:16.075956,0.23302406116381885,0.0007902719947372864,0.16205533596837945,False,9,0.07832098007202148,False,0.0,-1.6399261874660738,16.33114936471216,-21.22371528612905,UP,0.1587679386138916,0.9987637442129629,0.18014047868892608,NORMAL,STABLE,NORMAL,NO_ACTION,False,0.0
2026-08-12T02:39:16.157042,0.2194569977728456,0.008599611055964032,0.16141732283464566,False,9,0.07832098007202148,False,0.0,-2.61535041070303,18.538132503915904,-21.703045894412924,UP,0.239854097366333,0.9997439905907063,0.20090569726683888,LOW,STABLE,NORMAL,NO_ACTION,False,0.0
2026-08-12T02:39:16.234833,0.26421773675869753,0.004518572193962027,0.1607843137254902,False,9,0.07832098007202148,False,0.0,-1.477040215940292,18.03642273354268,-21.33396057189708,UP,0.3176448345184326,0.9994283023619683,0.13909429539884668,NORMAL,STABLE,NORMAL,NO_ACTION,False,0.0
2026-08-12T02:39:16.315035,0.2671872393704857,0.005678394065660849,0.16015625,False,9,0.07832098007202148,False,0.0,-1.7460773473878817,18.121412027974173,-21.113075228686426,CENTER,0.0,0.9995771578146433,0.10892867626614601,NORMAL,STABLE,NORMAL,NO_ACTION,False,0.0
2026-08-12T02:39:16.394581,0.24239268470921801,0.009429159637733874,0.15953307392996108,False,9,0.07832098007202148,False,0.0,-3.0095157464508873,17.36310631741685,-21.39027261473663,CENTER,0.0,0.9999761954518176,0.14261240441122705,NORMAL,STABLE,NORMAL,NO_ACTION,False,0.0
2026-08-12T02:39:16.477630,0.2679059622462244,0.005801893358277728,0.15891472868217055,False,9,0.07832098007202148,False,0.0,-2.5298567349475434,17.342759369110894,-21.380736059623274,CENTER,0.0,0.9999731947659465,0.107799756174138,NORMAL,STABLE,NORMAL,NO_ACTION,False,0.0
2026-08-12T02:39:16.559700,0.28089783649591177,0.0012124972018238468,0.1583011583011583,False,9,0.07832098007202148,False,0.0,-1.8387489757083415,18.535531920706774,-21.481870675560856,CENTER,0.0,0.9999508503729425,0.09046379654072571,NORMAL,STABLE,NORMAL,NO_ACTION,False,0.0
2026-08-12T02:39:16.642373,0.2527802634836589,0.003615742642252186,0.1576923076923077,False,9,0.07832098007202148,False,0.0,-1.1762557628699994,18.844521903649024,-21.457959741581874,CENTER,0.0,0.9997857590663581,0.12721164624708658,NORMAL,STABLE,NORMAL,NO_ACTION,False,0.0
2026-08-12T02:39:16.720782,0.2394613520999828,0.0011754372539900901,0.15708812260536398,False,9,0.07832098007202148,False,0.0,-1.287811716445873,16.71864196194997,-21.35275621157257,CENTER,0.0,0.9998472463348763,0.143138861628131,NORMAL,STABLE,NORMAL,NO_ACTION,False,0.0
2026-08-12T02:39:16.802236,0.24684600003316978,0.005858078072615579,0.15648854961832062,False,9,0.07832098007202148,False,0.0,-1.5906201253646657,17.05133401013964,-21.47696434058625,CENTER,0.0,0.9998615665723593,0.13364435659132085,NORMAL,STABLE,NORMAL,NO_ACTION,False,0.0
2026-08-12T02:39:16.880333,0.24334895324556816,0.00485906912001739,0.155893536121673,False,9,0.07832098007202148,False,0.0,-1.3731359176874776,17.127519041840117,-21.578319833851538,CENTER,0.0,0.9990445762602881,0.13795277376511217,NORMAL,STABLE,NORMAL,NO_ACTION,False,0.0
2026-08-12T02:39:16.967216,0.22340336904524016,0.003925558137422011,0.1553030303030303,False,9,0.07832098007202148,False,0.0,-2.275627078953079,16.241630330376836,-21.47233540001818,CENTER,0.0,0.9999152842078189,0.16437883108732831,NORMAL,STABLE,NORMAL,NO_ACTION,False,0.0
2026-08-12T02:39:17.066197,0.2454984632344004,0.004036809309037925,0.15471698113207547,False,9,0.07832098007202148,False,0.0,-1.4527236463248414,16.690484574045342,-21.321756494815844,CENTER,0.0,0.9999522167566871,0.1340124259891906,NORMAL,STABLE,NORMAL,NO_ACTION,False,0.0
2026-08-12T02:39:17.147856,0.25612759022400233,0.008371415007141282,0.15413533834586465,False,9,0.07832098007202148,False,0.0,-1.3693498520320588,20.25729674479041,-21.20898810107417,CENTER,0.0,0.999691451796125,0.12193658862626902,NORMAL,STABLE,NORMAL,NO_ACTION,False,0.0
2026-08-12T02:39:17.226175,0.26071676824072426,0.0016134122349061278,0.15355805243445692,False,9,0.07832098007202148,False,0.0,-3.2124281410518734,20.02815608542781,-21.894266769474115,CENTER,0.0,0.9997847141846709,0.11779826527920785,NORMAL,STABLE,NORMAL,NO_ACTION,False,0.0
2026-08-12T02:39:17.307720,0.2506876486875209,0.004655971781133128,0.15298507462686567,False,9,0.07832098007202148,False,0.0,-1.7155477893039972,18.082093763137152,-21.49490540388635,CENTER,0.0,0.9999505154749657,0.1276524357820762,NORMAL,STABLE,NORMAL,NO_ACTION,False,0.0
2026-08-12T02:39:17.385031,0.2685407234131436,0.00720645095944277,0.1524163568773234,False,9,0.07832098007202148,False,0.0,-2.3300298865841853,17.805944512597193,-20.99952460192523,CENTER,0.0,0.9994593541023663,0.10347922628398465,NORMAL,STABLE,NORMAL,NO_ACTION,False,0.0
2026-08-12T02:39:17.468571,0.2689776399628632,0.004272750599827787,0.15185185185185185,False,9,0.07832098007202148,False,0.0,-1.2036281147042303,18.52831595469803,-21.066396102890394,UP,0.0,0.9993816443758574,0.1281158426707776,NORMAL,STABLE,NORMAL,NO_ACTION,False,0.0
2026-08-12T02:39:17.549015,0.2739952830941744,0.005613366158287314,0.15129151291512916,False,9,0.07832098007202148,False,0.0,-1.4814924028586631,18.811938126162147,-20.93684455770807,UP,0.08044314384460449,0.9989222447273663,0.12149314027403188,NORMAL,STABLE,NORMAL,NO_ACTION,False,0.0
2026-08-12T02:39:17.632857,0.2560424231138521,0.004120632351811973,0.15073529411764705,False,9,0.07832098007202148,False,0.0,-1.3382826930094893,17.597360679084318,-20.863763425195714,CENTER,0.0,0.9999030403377915,0.11806670262240883,NORMAL,STABLE,NORMAL,NO_ACTION,False,0.0
2026-08-12T02:39:17.710790,0.24960433028466147,0.00802351580826347,0.15018315018315018,False,9,0.07832098007202148,False,0.0,-2.2455018824470017,19.711126997236846,-22.07098529493777,CENTER,0.0,0.999443359375,0.12993749186232728,NORMAL,STABLE,NORMAL,NO_ACTION,False,0.0
2026-08-12T02:39:17.793507,0.2667252066758758,0.008861405751849233,0.14963503649635038,False,9,0.07832098007202148,False,0.0,-0.827217969988169,18.50212060527309,-21.0525361572125,UP,0.0,0.9991930968149862,0.12961594486960165,NORMAL,STABLE,NORMAL,NO_ACTION,False,0.0
2026-08-12T02:39:17.874076,0.23384702387728315,0.008781245015262623,0.14909090909090908,False,9,0.07832098007202148,False,0.0,-1.8525374689931766,17.249873395452653,-21.23586922244229,UP,0.08056950569152832,0.9988307639960563,0.1734409451234714,NORMAL,STABLE,NORMAL,NO_ACTION,False,0.0
2026-08-12T02:39:17.954011,0.23900601812085995,0.006006309700360226,0.14855072463768115,False,9,0.07832098007202148,False,0.0,-1.39643118748819,16.7020828921097,-21.298038013488878,UP,0.16050410270690918,0.9983840770747598,0.16551722021775112,NORMAL,STABLE,NORMAL,NO_ACTION,False,0.0
2026-08-12T02:39:18.032590,0.23083766596174124,0.00243581924022771,0.148014440433213,False,9,0.07832098007202148,False,0.0,-2.05593939803515,18.924833884226388,-21.593366206008227,UP,0.23908329010009766,0.9985195634002058,0.17866500658049012,NORMAL,STABLE,NORMAL,NO_ACTION,False,0.0
2026-08-12T02:39:18.112936,0.18167186298272875,0.007878247235373056,0.1510791366906475,True,9,0.07832098007202148,False,0.0,-3.237262062754752,17.908817082245065,-22.323301821030128,UP,0.3194296360015869,0.9980876789694787,0.24685843970472932,LOW,STABLE,NORMAL,NO_ACTION,False,0.0
2026-08-12T02:39:18.192102,0.07156608327925593,0.002087221153877008,0.15412186379928317,True,9,0.07832098007202148,False,0.07916545867919922,-4.616224863933695,11.456872556181168,-22.147631971002426,UP,0.39859509468078613,0.9985063818158435,0.2871079427349702,LOW,STABLE,NORMAL,NO_ACTION,False,0.07916545867919922
2026-08-12T02:39:18.275295,0.07853385634852106,0.0017510401778998838,0.15714285714285714,True,9,0.07832098007202148,False,0.16235828399658203,-5.619294213535312,17.246348453803392,-23.78215747855171,UP,0.48178791999816895,0.998752558620542,0.2953396337137778,LOW,STABLE,NORMAL,NO_ACTION,False,0.16235828399658203
2026-08-12T02:39:18.353653,0.22064178034501108,0.002729894313411797,0.15658362989323843,False,10,0.24071645736694336,False,0.0,-5.029552606189412,17.100373641780692,-24.284903615708373,UP,0.5601460933685303,0.9992886499056928,0.20438363832165043,LOW,RISING,NORMAL,NO_ACTION,False,0.0
2026-08-12T02:39:18.436084,0.23231983893001215,0.002803747922459306,0.15602836879432624,False,10,0.24071645736694336,False,0.0,-5.915962846955779,16.665539473993704,-24.131022201588564,CENTER,0.0,0.9985394429441016,0.164653616843296,NORMAL,STABLE,NORMAL,NO_ACTION,False,0.0
2026-08-12T02:39:18.518305,0.2335148507239872,0.0021869363098125367,0.15547703180212014,False,10,0.24071645736694336,False,0.0,-4.5303590818238035,15.622116456525873,-23.628696087407064,UP,0.0,0.9986572600522976,0.18621300944771613,NORMAL,STABLE,NORMAL,NO_ACTION,False,0.0
2026-08-12T02:39:18.603282,0.2154827907097015,0.0013363856039616167,0.15492957746478872,False,10,0.24071645736694336,False,0.0,-5.153702954091614,19.017464989631236,-24.223485313099587,CENTER,0.0,0.9984941513417352,0.18760724218485814,NORMAL,STABLE,NORMAL,NO_ACTION,False,0.0
2026-08-12T02:39:18.698338,0.2242021555080651,0.003775614321709637,0.1543859649122807,False,10,0.24071645736694336,False,0.0,-6.564238982538313,19.49202897586349,-24.03603336376534,UP,0.0,0.9978331565072016,0.2032301415029509,LOW,STABLE,NORMAL,NO_ACTION,False,0.0
2026-08-12T02:39:18.904699,0.1903758509456712,0.0039581067072861935,0.15734265734265734,True,10,0.24071645736694336,False,0.0,-4.8094083304305855,15.156849791752876,-24.00541554536329,CENTER,0.0,0.9979032841435185,0.21895994364120477,LOW,STABLE,NORMAL,NO_ACTION,False,0.0
2026-08-12T02:39:19.099675,0.07665807482502984,0.0015434596532997618,0.1602787456445993,True,10,0.24071645736694336,False,0.1949765682220459,-6.723954998269278,19.66069365798336,-23.42173782992313,CENTER,0.0,0.9995064675497256,0.27879680935506534,LOW,STABLE,NORMAL,NO_ACTION,False,0.1949765682220459
2026-08-12T02:39:19.272385,0.09427085363676298,0.0022994177911825073,0.16319444444444445,True,10,0.24071645736694336,False,0.36768651008605957,-5.692336946516775,15.769540971077163,-23.035611402464554,CENTER,0.0,0.9994595148533951,0.27607914639001907,LOW,STABLE,NORMAL,NO_ACTION,False,0.36768651008605957
2026-08-12T02:39:19.360735,0.06544897345407057,0.0013215448527992345,0.16608996539792387,True,10,0.24071645736694336,False,0.4560365676879883,-4.972208371016791,12.593554109435928,-23.176659432209874,UP,0.0,0.9986649091220849,0.3006755054596616,LOW,STABLE,NORMAL,NO_ACTION,False,0.4560365676879883
2026-08-12T02:39:19.453327,0.09667538041645848,0.0037041189076718875,0.16896551724137931,True,10,0.24071645736694336,False,0.5486278533935547,-4.868145383201096,15.173264019836552,-22.788323707665313,UP,0.0925912857055664,0.998895881558642,0.30350224348255395,LOW,RISING,NORMAL,NO_ACTION,False,0.5486278533935547
2026-08-12T02:39:19.541249,0.11026127187088725,0.0031700167784154635,0.1718213058419244,True,10,0.24071645736694336,False,0.6365504264831543,-4.559292418601132,15.8816002892857,-23.400325166867418,UP,0.18051385879516602,0.9993058904535321,0.3057336347500085,LOW,STABLE,NORMAL,NO_ACTION,False,0.6365504264831543
2026-08-12T02:39:19.632292,0.10835087909087325,0.004981949016333236,0.17465753424657535,True,10,0.24071645736694336,False,0.727593183517456,-4.421707742077615,15.59815571495352,-22.533220503199914,UP,0.2715566158294678,0.9981288446287723,0.3059795603580953,LOW,STABLE,NORMAL,NO_ACTION,False,0.727593183517456
2026-08-12T02:39:19.715988,0.07291908338803381,0.0008964836834117026,0.17747440273037543,True,10,0.24071645736694336,False,0.8112895488739014,-3.376870892176953,16.992986147447766,-22.267557970964248,UP,0.3552529811859131,0.9987749833890603,0.30713340976659137,LOW,STABLE,NORMAL,NO_ACTION,False,0.8112895488739014
2026-08-12T02:39:19.799942,0.08512824420650411,0.0012981625692153793,0.18027210884353742,True,10,0.24071645736694336,False,0.8952429294586182,-5.59120553091762,17.397086904303904,-22.725810757959607,UP,0.4392063617706299,0.9983864749442729,0.31139771607605504,LOW,STABLE,NORMAL,NO_ACTION,False,0.8952429294586182
2026-08-12T02:39:19.879845,0.12203854468654071,0.0023616302088298752,0.18305084745762712,True,10,0.24071645736694336,False,0.9751462936401367,-3.8697270347469157,16.990403327664524,-22.272932836306126,UP,0.5191097259521484,0.998968634795096,0.30689429955925235,LOW,STABLE,NORMAL,NO_ACTION,False,0.9751462936401367
2026-08-12T02:39:19.959809,0.07627905127760913,0.009962288531830597,0.1858108108108108,True,10,0.24071645736694336,False,1.055109977722168,-6.331377936718326,17.376449302932485,-22.682763185112492,UP,0.5990734100341797,0.9987769927769204,0.31478331528821174,LOW,RISING,NORMAL,NO_ACTION,False,1.055109977722168
2026-08-12T02:39:20.038095,0.07181145549337582,0.0006069258849031975,0.18855218855218855,True,10,0.24071645736694336,False,1.1333956718444824,-5.283487484129239,19.468753481587186,-22.58395540536577,UP,0.6773591041564941,0.9983387050968793,0.3199532648835726,LOW,STABLE,NORMAL,NO_ACTION,False,1.1333956718444824
2026-08-12T02:39:20.120323,0.09207285395593656,0.004758243792464243,0.1912751677852349,True,10,0.24071645736694336,False,1.2156243324279785,-7.103029538951205,18.493232159194008,-23.764995992537195,UP,0.7595877647399902,0.9986205686299726,0.32706290323297915,LOW,STABLE,NORMAL,NO_ACTION,False,1.2156243324279785
2026-08-12T02:39:20.201913,0.06889615566918061,0.0022486197558400844,0.1939799331103679,True,10,0.24071645736694336,False,1.2972142696380615,-7.362071430206953,19.023805760088095,-23.829254692518163,UP,0.8411777019500732,0.9989245354295265,0.3326453683816711,LOW,STABLE,LOW,VISUAL_REMINDER,False,1.2972142696380615
2026-08-12T02:39:20.282080,0.05836398797715357,0.0043016776532992865,0.19666666666666666,True,10,0.24071645736694336,False,1.3773815631866455,-6.554192385448175,17.103246429847985,-23.75788830705008,UP,0.9213449954986572,0.9969045380015432,0.3352288998015339,LOW,STABLE,LOW,VISUAL_REMINDER,False,1.3773815631866455
2026-08-12T02:39:20.359292,0.07515659382298545,0.00679480246657762,0.19933554817275748,True,10,0.24071645736694336,False,1.4545929431915283,-8.400072318484234,17.54700695380427,-24.233307743013626,UP,0.99855637550354,0.9967566738468793,0.3424649860514997,LOW,STABLE,LOW,VISUAL_REMINDER,False,1.4545929431915283
2026-08-12T02:39:20.442103,0.07364702203048377,0.0034548337511113004,0.20198675496688742,True,10,0.24071645736694336,True,1.5374038219451904,-7.121027347721167,18.503704543531853,-24.491153629814562,UP,1.0813672542572021,0.9953809799382716,0.43933086154151524,MODERATE,STABLE,HIGH,STRONG_WARNING,True,1.5374038219451904
2026-08-12T02:39:21.386154,0.06314547322217698,0.004062062338210869,0.20462046204620463,True,10,0.24071645736694336,True,2.4814553260803223,-9.276616124250268,17.24754159072006,-24.69234277170608,UP,2.025418758392334,0.9971533136145404,0.5395619648899191,MODERATE,INCREASING,HIGH,STRONG_WARNING,False,2.4814553260803223
2026-08-12T02:39:21.485417,0.05474301929227394,0.007844013611021395,0.20723684210526316,True,10,0.24071645736694336,True,2.5807182788848877,-6.947803757950055,15.760511285860957,-24.502071842027703,UP,2.1246817111968994,0.997634334276406,0.5476275764633204,MODERATE,INCREASING,HIGH,STRONG_WARNING,False,2.5807182788848877
2026-08-12T02:39:21.585803,0.05996132887297617,0.002260064302418869,0.2098360655737705,True,10,0.24071645736694336,True,2.6811039447784424,-8.946152184204522,19.76386936846535,-24.38595988735446,UP,2.225067377090454,0.9968171028377915,0.564004211853682,HIGH,INCREASING,HIGH,STRONG_WARNING,False,2.6811039447784424
2026-08-12T02:39:21.672945,0.06503075616277068,0.012446974289159588,0.21241830065359477,True,10,0.24071645736694336,True,2.7682464122772217,-8.229706279750786,15.848037796787679,-24.50464478731314,UP,2.3122098445892334,0.9977744689857682,0.5708963287475574,HIGH,INCREASING,HIGH,STRONG_WARNING,False,2.7682464122772217
2026-08-12T02:39:21.757930,0.0903960400145293,0.004105281912424572,0.21498371335504887,True,10,0.24071645736694336,True,2.853231191635132,-8.975046197721014,17.989151295640397,-25.02462717359205,UP,2.3971946239471436,0.9970000776963305,0.5837256138963095,HIGH,INCREASING,HIGH,STRONG_WARNING,False,2.853231191635132
2026-08-12T02:39:21.842662,0.07830658254531964,0.007565564080585998,0.21753246753246752,True,10,0.24071645736694336,True,2.9379630088806152,-8.216617744788607,15.766421645924964,-24.635158864832988,UP,2.481926441192627,0.9970668161651235,0.5910449252865547,HIGH,INCREASING,HIGH,STRONG_WARNING,False,2.9379630088806152
2026-08-12T02:39:21.928422,0.07742160295052376,0.003996426513044728,0.22006472491909385,True,10,0.24071645736694336,True,3.0237228870391846,-8.727330618226603,17.394829600889892,-24.269350220108436,UP,2.5676863193511963,0.9969384966563786,0.6010651446512492,HIGH,HIGH,HIGH,STRONG_WARNING,False,3.0237228870391846
2026-08-12T02:39:22.011283,0.062070814982943534,0.00701835832221916,0.22258064516129034,True,10,0.24071645736694336,True,3.106583833694458,-6.741812861678966,14.53068432264672,-23.716828468496402,UP,2.6505472660064697,0.9979429628557958,0.6014011583815613,HIGH,HIGH,HIGH,STRONG_WARNING,False,3.106583833694458
2026-08-12T02:39:22.111185,0.06823075017317726,0.004261970393230422,0.22508038585209003,True,10,0.24071645736694336,True,3.2064859867095947,-7.2212557294050725,16.162429645226894,-23.432914154565424,UP,2.7504494190216064,0.9982303722993827,0.6083468915127648,HIGH,HIGH,HIGH,STRONG_WARNING,False,3.2064859867095947
2026-08-12T02:39:22.197216,0.05178560936677912,0.008304394735874075,0.22756410256410256,True,10,0.24071645736694336,True,3.2925171852111816,-7.7427038665154555,17.059751647768422,-23.932136281801064,UP,2.8364806175231934,0.9980581543638545,0.6149477020231937,HIGH,HIGH,HIGH,STRONG_WARNING,False,3.2925171852111816
2026-08-12T02:39:22.322390,0.07197343412054388,0.01134505587467778,0.23003194888178913,True,10,0.24071645736694336,True,3.417691230773926,-8.145401362169451,16.654791440991175,-23.987564657234117,UP,2.9616546630859375,0.9980372701260289,0.6217545208088711,HIGH,HIGH,HIGH,STRONG_WARNING,False,3.417691230773926
2026-08-12T02:39:22.413378,0.07145025605160583,0.0014965419831662436,0.23248407643312102,True,10,0.24071645736694336,True,3.5086793899536133,-7.456087408529669,16.269035273462862,-24.232721560242993,UP,3.052642822265625,0.9977309456447188,0.6239359073847683,HIGH,HIGH,HIGH,STRONG_WARNING,False,3.5086793899536133
2026-08-12T02:39:22.516440,0.06130584130604631,0.001034226288307769,0.23492063492063492,True,10,0.24071645736694336,True,3.611741304397583,-7.498381246484513,18.05813395330415,-24.200898480040195,UP,3.1557047367095947,0.9987402075831618,0.6264563964047645,HIGH,HIGH,HIGH,STRONG_WARNING,False,3.611741304397583
2026-08-12T02:39:22.603594,0.080390837396711,0.007934915241572381,0.23734177215189872,True,10,0.24071645736694336,True,3.6988954544067383,-7.052936045093588,16.359608179589884,-23.617094579210743,UP,3.24285888671875,0.9984102794924554,0.6254491231965016,HIGH,HIGH,HIGH,STRONG_WARNING,False,3.6988954544067383
2026-08-12T02:39:22.691263,0.10730441378923694,0.002305971268938614,0.23974763406940064,True,10,0.24071645736694336,True,3.7865638732910156,-6.815961366232216,17.58348648530287,-24.4381043484739,UP,3.3305273056030273,0.9991375975222908,0.6280983704260619,HIGH,HIGH,HIGH,STRONG_WARNING,False,3.7865638732910156
2026-08-12T02:39:22.779417,0.09418740300674869,0.008482832522032645,0.24213836477987422,True,10,0.24071645736694336,True,3.874718189239502,-7.369018843993729,15.810824187390466,-24.168218676538572,UP,3.4186816215515137,0.9990317295739027,0.6282861636384167,HIGH,HIGH,HIGH,STRONG_WARNING,False,3.874718189239502
2026-08-12T02:39:22.860824,0.0698623703642026,0.012274125103981478,0.2445141065830721,True,10,0.24071645736694336,True,3.956125020980835,-7.693889584859392,16.271906048305652,-24.196279033136136,UP,3.5000884532928467,0.9983009420010287,0.6301468976815672,HIGH,HIGH,HIGH,STRONG_WARNING,False,3.956125020980835
2026-08-12T02:39:22.946688,0.07450637915818858,0.00367439373536441,0.246875,True,10,0.24071645736694336,True,4.04198956489563,-8.89602617685037,16.082795815930666,-24.276931866682332,UP,3.5859529972076416,0.9982920872985253,0.6324260434838331,HIGH,HIGH,HIGH,STRONG_WARNING,False,4.04198956489563
2026-08-12T02:39:23.029946,0.10377090540400438,0.006037638667968349,0.24922118380062305,True,10,0.24071645736694336,True,4.125247001647949,-8.11458602751577,15.156629685082464,-24.303308397071646,UP,3.669210433959961,0.9988651111325446,0.6322031393232515,HIGH,HIGH,HIGH,STRONG_WARNING,False,4.125247001647949
2026-08-12T02:39:23.116411,0.08268475671160322,0.00446006588083388,0.2515527950310559,True,10,0.24071645736694336,True,4.211712598800659,-7.311694705743122,16.599384641111214,-24.24433518929385,UP,3.755676031112671,0.9992995809756515,0.6335809910078845,HIGH,HIGH,HIGH,STRONG_WARNING,False,4.211712598800659
2026-08-12T02:39:23.209178,0.08201064857193213,0.0018653487995219842,0.25386996904024767,True,10,0.24071645736694336,True,4.304479598999023,-7.731052491832486,16.089094490967284,-24.165600203339125,UP,3.848443031311035,0.99890007448131,0.6346990422671357,HIGH,HIGH,HIGH,STRONG_WARNING,False,4.304479598999023
2026-08-12T02:39:23.291078,0.07660454788289718,0.008805312623265903,0.25617283950617287,True,10,0.24071645736694336,True,4.386379241943359,-7.805019705208167,17.441837160542093,-24.977931010568085,UP,3.930342674255371,0.9984665691443758,0.6376809304850031,HIGH,HIGH,HIGH,STRONG_WARNING,False,4.386379241943359
2026-08-12T02:39:23.369577,0.11244764737482436,0.0032256402905824887,0.25846153846153846,True,10,0.24071645736694336,True,4.46487832069397,-8.327474583423083,15.327592493720147,-24.41374244360253,UP,4.0088417530059814,0.9991682339891976,0.6372581374845175,HIGH,HIGH,HIGH,STRONG_WARNING,False,4.46487832069397
2026-08-12T02:39:23.453081,0.08267588472204067,0.0056717159494027135,0.2607361963190184,True,10,0.24071645736694336,True,4.548381805419922,-8.021758431585653,14.559828336792549,-24.096590837824465,UP,4.092345237731934,0.998166835455247,0.6372411714962912,HIGH,HIGH,HIGH,STRONG_WARNING,False,4.548381805419922
2026-08-12T02:39:23.533879,0.08797646311158529,0.0053631622713378214,0.26299694189602446,True,10,0.24071645736694336,True,4.629179954528809,-7.779252928107525,16.4238950170122,-24.640623089965516,UP,4.17314338684082,0.9985416130829904,0.6400081737562578,HIGH,HIGH,HIGH,STRONG_WARNING,False,4.629179954528809
2026-08-12T02:39:23.616936,0.06674957797010006,0.000176967753806615,0.2652439024390244,True,10,0.24071645736694336,True,4.712237358093262,-7.857152448204829,17.45188722035016,-24.23368537566907,CENTER,0.0,0.9984564686213993,0.5115572412468657,MODERATE,HIGH,HIGH,STRONG_WARNING,False,4.712237358093262
2026-08-12T02:39:23.696543,0.08296376587532775,0.008651928810091403,0.2674772036474164,True,10,0.24071645736694336,True,4.791844606399536,-7.324623192119077,16.233601528095107,-24.269100141278983,CENTER,0.0,0.998511231138546,0.5113153160084193,MODERATE,HIGH,HIGH,STRONG_WARNING,False,4.791844606399536
2026-08-12T02:39:23.834431,0.06426710292617052,0.007157119181493575,0.27134146341463417,True,10,0.24071645736694336,True,4.929731845855713,-7.924995664325053,17.182923553473955,-24.55858455723765,CENTER,0.0,0.9973014724794238,0.5147899665804418,MODERATE,HIGH,HIGH,STRONG_WARNING,False,4.929731845855713
2026-08-12T02:39:23.920328,0.0901100380948885,0.006095054997456553,0.27439024390243905,True,10,0.24071645736694336,True,5.015628814697266,-8.117459727342293,18.082741602236638,-23.928778180840737,CENTER,0.0,0.9982679344564472,0.5165430809651962,MODERATE,HIGH,HIGH,STRONG_WARNING,False,5.015628814697266
2026-08-12T02:39:24.001351,0.07453245906811555,0.002941568295343819,0.2774390243902439,True,10,0.24071645736694336,True,5.096652507781982,-6.947228257888554,17.558377990585257,-24.18924092751368,UP,0.0,0.998143553347908,0.5428126905713393,MODERATE,HIGH,HIGH,STRONG_WARNING,False,5.096652507781982
2026-08-12T02:39:24.078438,0.0873960548941008,0.010762826204730807,0.2804878048780488,True,10,0.24071645736694336,True,5.173738956451416,-8.995688235085936,16.078082096678315,-24.679037812920228,UP,0.0770864486694336,0.9978450386874143,0.5457122255743719,MODERATE,INCREASING,HIGH,STRONG_WARNING,False,5.173738956451416
2026-08-12T02:39:24.162018,0.1143658164247429,0.009819218330640886,0.28353658536585363,True,10,0.24071645736694336,True,5.257319211959839,-6.7439653789301985,15.876666935883009,-24.773926948948912,UP,0.16066670417785645,0.9977199475951645,0.5450141983235035,MODERATE,INCREASING,HIGH,STRONG_WARNING,False,5.257319211959839
2026-08-12T02:39:24.242636,0.1031124460311218,0.0006669264001772032,0.2865853658536585,True,10,0.24071645736694336,True,5.337936878204346,-8.206636054067104,16.11828634221243,-24.350178759568337,UP,0.24128437042236328,0.9975245011359739,0.54771353534715,MODERATE,INCREASING,HIGH,STRONG_WARNING,False,5.337936878204346
2026-08-12T02:39:24.323650,0.08157381168410548,0.004533132998280385,0.2896341463414634,True,10,0.24071645736694336,True,5.418950796127319,-8.017444366723396,16.052845018593644,-24.20069539041114,UP,0.3222982883453369,0.9970385373799726,0.5488645308769936,MODERATE,INCREASING,HIGH,STRONG_WARNING,False,5.418950796127319
2026-08-12T02:39:24.401304,0.07081407441786428,0.0029430207788990366,0.2926829268292683,True,10,0.24071645736694336,True,5.496604681015015,-7.620579621101598,18.436440600520314,-24.262697308525986,UP,0.3999521732330322,0.9978548846879287,0.5517879463183919,HIGH,INCREASING,HIGH,STRONG_WARNING,False,5.496604681015015
2026-08-12T02:39:24.483667,0.07205934220567817,0.007681995064139732,0.29573170731707316,True,10,0.24071645736694336,True,5.578968524932861,-6.948023726468449,17.82770471030696,-24.173801871763942,UP,0.4823160171508789,0.9963678037122772,0.5521394445446857,HIGH,INCREASING,HIGH,STRONG_WARNING,False,5.578968524932861
2026-08-12T02:39:24.564081,0.07023932490518912,0.0051435494923662,0.29878048780487804,True,10,0.24071645736694336,True,5.659382343292236,-7.892429622158971,17.517539741723454,-24.012551614382375,UP,0.5627298355102539,0.9978808191872428,0.552578936168427,HIGH,INCREASING,HIGH,STRONG_WARNING,False,5.659382343292236
2026-08-12T02:39:24.647436,0.0907387601871597,0.007263270151889156,0.3009118541033435,True,10,0.24071645736694336,True,5.74273681640625,-8.485818280845734,18.791618344028052,-24.665953649674293,UP,0.6460843086242676,0.9976286811985595,0.5593774276262442,HIGH,INCREASING,HIGH,STRONG_WARNING,False,5.74273681640625
2026-08-12T02:39:24.738795,0.09446278874930784,0.004596837175057816,0.3048780487804878,True,10,0.24071645736694336,True,5.83409571647644,-6.908313847566774,17.266440579324893,-24.14702659225719,UP,0.737443208694458,0.9983132126628943,0.5621991074800873,HIGH,INCREASING,HIGH,STRONG_WARNING,False,5.83409571647644
2026-08-12T02:39:24.831942,0.0813797095104511,0.0007046717889918938,0.3079268292682927,True,10,0.24071645736694336,True,5.92724347114563,-7.57292100568128,17.369836974090674,-24.391438771879052,UP,0.8305909633636475,0.9989016418038409,0.568709927555176,HIGH,INCREASING,HIGH,STRONG_WARNING,False,5.92724347114563
2026-08-12T02:39:24.922169,0.0628985211297646,0.004347305816566228,0.31097560975609756,True,10,0.24071645736694336,True,6.017469882965088,-8.038565446725357,17.745412375072164,-23.831802943431825,UP,0.9208173751831055,0.9976827873156722,0.5743248676537237,HIGH,INCREASING,HIGH,STRONG_WARNING,False,6.017469882965088
2026-08-12T02:39:25.012938,0.06673015008006844,0.006492064867177632,0.31402439024390244,True,10,0.24071645736694336,True,6.108239650726318,-6.6791899580999825,18.911131609951042,-23.805384535525718,UP,1.011587142944336,0.9974034020276064,0.5792900546402543,HIGH,INCREASING,HIGH,STRONG_WARNING,False,6.108239650726318
2026-08-12T02:39:25.101489,0.08204066355265636,0.004446972500718641,0.3170731707317073,True,10,0.24071645736694336,True,6.196789979934692,-8.572585969981247,16.873878968893536,-23.977945534686626,UP,1.10013747215271,0.9970735275205761,0.5851697167715743,HIGH,INCREASING,HIGH,STRONG_WARNING,False,6.196789979934692
2026-08-12T02:39:25.191444,0.06265755420896407,0.0063065345648008996,0.3201219512195122,True,10,0.24071645736694336,True,6.286744832992554,-8.84299494240284,16.81721839365005,-24.299521377344462,CENTER,0.0,0.9967047110768176,0.5395506211471858,MODERATE,INCREASING,HIGH,STRONG_WARNING,False,6.286744832992554
2026-08-12T02:39:25.279767,0.0881220188870649,0.0046106010983143625,0.3231707317073171,True,10,0.24071645736694336,True,6.375067710876465,-6.136770180650245,16.76202300551148,-23.78996239773909,UP,0.0,0.9984337759344992,0.5639384674153842,HIGH,INCREASING,HIGH,STRONG_WARNING,False,6.375067710876465
2026-08-12T02:39:25.369753,0.07020141662475737,0.007218546962286436,0.32621951219512196,True,10,0.24071645736694336,True,6.4650537967681885,-5.838580138701047,17.16578688892264,-23.633776545784087,UP,0.08998608589172363,0.9966457422410837,0.565316917751324,HIGH,INCREASING,HIGH,STRONG_WARNING,False,6.4650537967681885
2026-08-12T02:39:25.458915,0.12165236852627179,0.003615321026545031,0.32926829268292684,True,10,0.24071645736694336,True,6.554216623306274,-6.859243572850403,15.334233138664047,-24.07811758652562,UP,0.17914891242980957,0.9967936465835047,0.5669292642254902,HIGH,INCREASING,HIGH,STRONG_WARNING,True,6.554216623306274
2026-08-12T02:39:26.421028,0.09200517851715813,0.0012481306450345812,0.3438485804416404,True,10,0.24071645736694336,True,7.516329526901245,-6.436685454208117,18.15367880735826,-22.974303614602974,UP,1.1412618160247803,0.9989652188357339,0.5982405133246188,HIGH,INCREASING,HIGH,STRONG_WARNING,False,7.516329526901245
2026-08-12T02:39:26.505566,0.36382997580124216,0.005156348539483631,0.3449367088607595,False,10,7.600867033004761,False,0.0,-7.043205098488386,19.55876004528895,-23.842115482223022,UP,1.225799322128296,0.9249792745995001,0.27026407918564777,LOW,INCREASING,HIGH,STRONG_WARNING,False,0.0
2026-08-12T02:39:26.589183,0.38812825678943097,0.0051669341500414434,0.3449367088607595,False,10,7.600867033004761,False,0.0,-6.735597516182054,19.78992917221541,-23.18786362726587,UP,1.3094165325164795,0.9250344667429085,0.2732475509742431,LOW,INCREASING,HIGH,STRONG_WARNING,False,0.0
2026-08-12T02:39:26.672085,0.37562830827049576,0.006517604284071113,0.3449367088607595,False,10,7.600867033004761,False,0.0,-5.515312992464544,18.26611084929513,-23.26592829881048,UP,1.3923182487487793,0.9222381892008992,0.27469750601044485,LOW,INCREASING,HIGH,STRONG_WARNING,False,0.0
2026-08-12T02:39:26.761385,0.37722321424009664,0.005133709214655223,0.3449367088607595,False,10,7.600867033004761,False,0.0,-6.069027649033586,17.6382125636477,-23.53701034235695,UP,1.481618881225586,0.9240677645961934,0.27908340252397656,LOW,INCREASING,HIGH,STRONG_WARNING,False,0.0
2026-08-12T02:39:26.848406,0.4071974786241993,0.0015882931380943343,0.3449367088607595,False,10,7.600867033004761,False,0.0,-5.769732027864649,17.54976798979169,-22.998234617521405,CENTER,0.0,0.9236096959279468,0.21129757631949184,LOW,INCREASING,HIGH,STRONG_WARNING,False,0.0
2026-08-12T02:39:26.935048,0.4192174447491696,0.003208845970470255,0.3449367088607595,False,10,7.600867033004761,False,0.0,-4.611824637748811,19.65488311008764,-23.42857831450283,CENTER,0.0,0.9262611578437318,0.2121514763512926,LOW,STABLE,HIGH,STRONG_WARNING,False,0.0
2026-08-12T02:39:27.018656,0.48017267813354697,0.002119720003867203,0.3449367088607595,False,10,7.600867033004761,False,0.0,-4.307855329958869,18.751592112412766,-23.317465879856314,CENTER,0.0,0.9257891698587227,0.2110555542927275,LOW,STABLE,HIGH,STRONG_WARNING,False,0.0
2026-08-12T02:39:27.103115,0.4377226038139783,0.0020085442454876724,0.3449367088607595,False,10,7.600867033004761,False,0.0,-4.538198140275114,19.875635466907,-23.420000701583206,CENTER,0.0,0.9258590276629556,0.21223509379294966,LOW,STABLE,HIGH,STRONG_WARNING,False,0.0
2026-08-12T02:39:27.202509,0.45544207900441797,0.005066341956427561,0.3449367088607595,False,10,7.600867033004761,False,0.0,-3.469285267080835,19.05724685718326,-23.13477770050642,CENTER,0.0,0.9263569137869269,0.21026109261159703,LOW,STABLE,HIGH,STRONG_WARNING,False,0.0
2026-08-12T02:39:27.285966,0.4381087087091953,0.0015873665133530586,0.3449367088607595,False,10,7.600867033004761,False,0.0,-3.945935181625316,20.26229315973646,-23.72576950874779,CENTER,0.0,0.9260584507964065,0.21223860371083386,LOW,STABLE,HIGH,STRONG_WARNING,False,0.0
2026-08-12T02:39:27.372100,0.40823156742869093,0.0019518240074945146,0.3449367088607595,False,10,7.600867033004761,False,0.0,-5.143453161456392,18.004581067203418,-23.149986163036033,CENTER,0.0,0.9249209478110304,0.21116374702420998,LOW,STABLE,HIGH,STRONG_WARNING,False,0.0
2026-08-12T02:39:27.458655,0.4532255778436234,0.014079163443052047,0.3449367088607595,False,10,7.600867033004761,False,0.0,-4.095186775555334,19.74025136800674,-23.77115449522094,CENTER,0.0,0.9239370548727465,0.21204110124755274,LOW,STABLE,HIGH,STRONG_WARNING,False,0.0
2026-08-12T02:39:27.591397,0.2404096809107596,0.004216127792160708,0.346031746031746,False,10,7.600867033004761,False,0.0,-6.178176590615095,19.448458820935116,-24.31897886600862,CENTER,0.0,0.9241240513775598,0.29779517930253385,LOW,STABLE,HIGH,STRONG_WARNING,False,0.0
2026-08-12T02:39:27.675398,0.11075389003737421,0.008276249556871788,0.3492063492063492,True,10,7.600867033004761,False,0.0,-7.442929203630683,13.505214486908955,-23.62913125860257,CENTER,0.0,0.9239368309695278,0.4211231083641398,MODERATE,STABLE,HIGH,STRONG_WARNING,False,0.0
2026-08-12T02:39:27.756937,0.21884299760721343,0.005870886856468193,0.3492063492063492,False,11,0.08153843879699707,False,0.0,-6.979216887338254,17.580564213517988,-24.353092601875943,CENTER,0.0,0.995404208461934,0.2756814388633037,LOW,STABLE,HIGH,STRONG_WARNING,False,0.0
2026-08-12T02:39:27.839228,0.26868763499271636,0.006950544486393617,0.3492063492063492,False,11,0.08153843879699707,False,0.0,-6.600365704571743,19.634327269983658,-23.900465157805797,UP,0.0,0.9968415905778463,0.23590451254571934,LOW,STABLE,HIGH,STRONG_WARNING,False,0.0
2026-08-12T02:39:27.922196,0.34915964372466096,0.008902540270840751,0.3492063492063492,False,11,0.08153843879699707,False,0.0,-5.601833615699263,18.02810087611789,-23.828880960470087,UP,0.08296823501586914,0.9970781089248971,0.19196415779075615,NORMAL,STABLE,HIGH,STRONG_WARNING,False,0.0
2026-08-12T02:39:28.003634,0.36551762970122736,0.006481190344219047,0.3492063492063492,False,11,0.08153843879699707,False,0.0,-4.484539902541741,19.079458915772847,-23.12722301043874,UP,0.16440677642822266,0.9967526282793209,0.19097188884743618,NORMAL,STABLE,HIGH,STRONG_WARNING,False,0.0
2026-08-12T02:39:28.084935,0.38484897623614023,0.001182175001736646,0.3492063492063492,False,11,0.08153843879699707,False,0.0,-4.582343463126307,19.39760082322877,-23.60798814592414,CENTER,0.0,0.9973305148319616,0.16575879822866618,NORMAL,STABLE,HIGH,STRONG_WARNING,False,0.0
2026-08-12T02:39:28.167304,0.35725338869739487,0.0036317054187548128,0.3492063492063492,False,11,0.08153843879699707,False,0.0,-5.095480591416504,18.107516631644756,-23.21665003566727,CENTER,0.0,0.9965413612397118,0.16494435870025798,NORMAL,STABLE,HIGH,STRONG_WARNING,False,0.0
2026-08-12T02:39:28.245405,0.34000019070617465,0.005890858584286835,0.3492063492063492,False,11,0.08153843879699707,False,0.0,-4.867029252427159,16.42748933712096,-23.2928505470355,CENTER,0.0,0.9952888695987655,0.1635843937461334,NORMAL,STABLE,HIGH,STRONG_WARNING,False,0.0
2026-08-12T02:39:28.326882,0.3441608721722893,0.0042114389642200455,0.3492063492063492,False,11,0.08153843879699707,False,0.0,-4.194954137603048,17.598200389929758,-23.313061237770967,CENTER,0.0,0.9951212330675583,0.16380218598700252,NORMAL,STABLE,HIGH,STRONG_WARNING,False,0.0
2026-08-12T02:39:28.406503,0.32358831838720603,0.002274913728434523,0.3492063492063492,False,11,0.08153843879699707,False,0.0,-4.497450207661501,18.706659776275785,-23.83011851868116,CENTER,0.0,0.9961667175711593,0.16539193951140746,NORMAL,STABLE,HIGH,STRONG_WARNING,False,0.0
2026-08-12T02:39:28.489966,0.35537875774678873,0.006387337777117872,0.3492063492063492,False,11,0.08153843879699707,False,0.0,-4.3600223178049475,16.668595322595962,-23.08992505826211,CENTER,0.0,0.9972555378729424,0.16307488721681773,NORMAL,STABLE,HIGH,STRONG_WARNING,False,0.0
2026-08-12T02:39:28.570358,0.35985885259126893,0.0032830563782862174,0.3492063492063492,False,11,0.08153843879699707,False,0.0,-5.69249725015473,17.62091936866554,-23.823610955778037,CENTER,0.0,0.9969167282878943,0.16575231316033126,NORMAL,STABLE,HIGH,STRONG_WARNING,False,0.0
2026-08-12T02:39:28.653241,0.3412840608407458,0.0010316473228302347,0.3492063492063492,False,11,0.08153843879699707,False,0.0,-6.348791905202745,16.1858112036835,-23.02184065841945,CENTER,0.0,0.9974914266117969,0.16457575849673034,NORMAL,STABLE,HIGH,STRONG_WARNING,False,0.0
2026-08-12T02:39:28.734017,0.33144272617476644,0.0015271158448879234,0.3492063492063492,False,11,0.08153843879699707,False,0.0,-4.873460846768381,17.82699864273181,-23.208127445529215,CENTER,0.0,0.996633672518004,0.16451975864513785,NORMAL,STABLE,HIGH,STRONG_WARNING,False,0.0
2026-08-12T02:39:28.814382,0.35271115366133526,0.004118118777649293,0.3492063492063492,False,11,0.08153843879699707,False,0.0,-4.725985509458241,17.654711503142096,-22.92251644552067,CENTER,0.0,0.996315961505487,0.16397828294171987,NORMAL,STABLE,HIGH,STRONG_WARNING,False,0.0
2026-08-12T02:39:28.894361,0.3272938653798262,0.005528838917598132,0.3492063492063492,False,11,0.08153843879699707,False,0.0,-4.32961279593647,16.966075898327688,-23.28811823455038,CENTER,0.0,0.9964757882158779,0.16345130374428748,NORMAL,STABLE,HIGH,STRONG_WARNING,False,0.0
2026-08-12T02:39:28.976692,0.11577572720312695,0.006570261175213053,0.3523809523809524,True,11,0.08153843879699707,False,0.0,-6.173438922308861,15.160533783444833,-23.827501453220265,CENTER,0.0,0.9948745338220165,0.36602954502532553,MODERATE,STABLE,HIGH,STRONG_WARNING,False,0.0
2026-08-12T02:39:29.054191,0.0529504707911099,0.0036727749790753062,0.35555555555555557,True,11,0.08153843879699707,False,0.0774991512298584,-5.907137796254432,14.17333461219539,-23.14476806354321,UP,0.0,0.9957533329046638,0.3919899843441685,MODERATE,STABLE,HIGH,STRONG_WARNING,False,0.0774991512298584
2026-08-12T02:39:29.134869,0.26218307967295207,0.0033812897352213157,0.35555555555555557,False,12,0.15817689895629883,False,0.0,-5.8142895535123955,18.01275474499664,-23.690085414091186,UP,0.08067774772644043,0.9955301301011661,0.24562117031329084,LOW,STABLE,HIGH,STRONG_WARNING,False,0.0
2026-08-12T02:39:29.212394,0.280487997636263,0.0030188437627138255,0.35555555555555557,False,12,0.15817689895629883,False,0.0,-6.661613810680564,17.49017312568887,-23.634818683156908,UP,0.1582024097442627,0.9967361914866254,0.22159991503278664,LOW,STABLE,HIGH,STRONG_WARNING,False,0.0
2026-08-12T02:39:29.294373,0.2943892482133468,0.001566387306833058,0.35555555555555557,False,12,0.15817689895629883,False,0.0,-5.256651212777996,17.798129874119354,-23.192390121460704,UP,0.24018144607543945,0.9997118537808641,0.20150835820574256,LOW,STABLE,HIGH,STRONG_WARNING,False,0.0
2026-08-12T02:39:29.372624,0.28551858564583676,0.001081611305990698,0.35555555555555557,False,12,0.15817689895629883,False,0.0,-5.329888753448188,17.91865629657616,-23.174268711189455,UP,0.3184323310852051,0.99917868280607,0.21347602994865517,LOW,STABLE,HIGH,STRONG_WARNING,False,0.0
2026-08-12T02:39:29.452085,0.3419885663589479,0.0019260627861358264,0.35555555555555557,False,12,0.15817689895629883,False,0.0,-5.225213178754757,17.703867761972532,-23.24549109397185,UP,0.39789342880249023,0.9990009859396434,0.19398013823886504,NORMAL,STABLE,HIGH,STRONG_WARNING,False,0.0
2026-08-12T02:39:29.532388,0.3185110183504608,0.0007964759926681668,0.35555555555555557,False,12,0.15817689895629883,False,0.0,-5.0174667793699825,17.054755038754223,-23.191351866563167,UP,0.478196382522583,0.9989372213648833,0.19325914844629516,NORMAL,STABLE,HIGH,STRONG_WARNING,False,0.0
2026-08-12T02:39:29.615077,0.34204955053300373,0.002072735754618037,0.35555555555555557,False,12,0.15817689895629883,False,0.0,-5.3617480068114105,17.247350858833926,-23.491937907509907,UP,0.5608859062194824,0.9971957786779836,0.1923242846591263,NORMAL,STABLE,HIGH,STRONG_WARNING,False,0.0
2026-08-12T02:39:29.695140,0.3434656542825076,0.0047933676773776615,0.3523809523809524,False,12,0.15817689895629883,False,0.0,-4.620843586192933,18.292951285718743,-23.63647037089845,UP,0.6409487724304199,0.9970947466563785,0.19438724569786445,NORMAL,STABLE,HIGH,STRONG_WARNING,False,0.0
2026-08-12T02:39:29.777485,0.34683893848287406,0.005895521129499195,0.3492063492063492,False,12,0.15817689895629883,False,0.0,-5.2880173551462235,17.81545641168728,-23.469240107891267,UP,0.7232937812805176,0.9958995761531206,0.19650479749817765,NORMAL,STABLE,HIGH,STRONG_WARNING,False,0.0
2026-08-12T02:39:29.857989,0.35060787071071586,0.0017226028062803918,0.346031746031746,False,12,0.15817689895629883,False,0.0,-5.27713927372406,18.223069271454705,-24.03731619713571,UP,0.8037974834442139,0.9957953291109397,0.1992369377812601,NORMAL,STABLE,HIGH,STRONG_WARNING,False,0.0
2026-08-12T02:39:29.939128,0.36662979676718177,0.004903745451223085,0.34285714285714286,False,12,0.15817689895629883,False,0.0,-4.478582470503284,16.177334098552592,-23.534829828885535,UP,0.8849365711212158,0.9979536929869685,0.19843533153663465,NORMAL,STABLE,HIGH,STRONG_WARNING,False,0.0
2026-08-12T02:39:30.018335,0.3535550264681503,0.0058034096672757,0.3396825396825397,False,12,0.15817689895629883,False,0.0,-4.568416853958155,15.23290025645818,-23.52069445625159,CENTER,0.0,0.9975050368655694,0.1578915827696546,NORMAL,STABLE,HIGH,STRONG_WARNING,False,0.0
2026-08-12T02:39:30.097777,0.3432912511137284,0.002335251603134108,0.33650793650793653,False,12,0.15817689895629883,False,0.0,-4.4341811237726745,17.667007255820323,-23.55397324849028,CENTER,0.0,0.9963992305384088,0.15796502955646208,NORMAL,STABLE,HIGH,STRONG_WARNING,False,0.0
2026-08-12T02:39:30.176658,0.3715500316582543,0.0019866797075906092,0.3333333333333333,False,12,0.15817689895629883,False,0.0,-4.1969372669042,16.493292125609855,-23.247957617214524,CENTER,0.0,0.9992808936685529,0.15500690605320291,NORMAL,STABLE,HIGH,STRONG_WARNING,False,0.0
2026-08-12T02:39:30.258846,0.364061103377334,0.0021761830812071056,0.33015873015873015,False,12,0.15817689895629883,False,0.0,-4.1283766574473475,16.51669778598975,-23.60025336918335,CENTER,0.0,0.9999377893518517,0.15370973498748353,NORMAL,STABLE,HIGH,STRONG_WARNING,False,0.0
2026-08-12T02:39:30.339298,0.3613880537826609,0.0032576821522422405,0.326984126984127,False,12,0.15817689895629883,False,0.0,-4.3493350981396475,17.150976168847023,-23.85980204339151,CENTER,0.0,0.9976842876586076,0.15304323389844599,NORMAL,STABLE,HIGH,STRONG_WARNING,False,0.0
2026-08-12T02:39:30.418822,0.379856349458349,0.005653693363440729,0.3238095238095238,False,12,0.15817689895629883,False,0.0,-4.123768635594502,14.670495939536096,-23.05502985737263,CENTER,0.0,0.9973307827503431,0.1486722964098767,NORMAL,STABLE,HIGH,STRONG_WARNING,False,0.0
2026-08-12T02:39:30.497673,0.364741437893463,0.0003699977712703946,0.32063492063492066,False,12,0.15817689895629883,False,0.0,-4.342230789269735,17.07823602592663,-23.532475096850362,CENTER,0.0,0.9959588932827502,0.14949405126356002,NORMAL,STABLE,HIGH,STRONG_WARNING,True,0.0
2026-08-12T02:39:31.453296,0.38278769987250216,0.0010784157918444423,0.2996742671009772,False,12,0.15817689895629883,False,0.0,-4.1414501913562844,17.528024001631593,-23.089801689594623,CENTER,0.0,0.9983543247385117,0.13871894899258266,NORMAL,STABLE,NORMAL,NO_ACTION,False,0.0
2026-08-12T02:39:31.550499,0.3317391183879387,0.0034147124792429932,0.2987012987012987,False,12,0.15817689895629883,False,0.0,-3.7885483703641967,17.893322240026578,-22.901619644808164,CENTER,0.0,0.9967986164694789,0.13797524757564933,NORMAL,STABLE,NORMAL,NO_ACTION,False,0.0
2026-08-12T02:39:31.640549,0.32483759281631924,0.00100510736196492,0.2977346278317152,False,12,0.15817689895629883,False,0.0,-3.5447158884649923,17.998835553789803,-22.824487076855036,CENTER,0.0,0.9968039346493484,0.13725903874538434,NORMAL,STABLE,NORMAL,NO_ACTION,False,0.0
2026-08-12T02:39:31.723569,0.3216681410734208,0.0033908932352255815,0.2967741935483871,False,12,0.15817689895629883,False,0.0,-4.898787554525626,18.004346963143973,-23.911508630916728,CENTER,0.0,0.9973200392232512,0.13913348442614942,NORMAL,STABLE,NORMAL,NO_ACTION,False,0.0
2026-08-12T02:39:31.810522,0.3190631299217036,0.0013822530501227343,0.2958199356913183,False,12,0.15817689895629883,False,0.0,-5.285666751966318,17.687277623956533,-23.385816295749777,UP,0.0,0.996663357874657,0.16429368906446548,NORMAL,STABLE,NORMAL,NO_ACTION,False,0.0
2026-08-12T02:39:31.894395,0.3288091671351303,0.005151775410420381,0.2948717948717949,False,12,0.15817689895629883,False,0.0,-5.214569416884018,18.332695417676746,-23.305129499255116,UP,0.08387279510498047,0.9970108078275034,0.16413959123087202,NORMAL,STABLE,NORMAL,NO_ACTION,False,0.0
2026-08-12T02:39:31.984120,0.30964104282944044,0.002161298607109952,0.2939297124600639,False,12,0.15817689895629883,False,0.0,-4.7428757733522104,16.598250372611204,-23.503275765346046,UP,0.1735973358154297,0.9969266680598423,0.16215247927714577,NORMAL,STABLE,NORMAL,NO_ACTION,False,0.0
2026-08-12T02:39:32.092151,0.331180567450424,0.004148674335255818,0.2929936305732484,False,12,0.15817689895629883,False,0.0,-4.716771749583813,16.841090283742318,-23.209312092784955,UP,0.2816283702850342,0.9972265089163237,0.1615516093767932,NORMAL,STABLE,NORMAL,NO_ACTION,False,0.0
2026-08-12T02:39:32.178396,0.3233832280098051,0.00236671998467043,0.2898089171974522,False,12,0.15817689895629883,False,0.0,-5.171198988006523,17.47329686546422,-23.62372488926593,UP,0.3678739070892334,0.9963735103737996,0.16125250710560152,NORMAL,STABLE,NORMAL,NO_ACTION,False,0.0
2026-08-12T02:39:32.266466,0.32864597168889553,0.0007446772961088754,0.28662420382165604,False,12,0.15817689895629883,False,0.0,-4.653510305297601,16.53216464681782,-23.295004027510288,UP,0.45594358444213867,0.9967936599794239,0.15816538277252998,NORMAL,STABLE,NORMAL,NO_ACTION,False,0.0
2026-08-12T02:39:32.357411,0.3341869337804131,0.0017501155081427852,0.28343949044585987,False,12,0.15817689895629883,False,0.0,-6.247310684289658,16.529752872092104,-23.472306893686408,UP,0.546889066696167,0.9965218433856311,0.155975317299511,NORMAL,STABLE,NORMAL,NO_ACTION,False,0.0
2026-08-12T02:39:32.438669,0.3352205405994607,0.001342193245379446,0.28343949044585987,False,12,0.15817689895629883,False,0.0,-4.60109222061925,18.686830905880043,-23.58195541467495,UP,0.6281468868255615,0.9961079094864539,0.15957471925138242,NORMAL,STABLE,NORMAL,NO_ACTION,False,0.0
2026-08-12T02:39:32.554673,0.31490188458373114,0.005586555347356725,0.28343949044585987,False,12,0.15817689895629883,False,0.0,-3.6549373574897004,16.388769627834563,-22.81038396035379,UP,0.7441506385803223,0.9969944112225653,0.16128773074684405,NORMAL,STABLE,NORMAL,NO_ACTION,False,0.0
2026-08-12T02:39:32.644929,0.31439128138435085,0.004851732826919464,0.28343949044585987,False,12,0.15817689895629883,False,0.0,-4.265915328924393,15.677414634642645,-22.952658526496236,UP,0.834406852722168,0.9970614042138202,0.1654104312711301,NORMAL,STABLE,NORMAL,NO_ACTION,False,0.0
2026-08-12T02:39:32.733387,0.30871944227856274,0.0031536087662340975,0.28434504792332266,False,12,0.15817689895629883,False,0.0,-4.257861915868858,15.59408304806098,-22.900558675339,UP,0.9228646755218506,0.9967095603995197,0.16957827304200054,NORMAL,STABLE,NORMAL,NO_ACTION,False,0.0
2026-08-12T02:39:32.816359,0.2945730657440355,0.004392523815463255,0.28343949044585987,False,12,0.15817689895629883,False,0.0,-5.280627360493838,16.431589603435498,-23.17554052131308,UP,1.0058362483978271,0.9959730259773663,0.18181138989086143,NORMAL,STABLE,NORMAL,NO_ACTION,False,0.0
2026-08-12T02:39:32.899006,0.3238037775007919,0.0029605833354728827,0.28434504792332266,False,12,0.15817689895629883,False,0.0,-4.224958192497837,18.346261722572223,-23.643975367565105,UP,1.0884838104248047,0.9967152268732853,0.17942698449309896,NORMAL,STABLE,NORMAL,NO_ACTION,False,0.0
2026-08-12T02:39:32.976475,0.31061870327696683,0.003638759296541481,0.28343949044585987,False,12,0.15817689895629883,False,0.0,-5.40528279147577,16.9231042291739,-23.321661413910704,UP,1.165952444076538,0.9946869507673183,0.1821295763850962,NORMAL,STABLE,NORMAL,NO_ACTION,False,0.0
2026-08-12T02:39:33.059683,0.30016956155470004,0.005068868652404042,0.28343949044585987,False,12,0.15817689895629883,False,0.0,-4.955758311028632,17.39522185271275,-23.662925769022962,UP,1.2491610050201416,0.9950351910793895,0.18597200404081163,NORMAL,STABLE,NORMAL,NO_ACTION,False,0.0
2026-08-12T02:39:33.140990,0.33095411374399053,0.0029218455379563875,0.28343949044585987,False,12,0.15817689895629883,False,0.0,-4.655769069809395,16.212238374227837,-22.93291466297231,UP,1.3304681777954102,0.9964356406464334,0.1876490857181298,NORMAL,STABLE,NORMAL,NO_ACTION,False,0.0
2026-08-12T02:39:33.222004,0.2975981755544548,0.0021952978698294356,0.28343949044585987,False,12,0.15817689895629883,False,0.0,-5.009823602557589,16.84514357736586,-23.752263101728033,UP,1.4114818572998047,0.9957460455246914,0.19594915289516918,NORMAL,STABLE,NORMAL,NO_ACTION,False,0.0
2026-08-12T02:39:33.301901,0.28940523154541836,0.0003978958384646355,0.28343949044585987,False,12,0.15817689895629883,False,0.0,-3.9071750435852266,17.540070602163723,-23.168806253660335,UP,1.4913785457611084,0.9975263899605624,0.20921350275537484,LOW,STABLE,NORMAL,NO_ACTION,False,0.0
2026-08-12T02:39:33.384614,0.28741890603025755,0.0019933200302344853,0.28343949044585987,False,12,0.15817689895629883,False,0.0,-5.40710936120206,19.581215235134437,-23.662186590961994,UP,1.5740916728973389,0.9975956200703019,0.21883982048374478,LOW,STABLE,NORMAL,NO_ACTION,False,0.0
2026-08-12T02:39:33.464088,0.3151167842054401,0.0038060678535200725,0.28343949044585987,False,12,0.15817689895629883,False,0.0,-4.669829764729229,16.443448768719037,-23.421201544614007,UP,1.6535658836364746,0.9955720325360081,0.2023007137002492,LOW,STABLE,NORMAL,NO_ACTION,False,0.0
2026-08-12T02:39:33.546052,0.2928649251675142,0.0017693079367659007,0.28343949044585987,False,12,0.15817689895629883,False,0.0,-4.827236084179134,17.335776137182364,-23.320770292162223,UP,1.735530138015747,0.9964611732681756,0.2160652547009982,LOW,STABLE,NORMAL,NO_ACTION,False,0.0
2026-08-12T02:39:33.628247,0.2502340186243986,0.0023416624079941285,0.28343949044585987,False,12,0.15817689895629883,False,0.0,-6.039372444519557,17.150726866728775,-23.791889461333398,UP,1.8177244663238525,0.9960482574588478,0.27795548368863165,LOW,STABLE,NORMAL,NO_ACTION,False,0.0
2026-08-12T02:39:33.710953,0.19572389249947653,0.0031253546254126764,0.28662420382165604,True,12,0.15817689895629883,False,0.0,-4.697885084658651,15.538195283901302,-23.091024946877496,UP,1.9004309177398682,0.9953802163708848,0.3526806394156616,MODERATE,STABLE,NORMAL,NO_ACTION,False,0.0
2026-08-12T02:39:33.792413,0.07109626824232357,0.009465441656425749,0.2898089171974522,True,12,0.15817689895629883,False,0.08145928382873535,-5.019666130861964,14.59418764519097,-23.01475174591934,UP,1.9818902015686035,0.9966696003729425,0.4183227200695707,MODERATE,STABLE,NORMAL,NO_ACTION,False,0.08145928382873535
2026-08-12T02:39:33.875154,0.21953505292565126,0.0033506146324436756,0.2898089171974522,False,13,0.1642007827758789,False,0.0,-5.412910043249468,16.269286766480207,-23.21933879052736,UP,2.064631700515747,0.9964709388931757,0.33098026400259795,LOW,STABLE,NORMAL,NO_ACTION,False,0.0
2026-08-12T02:39:33.955223,0.28423559108913926,0.0038065219677076304,0.2898089171974522,False,13,0.1642007827758789,False,0.0,-5.04014475863292,16.204176168129862,-23.53042576141047,UP,2.144700527191162,0.9981641562714334,0.2480761106877745,LOW,STABLE,NORMAL,NO_ACTION,False,0.0
2026-08-12T02:39:34.036000,0.28589293352684275,0.004050916283538276,0.2898089171974522,False,13,0.1642007827758789,False,0.0,-5.27462830165274,16.928207993818177,-23.65597976477102,UP,2.225478172302246,0.9976180314429014,0.2502363000888654,LOW,STABLE,NORMAL,NO_ACTION,False,0.0
2026-08-12T02:39:34.114958,0.2936353845012375,0.0016588829959875023,0.28888888888888886,False,13,0.1642007827758789,False,0.0,-5.5499500401404305,17.273255378732472,-23.221172258127183,UP,2.3044354915618896,0.9955877727409123,0.24297012380455932,LOW,STABLE,NORMAL,NO_ACTION,False,0.0
2026-08-12T02:39:34.198273,0.3126962233520827,0.0008163279131774042,0.28888888888888886,False,13,0.1642007827758789,False,0.0,-4.957788280493844,16.637402384438758,-23.657855889437826,UP,2.3877503871917725,0.9956347254372429,0.23748533510848713,LOW,STABLE,NORMAL,NO_ACTION,False,0.0
2026-08-12T02:39:34.275762,0.292729610058732,0.0036826536762762743,0.28888888888888886,False,13,0.1642007827758789,False,0.0,-5.290369726168876,15.666254619397108,-23.165468143356776,UP,2.4652397632598877,0.9960952905306927,0.24968178928094914,LOW,STABLE,NORMAL,NO_ACTION,False,0.0
2026-08-12T02:39:34.357131,0.28987451337319536,0.0021287766937331263,0.28888888888888886,False,13,0.1642007827758789,False,0.0,-5.8925534921678775,17.885991226666334,-23.22355461459364,UP,2.5466091632843018,0.9953950724451304,0.25925355108531084,LOW,STABLE,NORMAL,NO_ACTION,False,0.0
2026-08-12T02:39:34.435001,0.3049828148286281,0.00018576070766450275,0.2857142857142857,False,13,0.1642007827758789,False,0.0,-4.765442448996424,15.451090370195942,-23.03999177559092,UP,2.624478816986084,0.9957372310099449,0.24451928241017287,LOW,STABLE,NORMAL,NO_ACTION,False,0.0
2026-08-12T02:39:34.517839,0.28904031682324505,0.0033197613833665534,0.28253968253968254,False,13,0.1642007827758789,False,0.0,-5.186271551918651,15.966496727964426,-23.13466423201413,UP,2.7073168754577637,0.9959228180727024,0.262003187759705,LOW,STABLE,NORMAL,NO_ACTION,False,0.0
2026-08-12T02:39:34.596120,0.30283421568294056,0.001851436806213742,0.28253968253968254,False,13,0.1642007827758789,False,0.0,-5.009719649161241,15.072896777320892,-23.38123066632943,UP,2.785597562789917,0.9955973240312072,0.2502044836337197,LOW,STABLE,NORMAL,NO_ACTION,False,0.0
2026-08-12T02:39:34.681393,0.30899752169356604,0.0028599418097391273,0.28253968253968254,False,13,0.1642007827758789,False,0.0,-5.392189756683962,15.140435001531273,-23.278461747520595,UP,2.87087082862854,0.994987849901406,0.25421777797852907,LOW,STABLE,NORMAL,NO_ACTION,False,0.0
2026-08-12T02:39:34.762989,0.3207854552586803,0.0015812130523113947,0.28253968253968254,False,13,0.1642007827758789,False,0.0,-4.265799202519588,17.719078467010945,-23.22983693857094,UP,2.9524669647216797,0.9946382699974279,0.2584844678809314,LOW,STABLE,NORMAL,NO_ACTION,False,0.0
2026-08-12T02:39:34.844147,0.2916215970074549,0.0064414554354226715,0.28253968253968254,False,13,0.1642007827758789,False,0.0,-3.7251375507963473,17.853875558685274,-23.263744166989426,UP,3.0336244106292725,0.9951048364626202,0.27132480444719004,LOW,STABLE,NORMAL,NO_ACTION,False,0.0
2026-08-12T02:39:34.924383,0.30008599121831353,0.0016362485725688691,0.28253968253968254,False,13,0.1642007827758789,False,0.0,-4.3028521906099115,17.63044292094824,-23.602151670718257,UP,3.113860607147217,0.9948879699288409,0.260874424134768,LOW,STABLE,NORMAL,NO_ACTION,False,0.0
2026-08-12T02:39:35.005916,0.29000987580561366,0.0009669038068219213,0.28343949044585987,False,13,0.1642007827758789,False,0.0,-4.373270366757964,15.73124656990862,-23.08050258813455,UP,3.1953938007354736,0.9948422898448216,0.27283833322064593,LOW,STABLE,NORMAL,NO_ACTION,False,0.0
2026-08-12T02:39:35.088505,0.11387253407867384,0.0021159932269052884,0.28343949044585987,True,13,0.1642007827758789,False,0.0,-4.969096875275596,13.476038806977698,-23.24242945845984,UP,3.277982234954834,0.9968525886274006,0.4586190949048998,MODERATE,STABLE,NORMAL,NO_ACTION,False,0.0
2026-08-12T02:39:35.171183,0.14370225851093354,0.0036683863192332306,0.28343949044585987,True,13,0.1642007827758789,False,0.08267807960510254,-4.1563969595654555,15.401207240368961,-22.935864205674676,UP,3.3606603145599365,0.9971210428455075,0.45893168342602025,MODERATE,STABLE,NORMAL,NO_ACTION,False,0.08267807960510254
2026-08-12T02:39:35.249089,0.3315720947696176,0.003755396525912148,0.28343949044585987,False,14,0.1605839729309082,False,0.0,-5.031564850353561,18.754583089187378,-24.018953339626364,UP,3.438566207885742,0.995650720164609,0.2632392949702867,LOW,STABLE,NORMAL,NO_ACTION,False,0.0
2026-08-12T02:39:35.329979,0.3330543127264808,0.0011807104438040154,0.28343949044585987,False,14,0.1605839729309082,False,0.0,-3.8741416499077275,17.858265619420962,-23.665635719449966,UP,3.5194568634033203,0.9964438925325789,0.2611371671185599,LOW,STABLE,NORMAL,NO_ACTION,False,0.0
2026-08-12T02:39:35.407064,0.3345349887102457,0.0020785287352160136,0.28343949044585987,False,14,0.1605839729309082,False,0.0,-3.73391431289744,16.998300484747404,-23.241680442042366,CENTER,0.0,0.9958809290337792,0.12997279422593028,NORMAL,STABLE,NORMAL,NO_ACTION,False,0.0
2026-08-12T02:39:35.489891,0.3512828900057212,0.003248703394385763,0.28343949044585987,False,14,0.1605839729309082,False,0.0,-3.513932490910321,18.385365716881836,-23.65790285026543,CENTER,0.0,0.9953473025977366,0.13116353597662495,NORMAL,STABLE,NORMAL,NO_ACTION,False,0.0
2026-08-12T02:39:35.568602,0.36188930842684286,0.002163143538719524,0.28343949044585987,False,14,0.1605839729309082,False,0.0,-4.196739546803769,15.770457575211623,-23.484245728016674,CENTER,0.0,0.9959910166966734,0.12976528373633578,NORMAL,STABLE,NORMAL,NO_ACTION,False,0.0
2026-08-12T02:39:35.651415,0.3520473344000473,0.0034681529899681708,0.28343949044585987,False,14,0.1605839729309082,False,0.0,-4.520971877399319,16.809405002369743,-23.560334563208983,CENTER,0.0,0.9962170058513375,0.13090112911189383,NORMAL,STABLE,NORMAL,NO_ACTION,False,0.0
2026-08-12T02:39:35.736731,0.3280488731228499,0.005089846153077986,0.28343949044585987,False,14,0.1605839729309082,False,0.0,-4.093014087710515,15.945076267528549,-23.40505436444147,CENTER,0.0,0.9965605709876544,0.12971525511080986,NORMAL,STABLE,NORMAL,NO_ACTION,False,0.0
2026-08-12T02:39:35.817290,0.31548795048308226,0.005966887546892554,0.28343949044585987,False,14,0.1605839729309082,False,0.0,-3.799608167313238,15.314658818543904,-23.403684876272706,CENTER,0.0,0.9964006772976681,0.12897609581903513,NORMAL,STABLE,NORMAL,NO_ACTION,False,0.0
2026-08-12T02:39:35.896676,0.3465973742275383,0.0035747589208249917,0.28343949044585987,False,14,0.1605839729309082,False,0.0,-4.765489864886888,17.775735432454468,-24.142001953906856,CENTER,0.0,0.9952739599408436,0.13239462034224472,NORMAL,STABLE,NORMAL,NO_ACTION,False,0.0
2026-08-12T02:39:35.977077,0.3513806559766081,0.002052026917754019,0.28343949044585987,False,14,0.1605839729309082,False,0.0,-4.725222750703381,18.20508494983605,-23.813236919985457,CENTER,0.0,0.9953217029963991,0.1323493418140304,NORMAL,STABLE,NORMAL,NO_ACTION,False,0.0
2026-08-12T02:39:36.058638,0.3413981544263422,0.0028528683323594596,0.28343949044585987,False,14,0.1605839729309082,False,0.0,-4.500085330828512,17.3540380093271,-23.82645709852494,CENTER,0.0,0.9955567477923525,0.13153062834682133,NORMAL,STABLE,NORMAL,NO_ACTION,False,0.0
2026-08-12T02:39:36.138199,0.327246199424839,0.003005360573397599,0.2802547770700637,False,14,0.1605839729309082,False,0.0,-5.525022692028017,16.55829820283975,-23.325151009240727,CENTER,0.0,0.9952666055812758,0.12986780820867488,NORMAL,STABLE,NORMAL,NO_ACTION,False,0.0
2026-08-12T02:39:36.216321,0.3217026121772507,0.0023134549131369397,0.2770700636942675,False,14,0.1605839729309082,False,0.0,-3.047528034221159,16.727650133823715,-23.549088424453487,CENTER,0.0,0.9960681637945816,0.1262276690891746,NORMAL,STABLE,NORMAL,NO_ACTION,False,0.0
2026-08-12T02:39:36.299278,0.3373020128233119,0.005672869906555559,0.2761904761904762,False,14,0.1605839729309082,False,0.0,-3.7596387341258435,15.487814189828185,-23.487551553042948,CENTER,0.0,0.995927345893347,0.1255189167681284,NORMAL,STABLE,NORMAL,NO_ACTION,False,0.0
2026-08-12T02:39:36.377060,0.3340348451484242,0.005007279476086484,0.27531645569620256,False,14,0.1605839729309082,False,0.0,-2.968765987789766,15.047828773945525,-23.141319200874136,CENTER,0.0,0.9962398994770234,0.12366914918133087,NORMAL,STABLE,NORMAL,NO_ACTION,False,0.0
2026-08-12T02:39:36.458058,0.33253776887756714,0.006617413575612831,0.2744479495268139,False,14,0.1605839729309082,False,0.0,-4.451109698857323,14.059890966874747,-23.186579850833454,CENTER,0.0,0.9965665991512347,0.12399241187992613,NORMAL,STABLE,NORMAL,NO_ACTION,False,0.0
2026-08-12T02:39:36.540304,0.33168681562865554,0.0051520851535755315,0.27358490566037735,False,14,0.1605839729309082,False,0.0,-3.4965089596267944,18.77595306694485,-23.800109356899753,CENTER,0.0,0.9971271245927641,0.12663849583148923,NORMAL,STABLE,NORMAL,NO_ACTION,False,0.0
2026-08-12T02:39:36.621040,0.34500749609410697,0.002128919937876698,0.2727272727272727,False,14,0.1605839729309082,False,0.0,-3.3928794406770635,16.892828784797956,-23.284909137867714,CENTER,0.0,0.9966037326388889,0.12425373504310763,NORMAL,STABLE,NORMAL,NO_ACTION,False,0.0
2026-08-12T02:39:36.740690,0.3558095078912912,0.003695918889604989,0.271875,False,14,0.1605839729309082,False,0.0,-3.769082942949524,16.096438383393775,-23.595131826196138,CENTER,0.0,0.9953761975951645,0.12391343083236908,NORMAL,STABLE,NORMAL,NO_ACTION,False,0.0
2026-08-12T02:39:36.823625,0.36166183635589444,0.0018417232909400426,0.27102803738317754,False,14,0.1605839729309082,False,0.0,-4.632326402467726,15.825803097486414,-23.47861103236417,CENTER,0.0,0.9942147982038751,0.12401355697701893,NORMAL,STABLE,NORMAL,NO_ACTION,False,0.0
2026-08-12T02:39:36.902886,0.35133670110001236,0.0033688710720372935,0.2701863354037267,False,14,0.1605839729309082,False,0.0,-4.863627953186267,15.444605135172282,-23.909624163829136,CENTER,0.0,0.9941415493184157,0.12395518085661372,NORMAL,STABLE,NORMAL,NO_ACTION,False,0.0
2026-08-12T02:39:36.984138,0.3808865690477592,0.0027233059638680215,0.2693498452012384,False,14,0.1605839729309082,False,0.0,-4.781854657695646,16.32918844630109,-23.558985789672477,CENTER,0.0,0.9937051772548011,0.1237594050574504,NORMAL,STABLE,NORMAL,NO_ACTION,False,0.0
2026-08-12T02:39:37.062613,0.3679613357990094,0.0013919439217106267,0.26851851851851855,False,14,0.1605839729309082,False,0.0,-4.96059420859126,16.461124161250837,-23.935810200577407,CENTER,0.0,0.9948438973551098,0.12397401614010285,NORMAL,STABLE,NORMAL,NO_ACTION,False,0.0
2026-08-12T02:39:37.145620,0.37898164795008554,0.004309222299055704,0.2676923076923077,False,14,0.1605839729309082,False,0.0,-5.10880799874667,16.742374941633756,-24.148312129327365,CENTER,0.0,0.9953434445730454,0.12411139216807172,NORMAL,STABLE,NORMAL,NO_ACTION,False,0.0
2026-08-12T02:39:37.227210,0.36892954512126896,0.004402707687797564,0.2676923076923077,False,14,0.1605839729309082,False,0.0,-5.068683363189081,14.88543958158786,-23.42922060694599,CENTER,0.0,0.99522159529321,0.1220391751448381,NORMAL,STABLE,NORMAL,NO_ACTION,False,0.0
2026-08-12T02:39:37.310606,0.3486549252763103,0.0014525672839222714,0.2676923076923077,False,14,0.1605839729309082,False,0.0,-4.64735803154241,16.234272386716015,-23.38128189845233,CENTER,0.0,0.9961619486239712,0.12256144828025847,NORMAL,STABLE,NORMAL,NO_ACTION,False,0.0
2026-08-12T02:39:37.390019,0.37995238187711605,0.002814430464165298,0.2676923076923077,False,14,0.1605839729309082,False,0.0,-3.0425640134064054,15.523900056021773,-23.14051949590487,CENTER,0.0,0.9963457406335733,0.12027119911780264,NORMAL,STABLE,NORMAL,NO_ACTION,False,0.0
2026-08-12T02:39:37.473546,0.36119324978054623,0.0026971097850306243,0.2676923076923077,False,14,0.1605839729309082,False,0.0,-4.8570795044807085,14.610346739191698,-23.393484064626847,CENTER,0.0,0.9958029245970508,0.1216023173354514,NORMAL,STABLE,NORMAL,NO_ACTION,False,0.0
2026-08-12T02:39:37.552770,0.35749711087374,0.0035822733808238724,0.2676923076923077,False,14,0.1605839729309082,False,0.0,-4.7230471296355745,14.365669737127405,-23.22126279711017,CENTER,0.0,0.9942321459190673,0.12113069525242694,NORMAL,STABLE,NORMAL,NO_ACTION,False,0.0
2026-08-12T02:39:37.636430,0.3612153868263047,0.0013345356856014011,0.2676923076923077,False,14,0.1605839729309082,False,0.0,-3.8632714492546256,16.750423561055015,-23.409312991126484,CENTER,0.0,0.9946418734996572,0.12220617069394946,NORMAL,STABLE,NORMAL,NO_ACTION,False,0.0
2026-08-12T02:39:37.719635,0.3620136523484902,0.00516939966804391,0.2676923076923077,False,14,0.1605839729309082,False,0.0,-3.9835912424649393,15.77846821984727,-23.441934244158517,CENTER,0.0,0.9958157176997601,0.12165147951056983,NORMAL,STABLE,NORMAL,NO_ACTION,False,0.0
2026-08-12T02:39:37.802736,0.31735238771604,0.0024897279909854276,0.2676923076923077,False,14,0.1605839729309082,False,0.0,-4.926468916781374,15.92369782458428,-23.73973854560967,CENTER,0.0,0.9943726691100823,0.12295109834991533,NORMAL,STABLE,NORMAL,NO_ACTION,False,0.0
2026-08-12T02:39:37.887637,0.3258512132526889,0.0024025964869612802,0.2676923076923077,False,14,0.1605839729309082,False,0.0,-5.058792052561017,17.2562753307661,-24.001394433388867,CENTER,0.0,0.9953892854080932,0.12429290264558479,NORMAL,STABLE,NORMAL,NO_ACTION,False,0.0
2026-08-12T02:39:37.968537,0.345732136223004,0.0047574522983172985,0.2676923076923077,False,14,0.1605839729309082,False,0.0,-4.268490596573372,16.51356776467091,-23.45277833289296,CENTER,0.0,0.9954042218578533,0.12246717471938373,NORMAL,STABLE,NORMAL,NO_ACTION,False,0.0
2026-08-12T02:39:38.046068,0.3563136521683675,0.005624757870633552,0.2676923076923077,False,14,0.1605839729309082,False,0.0,-4.2000629933725975,16.301679941639094,-23.4922494268518,CENTER,0.0,0.9962510314857681,0.12228626057903519,NORMAL,STABLE,NORMAL,NO_ACTION,False,0.0
2026-08-12T02:39:38.130827,0.3214302386411091,0.004917739701822065,0.2676923076923077,False,14,0.1605839729309082,False,0.0,-4.506646425269736,17.45999716566118,-23.693308801602058,CENTER,0.0,0.9959215320644719,0.1236116642398227,NORMAL,STABLE,NORMAL,NO_ACTION,False,0.0
2026-08-12T02:39:38.212430,0.3300040693414593,0.002231364022345428,0.2676923076923077,False,14,0.1605839729309082,False,0.0,-4.4218169695042775,16.79681153078485,-23.34038171343974,CENTER,0.0,0.9964890233839163,0.12271115349825937,NORMAL,STABLE,NORMAL,NO_ACTION,False,0.0
2026-08-12T02:39:38.294601,0.3399933881153187,0.000743333100078972,0.2676923076923077,False,14,0.1605839729309082,False,0.0,-3.9412142681787543,16.202353156807703,-23.29157665224477,CENTER,0.0,0.9963715411736969,0.12177202238277464,NORMAL,STABLE,NORMAL,NO_ACTION,False,0.0
2026-08-12T02:39:38.374286,0.3348323239109688,0.0026448810255448457,0.2668711656441718,False,14,0.1605839729309082,False,0.0,-5.374802675343858,16.577176946620483,-23.63379903446949,CENTER,0.0,0.9971371581361455,0.12334219744853947,NORMAL,STABLE,NORMAL,NO_ACTION,False,0.0
2026-08-12T02:39:38.458425,0.33840466859835716,0.0018747229307549387,0.2676923076923077,False,14,0.1605839729309082,False,0.0,-4.0578382281651955,16.506862337044822,-23.351213321601875,CENTER,0.0,0.9968498960476679,0.12216167813749894,NORMAL,STABLE,NORMAL,NO_ACTION,False,0.0
2026-08-12T02:39:38.537666,0.3373379331484351,0.007767336730152589,0.2668711656441718,False,14,0.1605839729309082,False,0.0,-4.472912080272039,16.48124302268667,-23.77924694699925,CENTER,0.0,0.9958383701989026,0.12254448554991713,NORMAL,STABLE,NORMAL,NO_ACTION,False,0.0
2026-08-12T02:39:38.617677,0.334616245566397,0.005169751085288561,0.2676923076923077,False,14,0.1605839729309082,False,0.0,-4.316048045247868,17.78861741851091,-23.60094536403932,CENTER,0.0,0.9960738838520233,0.12357651933883641,NORMAL,STABLE,NORMAL,NO_ACTION,False,0.0
2026-08-12T02:39:38.702607,0.35859414139143,0.0005269905093478692,0.2676923076923077,False,14,0.1605839729309082,False,0.0,-4.3072371943779615,17.41492545478954,-24.09470412209359,CENTER,0.0,0.9954882410622429,0.12377361757195593,NORMAL,STABLE,NORMAL,NO_ACTION,False,0.0
2026-08-12T02:39:38.783987,0.3555133263579579,0.0012248390008795596,0.2668711656441718,False,14,0.1605839729309082,False,0.0,-3.8611101067241123,17.400060593615365,-23.72675327258787,CENTER,0.0,0.9949148287465707,0.12256838391236778,NORMAL,STABLE,NORMAL,NO_ACTION,False,0.0
2026-08-12T02:39:38.865423,0.3230819183071644,0.003433017018871609,0.26380368098159507,False,14,0.1605839729309082,False,0.0,-2.920962603103476,16.645126885218588,-23.99247725590618,CENTER,0.0,0.9957193340620714,0.11983996680916839,NORMAL,STABLE,NORMAL,NO_ACTION,False,0.0
2026-08-12T02:39:38.946144,0.35134655023047107,0.0012691869310115782,0.26380368098159507,False,14,0.1605839729309082,False,0.0,-3.4988236395090553,17.643184751791097,-23.982399994217985,CENTER,0.0,0.994854332776063,0.12110754112549492,NORMAL,STABLE,NORMAL,NO_ACTION,False,0.0
2026-08-12T02:39:39.025326,0.34407057666933805,0.004630428235187244,0.26380368098159507,False,14,0.1605839729309082,False,0.0,-3.575021482030593,15.265587214778009,-23.325509448544125,CENTER,0.0,0.9948330332647461,0.11883120178276471,NORMAL,STABLE,NORMAL,NO_ACTION,False,0.0
2026-08-12T02:39:39.106847,0.3435326404842348,0.006516526656364456,0.26380368098159507,False,14,0.1605839729309082,False,0.0,-3.184441567511101,14.4406304057093,-23.39041461638817,CENTER,0.0,0.9947936358667696,0.11792178692386096,NORMAL,STABLE,NORMAL,NO_ACTION,False,0.0
2026-08-12T02:39:39.187459,0.3284560195618149,0.0026216373678022604,0.26380368098159507,False,14,0.1605839729309082,False,0.0,-4.15292562704289,16.732764004385444,-23.636021070736206,CENTER,0.0,0.9949798123499657,0.12074634094367799,NORMAL,STABLE,NORMAL,NO_ACTION,False,0.0
2026-08-12T02:39:39.272207,0.3476263684594366,0.004169513117731928,0.26380368098159507,False,14,0.1605839729309082,False,0.0,-5.4698519467716835,14.154910950714623,-23.863069629807853,CENTER,0.0,0.9954363050840193,0.12037134880672357,NORMAL,STABLE,NORMAL,NO_ACTION,False,0.0
2026-08-12T02:39:39.354648,0.3489639904254811,0.0011452132960005927,0.26380368098159507,False,14,0.1605839729309082,False,0.0,-3.476411592368038,16.137695993790658,-23.506661645445405,CENTER,0.0,0.9952076099537036,0.11954054330791114,NORMAL,STABLE,NORMAL,NO_ACTION,False,0.0
2026-08-12T02:39:39.437882,0.3554232523409403,0.001846683562984918,0.26380368098159507,False,14,0.1605839729309082,False,0.0,-3.438674020231389,16.555463725388734,-23.236872396962553,CENTER,0.0,0.9949355656292868,0.11954612750902431,NORMAL,STABLE,NORMAL,NO_ACTION,False,0.0
2026-08-12T02:39:39.517792,0.36344958276481054,0.00270177739080358,0.26380368098159507,False,14,0.1605839729309082,False,0.0,-4.205991550821409,16.438370896715384,-23.60533269288686,CENTER,0.0,0.9954503707990398,0.12055527244718142,NORMAL,STABLE,NORMAL,NO_ACTION,False,0.0
2026-08-12T02:39:39.596564,0.34368702335612983,0.003456700012878077,0.26380368098159507,False,14,0.1605839729309082,False,0.0,-4.428157504655104,17.95451052403334,-23.945339560335213,CENTER,0.0,0.9943263192301097,0.12219161378370118,NORMAL,STABLE,NORMAL,NO_ACTION,False,0.0
2026-08-12T02:39:39.677790,0.3480851808412009,0.009138854322093222,0.26380368098159507,False,14,0.1605839729309082,False,0.0,-5.180254987499836,15.702435481501084,-23.74730673684212,CENTER,0.0,0.9955396679955417,0.12109865888791466,NORMAL,STABLE,NORMAL,NO_ACTION,False,0.0
2026-08-12T02:39:39.761577,0.34725107590718257,0.002892651514484184,0.26380368098159507,False,14,0.1605839729309082,False,0.0,-3.5527946181033485,13.721040095511654,-23.46419794355353,CENTER,0.0,0.9964659957990397,0.1178278437672996,NORMAL,STABLE,NORMAL,NO_ACTION,False,0.0
2026-08-12T02:39:39.841398,0.35489282618109685,0.0055139359993508765,0.26380368098159507,False,14,0.1605839729309082,False,0.0,-4.116125383505619,15.202992325068351,-23.326388062819035,CENTER,0.0,0.9962281244641632,0.11930790345165954,NORMAL,STABLE,NORMAL,NO_ACTION,False,0.0
2026-08-12T02:39:39.923134,0.3429937473565837,0.007736055467308362,0.26461538461538464,False,14,0.1605839729309082,False,0.0,-3.475239572349807,15.356695611793242,-23.497964873634004,CENTER,0.0,0.997033822016461,0.11937283601234222,NORMAL,STABLE,NORMAL,NO_ACTION,False,0.0
2026-08-12T02:39:40.002426,0.34426962580182097,0.0037032120104548835,0.26461538461538464,False,14,0.1605839729309082,False,0.0,-4.968756020828238,16.786446019474738,-23.538163353417332,CENTER,0.0,0.9974073538237311,0.12188234420066055,NORMAL,STABLE,NORMAL,NO_ACTION,False,0.0
2026-08-12T02:39:40.082534,0.3434020057289372,0.0034232876428457264,0.26461538461538464,False,14,0.1605839729309082,False,0.0,-3.776903671938925,16.866316437187123,-23.519018037061613,CENTER,0.0,0.9960057254158095,0.12077388249136502,NORMAL,STABLE,NORMAL,NO_ACTION,False,0.0
2026-08-12T02:39:40.164010,0.324539123078308,0.0030918400877757023,0.26461538461538464,False,14,0.1605839729309082,False,0.0,-4.814035962210937,14.518728194511198,-23.584793800851827,CENTER,0.0,0.996351072209362,0.12014046170149233,NORMAL,STABLE,NORMAL,NO_ACTION,False,0.0
2026-08-12T02:39:40.246041,0.3222035350093503,0.0005132232839459209,0.26461538461538464,False,14,0.1605839729309082,False,0.0,-3.524846153060764,17.743198133974005,-23.749293348719505,CENTER,0.0,0.9956727296596365,0.12138621048023972,NORMAL,STABLE,NORMAL,NO_ACTION,False,0.0
2026-08-12T02:39:40.324058,0.3188056468977002,0.0002940520988688674,0.26461538461538464,False,14,0.1605839729309082,False,0.0,-3.8543991759477763,14.537768563616254,-23.247969708563716,CENTER,0.0,0.9956865140603567,0.118905769270204,NORMAL,STABLE,NORMAL,NO_ACTION,False,0.0
2026-08-12T02:39:40.404638,0.31419303340443516,0.0029184508422017185,0.26153846153846155,False,14,0.1605839729309082,False,0.0,-4.125555038474602,14.986316529356372,-23.232371435332055,CENTER,0.0,0.996487590020576,0.11793735153372789,NORMAL,STABLE,NORMAL,NO_ACTION,False,0.0
2026-08-12T02:39:40.485795,0.32015949622977236,0.0030798892890162182,0.25846153846153846,False,14,0.1605839729309082,False,0.0,-4.4237888163325465,15.98749759130095,-23.72712967357569,CENTER,0.0,0.9959624699931412,0.11788558714810193,NORMAL,STABLE,NORMAL,NO_ACTION,False,0.0
2026-08-12T02:39:40.570988,0.3092771514319361,0.004341666382944763,0.2553846153846154,False,14,0.1605839729309082,False,0.0,-6.295981513427762,15.462243593185548,-23.954363995668956,CENTER,0.0,0.9949154583547669,0.1179894459628126,NORMAL,STABLE,NORMAL,NO_ACTION,False,0.0
2026-08-12T02:39:40.653594,0.32740850247173825,0.0026353288608838297,0.2553846153846154,False,14,0.1605839729309082,False,0.0,-4.263005771347679,14.900622757954892,-23.355695658026633,CENTER,0.0,0.9945014842678326,0.1150496551346726,NORMAL,STABLE,NORMAL,NO_ACTION,False,0.0
2026-08-12T02:39:40.738129,0.32696625840780846,0.0006038217452090793,0.2553846153846154,False,14,0.1605839729309082,False,0.0,-3.7152080894427684,15.790293040050813,-23.18581304694598,CENTER,0.0,0.9953475437242798,0.11500109524145948,NORMAL,STABLE,NORMAL,NO_ACTION,False,0.0
2026-08-12T02:39:40.818061,0.31036626155451486,0.0025266870329581524,0.2553846153846154,False,14,0.1605839729309082,False,0.0,-4.70346764771196,17.003148554316198,-23.90525302002891,CENTER,0.0,0.9951214474022633,0.11752149784676799,NORMAL,STABLE,NORMAL,NO_ACTION,False,0.0
2026-08-12T02:39:40.920865,0.30602583007870593,0.00405367492089384,0.2553846153846154,False,14,0.1605839729309082,False,0.0,-4.1614589289256685,17.329090081241475,-23.430563167650263,CENTER,0.0,0.9952532766418039,0.11677785699212928,NORMAL,STABLE,NORMAL,NO_ACTION,False,0.0
2026-08-12T02:39:41.008139,0.3146114298749962,0.00029092577868279043,0.2553846153846154,False,14,0.1605839729309082,False,0.0,-5.054534287468783,18.41050565186714,-23.84112477081794,CENTER,0.0,0.9946253965192045,0.11881423345996932,NORMAL,STABLE,NORMAL,NO_ACTION,False,0.0
2026-08-12T02:39:41.090193,0.3073509047497047,0.0035905523479777116,0.2553846153846154,False,14,0.1605839729309082,False,0.0,-4.769010143419251,17.551081550202667,-23.64108384852605,CENTER,0.0,0.99420022344393,0.11772595710043843,NORMAL,STABLE,NORMAL,NO_ACTION,False,0.0
2026-08-12T02:39:41.171011,0.3371107314653987,0.0013458326919919103,0.2553846153846154,False,14,0.1605839729309082,False,0.0,-4.673627674222786,14.387115921075434,-23.66710727546223,CENTER,0.0,0.994255816508059,0.11537408062389218,NORMAL,STABLE,NORMAL,NO_ACTION,False,0.0
2026-08-12T02:39:41.253579,0.29300384071932034,0.0008077214760713256,0.2553846153846154,False,14,0.1605839729309082,False,0.0,-5.133813329645932,16.632967725130328,-24.15365126722449,CENTER,0.0,0.9928502764917695,0.12723596266501655,NORMAL,STABLE,NORMAL,NO_ACTION,False,0.0
2026-08-12T02:39:41.337186,0.31082579614411443,0.0022120241028069235,0.2553846153846154,False,14,0.1605839729309082,False,0.0,-4.176581154477617,14.896035416998728,-23.390113225707438,CENTER,0.0,0.9926785274134087,0.1149962611929109,NORMAL,STABLE,NORMAL,NO_ACTION,False,0.0
2026-08-12T02:39:41.418502,0.29800795784510803,0.00014129267876165883,0.2553846153846154,False,14,0.1605839729309082,False,0.0,-5.101364190709347,15.355341549114002,-23.27915108414652,CENTER,0.0,0.9949646481695815,0.11876771787490346,NORMAL,STABLE,NORMAL,NO_ACTION,False,0.0
2026-08-12T02:39:41.501448,0.30879109459938114,0.001170761956524501,0.2553846153846154,False,14,0.1605839729309082,False,0.0,-4.309498737069248,15.969610889566297,-23.636642114450154,UP,0.0,0.9953753938400205,0.14213701415475388,NORMAL,STABLE,NORMAL,NO_ACTION,False,0.0
2026-08-12T02:39:41.584517,0.30672262011830126,0.003388287301397245,0.2553846153846154,False,14,0.1605839729309082,False,0.0,-3.675976224062964,14.079947320347827,-23.24050360056694,UP,0.0830686092376709,0.9950310249485597,0.13978073169923955,NORMAL,STABLE,NORMAL,NO_ACTION,False,0.0
2026-08-12T02:39:41.666975,0.30157197564584937,0.0017830963918059955,0.2553846153846154,False,14,0.1605839729309082,False,0.0,-3.886547620445697,14.779556419904623,-23.281366470334262,UP,0.1655263900756836,0.9950245949074074,0.14052812682373061,NORMAL,STABLE,NORMAL,NO_ACTION,False,0.0
2026-08-12T02:39:41.753663,0.3187831686771231,0.009769349482325869,0.2523076923076923,False,14,0.1605839729309082,False,0.0,-4.776315232411832,16.723579641266667,-24.000855687784053,UP,0.2522146701812744,0.9944067483281893,0.1419433367808755,NORMAL,STABLE,NORMAL,NO_ACTION,False,0.0
2026-08-12T02:39:41.833464,0.31076390770655093,0.000332064732996928,0.24923076923076923,False,14,0.1605839729309082,False,0.0,-4.759488746874496,16.242924388612153,-23.59415155848035,UP,0.3320155143737793,0.9932359048139574,0.1396498910419462,NORMAL,STABLE,NORMAL,NO_ACTION,False,0.0
2026-08-12T02:39:41.914603,0.3054654807756482,0.005602808226091378,0.24615384615384617,False,14,0.1605839729309082,False,0.0,-3.6692117114376686,17.152861541504876,-23.79865914198095,UP,0.41315436363220215,0.993319910622428,0.13791564316019084,NORMAL,STABLE,NORMAL,NO_ACTION,False,0.0
2026-08-12T02:39:41.993138,0.3057527703839289,0.00222233951729713,0.24615384615384617,False,14,0.1605839729309082,False,0.0,-4.828095566477231,15.161277042804272,-23.75901417053737,UP,0.49168968200683594,0.9932441031164265,0.13755506216940688,NORMAL,STABLE,NORMAL,NO_ACTION,False,0.0
2026-08-12T02:39:42.074694,0.3196630300756646,0.006996179017232006,0.24615384615384617,False,14,0.1605839729309082,False,0.0,-3.6574827155023115,15.461472615353273,-23.392383262235114,UP,0.5732457637786865,0.9942697214720507,0.13513221104142772,NORMAL,STABLE,NORMAL,NO_ACTION,False,0.0
2026-08-12T02:39:42.153781,0.30831792062760277,0.0018250689468505758,0.24615384615384617,False,14,0.1605839729309082,False,0.0,-4.602393887593166,16.649594650518594,-23.922893932137526,CENTER,0.0,0.9940266659164952,0.11257042600277903,NORMAL,STABLE,NORMAL,NO_ACTION,False,0.0
2026-08-12T02:39:42.232538,0.30263954742001753,0.00029466200084255417,0.24615384615384617,False,14,0.1605839729309082,False,0.0,-4.355724325787094,16.91599236719631,-24.067808860794088,CENTER,0.0,0.9940566191915294,0.11266483841068008,NORMAL,STABLE,NORMAL,NO_ACTION,False,0.0
2026-08-12T02:39:42.310915,0.20158734465002653,0.0009034201022056577,0.24923076923076923,True,14,0.1605839729309082,False,0.0,-5.3913415156470705,16.0812945359408,-24.25232556419172,UP,0.0,0.9943186701603224,0.2719922801755957,LOW,STABLE,NORMAL,NO_ACTION,False,0.0
2026-08-12T02:39:42.391145,0.07022151403854691,0.007766556392041646,0.2523076923076923,True,14,0.1605839729309082,False,0.0802299976348877,-6.30132829990967,13.621684622338819,-23.84143131505769,UP,0.0802299976348877,0.9939194717721194,0.3410180906029113,LOW,STABLE,NORMAL,NO_ACTION,False,0.0802299976348877
2026-08-12T02:39:42.472641,0.3318349034033713,0.0011547457183159373,0.2523076923076923,False,15,0.16172552108764648,False,0.0,-4.936185615528643,18.825211756672246,-24.297985096569874,UP,0.16172552108764648,0.9942937269590192,0.14390125607124132,NORMAL,STABLE,NORMAL,NO_ACTION,False,0.0
2026-08-12T02:39:42.556923,0.3628041244592606,0.003943132858619054,0.24923076923076923,False,15,0.16172552108764648,False,0.0,-4.060401756662799,16.76451847672189,-23.79136249744161,UP,0.24600744247436523,0.9949989283264747,0.13954330983400653,NORMAL,STABLE,NORMAL,NO_ACTION,False,0.0
2026-08-12T02:39:42.638947,0.4346319702921623,0.0036807649447830803,0.24923076923076923,False,15,0.16172552108764648,False,0.0,-5.961820929079067,17.14102602481259,-24.04656130261901,CENTER,0.0,0.994608383701989,0.11589197518975482,NORMAL,STABLE,NORMAL,NO_ACTION,False,0.0
2026-08-12T02:39:42.722942,0.40350166939062826,0.0014313746924015038,0.24615384615384617,False,15,0.16172552108764648,False,0.0,-3.9695261849553276,18.5034908527997,-23.51882592997714,CENTER,0.0,0.9940654203103566,0.11291082035906524,NORMAL,STABLE,NORMAL,NO_ACTION,False,0.0
2026-08-12T02:39:42.803888,0.4220098742561622,0.0005872332179869324,0.24307692307692308,False,15,0.16172552108764648,False,0.0,-4.087053785098192,19.341087424015143,-23.950573122657943,CENTER,0.0,0.9953782203789439,0.11250622095957097,NORMAL,STABLE,NORMAL,NO_ACTION,False,0.0
2026-08-12T02:39:42.887554,0.39552051605763017,0.00576240387983667,0.24307692307692308,False,15,0.16172552108764648,False,0.0,-4.247592371396905,16.873895830467717,-23.608563059314747,CENTER,0.0,0.9954084013846022,0.11054961005300315,NORMAL,STABLE,NORMAL,NO_ACTION,False,0.0
2026-08-12T02:39:42.965862,0.42669862492366584,0.003979812159848261,0.24307692307692308,False,15,0.16172552108764648,False,0.0,-3.3219049747568192,18.921307826218083,-23.907466586687292,CENTER,0.0,0.9960815597136488,0.11142472684249116,NORMAL,STABLE,NORMAL,NO_ACTION,False,0.0
2026-08-12T02:39:43.047302,0.4496554956549704,0.001988639905930299,0.24307692307692308,False,15,0.16172552108764648,False,0.0,-4.075178640941743,17.463679378553707,-24.217941563991616,CENTER,0.0,0.9963493039480452,0.1113963457314269,NORMAL,STABLE,NORMAL,NO_ACTION,False,0.0
2026-08-12T02:39:43.124389,0.4064880021894358,0.0020336637618248036,0.24307692307692308,False,15,0.16172552108764648,False,0.0,-3.364323384387262,19.81494675136159,-23.9519242841549,CENTER,0.0,0.9942870557913237,0.11215379120637439,NORMAL,STABLE,NORMAL,NO_ACTION,False,0.0
2026-08-12T02:39:43.207566,0.4316364619587314,0.0038325021933778066,0.24307692307692308,False,15,0.16172552108764648,False,0.0,-2.784417861945002,18.0008334530541,-23.470494870251088,CENTER,0.0,0.9937814134302126,0.10982157203370796,NORMAL,STABLE,NORMAL,NO_ACTION,False,0.0
2026-08-12T02:39:43.287200,0.4529594939845508,0.007703346416762906,0.24307692307692308,False,15,0.16172552108764648,False,0.0,-3.5306050975009384,16.79435085868937,-23.656922979476178,CENTER,0.0,0.9938196587791495,0.10984829752904848,NORMAL,STABLE,NORMAL,NO_ACTION,False,0.0
2026-08-12T02:39:43.367541,0.4393628481946705,0.005920527412756661,0.24307692307692308,False,15,0.16172552108764648,False,0.0,-3.3804787095456277,18.193076504811643,-24.059131289248256,CENTER,0.0,0.9941951463906035,0.1111012338278122,NORMAL,STABLE,NORMAL,NO_ACTION,False,0.0
2026-08-12T02:39:43.448962,0.4193006766714362,0.003919652999778277,0.24307692307692308,False,15,0.16172552108764648,False,0.0,-3.8391034541851354,17.381368972384507,-23.823083482966524,CENTER,0.0,0.9945309151020234,0.11072933395799639,NORMAL,STABLE,NORMAL,NO_ACTION,False,0.0
2026-08-12T02:39:43.534772,0.4294301531388929,0.0008374343565410127,0.24307692307692308,False,15,0.16172552108764648,False,0.0,-3.2470815541897764,18.991228592058917,-24.071715257436495,CENTER,0.0,0.9949608169367282,0.11156133837725532,NORMAL,STABLE,NORMAL,NO_ACTION,False,0.0
2026-08-12T02:39:43.616097,0.4469236212220118,0.0036514112739921573,0.24307692307692308,False,15,0.16172552108764648,False,0.0,-4.17639846868164,17.94526050523632,-23.78610803663446,CENTER,0.0,0.9961900398662552,0.11142578557514031,NORMAL,STABLE,NORMAL,NO_ACTION,False,0.0
2026-08-12T02:39:43.705156,0.4903070554745541,0.001719403540982556,0.24307692307692308,False,15,0.16172552108764648,False,0.0,-2.9320928949986182,18.266281049123336,-23.44460508911726,CENTER,0.0,0.9958166688100137,0.11013055887345849,NORMAL,STABLE,NORMAL,NO_ACTION,False,0.0
2026-08-12T02:39:43.787314,0.48361030295019747,0.001993736125313528,0.24307692307692308,False,15,0.16172552108764648,False,0.0,-4.122363208955818,17.827158054744814,-23.69610287535653,CENTER,0.0,0.9928631097822359,0.11120178377030024,NORMAL,STABLE,NORMAL,NO_ACTION,False,0.0
2026-08-12T02:39:43.867621,0.4294891177196193,0.0024954372713538934,0.24307692307692308,False,15,0.16172552108764648,False,0.0,-3.749432470850536,17.892069455509386,-24.135827435098804,CENTER,0.0,0.993804816100823,0.11131298420279917,NORMAL,STABLE,NORMAL,NO_ACTION,False,0.0
2026-08-12T02:39:43.946305,0.477852953187443,0.0030477074520874,0.24307692307692308,False,15,0.16172552108764648,False,0.0,-3.518930294133213,18.138762962470906,-24.252099271918098,CENTER,0.0,0.9929733448002401,0.11138115214903621,NORMAL,STABLE,NORMAL,NO_ACTION,False,0.0
2026-08-12T02:39:44.026627,0.4636622486064673,0.0035715754849437445,0.24307692307692308,False,15,0.16172552108764648,False,0.0,-3.4496381607082753,18.213443108003645,-23.94963537254972,CENTER,0.0,0.9930147649819959,0.11107710051886076,NORMAL,STABLE,NORMAL,NO_ACTION,False,0.0
2026-08-12T02:39:44.106516,0.38818615227249753,0.002366456678582569,0.24307692307692308,False,15,0.16172552108764648,False,0.0,-3.820381014076162,18.09371129522549,-24.18160819279703,CENTER,0.0,0.9935560404878258,0.11157102041385414,NORMAL,STABLE,NORMAL,NO_ACTION,False,0.0
2026-08-12T02:39:44.189241,0.35382778745763643,0.006456207526378271,0.24307692307692308,False,15,0.16172552108764648,False,0.0,-4.601331748990248,20.04168063854479,-24.28432664629767,CENTER,0.0,0.9932207942172496,0.11382882786176188,NORMAL,STABLE,NORMAL,NO_ACTION,False,0.0
2026-08-12T02:39:44.270907,0.15006015162890632,0.011562947297799017,0.24615384615384617,True,15,0.16172552108764648,False,0.0,-4.915411315753232,16.70862022357565,-24.03876122333054,CENTER,0.0,0.9916808261531207,0.31294585351156295,LOW,STABLE,NORMAL,NO_ACTION,False,0.0
2026-08-12T02:39:44.353561,0.24089635524154454,0.0019162304211949577,0.24615384615384617,False,16,0.08265399932861328,False,0.0,-5.283093617673046,18.313730970770848,-23.915318729189465,CENTER,0.0,0.9913836242926954,0.19322535590110282,NORMAL,STABLE,NORMAL,NO_ACTION,False,0.0
2026-08-12T02:39:44.431916,0.28705192178873085,0.0028724840466823414,0.24615384615384617,False,16,0.08265399932861328,False,0.0,-5.210629355215957,15.668851787002723,-23.750191180465833,CENTER,0.0,0.9913258342978395,0.12954561786877378,NORMAL,STABLE,NORMAL,NO_ACTION,False,0.0
2026-08-12T02:39:44.515114,0.2963121364455648,0.006339529720295599,0.24307692307692308,False,16,0.08265399932861328,False,0.0,-4.573074911674212,15.102967868571,-23.77179015334596,UP,0.0,0.99146843385631,0.14065836720836247,NORMAL,STABLE,NORMAL,NO_ACTION,False,0.0
2026-08-12T02:39:44.596421,0.2970123754900119,0.0013509269612300098,0.24307692307692308,False,16,0.08265399932861328,False,0.0,-5.455922013703827,17.523803729210897,-23.928855793580908,UP,0.08130764961242676,0.991694449802812,0.14247449405952028,NORMAL,STABLE,NORMAL,NO_ACTION,False,0.0
2026-08-12T02:39:44.681883,0.3274116895759336,0.005750531562626868,0.24307692307692308,False,16,0.08265399932861328,False,0.0,-4.358139499354991,17.549266118064423,-23.818524915624323,UP,0.16676902770996094,0.9952688962834362,0.13734601576408073,NORMAL,STABLE,NORMAL,NO_ACTION,False,0.0
2026-08-12T02:39:44.762648,0.29871266684539,0.0011368129658700234,0.24307692307692308,False,16,0.08265399932861328,False,0.0,-3.6086203753800987,16.451199314156213,-23.70179002732843,UP,0.24753427505493164,0.983557661394033,0.1374352411926255,NORMAL,STABLE,NORMAL,NO_ACTION,False,0.0
2026-08-12T02:39:44.844689,0.29867868595436753,0.004086666477040344,0.24307692307692308,False,16,0.08265399932861328,False,0.0,-4.158155146905187,16.47095509822981,-23.524847763842956,UP,0.3295750617980957,0.9750810587062757,0.13785360989911716,NORMAL,STABLE,NORMAL,NO_ACTION,False,0.0
2026-08-12T02:39:44.938706,0.28876072541472486,0.004948440211010009,0.24307692307692308,False,16,0.08265399932861328,False,0.0,-3.974380331730515,17.983786904229106,-24.460848911807318,UP,0.42359256744384766,0.9787108437285665,0.15289452413232657,NORMAL,STABLE,NORMAL,NO_ACTION,False,0.0
2026-08-12T02:39:45.028574,0.2965690298460761,0.012385169539439122,0.24307692307692308,False,16,0.08265399932861328,False,0.0,-3.5950836937203974,18.74669760759454,-24.739638847843082,UP,0.5134601593017578,0.9758123285322361,0.13918759862561195,NORMAL,STABLE,NORMAL,NO_ACTION,False,0.0
2026-08-12T02:39:45.107540,0.32579002630834697,0.0023956509611756513,0.24307692307692308,False,16,0.08265399932861328,False,0.0,-3.0320191218315813,17.64676306070467,-24.33272884606515,UP,0.5924265384674072,0.9665747572659464,0.13630640142201422,NORMAL,STABLE,NORMAL,NO_ACTION,False,0.0
2026-08-12T02:39:45.189163,0.3232036619864848,0.005895645489478029,0.24307692307692308,False,16,0.08265399932861328,False,0.0,-3.6228799246250674,16.256636437996832,-24.353881227557196,CENTER,0.0,0.9633705739883401,0.11021995044578291,NORMAL,STABLE,NORMAL,NO_ACTION,False,0.0
2026-08-12T02:39:45.271835,0.3177540884999792,0.0013470346644813022,0.24307692307692308,False,16,0.08265399932861328,False,0.0,-2.6232500400257095,17.03747405010435,-24.31095547454845,CENTER,0.0,0.9557906539351853,0.10977994625534906,NORMAL,STABLE,NORMAL,NO_ACTION,False,0.0
2026-08-12T02:39:45.354245,0.30916662910398607,0.003517062390133722,0.24307692307692308,False,16,0.08265399932861328,False,0.0,-3.7135683452421517,17.45348147466521,-24.385921404520303,CENTER,0.0,0.9557888454861111,0.11120252162178729,NORMAL,STABLE,NORMAL,NO_ACTION,False,0.0
2026-08-12T02:39:45.432180,0.32544498817508827,0.0029399269871727553,0.24307692307692308,False,16,0.08265399932861328,False,0.0,-3.0722161776679116,17.611931167049732,-24.30123287234946,CENTER,0.0,0.9553217565800756,0.11061780720727345,NORMAL,STABLE,NORMAL,NO_ACTION,False,0.0
2026-08-12T02:39:45.513005,0.3545906247562518,0.00580690827928932,0.24307692307692308,False,16,0.08265399932861328,False,0.0,-3.224541190497945,17.994842221300303,-24.10674452159759,CENTER,0.0,0.9533122079689642,0.11085375234697413,NORMAL,STABLE,NORMAL,NO_ACTION,False,0.0
