timestamp,ear,mar,perclos,eyes_closed,blink_count,blink_duration,microsleep,microsleep_duration,pitch,yaw,roll,gaze_direction,gaze_away_duration,reliability,fatigue_risk,risk_level,temporal_state,intervention_level,intervention_action,alert_triggered,eye_closure_duration
2026-08-12T00:42:22.191701,0.42173711741965686,0.022940615692701512,0.0,False,0,0.0,False,0.0,-13.439028602687074,4.1009678237186336,3.9447341337698276,CENTER,0.0,0.8240648731827479,0.02450463901374575,NORMAL,STABLE,NORMAL,NO_ACTION,False,0.0
2026-08-12T00:42:22.270741,0.42955337578658803,0.007516428274679322,0.0,False,0,0.0,False,0.0,-11.151694759205668,-2.875436055760076,5.504460809793443,CENTER,0.0,0.8528356481481482,0.021985394097505318,NORMAL,STABLE,NORMAL,NO_ACTION,False,0.0
2026-08-12T00:42:22.304682,0.4308240186692328,0.0133841814626604,0.0,False,0,0.0,False,0.0,-11.509843113344033,-0.7664178921494624,4.283806380913887,CENTER,0.0,0.8676476951747134,0.018675620315412516,NORMAL,STABLE,NORMAL,NO_ACTION,False,0.0
2026-08-12T00:42:22.335548,0.4041670779897737,0.008207810273516844,0.0,False,0,0.0,False,0.0,-11.344957447372792,-0.5679717746802453,4.026686769614457,CENTER,0.0,0.881774787808642,0.017607090159805095,NORMAL,STABLE,NORMAL,NO_ACTION,False,0.0
2026-08-12T00:42:22.368105,0.35646652423558245,0.005363941848464524,0.0,False,0,0.0,False,0.0,-10.892619201352744,-2.0063106019753434,3.6193800880382696,CENTER,0.0,0.8947175564236112,0.0174474207416912,NORMAL,STABLE,NORMAL,NO_ACTION,False,0.0
2026-08-12T00:42:22.398758,0.38317220685551645,0.00560593897030064,0.0,False,0,0.0,False,0.0,-10.640381683083746,-1.9697091726595488,3.2203408512772285,CENTER,0.0,0.907845066627474,0.016338418336621047,NORMAL,STABLE,NORMAL,NO_ACTION,False,0.0
2026-08-12T00:42:22.431909,0.3667392072249977,0.014801666899405179,0.0,False,0,0.0,False,0.0,-10.419430167351976,3.7648380643688597,1.8087410822747927,CENTER,0.0,0.9226542635765725,0.015686499709214718,NORMAL,STABLE,NORMAL,NO_ACTION,False,0.0
2026-08-12T00:42:22.470928,0.37951163683392397,0.01033579944210986,0.0,False,0,0.0,False,0.0,-9.83096537015004,3.8181879747242533,1.6605415463215536,CENTER,0.0,0.9379964577362581,0.01464351245038388,NORMAL,STABLE,NORMAL,NO_ACTION,False,0.0
2026-08-12T00:42:22.505730,0.36875479441945747,0.010426504897004349,0.0,False,0,0.0,False,0.0,-9.92152725271086,4.207765705257572,1.160479076033596,CENTER,0.0,0.9531699813911547,0.01422251405409092,NORMAL,STABLE,NORMAL,NO_ACTION,False,0.0
2026-08-12T00:42:22.540377,0.3668927674396118,0.006804415873912705,0.0,False,0,0.0,False,0.0,-10.351565281985927,5.905792720453093,0.8257997505874357,CENTER,0.0,0.9682354106959143,0.015273052126458249,NORMAL,STABLE,NORMAL,NO_ACTION,False,0.0
2026-08-12T00:42:22.566230,0.3780614118204954,0.0062773883590664,0.0,False,0,0.0,False,0.0,-9.599684335214135,9.075177793996176,0.2882977448866768,CENTER,0.0,0.9683200353958455,0.016337454872988048,NORMAL,STABLE,NORMAL,NO_ACTION,False,0.0
2026-08-12T00:42:22.602319,0.36238224693955245,0.007087121937154675,0.0,False,0,0.0,False,0.0,-10.40315361359444,4.896138768224148,0.644200339932695,CENTER,0.0,0.9670447699270036,0.01440476922508568,NORMAL,STABLE,NORMAL,NO_ACTION,False,0.0
2026-08-12T00:42:22.629954,0.37108936912555585,0.008078594733371405,0.0,False,0,0.0,False,0.0,-9.16954076290142,7.067122452935024,0.4982678960415967,CENTER,0.0,0.9669954109408682,0.01464814487220534,NORMAL,STABLE,NORMAL,NO_ACTION,False,0.0
2026-08-12T00:42:22.657637,0.3939844191228708,0.005816481783414768,0.0,False,0,0.0,False,0.0,-8.9659771751231,9.661014305936305,-0.029889599994731952,CENTER,0.0,0.9684621523184891,0.015894396082460915,NORMAL,STABLE,NORMAL,NO_ACTION,False,0.0
2026-08-12T00:42:22.687809,0.3963871931552841,0.0040369235047310595,0.0,False,0,0.0,False,0.0,-8.995962828127688,7.178581779203341,0.5751571801768023,CENTER,0.0,0.9685055512688614,0.014635330657572334,NORMAL,STABLE,NORMAL,NO_ACTION,False,0.0
2026-08-12T00:42:22.717229,0.4223977420186915,0.0062876492194882784,0.0,False,0,0.0,False,0.0,-8.960554325402143,7.0349840656778895,0.24809654983059204,CENTER,0.0,0.9679032363009504,0.014175214996867282,NORMAL,STABLE,NORMAL,NO_ACTION,False,0.0
2026-08-12T00:42:22.746121,0.39896572527635715,0.006022655879361017,0.0,False,0,0.0,False,0.0,-9.087069070387173,8.660036884361858,0.06089612097187569,CENTER,0.0,0.9678683349561533,0.015308559704170109,NORMAL,STABLE,NORMAL,NO_ACTION,False,0.0
2026-08-12T00:42:22.779373,0.40122874612815185,0.008117932381916592,0.0,False,0,0.0,False,0.0,-8.940320533414734,11.042486459790553,-0.506795729622155,CENTER,0.0,0.9668640298905056,0.017349951400364154,NORMAL,STABLE,NORMAL,NO_ACTION,False,0.0
2026-08-12T00:42:22.800846,0.43474003188176824,0.011654840671089729,0.0,False,0,0.0,False,0.0,-7.46615139787761,10.146442156247133,-0.552805826754792,CENTER,0.0,0.9660700958688517,0.015294659360405808,NORMAL,STABLE,NORMAL,NO_ACTION,False,0.0
2026-08-12T00:42:22.829052,0.43510907545114497,0.010170809064242413,0.0,False,0,0.0,False,0.0,-8.115431348506036,10.997347827310051,-0.5303543776184085,CENTER,0.0,0.9663639854926025,0.016532622384514504,NORMAL,STABLE,NORMAL,NO_ACTION,False,0.0
2026-08-12T00:42:22.853930,0.427779805434809,0.008665200473744653,0.0,False,0,0.0,False,0.0,-8.134889031628234,8.944154385811714,-0.7270254656682482,CENTER,0.0,0.9667097716723007,0.015237157010427467,NORMAL,STABLE,NORMAL,NO_ACTION,False,0.0
2026-08-12T00:42:22.880394,0.44791797298784086,0.005434113025471333,0.0,False,0,0.0,False,0.0,-7.350835933700182,12.10882393944118,-1.1992277271217517,CENTER,0.0,0.9661914958112875,0.01725473208372754,NORMAL,STABLE,NORMAL,NO_ACTION,False,0.0
2026-08-12T00:42:22.906511,0.44697549111534185,0.007928024312712705,0.0,False,0,0.0,False,0.0,-7.6671721108028805,13.399538153097808,-1.6563578267754053,CENTER,0.0,0.9659194423010974,0.018959002271997996,NORMAL,STABLE,NORMAL,NO_ACTION,False,0.0
2026-08-12T00:42:22.940622,0.4274938633689702,0.0051123221445306625,0.0,False,0,0.0,False,0.0,-7.334267463978762,13.294774703193326,-2.0210172063066807,CENTER,0.0,0.9654489248052615,0.018913185341000126,NORMAL,STABLE,NORMAL,NO_ACTION,False,0.0
2026-08-12T00:42:22.970448,0.3970257465135457,0.006892823508961874,0.0,False,0,0.0,False,0.0,-7.890807154991876,12.869401569627286,-2.093360232796755,CENTER,0.0,0.9650137641154714,0.019216413832062497,NORMAL,STABLE,NORMAL,NO_ACTION,False,0.0
2026-08-12T00:42:23.033900,0.4180403497481566,0.005418862411107522,0.0,False,0,0.0,False,0.0,-7.469951339384778,13.862497055333591,-2.6810424104979234,CENTER,0.0,0.9658492101766117,0.02010857159274147,NORMAL,STABLE,NORMAL,NO_ACTION,False,0.0
2026-08-12T00:42:23.066563,0.4406433786416865,0.004405302612582571,0.0,False,0,0.0,False,0.0,-7.780291075784021,15.345956467069868,-3.0333673151854725,CENTER,0.0,0.966087910910249,0.02184587734391257,NORMAL,STABLE,NORMAL,NO_ACTION,False,0.0
2026-08-12T00:42:23.097974,0.4494827197592479,0.007167818929003008,0.0,False,0,0.0,False,0.0,-7.786416303236734,14.289500779861015,-3.16380265176565,CENTER,0.0,0.9655919916899373,0.02120411615617855,NORMAL,STABLE,NORMAL,NO_ACTION,False,0.0
2026-08-12T00:42:23.129693,0.45731948500790154,0.004015445718287532,0.0,False,0,0.0,False,0.0,-8.216160895703013,14.808734740706171,-3.529858167646694,CENTER,0.0,0.9651013037673917,0.022364002675807838,NORMAL,STABLE,NORMAL,NO_ACTION,False,0.0
2026-08-12T00:42:23.169451,0.45971534623213317,0.0044353408814598195,0.0,False,0,0.0,False,0.0,-9.17310881843079,16.403741858949275,-4.414805092653438,CENTER,0.0,0.9646437734237213,0.025337199937432282,NORMAL,STABLE,NORMAL,NO_ACTION,False,0.0
2026-08-12T00:42:23.194621,0.44118983867811745,0.004697726697028343,0.0,False,0,0.0,False,0.0,-9.874139348191932,17.904883575071267,-4.747935289007472,CENTER,0.0,0.9646492389587007,0.027451037725123233,NORMAL,STABLE,NORMAL,NO_ACTION,False,0.0
2026-08-12T00:42:23.221256,0.45232362997952347,0.003785816955388843,0.0,False,0,0.0,False,0.0,-8.142339960183278,15.70790876551601,-4.780195240661783,CENTER,0.0,0.9646261275536449,0.02417532882224984,NORMAL,STABLE,NORMAL,NO_ACTION,False,0.0
2026-08-12T00:42:23.252793,0.4643389935338106,0.007329279788532143,0.0,False,0,0.0,False,0.0,-9.539439849589002,16.072221626196637,-5.4532430870837345,CENTER,0.0,0.9647276043197629,0.026468611791039053,NORMAL,STABLE,NORMAL,NO_ACTION,False,0.0
2026-08-12T00:42:23.281512,0.49167418184925804,0.01530090728046829,0.0,False,0,0.0,False,0.0,-8.097346896957674,17.48961122199225,-6.393192415415172,CENTER,0.0,0.9654757189398394,0.027017518855410375,NORMAL,STABLE,NORMAL,NO_ACTION,False,0.0
2026-08-12T00:42:23.307599,0.509001379230793,0.0022712684964279403,0.0,False,0,0.0,False,0.0,-8.090587694285688,17.75550018525516,-6.694627966156702,CENTER,0.0,0.9658880284881443,0.027501048659439094,NORMAL,STABLE,NORMAL,NO_ACTION,False,0.0
2026-08-12T00:42:23.340206,0.5255825585637612,0.0036509821442635634,0.0,False,0,0.0,False,0.0,-8.942426939248008,15.746869046994249,-6.815709399962799,CENTER,0.0,0.9653888169336664,0.026978902861934242,NORMAL,STABLE,NORMAL,NO_ACTION,False,0.0
2026-08-12T00:42:23.372260,0.5082934556448695,0.0028574800759985433,0.0,False,0,0.0,False,0.0,-8.335454691879335,17.161418583121787,-7.3545605220290895,CENTER,0.0,0.9650343900034294,0.027950468907425988,NORMAL,STABLE,NORMAL,NO_ACTION,False,0.0
2026-08-12T00:42:23.435475,0.5063677526892527,0.0022437175656127408,0.0,False,0,0.0,False,0.0,-7.800908314393752,17.783521592409556,-7.375979534845868,CENTER,0.0,0.9650401808678718,0.027904913999255362,NORMAL,STABLE,NORMAL,NO_ACTION,False,0.0
2026-08-12T00:42:23.467066,0.5258871368693021,0.0021270096731654878,0.0,False,0,0.0,False,0.0,-8.235410736900775,16.7875512805673,-7.176471341315704,CENTER,0.0,0.964862811244611,0.027403876242272314,NORMAL,STABLE,NORMAL,NO_ACTION,False,0.0
2026-08-12T00:42:23.497719,0.505280086402911,0.004519055058033648,0.0,False,0,0.0,False,0.0,-8.33785660684157,16.811247374298546,-7.441880358352904,CENTER,0.0,0.9654120584705076,0.027781258841232986,NORMAL,STABLE,NORMAL,NO_ACTION,False,0.0
2026-08-12T00:42:23.530367,0.5081691808263515,0.0047856804469361925,0.0,False,0,0.0,False,0.0,-8.425839691820784,17.491927260839617,-7.667849032210256,CENTER,0.0,0.9655421121766609,0.02858809426419676,NORMAL,STABLE,NORMAL,NO_ACTION,False,0.0
2026-08-12T00:42:23.562378,0.48740435054188236,0.005851921057533171,0.0,False,0,0.0,False,0.0,-7.449393102691886,14.776210134422797,-7.024089831774745,CENTER,0.0,0.9645742700372331,0.02500928387222888,NORMAL,STABLE,NORMAL,NO_ACTION,False,0.0
2026-08-12T00:42:23.594513,0.5140966452757451,0.00230025083879754,0.0,False,0,0.0,False,0.0,-8.05354897262501,15.054909018182173,-7.020285834148126,CENTER,0.0,0.9649080060136194,0.025801356173993296,NORMAL,STABLE,NORMAL,NO_ACTION,False,0.0
2026-08-12T00:42:23.626585,0.5220698415191142,0.002257128432660058,0.0,False,0,0.0,False,0.0,-7.861580264882178,17.421393132955984,-7.381907959936939,CENTER,0.0,0.9651547488915835,0.027704300660115127,NORMAL,STABLE,NORMAL,NO_ACTION,False,0.0
2026-08-12T00:42:23.657654,0.532751637584266,0.004062002678464796,0.0,False,0,0.0,False,0.0,-7.4052533018299584,14.362488854209886,-6.67192807136874,CENTER,0.0,0.9650595184511562,0.024317797664869724,NORMAL,STABLE,NORMAL,NO_ACTION,False,0.0
2026-08-12T00:42:23.690173,0.5269505770159455,0.00551098610600574,0.0,False,0,0.0,False,0.0,-7.615880183092997,14.71050977777486,-6.7700721100114265,CENTER,0.0,0.9656643449625221,0.0248754027509532,NORMAL,STABLE,NORMAL,NO_ACTION,False,0.0
2026-08-12T00:42:23.720687,0.5289941142858591,0.003961228744591091,0.0,False,0,0.0,False,0.0,-7.5051653518117405,15.08713790863655,-6.879470119188369,CENTER,0.0,0.9656562377523026,0.025150546200858763,NORMAL,STABLE,NORMAL,NO_ACTION,False,0.0
2026-08-12T00:42:23.747381,0.5412769155810407,0.007549724274839352,0.0,False,0,0.0,False,0.0,-7.980355625806453,13.813621686139413,-6.789034990181335,CENTER,0.0,0.9661697768163336,0.024592358434786247,NORMAL,STABLE,NORMAL,NO_ACTION,False,0.0
2026-08-12T00:42:23.779617,0.5326587104824737,0.00414171259909356,0.0,False,0,0.0,False,0.0,-7.801256592833937,11.832857372468993,-6.264553872526761,CENTER,0.0,0.9656550145135213,0.022450007183925154,NORMAL,STABLE,NORMAL,NO_ACTION,False,0.0
2026-08-12T00:42:23.835432,0.5182871256864392,0.004623436222704226,0.0,False,0,0.0,False,0.0,-7.961827442586383,11.070238248083825,-5.71737564963064,CENTER,0.0,0.9661569328091318,0.02151192887064428,NORMAL,STABLE,NORMAL,NO_ACTION,False,0.0
2026-08-12T00:42:23.867216,0.5205243705826247,0.006247012782815344,0.0,False,0,0.0,False,0.0,-7.898574036151672,9.955565595499081,-5.783489723060825,CENTER,0.0,0.9667310482191848,0.020696596915528342,NORMAL,STABLE,NORMAL,NO_ACTION,False,0.0
2026-08-12T00:42:23.900365,0.524383796281399,0.002393216528215286,0.0,False,0,0.0,False,0.0,-7.791455729634663,9.138967902604008,-5.1587790200815675,CENTER,0.0,0.9664974226251714,0.019381059078342373,NORMAL,STABLE,NORMAL,NO_ACTION,False,0.0
2026-08-12T00:42:23.929904,0.5267693482783835,0.0016742153175951587,0.0,False,0,0.0,False,0.0,-7.645298374455933,11.588244994539508,-5.497118945993009,CENTER,0.0,0.9667915855256712,0.021366818267283684,NORMAL,STABLE,NORMAL,NO_ACTION,False,0.0
2026-08-12T00:42:23.962378,0.5319516059778009,0.002867880736660683,0.0,False,0,0.0,False,0.0,-8.243309309247678,9.874588354175586,-5.111824752572687,CENTER,0.0,0.9669630471658828,0.020317222166280992,NORMAL,STABLE,NORMAL,NO_ACTION,False,0.0
2026-08-12T00:42:23.993873,0.5147868655851418,0.0058919168068095416,0.0,False,0,0.0,False,0.0,-7.2700309874688,8.684295757685874,-5.0047448367811285,CENTER,0.0,0.9659917044814323,0.018386327111765008,NORMAL,STABLE,NORMAL,NO_ACTION,False,0.0
2026-08-12T00:42:24.026190,0.5305642089694635,0.002439738186785507,0.0,False,0,0.0,False,0.0,-7.948366087966946,10.316231690794694,-5.207202430685186,CENTER,0.0,0.9662098443930042,0.020446074204134752,NORMAL,STABLE,NORMAL,NO_ACTION,False,0.0
2026-08-12T00:42:24.060767,0.5087602284524886,0.0034709835954833024,0.0,False,0,0.0,False,0.0,-7.806324300679364,9.798301431351575,-5.045591844411632,CENTER,0.0,0.9666192520024985,0.019768770614412887,NORMAL,STABLE,NORMAL,NO_ACTION,False,0.0
2026-08-12T00:42:24.091041,0.5166765346670574,0.007319638099295596,0.0,False,0,0.0,False,0.0,-8.875879886912799,8.810113624782446,-4.945562267612985,CENTER,0.0,0.9667989379715364,0.019992273099252035,NORMAL,STABLE,NORMAL,NO_ACTION,False,0.0
2026-08-12T00:42:24.122880,0.5331457671490429,0.007786609483857573,0.0,False,0,0.0,False,0.0,-6.623307617515479,8.666566707102305,-4.415050070733429,CENTER,0.0,0.9666427928424456,0.017163329971505815,NORMAL,STABLE,NORMAL,NO_ACTION,False,0.0
2026-08-12T00:42:24.154684,0.5240348991125799,0.004899904185573622,0.0,False,0,0.0,False,0.0,-7.440697807764394,9.729782770302563,-4.698812519729529,CENTER,0.0,0.9673622524434157,0.019021305048770778,NORMAL,STABLE,NORMAL,NO_ACTION,False,0.0
2026-08-12T00:42:24.186617,0.5207656326616905,0.005397863971309648,0.0,False,0,0.0,False,0.0,-7.851608312919893,8.811933833093462,-4.638422304567939,CENTER,0.0,0.9671616022437782,0.018690661916591623,NORMAL,STABLE,NORMAL,NO_ACTION,False,0.0
2026-08-12T00:42:24.218662,0.532220088680615,0.005738477585288764,0.0,False,0,0.0,False,0.0,-7.657969250404534,8.751615117668166,-4.629491073378489,CENTER,0.0,0.9667995495909271,0.018448150527434804,NORMAL,STABLE,NORMAL,NO_ACTION,False,0.0
2026-08-12T00:42:24.249825,0.5375988250729558,0.005518801130414323,0.0,False,0,0.0,False,0.0,-8.517196673134066,8.19931498518099,-4.61993319462519,CENTER,0.0,0.9674815832904663,0.01887428556055292,NORMAL,STABLE,NORMAL,NO_ACTION,False,0.0
2026-08-12T00:42:24.282423,0.5315641888309484,0.003968405893104825,0.0,False,0,0.0,False,0.0,-7.656455924758063,8.658196676761605,-4.635286996213324,CENTER,0.0,0.9677410920965609,0.018383775637688476,NORMAL,STABLE,NORMAL,NO_ACTION,False,0.0
2026-08-12T00:42:24.317406,0.5361563138869525,0.0027368290280517992,0.0,False,0,0.0,False,0.0,-7.626839487879721,10.397121799788323,-4.399673205803907,CENTER,0.0,0.9674064061581422,0.019400527142865352,NORMAL,STABLE,NORMAL,NO_ACTION,False,0.0
2026-08-12T00:42:24.362186,0.5300127208041169,0.0056335317738332525,0.0,False,0,0.0,False,0.0,-8.435598155548092,6.654383703236618,-3.8554385247180107,CENTER,0.0,0.9671601707941406,0.01691235455811626,NORMAL,STABLE,NORMAL,NO_ACTION,False,0.0
2026-08-12T00:42:24.394066,0.5329777694614342,0.006296874806235626,0.0,False,0,0.0,False,0.0,-8.21743985818901,9.433937683602636,-4.335372097199041,CENTER,0.0,0.9677015840865667,0.019208630520563864,NORMAL,STABLE,NORMAL,NO_ACTION,False,0.0
2026-08-12T00:42:24.426384,0.5359646508069702,0.005208112544259663,0.0,False,0,0.0,False,0.0,-7.308589407122213,5.016763324568018,-3.756163245016495,CENTER,0.0,0.9679455161179699,0.014510330238809196,NORMAL,STABLE,NORMAL,NO_ACTION,False,0.0
2026-08-12T00:42:24.466786,0.5404128496011912,0.0036267341951549863,0.0,False,0,0.0,False,0.0,-7.102951286596124,6.097082523438331,-4.007585527258584,CENTER,0.0,0.9675072452785125,0.015348052784073694,NORMAL,STABLE,NORMAL,NO_ACTION,False,0.0
2026-08-12T00:42:24.510272,0.54027023155062,0.00838213834901322,0.0,False,0,0.0,False,0.0,-8.712398354623929,6.636602526719912,-4.119278969217362,CENTER,0.0,0.9684013417352537,0.017428386016670877,NORMAL,STABLE,NORMAL,NO_ACTION,False,0.0
2026-08-12T00:42:24.542262,0.528296764428307,0.007635552654240653,0.0,False,0,0.0,False,0.0,-8.344555903194987,9.407103017594636,-4.264530779047362,CENTER,0.0,0.9686611108049187,0.019244006420558436,NORMAL,STABLE,NORMAL,NO_ACTION,False,0.0
2026-08-12T00:42:24.581064,0.5266590664971367,0.00746141666462937,0.0,False,0,0.0,False,0.0,-7.477144683957903,4.961141882957605,-3.423187436574267,CENTER,0.0,0.9679865466698512,0.0143086006418063,NORMAL,STABLE,NORMAL,NO_ACTION,False,0.0
2026-08-12T00:42:24.617182,0.5395205078638736,0.0068642569003396076,0.0,False,0,0.0,False,0.0,-8.004780906095647,7.791914926039709,-3.764559909473462,CENTER,0.0,0.9676441439165687,0.017236720952370194,NORMAL,STABLE,NORMAL,NO_ACTION,False,0.0
2026-08-12T00:42:24.653746,0.5320885425123782,0.005715092465422813,0.0,False,0,0.0,False,0.0,-8.215530507267658,5.00502834272379,-3.406451060374934,CENTER,0.0,0.9675755514525769,0.015047033026265482,NORMAL,STABLE,NORMAL,NO_ACTION,False,0.0
2026-08-12T00:42:24.681406,0.5283864197099833,0.006579782659771357,0.0,False,0,0.0,False,0.0,-7.7595032791620895,7.176655067699244,-3.725604404506896,CENTER,0.0,0.9680300757520086,0.01650698485379136,NORMAL,STABLE,NORMAL,NO_ACTION,False,0.0
2026-08-12T00:42:24.719009,0.5376283996234403,0.009751448119430055,0.0,False,0,0.0,False,0.0,-8.74543503406025,6.00677457364452,-3.5785155732884277,CENTER,0.0,0.9680582362703312,0.016469241944336563,NORMAL,STABLE,NORMAL,NO_ACTION,False,0.0
2026-08-12T00:42:24.752709,0.5378425100780199,0.00468748452210976,0.0,False,0,0.0,False,0.0,-7.244251679990384,6.353747458676565,-3.763236735089464,CENTER,0.0,0.9684057271764157,0.015435590719522323,NORMAL,STABLE,NORMAL,NO_ACTION,False,0.0
2026-08-12T00:42:24.787473,0.5266909546454627,0.004008458185603344,0.0,False,0,0.0,False,0.0,-7.758556980491164,3.1977897558064683,-3.0436192852912995,CENTER,0.0,0.9683679238928081,0.012918303340430976,NORMAL,STABLE,NORMAL,NO_ACTION,False,0.0
2026-08-12T00:42:24.815877,0.562716997039977,0.0037230907233373046,0.0,False,0,0.0,False,0.0,-7.920591829758308,4.548450654493081,-3.4021077506557447,CENTER,0.0,0.9674162961738192,0.014419037069157651,NORMAL,STABLE,NORMAL,NO_ACTION,False,0.0
2026-08-12T00:42:24.854158,0.5450311989431906,0.003968456596469528,0.0,False,0,0.0,False,0.0,-7.009625178496151,5.839956918910104,-3.4567026463513173,CENTER,0.0,0.9675576583321085,0.014528895037819225,NORMAL,STABLE,NORMAL,NO_ACTION,False,0.0
2026-08-12T00:42:24.882107,0.5486374895767062,0.006385593404361269,0.0,False,0,0.0,False,0.0,-7.688392436946941,4.812397812686896,-3.3774386588278276,CENTER,0.0,0.9678920319542426,0.014361388355824243,NORMAL,STABLE,NORMAL,NO_ACTION,False,0.0
2026-08-12T00:42:24.911921,0.5282398278772757,0.005102664529852743,0.0,False,0,0.0,False,0.0,-6.5450806880094206,4.02469819335758,-3.469823468271329,CENTER,0.0,0.9678235305825005,0.012754784810063695,NORMAL,STABLE,NORMAL,NO_ACTION,False,0.0
2026-08-12T00:42:24.938604,0.5527572563781844,0.0017386363779677877,0.0,False,0,0.0,False,0.0,-7.667825921600212,5.501336350422321,-3.657317575352806,CENTER,0.0,0.9678748935981286,0.015120814128049298,NORMAL,STABLE,NORMAL,NO_ACTION,False,0.0
2026-08-12T00:42:24.966647,0.5432784915800628,0.004340406197174392,0.0,False,0,0.0,False,0.0,-7.41692277084033,4.905398958004042,-3.581185692692088,CENTER,0.0,0.9687055638227513,0.014363373220901901,NORMAL,STABLE,NORMAL,NO_ACTION,False,0.0
2026-08-12T00:42:25.004843,0.562510254164877,0.004204132808706725,0.0,False,0,0.0,False,0.0,-6.758848208065018,3.0497477082477644,-3.176460163777932,CENTER,0.0,0.9704034192509309,0.011961310523138667,NORMAL,STABLE,NORMAL,NO_ACTION,False,0.0
2026-08-12T00:42:25.046102,0.5695008009718816,0.0012530793520917024,0.0,False,0,0.0,False,0.0,-6.311457921896221,4.623444232153616,-3.379515071794856,CENTER,0.0,0.9661566595323829,0.01287723804437532,NORMAL,STABLE,NORMAL,NO_ACTION,False,0.0
2026-08-12T00:42:25.083386,0.5492054234509864,0.002205563450002702,0.0,False,0,0.0,False,0.0,-7.014825525404888,3.8808033290310107,-3.188877863471248,CENTER,0.0,0.9654963708541544,0.012833933793544272,NORMAL,STABLE,NORMAL,NO_ACTION,False,0.0
2026-08-12T00:42:25.113121,0.5650130405755006,0.0034043758488341218,0.0,False,0,0.0,False,0.0,-6.189529039374889,4.47397855781864,-3.1785642513017933,CENTER,0.0,0.9649324187365275,0.012451558545432747,NORMAL,STABLE,NORMAL,NO_ACTION,False,0.0
2026-08-12T00:42:25.146086,0.5683841634075963,0.001952010601900547,0.0,False,0,0.0,False,0.0,-6.042253441643254,3.2194317705732374,-2.843438534811156,CENTER,0.0,0.9653574681866058,0.011058676261442064,NORMAL,STABLE,NORMAL,NO_ACTION,False,0.0
2026-08-12T00:42:25.172872,0.5786503558472937,0.0016782902182014743,0.0,False,0,0.0,False,0.0,-6.598291286049516,4.751503287932394,-3.469552536339137,CENTER,0.0,0.9652163532787085,0.013340042663986248,NORMAL,STABLE,NORMAL,NO_ACTION,False,0.0
2026-08-12T00:42:25.200972,0.5338787534170883,0.0039050769573211355,0.0,False,0,0.0,False,0.0,-7.2389486209720815,4.498986229620073,-3.568917699563656,CENTER,0.0,0.965067482516412,0.013878905292514326,NORMAL,STABLE,NORMAL,NO_ACTION,False,0.0
2026-08-12T00:42:25.235366,0.5624513465965058,0.0020512071139566603,0.0,False,0,0.0,False,0.0,-6.6422099555692,4.330740889038196,-3.4040487529128427,CENTER,0.0,0.9656276477990887,0.013010093863172912,NORMAL,STABLE,NORMAL,NO_ACTION,False,0.0
2026-08-12T00:42:25.269690,0.5714298923289688,0.0048069216774486445,0.0,False,0,0.0,False,0.0,-7.1537505297801545,4.198478458295682,-3.4666139558347027,CENTER,0.0,0.9656419753086419,0.01347484968995604,NORMAL,STABLE,NORMAL,NO_ACTION,False,0.0
2026-08-12T00:42:25.297327,0.5450399587646648,0.004325998579119225,0.0,False,0,0.0,False,0.0,-6.843011536657542,2.7349746661579672,-3.030789904383994,CENTER,0.0,0.9649023192546052,0.011670085947649815,NORMAL,STABLE,NORMAL,NO_ACTION,False,0.0
2026-08-12T00:42:25.329499,0.5614139167579986,0.0022042375862055086,0.0,False,0,0.0,False,0.0,-6.499827329809477,3.230576693296399,-2.898327046026452,CENTER,0.0,0.9645891831398197,0.011568362665274537,NORMAL,STABLE,NORMAL,NO_ACTION,False,0.0
2026-08-12T00:42:25.358481,0.5605673788165995,0.001345645611093076,0.0,False,0,0.0,False,0.0,-7.542797746047825,4.1488436886135105,-3.3394517321568173,CENTER,0.0,0.9647728771678425,0.013694705599265437,NORMAL,STABLE,NORMAL,NO_ACTION,False,0.0
2026-08-12T00:42:25.389698,0.5393295473577027,0.00032462918782980574,0.0,False,0,0.0,False,0.0,-5.482090753188572,1.2697557718990709,-2.5868607044369014,CENTER,0.0,0.9647656548537624,0.008828401665548562,NORMAL,STABLE,NORMAL,NO_ACTION,False,0.0
2026-08-12T00:42:25.421299,0.5672916647237796,0.004812423680169658,0.0,False,0,0.0,False,0.0,-6.519958331624878,5.495964780938209,-3.3495409848738404,CENTER,0.0,0.9649278901504017,0.013692347766382932,NORMAL,STABLE,NORMAL,NO_ACTION,False,0.0
2026-08-12T00:42:25.450575,0.5579433384836306,0.0013045787293648893,0.0,False,0,0.0,False,0.0,-6.402956742220596,3.3695554592856922,-3.2013944664592486,CENTER,0.0,0.9651443773883012,0.011872156838367471,NORMAL,STABLE,NORMAL,NO_ACTION,False,0.0
2026-08-12T00:42:25.483140,0.5707692891754564,0.001486787119624097,0.0,False,0,0.0,False,0.0,-5.932183975706238,3.439644272366394,-3.033021345410333,CENTER,0.0,0.9646029771090534,0.011298118099223708,NORMAL,STABLE,NORMAL,NO_ACTION,False,0.0
2026-08-12T00:42:25.514353,0.5622897565492269,0.0062339884557022435,0.0,False,0,0.0,False,0.0,-7.810865387184691,4.387427284208258,-3.46916395521464,CENTER,0.0,0.9642844275120027,0.014259093456204592,NORMAL,STABLE,NORMAL,NO_ACTION,False,0.0
2026-08-12T00:42:25.546813,0.5661378476185716,0.005697790103665423,0.0,False,0,0.0,False,0.0,-6.234147551903305,3.919221173900411,-3.0611635676481797,CENTER,0.0,0.9642738608110425,0.011973159515183553,NORMAL,STABLE,NORMAL,NO_ACTION,False,0.0
2026-08-12T00:42:25.577746,0.5674646832748291,0.002807813553094533,0.0,False,0,0.0,False,0.0,-7.020884251880602,4.40050507727625,-3.3815239313287293,CENTER,0.0,0.9653522108624829,0.013409833701081356,NORMAL,STABLE,NORMAL,NO_ACTION,False,0.0
2026-08-12T00:42:25.610863,0.5609265117674629,0.0026728874682172142,0.0,False,0,0.0,False,0.0,-6.6364296658008755,0.9106793700791229,-2.880171640460844,CENTER,0.0,0.96520268944126,0.009981552306509621,NORMAL,STABLE,NORMAL,NO_ACTION,False,0.0
2026-08-12T00:42:25.643371,0.5560795881263181,0.00390034868345509,0.0,False,0,0.0,False,0.0,-7.120297574556702,2.3304252919069484,-3.031324728351393,CENTER,0.0,0.9650654264342055,0.011645041895054047,NORMAL,STABLE,NORMAL,NO_ACTION,False,0.0
2026-08-12T00:42:25.673771,0.5534414997315811,0.0034379605341641095,0.0,False,0,0.0,False,0.0,-5.8970159270475335,1.9660641694802337,-2.770130068765013,CENTER,0.0,0.9649618545463454,0.00992487380292046,NORMAL,STABLE,NORMAL,NO_ACTION,False,0.0
2026-08-12T00:42:25.706187,0.5674912179691838,0.002882201669280869,0.0,False,0,0.0,False,0.0,-7.290121408679482,1.8393607004272496,-2.9975905771240434,CENTER,0.0,0.9711388850614835,0.011417797549278193,NORMAL,STABLE,NORMAL,NO_ACTION,False,0.0
2026-08-12T00:42:25.737994,0.5188015829829068,0.0025957050606691657,0.0,False,0,0.0,False,0.0,-6.692397407242964,-2.1466263366227167,-2.577194352314052,CENTER,0.0,0.9691054327723887,0.010646966249346032,NORMAL,STABLE,NORMAL,NO_ACTION,False,0.0
2026-08-12T00:42:25.769867,0.5519402714331532,7.032862248806406e-05,0.0,False,0,0.0,False,0.0,-6.715606940829247,1.4907658970011823,-3.1463535937658094,CENTER,0.0,0.9686309983098178,0.01074529166256378,NORMAL,STABLE,NORMAL,NO_ACTION,False,0.0
2026-08-12T00:42:25.802530,0.5549155553618351,0.0035885279796152017,0.0,False,0,0.0,False,0.0,-6.752412558282941,2.0551526060743868,-2.966962455613583,CENTER,0.0,0.9681662586652459,0.011019994963104492,NORMAL,STABLE,NORMAL,NO_ACTION,False,0.0
2026-08-12T00:42:25.835135,0.5494379982806672,0.005084384266115578,0.0,False,0,0.0,False,0.0,-6.2153933182649155,3.01910171558913,-3.114673179603244,CENTER,0.0,0.968212338330394,0.011346515070707625,NORMAL,STABLE,NORMAL,NO_ACTION,False,0.0
2026-08-12T00:42:25.865845,0.5296753166925254,0.003641677919381366,0.0,False,0,0.0,False,0.0,-7.101947764794687,2.836126685843169,-3.0471684817942446,CENTER,0.0,0.9681505257324122,0.012013756879902665,NORMAL,STABLE,NORMAL,NO_ACTION,False,0.0
2026-08-12T00:42:25.898067,0.5191639952858009,0.006148792701652623,0.0,False,0,0.0,False,0.0,-6.295925692346998,4.544582629046289,-3.1480568469917216,CENTER,0.0,0.9679360164976485,0.012577646314709777,NORMAL,STABLE,NORMAL,NO_ACTION,False,0.0
2026-08-12T00:42:25.947832,0.5501416381217281,0.004347261328401858,0.0,False,0,0.0,False,0.0,-7.395207851773904,5.449720550243569,-3.663879404888519,CENTER,0.0,0.9683665054563493,0.014822561705923389,NORMAL,STABLE,NORMAL,NO_ACTION,False,0.0
2026-08-12T00:42:25.978064,0.5148151015014625,0.00529422508342968,0.0,False,0,0.0,False,0.0,-7.477433339654652,2.16311086786601,-2.976933593640183,CENTER,0.0,0.9681057994378305,0.011818511073059805,NORMAL,STABLE,NORMAL,NO_ACTION,False,0.0
2026-08-12T00:42:26.010762,0.5333555894727069,0.008563927208943788,0.0,False,0,0.0,False,0.0,-6.2830118326745605,0.2711603355760701,-2.654885019030587,CENTER,0.0,0.9678012390076915,0.008945835015359347,NORMAL,STABLE,NORMAL,NO_ACTION,False,0.0
2026-08-12T00:42:26.042764,0.5351071522207462,0.0037658725629529577,0.0,False,0,0.0,False,0.0,-6.587790383632523,1.220221735517157,-2.7667864193414573,CENTER,0.0,0.9682542798047719,0.010050185212281994,NORMAL,STABLE,NORMAL,NO_ACTION,False,0.0
2026-08-12T00:42:26.074757,0.5431078020313175,0.005667875920189948,0.0,False,0,0.0,False,0.0,-7.826236464099679,1.8657015216538184,-2.87529847752171,CENTER,0.0,0.9684725238217714,0.011842106600210992,NORMAL,STABLE,NORMAL,NO_ACTION,False,0.0
2026-08-12T00:42:26.107296,0.5467054675342002,0.007942026954727678,0.0,False,0,0.0,False,0.0,-7.186295685493917,4.786785310266538,-3.544558042727715,CENTER,0.0,0.9679232115299824,0.014014773806231553,NORMAL,STABLE,NORMAL,NO_ACTION,False,0.0
2026-08-12T00:42:26.138997,0.5490603218695305,0.004308057295971112,0.0,False,0,0.0,False,0.0,-6.928309138483314,5.436493890890006,-3.7945526041802395,CENTER,0.0,0.9677434474818735,0.01448381647777806,NORMAL,STABLE,NORMAL,NO_ACTION,False,0.0
2026-08-12T00:42:26.170590,0.5312915493055508,0.0062583431223417205,0.0,False,0,0.0,False,0.0,-6.911594172014048,3.262739568539672,-3.257532053264214,CENTER,0.0,0.9679235108330884,0.01234645827475754,NORMAL,STABLE,NORMAL,NO_ACTION,False,0.0
2026-08-12T00:42:26.233922,0.545919541940278,0.005880133971434644,0.0,False,0,0.0,False,0.0,-7.0832128102985905,3.7191596186065112,-3.51983543273775,CENTER,0.0,0.9675451266411914,0.01310610007835636,NORMAL,STABLE,NORMAL,NO_ACTION,False,0.0
2026-08-12T00:42:26.267212,0.5427104300860837,0.007510520046517858,0.0,False,0,0.0,False,0.0,-7.488928307274534,4.131590500112367,-3.642795763859425,CENTER,0.0,0.9679538445522242,0.013926183401147022,NORMAL,STABLE,NORMAL,NO_ACTION,False,0.0
2026-08-12T00:42:26.298472,0.5565481355108723,0.006935017956241385,0.0,False,0,0.0,False,0.0,-7.08873918907679,4.646678409235506,-3.6264224176651965,CENTER,0.0,0.9675714783276994,0.013896583512322497,NORMAL,STABLE,NORMAL,NO_ACTION,False,0.0
2026-08-12T00:42:26.329980,0.5432290476604145,0.006804781022117431,0.0,False,0,0.0,False,0.0,-6.458197787318824,6.241678195569904,-3.9227034037824353,CENTER,0.0,0.9668790991512346,0.014740144376025513,NORMAL,STABLE,NORMAL,NO_ACTION,False,0.0
2026-08-12T00:42:26.368620,0.5520249165883235,0.00751993547521977,0.0,False,0,0.0,False,0.0,-6.904055962176216,6.012852970934603,-3.985912738394063,CENTER,0.0,0.9668920212375074,0.015070378618942037,NORMAL,STABLE,NORMAL,NO_ACTION,False,0.0
2026-08-12T00:42:26.427662,0.5278988755959093,0.008478104941969813,0.0,False,0,0.0,False,0.0,-7.453832746981504,3.318197788748961,-3.578694261090817,CENTER,0.0,0.9669893077601411,0.013232104753481072,NORMAL,STABLE,NORMAL,NO_ACTION,False,0.0
2026-08-12T00:42:26.465116,0.5369848546581202,0.008259942491335687,0.0,False,0,0.0,False,0.0,-5.867000263894312,1.1622721422876339,-3.110892302130452,CENTER,0.0,0.9681801697530865,0.009639021134118214,NORMAL,STABLE,NORMAL,NO_ACTION,False,0.0
2026-08-12T00:42:26.498422,0.5154136853280677,0.004921276572618962,0.0,False,0,0.0,False,0.0,-6.329396726747234,2.8944876473470345,-3.463190753472844,CENTER,0.0,0.9690408613805604,0.011707685321024891,NORMAL,STABLE,NORMAL,NO_ACTION,False,0.0
2026-08-12T00:42:26.536220,0.5299153216452905,0.00438059954294541,0.0,False,0,0.0,False,0.0,-6.761126707326383,4.722886606306787,-3.8111268930767324,CENTER,0.0,0.9685681056180188,0.013812664951575704,NORMAL,STABLE,NORMAL,NO_ACTION,False,0.0
2026-08-12T00:42:26.575107,0.5290787525347197,0.008316086766780584,0.0,False,0,0.0,False,0.0,-7.469678431532145,2.469407767156895,-3.519776610280786,CENTER,0.0,0.9677654787931119,0.012566970887785895,NORMAL,STABLE,NORMAL,NO_ACTION,False,0.0
2026-08-12T00:42:26.619092,0.5430661755039072,0.0052927204802778694,0.0,False,0,0.0,False,0.0,-6.486859159107496,4.07138756235409,-3.7278644053458265,CENTER,0.0,0.967006940617039,0.012984600652728514,NORMAL,STABLE,NORMAL,NO_ACTION,False,0.0
2026-08-12T00:42:26.652801,0.5430275169431213,0.009788107025156844,0.0,False,0,0.0,False,0.0,-7.300273664701166,3.248543042361632,-3.9538892121141203,CENTER,0.0,0.9656321893983931,0.0133978780534195,NORMAL,STABLE,NORMAL,NO_ACTION,False,0.0
2026-08-12T00:42:26.706423,0.5377960048864567,0.007370748633092917,0.0,False,0,0.0,False,0.0,-7.239202260417812,5.397975001274631,-4.240073452428021,CENTER,0.0,0.9670483355379188,0.01519578745328391,NORMAL,STABLE,NORMAL,NO_ACTION,False,0.0
2026-08-12T00:42:26.755116,0.5548846812901177,0.009499200873967557,0.0,False,0,0.0,False,0.0,-7.30140020391255,7.27946757324861,-4.771278711030135,CENTER,0.0,0.9673472612617576,0.017157455189207235,NORMAL,STABLE,NORMAL,NO_ACTION,False,0.0
2026-08-12T00:42:26.794491,0.5129163010906527,0.002455839580733362,0.0,False,0,0.0,False,0.0,-8.258209574958698,5.07250639244964,-5.182654534173366,CENTER,0.0,0.9659349670230747,0.016876556063316835,NORMAL,STABLE,NORMAL,NO_ACTION,False,0.0
2026-08-12T00:42:26.842607,0.4996902619681815,0.005084315554898604,0.0,False,0,0.0,False,0.0,-7.451627991688412,6.344431753644102,-5.196192424339387,CENTER,0.0,0.9668274758720361,0.017034016486479325,NORMAL,STABLE,NORMAL,NO_ACTION,False,0.0
2026-08-12T00:42:26.893106,0.5097808758066115,0.006543369657088258,0.0,False,0,0.0,False,0.0,-8.685324414452651,5.022293769033524,-5.025004661881951,CENTER,0.0,0.9675985717653832,0.0171034057693787,NORMAL,STABLE,NORMAL,NO_ACTION,False,0.0
2026-08-12T00:42:26.934157,0.5083840693746827,0.006111332238470105,0.0,False,0,0.0,False,0.0,-8.511516810169496,4.803380270892831,-5.014057482375563,CENTER,0.0,0.967587484537282,0.016761925884092966,NORMAL,STABLE,NORMAL,NO_ACTION,False,0.0
2026-08-12T00:42:26.973569,0.5055678018237348,0.006110123078620145,0.0,False,0,0.0,False,0.0,-7.3601564594885645,5.663920112692551,-5.117499569263003,CENTER,0.0,0.9677619261953752,0.016368017876582562,NORMAL,STABLE,NORMAL,NO_ACTION,False,0.0
2026-08-12T00:42:27.010167,0.4891670054692398,0.007113122473214455,0.0,False,0,0.0,False,0.0,-8.07430987613995,7.658684744889456,-5.309621238873149,CENTER,0.0,0.9677021566664218,0.018719006380445834,NORMAL,STABLE,NORMAL,NO_ACTION,False,0.0
2026-08-12T00:42:27.053725,0.5048272564503873,0.006528399777825118,0.0,False,0,0.0,False,0.0,-7.701188775416995,6.317966818090241,-5.14006983025007,CENTER,0.0,0.9671792871533901,0.01720389478696565,NORMAL,STABLE,NORMAL,NO_ACTION,False,0.0
2026-08-12T00:42:27.090105,0.4552552938867299,0.0064678431117923514,0.0,False,0,0.0,False,0.0,-7.430114853450505,4.892596990985368,-4.6799929241038285,CENTER,0.0,0.9657673833100626,0.015442202783070885,NORMAL,STABLE,NORMAL,NO_ACTION,False,0.0
2026-08-12T00:42:27.137402,0.4593684479579765,0.008392196076336848,0.0,False,0,0.0,False,0.0,-8.47765204351856,5.704639232974301,-5.0030485473600095,CENTER,0.0,0.9670364935454635,0.017379504682544476,NORMAL,STABLE,NORMAL,NO_ACTION,False,0.0
2026-08-12T00:42:27.181212,0.4356665622001859,0.0049960362969812796,0.0,False,0,0.0,False,0.0,-8.11560903217287,1.4811776115401472,-4.212498617934784,CENTER,0.0,0.9684896231383501,0.013151677293278827,NORMAL,STABLE,NORMAL,NO_ACTION,False,0.0
2026-08-12T00:42:27.223543,0.4517738687746631,0.006499820599201248,0.0,False,0,0.0,False,0.0,-7.777465591180146,3.6280580741362485,-4.252993853465966,CENTER,0.0,0.9678607612862533,0.014436129102922907,NORMAL,STABLE,NORMAL,NO_ACTION,False,0.0
2026-08-12T00:42:27.269211,0.46007693821734474,0.010552001066096602,0.0,False,0,0.0,False,0.0,-8.893165700939335,2.3898827049008275,-4.0592585447788,CENTER,0.0,0.9668279833859984,0.014429604905684948,NORMAL,STABLE,NORMAL,NO_ACTION,False,0.0
2026-08-12T00:42:27.319716,0.4458107864167037,0.005694182798674223,0.0,False,0,0.0,False,0.0,-7.598811057059692,3.594701437131164,-4.246395683001197,CENTER,0.0,0.9678507281256123,0.01423035430840262,NORMAL,STABLE,NORMAL,NO_ACTION,False,0.0
2026-08-12T00:42:27.356641,0.43851600823789455,0.006788980202120378,0.0,False,0,0.0,False,0.0,-8.589820141528293,2.3910083252876575,-4.029654558001795,CENTER,0.0,0.9684597969331766,0.014104599688756837,NORMAL,STABLE,NORMAL,NO_ACTION,False,0.0
2026-08-12T00:42:27.393823,0.45412279565788183,0.006650043082506178,0.0,False,0,0.0,False,0.0,-8.442500393395107,5.282344852101772,-4.437178678053215,CENTER,0.0,0.9678977447396139,0.016481382884433942,NORMAL,STABLE,NORMAL,NO_ACTION,False,0.0
2026-08-12T00:42:27.430428,0.4432060170724963,0.009555467331960058,0.0,False,0,0.0,False,0.0,-9.361057187339838,5.706293698182947,-4.508114451885547,CENTER,0.0,0.9674784471144424,0.01776088488913081,NORMAL,STABLE,NORMAL,NO_ACTION,False,0.0
2026-08-12T00:42:27.464516,0.45564048462996815,0.007079707265369815,0.0,False,0,0.0,False,0.0,-7.740427433060432,2.5971657740470846,-4.232775204782797,CENTER,0.0,0.9665564764293063,0.013623456834456567,NORMAL,STABLE,NORMAL,NO_ACTION,False,0.0
2026-08-12T00:42:27.497440,0.4576033213188438,0.004581635608238336,0.0,False,0,0.0,False,0.0,-7.500154838777206,3.3748637858206223,-4.365692799877536,CENTER,0.0,0.9668288812953165,0.014089200633413332,NORMAL,STABLE,NORMAL,NO_ACTION,False,0.0
2026-08-12T00:42:27.538010,0.4368299463099175,0.006294986189719366,0.0,False,0,0.0,False,0.0,-7.504938426316869,4.864871852077499,-4.505241203772584,CENTER,0.0,0.9678657062940916,0.015324061709494017,NORMAL,STABLE,NORMAL,NO_ACTION,False,0.0
2026-08-12T00:42:27.572341,0.4498219268270019,0.0062030768439999065,0.0,False,0,0.0,False,0.0,-8.303315255620163,5.445525871430476,-5.057426672659943,CENTER,0.0,0.9686050109923084,0.017071930315724824,NORMAL,STABLE,NORMAL,NO_ACTION,False,0.0
2026-08-12T00:42:27.611040,0.46115264634360487,0.007861086958796141,0.0,False,0,0.0,False,0.0,-8.169318673104868,5.418013788218275,-4.5521239584053035,CENTER,0.0,0.9683748338906035,0.01642610573959353,NORMAL,STABLE,NORMAL,NO_ACTION,False,0.0
2026-08-12T00:42:27.647457,0.43577316338824007,0.0066160954177959365,0.0,False,0,0.0,False,0.0,-8.772295660115077,5.604565188382054,-4.837868752227024,CENTER,0.0,0.9678393285812267,0.01743274977018762,NORMAL,STABLE,NORMAL,NO_ACTION,False,0.0
2026-08-12T00:42:27.683333,0.43699062723142357,0.006572614592127698,0.0,False,0,0.0,False,0.0,-8.952688134021912,5.4742986336728165,-4.860397572872387,CENTER,0.0,0.9669348476080247,0.017535721610052388,NORMAL,STABLE,NORMAL,NO_ACTION,False,0.0
2026-08-12T00:42:27.718968,0.4555558501942374,0.011723948866037968,0.0,False,0,0.0,False,0.0,-7.904567438968201,3.984347883093335,-4.669102445147587,CENTER,0.0,0.9670864120982756,0.015229230680041046,NORMAL,STABLE,NORMAL,NO_ACTION,False,0.0
2026-08-12T00:42:27.749110,0.4382472438478858,0.0040612759350699525,0.0,False,0,0.0,False,0.0,-7.5072595633432115,3.507949695749886,-4.480071919805141,CENTER,0.0,0.9671784412967862,0.014305767751768296,NORMAL,STABLE,NORMAL,NO_ACTION,False,0.0
2026-08-12T00:42:27.781624,0.4466200548587639,0.008562557222326041,0.0,False,0,0.0,False,0.0,-8.73353328286143,5.441705446161961,-4.9491358051936345,CENTER,0.0,0.9681137244635509,0.01738417090069219,NORMAL,STABLE,NORMAL,NO_ACTION,False,0.0
2026-08-12T00:42:27.813547,0.43255471223109954,0.003993866986570177,0.0,False,0,0.0,False,0.0,-8.07880705059307,8.034327287153701,-5.281117554646471,CENTER,0.0,0.9691235991696061,0.018971221839646387,NORMAL,STABLE,NORMAL,NO_ACTION,False,0.0
2026-08-12T00:42:27.856229,0.4488682621484888,0.002587176087728688,0.0,False,0,0.0,False,0.0,-8.562585149319005,6.663806760367237,-5.33111970169432,CENTER,0.0,0.9687702263068293,0.018487675321947738,NORMAL,STABLE,NORMAL,NO_ACTION,False,0.0
2026-08-12T00:42:27.887282,0.4213318770363234,0.00424455557487241,0.0,False,0,0.0,False,0.0,-8.870650833037303,7.406856159293284,-5.564637791335656,CENTER,0.0,0.9679503570203802,0.01956305327235456,NORMAL,STABLE,NORMAL,NO_ACTION,False,0.0
2026-08-12T00:42:27.918856,0.42164843321603673,0.004378068683622741,0.0,False,0,0.0,False,0.0,-8.71398398793582,6.420186449955764,-5.146100035175181,CENTER,0.0,0.9675422377155595,0.018275964332092116,NORMAL,STABLE,NORMAL,NO_ACTION,False,0.0
2026-08-12T00:42:27.956716,0.4571868523001634,0.003433684262731811,0.0,False,0,0.0,False,0.0,-8.022498910854523,6.397616490525479,-5.378245630850898,CENTER,0.0,0.9677904640958751,0.01780987954116184,NORMAL,STABLE,NORMAL,NO_ACTION,False,0.0
2026-08-12T00:42:27.982239,0.47255810476670956,0.007664367346601677,0.0,False,0,0.0,False,0.0,-8.146402872423607,7.123826364415464,-5.788064274716902,CENTER,0.0,0.9675609897058104,0.01886520475503443,NORMAL,STABLE,NORMAL,NO_ACTION,False,0.0
2026-08-12T00:42:28.020641,0.4814767488131828,0.0050695996884192115,0.0,False,0,0.0,False,0.0,-7.965188029339373,5.231181557914908,-5.5492339758882,CENTER,0.0,0.9681395165833823,0.017065003482206326,NORMAL,STABLE,NORMAL,NO_ACTION,False,0.0
2026-08-12T00:42:28.042842,0.47247058672540465,0.00650562570783904,0.0,False,0,0.0,False,0.0,-8.501643561693896,5.178151934270659,-5.470247620518677,CENTER,0.0,0.9686067417450521,0.017473770455277204,NORMAL,STABLE,NORMAL,NO_ACTION,False,0.0
2026-08-12T00:42:28.072398,0.47370871977286455,0.006673772940538607,0.0,False,0,0.0,False,0.0,-8.606096114547086,6.057971832754276,-5.735524040599529,CENTER,0.0,0.9680314161093965,0.018481352558435728,NORMAL,STABLE,NORMAL,NO_ACTION,False,0.0
2026-08-12T00:42:28.098320,0.4319871140161917,0.004266917796299367,0.0,False,0,0.0,False,0.0,-8.771973656462649,6.377461954827396,-6.1821862394670575,CENTER,0.0,0.9674740746864591,0.019315291531666168,NORMAL,STABLE,NORMAL,NO_ACTION,False,0.0
2026-08-12T00:42:28.126599,0.37217136908110304,0.006627736672608585,0.0,False,0,0.0,False,0.0,-9.4990987680454,6.676116103715373,-6.406669115980947,CENTER,0.0,0.9675686414547815,0.020465756888254093,NORMAL,STABLE,NORMAL,NO_ACTION,False,0.0
2026-08-12T00:42:28.156319,0.19313448755588053,0.0032473702290614155,0.005780346820809248,True,0,0.0,False,0.0,-9.523783091468403,5.64723994131117,-6.62208535491456,CENTER,0.0,0.9670857874657065,0.1647497819350281,NORMAL,STABLE,NORMAL,NO_ACTION,False,0.0
2026-08-12T00:42:28.181206,0.06068169790932583,0.0024951309994662887,0.011494252873563218,True,0,0.0,False,0.0248868465423584,-10.002861564593616,5.0912772075108705,-6.202750021386407,UP,0.0,0.9673921957671957,0.2492707696018497,LOW,STABLE,NORMAL,NO_ACTION,False,0.0248868465423584
2026-08-12T00:42:28.228822,0.055013962838101324,0.004434479897084306,0.017142857142857144,True,0,0.0,False,0.07250285148620605,-10.29587699425565,4.8252426511604085,-6.336305576257274,UP,0.047616004943847656,0.9679724143579758,0.24949296064931364,LOW,STABLE,NORMAL,NO_ACTION,False,0.07250285148620605
2026-08-12T00:42:28.260986,0.04803038545994778,0.0059270509047059106,0.022727272727272728,True,0,0.0,False,0.10466694831848145,-9.641736923622972,6.5586035178288284,-6.761065278935234,UP,0.07978010177612305,0.854799635324809,0.10501463618591227,NORMAL,STABLE,NORMAL,NO_ACTION,False,0.10466694831848145
2026-08-12T00:42:28.282706,0.04336977377068421,0.010380814365179014,0.02824858757062147,True,0,0.0,False,0.1263868808746338,-10.272642848205038,6.3211635025194255,-6.722737469060604,UP,0.10150003433227539,0.8541728211346268,0.10549903706167006,NORMAL,STABLE,NORMAL,NO_ACTION,False,0.1263868808746338
2026-08-12T00:42:28.312018,0.04616618436414173,0.002553575748395976,0.033707865168539325,True,0,0.0,False,0.1556990146636963,-11.200741452084372,3.855917231584641,-6.324131630522061,UP,0.1308121681213379,0.8544951384296002,0.10395707866611235,NORMAL,STABLE,NORMAL,NO_ACTION,False,0.1556990146636963
2026-08-12T00:42:28.347029,0.042821823719810984,0.0040926539670933905,0.03910614525139665,True,0,0.0,False,0.19071006774902344,-10.865651718441939,4.765107339716792,-6.26804039325927,UP,0.16582322120666504,0.854173900462963,0.10429681715339396,NORMAL,STABLE,NORMAL,NO_ACTION,False,0.19071006774902344
2026-08-12T00:42:28.372486,0.052940736795914295,0.0046614334448194595,0.044444444444444446,True,0,0.0,False,0.21616697311401367,-9.732161893278175,5.0385435886339,-6.086601356002774,UP,0.19128012657165527,0.9672956640089164,0.24885348706939422,LOW,STABLE,NORMAL,NO_ACTION,False,0.21616697311401367
2026-08-12T00:42:28.401581,0.03921562312521462,0.0024063712625072326,0.049723756906077346,True,0,0.0,False,0.24526214599609375,-9.435440308173867,6.873847853863907,-7.045487799360558,UP,0.22037529945373535,0.8536053814851557,0.10538224397457037,NORMAL,RISING,NORMAL,NO_ACTION,False,0.24526214599609375
2026-08-12T00:42:28.431005,0.04122445585806435,0.00562244628431338,0.054945054945054944,True,0,0.0,False,0.2746856212615967,-10.629473723560324,5.010412268982833,-6.162801116323493,UP,0.24979877471923828,0.8538372648442092,0.10411282744885583,NORMAL,STABLE,NORMAL,NO_ACTION,False,0.2746856212615967
2026-08-12T00:42:28.462816,0.046084741298019316,0.002560478693491363,0.060109289617486336,True,0,0.0,False,0.30649662017822266,-10.887134345391416,5.305705993089589,-6.583183065826688,UP,0.28160977363586426,0.8536450410604056,0.10516403809587008,NORMAL,STABLE,NORMAL,NO_ACTION,False,0.30649662017822266
2026-08-12T00:42:28.489590,0.04063540954950068,0.006173584927792862,0.06521739130434782,True,0,0.0,False,0.333270788192749,-9.86748926992243,2.9639392712713573,-5.70143424142023,UP,0.3083839416503906,0.8540627985376249,0.10088946543890243,NORMAL,STABLE,NORMAL,NO_ACTION,False,0.333270788192749
2026-08-12T00:42:28.514026,0.04380211936267153,0.0043401826093402715,0.07027027027027027,True,0,0.0,False,0.35770678520202637,-11.76862132578293,2.6910644968127997,-5.4027256824917345,UP,0.33281993865966797,0.8541591228505291,0.10252295846381657,NORMAL,STABLE,NORMAL,NO_ACTION,False,0.35770678520202637
2026-08-12T00:42:28.544648,0.037025964190774203,0.0008658845893815242,0.07526881720430108,True,0,0.0,False,0.38832879066467285,-10.426656737510342,3.561521787055881,-5.3662968401026205,UP,0.36344194412231445,0.8538400894694299,0.10167504799827072,NORMAL,STABLE,NORMAL,NO_ACTION,False,0.38832879066467285
2026-08-12T00:42:28.586618,0.036318393277497106,0.006338768863982526,0.08021390374331551,True,0,0.0,False,0.4302988052368164,-9.09520786095976,2.6808704216814476,-5.396991974903528,UP,0.405411958694458,0.8532794817386832,0.09938305326120253,NORMAL,STABLE,NORMAL,NO_ACTION,False,0.4302988052368164
2026-08-12T00:42:28.617969,0.04481200649890791,0.002584519296392844,0.0851063829787234,True,0,0.0,False,0.46164965629577637,-8.406635776764148,2.283159098824285,-5.3365653101404575,UP,0.43676280975341797,0.853644845862728,0.09815915276369083,NORMAL,STABLE,NORMAL,NO_ACTION,False,0.46164965629577637
2026-08-12T00:42:28.651244,0.0533309973759686,0.0010052945069741516,0.08994708994708994,True,0,0.0,False,0.49492526054382324,-10.151528656323649,3.571242102783202,-5.766051881380264,UP,0.47003841400146484,0.9672390696955222,0.24787324281031975,LOW,STABLE,NORMAL,NO_ACTION,False,0.49492526054382324
2026-08-12T00:42:28.687489,0.04363212976066122,0.0033607921434508116,0.09473684210526316,True,0,0.0,False,0.5311694145202637,-9.045753363068002,0.7576553406302651,-5.665531381090574,UP,0.5062825679779053,0.8536615984163729,0.09302491401584692,NORMAL,STABLE,NORMAL,NO_ACTION,False,0.5311694145202637
2026-08-12T00:42:28.713699,0.05388406885646359,0.002977003884870046,0.09947643979057591,True,0,0.0,False,0.5573794841766357,-10.863746069556953,2.7159454474745814,-5.431554057211713,UP,0.5324926376342773,0.9679021171675976,0.24464224350925343,LOW,STABLE,NORMAL,NO_ACTION,False,0.5573794841766357
2026-08-12T00:42:28.746397,0.04064343541815696,0.0023452000293791007,0.10416666666666667,True,0,0.0,False,0.5900781154632568,-10.130260892620043,2.0602261691839203,-5.468949121352722,UP,0.5651912689208984,0.8542874595825983,0.1008305310724483,NORMAL,STABLE,NORMAL,NO_ACTION,False,0.5900781154632568
2026-08-12T00:42:28.779135,0.050664352680567716,0.00440410036277304,0.10880829015544041,True,0,0.0,False,0.6228163242340088,-9.892544203946386,2.4896266584649425,-5.580159446611987,UP,0.5979294776916504,0.9678535910248873,0.2510285840391546,LOW,STABLE,NORMAL,NO_ACTION,False,0.6228163242340088
2026-08-12T00:42:28.810112,0.03904592066444351,0.0011759817226773964,0.1134020618556701,True,0,0.0,False,0.6537928581237793,-9.799880875380666,2.723200011303163,-5.492352898916749,UP,0.6289060115814209,0.8534614863499411,0.11000756683539885,NORMAL,STABLE,NORMAL,NO_ACTION,False,0.6537928581237793
2026-08-12T00:42:28.842257,0.048311487069321285,0.0020864614407613835,0.11794871794871795,True,0,0.0,False,0.6859381198883057,-8.806263173842638,2.9121225577013945,-5.00086813892662,UP,0.6610512733459473,0.8537208351704881,0.11288697798137487,NORMAL,STABLE,NORMAL,NO_ACTION,False,0.6859381198883057
2026-08-12T00:42:28.874958,0.045485477441056694,0.0025911736898863655,0.12244897959183673,True,0,0.0,False,0.7186384201049805,-10.33220361467167,2.626212078474225,-5.7018725316321195,UP,0.6937515735626221,0.8544134309781011,0.11968930604513707,NORMAL,STABLE,NORMAL,NO_ACTION,False,0.7186384201049805
2026-08-12T00:42:28.906717,0.03879316514729139,0.0013259508548991096,0.12690355329949238,True,0,0.0,False,0.7503974437713623,-10.527890446670852,1.3347236594131289,-4.945830705213552,UP,0.7255105972290039,0.8542921328446502,0.1222756755487519,NORMAL,STABLE,NORMAL,NO_ACTION,False,0.7503974437713623
2026-08-12T00:42:28.937914,0.050729793346578976,0.0010231174202102384,0.13131313131313133,True,0,0.0,False,0.7815952301025391,-10.44102441719292,2.2364394537617045,-5.390601644536474,UP,0.7567083835601807,0.9685453065292476,0.2696216850514153,LOW,STABLE,NORMAL,NO_ACTION,False,0.7815952301025391
2026-08-12T00:42:28.971206,0.041003853841429974,0.0036104010594560426,0.135678391959799,True,0,0.0,False,0.8148870468139648,-8.86278803949321,1.9720205075510648,-5.22477452157824,UP,0.7900002002716064,0.854222332451499,0.12993031069130573,NORMAL,STABLE,NORMAL,NO_ACTION,False,0.8148870468139648
2026-08-12T00:42:29.002842,0.04283368267114232,0.0014941793693162174,0.14,True,0,0.0,False,0.8465230464935303,-9.083553588488058,0.8139721031769795,-5.122296512262665,UP,0.8216361999511719,0.8536737351190478,0.133339577156344,NORMAL,STABLE,NORMAL,NO_ACTION,False,0.8465230464935303
2026-08-12T00:42:29.034673,0.044481538071012364,0.002034580837517994,0.14427860696517414,True,0,0.0,False,0.8783538341522217,-10.136764692308816,2.6782277715068687,-5.520169208837899,UP,0.8534669876098633,0.8532174892526454,0.14093955827524224,NORMAL,STABLE,NORMAL,NO_ACTION,False,0.8783538341522217
2026-08-12T00:42:29.066271,0.0422805533818287,0.00278064579534891,0.1485148514851485,True,0,0.0,False,0.9099521636962891,-9.458431753617958,1.490700099852944,-5.25132079218514,UP,0.8850653171539307,0.8541783096340387,0.14302405313995042,NORMAL,STABLE,NORMAL,NO_ACTION,False,0.9099521636962891
2026-08-12T00:42:29.113465,0.044995054957081254,0.003940440188870778,0.15270935960591134,True,0,0.0,False,0.9571454524993896,-9.677091824998428,2.92894846807593,-5.047166954413939,UP,0.9322586059570312,0.8543768716012641,0.14932866536505446,NORMAL,STABLE,NORMAL,NO_ACTION,False,0.9571454524993896
2026-08-12T00:42:29.147289,0.03964200630799289,0.0018483541887582722,0.1568627450980392,True,0,0.0,False,0.9909694194793701,-9.250044672377868,1.4142460110583102,-5.011806727603101,UP,0.9660825729370117,0.8542458939594357,0.1517596908834491,NORMAL,STABLE,NORMAL,NO_ACTION,False,0.9909694194793701
2026-08-12T00:42:29.177613,0.04486180903296273,0.001323594377347197,0.16097560975609757,True,0,0.0,False,1.0212938785552979,-10.265849570037574,2.025045954861639,-4.9750696207731835,UP,0.9964070320129395,0.8544598880254263,0.1575296320677516,NORMAL,STABLE,NORMAL,NO_ACTION,False,1.0212938785552979
2026-08-12T00:42:29.209739,0.05861431449256559,0.0017155023355674662,0.1650485436893204,True,0,0.0,False,1.053419828414917,-10.144255977014126,1.8040888394927492,-4.791987175651258,UP,1.0285329818725586,0.9680353200629532,0.29754068740349776,LOW,STABLE,NORMAL,NO_ACTION,False,1.053419828414917
2026-08-12T00:42:29.241891,0.0437346507108054,0.003095470775473117,0.16908212560386474,True,0,0.0,False,1.085571527481079,-10.380300838917066,1.9330300524027564,-5.201552729692281,UP,1.0606846809387207,0.853084295543063,0.16614671211597332,NORMAL,STABLE,NORMAL,NO_ACTION,False,1.085571527481079
2026-08-12T00:42:29.273178,0.03859613824689696,0.00607608137300194,0.17307692307692307,True,0,0.0,False,1.1168584823608398,-10.424828685208183,2.625675113051841,-4.829804455880634,UP,1.0919716358184814,0.8536252227549971,0.17044077678078498,NORMAL,STABLE,NORMAL,NO_ACTION,False,1.1168584823608398
2026-08-12T00:42:29.305947,0.038912827981319315,0.0027590483079710116,0.17703349282296652,True,0,0.0,False,1.1496281623840332,-8.398137437033768,0.9025791715431524,-4.634249387864855,UP,1.1247413158416748,0.8540112433862433,0.17045765210074,NORMAL,STABLE,NORMAL,NO_ACTION,False,1.1496281623840332
2026-08-12T00:42:29.338652,0.044072330597322976,0.0027542072531886565,0.18095238095238095,True,0,0.0,False,1.1823325157165527,-9.467143340799993,3.28074622032085,-5.507312675446485,UP,1.1574456691741943,0.8539892090130806,0.17890951921564255,NORMAL,STABLE,NORMAL,NO_ACTION,False,1.1823325157165527
2026-08-12T00:42:29.371219,0.04492713704076676,0.0028370098759849436,0.1848341232227488,True,0,0.0,False,1.2148997783660889,-9.220774467185834,3.5872637585547125,-5.098444927184744,UP,1.1900129318237305,0.8539827100786301,0.18248054392692944,NORMAL,STABLE,NORMAL,NO_ACTION,False,1.2148997783660889
2026-08-12T00:42:29.434616,0.04079202965402372,0.002234896160517667,0.18867924528301888,True,0,0.0,False,1.278296947479248,-9.524682678924648,2.756122077788774,-5.11433946952576,UP,1.2534101009368896,0.8537218570877425,0.18779299648478548,NORMAL,INCREASING,NORMAL,NO_ACTION,False,1.278296947479248
2026-08-12T00:42:29.466422,0.03913113692736471,0.005295752336660582,0.19248826291079812,True,0,0.0,False,1.3101024627685547,-9.526119830455173,2.3358485567912055,-4.809203539785273,UP,1.2852156162261963,0.8530579323743386,0.19105363514761345,NORMAL,INCREASING,NORMAL,NO_ACTION,False,1.3101024627685547
2026-08-12T00:42:29.498454,0.05196812789533638,0.0010955069822223425,0.19626168224299065,True,0,0.0,False,1.342134714126587,-9.858058967103261,3.5038405644662873,-5.261070256027523,UP,1.3172478675842285,0.9675543009320499,0.32754196650716705,LOW,INCREASING,NORMAL,NO_ACTION,False,1.342134714126587
2026-08-12T00:42:29.518472,0.04969854547725547,0.0021125460933252398,0.2,True,0,0.0,False,1.3621530532836914,-9.42626570913012,2.3872174609012973,-5.082277200682,UP,1.337266206741333,0.853744649287184,0.19859647240336437,NORMAL,INCREASING,NORMAL,NO_ACTION,False,1.3621530532836914
2026-08-12T00:42:29.537977,0.0393519325884652,0.0024411645794354857,0.2037037037037037,True,0,0.0,False,1.3816578388214111,-10.0249244822339,0.04402339837460545,-4.615866677936054,UP,1.3567709922790527,0.854247409611993,0.19997038328835018,NORMAL,INCREASING,NORMAL,NO_ACTION,False,1.3816578388214111
2026-08-12T00:42:29.561997,0.042338714354732736,0.0025464692041649375,0.2073732718894009,True,0,0.0,False,1.4056775569915771,-10.335118935702894,2.358881509312795,-5.33591130061879,UP,1.3807907104492188,0.8542380860523222,0.20669315342091252,LOW,INCREASING,NORMAL,NO_ACTION,False,1.4056775569915771
2026-08-12T00:42:29.593899,0.048461388923574274,0.004428483083839612,0.21100917431192662,True,0,0.0,False,1.4375793933868408,-8.691056344261568,2.6100093743225727,-5.199294469893914,UP,1.4126925468444824,0.8541804797729277,0.20871621885052077,LOW,INCREASING,NORMAL,NO_ACTION,False,1.4375793933868408
2026-08-12T00:42:29.642783,0.051538701088799335,0.0026886588037166935,0.2146118721461187,True,0,0.0,False,1.486464262008667,-9.814410060084242,1.6479138500516797,-5.152987275838484,UP,1.4615774154663086,0.9680566226361945,0.341711551523569,LOW,INCREASING,NORMAL,NO_ACTION,False,1.486464262008667
2026-08-12T00:42:29.674308,0.04499763312022122,0.0025176346901357696,0.21818181818181817,True,0,0.0,True,1.5179884433746338,-9.863073058856713,1.9885636242681528,-4.978346585988277,UP,1.4931015968322754,0.8533823623971194,0.32839709607400275,LOW,INCREASING,HIGH,STRONG_WARNING,True,1.5179884433746338
2026-08-12T00:42:30.567676,0.04640627083626365,0.00478343860292958,0.22171945701357465,True,0,0.0,True,2.4113564491271973,-9.36449137221527,2.822490573660673,-5.029434530858225,UP,2.386469602584839,0.8546342110339505,0.4427840791064308,MODERATE,INCREASING,HIGH,STRONG_WARNING,False,2.4113564491271973
2026-08-12T00:42:30.591707,0.04781523103465081,0.0033143306476974004,0.22522522522522523,True,0,0.0,True,2.435387372970581,-9.789820995850079,2.3776504860252032,-4.657773135990567,UP,2.4105005264282227,0.8543296682098767,0.4475977765452737,MODERATE,INCREASING,HIGH,STRONG_WARNING,False,2.435387372970581
2026-08-12T00:42:30.612161,0.04647936571941412,0.003317929591803434,0.22869955156950672,True,0,0.0,True,2.455841541290283,-9.377016629942972,3.6022771298681846,-4.673219965790281,UP,2.430954694747925,0.8542962205136684,0.4528800247867299,MODERATE,INCREASING,HIGH,STRONG_WARNING,False,2.455841541290283
2026-08-12T00:42:30.637275,0.05427976827450717,0.006709179503410255,0.23214285714285715,True,0,0.0,True,2.4809558391571045,-9.836288901531702,2.8779628859174124,-4.767795522655575,UP,2.456068992614746,0.968470441713208,0.5462399963688118,MODERATE,INCREASING,HIGH,STRONG_WARNING,False,2.4809558391571045
2026-08-12T00:42:30.656838,0.03909791148988314,0.0029117405620569577,0.23555555555555555,True,0,0.0,True,2.500518560409546,-9.427932220997747,2.5555502623211908,-4.849352022977911,UP,2.4756317138671875,0.8540848673574368,0.46199082135682773,MODERATE,INCREASING,HIGH,STRONG_WARNING,False,2.500518560409546
2026-08-12T00:42:30.697600,0.035990686117027146,0.00167758167319474,0.23893805309734514,True,0,0.0,True,2.541280508041382,-9.499861245079387,2.1559334274896287,-5.129322497072792,UP,2.5163936614990234,0.8535349380878895,0.4692160285386129,MODERATE,INCREASING,HIGH,STRONG_WARNING,False,2.541280508041382
2026-08-12T00:42:30.730917,0.05122085304778092,0.0036150667586207653,0.2422907488986784,True,0,0.0,True,2.5745980739593506,-10.843286817361758,0.7125008346175719,-4.481299462967684,UP,2.549711227416992,0.9679856617737116,0.560345872312097,HIGH,INCREASING,HIGH,STRONG_WARNING,False,2.5745980739593506
2026-08-12T00:42:30.767824,0.043149906385959405,0.0016177802643812665,0.24561403508771928,True,0,0.0,True,2.6115052700042725,-9.465506113949914,1.7851478589816168,-4.704719414775241,UP,2.586618423461914,0.8546770971119929,0.4812121455204318,MODERATE,INCREASING,HIGH,STRONG_WARNING,False,2.6115052700042725
2026-08-12T00:42:30.793740,0.045440223681417855,0.001411572939911524,0.24890829694323144,True,0,0.0,True,2.637420415878296,-9.50139062607684,1.5248961195018467,-4.467726937338114,UP,2.6125335693359375,0.8544525049603175,0.48599783753859155,MODERATE,INCREASING,HIGH,STRONG_WARNING,False,2.637420415878296
2026-08-12T00:42:30.827102,0.04851065607537047,0.001561139037401405,0.25217391304347825,True,0,0.0,True,2.6707825660705566,-8.857890898714828,-0.049094910250715884,-4.152110082013223,UP,2.6458957195281982,0.8541652773184891,0.4897487842151235,MODERATE,INCREASING,HIGH,STRONG_WARNING,False,2.6707825660705566
2026-08-12T00:42:30.857875,0.06471829625830823,0.0018561608875740775,0.2554112554112554,True,0,0.0,True,2.7015554904937744,-8.946582292510442,3.6361673177991065,-4.929773330372512,UP,2.676668643951416,0.9677787782615618,0.5810736474317622,HIGH,INCREASING,HIGH,STRONG_WARNING,False,2.7015554904937744
2026-08-12T00:42:30.891705,0.10145704931091037,0.005397169900797289,0.25862068965517243,True,0,0.0,True,2.7353854179382324,-8.969452983474355,2.332422159944315,-4.635892837944368,UP,2.710498571395874,0.9673789743778168,0.5850349382495384,HIGH,INCREASING,HIGH,STRONG_WARNING,False,2.7353854179382324
2026-08-12T00:42:30.921598,0.20974083804282004,0.00235637863165104,0.26180257510729615,True,0,0.0,True,2.7652785778045654,-6.911735739947773,3.813279958715924,-4.58403075267546,UP,2.740391731262207,0.9675770089285715,0.5078637121360403,MODERATE,INCREASING,HIGH,STRONG_WARNING,False,2.7652785778045654
2026-08-12T00:42:30.955992,0.27443061093497945,0.0018864418566341592,0.2606837606837607,False,0,2.7996726036071777,False,0.0,-7.516647129850156,4.559797182810769,-4.829643911934312,UP,2.7747857570648193,0.9254516357565403,0.3019347115543423,LOW,INCREASING,HIGH,STRONG_WARNING,False,0.0
2026-08-12T00:42:30.991441,0.3171107467849732,0.0036669901101061063,0.25957446808510637,False,0,2.7996726036071777,False,0.0,-7.0503461906583595,5.200073871755933,-4.718537384735214,UP,2.8102355003356934,0.9254994266546639,0.267346576697576,LOW,INCREASING,HIGH,STRONG_WARNING,False,0.0
2026-08-12T00:42:31.017903,0.3646654225994694,0.004046790506534508,0.2584745762711864,False,0,2.7996726036071777,False,0.0,-7.370222555133154,5.478675181911058,-4.664694448421898,UP,2.8366971015930176,0.9252321110896776,0.2684446140688481,LOW,INCREASING,HIGH,STRONG_WARNING,False,0.0
2026-08-12T00:42:31.050774,0.33812726835383383,0.00393536617798739,0.25738396624472576,False,0,2.7996726036071777,False,0.0,-7.647396338666169,3.16550994348097,-4.485613612560314,UP,2.869567632675171,0.9250791976303768,0.26771849448933316,LOW,INCREASING,HIGH,STRONG_WARNING,False,0.0
2026-08-12T00:42:31.083129,0.34150320892230795,0.003918900780533968,0.25630252100840334,False,0,2.7996726036071777,False,0.0,-7.545348056958204,6.482838821620277,-4.917567722541264,UP,2.9019229412078857,0.9249715996947261,0.27144232415568104,LOW,INCREASING,HIGH,STRONG_WARNING,False,0.0
2026-08-12T00:42:31.114209,0.33642916831690084,0.0012757272858304625,0.25523012552301255,False,0,2.7996726036071777,False,0.0,-8.183863436069402,3.9833058331416282,-4.625508970972618,UP,2.9330027103424072,0.9252204432441703,0.2707537813267994,LOW,INCREASING,HIGH,STRONG_WARNING,False,0.0
2026-08-12T00:42:31.145770,0.35466485370998285,0.0023793065468343745,0.25416666666666665,False,0,2.7996726036071777,False,0.0,-7.520844163084831,3.214360729751661,-4.270306264182011,UP,2.964564323425293,0.9253303548464137,0.2700246992186222,LOW,INCREASING,HIGH,STRONG_WARNING,False,0.0
2026-08-12T00:42:31.182446,0.35147390825384606,0.003657681972040027,0.25311203319502074,False,0,2.7996726036071777,False,0.0,-8.141355690539115,4.6229062172322415,-4.659800983873026,UP,3.0012400150299072,0.9257306564842372,0.27314773120769764,LOW,INCREASING,HIGH,STRONG_WARNING,False,0.0
2026-08-12T00:42:31.226385,0.3231403820501283,0.001963546353867227,0.25206611570247933,False,0,2.7996726036071777,False,0.0,-8.549813934620914,4.384513318551001,-4.605210395199833,UP,3.0451791286468506,0.9257403092007764,0.2727785958437714,LOW,INCREASING,HIGH,STRONG_WARNING,False,0.0
2026-08-12T00:42:31.257410,0.2134712360659253,0.0044036664632715935,0.25102880658436216,False,0,2.7996726036071777,False,0.0,-7.757614511383707,2.733527633337445,-4.6985603952163615,UP,3.0762040615081787,0.9248358645879262,0.39047410211949307,MODERATE,INCREASING,HIGH,STRONG_WARNING,False,0.0
2026-08-12T00:42:31.290574,0.24636942420394903,0.002946974450268266,0.25,False,0,2.7996726036071777,False,0.0,-8.496774152710401,4.0235493899460835,-4.625312752957001,UP,3.109368085861206,0.9251369770998676,0.34588480714927217,LOW,INCREASING,HIGH,STRONG_WARNING,False,0.0
2026-08-12T00:42:31.323067,0.17034921000073544,0.0020470881643610767,0.2530612244897959,True,0,2.7996726036071777,False,0.0,-8.414223568658485,1.251158632793647,-4.30438817920961,UP,3.1418612003326416,0.9254517850253527,0.45057239465161325,MODERATE,INCREASING,HIGH,STRONG_WARNING,False,0.0
2026-08-12T00:42:31.354620,0.06516192318079965,0.0022561368398941383,0.25609756097560976,True,0,2.7996726036071777,False,0.03155231475830078,-9.084989423671203,0.8981340449507513,-4.584389245119951,UP,3.1734135150909424,0.9256397268993116,0.4811047273316296,MODERATE,INCREASING,HIGH,STRONG_WARNING,False,0.03155231475830078
2026-08-12T00:42:31.386708,0.06275593399853202,0.00276914317086516,0.2591093117408907,True,0,2.7996726036071777,False,0.06364035606384277,-8.830946322773286,1.4314386718913,-4.291841959635519,UP,3.2055015563964844,0.9258574105841538,0.4825262830997891,MODERATE,INCREASING,HIGH,STRONG_WARNING,False,0.06364035606384277
2026-08-12T00:42:31.418308,0.15980921367823445,0.002873613877149115,0.2620967741935484,True,0,2.7996726036071777,False,0.09524035453796387,-8.298475222903647,2.2125022000071226,-4.375419986260198,UP,3.2371015548706055,0.9258691903812707,0.470595672358598,MODERATE,INCREASING,HIGH,STRONG_WARNING,False,0.09524035453796387
2026-08-12T00:42:31.451020,0.2969095717050003,0.003640800985020034,0.26104417670682734,False,1,0.12795305252075195,False,0.0,-8.037562499399655,4.302141480291425,-4.571422182632631,UP,3.2698142528533936,0.996439927340535,0.22989174684298813,LOW,INCREASING,HIGH,STRONG_WARNING,False,0.0
2026-08-12T00:42:31.483026,0.3501912909575584,0.004270443864372194,0.26,False,1,0.12795305252075195,False,0.0,-8.004430688236994,4.968920116701867,-4.763713385618416,UP,3.3018200397491455,0.9960658998842593,0.22588391437762695,LOW,INCREASING,HIGH,STRONG_WARNING,False,0.0
2026-08-12T00:42:31.514117,0.378727558106538,0.0059042193824424835,0.2589641434262948,False,1,0.12795305252075195,False,0.0,-6.473329366266,4.08439477638629,-4.744632897532682,UP,3.332911491394043,0.9967664126800412,0.22323439456493624,LOW,INCREASING,HIGH,STRONG_WARNING,False,0.0
2026-08-12T00:42:31.546073,0.3967239504925423,0.005840852935006674,0.25793650793650796,False,1,0.12795305252075195,False,0.0,-8.066781200504863,6.620824101462318,-5.054548937314564,UP,3.3648672103881836,0.9969065741812415,0.22638531521128435,LOW,INCREASING,HIGH,STRONG_WARNING,False,0.0
2026-08-12T00:42:31.578446,0.3875861509629662,0.0033701616184136423,0.25691699604743085,False,1,0.12795305252075195,False,0.0,-5.69598763256937,2.3566652820650233,-4.2263127995705645,UP,3.3972396850585938,0.9967823404278121,0.21971534188430455,LOW,INCREASING,HIGH,STRONG_WARNING,False,0.0
2026-08-12T00:42:31.609684,0.40703383333557586,0.0035056748027352314,0.2559055118110236,False,1,0.12795305252075195,False,0.0,-6.904157676884097,4.251832336846121,-4.849911654650242,UP,3.4284780025482178,0.9969368087705762,0.2223422571347115,LOW,INCREASING,HIGH,STRONG_WARNING,False,0.0
2026-08-12T00:42:31.642955,0.3899672865620536,0.0022546309753412063,0.2549019607843137,False,1,0.12795305252075195,False,0.0,-7.017532618295206,5.911589041610711,-4.7915198214040515,UP,3.4617486000061035,0.9964986014660493,0.2230921414937713,LOW,INCREASING,HIGH,STRONG_WARNING,False,0.0
2026-08-12T00:42:31.684205,0.4176650955268737,0.004412274074406227,0.25390625,False,1,0.12795305252075195,False,0.0,-5.621210878818516,4.080398962294794,-4.3646616150056445,UP,3.5029993057250977,0.9959018534593623,0.21951610517052506,LOW,INCREASING,HIGH,STRONG_WARNING,False,0.0
2026-08-12T00:42:31.722098,0.3932300389505645,0.00238194544854138,0.2529182879377432,False,1,0.12795305252075195,False,0.0,-7.106006602847799,6.299036434521213,-4.7799277627468655,UP,3.540891647338867,0.9964971681027092,0.2224541626347466,LOW,INCREASING,HIGH,STRONG_WARNING,False,0.0
2026-08-12T00:42:31.754387,0.3980702180087821,0.0031469897701490927,0.25193798449612403,False,1,0.12795305252075195,False,0.0,-7.4961753023013955,3.5509810431071855,-4.332457356363079,UP,3.573180675506592,0.997070700981653,0.2199241248208719,LOW,INCREASING,HIGH,STRONG_WARNING,False,0.0
2026-08-12T00:42:31.786820,0.40077168406748087,0.0032772658237616237,0.25096525096525096,False,1,0.12795305252075195,False,0.0,-7.634248091769933,4.164615797305771,-4.558459852304765,CENTER,0.0,0.9977362638245886,0.09023152972682565,NORMAL,INCREASING,HIGH,STRONG_WARNING,False,0.0
2026-08-12T00:42:31.817646,0.4107181569662205,0.002432046768481806,0.25,False,1,0.12795305252075195,False,0.0,-6.612724212197207,-0.10051593610455711,-3.879707855081193,CENTER,0.0,0.9970354161308299,0.08517641831493619,NORMAL,INCREASING,HIGH,STRONG_WARNING,False,0.0
2026-08-12T00:42:31.850971,0.42554202306637123,0.002280168555923326,0.24904214559386972,False,1,0.12795305252075195,False,0.0,-6.8778260333994865,2.6631007867835024,-4.135934034264864,CENTER,0.0,0.9970716119041495,0.08705026639328861,NORMAL,INCREASING,HIGH,STRONG_WARNING,False,0.0
2026-08-12T00:42:31.882692,0.42791580583177136,0.002151330677393689,0.2480916030534351,False,1,0.12795305252075195,False,0.0,-7.312254387452498,4.2923565195716264,-4.720614145202546,CENTER,0.0,0.996366785622428,0.08873304352600192,NORMAL,INCREASING,HIGH,STRONG_WARNING,False,0.0
2026-08-12T00:42:31.914146,0.4373691569676512,0.005214294475435488,0.24714828897338403,False,1,0.12795305252075195,False,0.0,-7.76301737683778,2.6802276409743513,-4.3378712112633195,CENTER,0.0,0.9959734546467764,0.08716257197890047,NORMAL,INCREASING,HIGH,STRONG_WARNING,False,0.0
2026-08-12T00:42:31.946641,0.4198060834309514,0.004350971671661235,0.24621212121212122,False,1,0.12795305252075195,False,0.0,-7.300176288599488,4.254871544069459,-4.53580735389184,CENTER,0.0,0.996711368848594,0.08757663726584317,NORMAL,INCREASING,HIGH,STRONG_WARNING,False,0.0
2026-08-12T00:42:31.979844,0.43261868091740924,0.0031153228425331338,0.24528301886792453,False,1,0.12795305252075195,False,0.0,-5.087659350334292,3.7535871165186734,-3.989484825765061,CENTER,0.0,0.9971129785022291,0.08409338711361772,NORMAL,INCREASING,HIGH,STRONG_WARNING,False,0.0
2026-08-12T00:42:32.020125,0.4311088877016074,0.0026157564376873685,0.24436090225563908,False,1,0.12795305252075195,False,0.0,-6.720645689092748,2.173761026816976,-4.114415916528117,CENTER,0.0,0.9972622626243142,0.08418415267482227,NORMAL,INCREASING,HIGH,STRONG_WARNING,False,0.0
2026-08-12T00:42:32.048403,0.44851540563292824,0.0053413072897247615,0.24344569288389514,False,1,0.12795305252075195,False,0.0,-6.752776676854694,3.9304802618109704,-4.277849376413201,CENTER,0.0,0.9966538601680384,0.08518361097862458,NORMAL,INCREASING,HIGH,STRONG_WARNING,False,0.0
2026-08-12T00:42:32.081531,0.4423411361763103,0.0024451056490388118,0.24253731343283583,False,1,0.12795305252075195,False,0.0,-6.4050271069573625,2.904893128672569,-4.19564625981036,CENTER,0.0,0.996659379286694,0.0835746909217911,NORMAL,INCREASING,HIGH,STRONG_WARNING,False,0.0
2026-08-12T00:42:32.124299,0.4245882807833309,0.002266805285504465,0.241635687732342,False,1,0.12795305252075195,False,0.0,-6.711895867274876,3.468166334184417,-4.068862866222304,CENTER,0.0,0.9966796875,0.08370410203607925,NORMAL,STABLE,HIGH,STRONG_WARNING,False,0.0
2026-08-12T00:42:32.154763,0.4280738958008807,0.0031214121192058857,0.24074074074074073,False,1,0.12795305252075195,False,0.0,-6.45974830778124,3.8582270725079866,-3.963959855776011,CENTER,0.0,0.9966594194744515,0.08319451259875534,NORMAL,STABLE,HIGH,STRONG_WARNING,False,0.0
2026-08-12T00:42:32.187401,0.4486541928195519,0.005835326896579738,0.23985239852398524,False,1,0.12795305252075195,False,0.0,-5.832963576431979,0.8626236117768826,-3.7503304767947725,CENTER,0.0,0.9970898303540808,0.07977756244027205,NORMAL,STABLE,HIGH,STRONG_WARNING,False,0.0
2026-08-12T00:42:32.214259,0.4469660326587863,0.0018008723589940324,0.23897058823529413,False,1,0.12795305252075195,False,0.0,-5.529926604465118,0.046879574625791065,-3.2503318835865116,CENTER,0.0,0.9972279958633401,0.07797421531744504,NORMAL,STABLE,HIGH,STRONG_WARNING,False,0.0
2026-08-12T00:42:32.239076,0.4772788423509877,0.004016162676905483,0.23809523809523808,False,1,0.12795305252075195,False,0.0,-5.066351473124257,-2.424325616207881,-3.0000867893761836,CENTER,0.0,0.9968967013888889,0.07856620217136218,NORMAL,STABLE,HIGH,STRONG_WARNING,False,0.0
2026-08-12T00:42:32.283045,0.4813696008516218,0.0029650432541852866,0.23722627737226276,False,1,0.12795305252075195,False,0.0,-5.779376483902553,0.8960534219826854,-3.554469406595217,CENTER,0.0,0.9970165680727023,0.07824843627433894,NORMAL,STABLE,HIGH,STRONG_WARNING,False,0.0
2026-08-12T00:42:32.315526,0.4616202304611699,0.0025875086713463813,0.23636363636363636,False,1,0.12795305252075195,False,0.0,-6.319618508108334,0.3372900742056686,-3.402599055779035,CENTER,0.0,0.9964216419110083,0.07778755200063603,NORMAL,STABLE,HIGH,STRONG_WARNING,False,0.0
2026-08-12T00:42:32.346469,0.4731395332775612,0.006411870646462769,0.23550724637681159,False,1,0.12795305252075195,False,0.0,-5.03296158444013,-2.488133885352198,-3.077859741141964,CENTER,0.0,0.996678455075446,0.07736102930801698,NORMAL,STABLE,HIGH,STRONG_WARNING,False,0.0
2026-08-12T00:42:32.380018,0.46554927779563515,0.003143273789581869,0.23465703971119134,False,1,0.12795305252075195,False,0.0,-5.280186880015151,-1.4628947373587096,-3.2639196203132315,CENTER,0.0,0.9970603191443759,0.0766127130551154,NORMAL,STABLE,HIGH,STRONG_WARNING,False,0.0
2026-08-12T00:42:32.412567,0.4542127556180913,0.0016116039439228152,0.23381294964028776,False,1,0.12795305252075195,False,0.0,-5.3730568460525205,0.8262638264248778,-3.6646712066668954,CENTER,0.0,0.9971961001800412,0.07620621830110647,NORMAL,STABLE,HIGH,STRONG_WARNING,False,0.0
2026-08-12T00:42:32.447274,0.2462300153860756,0.0037032128538577323,0.23297491039426524,False,1,0.12795305252075195,False,0.0,-6.892585898934385,-2.170939563986451,-3.378467617513593,CENTER,0.0,0.9976132624957132,0.1496393129388608,NORMAL,STABLE,HIGH,STRONG_WARNING,False,0.0
2026-08-12T00:42:32.486597,0.08633135811545574,0.0033659911887946444,0.2357142857142857,True,1,0.12795305252075195,False,0.0,-7.224490040196514,-1.1658117600420326,-3.4013342749518642,UP,0.0,0.9969588450574417,0.3049313932836124,LOW,STABLE,HIGH,STRONG_WARNING,False,0.0
2026-08-12T00:42:32.513604,0.06873360461500978,0.0021953569056600815,0.23843416370106763,True,1,0.12795305252075195,False,0.027007102966308594,-7.218818611311633,-2.130176868856182,-3.1723070463579006,UP,0.027007102966308594,0.996661763760288,0.3067618120743154,LOW,STABLE,HIGH,STRONG_WARNING,False,0.027007102966308594
2026-08-12T00:42:32.547278,0.3031198839508713,0.0019769977820266525,0.2375886524822695,False,2,0.06068158149719238,False,0.0,-6.439746586074676,-1.4277188650194148,-3.28244869593874,UP,0.06068158149719238,0.9964710192686901,0.10518757050780984,NORMAL,STABLE,HIGH,STRONG_WARNING,False,0.0
2026-08-12T00:42:32.572881,0.3775419623359094,0.0019981967421724167,0.23674911660777384,False,2,0.06068158149719238,False,0.0,-5.77116754785186,-1.4470396069392848,-3.3460435237639103,UP,0.08628439903259277,0.9964372347608024,0.10419917905193604,NORMAL,STABLE,HIGH,STRONG_WARNING,False,0.0
2026-08-12T00:42:32.633455,0.46997468571976075,0.0017401054054448444,0.23591549295774647,False,2,0.06068158149719238,False,0.0,-5.51775457102039,-2.4653128381556257,-3.2055088307113238,UP,0.14685821533203125,0.9963313266246571,0.1041384297673569,NORMAL,STABLE,HIGH,STRONG_WARNING,False,0.0
2026-08-12T00:42:32.666082,0.48188555906988495,0.0028676420570830814,0.23508771929824562,False,2,0.06068158149719238,False,0.0,-5.052946791476444,-6.594120819318022,-2.5153620242848262,UP,0.17948532104492188,0.9965420712234225,0.10559428132269669,NORMAL,STABLE,HIGH,STRONG_WARNING,False,0.0
2026-08-12T00:42:32.690676,0.48163038081313525,0.0020408501742303505,0.23426573426573427,False,2,0.06068158149719238,False,0.0,-4.994576078424558,-8.716618543691482,-2.309766049875691,CENTER,0.0,0.9965459024562756,0.08046201368611863,NORMAL,STABLE,HIGH,STRONG_WARNING,False,0.0
2026-08-12T00:42:32.716340,0.48631125192919256,0.0035710183323786147,0.23344947735191637,False,2,0.06068158149719238,False,0.0,-4.923911793547006,0.9474472136649865,-3.6542301398023085,CENTER,0.0,0.9953929826817559,0.07566943908090445,NORMAL,STABLE,HIGH,STRONG_WARNING,False,0.0
2026-08-12T00:42:32.742740,0.48046798895516907,0.004935513794293539,0.2326388888888889,False,2,0.06068158149719238,False,0.0,-4.728738574425449,-3.6048027808336087,-3.098651673780637,CENTER,0.0,0.9954034314986283,0.07646040002517088,NORMAL,STABLE,HIGH,STRONG_WARNING,False,0.0
2026-08-12T00:42:32.771823,0.4771412143654679,0.0017254841960979838,0.23183391003460208,False,2,0.06068158149719238,False,0.0,-5.354962354749489,-2.1879307868407523,-3.1991024494568023,CENTER,0.0,0.9961800866983882,0.07573437484147727,NORMAL,STABLE,HIGH,STRONG_WARNING,False,0.0
2026-08-12T00:42:32.809713,0.4496938103665413,0.002150914676927547,0.23103448275862068,False,2,0.06068158149719238,False,0.0,-5.6671616602169195,-4.577548113017173,-3.019647047371393,CENTER,0.0,0.996136630336934,0.07718832340157444,NORMAL,STABLE,HIGH,STRONG_WARNING,False,0.0
2026-08-12T00:42:32.842812,0.46460241357261167,0.004098885868904612,0.23024054982817868,False,2,0.06068158149719238,False,0.0,-5.299064569627433,-2.4059025910486582,-3.272954328363255,CENTER,0.0,0.9962271465620713,0.07511240794643033,NORMAL,STABLE,HIGH,STRONG_WARNING,False,0.0
2026-08-12T00:42:32.874811,0.47629224305455065,0.003538929991183719,0.22945205479452055,False,2,0.06068158149719238,False,0.0,-5.427297464608046,-0.8136014181915527,-3.7420659743419264,CENTER,0.0,0.9962828735853908,0.07414338580716526,NORMAL,STABLE,HIGH,STRONG_WARNING,False,0.0
2026-08-12T00:42:32.907932,0.4727397181301237,0.0014672914047477422,0.22866894197952217,False,2,0.06068158149719238,False,0.0,-5.455294488963347,-0.9975118330077919,-3.5456823687584347,CENTER,0.0,0.9959666227280521,0.07372250354696176,NORMAL,STABLE,HIGH,STRONG_WARNING,False,0.0
2026-08-12T00:42:32.940518,0.4900783160916977,0.001394043690974665,0.22789115646258504,False,2,0.06068158149719238,False,0.0,-4.174425072545972,-3.42335124827477,-2.9956169878315393,CENTER,0.0,0.9954854279192388,0.07332248352429893,NORMAL,STABLE,HIGH,STRONG_WARNING,False,0.0
2026-08-12T00:42:32.970055,0.46545891271695755,0.0026318231025320507,0.2271186440677966,False,2,0.06068158149719238,False,0.0,-5.313932264977467,-2.1044936780333217,-3.812939109034488,CENTER,0.0,0.9962668520661866,0.07386807323560055,NORMAL,STABLE,HIGH,STRONG_WARNING,False,0.0
2026-08-12T00:42:33.035245,0.4442606780702074,0.0013259306675157754,0.22635135135135134,False,2,0.06068158149719238,False,0.0,-4.644350335768507,-4.999411544646904,-3.13399964099807,CENTER,0.0,0.9957086441186557,0.07427662473184403,NORMAL,STABLE,HIGH,STRONG_WARNING,False,0.0
2026-08-12T00:42:33.067550,0.4325717915041075,0.0020462233487648874,0.2255892255892256,False,2,0.06068158149719238,False,0.0,-6.218452550934813,-0.5836596938661103,-3.7731888440926866,CENTER,0.0,0.9958963477366256,0.0728377253983574,NORMAL,STABLE,HIGH,STRONG_WARNING,False,0.0
2026-08-12T00:42:33.099009,0.4071088988950333,0.004875788252603336,0.22483221476510068,False,2,0.06068158149719238,False,0.0,-5.838924147666006,-1.1096948420116632,-3.5824742101000027,CENTER,0.0,0.9952148035622427,0.07229001133518528,NORMAL,STABLE,HIGH,STRONG_WARNING,False,0.0
2026-08-12T00:42:33.129939,0.3978355847140954,0.0006422311301469899,0.22408026755852842,False,2,0.06068158149719238,False,0.0,-7.573519528015424,-0.8105410292722297,-3.5651413810884662,CENTER,0.0,0.9951204962920095,0.0733516424350979,NORMAL,STABLE,HIGH,STRONG_WARNING,False,0.0
2026-08-12T00:42:33.162342,0.4125965996337846,0.004191434962649146,0.22333333333333333,False,2,0.06068158149719238,False,0.0,-6.027495129472101,-3.0067692960346335,-3.2198957644646953,CENTER,0.0,0.9952363308041837,0.07274311720426044,NORMAL,STABLE,HIGH,STRONG_WARNING,False,0.0
2026-08-12T00:42:33.194006,0.41586224402454774,0.0009645495749623307,0.22259136212624583,False,2,0.06068158149719238,False,0.0,-5.832532744760698,-5.603604500142865,-2.6950566655404486,CENTER,0.0,0.9959140303497941,0.07355448152314573,NORMAL,STABLE,HIGH,STRONG_WARNING,False,0.0
2026-08-12T00:42:33.224738,0.4138533668211312,0.001716074946864403,0.22185430463576158,False,2,0.06068158149719238,False,0.0,-5.995908875620216,-3.7242668780746158,-3.109743037792697,CENTER,0.0,0.9959491946373457,0.07238530616496193,NORMAL,STABLE,HIGH,STRONG_WARNING,False,0.0
2026-08-12T00:42:33.250945,0.4161913489225282,0.003714153455412293,0.22112211221122113,False,2,0.06068158149719238,False,0.0,-5.686705034947607,-0.821238821120545,-3.5465671214130907,CENTER,0.0,0.9963297593021262,0.07004547214550792,NORMAL,STABLE,HIGH,STRONG_WARNING,False,0.0
2026-08-12T00:42:33.279840,0.4186803437050167,0.002350432258134574,0.22039473684210525,False,2,0.06068158149719238,False,0.0,-6.788519383536794,-0.5749070751375598,-3.496436427921111,CENTER,0.0,0.9960827787422838,0.0705166106085744,NORMAL,STABLE,HIGH,STRONG_WARNING,False,0.0
2026-08-12T00:42:33.305942,0.4125235353697986,0.0029250986513420863,0.21967213114754097,False,2,0.06068158149719238,False,0.0,-5.717160150262117,-1.172447359953793,-3.485158173585205,CENTER,0.0,0.9959177276234568,0.06954432483077527,NORMAL,STABLE,HIGH,STRONG_WARNING,False,0.0
2026-08-12T00:42:33.338481,0.4242889776141532,0.003088710642353974,0.21895424836601307,False,2,0.06068158149719238,False,0.0,-5.125250439186061,-2.592890989360882,-3.0535194005407504,CENTER,0.0,0.9962971134473594,0.06922562011357816,NORMAL,STABLE,HIGH,STRONG_WARNING,False,0.0
2026-08-12T00:42:33.370595,0.42827310200104574,0.0025141356181908685,0.2182410423452769,False,2,0.06068158149719238,False,0.0,-5.945003924758822,-1.6849279418603373,-3.5056210896634923,CENTER,0.0,0.9957992809070644,0.06943801544083314,NORMAL,STABLE,HIGH,STRONG_WARNING,False,0.0
2026-08-12T00:42:33.434214,0.43275359588048984,0.003570916034641487,0.21753246753246752,False,2,0.06068158149719238,False,0.0,-4.859469747618306,-5.584108755373165,-2.674684848965029,CENTER,0.0,0.9964414410793896,0.07005431303441684,NORMAL,STABLE,HIGH,STRONG_WARNING,False,0.0
2026-08-12T00:42:33.467515,0.43586592953615405,0.0014119074922447187,0.2168284789644013,False,2,0.06068158149719238,False,0.0,-5.32399845433639,-1.7462417042253264,-3.375701028295424,CENTER,0.0,0.9960498649691358,0.06805290243704587,NORMAL,STABLE,HIGH,STRONG_WARNING,False,0.0
2026-08-12T00:42:33.498054,0.4694162726132862,0.006309625310283969,0.2161290322580645,False,2,0.06068158149719238,False,0.0,-5.536263338766332,-0.25873750727510014,-3.479771805577343,CENTER,0.0,0.9953658827374828,0.06693349002328411,NORMAL,STABLE,HIGH,STRONG_WARNING,False,0.0
2026-08-12T00:42:33.531033,0.434739437407143,0.0011341150014961545,0.21543408360128619,False,2,0.06068158149719238,False,0.0,-5.390065743017203,-3.9271180806259736,-3.0239626928024563,CENTER,0.0,0.9961861952374829,0.06865569150077337,NORMAL,STABLE,HIGH,STRONG_WARNING,False,0.0
2026-08-12T00:42:33.562290,0.4434365665175317,0.0033660879744981274,0.21474358974358973,False,2,0.06068158149719238,False,0.0,-5.627958640971627,-1.4644798206080907,-3.283770669808547,CENTER,0.0,0.9964089961634087,0.0670111400044668,NORMAL,STABLE,HIGH,STRONG_WARNING,False,0.0
2026-08-12T00:42:33.594353,0.3939124864238545,0.004709885858112402,0.21405750798722045,False,2,0.06068158149719238,False,0.0,-5.9642300502668775,1.2876899517629568,-3.6666555717215488,CENTER,0.0,0.9962995515046297,0.06723293844661306,NORMAL,STABLE,HIGH,STRONG_WARNING,False,0.0
2026-08-12T00:42:33.628320,0.41629121951071535,0.0021792589517032035,0.21337579617834396,False,2,0.06068158149719238,False,0.0,-5.792071449737847,-0.8255400296369828,-3.344181296087811,CENTER,0.0,0.9965787492498286,0.06608199445840858,NORMAL,STABLE,HIGH,STRONG_WARNING,False,0.0
2026-08-12T00:42:33.660609,0.3824101929008955,0.002615707648229426,0.2126984126984127,False,2,0.06068158149719238,False,0.0,-5.664886349932232,-0.9962369883127451,-3.4242455666356477,CENTER,0.0,0.9963565779320988,0.06582120824190499,NORMAL,STABLE,HIGH,STRONG_WARNING,False,0.0
2026-08-12T00:42:33.689676,0.3944574585545383,0.005987298905336023,0.2120253164556962,False,2,0.06068158149719238,False,0.0,-6.710196157085335,-1.3786579534556722,-3.2599691234255204,CENTER,0.0,0.9955973508230452,0.06660925553842839,NORMAL,STABLE,HIGH,STRONG_WARNING,False,0.0
2026-08-12T00:42:33.722933,0.39023955928691956,0.004711749403322608,0.2113564668769716,False,2,0.06068158149719238,False,0.0,-5.663896839098101,-1.5209392179667987,-3.3830760823570927,CENTER,0.0,0.9959870649005487,0.0654885893906409,NORMAL,STABLE,HIGH,STRONG_WARNING,False,0.0
2026-08-12T00:42:33.744541,0.3901719712781173,0.00422156964124277,0.21069182389937108,False,2,0.06068158149719238,False,0.0,-5.482952284806743,-0.8371760591223278,-3.5982281232123796,CENTER,0.0,0.9959422957390262,0.06469537949640342,NORMAL,STABLE,HIGH,STRONG_WARNING,False,0.0
2026-08-12T00:42:33.772192,0.3980770662635649,0.0034661067281215947,0.21003134796238246,False,2,0.06068158149719238,False,0.0,-5.965789267388345,1.2017427017610771,-3.8328476665258506,CENTER,0.0,0.9966151995456105,0.06531932372067678,NORMAL,STABLE,HIGH,STRONG_WARNING,False,0.0
2026-08-12T00:42:33.817861,0.3939679954819387,0.002051492221465675,0.209375,False,2,0.06068158149719238,False,0.0,-6.346045889027295,0.20063020384864672,-3.622633366575741,CENTER,0.0,0.9963393239883402,0.06443186850447138,NORMAL,STABLE,HIGH,STRONG_WARNING,False,0.0
2026-08-12T00:42:33.865736,0.3983337966014295,0.003945570698805651,0.2087227414330218,False,2,0.06068158149719238,False,0.0,-6.494605267762722,-1.5004726073317158,-3.0550845464979375,CENTER,0.0,0.9965209458590534,0.06464104297627926,NORMAL,STABLE,HIGH,STRONG_WARNING,False,0.0
2026-08-12T00:42:33.898739,0.40710437288524426,0.0017468169098763314,0.2080745341614907,False,2,0.06068158149719238,False,0.0,-5.469514347190255,-3.9834484366164133,-2.9404586862975464,CENTER,0.0,0.9959949952846365,0.06501269461351211,NORMAL,STABLE,HIGH,STRONG_WARNING,False,0.0
2026-08-12T00:42:33.930884,0.41936322196874437,0.002850118160566942,0.20743034055727555,False,2,0.06068158149719238,False,0.0,-5.959986284041747,-2.9770578258373064,-3.1636842701539365,CENTER,0.0,0.994895980688443,0.06465102442726427,NORMAL,STABLE,HIGH,STRONG_WARNING,False,0.0
2026-08-12T00:42:33.963059,0.4092235375118579,0.0026239845285648215,0.20679012345679013,False,2,0.06068158149719238,False,0.0,-5.752359651111703,-1.857333716229249,-2.9532353655068277,CENTER,0.0,0.9955332915380658,0.063119634983897,NORMAL,STABLE,HIGH,STRONG_WARNING,False,0.0
2026-08-12T00:42:33.994424,0.4158282861779862,0.003261927609290549,0.20615384615384616,False,2,0.06068158149719238,False,0.0,-5.942932424791195,0.6403905862030399,-3.7915612623486368,CENTER,0.0,0.9958923423568244,0.06291338427309326,NORMAL,STABLE,HIGH,STRONG_WARNING,False,0.0
2026-08-12T00:42:34.028280,0.4148648053406942,0.0026545980296521815,0.20552147239263804,False,2,0.06068158149719238,False,0.0,-5.747382789644888,1.1260775782749022,-3.442650999978639,CENTER,0.0,0.9961816004372428,0.062423676615080956,NORMAL,STABLE,HIGH,STRONG_WARNING,False,0.0
2026-08-12T00:42:34.058338,0.41520806430823415,0.0022471495972076,0.20489296636085627,False,2,0.06068158149719238,False,0.0,-6.227788331244511,-2.176663325263661,-3.0181384106030293,CENTER,0.0,0.9963367519718792,0.06292200281489767,NORMAL,STABLE,NORMAL,NO_ACTION,False,0.0
2026-08-12T00:42:34.091450,0.39898476538179517,0.004597206396552799,0.20426829268292682,False,2,0.06068158149719238,False,0.0,-5.837719080213759,-1.5069083603933393,-3.1362722887705843,CENTER,0.0,0.9961930941358024,0.06186409036447315,NORMAL,STABLE,NORMAL,NO_ACTION,False,0.0
2026-08-12T00:42:34.122947,0.43329529952282386,0.0026396840206580237,0.20364741641337386,False,2,0.06068158149719238,False,0.0,-6.170845319096173,2.40675459449389,-3.8786628985549783,CENTER,0.0,0.9959807152349107,0.06323922406785584,NORMAL,STABLE,NORMAL,NO_ACTION,False,0.0
2026-08-12T00:42:34.155665,0.40045074148731286,0.004078982093028687,0.20303030303030303,False,2,0.06068158149719238,False,0.0,-5.675458988177809,-2.5602855132449065,-2.8763871650963324,CENTER,0.0,0.9958777809927983,0.06159935771861089,NORMAL,STABLE,NORMAL,NO_ACTION,False,0.0
2026-08-12T00:42:34.186271,0.40531481592618557,0.0036810272469988605,0.20241691842900303,False,2,0.06068158149719238,False,0.0,-6.668341166745989,0.43061040241292403,-3.5999405813456065,CENTER,0.0,0.9965971016589507,0.061407430632924975,NORMAL,STABLE,NORMAL,NO_ACTION,False,0.0
2026-08-12T00:42:34.219889,0.4199886974490024,0.004900108578504161,0.20180722891566266,False,2,0.06068158149719238,False,0.0,-6.458427464210615,-1.9085049269507124,-3.1189851763400327,CENTER,0.0,0.9967529497813785,0.061504672781159314,NORMAL,STABLE,NORMAL,NO_ACTION,False,0.0
2026-08-12T00:42:34.249852,0.41730185026070354,0.002761222661782408,0.2012012012012012,False,2,0.06068158149719238,False,0.0,-5.363716777533966,-1.9543413320521097,-3.3803033583996296,CENTER,0.0,0.9963028870884774,0.06043223687872243,NORMAL,STABLE,NORMAL,NO_ACTION,False,0.0
2026-08-12T00:42:34.284213,0.4319047401904508,0.0035657870840466598,0.20059880239520958,False,2,0.06068158149719238,False,0.0,-5.857707191985327,-1.2223765716060768,-3.2344153987878883,CENTER,0.0,0.9960527718835733,0.059937606031175976,NORMAL,STABLE,NORMAL,NO_ACTION,False,0.0
2026-08-12T00:42:34.314087,0.43636672365176593,0.0007644395632576297,0.2,False,2,0.06068158149719238,False,0.0,-5.140365767970479,-2.967667551162691,-3.325916703993414,CENTER,0.0,0.9958921682098765,0.06029603190810125,NORMAL,STABLE,NORMAL,NO_ACTION,False,0.0
2026-08-12T00:42:34.346636,0.4630018795860449,0.004182533130461249,0.19940476190476192,False,2,0.06068158149719238,False,0.0,-4.907049398090805,0.23997437169546743,-3.2854358210230714,CENTER,0.0,0.9958784775805899,0.057764755617011415,NORMAL,STABLE,NORMAL,NO_ACTION,False,0.0
2026-08-12T00:42:34.394439,0.4461773933530663,0.0016241956997403485,0.19881305637982197,False,2,0.06068158149719238,False,0.0,-5.336590863113258,-0.07619157654926312,-3.636734375011258,CENTER,0.0,0.9963214672282236,0.058102535298575717,NORMAL,STABLE,NORMAL,NO_ACTION,False,0.0
2026-08-12T00:42:34.426281,0.4456815951500124,0.0022274984709044782,0.19822485207100593,False,2,0.06068158149719238,False,0.0,-5.3065030394747055,-4.5284022011255445,-3.0279045021137563,CENTER,0.0,0.9965161099322702,0.06040866451710475,NORMAL,STABLE,NORMAL,NO_ACTION,False,0.0
2026-08-12T00:42:34.458157,0.4557194510104897,0.002077672359419102,0.1976401179941003,False,2,0.06068158149719238,False,0.0,-4.91211069785777,-1.9220543768128948,-3.151336438024714,CENTER,0.0,0.9963625257201647,0.05797301032596852,NORMAL,STABLE,NORMAL,NO_ACTION,False,0.0
2026-08-12T00:42:34.490494,0.49218485553325103,0.0032276932961935235,0.19705882352941176,False,2,0.06068158149719238,False,0.0,-4.203795966513667,0.6049438733269028,-3.7361381028105143,CENTER,0.0,0.9956485232338821,0.05661217811034674,NORMAL,STABLE,NORMAL,NO_ACTION,False,0.0
2026-08-12T00:42:34.522050,0.49575610088594424,0.0019187421560294734,0.19648093841642228,False,2,0.06068158149719238,False,0.0,-5.605217931515483,-0.8995824308808267,-3.3974396566869984,CENTER,0.0,0.9958787454989712,0.05755939345619042,NORMAL,STABLE,NORMAL,NO_ACTION,False,0.0
2026-08-12T00:42:34.554027,0.5345884697469805,0.0038451258346630726,0.195906432748538,False,2,0.06068158149719238,False,0.0,-4.517518342310041,-0.9074830990948612,-3.488968912364328,CENTER,0.0,0.9966769815243482,0.05631857152441283,NORMAL,STABLE,NORMAL,NO_ACTION,False,0.0
2026-08-12T00:42:34.587112,0.5175011170360088,0.0033975732642173777,0.19533527696793002,False,2,0.06068158149719238,False,0.0,-3.4844953379136427,-5.242404677270798,-2.9409606718287193,CENTER,0.0,0.9962341258359053,0.05764129579730137,NORMAL,STABLE,NORMAL,NO_ACTION,False,0.0
2026-08-12T00:42:34.619329,0.4708246968977726,0.0022471504690183912,0.19476744186046513,False,2,0.06068158149719238,False,0.0,-4.770977976318079,-5.511834407680482,-2.816755635356543,CENTER,0.0,0.9963069728437928,0.058671196665540326,NORMAL,STABLE,NORMAL,NO_ACTION,False,0.0
2026-08-12T00:42:34.650750,0.22875316919898248,0.0030308506767406174,0.19420289855072465,False,2,0.06068158149719238,False,0.0,-5.412973395543418,-4.69127375770708,-3.0255606920795515,CENTER,0.0,0.9964237316743827,0.1536113616231444,NORMAL,STABLE,NORMAL,NO_ACTION,False,0.0
2026-08-12T00:42:34.682172,0.08571242534826415,0.0025527336968717705,0.19653179190751446,True,2,0.06068158149719238,False,0.0,-8.022428236501042,-3.2816740844253047,-3.1831027309768274,UP,0.0,0.9960245734739369,0.2874265052056357,LOW,STABLE,NORMAL,NO_ACTION,False,0.0
2026-08-12T00:42:34.715123,0.19946099080035867,0.004622085080025443,0.1988472622478386,True,2,0.06068158149719238,False,0.032950639724731445,-7.18244012330095,-1.9686834565545723,-3.4899686353672905,UP,0.032950639724731445,0.9950487343535664,0.22117460469115174,LOW,STABLE,NORMAL,NO_ACTION,False,0.032950639724731445
2026-08-12T00:42:34.746853,0.2819192695467674,0.001427952686848148,0.19827586206896552,False,3,0.06468081474304199,False,0.0,-6.924636310673947,-4.023588353488435,-3.340357807905633,UP,0.06468081474304199,0.9957455096879286,0.11203630571198156,NORMAL,STABLE,NORMAL,NO_ACTION,False,0.0
2026-08-12T00:42:34.778112,0.3835596493879849,0.00312987933660986,0.1977077363896848,False,3,0.06468081474304199,False,0.0,-6.103850596706877,-2.1111096317385716,-3.369276722981482,UP,0.09593987464904785,0.9962949567043896,0.08550082923672386,NORMAL,STABLE,NORMAL,NO_ACTION,False,0.0
2026-08-12T00:42:34.810626,0.40271362452857873,0.002274169259552364,0.19714285714285715,False,3,0.06468081474304199,False,0.0,-4.8020001404466655,-2.939400530505168,-3.072515796703499,UP,0.12845373153686523,0.996113482188786,0.08427719615330839,NORMAL,STABLE,NORMAL,NO_ACTION,False,0.0
2026-08-12T00:42:34.843083,0.45580074474111754,0.0017411798304211253,0.19658119658119658,False,3,0.06468081474304199,False,0.0,-5.35705797247428,-2.287485164696136,-3.2485770496808186,UP,0.16091060638427734,0.9962504286694102,0.08422957870865781,NORMAL,STABLE,NORMAL,NO_ACTION,False,0.0
2026-08-12T00:42:34.874706,0.44436724856259247,0.0023485916258725753,0.19602272727272727,False,3,0.06468081474304199,False,0.0,-3.949543010649336,-4.300530260157444,-3.0210526664417046,CENTER,0.0,0.996407669967421,0.05782972762441686,NORMAL,STABLE,NORMAL,NO_ACTION,False,0.0
2026-08-12T00:42:34.922078,0.44562896142510344,0.006166436713354292,0.1954674220963173,False,3,0.06468081474304199,False,0.0,-6.378974813298441,-1.5686127040779354,-3.370571972778862,CENTER,0.0,0.9954939075360082,0.058255050461770846,NORMAL,STABLE,NORMAL,NO_ACTION,False,0.0
2026-08-12T00:42:34.954916,0.4617131267929242,0.0016398993961987583,0.19491525423728814,False,3,0.06468081474304199,False,0.0,-5.090227875252339,-2.8063058284000135,-3.1539936863784135,CENTER,0.0,0.9956786908436215,0.057423283572577394,NORMAL,STABLE,NORMAL,NO_ACTION,False,0.0
2026-08-12T00:42:34.987045,0.42666135054027104,0.0023319318045460654,0.19436619718309858,False,3,0.06468081474304199,False,0.0,-5.319434469242282,-1.7235940240422565,-3.072882070886976,CENTER,0.0,0.9963412262088477,0.056509406499407985,NORMAL,STABLE,NORMAL,NO_ACTION,False,0.0
2026-08-12T00:42:35.017861,0.4010417604744153,0.0015234894069771365,0.19382022471910113,False,3,0.06468081474304199,False,0.0,-5.987636838758192,-1.053606757249554,-3.2316457627489115,CENTER,0.0,0.9966513015474965,0.056548878263459855,NORMAL,STABLE,NORMAL,NO_ACTION,False,0.0
2026-08-12T00:42:35.049839,0.3839492707272496,0.002971765169230665,0.19327731092436976,False,3,0.06468081474304199,False,0.0,-5.954861411352795,-0.7935792121838858,-3.3605262085005165,CENTER,0.0,0.9962094639489025,0.05618216926788013,NORMAL,STABLE,NORMAL,NO_ACTION,False,0.0
2026-08-12T00:42:35.082988,0.36721666859655766,0.0033207085941032027,0.19273743016759776,False,3,0.06468081474304199,False,0.0,-5.81755660646877,-4.896707662687589,-2.7071210323086348,CENTER,0.0,0.9959018534593623,0.058114175010858894,NORMAL,STABLE,NORMAL,NO_ACTION,False,0.0
2026-08-12T00:42:35.114550,0.36839373660044006,0.002954824415416213,0.19220055710306408,False,3,0.06468081474304199,False,0.0,-5.655391782728799,-2.4534725591385893,-2.927254094250344,CENTER,0.0,0.9956143234525034,0.05613700105911204,NORMAL,STABLE,NORMAL,NO_ACTION,False,0.0
2026-08-12T00:42:35.147452,0.3796697843068974,0.0016496526158714402,0.19166666666666668,False,3,0.06468081474304199,False,0.0,-5.286044993911361,-2.6103978667543117,-2.916492573597253,CENTER,0.0,0.9954510941786694,0.055617360561367894,NORMAL,STABLE,NORMAL,NO_ACTION,False,0.0
2026-08-12T00:42:35.178595,0.3431351639536766,0.00284276177201648,0.19113573407202217,False,3,0.06468081474304199,False,0.0,-6.11142222017466,-3.804727377050881,-2.8896989994852618,CENTER,0.0,0.9958700783393348,0.056983472056887016,NORMAL,STABLE,NORMAL,NO_ACTION,False,0.0
2026-08-12T00:42:35.209977,0.2989643477833731,0.002870835876139062,0.19060773480662985,False,3,0.06468081474304199,False,0.0,-5.880099076166658,-6.144681568018655,-2.5674303377194576,CENTER,0.0,0.9962381446116255,0.05925722055649901,NORMAL,STABLE,NORMAL,NO_ACTION,False,0.0
2026-08-12T00:42:35.243327,0.09550051591595235,0.0044841384667156075,0.1928374655647383,True,3,0.06468081474304199,False,0.0,-7.767235937939006,-1.5454834740989725,-3.381202262210735,UP,0.0,0.9960629527820645,0.2842704483730663,LOW,STABLE,NORMAL,NO_ACTION,False,0.0
2026-08-12T00:42:35.274388,0.06982975946380626,0.0019746607166621004,0.19505494505494506,True,3,0.06468081474304199,False,0.031060457229614258,-7.076402892926893,-2.5294432974669974,-3.31246539750785,UP,0.031060457229614258,0.99567224740655,0.28535838807754327,LOW,INCREASING,NORMAL,NO_ACTION,False,0.031060457229614258
2026-08-12T00:42:35.305801,0.05118719016924631,0.0021108774782926027,0.19726027397260273,True,3,0.06468081474304199,False,0.06247353553771973,-7.131763176986851,-5.034364049966172,-2.6162663965800164,UP,0.06247353553771973,0.9957901984739367,0.28765305801915614,LOW,INCREASING,NORMAL,NO_ACTION,False,0.06247353553771973
2026-08-12T00:42:35.338514,0.07731820296010189,0.0020562100069315596,0.1994535519125683,True,3,0.06468081474304199,False,0.09518671035766602,-7.212862957096064,-2.332849152060021,-3.1358628746838235,UP,0.09518671035766602,0.9955666741683814,0.2873770511448563,LOW,INCREASING,NORMAL,NO_ACTION,False,0.09518671035766602
2026-08-12T00:42:35.370887,0.18665912088527772,0.0015886322459940292,0.2016348773841962,True,3,0.06468081474304199,False,0.12755942344665527,-6.978557066386259,-3.722579991008189,-2.9227099909953154,UP,0.12755942344665527,0.9948414726937586,0.24016169430123077,LOW,INCREASING,NORMAL,NO_ACTION,False,0.12755942344665527
2026-08-12T00:42:35.402761,0.21547381497797127,0.002629724786535953,0.20108695652173914,False,4,0.15943384170532227,False,0.0,-6.762621750221342,-1.1687733607557789,-3.7043937151729835,UP,0.15943384170532227,0.9957331988383059,0.20016852061005563,LOW,INCREASING,NORMAL,NO_ACTION,False,0.0
2026-08-12T00:42:35.452750,0.27308434186826397,0.003195155918720813,0.2005420054200542,False,4,0.15943384170532227,False,0.0,-5.61667244300574,-6.8060812382875895,-2.49032725115336,UP,0.20942330360412598,0.9960859937628601,0.12488079044844345,NORMAL,INCREASING,NORMAL,NO_ACTION,False,0.0
2026-08-12T00:42:35.481752,0.2881263119060141,0.0033520629503723154,0.2,False,4,0.15943384170532227,False,0.0,-5.234372683505995,-3.219974402621176,-2.8008106115409532,UP,0.23842525482177734,0.9957142838005831,0.10189470510762315,NORMAL,INCREASING,NORMAL,NO_ACTION,False,0.0
2026-08-12T00:42:35.514782,0.31545558791791783,0.0008942977734371883,0.19946091644204852,False,4,0.15943384170532227,False,0.0,-6.031858505735698,-2.190168145229137,-3.0800683497338355,UP,0.2714552879333496,0.9953170814043208,0.08608669440895671,NORMAL,INCREASING,NORMAL,NO_ACTION,False,0.0
2026-08-12T00:42:35.546201,0.33674084191317644,0.001642921720519893,0.1989247311827957,False,4,0.15943384170532227,False,0.0,-5.731108147364068,-3.8169349471547775,-2.759905228638047,UP,0.3028736114501953,0.9958837957604594,0.08639557223012277,NORMAL,INCREASING,NORMAL,NO_ACTION,False,0.0
2026-08-12T00:42:35.577931,0.32800030167706923,0.0020708800855684137,0.19839142091152814,False,4,0.15943384170532227,False,0.0,-6.18667637248808,1.7193471587699207,-3.583926629632856,UP,0.33460402488708496,0.9958749678497943,0.08584618999839955,NORMAL,INCREASING,NORMAL,NO_ACTION,False,0.0
2026-08-12T00:42:35.609926,0.34799630224158973,0.0033709935835298374,0.19786096256684493,False,4,0.15943384170532227,False,0.0,-5.966140940393842,-2.4376823170146906,-2.787170534448393,UP,0.36659860610961914,0.9952890973293896,0.08512014437704042,NORMAL,INCREASING,NORMAL,NO_ACTION,False,0.0
2026-08-12T00:42:35.644557,0.34699296503826793,0.002612432325592529,0.19733333333333333,False,4,0.15943384170532227,False,0.0,-6.595268105168174,-1.7432922864623777,-3.230604493856646,CENTER,0.0,0.9955660579561043,0.05938766248743191,NORMAL,INCREASING,NORMAL,NO_ACTION,False,0.0
2026-08-12T00:42:35.674218,0.3570845485640173,0.0019738307912498124,0.19680851063829788,False,4,0.15943384170532227,False,0.0,-5.136811989244535,-2.2514386402743582,-3.1184590889275796,CENTER,0.0,0.9956577262302814,0.057979814634623934,NORMAL,INCREASING,NORMAL,NO_ACTION,False,0.0
2026-08-12T00:42:35.705867,0.34182398159160987,0.0039117142126528035,0.1962864721485411,False,4,0.15943384170532227,False,0.0,-4.744978957067019,-3.8558384156150396,-2.6536758182068922,CENTER,0.0,0.9946669640560699,0.058052638787663695,NORMAL,INCREASING,NORMAL,NO_ACTION,False,0.0
2026-08-12T00:42:35.739117,0.37042998541356287,0.006157990803111643,0.19576719576719576,False,4,0.15943384170532227,False,0.0,-5.46445979058268,-1.621576837564504,-2.98216066742188,CENTER,0.0,0.9949261750900206,0.05718851937399145,NORMAL,INCREASING,NORMAL,NO_ACTION,False,0.0
2026-08-12T00:42:35.770328,0.36943501910499194,0.004887292827984488,0.19525065963060687,False,4,0.15943384170532227,False,0.0,-4.309351644985611,-2.570054456942188,-2.94197556238899,CENTER,0.0,0.9954111609439301,0.056464239789455736,NORMAL,INCREASING,NORMAL,NO_ACTION,False,0.0
2026-08-12T00:42:35.835416,0.3849028251726135,0.005741380353483194,0.19473684210526315,False,4,0.15943384170532227,False,0.0,-4.717468958742501,-1.4831904086485679,-2.9909063370146782,UP,0.0,0.9952619705932786,0.08186249403997727,NORMAL,STABLE,NORMAL,NO_ACTION,False,0.0
2026-08-12T00:42:35.859885,0.38667443553890973,0.00476329048186071,0.1942257217847769,False,4,0.15943384170532227,False,0.0,-5.0676446691194315,-0.2712364434250105,-3.1839176776078943,CENTER,0.0,0.995281408071845,0.05525470280578468,NORMAL,STABLE,NORMAL,NO_ACTION,False,0.0
2026-08-12T00:42:35.888737,0.3718421819399418,0.0021728071207309835,0.193717277486911,False,4,0.15943384170532227,False,0.0,-4.5122007700809945,-3.764676962810853,-2.6450095233245747,UP,0.0,0.9953791446973593,0.0824697005361724,NORMAL,STABLE,NORMAL,NO_ACTION,False,0.0
2026-08-12T00:42:35.915158,0.3865924892881848,0.004805323062368561,0.19321148825065274,False,4,0.15943384170532227,False,0.0,-5.734840273136086,-2.49781608561716,-2.9652038636281475,UP,0.026421308517456055,0.9949998124571332,0.08278754268923025,NORMAL,STABLE,NORMAL,NO_ACTION,False,0.0
2026-08-12T00:42:35.947468,0.3810071674713912,0.009169527462899379,0.19270833333333334,False,4,0.15943384170532227,False,0.0,-5.492748511837078,-2.4075619688849486,-3.1184454200021037,UP,0.0587308406829834,0.9942265598208161,0.08238522224522501,NORMAL,STABLE,NORMAL,NO_ACTION,False,0.0
2026-08-12T00:42:35.978625,0.3693553030336518,0.004199160391582467,0.19220779220779222,False,4,0.15943384170532227,False,0.0,-5.046963475318961,-4.730647081786486,-2.7444901892909286,CENTER,0.0,0.9956447723765433,0.05702335585851439,NORMAL,STABLE,NORMAL,NO_ACTION,False,0.0
2026-08-12T00:42:36.010718,0.38452912726124944,0.0019783857620767568,0.19170984455958548,False,4,0.15943384170532227,False,0.0,-5.347286631756759,-1.1030158045613234,-3.2419610291483707,UP,0.0,0.9958332261659807,0.08092267218247716,NORMAL,STABLE,NORMAL,NO_ACTION,False,0.0
2026-08-12T00:42:36.042009,0.39301563883204393,0.0072965685787473224,0.19121447028423771,False,4,0.15943384170532227,False,0.0,-5.687689338727381,-0.12107983961772106,-3.3778149200545897,CENTER,0.0,0.9949843133787724,0.05442442653474392,NORMAL,STABLE,NORMAL,NO_ACTION,False,0.0
2026-08-12T00:42:36.074126,0.38139020832406295,0.0015170854865887717,0.19072164948453607,False,4,0.15943384170532227,False,0.0,-5.111200031758528,-4.420053429340044,-2.8966702292866557,CENTER,0.0,0.9952942949459878,0.05626436802594602,NORMAL,STABLE,NORMAL,NO_ACTION,False,0.0
2026-08-12T00:42:36.105745,0.39408059258531325,0.001935350199821295,0.19023136246786632,False,4,0.15943384170532227,False,0.0,-5.433694902432762,-1.05054255912205,-3.3144814480172897,CENTER,0.0,0.9953350587277091,0.054298576234473206,NORMAL,STABLE,NORMAL,NO_ACTION,False,0.0
2026-08-12T00:42:36.137760,0.3749358986708877,0.0018376267443514574,0.18974358974358974,False,4,0.15943384170532227,False,0.0,-5.071192418885005,-3.7782387859201947,-2.7588680788957447,CENTER,0.0,0.9948494566615226,0.055140581140970535,NORMAL,STABLE,NORMAL,NO_ACTION,False,0.0
2026-08-12T00:42:36.170264,0.38545114332579944,0.003245066108077754,0.18925831202046037,False,4,0.15943384170532227,False,0.0,-5.184570957822757,-2.244058646631686,-2.8983385211931534,CENTER,0.0,0.9949064830889919,0.054033407494072094,NORMAL,STABLE,NORMAL,NO_ACTION,False,0.0
2026-08-12T00:42:36.233796,0.3810704170786585,0.003003042621073664,0.18877551020408162,False,4,0.15943384170532227,False,0.0,-5.844612165413167,-3.8558597056392614,-2.779583217867156,CENTER,0.0,0.9959967501500342,0.055477323406679845,NORMAL,STABLE,NORMAL,NO_ACTION,False,0.0
2026-08-12T00:42:36.265672,0.40192115674772166,0.00264589238700362,0.18829516539440203,False,4,0.15943384170532227,False,0.0,-5.559071575037706,-1.2844843656627631,-2.882157406953951,CENTER,0.0,0.9952239261831276,0.05320385672172719,NORMAL,STABLE,NORMAL,NO_ACTION,False,0.0
2026-08-12T00:42:36.298711,0.3781490049705092,0.0037860360591833783,0.18781725888324874,False,4,0.15943384170532227,False,0.0,-5.220141109209322,-2.931477041657331,-2.9491963710987363,CENTER,0.0,0.995516560035151,0.05389257673052539,NORMAL,STABLE,NORMAL,NO_ACTION,False,0.0
2026-08-12T00:42:36.330204,0.4006550346338605,0.004229619985483524,0.18734177215189873,False,4,0.15943384170532227,False,0.0,-6.62776341047757,0.05725298029048531,-3.2458085911505634,CENTER,0.0,0.9945277804569617,0.05322011960031958,NORMAL,STABLE,NORMAL,NO_ACTION,False,0.0
2026-08-12T00:42:36.363290,0.3997038583982583,0.0009039933757073034,0.18686868686868688,False,4,0.15943384170532227,False,0.0,-5.602134330344882,-1.7570343495607403,-3.045079949209679,CENTER,0.0,0.9942334453232167,0.053030259770819474,NORMAL,STABLE,NORMAL,NO_ACTION,False,0.0
2026-08-12T00:42:36.394840,0.40536634104061214,0.001277446311122863,0.18639798488664988,False,4,0.15943384170532227,False,0.0,-5.417506765009733,-1.8533398623543746,-3.0630128212682166,CENTER,0.0,0.9942917175711592,0.0527039419455152,NORMAL,STABLE,NORMAL,NO_ACTION,False,0.0
2026-08-12T00:42:36.426192,0.4047597572919851,0.0018923004466162372,0.18592964824120603,False,4,0.15943384170532227,False,0.0,-5.540935508680718,-3.7923786101551684,-2.8085352681826237,CENTER,0.0,0.9951629479595336,0.053743995346398295,NORMAL,STABLE,NORMAL,NO_ACTION,False,0.0
2026-08-12T00:42:36.454561,0.39893056302129176,0.0024534108903554092,0.18546365914786966,False,4,0.15943384170532227,False,0.0,-5.403801091111518,-3.834107544272058,-2.8661012327243895,CENTER,0.0,0.9959194155092591,0.0534645168899733,NORMAL,STABLE,NORMAL,NO_ACTION,False,0.0
2026-08-12T00:42:36.481212,0.4111000671378108,0.0028050956702615087,0.185,False,4,0.15943384170532227,False,0.0,-5.408141261500134,-0.6175679764223219,-3.164414961621503,CENTER,0.0,0.9967296810699589,0.05120107545708881,NORMAL,STABLE,NORMAL,NO_ACTION,False,0.0
2026-08-12T00:42:36.515602,0.4053990339202594,0.003429087205343328,0.18453865336658354,False,4,0.15943384170532227,False,0.0,-5.390443261304455,-2.1929314585448196,-3.0768063635613316,CENTER,0.0,0.9965939402220508,0.05200675830137082,NORMAL,STABLE,NORMAL,NO_ACTION,False,0.0
2026-08-12T00:42:36.547496,0.3995563401912698,0.003946549141985096,0.18407960199004975,False,4,0.15943384170532227,False,0.0,-4.3257438199266005,-6.7892187074847925,-2.221191186328582,CENTER,0.0,0.9958806075317216,0.05324758154904666,NORMAL,STABLE,NORMAL,NO_ACTION,False,0.0
2026-08-12T00:42:36.571741,0.399721942057607,0.00304789371746751,0.18362282878411912,False,4,0.15943384170532227,False,0.0,-5.229685716938548,-3.122353794341592,-2.8316259537689064,CENTER,0.0,0.9955202439128944,0.05182919225976529,NORMAL,STABLE,NORMAL,NO_ACTION,False,0.0
2026-08-12T00:42:36.634821,0.40346636376039624,0.002150762025298738,0.18316831683168316,False,4,0.15943384170532227,False,0.0,-4.723314806710306,-3.577205841861911,-2.7196110560062436,CENTER,0.0,0.9957985575274348,0.051334957910172604,NORMAL,STABLE,NORMAL,NO_ACTION,False,0.0
2026-08-12T00:42:36.665699,0.41747295590847033,0.0029816246275427513,0.18271604938271604,False,4,0.15943384170532227,False,0.0,-4.570807484874933,-6.726984650196016,-2.0148093206345266,CENTER,0.0,0.9959627245156035,0.05255810756624944,NORMAL,STABLE,NORMAL,NO_ACTION,False,0.0
2026-08-12T00:42:36.698092,0.40366119799067685,0.0032978550262449985,0.18226600985221675,False,4,0.15943384170532227,False,0.0,-5.217926207355816,-3.4764972392480047,-2.703369776187202,CENTER,0.0,0.9960766835991084,0.05127172313860668,NORMAL,STABLE,NORMAL,NO_ACTION,False,0.0
2026-08-12T00:42:36.731606,0.39051376297201223,0.005257947493612035,0.18181818181818182,False,4,0.15943384170532227,False,0.0,-6.499983850261373,0.15969288053619834,-3.5073267331191857,CENTER,0.0,0.9961711650162896,0.050661094106807594,NORMAL,STABLE,NORMAL,NO_ACTION,False,0.0
2026-08-12T00:42:36.761467,0.3887725387735469,0.0023061404518848307,0.18137254901960784,False,4,0.15943384170532227,False,0.0,-5.0621176959148215,-2.871582041207546,-2.8270806021809847,CENTER,0.0,0.9954634318201302,0.05035720064143496,NORMAL,STABLE,NORMAL,NO_ACTION,False,0.0
2026-08-12T00:42:36.794086,0.39807354737561546,0.002602222594373578,0.18092909535452323,False,4,0.15943384170532227,False,0.0,-3.983106204252323,-6.339001843619542,-2.160649515993697,CENTER,0.0,0.9954912283521947,0.05095892488752004,NORMAL,STABLE,NORMAL,NO_ACTION,False,0.0
2026-08-12T00:42:36.826464,0.42469736430164456,0.001731532316923178,0.18048780487804877,False,4,0.15943384170532227,False,0.0,-5.655446941486048,-4.318902283108116,-2.4310544279159956,CENTER,0.0,0.9947774402006173,0.051150110962174804,NORMAL,STABLE,NORMAL,NO_ACTION,False,0.0
2026-08-12T00:42:36.858421,0.40891049193903034,0.0028474190413563284,0.18004866180048662,False,4,0.15943384170532227,False,0.0,-3.976931490107546,-4.364207147011911,-2.6868448206207063,CENTER,0.0,0.9957283495156035,0.04959322806489763,NORMAL,STABLE,NORMAL,NO_ACTION,False,0.0
2026-08-12T00:42:36.891333,0.39621137030420395,0.003075810044941382,0.1796116504854369,False,4,0.15943384170532227,False,0.0,-5.498497931988965,-3.8217208436342673,-2.698108393459563,CENTER,0.0,0.996164105366941,0.05045898527651585,NORMAL,RISING,NORMAL,NO_ACTION,False,0.0
2026-08-12T00:42:36.912829,0.4178310416766125,0.0030154151737654105,0.1791767554479419,False,4,0.15943384170532227,False,0.0,-5.866153420144315,-0.7583323470383618,-3.1114450096344513,CENTER,0.0,0.9961625916280864,0.04878115698106339,NORMAL,STABLE,NORMAL,NO_ACTION,False,0.0
2026-08-12T00:42:36.936810,0.416550825233215,0.002603490096117972,0.178743961352657,False,4,0.15943384170532227,False,0.0,-5.462396832293251,-3.6797523914774217,-2.659841912508398,CENTER,0.0,0.9960849086934156,0.049850994713315624,NORMAL,STABLE,NORMAL,NO_ACTION,False,0.0
2026-08-12T00:42:36.959301,0.425961707565013,0.006257657305477614,0.1783132530120482,False,4,0.15943384170532227,False,0.0,-5.231999927516853,-1.8878552956606427,-2.8908753681544113,CENTER,0.0,0.9959346466692386,0.048342105615388375,NORMAL,STABLE,NORMAL,NO_ACTION,False,0.0
2026-08-12T00:42:37.033802,0.39338330849044945,0.00350785999063648,0.1778846153846154,False,4,0.15943384170532227,False,0.0,-5.091415983450872,-2.655928709696127,-2.9348205496878847,CENTER,0.0,0.9952737991898148,0.048589446940481104,NORMAL,STABLE,NORMAL,NO_ACTION,False,0.0
2026-08-12T00:42:37.065959,0.4104171180624788,0.002255816834608274,0.1774580335731415,False,4,0.15943384170532227,False,0.0,-6.338633889972527,-1.1376442140589234,-3.172900726076989,CENTER,0.0,0.9946784979423869,0.04870990427514246,NORMAL,STABLE,NORMAL,NO_ACTION,False,0.0
2026-08-12T00:42:37.099366,0.4072279396722684,0.0018192356494100565,0.17703349282296652,False,4,0.15943384170532227,False,0.0,-6.046942868492749,-1.7177562553449661,-3.099971187973267,CENTER,0.0,0.9954056418252744,0.04856548761323671,NORMAL,STABLE,NORMAL,NO_ACTION,False,0.0
2026-08-12T00:42:37.132180,0.41995053287181594,0.0036592902474242056,0.1766109785202864,False,4,0.15943384170532227,False,0.0,-4.908348898945292,-3.2060684094378473,-2.77141670736998,CENTER,0.0,0.996092932848937,0.04801631295452227,NORMAL,STABLE,NORMAL,NO_ACTION,False,0.0
2026-08-12T00:42:37.162064,0.4251081816165213,0.002920532925873777,0.1761904761904762,False,4,0.15943384170532227,False,0.0,-4.647435947808901,-2.6603837089759566,-2.9842172447333724,CENTER,0.0,0.9960652568801441,0.047365625700094775,NORMAL,STABLE,NORMAL,NO_ACTION,False,0.0
2026-08-12T00:42:37.193862,0.41235873055032346,0.004096479372508004,0.17577197149643706,False,4,0.15943384170532227,False,0.0,-5.680194120384471,0.3661491273665547,-3.3850009799408554,CENTER,0.0,0.9962985602066187,0.04687987391829654,NORMAL,STABLE,NORMAL,NO_ACTION,False,0.0
2026-08-12T00:42:37.226233,0.4294976252309658,0.0026264852135396135,0.17535545023696683,False,4,0.15943384170532227,False,0.0,-5.046146524216539,-4.3063989721204905,-2.7556128430710203,CENTER,0.0,0.9966553471150549,0.04830070747055104,NORMAL,STABLE,NORMAL,NO_ACTION,False,0.0
2026-08-12T00:42:37.258328,0.46896308086369953,0.00372584064159077,0.17494089834515367,False,4,0.15943384170532227,False,0.0,-5.242572666736237,-1.0172160260866008,-3.2183592002617445,CENTER,0.0,0.9960949958204733,0.046352669211489284,NORMAL,STABLE,NORMAL,NO_ACTION,False,0.0
2026-08-12T00:42:37.289472,0.49990453762135767,0.005144140960685091,0.17452830188679244,False,4,0.15943384170532227,False,0.0,-4.573699772478676,-0.14649127303832188,-3.2528594396224264,CENTER,0.0,0.9957644113297325,0.04490663684483607,NORMAL,STABLE,NORMAL,NO_ACTION,False,0.0
2026-08-12T00:42:37.323291,0.4785079139411854,0.0015109157897769062,0.17411764705882352,False,4,0.15943384170532227,False,0.0,-4.545561202685462,0.8205088975047659,-3.457591952760424,CENTER,0.0,0.9955907734267833,0.04535815336433531,NORMAL,STABLE,NORMAL,NO_ACTION,False,0.0
2026-08-12T00:42:37.354679,0.5030062519611924,0.003205760060178331,0.17370892018779344,False,4,0.15943384170532227,False,0.0,-3.9450452512828633,-0.23425021456804984,-3.384658766979612,CENTER,0.0,0.9958212368184156,0.04408187430348565,NORMAL,STABLE,NORMAL,NO_ACTION,False,0.0
2026-08-12T00:42:37.386935,0.4837758108217488,0.002798649639562584,0.17330210772833723,False,4,0.15943384170532227,False,0.0,-3.904728424692081,-4.008038993827427,-2.681230521985924,CENTER,0.0,0.9956604188100139,0.045887783234289464,NORMAL,STABLE,NORMAL,NO_ACTION,False,0.0
2026-08-12T00:42:37.419153,0.4971985370780524,0.0035327564523118574,0.17289719626168223,False,4,0.15943384170532227,False,0.0,-4.77792675916271,-2.1248923886603848,-3.1484588295692504,CENTER,0.0,0.9962983994555898,0.045616058385874764,NORMAL,STABLE,NORMAL,NO_ACTION,False,0.0
2026-08-12T00:42:37.450974,0.4842152159977866,0.003378846533454028,0.17249417249417248,False,4,0.15943384170532227,False,0.0,-3.9494050525419766,-4.606467542986621,-2.6510390040013476,CENTER,0.0,0.9961907364540468,0.04592996263813681,NORMAL,STABLE,NORMAL,NO_ACTION,False,0.0
2026-08-12T00:42:37.482382,0.47714994537455974,0.002795342373037882,0.17209302325581396,False,4,0.15943384170532227,False,0.0,-4.283692776629067,-2.8454949290226352,-2.959810265243192,CENTER,0.0,0.9953996806412894,0.04507681645030032,NORMAL,STABLE,NORMAL,NO_ACTION,False,0.0
2026-08-12T00:42:37.515046,0.4499042333589156,0.0037573141683909634,0.1716937354988399,False,4,0.15943384170532227,False,0.0,-3.900785928735445,-3.202059562945351,-2.9284981700832304,CENTER,0.0,0.9962685399519889,0.044735813973372535,NORMAL,STABLE,NORMAL,NO_ACTION,False,0.0
2026-08-12T00:42:37.561661,0.4288817974365832,0.0033191881726573028,0.1712962962962963,False,4,0.15943384170532227,False,0.0,-4.439760185321461,-5.3622694221615745,-2.636084287549494,CENTER,0.0,0.9960858999914267,0.046334674445436874,NORMAL,STABLE,NORMAL,NO_ACTION,False,0.0
2026-08-12T00:42:37.594058,0.4567208971936896,0.002545744840412449,0.17090069284064666,False,4,0.15943384170532227,False,0.0,-4.67155036247658,-5.030853111625788,-2.6909531867210887,CENTER,0.0,0.9958378075703018,0.046173558566836005,NORMAL,STABLE,NORMAL,NO_ACTION,False,0.0
2026-08-12T00:42:37.627798,0.465085915138883,0.0021858823822673646,0.17050691244239632,False,4,0.15943384170532227,False,0.0,-4.194543786919951,-3.827925859866127,-2.4447135107345446,CENTER,0.0,0.9965432902520576,0.044411428221435435,NORMAL,STABLE,NORMAL,NO_ACTION,False,0.0
2026-08-12T00:42:37.658160,0.4821108864230165,0.002780498848461934,0.17011494252873563,False,4,0.15943384170532227,False,0.0,-4.256701628461286,-5.717353736480561,-2.493009799339518,CENTER,0.0,0.9969279406721537,0.04568639330081936,NORMAL,STABLE,NORMAL,NO_ACTION,False,0.0
2026-08-12T00:42:37.690116,0.49143325262937065,0.002439253638944093,0.16972477064220184,False,4,0.15943384170532227,False,0.0,-4.017144308503902,-2.3366508184777786,-3.0324327897026535,CENTER,0.0,0.9966330161179698,0.043338448117904146,NORMAL,STABLE,NORMAL,NO_ACTION,False,0.0
2026-08-12T00:42:37.722129,0.48573107069644883,0.0029985635665228175,0.16933638443935928,False,4,0.15943384170532227,False,0.0,-4.680648575500186,-3.240749700910044,-2.8505165457972907,CENTER,0.0,0.9956557972179356,0.04426096675010483,NORMAL,STABLE,NORMAL,NO_ACTION,False,0.0
2026-08-12T00:42:37.755023,0.4913434140041275,0.0034233139039329665,0.1689497716894977,False,4,0.15943384170532227,False,0.0,-4.173730775452356,-2.222529103062868,-3.1346428346471953,CENTER,0.0,0.9957977001886145,0.04311773885853827,NORMAL,STABLE,NORMAL,NO_ACTION,False,0.0
2026-08-12T00:42:37.787104,0.47887881449420766,0.0028424182466542107,0.16856492027334852,False,4,0.15943384170532227,False,0.0,-4.311501208893048,-6.443078696765696,-2.4991198764504645,CENTER,0.0,0.9958359589334705,0.04549417061096546,NORMAL,STABLE,NORMAL,NO_ACTION,False,0.0
2026-08-12T00:42:37.819083,0.514477882748095,0.004985995692602726,0.16818181818181818,False,4,0.15943384170532227,False,0.0,-4.288179877079131,-2.1035118342227292,-2.9690727229958895,CENTER,0.0,0.9964222179355282,0.042598577549031076,NORMAL,STABLE,NORMAL,NO_ACTION,False,0.0
2026-08-12T00:42:37.850322,0.49455925640993204,0.004096363822965667,0.16780045351473924,False,4,0.15943384170532227,False,0.0,-3.5180450731436395,-3.379900743309605,-2.8526633162745725,CENTER,0.0,0.9971047935956789,0.04247602240994039,NORMAL,STABLE,NORMAL,NO_ACTION,False,0.0
2026-08-12T00:42:37.882638,0.49342048947155,0.002859148984777126,0.167420814479638,False,4,0.15943384170532227,False,0.0,-4.83342535176871,-3.0617999535835736,-2.946121476924219,CENTER,0.0,0.9970026497127915,0.04341312267096328,NORMAL,STABLE,NORMAL,NO_ACTION,False,0.0
2026-08-12T00:42:37.913760,0.5433484650747061,0.001600121116655316,0.1670428893905192,False,4,0.15943384170532227,False,0.0,-4.351748352437681,0.23866265907057027,-3.4078396705434955,CENTER,0.0,0.9962872942386831,0.04116600804523689,NORMAL,STABLE,NORMAL,NO_ACTION,False,0.0
2026-08-12T00:42:37.946804,0.5016787155067869,0.0030711052138355094,0.16666666666666666,False,4,0.15943384170532227,False,0.0,-3.899857661143386,-3.2882235184782473,-2.6061425138410357,CENTER,0.0,0.9954349922839505,0.041973198635552614,NORMAL,STABLE,NORMAL,NO_ACTION,False,0.0
2026-08-12T00:42:37.979175,0.5401433120859337,0.003327122824818804,0.1662921348314607,False,4,0.15943384170532227,False,0.0,-4.282352473576481,2.0293536078179386,-3.5396754250083404,CENTER,0.0,0.995682200574417,0.04214403484964349,NORMAL,STABLE,NORMAL,NO_ACTION,False,0.0
2026-08-12T00:42:38.010427,0.5152834781499123,0.0021769560317633275,0.16591928251121077,False,4,0.15943384170532227,False,0.0,-4.715312793265042,-3.677730446069802,-2.7418627780846236,CENTER,0.0,0.9965857821073388,0.04279676379462214,NORMAL,STABLE,NORMAL,NO_ACTION,False,0.0
2026-08-12T00:42:38.044218,0.546468634604264,0.002590973337411117,0.16554809843400448,False,4,0.15943384170532227,False,0.0,-3.8551022641539987,-2.4227584441063357,-2.8176264842012984,CENTER,0.0,0.996834155842764,0.040949409850976726,NORMAL,STABLE,NORMAL,NO_ACTION,False,0.0
2026-08-12T00:42:38.090011,0.515170537139176,0.0024820696875814696,0.16517857142857142,False,4,0.15943384170532227,False,0.0,-3.7249674029451683,-4.36519298371195,-2.7365994192855965,CENTER,0.0,0.9969381483624827,0.04196417462392952,NORMAL,STABLE,NORMAL,NO_ACTION,False,0.0
2026-08-12T00:42:38.121920,0.5545019755280632,0.0018166086571758694,0.16481069042316257,False,4,0.15943384170532227,False,0.0,-4.181907130824811,0.09650391358539423,-3.140416434155412,CENTER,0.0,0.9967298954046638,0.03952616887841095,NORMAL,STABLE,NORMAL,NO_ACTION,False,0.0
2026-08-12T00:42:38.155725,0.5294139548548119,0.00302468104737559,0.16444444444444445,False,4,0.15943384170532227,False,0.0,-3.7273103598492128,-0.7008832265633487,-3.4190648574652585,CENTER,0.0,0.995927131558642,0.03961011031733932,NORMAL,STABLE,NORMAL,NO_ACTION,False,0.0
2026-08-12T00:42:38.186269,0.5449500505813454,0.005109213885296589,0.164079822616408,False,4,0.15943384170532227,False,0.0,-3.400273675292368,-4.856128894331562,-2.5708255473878125,CENTER,0.0,0.9955783018261316,0.04129706290928363,NORMAL,STABLE,NORMAL,NO_ACTION,False,0.0
2026-08-12T00:42:38.218964,0.551665412504174,0.004752240604720911,0.16371681415929204,False,4,0.15943384170532227,False,0.0,-3.4480546093658404,-6.44383405951649,-2.3391057592746733,CENTER,0.0,0.9962440923996914,0.04208510832946916,NORMAL,STABLE,NORMAL,NO_ACTION,False,0.0
2026-08-12T00:42:38.250564,0.5282000469911605,0.0018376892332245944,0.16335540838852097,False,4,0.15943384170532227,False,0.0,-3.4575238598239935,-6.933111164714603,-2.060491229663654,CENTER,0.0,0.9967512083118998,0.04199859530680173,NORMAL,STABLE,NORMAL,NO_ACTION,False,0.0
2026-08-12T00:42:38.282692,0.5559699821925794,0.005427916578199472,0.16299559471365638,False,4,0.15943384170532227,False,0.0,-3.873751235421935,-2.7990373664770516,-2.7998492928875294,CENTER,0.0,0.9967082743912894,0.03994575448210036,NORMAL,STABLE,NORMAL,NO_ACTION,False,0.0
2026-08-12T00:42:38.314918,0.5554642159576859,0.002707320940166884,0.16263736263736264,False,4,0.15943384170532227,False,0.0,-3.980714517130366,-0.5391251814002089,-2.9214942069568224,CENTER,0.0,0.9970097093621398,0.038354620869183946,NORMAL,STABLE,NORMAL,NO_ACTION,False,0.0
2026-08-12T00:42:38.349463,0.539523549809051,0.004666118343517443,0.16228070175438597,False,4,0.15943384170532227,False,0.0,-3.0537912171944868,-4.2308591295917495,-2.498030262866479,CENTER,0.0,0.9962857135202332,0.03954216982195684,NORMAL,STABLE,NORMAL,NO_ACTION,False,0.0
2026-08-12T00:42:38.378071,0.5477932950493622,0.002864132363370604,0.16192560175054704,False,4,0.15943384170532227,False,0.0,-2.4573493179357797,-9.180107006833452,-1.9396342943908849,CENTER,0.0,0.9951766251929014,0.041827010525412246,NORMAL,STABLE,NORMAL,NO_ACTION,False,0.0
2026-08-12T00:42:38.411413,0.5574695702861405,0.0029348291044529596,0.1615720524017467,False,4,0.15943384170532227,False,0.0,-3.380192773618319,-4.645587558984516,-2.7539964830005204,CENTER,0.0,0.9958899846750686,0.04004816983318031,NORMAL,STABLE,NORMAL,NO_ACTION,False,0.0
2026-08-12T00:42:38.442538,0.5473949257310149,0.0030767325471226757,0.16122004357298475,False,4,0.15943384170532227,False,0.0,-3.557581695557758,-7.426116279907973,-2.368890522485998,CENTER,0.0,0.9965220175325789,0.04168030123565323,NORMAL,STABLE,NORMAL,NO_ACTION,False,0.0
2026-08-12T00:42:38.475372,0.5512342248308273,0.0027321900034325956,0.1608695652173913,False,4,0.15943384170532227,False,0.0,-3.376749890966778,-4.596712046638402,-2.473491871861029,CENTER,0.0,0.9965349579903978,0.03938819633991682,NORMAL,STABLE,NORMAL,NO_ACTION,False,0.0
2026-08-12T00:42:38.510391,0.5359378045553527,0.0033544241729683687,0.16052060737527116,False,4,0.15943384170532227,False,0.0,-2.5582556536458867,-7.830546325761901,-2.1140575052224904,CENTER,0.0,0.9967310742455417,0.04041496277959613,NORMAL,STABLE,NORMAL,NO_ACTION,False,0.0
2026-08-12T00:42:38.543783,0.5361851160595484,0.0022585840554850815,0.16017316017316016,False,4,0.15943384170532227,False,0.0,-3.8599645215750513,-5.866804057464293,-2.3607155421914285,CENTER,0.0,0.9961612386402606,0.04031400085615349,NORMAL,STABLE,NORMAL,NO_ACTION,False,0.0
2026-08-12T00:42:38.571313,0.5234342398199504,0.004854184977424858,0.15982721382289417,False,4,0.15943384170532227,False,0.0,-2.8534641590579497,-8.375041971974383,-2.058600752349946,CENTER,0.0,0.9952862172067902,0.04069238491700655,NORMAL,STABLE,NORMAL,NO_ACTION,False,0.0
2026-08-12T00:42:38.618899,0.5370201244285895,0.003990135639766667,0.15948275862068967,False,4,0.15943384170532227,False,0.0,-3.239440045381116,-6.392366942593867,-2.3142367901398586,CENTER,0.0,0.9953303567601166,0.0397060738697569,NORMAL,STABLE,NORMAL,NO_ACTION,False,0.0
2026-08-12T00:42:38.650448,0.5463830632533277,0.004704081649541989,0.15913978494623657,False,4,0.15943384170532227,False,0.0,-2.3205444479247035,-8.819088844502602,-1.971694594883047,CENTER,0.0,0.9959564686213991,0.040072501642777626,NORMAL,STABLE,NORMAL,NO_ACTION,False,0.0
2026-08-12T00:42:38.681673,0.5214719512594036,0.004496233712127436,0.15879828326180256,False,4,0.15943384170532227,False,0.0,-2.9590904272990883,-7.507302835977441,-2.2811970071026053,CENTER,0.0,0.9963698398919753,0.039867285282605136,NORMAL,STABLE,NORMAL,NO_ACTION,False,0.0
2026-08-12T00:42:38.714522,0.5440955912439304,0.0019274608965910447,0.15845824411134904,False,4,0.15943384170532227,False,0.0,-3.5103763796083456,-4.8217842309734635,-2.388071189321721,CENTER,0.0,0.996167682077332,0.03839150832590282,NORMAL,STABLE,NORMAL,NO_ACTION,False,0.0
2026-08-12T00:42:38.745868,0.5300187832766575,0.002212706360247934,0.1581196581196581,False,4,0.15943384170532227,False,0.0,-3.403776161647272,-1.8807415732356958,-2.9021795234081367,CENTER,0.0,0.9959106277863512,0.036490544189071154,NORMAL,STABLE,NORMAL,NO_ACTION,False,0.0
2026-08-12T00:42:38.779022,0.5451991925811319,0.002494922398036619,0.15778251599147122,False,4,0.15943384170532227,False,0.0,-3.1504853574299148,-5.683668741387635,-2.224635278982902,CENTER,0.0,0.9950932891803841,0.03817217195883901,NORMAL,STABLE,NORMAL,NO_ACTION,False,0.0
2026-08-12T00:42:38.810657,0.5341546070891656,0.0034342370500144207,0.1574468085106383,False,4,0.15943384170532227,False,0.0,-2.7504644743389406,-5.395836207821247,-2.5876354721766575,CENTER,0.0,0.9950146819272975,0.03776078961316803,NORMAL,STABLE,NORMAL,NO_ACTION,False,0.0
2026-08-12T00:42:38.842829,0.5183807765819447,0.0011183368025070174,0.15711252653927812,False,4,0.15943384170532227,False,0.0,-3.1870786730327154,-8.16133180903455,-2.2267612218383874,CENTER,0.0,0.9953495531121399,0.03966388577122507,NORMAL,STABLE,NORMAL,NO_ACTION,False,0.0
2026-08-12T00:42:38.874777,0.5339052114283966,0.002168805706823107,0.15677966101694915,False,4,0.15943384170532227,False,0.0,-3.0890845108448275,-6.9178631090856015,-2.160911920306404,CENTER,0.0,0.9957552619170096,0.03844161709503388,NORMAL,STABLE,NORMAL,NO_ACTION,False,0.0
2026-08-12T00:42:38.906066,0.5315556666233495,0.005929021549173379,0.15644820295983086,False,4,0.15943384170532227,False,0.0,-3.5200437755196674,-5.614736144260974,-2.3564905422392997,CENTER,0.0,0.9958979284550755,0.03793807359379773,NORMAL,STABLE,NORMAL,NO_ACTION,False,0.0
2026-08-12T00:42:38.939682,0.5483758250457599,0.003123755563800715,0.15611814345991562,False,4,0.15943384170532227,False,0.0,-4.007627077741603,-2.215798491857015,-2.9021945319555584,CENTER,0.0,0.9953074631344307,0.03631327293156292,NORMAL,STABLE,NORMAL,NO_ACTION,False,0.0
2026-08-12T00:42:38.970937,0.5294842100043342,0.003160697996560719,0.15578947368421053,False,4,0.15943384170532227,False,0.0,-3.382708502792383,-6.761819921732581,-2.4604155490167443,CENTER,0.0,0.9948740113811728,0.03840498550213573,NORMAL,STABLE,NORMAL,NO_ACTION,False,0.0
2026-08-12T00:42:39.003203,0.5403428756167338,0.0038763307861067364,0.15546218487394958,False,4,0.15943384170532227,False,0.0,-2.871633767149433,-7.6276369640131065,-2.0292668283756825,CENTER,0.0,0.9947188062628601,0.037959327114082515,NORMAL,STABLE,NORMAL,NO_ACTION,False,0.0
2026-08-12T00:42:39.035484,0.5281774662073039,0.0029768161562517136,0.15513626834381553,False,4,0.15943384170532227,False,0.0,-3.427358423131693,-7.74029866389688,-2.3031058535680984,CENTER,0.0,0.9950155660579559,0.0386765747326553,NORMAL,STABLE,NORMAL,NO_ACTION,False,0.0
2026-08-12T00:42:39.066800,0.5303946333365565,0.004204446454302747,0.15481171548117154,False,4,0.15943384170532227,False,0.0,-4.043887093882745,-3.2896876802198847,-2.842550386867458,CENTER,0.0,0.9951793981481483,0.03641312752813365,NORMAL,STABLE,NORMAL,NO_ACTION,False,0.0
2026-08-12T00:42:39.098713,0.534162663283403,0.004447089359546035,0.1544885177453027,False,4,0.15943384170532227,False,0.0,-3.053901902107583,-7.598572180427482,-2.2753547606997415,CENTER,0.0,0.995405373906893,0.03786399334492269,NORMAL,STABLE,NORMAL,NO_ACTION,False,0.0
2026-08-12T00:42:39.146983,0.5260389235819103,0.0015177940534262411,0.15416666666666667,False,4,0.15943384170532227,False,0.0,-2.665979357401312,-9.303467188522973,-1.9886999036317832,CENTER,0.0,0.995691149048354,0.03828478781344661,NORMAL,STABLE,NORMAL,NO_ACTION,False,0.0
2026-08-12T00:42:39.177775,0.5120915124921721,0.0009939840860321279,0.15384615384615385,False,4,0.15943384170532227,False,0.0,-4.02632985358278,-5.920861686509824,-2.959306583836508,CENTER,0.0,0.9953140673225309,0.03792616396973778,NORMAL,STABLE,NORMAL,NO_ACTION,False,0.0
2026-08-12T00:42:39.210885,0.4880196373234223,0.005599220024193308,0.15352697095435686,False,4,0.15943384170532227,False,0.0,-4.91506170398435,-4.87154261281421,-2.7550120317102085,CENTER,0.0,0.9951479847179355,0.03766781873932419,NORMAL,STABLE,NORMAL,NO_ACTION,False,0.0
2026-08-12T00:42:39.246475,0.4823497444463229,0.0030986480973396696,0.15320910973084886,False,4,0.15943384170532227,False,0.0,-4.47434318414912,-5.253257421630622,-2.9417699628171476,CENTER,0.0,0.9952941207990398,0.0375400164040511,NORMAL,STABLE,NORMAL,NO_ACTION,False,0.0
2026-08-12T00:42:39.278500,0.4949219889374269,0.0031208542977566697,0.15289256198347106,False,4,0.15943384170532227,False,0.0,-3.749252577366093,-9.007178110942789,-2.2118130848667192,CENTER,0.0,0.9956401239926268,0.038691750635492475,NORMAL,STABLE,NORMAL,NO_ACTION,False,0.0
2026-08-12T00:42:39.328043,0.5052936824625506,0.004026012905625973,0.15257731958762888,False,4,0.15943384170532227,False,0.0,-3.3189190326833398,-7.5114140169108055,-2.542619754048843,CENTER,0.0,0.9964271208419067,0.03735801467473286,NORMAL,STABLE,NORMAL,NO_ACTION,False,0.0
2026-08-12T00:42:39.363532,0.48149913577506087,0.005047450510491646,0.1522633744855967,False,4,0.15943384170532227,False,0.0,-4.0367041569372475,-8.908799075811288,-2.218627641763419,CENTER,0.0,0.9969189386145405,0.03858947275185529,NORMAL,STABLE,NORMAL,NO_ACTION,False,0.0
2026-08-12T00:42:39.399276,0.4760480206556986,0.0029967432752597326,0.15195071868583163,False,4,0.15943384170532227,False,0.0,-4.292227234135794,-4.293799110510747,-2.5933715158634243,CENTER,0.0,0.996278881601509,0.035707013052358,NORMAL,STABLE,NORMAL,NO_ACTION,False,0.0
2026-08-12T00:42:39.434034,0.48610910884368197,0.0034144037832499505,0.15163934426229508,False,4,0.15943384170532227,False,0.0,-4.855825567872131,-7.544250159643326,-2.4897956544403996,CENTER,0.0,0.9962082717121056,0.038341858423487196,NORMAL,STABLE,NORMAL,NO_ACTION,False,0.0
2026-08-12T00:42:39.478959,0.5028370997174489,0.0021237418025943267,0.15132924335378323,False,4,0.15943384170532227,False,0.0,-4.724750786072605,-7.381732162751717,-2.3542664614902264,CENTER,0.0,0.9954474772805213,0.03781270410690243,NORMAL,STABLE,NORMAL,NO_ACTION,False,0.0
2026-08-12T00:42:39.523361,0.48981478150927255,0.0003362708510455361,0.1510204081632653,False,4,0.15943384170532227,False,0.0,-4.945368857453047,-6.242184476163061,-2.752484838680118,CENTER,0.0,0.9953556616512346,0.037431196429211985,NORMAL,STABLE,NORMAL,NO_ACTION,False,0.0
2026-08-12T00:42:39.567521,0.46739905441488083,0.0023664474943958518,0.15071283095723015,False,4,0.15943384170532227,False,0.0,-5.261754183726197,-6.152114395970784,-2.8593229313096913,CENTER,0.0,0.996041747042181,0.037619905690184086,NORMAL,STABLE,NORMAL,NO_ACTION,False,0.0
2026-08-12T00:42:39.614310,0.4725753628536892,0.002818986996158885,0.15040650406504066,False,4,0.15943384170532227,False,0.0,-4.514506929006387,-6.45939738887725,-2.8305662749786222,CENTER,0.0,0.9960871190200618,0.036941405824620945,NORMAL,STABLE,NORMAL,NO_ACTION,False,0.0
2026-08-12T00:42:39.658214,0.4693208549665533,0.0021999656041494496,0.15010141987829614,False,4,0.15943384170532227,False,0.0,-5.473319507787409,-4.563649633066888,-2.7523106419191663,CENTER,0.0,0.9965509929055213,0.036267656299784186,NORMAL,STABLE,NORMAL,NO_ACTION,False,0.0
2026-08-12T00:42:39.697707,0.4539650115381946,0.0036844254117640997,0.14979757085020243,False,4,0.15943384170532227,False,0.0,-4.006222169866078,-1.7838064086621443,-3.0858611017912096,CENTER,0.0,0.9958401116683814,0.03301650357443459,NORMAL,STABLE,NORMAL,NO_ACTION,False,0.0
2026-08-12T00:42:39.741111,0.46434313129181803,0.0028750324851473438,0.1494949494949495,False,4,0.15943384170532227,False,0.0,-5.610982992768982,-2.158140250123296,-3.0761487204070477,CENTER,0.0,0.9953553669410151,0.03467151768895552,NORMAL,STABLE,NORMAL,NO_ACTION,False,0.0
2026-08-12T00:42:39.782226,0.46417033034623373,0.003771115776069419,0.14919354838709678,False,4,0.15943384170532227,False,0.0,-4.470214216518627,-0.7877110908553107,-3.4032940713356936,CENTER,0.0,0.9960736025377228,0.03274757351784064,NORMAL,STABLE,NORMAL,NO_ACTION,False,0.0
2026-08-12T00:42:39.836873,0.45864546152023267,0.0031462989019767,0.1488933601609658,False,4,0.15943384170532227,False,0.0,-4.594421267955397,-4.112160375398247,-2.8559496866629672,CENTER,0.0,0.9956793740354938,0.034591004974569683,NORMAL,STABLE,NORMAL,NO_ACTION,False,0.0
2026-08-12T00:42:39.881068,0.44702284632183187,0.0040232199683504005,0.14859437751004015,False,4,0.15943384170532227,False,0.0,-5.010030005632075,-6.8784617182425905,-2.587863226746748,CENTER,0.0,0.9960797110768176,0.036581456441967475,NORMAL,STABLE,NORMAL,NO_ACTION,False,0.0
2026-08-12T00:42:39.931975,0.46681812594883654,0.003050373831390203,0.14829659318637275,False,4,0.15943384170532227,False,0.0,-4.13706755708921,-5.156755163051514,-2.5143908355317137,CENTER,0.0,0.9964977307313099,0.03427772784828447,NORMAL,STABLE,NORMAL,NO_ACTION,False,0.0
2026-08-12T00:42:39.973202,0.45339918973007953,0.003144817461536237,0.148,False,4,0.15943384170532227,False,0.0,-5.020071649672872,-1.4167183034172695,-3.2638198916351655,CENTER,0.0,0.9957588386274006,0.03300026618483873,NORMAL,STABLE,NORMAL,NO_ACTION,False,0.0
2026-08-12T00:42:40.020400,0.4563866992090667,0.0028427857249854055,0.14770459081836326,False,4,0.15943384170532227,False,0.0,-4.316870291041937,-4.968009951730039,-2.8252278800181614,CENTER,0.0,0.9958365349579904,0.03431787861311861,NORMAL,STABLE,NORMAL,NO_ACTION,False,0.0
2026-08-12T00:42:40.057780,0.47529096230838874,0.004754591608619108,0.14741035856573706,False,4,0.15943384170532227,False,0.0,-4.124015392490151,-2.8275892691419813,-3.1918177889030517,CENTER,0.0,0.9959901191700959,0.03279220348525712,NORMAL,STABLE,NORMAL,NO_ACTION,False,0.0
2026-08-12T00:42:40.102975,0.4650618881159845,0.0030444711599200975,0.147117296222664,False,4,0.15943384170532227,False,0.0,-4.672443078589993,-2.6080429333587176,-2.7815261964815647,CENTER,0.0,0.9964531491126544,0.032620131013271096,NORMAL,STABLE,NORMAL,NO_ACTION,False,0.0
2026-08-12T00:42:40.150358,0.4829838685861497,0.00455999745446236,0.14682539682539683,False,4,0.15943384170532227,False,0.0,-5.221180933115022,0.7454506799642786,-3.148076861868219,CENTER,0.0,0.9966823934756516,0.03201036474339722,NORMAL,STABLE,NORMAL,NO_ACTION,False,0.0
2026-08-12T00:42:40.187207,0.49787931050513834,0.0017097169782113615,0.14653465346534653,False,4,0.15943384170532227,False,0.0,-4.011872424846985,-2.8307194136974374,-2.668208559623224,CENTER,0.0,0.9963093305255487,0.03174440577575939,NORMAL,STABLE,NORMAL,NO_ACTION,False,0.0
2026-08-12T00:42:40.234249,0.5034472663432428,0.0036318167791353183,0.14624505928853754,False,4,0.15943384170532227,False,0.0,-4.21246069591777,-5.601855568074768,-2.513301859341823,CENTER,0.0,0.9965374362354252,0.03364497445960978,NORMAL,STABLE,NORMAL,NO_ACTION,False,0.0
2026-08-12T00:42:40.274072,0.4885725630591149,0.003432170570279734,0.14595660749506903,False,4,0.15943384170532227,False,0.0,-5.033155240402806,1.5144452121630536,-3.696415200047454,CENTER,0.0,0.9962848159936557,0.0324783227508266,NORMAL,STABLE,NORMAL,NO_ACTION,False,0.0
2026-08-12T00:42:40.321407,0.4634316899166372,0.0023252163907890606,0.14566929133858267,False,4,0.15943384170532227,False,0.0,-4.610263945821458,-4.116785739150515,-2.66908802254585,CENTER,0.0,0.9968172501929011,0.03281762615414263,NORMAL,STABLE,NORMAL,NO_ACTION,False,0.0
2026-08-12T00:42:40.373556,0.47070784601956034,0.0022058326399122296,0.14538310412573674,False,4,0.15943384170532227,False,0.0,-5.27030850243338,-3.3785250989908207,-2.8438492873151233,CENTER,0.0,0.9970995825831619,0.032945231394860296,NORMAL,STABLE,NORMAL,NO_ACTION,False,0.0
2026-08-12T00:42:40.428033,0.4781552104350928,0.002579894731232307,0.1450980392156863,False,4,0.15943384170532227,False,0.0,-3.6404008333916806,-3.776630229535556,-2.901866169588601,CENTER,0.0,0.9970464945558984,0.031576546702414644,NORMAL,STABLE,NORMAL,NO_ACTION,False,0.0
2026-08-12T00:42:40.460261,0.4852569091640165,0.0028307267049458057,0.14481409001956946,False,4,0.15943384170532227,False,0.0,-4.270587263340133,-2.9459673553567427,-2.729026878242223,CENTER,0.0,0.9961827792781207,0.0312750572731402,NORMAL,STABLE,NORMAL,NO_ACTION,False,0.0
2026-08-12T00:42:40.524177,0.48402290035192164,0.0027006905194796103,0.14453125,False,4,0.15943384170532227,False,0.0,-4.55513897618124,-1.6092472289990667,-3.2459058337838087,CENTER,0.0,0.9959522756987311,0.030939976334243446,NORMAL,STABLE,NORMAL,NO_ACTION,False,0.0
2026-08-12T00:42:40.574140,0.4703509513045515,0.0013401686871070348,0.1442495126705653,False,4,0.15943384170532227,False,0.0,-4.8991473903043925,0.7076150426382242,-3.3176415458770236,CENTER,0.0,0.9969799838177298,0.030548275063881244,NORMAL,STABLE,NORMAL,NO_ACTION,False,0.0
2026-08-12T00:42:40.610934,0.48111890243652056,0.002682412401456196,0.14396887159533073,False,4,0.15943384170532227,False,0.0,-4.4231127638553005,-4.8570955985154285,-2.374430399726066,CENTER,0.0,0.9965492246442045,0.0320381204800419,NORMAL,STABLE,NORMAL,NO_ACTION,False,0.0
2026-08-12T00:42:40.640762,0.47549688181559624,0.002294970608820813,0.1436893203883495,False,4,0.15943384170532227,False,0.0,-4.1954228874523665,-5.597691403701333,-2.3365341091616756,CENTER,0.0,0.9960651631087106,0.03217746998247627,NORMAL,STABLE,NORMAL,NO_ACTION,False,0.0
2026-08-12T00:42:40.673628,0.4791607919332126,0.0017588047702590634,0.1434108527131783,False,4,0.15943384170532227,False,0.0,-4.50301193959217,-4.94640470029762,-2.5352775730009682,CENTER,0.0,0.9957196287722908,0.032055441874486376,NORMAL,STABLE,NORMAL,NO_ACTION,False,0.0
2026-08-12T00:42:40.708617,0.46934791463402015,0.003223500747024296,0.14313346228239845,False,4,0.15943384170532227,False,0.0,-4.2902443027283255,-5.169392101098595,-2.4031471430483577,CENTER,0.0,0.9959376205632715,0.03174566905088872,NORMAL,STABLE,NORMAL,NO_ACTION,False,0.0
2026-08-12T00:42:40.751577,0.46655783562558617,0.0028735773530264032,0.14285714285714285,False,4,0.15943384170532227,False,0.0,-4.571388879057082,-2.974662658197417,-2.6931396345108,CENTER,0.0,0.9955310008359054,0.03057241080589048,NORMAL,STABLE,NORMAL,NO_ACTION,False,0.0
2026-08-12T00:42:40.797192,0.4453177192208461,0.0011090906670373811,0.14258188824662812,False,4,0.15943384170532227,False,0.0,-4.799670322392927,0.45317121094385016,-3.476915782017983,CENTER,0.0,0.9960226444615913,0.029588280320650674,NORMAL,STABLE,NORMAL,NO_ACTION,False,0.0
2026-08-12T00:42:40.831161,0.43925596404686884,0.002672963686658462,0.1423076923076923,False,4,0.15943384170532227,False,0.0,-4.306723272432009,-2.4286668437508467,-2.8283074871559393,CENTER,0.0,0.996714945558985,0.029778653679862006,NORMAL,STABLE,NORMAL,NO_ACTION,False,0.0
2026-08-12T00:42:40.868757,0.42458437244521086,0.0027824418421625112,0.1420345489443378,False,4,0.15943384170532227,False,0.0,-4.658450492979114,-4.487383701699741,-2.4823078115745147,CENTER,0.0,0.9963589758016118,0.031134448475929617,NORMAL,STABLE,NORMAL,NO_ACTION,False,0.0
2026-08-12T00:42:40.909539,0.4150689774151052,0.003574718038618579,0.1417624521072797,False,4,0.15943384170532227,False,0.0,-4.930938664734299,-6.501791388819015,-2.1196613814420004,CENTER,0.0,0.9960171387388546,0.03236643099003075,NORMAL,STABLE,NORMAL,NO_ACTION,False,0.0
2026-08-12T00:42:40.947791,0.4271286260211077,0.0024470552973249425,0.14149139579349904,False,4,0.15943384170532227,False,0.0,-5.389554571322179,-2.0536956332167904,-2.9787829897064455,CENTER,0.0,0.9959569776663237,0.0302873216535818,NORMAL,STABLE,NORMAL,NO_ACTION,False,0.0
2026-08-12T00:42:40.983782,0.44922826690836976,0.0013577418294656088,0.14122137404580154,False,4,0.15943384170532227,False,0.0,-6.777992578823813,-0.21545529897497318,-3.1929842972591302,CENTER,0.0,0.9961281507201646,0.030367975063944046,NORMAL,STABLE,NORMAL,NO_ACTION,False,0.0
2026-08-12T00:42:41.020756,0.4208493767543777,0.0025598466633525397,0.14095238095238094,False,4,0.15943384170532227,False,0.0,-5.058755370373547,-5.660845321578421,-2.4065479142439017,CENTER,0.0,0.9954322729123799,0.03175338933436946,NORMAL,STABLE,NORMAL,NO_ACTION,False,0.0
2026-08-12T00:42:41.052584,0.4074370032720719,0.0033075884700510165,0.14068441064638784,False,4,0.15943384170532227,False,0.0,-4.71029410134895,-5.84468040573671,-2.1916208362985685,CENTER,0.0,0.995383458183299,0.03120965185247915,NORMAL,STABLE,NORMAL,NO_ACTION,False,0.0
2026-08-12T00:42:41.098354,0.4286558774784524,0.001103211433838985,0.14041745730550284,False,4,0.15943384170532227,False,0.0,-4.7170869252603325,-5.64070879288812,-2.390086001941654,CENTER,0.0,0.9952167057827503,0.031126518192328083,NORMAL,STABLE,NORMAL,NO_ACTION,False,0.0
2026-08-12T00:42:41.139297,0.4298911807459882,0.0017055892794942157,0.14015151515151514,False,4,0.15943384170532227,False,0.0,-5.002574671841984,-4.179189824833003,-2.600916901225787,CENTER,0.0,0.9949173873671125,0.03041594211220222,NORMAL,STABLE,NORMAL,NO_ACTION,False,0.0
2026-08-12T00:42:41.168701,0.40428522853207194,0.0024627484110099733,0.13988657844990549,False,4,0.15943384170532227,False,0.0,-4.958600444175232,-3.4072895311406057,-2.656632761196107,CENTER,0.0,0.9956703049982855,0.02973729697298595,NORMAL,STABLE,NORMAL,NO_ACTION,False,0.0
2026-08-12T00:42:41.199899,0.40921374622344814,0.0007619140950535019,0.13962264150943396,False,4,0.15943384170532227,False,0.0,-5.707908505276976,-1.0465747750496348,-2.8003627496070465,CENTER,0.0,0.9961921698173869,0.02876033041177077,NORMAL,STABLE,NORMAL,NO_ACTION,False,0.0
2026-08-12T00:42:41.232136,0.4141600737353569,0.0037904711410901063,0.1393596986817326,False,4,0.15943384170532227,False,0.0,-4.625092699660229,-6.9902191537308624,-2.006255062016578,CENTER,0.0,0.9959158655907062,0.031114083240916246,NORMAL,STABLE,NORMAL,NO_ACTION,False,0.0
2026-08-12T00:42:41.263762,0.41015089532841087,0.002029724904954199,0.13909774436090225,False,4,0.15943384170532227,False,0.0,-4.85331447479777,-3.1316433833848123,-2.5209595934171034,CENTER,0.0,0.9961503611539781,0.028911767430435956,NORMAL,STABLE,NORMAL,NO_ACTION,False,0.0
2026-08-12T00:42:41.293892,0.41724305815882656,0.0031627890092813618,0.13883677298311445,False,4,0.15943384170532227,False,0.0,-5.0503324621966215,-2.3384662297273735,-2.636702614964946,CENTER,0.0,0.995988940329218,0.02850960884288628,NORMAL,STABLE,NORMAL,NO_ACTION,False,0.0
2026-08-12T00:42:41.330174,0.41955742610353,0.002485740729049734,0.13857677902621723,False,4,0.15943384170532227,False,0.0,-4.268081777690213,-5.65932944093899,-2.3964869941332836,CENTER,0.0,0.9951373483581962,0.029793415889616807,NORMAL,STABLE,NORMAL,NO_ACTION,False,0.0
2026-08-12T00:42:41.364095,0.4190413612448596,0.0010235806512138405,0.1383177570093458,False,4,0.15943384170532227,False,0.0,-4.05257683034435,-5.594266804345295,-2.4893365568611046,CENTER,0.0,0.9950731685099451,0.0294988026066016,NORMAL,STABLE,NORMAL,NO_ACTION,False,0.0
2026-08-12T00:42:41.392984,0.4063648387759006,0.00404329473466029,0.13805970149253732,False,4,0.15943384170532227,False,0.0,-4.8259420734084415,-4.516236405332563,-2.6199154240316602,CENTER,0.0,0.9963821909293553,0.029461662036543757,NORMAL,STABLE,NORMAL,NO_ACTION,False,0.0
2026-08-12T00:42:41.419584,0.4401501557755989,0.0025028553626394727,0.1378026070763501,False,4,0.15943384170532227,False,0.0,-3.6958135417687856,-7.120391483636524,-2.190810146819473,CENTER,0.0,0.9963411458333333,0.02971240908759011,NORMAL,STABLE,NORMAL,NO_ACTION,False,0.0
2026-08-12T00:42:41.449646,0.40601644442435575,0.002360958348820869,0.137546468401487,False,4,0.15943384170532227,False,0.0,-4.414069830685037,-6.50195454118014,-2.336847189701075,CENTER,0.0,0.9959853234310699,0.02996997331493059,NORMAL,STABLE,NORMAL,NO_ACTION,False,0.0
2026-08-12T00:42:41.480900,0.4032707046543933,0.0026137255669122306,0.137291280148423,False,4,0.15943384170532227,False,0.0,-4.919109173496025,1.0730613020124338,-3.4532124762820047,CENTER,0.0,0.9961734423225309,0.02748286445508081,NORMAL,STABLE,NORMAL,NO_ACTION,False,0.0
2026-08-12T00:42:41.519467,0.28364241515617,0.003059832661555115,0.13703703703703704,False,4,0.15943384170532227,False,0.0,-6.287703112321736,-5.350832712820591,-2.335208881106439,CENTER,0.0,0.9957224151234568,0.052496666818778286,NORMAL,STABLE,NORMAL,NO_ACTION,False,0.0
2026-08-12T00:42:41.546368,0.10035321209899578,0.0017977303600083356,0.13863216266173753,True,4,0.15943384170532227,False,0.0,-7.186380147630246,-2.5744106899080066,-2.981395317320505,UP,0.0,0.994840575167181,0.25696656912871785,LOW,STABLE,NORMAL,NO_ACTION,False,0.0
2026-08-12T00:42:41.573295,0.13308195072790102,0.0032266517244115174,0.14022140221402213,True,4,0.15943384170532227,False,0.02692699432373047,-5.315442507594497,-5.026543259359471,-2.6270322617923227,UP,0.02692699432373047,0.9950537310313787,0.2573892913870691,LOW,STABLE,NORMAL,NO_ACTION,False,0.02692699432373047
2026-08-12T00:42:41.604437,0.2751740586097935,0.0018653898421883098,0.13996316758747698,False,5,0.058069467544555664,False,0.0,-4.103601864343233,-7.802022815116487,-2.3933739198146213,UP,0.058069467544555664,0.9961853512945815,0.09097398028745367,NORMAL,STABLE,NORMAL,NO_ACTION,False,0.0
2026-08-12T00:42:41.631951,0.34462810896509055,0.003791953034426413,0.13970588235294118,False,5,0.058069467544555664,False,0.0,-5.0465195301231915,-7.682773824741872,-2.322715203415896,UP,0.08558273315429688,0.9960755449459876,0.05849791127478477,NORMAL,STABLE,NORMAL,NO_ACTION,False,0.0
2026-08-12T00:42:41.659830,0.3485174471302577,0.001980407994520608,0.13944954128440368,False,5,0.058069467544555664,False,0.0,-5.59304344813205,-2.4375477341842497,-3.280267956587977,UP,0.11346173286437988,0.9956651609653635,0.056029892025139375,NORMAL,STABLE,NORMAL,NO_ACTION,False,0.0
2026-08-12T00:42:41.686566,0.3638832101446324,0.005110948558189324,0.1391941391941392,False,5,0.058069467544555664,False,0.0,-5.500416062745842,-4.949588752178784,-2.730127350120881,UP,0.1401984691619873,0.9954456688314473,0.057097481056403714,NORMAL,STABLE,NORMAL,NO_ACTION,False,0.0
2026-08-12T00:42:41.718473,0.38093496590445225,0.002324935578953987,0.13893967093235832,False,5,0.058069467544555664,False,0.0,-4.811824247988056,-4.314233447918895,-2.89274723890162,UP,0.1721055507659912,0.9947677683470506,0.056004887721495825,NORMAL,STABLE,NORMAL,NO_ACTION,False,0.0
2026-08-12T00:42:41.753025,0.39358822690027395,0.001585199976451983,0.1386861313868613,False,5,0.058069467544555664,False,0.0,-5.262417154574109,-2.151604965699505,-3.093130134997949,UP,0.20665669441223145,0.993849263760288,0.054943085188245984,NORMAL,STABLE,NORMAL,NO_ACTION,False,0.0
2026-08-12T00:42:41.787746,0.39290165325313037,0.0024241794662469107,0.1384335154826958,False,5,0.058069467544555664,False,0.0,-3.967233049845248,-7.991437539756589,-2.427005895521063,CENTER,0.0,0.9950674484525035,0.03114576680078411,NORMAL,STABLE,NORMAL,NO_ACTION,False,0.0
2026-08-12T00:42:41.817024,0.3980602411004414,0.002290491148833708,0.13818181818181818,False,5,0.058069467544555664,False,0.0,-4.661167035311479,-5.7971099285149705,-2.5119988287343347,CENTER,0.0,0.9958175395447532,0.030185203760214017,NORMAL,STABLE,NORMAL,NO_ACTION,False,0.0
2026-08-12T00:42:41.842680,0.4174926734578569,0.002511592825841207,0.13793103448275862,False,5,0.058069467544555664,False,0.0,-4.5931934433364745,-6.532308250855124,-2.195305836812139,CENTER,0.0,0.9960718610682442,0.0302203688034363,NORMAL,STABLE,NORMAL,NO_ACTION,False,0.0
2026-08-12T00:42:41.871521,0.41462547578461206,0.003167117004485438,0.13768115942028986,False,5,0.058069467544555664,False,0.0,-4.50011208323383,-7.083196099269742,-2.3817274600790768,CENTER,0.0,0.9952924329132372,0.030583177934659575,NORMAL,STABLE,NORMAL,NO_ACTION,False,0.0
2026-08-12T00:42:41.896693,0.42488751396131724,0.0023620861826710924,0.13743218806509946,False,5,0.058069467544555664,False,0.0,-3.2886920117705927,-6.8762487247254285,-2.29123532078043,CENTER,0.0,0.9951209785450962,0.029055537024345005,NORMAL,STABLE,NORMAL,NO_ACTION,False,0.0
2026-08-12T00:42:41.924056,0.42668518727717075,0.002934808471559369,0.1371841155234657,False,5,0.058069467544555664,False,0.0,-3.442260557618823,-7.302853677838073,-2.2064109665956835,CENTER,0.0,0.9951154862182785,0.02930580244126691,NORMAL,STABLE,NORMAL,NO_ACTION,False,0.0
2026-08-12T00:42:41.958661,0.4266906222643173,0.003241331405416521,0.13693693693693693,False,5,0.058069467544555664,False,0.0,-3.0279607454597226,-9.619189291629198,-1.9347539177753958,CENTER,0.0,0.9947801327803497,0.030194571151093738,NORMAL,STABLE,NORMAL,NO_ACTION,False,0.0
2026-08-12T00:42:41.986448,0.42681504634999906,0.002354451542720141,0.1366906474820144,False,5,0.058069467544555664,False,0.0,-3.7608068254083946,-7.108781680990177,-2.1674298674886074,CENTER,0.0,0.9954587566443758,0.029188116214882404,NORMAL,STABLE,NORMAL,NO_ACTION,False,0.0
2026-08-12T00:42:42.019565,0.4335460306964089,0.0018812735950864,0.13644524236983843,False,5,0.058069467544555664,False,0.0,-3.668204103159468,-10.108781310185122,-1.9515950901339068,CENTER,0.0,0.9958830455889919,0.030935066169150236,NORMAL,STABLE,NORMAL,NO_ACTION,False,0.0
2026-08-12T00:42:42.043511,0.4271904348967381,0.002868791566101897,0.13620071684587814,False,5,0.058069467544555664,False,0.0,-5.31703630823057,-3.1352143259926493,-2.645978523251813,CENTER,0.0,0.9956441025805898,0.028032768236842722,NORMAL,STABLE,NORMAL,NO_ACTION,False,0.0
2026-08-12T00:42:42.077446,0.43398926299166896,0.0008213799241271559,0.13595706618962433,False,5,0.058069467544555664,False,0.0,-4.127428185487275,-6.471404793074015,-2.180203586310313,CENTER,0.0,0.9956201238854596,0.028726341225615147,NORMAL,STABLE,NORMAL,NO_ACTION,False,0.0
2026-08-12T00:42:42.106588,0.436101730212623,0.0013237482412748417,0.1357142857142857,False,5,0.058069467544555664,False,0.0,-4.268603990291439,-6.609502541932812,-2.2241943120926635,CENTER,0.0,0.9959314182527435,0.02888299676194568,NORMAL,STABLE,NORMAL,NO_ACTION,False,0.0
2026-08-12T00:42:42.141517,0.4002487738764343,0.00269665353104932,0.1354723707664884,False,5,0.058069467544555664,False,0.0,-5.053174436605133,-4.441749219511763,-2.5258276556058092,CENTER,0.0,0.9955526352451989,0.028242413686131753,NORMAL,STABLE,NORMAL,NO_ACTION,False,0.0
2026-08-12T00:42:42.170518,0.41313268390642355,0.003928226168043764,0.13523131672597866,False,5,0.058069467544555664,False,0.0,-3.992163584182123,-8.313672946973526,-2.2558661169182415,CENTER,0.0,0.9953967469350138,0.029636598907233525,NORMAL,STABLE,NORMAL,NO_ACTION,False,0.0
2026-08-12T00:42:42.202706,0.4342313081029364,0.00287048848998673,0.1349911190053286,False,5,0.058069467544555664,False,0.0,-4.276437545648719,-8.534961686063241,-1.84355313505975,CENTER,0.0,0.9961797518004115,0.029553022857355157,NORMAL,STABLE,NORMAL,NO_ACTION,False,0.0
2026-08-12T00:42:42.235317,0.41303717503085546,0.002497413736016926,0.1347517730496454,False,5,0.058069467544555664,False,0.0,-4.840223854684325,-6.677739093571972,-2.2387303601787494,CENTER,0.0,0.9962696116255143,0.02901546881782615,NORMAL,STABLE,NORMAL,NO_ACTION,False,0.0
2026-08-12T00:42:42.267152,0.4142321616539655,0.0054974902908956555,0.13451327433628318,False,5,0.058069467544555664,False,0.0,-3.5707865479804752,-6.123407775031154,-2.161510059396079,CENTER,0.0,0.9957790932570302,0.02719908766461929,NORMAL,STABLE,NORMAL,NO_ACTION,False,0.0
2026-08-12T00:42:42.314312,0.43605113400226403,0.0021147652219717194,0.13427561837455831,False,5,0.058069467544555664,False,0.0,-3.94202771830723,-7.2175279107854635,-2.101528375033979,CENTER,0.0,0.995749568651406,0.028170188916434264,NORMAL,STABLE,NORMAL,NO_ACTION,False,0.0
2026-08-12T00:42:42.346783,0.4419243393574288,0.0018994187018597337,0.13403880070546736,False,5,0.058069467544555664,False,0.0,-4.799330322612093,-5.093749606101767,-2.314036001205153,CENTER,0.0,0.9960313250171469,0.027548127824520083,NORMAL,STABLE,NORMAL,NO_ACTION,False,0.0
2026-08-12T00:42:42.378695,0.45078814874068995,0.001587696773784815,0.13380281690140844,False,5,0.058069467544555664,False,0.0,-4.867290896325187,-0.4386188220620113,-3.1303323406735046,CENTER,0.0,0.9953947643389919,0.02491960368004404,NORMAL,STABLE,NORMAL,NO_ACTION,False,0.0
2026-08-12T00:42:42.410209,0.44560893657121753,0.002147198689261353,0.1335676625659051,False,5,0.058069467544555664,False,0.0,-4.247037438423007,-9.616086584768567,-1.9737106546346013,CENTER,0.0,0.9954395468964334,0.029719132720822362,NORMAL,STABLE,NORMAL,NO_ACTION,False,0.0
2026-08-12T00:42:42.442039,0.4555570798028124,0.0018435381888803142,0.13333333333333333,False,5,0.058069467544555664,False,0.0,-3.9689042547368274,-8.651930864936986,-1.6538142892651706,CENTER,0.0,0.9957068356695817,0.028329753111493446,NORMAL,STABLE,NORMAL,NO_ACTION,False,0.0
2026-08-12T00:42:42.475503,0.40356934459084537,0.0021921659662773874,0.1330998248686515,False,5,0.058069467544555664,False,0.0,-4.255477862731141,-5.840419902713251,-2.411298218505607,CENTER,0.0,0.9954581672239369,0.02718785192377255,NORMAL,STABLE,NORMAL,NO_ACTION,False,0.0
2026-08-12T00:42:42.506260,0.3594346450030368,0.003828149995201638,0.13286713286713286,False,5,0.058069467544555664,False,0.0,-4.84830170239843,-4.131314357740223,-2.2451266139174493,CENTER,0.0,0.9949292293595678,0.026248002218757067,NORMAL,STABLE,NORMAL,NO_ACTION,False,0.0
2026-08-12T00:42:42.538210,0.16910178257659353,0.0015431380813634243,0.1343804537521815,True,5,0.058069467544555664,False,0.0,-5.472772448335093,-3.1410567437786767,-2.2597809323690683,UP,0.0,0.9960304810742455,0.2274358869370028,LOW,STABLE,NORMAL,NO_ACTION,False,0.0
2026-08-12T00:42:42.570281,0.2092357283042368,0.0011907393961226526,0.13588850174216027,True,5,0.058069467544555664,False,0.03207111358642578,-5.1176461038436685,-5.6976786699768525,-1.8910770387343518,UP,0.03207111358642578,0.9959066893861453,0.17582741075326722,NORMAL,STABLE,NORMAL,NO_ACTION,False,0.03207111358642578
2026-08-12T00:42:42.634854,0.3593114390737353,0.00184360456208357,0.1356521739130435,False,6,0.09664440155029297,False,0.0,-5.239030457051655,-3.441603637290683,-2.4372124152336028,UP,0.09664440155029297,0.9960054976851852,0.05370362716417304,NORMAL,STABLE,NORMAL,NO_ACTION,False,0.0
2026-08-12T00:42:42.666400,0.3884421459163345,0.004030540763193963,0.13541666666666666,False,6,0.09664440155029297,False,0.0,-5.895030316454125,-0.9117734164497904,-2.8474565397846163,UP,0.128190279006958,0.9960654176311728,0.05278552740307326,NORMAL,STABLE,NORMAL,NO_ACTION,False,0.0
2026-08-12T00:42:42.698277,0.3856846025762045,0.0017461278177540052,0.13518197573656845,False,6,0.09664440155029297,False,0.0,-4.861324958388963,-9.183261471188615,-1.389607930945914,UP,0.16006779670715332,0.9955528227880659,0.05624276023165033,NORMAL,STABLE,NORMAL,NO_ACTION,False,0.0
2026-08-12T00:42:42.724611,0.3774827434946258,0.0018209509505034218,0.13494809688581316,False,6,0.09664440155029297,False,0.0,-4.45459534735582,-9.389665007332866,-1.6665816884878097,CENTER,0.0,0.9954744700574416,0.03014993994568159,NORMAL,STABLE,NORMAL,NO_ACTION,False,0.0
2026-08-12T00:42:42.750001,0.42092839177309094,0.002959671644282309,0.13471502590673576,False,6,0.09664440155029297,False,0.0,-4.622073477394423,-6.0483566275714225,-2.385612865436059,CENTER,0.0,0.9952936921296296,0.028473912921932146,NORMAL,STABLE,NORMAL,NO_ACTION,False,0.0
2026-08-12T00:42:42.776147,0.3986915226467254,0.005316570390349323,0.13448275862068965,False,6,0.09664440155029297,False,0.0,-3.9702331727345666,-6.057953801718867,-2.0763824270183306,CENTER,0.0,0.9961969119727366,0.0274392350409779,NORMAL,STABLE,NORMAL,NO_ACTION,False,0.0
2026-08-12T00:42:42.797210,0.41044173625081865,0.0029296205613564695,0.1342512908777969,False,6,0.09664440155029297,False,0.0,-4.702534553814928,-2.2217809095027974,-2.633992054501107,CENTER,0.0,0.9963597259730796,0.0257950683852511,NORMAL,STABLE,NORMAL,NO_ACTION,False,0.0
2026-08-12T00:42:42.842762,0.40771966604855914,0.004630706049167865,0.13402061855670103,False,6,0.09664440155029297,False,0.0,-4.175558054371891,-9.550603687698242,-1.9323006350751086,CENTER,0.0,0.9954232574588477,0.029789609198192648,NORMAL,STABLE,NORMAL,NO_ACTION,False,0.0
2026-08-12T00:42:42.874097,0.3699020878921136,0.0015674772232339067,0.13379073756432247,False,6,0.09664440155029297,False,0.0,-4.422254655655564,-6.690090328033847,-2.1575450303281514,CENTER,0.0,0.9955575247556584,0.028063204087058886,NORMAL,STABLE,NORMAL,NO_ACTION,False,0.0
2026-08-12T00:42:42.905947,0.22457990349447016,0.0019853720586410504,0.13356164383561644,False,6,0.09664440155029297,False,0.0,-5.928232932633904,-3.965982260633126,-2.58399462313389,UP,0.0,0.9956579941486625,0.1544022309819335,NORMAL,STABLE,NORMAL,NO_ACTION,False,0.0
2026-08-12T00:42:42.938343,0.06195717422895472,0.002263618631426367,0.13504273504273503,True,6,0.09664440155029297,False,0.0,-6.198544823907213,-5.912559591455647,-2.441614777364549,UP,0.032395124435424805,0.9960291548782578,0.2561117031386435,LOW,STABLE,NORMAL,NO_ACTION,False,0.0
2026-08-12T00:42:42.970078,0.06244312519656414,0.0023302894963011947,0.13651877133105803,True,6,0.09664440155029297,False,0.03173565864562988,-6.305066727372235,-4.729283030182273,-2.3823002324510867,UP,0.06413078308105469,0.9966296001586077,0.2560405915930831,LOW,STABLE,NORMAL,NO_ACTION,False,0.03173565864562988
2026-08-12T00:42:43.034241,0.26676252235980746,0.00459509856242719,0.1362862010221465,False,7,0.09589838981628418,False,0.0,-4.862679964005679,-4.769229132531848,-2.35747094871752,UP,0.12829351425170898,0.9959102125128602,0.09885691854300308,NORMAL,STABLE,NORMAL,NO_ACTION,False,0.0
2026-08-12T00:42:43.067488,0.29925203374882997,0.0019531469608984,0.1360544217687075,False,7,0.09589838981628418,False,0.0,-4.71929014144709,-5.717570153475066,-1.9708972091360408,UP,0.16154050827026367,0.9953860703875171,0.05559625807509619,NORMAL,STABLE,NORMAL,NO_ACTION,False,0.0
2026-08-12T00:42:43.097816,0.36022047937155854,0.002583703844959726,0.13582342954159593,False,7,0.09589838981628418,False,0.0,-6.193482361913311,3.2416857596420243,-3.357097189790778,UP,0.19186854362487793,0.9952654669281549,0.055449786646995215,NORMAL,STABLE,NORMAL,NO_ACTION,False,0.0
2026-08-12T00:42:43.130000,0.3815764209590098,0.0031479303387927796,0.13559322033898305,False,7,0.09589838981628418,False,0.0,-5.497725189216965,-0.626889663694925,-2.9179578600874265,UP,0.22405290603637695,0.9956176590363512,0.05235335490000875,NORMAL,STABLE,NORMAL,NO_ACTION,False,0.0
2026-08-12T00:42:43.162777,0.38493850659840717,0.0036951133489025716,0.1353637901861252,False,7,0.09589838981628418,False,0.0,-4.169902082997879,-3.962219500653589,-2.255207823344648,UP,0.25682997703552246,0.9956400570130316,0.05273064093853115,NORMAL,STABLE,NORMAL,NO_ACTION,False,0.0
2026-08-12T00:42:43.194565,0.4111724055219581,0.0029230771126042875,0.13513513513513514,False,7,0.09589838981628418,False,0.0,-4.313868441051312,-4.679358933620051,-2.3932724067111053,CENTER,0.0,0.996364414544753,0.027405832798953266,NORMAL,STABLE,NORMAL,NO_ACTION,False,0.0
2026-08-12T00:42:43.227390,0.4358318097386139,0.003241231583787924,0.13490725126475547,False,7,0.09589838981628418,False,0.0,-4.724498611156264,-3.0514348164030594,-2.4592683704875355,CENTER,0.0,0.996427978180727,0.026575141204325824,NORMAL,STABLE,NORMAL,NO_ACTION,False,0.0
2026-08-12T00:42:43.254931,0.4301309606145027,0.0020349710150251543,0.13468013468013468,False,7,0.09589838981628418,False,0.0,-4.30244208912282,-2.883304848327896,-2.265208686735292,CENTER,0.0,0.9964788558813443,0.025746858625797148,NORMAL,STABLE,NORMAL,NO_ACTION,False,0.0
2026-08-12T00:42:43.280700,0.46727915081726734,0.0016418543957257086,0.13445378151260504,False,7,0.09589838981628418,False,0.0,-3.7020913229010546,-6.494334594253644,-1.9377267872371817,CENTER,0.0,0.9956416109396434,0.02734817947672993,NORMAL,STABLE,NORMAL,NO_ACTION,False,0.0
2026-08-12T00:42:43.305942,0.47886667750657985,0.0017455787496998153,0.1342281879194631,False,7,0.09589838981628418,False,0.0,-3.683411492932862,-7.315651527308688,-2.124675083389178,CENTER,0.0,0.9954320853695131,0.027990592321468298,NORMAL,STABLE,NORMAL,NO_ACTION,False,0.0
2026-08-12T00:42:43.331505,0.4854141344339906,0.0029209953168257106,0.13400335008375208,False,7,0.09589838981628418,False,0.0,-4.216493037469945,-8.622519736598406,-1.7452403585615173,CENTER,0.0,0.9955037669324416,0.028969978862634815,NORMAL,STABLE,NORMAL,NO_ACTION,False,0.0
2026-08-12T00:42:43.371076,0.4889189125859685,0.0015026636450410473,0.13377926421404682,False,7,0.09589838981628418,False,0.0,-4.70517856812242,-0.7200305510422425,-2.8668696936836398,CENTER,0.0,0.9959562944744513,0.024701256201552342,NORMAL,STABLE,NORMAL,NO_ACTION,False,0.0
2026-08-12T00:42:43.435396,0.4608138969981497,0.005974951243100041,0.1335559265442404,False,7,0.09589838981628418,False,0.0,-3.6932670195253934,-8.59557998787352,-2.006037407163575,CENTER,0.0,0.9965666929226681,0.02847410122980341,NORMAL,STABLE,NORMAL,NO_ACTION,False,0.0
2026-08-12T00:42:43.466625,0.47388656041450306,0.002838919044218477,0.13333333333333333,False,7,0.09589838981628418,False,0.0,-4.684625499594375,-6.496151133547073,-2.3179399833724403,CENTER,0.0,0.9961088739926269,0.028101542580048336,NORMAL,STABLE,NORMAL,NO_ACTION,False,0.0
2026-08-12T00:42:43.498511,0.4620709552652487,0.0022522371317153515,0.13311148086522462,False,7,0.09589838981628418,False,0.0,-4.3349145307366825,-6.542705463554938,-1.9596196659323084,CENTER,0.0,0.9956728502229082,0.027342431012342495,NORMAL,STABLE,NORMAL,NO_ACTION,False,0.0
2026-08-12T00:42:43.530784,0.44927282844611205,0.0020706945548492873,0.132890365448505,False,7,0.09589838981628418,False,0.0,-3.7062247701713886,-4.9368219035563925,-1.9469994314899566,CENTER,0.0,0.995748764896262,0.025454510737680073,NORMAL,STABLE,NORMAL,NO_ACTION,False,0.0
2026-08-12T00:42:43.562223,0.48252484182029187,0.0027532957977798016,0.13266998341625208,False,7,0.09589838981628418,False,0.0,-4.17799369674222,-6.332329566299251,-2.036271449674615,CENTER,0.0,0.9962621099108367,0.02689244801737319,NORMAL,STABLE,NORMAL,NO_ACTION,False,0.0
2026-08-12T00:42:43.595183,0.46218598016357787,0.0034842620383185524,0.13245033112582782,False,7,0.09589838981628418,False,0.0,-3.327123151219041,-9.16235885497386,-1.7317895145979492,CENTER,0.0,0.9969035600994515,0.027713970265996576,NORMAL,STABLE,NORMAL,NO_ACTION,False,0.0
2026-08-12T00:42:43.626154,0.4707963998129795,0.0038183387538134645,0.1322314049586777,False,7,0.09589838981628418,False,0.0,-3.657441794973039,-4.190984172419405,-2.2168508176600312,CENTER,0.0,0.9968004785022291,0.024799250601214334,NORMAL,STABLE,NORMAL,NO_ACTION,False,0.0
2026-08-12T00:42:43.659074,0.46257389981340813,0.003066481516493914,0.132013201320132,False,7,0.09589838981628418,False,0.0,-4.174553993512376,-6.333539650042525,-1.880687068791076,CENTER,0.0,0.9970105399091221,0.026411796615462994,NORMAL,STABLE,NORMAL,NO_ACTION,False,0.0
2026-08-12T00:42:43.690581,0.46259973684882183,0.005300642169524439,0.13179571663920922,False,7,0.09589838981628418,False,0.0,-4.454247312470329,-7.508235243682208,-1.6016892663351712,CENTER,0.0,0.9964590031292867,0.027152115293706314,NORMAL,STABLE,NORMAL,NO_ACTION,False,0.0
2026-08-12T00:42:43.722445,0.44305255434206864,0.003751670223527629,0.13157894736842105,False,7,0.09589838981628418,False,0.0,-4.116969224141457,-5.424098582076283,-1.8967244208876366,CENTER,0.0,0.9952286549425583,0.025497842466478814,NORMAL,STABLE,NORMAL,NO_ACTION,False,0.0
2026-08-12T00:42:43.754212,0.4326967850857405,0.006116285300192643,0.13136288998357964,False,7,0.09589838981628418,False,0.0,-4.82307178959735,-3.837341437485094,-2.2336904536946633,CENTER,0.0,0.996086583183299,0.025248258930921363,NORMAL,STABLE,NORMAL,NO_ACTION,False,0.0
2026-08-12T00:42:43.780146,0.4253459673345996,0.007265658539152682,0.13114754098360656,False,7,0.09589838981628418,False,0.0,-4.558233534033292,-4.487113968915764,-2.147500357661613,CENTER,0.0,0.9960507892875515,0.025271837290985685,NORMAL,STABLE,NORMAL,NO_ACTION,False,0.0
2026-08-12T00:42:43.818246,0.4139139498715749,0.0024581904165598234,0.1309328968903437,False,7,0.09589838981628418,False,0.0,-4.809353924842412,-5.531793571042101,-2.0578273575289643,CENTER,0.0,0.9968297217935527,0.02607447392580062,NORMAL,STABLE,NORMAL,NO_ACTION,False,0.0
2026-08-12T00:42:43.850531,0.3913837056317344,0.003098230901321563,0.13071895424836602,False,7,0.09589838981628418,False,0.0,-4.90739064248416,-5.967789490126563,-2.0563581689742705,CENTER,0.0,0.9967421124828532,0.02637537950030846,NORMAL,STABLE,NORMAL,NO_ACTION,False,0.0
2026-08-12T00:42:43.898731,0.43400094276307777,0.002632551590415997,0.13050570962479607,False,7,0.09589838981628418,False,0.0,-4.8978976306362085,-4.835096388688612,-2.206891089985021,CENTER,0.0,0.9965683942043896,0.025586517268530624,NORMAL,STABLE,NORMAL,NO_ACTION,False,0.0
2026-08-12T00:42:43.930096,0.41717344731511086,0.0029084203315437067,0.13029315960912052,False,7,0.09589838981628418,False,0.0,-4.948140164310132,-4.728706420572536,-2.1448357012275494,CENTER,0.0,0.9953709731867283,0.025392029719565598,NORMAL,STABLE,NORMAL,NO_ACTION,False,0.0
2026-08-12T00:42:43.961825,0.39724246602241425,0.001952965666767043,0.13008130081300814,False,7,0.09589838981628418,False,0.0,-5.144133860153801,-7.328230943182717,-1.8957355770136814,CENTER,0.0,0.9954680935999657,0.027112395175334345,NORMAL,STABLE,NORMAL,NO_ACTION,False,0.0
2026-08-12T00:42:43.993895,0.4179804016174298,0.004777008746703722,0.12987012987012986,False,7,0.09589838981628418,False,0.0,-6.335439889300346,-0.37768152609751837,-2.9362919084504995,CENTER,0.0,0.9966936996313444,0.02413616924989543,NORMAL,STABLE,NORMAL,NO_ACTION,False,0.0
2026-08-12T00:42:44.025864,0.40357213477839143,0.0022051462917119452,0.12965964343598055,False,7,0.09589838981628418,False,0.0,-5.577043539455872,-6.395778270664238,-2.1038283925972223,CENTER,0.0,0.9969181750471536,0.026845390107298903,NORMAL,STABLE,NORMAL,NO_ACTION,False,0.0
2026-08-12T00:42:44.059436,0.43011695402445865,0.004478815351791442,0.12944983818770225,False,7,0.09589838981628418,False,0.0,-4.647805433194321,-3.742445061932443,-2.22230437239989,CENTER,0.0,0.996850673010974,0.024043457377300466,NORMAL,STABLE,NORMAL,NO_ACTION,False,0.0
2026-08-12T00:42:44.090711,0.42481583147720037,0.0021423549869779854,0.12924071082390953,False,7,0.09589838981628418,False,0.0,-4.745522061709011,-3.688429608001087,-2.168176496831535,CENTER,0.0,0.9967583349408436,0.023941856888920518,NORMAL,STABLE,NORMAL,NO_ACTION,False,0.0
2026-08-12T00:42:44.121920,0.42686316842066335,0.0034827760885515033,0.12903225806451613,False,7,0.09589838981628418,False,0.0,-5.415573859710975,-6.4988023672812005,-2.056083339434508,CENTER,0.0,0.9962178497942388,0.026404637674471612,NORMAL,STABLE,NORMAL,NO_ACTION,False,0.0
2026-08-12T00:42:44.153850,0.43018211074784474,0.0023168417025198687,0.1288244766505636,False,7,0.09589838981628418,False,0.0,-5.1434697108658725,-5.274072742199962,-2.39210570943564,CENTER,0.0,0.9960363484867971,0.02547777089567952,NORMAL,STABLE,NORMAL,NO_ACTION,False,0.0
2026-08-12T00:42:44.185925,0.43414540766812537,0.002770361458911988,0.12861736334405144,False,7,0.09589838981628418,False,0.0,-6.063240829229613,-2.1325026089510004,-2.946189026002912,CENTER,0.0,0.9961328258959191,0.024524569713158688,NORMAL,STABLE,NORMAL,NO_ACTION,False,0.0
2026-08-12T00:42:44.219821,0.4272682923535749,0.002168837757874469,0.12841091492776885,False,7,0.09589838981628418,False,0.0,-5.3266376822851385,-5.154950963221921,-2.5479413084696034,CENTER,0.0,0.996395881558642,0.025511405521012227,NORMAL,STABLE,NORMAL,NO_ACTION,False,0.0
2026-08-12T00:42:44.250924,0.4065935434384118,0.005393019506351711,0.1282051282051282,False,7,0.09589838981628418,False,0.0,-4.699220752785152,-3.6021768415494932,-2.661417686644654,CENTER,0.0,0.9967430769890262,0.023792158466837802,NORMAL,STABLE,NORMAL,NO_ACTION,False,0.0
2026-08-12T00:42:44.282631,0.4298717986279051,0.005364401900691734,0.128,False,7,0.09589838981628418,False,0.0,-5.8757000948512825,-1.2244959712260197,-3.1749365886216765,CENTER,0.0,0.9958439964849107,0.02359978611885942,NORMAL,STABLE,NORMAL,NO_ACTION,False,0.0
2026-08-12T00:42:44.315930,0.4358006659599695,0.0024458346036507115,0.12779552715654952,False,7,0.09589838981628418,False,0.0,-6.234247760572714,-2.3561048193685394,-3.075388132545754,CENTER,0.0,0.995496050883059,0.024564229400451297,NORMAL,STABLE,NORMAL,NO_ACTION,False,0.0
2026-08-12T00:42:44.347085,0.4388639762685196,0.0020304920525649425,0.12759170653907495,False,7,0.09589838981628418,False,0.0,-6.31458173488528,-2.3394297260327335,-3.1883069768654764,CENTER,0.0,0.9962231813700274,0.02463637127558036,NORMAL,STABLE,NORMAL,NO_ACTION,False,0.0
2026-08-12T00:42:44.377751,0.43135242544175095,0.0024060140494468443,0.12738853503184713,False,7,0.09589838981628418,False,0.0,-6.578597219006184,-0.5482267816034891,-3.60313836207456,CENTER,0.0,0.9957868360982509,0.02389484334367791,NORMAL,STABLE,NORMAL,NO_ACTION,False,0.0
2026-08-12T00:42:44.426323,0.43181773873915713,0.0021782596917209528,0.1271860095389507,False,7,0.09589838981628418,False,0.0,-6.580002152242457,0.7288973706570232,-3.7968163278071074,CENTER,0.0,0.9956496618870029,0.024111922517960557,NORMAL,STABLE,NORMAL,NO_ACTION,False,0.0
2026-08-12T00:42:44.457583,0.43126921111043326,0.002813021759467586,0.12698412698412698,False,7,0.09589838981628418,False,0.0,-5.097464349828954,0.16746616239709056,-3.660053041457161,CENTER,0.0,0.9958487386402606,0.022046176171329493,NORMAL,STABLE,NORMAL,NO_ACTION,False,0.0
2026-08-12T00:42:44.490501,0.3938882868921274,0.006006892474814777,0.12678288431061807,False,7,0.09589838981628418,False,0.0,-7.166251791164825,3.704071360416606,-4.169863706441248,CENTER,0.0,0.9953821855709876,0.026982864172563913,NORMAL,STABLE,NORMAL,NO_ACTION,False,0.0
2026-08-12T00:42:44.521522,0.40784833653165653,0.003667262203019111,0.12658227848101267,False,7,0.09589838981628418,False,0.0,-5.634560880130323,-1.2791708943450146,-3.33847840925975,CENTER,0.0,0.9950514001414608,0.022855689387316316,NORMAL,STABLE,NORMAL,NO_ACTION,False,0.0
2026-08-12T00:42:44.553499,0.40174584040857914,0.0026109931629655324,0.1263823064770932,False,7,0.09589838981628418,False,0.0,-6.809594963351998,0.8562332878055088,-3.733608988902745,CENTER,0.0,0.9955134387860083,0.023962258863392177,NORMAL,STABLE,NORMAL,NO_ACTION,False,0.0
2026-08-12T00:42:44.585604,0.40752223768920537,0.001987006612302769,0.12618296529968454,False,7,0.09589838981628418,False,0.0,-7.066147289421764,1.5617337574912256,-3.979806275439273,CENTER,0.0,0.9956884564686214,0.024856245648266925,NORMAL,STABLE,NORMAL,NO_ACTION,False,0.0
2026-08-12T00:42:44.618495,0.4142044734864701,0.007951232063381237,0.12598425196850394,False,7,0.09589838981628418,False,0.0,-6.266806182586407,5.100695618128242,-4.491290887665656,CENTER,0.0,0.9952107981824417,0.027035610739068794,NORMAL,STABLE,NORMAL,NO_ACTION,False,0.0
2026-08-12T00:42:44.650419,0.40339066355590725,0.002672094012114417,0.12578616352201258,False,7,0.09589838981628418,False,0.0,-6.9352425726787885,0.021124005589996386,-3.8018721841239085,CENTER,0.0,0.9956565072016461,0.023247781827149806,NORMAL,STABLE,NORMAL,NO_ACTION,False,0.0
2026-08-12T00:42:44.710943,0.4057005546527683,0.0023928994311778673,0.12558869701726844,False,7,0.09589838981628418,False,0.0,-6.199001437837779,1.2044116136196124,-4.056300321009985,CENTER,0.0,0.9955728898748285,0.023539677108472153,NORMAL,STABLE,NORMAL,NO_ACTION,False,0.0
2026-08-12T00:42:44.743449,0.4150077824945516,0.00419726384742639,0.12539184952978055,False,7,0.09589838981628418,False,0.0,-6.056494475376837,-3.232481729705711,-3.4134252416589277,CENTER,0.0,0.9956553819444445,0.024149676852749213,NORMAL,STABLE,NORMAL,NO_ACTION,False,0.0
2026-08-12T00:42:44.775049,0.44195270113944607,0.002449795973916883,0.12519561815336464,False,7,0.09589838981628418,False,0.0,-5.6849331018759415,-2.105394372304886,-3.6823723892568694,CENTER,0.0,0.9958917931241427,0.023138739929622995,NORMAL,STABLE,NORMAL,NO_ACTION,False,0.0
2026-08-12T00:42:44.811316,0.47792154263958575,0.008683934479034774,0.125,False,7,0.09589838981628418,False,0.0,-5.7002246229850755,-5.024559268121891,-3.1594904679166973,CENTER,0.0,0.9962271465620713,0.0246604258552527,NORMAL,STABLE,NORMAL,NO_ACTION,False,0.0
2026-08-12T00:42:44.845930,0.4525274389640781,0.003974450656883367,0.12480499219968799,False,7,0.09589838981628418,False,0.0,-5.6285304907701175,-5.108677491681959,-3.081720743638158,CENTER,0.0,0.9956681214634772,0.024479745847340785,NORMAL,STABLE,NORMAL,NO_ACTION,False,0.0
2026-08-12T00:42:44.879126,0.4886272366124379,0.006020265431657612,0.12461059190031153,False,7,0.09589838981628418,False,0.0,-6.1597469551781785,1.4392889401410969,-4.21612838534611,CENTER,0.0,0.9952846364883402,0.023336366068169943,NORMAL,STABLE,NORMAL,NO_ACTION,False,0.0
2026-08-12T00:42:44.902473,0.4726276854956509,0.002538675404279833,0.12441679626749612,False,7,0.09589838981628418,False,0.0,-5.0210131690232345,-5.696695633100347,-3.001843834474357,CENTER,0.0,0.9957470770104594,0.02404839246472562,NORMAL,STABLE,NORMAL,NO_ACTION,False,0.0
2026-08-12T00:42:44.928044,0.48984716346599166,0.0037005505834200093,0.12422360248447205,False,7,0.09589838981628418,False,0.0,-4.873629084463431,-3.9185313698387176,-3.512204280354837,CENTER,0.0,0.9955491121184844,0.0230170986199075,NORMAL,STABLE,NORMAL,NO_ACTION,False,0.0
2026-08-12T00:42:44.955770,0.4789196309287121,0.002294698489330689,0.12403100775193798,False,7,0.09589838981628418,False,0.0,-4.9715905601901795,-1.0122723107867557,-3.827868587248048,CENTER,0.0,0.9955247449417008,0.02122014268684809,NORMAL,STABLE,NORMAL,NO_ACTION,False,0.0
2026-08-12T00:42:44.986574,0.48184182786063834,0.0030661853894369223,0.1238390092879257,False,7,0.09589838981628418,False,0.0,-5.922678516450645,-2.035277951248986,-3.664933844468493,CENTER,0.0,0.9959107483496228,0.0226219432155648,NORMAL,STABLE,NORMAL,NO_ACTION,False,0.0
2026-08-12T00:42:45.019170,0.46207293014923073,0.005533308948266862,0.12364760432766615,False,7,0.09589838981628418,False,0.0,-4.866666626476842,-4.311255754039337,-3.095398916469435,CENTER,0.0,0.9965729890046298,0.022604661101624565,NORMAL,STABLE,NORMAL,NO_ACTION,False,0.0
2026-08-12T00:42:45.050119,0.4498264323052223,0.0020841530573940006,0.12345679012345678,False,7,0.09589838981628418,False,0.0,-5.690014227274418,-4.488386196977956,-3.0054683453466,CENTER,0.0,0.9961598722565158,0.0233434349776253,NORMAL,STABLE,NORMAL,NO_ACTION,False,0.0
2026-08-12T00:42:45.083077,0.45633289141555056,0.0022761052596595283,0.12326656394453005,False,7,0.09589838981628418,False,0.0,-5.549934328567389,-4.290435458494613,-3.3654418432830937,CENTER,0.0,0.9957407541366597,0.023317106857774557,NORMAL,STABLE,NORMAL,NO_ACTION,False,0.0
2026-08-12T00:42:45.114692,0.46147077520889823,0.0028741947391069038,0.12307692307692308,False,7,0.09589838981628418,False,0.0,-5.258219387852449,0.7807515820687172,-3.8735217718748913,CENTER,0.0,0.9953897542652606,0.02089586620524861,NORMAL,STABLE,NORMAL,NO_ACTION,False,0.0
2026-08-12T00:42:45.146958,0.4683883654721813,0.0026557414518647866,0.1228878648233487,False,7,0.09589838981628418,False,0.0,-5.070978596316621,-0.30467955604819963,-3.868155763379434,CENTER,0.0,0.995637150098594,0.0202720340670461,NORMAL,STABLE,NORMAL,NO_ACTION,False,0.0
2026-08-12T00:42:45.179369,0.4503505021362394,0.0020283623009943407,0.12269938650306748,False,7,0.09589838981628418,False,0.0,-5.886684033899627,-2.5955024222104726,-3.5030669359780973,CENTER,0.0,0.9956304789308984,0.022266205194123555,NORMAL,STABLE,NORMAL,NO_ACTION,False,0.0
2026-08-12T00:42:45.209381,0.46023724727162096,0.0018422460309857696,0.1225114854517611,False,7,0.09589838981628418,False,0.0,-5.61424532860957,-0.347522965298225,-3.9557393213514445,CENTER,0.0,0.9961264092506859,0.020722272308188024,NORMAL,STABLE,NORMAL,NO_ACTION,False,0.0
2026-08-12T00:42:45.242077,0.45543116788662225,0.002201162076965772,0.12232415902140673,False,7,0.09589838981628418,False,0.0,-5.767807477387464,-0.656140354469926,-3.747513876384005,CENTER,0.0,0.9962470662937244,0.020798860699970834,NORMAL,STABLE,NORMAL,NO_ACTION,False,0.0
2026-08-12T00:42:45.274208,0.47497759507303083,0.00259518796937333,0.12213740458015267,False,7,0.09589838981628418,False,0.0,-4.761920528364982,-4.196253495578674,-3.2207607960556857,CENTER,0.0,0.9957375659079218,0.021786356275214164,NORMAL,STABLE,NORMAL,NO_ACTION,False,0.0
2026-08-12T00:42:45.306268,0.4682031472938749,0.0008732633053997069,0.12195121951219512,False,7,0.09589838981628418,False,0.0,-5.790192946909542,-4.080549088851853,-3.369952185360688,CENTER,0.0,0.9956035263417353,0.022743553484676708,NORMAL,STABLE,NORMAL,NO_ACTION,False,0.0
2026-08-12T00:42:45.339998,0.4557376988640413,0.0029290276081617014,0.121765601217656,False,7,0.09589838981628418,False,0.0,-6.156052712872082,-1.5648739946044543,-4.037740917968108,CENTER,0.0,0.9960329861111111,0.021829233101295847,NORMAL,STABLE,NORMAL,NO_ACTION,False,0.0
2026-08-12T00:42:45.371242,0.4445904059321283,0.0014699872663322907,0.12158054711246201,False,7,0.09589838981628418,False,0.0,-6.004969570691713,-1.9068976503207864,-3.5417639626410846,CENTER,0.0,0.9964095721879286,0.021360628224672044,NORMAL,STABLE,NORMAL,NO_ACTION,False,0.0
2026-08-12T00:42:45.403856,0.4583957454523472,0.0013612274787261113,0.12139605462822459,False,7,0.09589838981628418,False,0.0,-5.977743378204906,0.9214694124418941,-3.9932088789473994,CENTER,0.0,0.996405874914266,0.020965190729985508,NORMAL,STABLE,NORMAL,NO_ACTION,False,0.0
2026-08-12T00:42:45.435907,0.4701733725117782,0.0026735250185723914,0.12121212121212122,False,7,0.09589838981628418,False,0.0,-5.696854024514607,-2.978304672130861,-3.5603403545339063,CENTER,0.0,0.9966599419152951,0.021671393752794425,NORMAL,STABLE,NORMAL,NO_ACTION,False,0.0
2026-08-12T00:42:45.481742,0.447544969490994,0.0028916887735898084,0.12102874432677761,False,7,0.09589838981628418,False,0.0,-5.457460300445774,0.004468314744002555,-4.023137046446919,CENTER,0.0,0.9961919956704389,0.0196470633914154,NORMAL,STABLE,NORMAL,NO_ACTION,False,0.0
2026-08-12T00:42:45.514023,0.4619791161304885,0.0019748219231295666,0.12084592145015106,False,7,0.09589838981628418,False,0.0,-5.355074586103939,0.3376172798555217,-4.002504861831767,CENTER,0.0,0.995001607510288,0.0196777978585389,NORMAL,STABLE,NORMAL,NO_ACTION,False,0.0
2026-08-12T00:42:45.547661,0.44836090134508144,0.002476231261044725,0.12066365007541478,False,7,0.09589838981628418,False,0.0,-5.534349658741519,2.7034246039266066,-4.44771036356326,CENTER,0.0,0.9956303851594649,0.021896652458318244,NORMAL,STABLE,NORMAL,NO_ACTION,False,0.0
2026-08-12T00:42:45.577712,0.4501540708213478,0.002379120316152829,0.12048192771084337,False,7,0.09589838981628418,False,0.0,-5.963680539018583,-1.088649559871783,-3.8022282808992998,CENTER,0.0,0.9966300422239369,0.020431419253027785,NORMAL,STABLE,NORMAL,NO_ACTION,False,0.0
2026-08-12T00:42:45.610462,0.4722087074805418,0.002614712360606932,0.12030075187969924,False,7,0.09589838981628418,False,0.0,-6.0871813739917116,2.654700202515386,-4.347171877982902,CENTER,0.0,0.9965453532235939,0.022115555143567767,NORMAL,STABLE,NORMAL,NO_ACTION,False,0.0
2026-08-12T00:42:45.641927,0.46331617052721663,0.0036619152892837115,0.12012012012012012,False,7,0.09589838981628418,False,0.0,-6.138057098548671,-1.4292258903635684,-3.8080322508212703,CENTER,0.0,0.9965018700703017,0.020669994428419616,NORMAL,STABLE,NORMAL,NO_ACTION,False,0.0
2026-08-12T00:42:45.674881,0.4472990409848856,0.003552450459642686,0.1199400299850075,False,7,0.09589838981628418,False,0.0,-6.051998228490618,-1.115264850513313,-3.7398897022374626,CENTER,0.0,0.996421990204904,0.020204709465982993,NORMAL,STABLE,NORMAL,NO_ACTION,False,0.0
2026-08-12T00:42:45.706617,0.4703787498862338,0.0029978273300378514,0.11976047904191617,False,7,0.09589838981628418,False,0.0,-4.752603385853348,-0.11760403013892073,-4.0247336842454615,CENTER,0.0,0.995582146454904,0.018417426276894303,NORMAL,STABLE,NORMAL,NO_ACTION,False,0.0
2026-08-12T00:42:45.737792,0.46255690962637597,0.006303788055848865,0.11958146487294469,False,7,0.09589838981628418,False,0.0,-5.712802474302208,1.5412139808687755,-3.932598333424181,CENTER,0.0,0.9957127700617284,0.020191995163428907,NORMAL,STABLE,NORMAL,NO_ACTION,False,0.0
2026-08-12T00:42:45.770914,0.44352296377148914,0.000627579915333345,0.11940298507462686,False,7,0.09589838981628418,False,0.0,-5.235570179676785,0.5289894911877582,-3.8031908828483836,CENTER,0.0,0.9966354675711592,0.01878753263745475,NORMAL,STABLE,NORMAL,NO_ACTION,False,0.0
2026-08-12T00:42:45.834829,0.4525830565936207,0.004050219518082878,0.11922503725782414,False,7,0.09589838981628418,False,0.0,-5.184369138701982,0.2736311869145709,-4.0423928430406875,CENTER,0.0,0.9964186278292182,0.018695171209287754,NORMAL,STABLE,NORMAL,NO_ACTION,False,0.0
2026-08-12T00:42:45.867316,0.45082574126564473,0.003578128680792333,0.11904761904761904,False,7,0.09589838981628418,False,0.0,-5.7505667820574615,2.2304107382414884,-4.347990482586653,CENTER,0.0,0.9965081393604253,0.020859198348863444,NORMAL,STABLE,NORMAL,NO_ACTION,False,0.0
2026-08-12T00:42:45.889501,0.4515484396243831,0.006159323824578214,0.1188707280832095,False,7,0.09589838981628418,False,0.0,-6.557153799884077,4.315705056073568,-4.675824411787886,CENTER,0.0,0.9964876703960905,0.02336920411926792,NORMAL,STABLE,NORMAL,NO_ACTION,False,0.0
2026-08-12T00:42:45.915555,0.4496669251282326,0.0011825151143634919,0.11869436201780416,False,7,0.09589838981628418,False,0.0,-6.556422764947598,-0.4185889741123674,-3.880405995275197,CENTER,0.0,0.9960376077031893,0.019699774814864443,NORMAL,STABLE,NORMAL,NO_ACTION,False,0.0
2026-08-12T00:42:45.939765,0.4545528675666375,0.0011047999711395464,0.11851851851851852,False,7,0.09589838981628418,False,0.0,-6.386917559202487,1.470577396553466,-4.29343069281984,CENTER,0.0,0.9957588252314815,0.020606122732791596,NORMAL,STABLE,NORMAL,NO_ACTION,False,0.0
2026-08-12T00:42:45.965296,0.46577307666298273,0.0012374037267842927,0.11834319526627218,False,7,0.09589838981628418,False,0.0,-5.8318279292742545,0.31978450530013447,-4.175295691287744,CENTER,0.0,0.9966349585262345,0.019039042521579223,NORMAL,STABLE,NORMAL,NO_ACTION,False,0.0
2026-08-12T00:42:46.010345,0.45248196340225905,0.0033411621512667716,0.11816838995568685,False,7,0.09589838981628418,False,0.0,-6.1385921216695465,2.105359213195726,-4.241232460352563,CENTER,0.0,0.9969084362139917,0.02060011882191348,NORMAL,STABLE,NORMAL,NO_ACTION,False,0.0
2026-08-12T00:42:46.043699,0.4469583563485364,0.0030471628935852054,0.11799410029498525,False,7,0.09589838981628418,False,0.0,-4.924872338139949,-1.1894852222739871,-3.7228262916264327,CENTER,0.0,0.9967327621313442,0.018183536303354425,NORMAL,STABLE,NORMAL,NO_ACTION,False,0.0
2026-08-12T00:42:46.080447,0.4564499483885862,0.0019909243466744797,0.11782032400589101,False,7,0.09589838981628418,False,0.0,-5.657790279287411,0.5041687111922784,-4.058927029612306,CENTER,0.0,0.9960636627657751,0.018631122739969287,NORMAL,STABLE,NORMAL,NO_ACTION,False,0.0
2026-08-12T00:42:46.106861,0.4436261239671869,0.0018466494057132867,0.11764705882352941,False,7,0.09589838981628418,False,0.0,-7.0059490429010225,1.8603741903457376,-4.396960879411182,CENTER,0.0,0.9960470920138889,0.021147712918870597,NORMAL,STABLE,NORMAL,NO_ACTION,False,0.0
2026-08-12T00:42:46.138553,0.4428529512573999,0.006333822505953064,0.11747430249632893,False,7,0.09589838981628418,False,0.0,-6.560742111204519,-0.11700981365137864,-4.156867668084146,CENTER,0.0,0.9963486743398491,0.01914231960474621,NORMAL,STABLE,NORMAL,NO_ACTION,False,0.0
2026-08-12T00:42:46.171055,0.4418739982026698,0.000742243924774695,0.11730205278592376,False,7,0.09589838981628418,False,0.0,-5.7205500316983375,-3.20064186576613,-3.5158854818637337,CENTER,0.0,0.9958646128043552,0.01985694638314904,NORMAL,STABLE,NORMAL,NO_ACTION,False,0.0
2026-08-12T00:42:46.235213,0.46913203764842043,0.0019119541993943535,0.1171303074670571,False,7,0.09589838981628418,False,0.0,-5.644054329656996,-0.15179541241263905,-4.014950033477788,CENTER,0.0,0.9967790450317215,0.0179760472144008,NORMAL,STABLE,NORMAL,NO_ACTION,False,0.0
2026-08-12T00:42:46.267220,0.44774947945573224,0.00266517480554189,0.11695906432748537,False,7,0.09589838981628418,False,0.0,-5.283721904835971,-6.659041260899585,-2.9780183976135675,CENTER,0.0,0.9964412937242798,0.021244589661936385,NORMAL,STABLE,NORMAL,NO_ACTION,False,0.0
2026-08-12T00:42:46.298520,0.45372167286239523,0.006054519644348995,0.11678832116788321,False,7,0.09589838981628418,False,0.0,-5.8489407551915065,1.892350470774062,-4.368915718074277,CENTER,0.0,0.9956992669753086,0.019600275490793625,NORMAL,STABLE,NORMAL,NO_ACTION,False,0.0
2026-08-12T00:42:46.329819,0.4512168229480929,0.0034244474569383645,0.11661807580174927,False,7,0.09589838981628418,False,0.0,-5.196217864600925,0.8184909254005959,-4.204243530497479,CENTER,0.0,0.9963177163708847,0.017952466394129077,NORMAL,STABLE,NORMAL,NO_ACTION,False,0.0
2026-08-12T00:42:46.362473,0.4445736503117538,0.00274096071213939,0.11644832605531295,False,7,0.09589838981628418,False,0.0,-5.115282109703713,-0.9027241076552741,-3.959753480709878,CENTER,0.0,0.9967133246527778,0.017615053599879853,NORMAL,STABLE,NORMAL,NO_ACTION,False,0.0
2026-08-12T00:42:46.399753,0.45644772803696837,0.002757906921975955,0.11627906976744186,False,7,0.09589838981628418,False,0.0,-6.0928401846547615,-0.5253333411825736,-3.9511713552704464,CENTER,0.0,0.9963308041838135,0.0181909534093178,NORMAL,STABLE,NORMAL,NO_ACTION,False,0.0
2026-08-12T00:42:46.428243,0.4643493824990589,0.0024720545249082952,0.11611030478955008,False,7,0.09589838981628418,False,0.0,-5.815056211749038,-1.2114376406087786,-3.8617502309344616,CENTER,0.0,0.9962779974708506,0.018248485783724747,NORMAL,STABLE,NORMAL,NO_ACTION,False,0.0
2026-08-12T00:42:46.453199,0.4662528966947455,0.0042248562810370816,0.11594202898550725,False,7,0.09589838981628418,False,0.0,-5.56281925512252,3.537715143662126,-4.783265632718155,CENTER,0.0,0.9964639998070988,0.02048892754405988,NORMAL,STABLE,NORMAL,NO_ACTION,False,0.0
2026-08-12T00:42:46.481653,0.4535382384325664,0.00216079916806744,0.11577424023154848,False,7,0.09589838981628418,False,0.0,-6.234910215374754,-1.6432921482737015,-3.9288161429345223,CENTER,0.0,0.996890579453875,0.018861234271603064,NORMAL,STABLE,NORMAL,NO_ACTION,False,0.0
2026-08-12T00:42:46.504366,0.4604268907119461,0.004361367449278969,0.11560693641618497,False,7,0.09589838981628418,False,0.0,-4.40520178948114,3.752601943052298,-4.573881027180619,CENTER,0.0,0.9960683647333676,0.019160204916341576,NORMAL,STABLE,NORMAL,NO_ACTION,False,0.0
2026-08-12T00:42:46.538294,0.4586345925452303,0.005236814011646184,0.11544011544011544,False,7,0.09589838981628418,False,0.0,-5.293434318270442,-0.9366651749204777,-4.093425705183819,CENTER,0.0,0.9961538708847737,0.017435736665271054,NORMAL,STABLE,NORMAL,NO_ACTION,False,0.0
2026-08-12T00:42:46.570857,0.45609001438941577,0.0030307372791647295,0.11527377521613832,False,7,0.09589838981628418,False,0.0,-5.15510503034983,-4.952395346506393,-3.5942476270380723,CENTER,0.0,0.9967657160922496,0.019638920139512128,NORMAL,STABLE,NORMAL,NO_ACTION,False,0.0
2026-08-12T00:42:46.635284,0.42591045408650463,0.005326148690146629,0.11510791366906475,False,7,0.09589838981628418,False,0.0,-5.7467473854332525,-3.173899132574519,-3.389561279500299,CENTER,0.0,0.996709774734225,0.018644144181698134,NORMAL,STABLE,NORMAL,NO_ACTION,False,0.0
2026-08-12T00:42:46.665987,0.4234487229655201,0.001806674319900902,0.11494252873563218,False,7,0.09589838981628418,False,0.0,-6.429697961870829,-1.2940588057341813,-3.648652064445997,CENTER,0.0,0.996641026877572,0.01811094019729957,NORMAL,STABLE,NORMAL,NO_ACTION,False,0.0
2026-08-12T00:42:46.697946,0.4180174369211195,0.0032946696256456395,0.11477761836441894,False,7,0.09589838981628418,False,0.0,-6.372308428383633,-1.3056645179582063,-3.6061040782560383,CENTER,0.0,0.9966702299811386,0.017940630784906375,NORMAL,STABLE,NORMAL,NO_ACTION,False,0.0
2026-08-12T00:42:46.731056,0.41712408104302834,0.002778280928040325,0.11461318051575932,False,7,0.09589838981628418,False,0.0,-6.086898671589154,0.6478196772006299,-3.921054313063877,CENTER,0.0,0.9958045588991767,0.017411748084042288,NORMAL,STABLE,NORMAL,NO_ACTION,False,0.0
2026-08-12T00:42:46.762070,0.4048265546467524,0.0023800352002004968,0.11444921316165951,False,7,0.09589838981628418,False,0.0,-5.872267043087646,-0.31416148472993655,-3.562968679869755,CENTER,0.0,0.996745247127915,0.016537283534501096,NORMAL,STABLE,NORMAL,NO_ACTION,False,0.0
2026-08-12T00:42:46.794771,0.4202526623280599,0.0034987947176144288,0.11428571428571428,False,7,0.09589838981628418,False,0.0,-6.089648669681367,0.8759216422699865,-3.86398609275264,CENTER,0.0,0.9969952551654664,0.017360448840914505,NORMAL,STABLE,NORMAL,NO_ACTION,False,0.0
2026-08-12T00:42:46.826267,0.4315443386199863,0.002530445657858285,0.11412268188302425,False,7,0.09589838981628418,False,0.0,-5.57690983559155,0.6380068950178384,-3.7726332582665805,CENTER,0.0,0.9965257148062415,0.01652538741903654,NORMAL,STABLE,NORMAL,NO_ACTION,False,0.0
2026-08-12T00:42:46.859726,0.4193439011182486,0.004457582938998611,0.11396011396011396,False,7,0.09589838981628418,False,0.0,-6.075280029158847,0.5762527175284049,-3.806669024664643,CENTER,0.0,0.9965458890603566,0.016912190438990855,NORMAL,STABLE,NORMAL,NO_ACTION,False,0.0
2026-08-12T00:42:46.890096,0.40863421142917983,0.0024397083007553907,0.11379800853485064,False,7,0.09589838981628418,False,0.0,-6.364085418315682,-0.27918879458169954,-3.636047619733347,CENTER,0.0,0.9966203435785321,0.016730398359411168,NORMAL,STABLE,NORMAL,NO_ACTION,False,0.0
2026-08-12T00:42:46.922930,0.42865013802866947,0.005293152899275151,0.11363636363636363,False,7,0.09589838981628418,False,0.0,-5.837840880044752,-2.3602659605309384,-3.277346852749389,CENTER,0.0,0.9959491276577503,0.017300406532367037,NORMAL,STABLE,NORMAL,NO_ACTION,False,0.0
2026-08-12T00:42:46.947895,0.40959621935286117,0.00514282288437575,0.11347517730496454,False,7,0.09589838981628418,False,0.0,-6.4901720766865765,-2.8682237542452924,-3.2341135651554396,CENTER,0.0,0.9959594559113512,0.01817321050047025,NORMAL,STABLE,NORMAL,NO_ACTION,False,0.0
2026-08-12T00:42:46.978605,0.42326870730153987,0.0025857884957455326,0.11331444759206799,False,7,0.09589838981628418,False,0.0,-5.964374674365985,1.0652095751085824,-3.69061239794857,CENTER,0.0,0.9957924221965021,0.01672393678102643,NORMAL,STABLE,NORMAL,NO_ACTION,False,0.0
2026-08-12T00:42:47.018792,0.4253174130239601,0.0024048264997999333,0.11315417256011315,False,7,0.09589838981628418,False,0.0,-6.167087588250496,-1.906593513940976,-3.1538204912129686,CENTER,0.0,0.9964768063057269,0.016929759746275058,NORMAL,STABLE,NORMAL,NO_ACTION,False,0.0
2026-08-12T00:42:47.066689,0.4244252293410229,0.0009328036759603632,0.11299435028248588,False,7,0.09589838981628418,False,0.0,-5.895891770829024,-3.557702270549413,-2.9889917188340007,CENTER,0.0,0.9962815741812415,0.017622440511870792,NORMAL,STABLE,NORMAL,NO_ACTION,False,0.0
2026-08-12T00:42:47.098242,0.42687219059116077,0.0020659501926526664,0.11283497884344147,False,7,0.09589838981628418,False,0.0,-5.634782030439055,-1.7185607489487609,-3.2748585867016686,CENTER,0.0,0.9966028753000685,0.016238326112467387,NORMAL,STABLE,NORMAL,NO_ACTION,False,0.0
2026-08-12T00:42:47.129979,0.40764792890236157,0.0014835525235441353,0.11267605633802817,False,7,0.09589838981628418,False,0.0,-7.038401424767869,0.533565331419851,-3.5551732828775187,CENTER,0.0,0.9962223910108025,0.01692460099721657,NORMAL,STABLE,NORMAL,NO_ACTION,False,0.0
2026-08-12T00:42:47.161753,0.41396524879838914,0.002881560442891705,0.11251758087201125,False,7,0.09589838981628418,False,0.0,-6.68109996960294,-0.01145999941422815,-3.365007788274113,CENTER,0.0,0.9964453526877571,0.015941096795019725,NORMAL,STABLE,NORMAL,NO_ACTION,False,0.0
2026-08-12T00:42:47.194426,0.42376542278197904,0.0033014784475818297,0.11235955056179775,False,7,0.09589838981628418,False,0.0,-7.187006463475882,-1.1060476338091405,-3.038424994492118,CENTER,0.0,0.9970124287337105,0.016825299235211696,NORMAL,STABLE,NORMAL,NO_ACTION,False,0.0
2026-08-12T00:42:47.227072,0.4188823764969142,0.0026704907853476612,0.11220196353436185,False,7,0.09589838981628418,False,0.0,-7.259159906941505,-0.34313131121766105,-3.1698293623632594,CENTER,0.0,0.9972818340620713,0.01639152923276123,NORMAL,STABLE,NORMAL,NO_ACTION,False,0.0
2026-08-12T00:42:47.258582,0.43142807125968397,0.0010185559081246917,0.11204481792717087,False,7,0.09589838981628418,False,0.0,-5.871440323818035,-0.5474769766161955,-3.1034950104769905,CENTER,0.0,0.9973121758187585,0.015060339324166413,NORMAL,STABLE,NORMAL,NO_ACTION,False,0.0
2026-08-12T00:42:47.290332,0.4021830220280753,0.005453675400768515,0.11188811188811189,False,7,0.09589838981628418,False,0.0,-7.831441863538146,-0.7247728634544615,-2.8370791317767328,CENTER,0.0,0.9967581072102195,0.01674089360018738,NORMAL,STABLE,NORMAL,NO_ACTION,False,0.0
2026-08-12T00:42:47.321516,0.4279832649704753,0.003854963832949383,0.11173184357541899,False,7,0.09589838981628418,False,0.0,-7.30918005571732,-1.8733727943729264,-2.8320411036881126,CENTER,0.0,0.9967822332604594,0.016984533626035907,NORMAL,STABLE,NORMAL,NO_ACTION,False,0.0
2026-08-12T00:42:47.354822,0.4279607535799124,0.0038710420772031014,0.11157601115760112,False,7,0.09589838981628418,False,0.0,-6.83455772922693,-0.6574758724204912,-2.4890619106602685,CENTER,0.0,0.9978040605709877,0.015241149658403027,NORMAL,STABLE,NORMAL,NO_ACTION,False,0.0
2026-08-12T00:42:47.386701,0.3908098107712546,0.0016051408921859151,0.11142061281337047,False,7,0.09589838981628418,False,0.0,-8.469835780012716,3.002642684553365,-2.990231972244942,CENTER,0.0,0.9978946035879629,0.018914502477333,NORMAL,STABLE,NORMAL,NO_ACTION,False,0.0
2026-08-12T00:42:47.417968,0.3855646573385578,0.0014455664620006555,0.11126564673157163,False,7,0.09589838981628418,False,0.0,-8.095982877204136,-0.8866494504954971,-2.1899715546611276,CENTER,0.0,0.9987394708076132,0.01617817445886578,NORMAL,STABLE,NORMAL,NO_ACTION,False,0.0
2026-08-12T00:42:47.450194,0.3888843537440345,0.0031052465256452616,0.1111111111111111,False,7,0.09589838981628418,False,0.0,-8.257251698994423,-0.5150091038886444,-2.0370641525528583,CENTER,0.0,0.9993425684799383,0.01584055146911325,NORMAL,STABLE,NORMAL,NO_ACTION,False,0.0
2026-08-12T00:42:47.482253,0.4017472194470484,0.003313205008535446,0.11095700416088766,False,7,0.09589838981628418,False,0.0,-9.17116816420392,1.3834134271041876,-2.079492078758676,CENTER,0.0,0.9990701490697873,0.017311603122871944,NORMAL,STABLE,NORMAL,NO_ACTION,False,0.0
2026-08-12T00:42:47.513812,0.383759317201662,0.0014665428323883845,0.11080332409972299,False,7,0.09589838981628418,False,0.0,-9.289302770418061,3.3442895497191216,-2.5030347980419663,CENTER,0.0,0.9982847463348765,0.01917256660539792,NORMAL,STABLE,NORMAL,NO_ACTION,False,0.0
2026-08-12T00:42:47.546558,0.3873679709518457,0.003188590689193199,0.11065006915629322,False,7,0.09589838981628418,False,0.0,-9.026462078169857,1.473033835309792,-2.0188469855656024,CENTER,0.0,0.9988796189128942,0.017025115890948937,NORMAL,STABLE,NORMAL,NO_ACTION,False,0.0
2026-08-12T00:42:47.594350,0.3864520697430128,0.00309549172514039,0.11049723756906077,False,7,0.09589838981628418,False,0.0,-9.022857685754985,-1.9984670129376525,-1.4733348619214723,CENTER,0.0,0.9994329641418039,0.016799400747192314,NORMAL,STABLE,NORMAL,NO_ACTION,False,0.0
2026-08-12T00:42:47.627767,0.38515400952910794,0.003107034224960861,0.1103448275862069,False,7,0.09589838981628418,False,0.0,-8.557813868562988,1.9765223769773286,-2.351036221886403,CENTER,0.0,0.9995532193072704,0.017104720782093893,NORMAL,STABLE,NORMAL,NO_ACTION,False,0.0
2026-08-12T00:42:47.658748,0.37655443048491655,0.005369440539255508,0.11019283746556474,False,7,0.09589838981628418,False,0.0,-9.264028256214033,2.296073255274365,-2.421704507836438,CENTER,0.0,0.99974968385631,0.018007621708455046,NORMAL,STABLE,NORMAL,NO_ACTION,False,0.0
2026-08-12T00:42:47.690149,0.3932828292818904,0.0018011447751554428,0.11004126547455295,False,7,0.09589838981628418,False,0.0,-9.112954687950804,-0.247169054614659,-2.0527491378566936,CENTER,0.0,0.9998521224494171,0.015951302960831318,NORMAL,STABLE,NORMAL,NO_ACTION,False,0.0
2026-08-12T00:42:47.721723,0.3918322396651923,0.0020038546296144593,0.10989010989010989,False,7,0.09589838981628418,False,0.0,-8.030256347893868,-1.7173108024634303,-1.7465735510255342,CENTER,0.0,0.9986975951646091,0.01560006005690462,NORMAL,STABLE,NORMAL,NO_ACTION,False,0.0
2026-08-12T00:42:47.754647,0.381254352210029,0.004440767030049643,0.10973936899862825,False,7,0.09589838981628418,False,0.0,-8.50610016389416,-0.12783041744049228,-1.7605538858282443,CENTER,0.0,0.998504827889232,0.014848414070901981,NORMAL,STABLE,NORMAL,NO_ACTION,False,0.0
2026-08-12T00:42:47.787391,0.3941735018797387,0.002653783342508961,0.1095890410958904,False,7,0.09589838981628418,False,0.0,-7.477516201852154,-3.305395116064119,-0.6912462070313552,CENTER,0.0,0.9986424709576475,0.015047966006990444,NORMAL,STABLE,NORMAL,NO_ACTION,False,0.0
2026-08-12T00:42:47.819863,0.36889923371740974,0.00118834043270413,0.1094391244870041,False,7,0.09589838981628418,False,0.0,-8.198610133389792,1.4369565453530413,-1.7311683926289732,CENTER,0.0,0.9987826458547667,0.015319373143904724,NORMAL,STABLE,NORMAL,NO_ACTION,False,0.0
2026-08-12T00:42:47.850769,0.3636153539081788,0.0020247416473664136,0.1092896174863388,False,7,0.09589838981628418,False,0.0,-8.496298255425756,0.20549423214447415,-1.7187069611379684,CENTER,0.0,0.9991580932784636,0.014629892934186954,NORMAL,STABLE,NORMAL,NO_ACTION,False,0.0
2026-08-12T00:42:47.883321,0.37129303653802925,0.005064340124001599,0.10914051841746249,False,7,0.09589838981628418,False,0.0,-9.264119570535371,0.528132837895015,-1.7988180230488524,CENTER,0.0,0.9997984985853909,0.015604887644736524,NORMAL,STABLE,NORMAL,NO_ACTION,False,0.0
2026-08-12T00:42:47.914062,0.36766132517091044,0.002026400766691067,0.10899182561307902,False,7,0.09589838981628418,False,0.0,-7.730643632976751,-1.118362747391302,-1.4796444746774284,CENTER,0.0,0.9988775023576818,0.014172785561100212,NORMAL,STABLE,NORMAL,NO_ACTION,False,0.0
2026-08-12T00:42:47.945898,0.3850307726125343,0.0034350691125639822,0.10884353741496598,False,7,0.09589838981628418,False,0.0,-7.330305415178685,-4.0542644764494185,-1.4339483057204632,CENTER,0.0,0.9977025061085392,0.015789500338377116,NORMAL,STABLE,NORMAL,NO_ACTION,False,0.0
2026-08-12T00:42:47.978599,0.3822375230695536,0.008567041360934863,0.10869565217391304,False,7,0.09589838981628418,False,0.0,-7.118062655356738,-3.8485498566498677,-1.5787486766827215,CENTER,0.0,0.9976214474022633,0.01550204152538979,NORMAL,STABLE,NORMAL,NO_ACTION,False,0.0
2026-08-12T00:42:48.010960,0.369431465261114,0.008001498060162142,0.10854816824966079,False,7,0.09589838981628418,False,0.0,-6.671322191297719,-5.443670357306701,-1.7574743537461472,CENTER,0.0,0.9978101959019205,0.016322242722557105,NORMAL,STABLE,NORMAL,NO_ACTION,False,0.0
2026-08-12T00:42:48.042582,0.37601546049647144,0.0005289735809639012,0.10840108401084012,False,7,0.09589838981628418,False,0.0,-6.600556985039077,-6.791591851362284,-1.7480132102902246,CENTER,0.0,0.9980264462234226,0.01714494445653585,NORMAL,STABLE,NORMAL,NO_ACTION,False,0.0
2026-08-12T00:42:48.074026,0.3858625861214591,0.0019622539270597408,0.10825439783491204,False,7,0.09589838981628418,False,0.0,-6.459025616705247,-7.033126953006757,-1.7171765499636251,CENTER,0.0,0.9987220025291496,0.01708005935882722,NORMAL,STABLE,NORMAL,NO_ACTION,False,0.0
2026-08-12T00:42:48.122567,0.36185164430996397,0.00030299098615150594,0.10810810810810811,False,7,0.09589838981628418,False,0.0,-7.097020968080102,-3.2108985519240036,-2.354124257724294,CENTER,0.0,0.9991487563228738,0.015474139151588587,NORMAL,STABLE,NORMAL,NO_ACTION,False,0.0
2026-08-12T00:42:48.153569,0.3862017726677288,0.003342600329329971,0.10796221322537113,False,7,0.09589838981628418,False,0.0,-6.663281344195866,-6.357621468665172,-1.5605138434860066,CENTER,0.0,0.998711754651063,0.01649193229856332,NORMAL,STABLE,NORMAL,NO_ACTION,False,0.0
2026-08-12T00:42:48.186926,0.38167203574090225,0.0016661632291523735,0.1078167115902965,False,7,0.09589838981628418,False,0.0,-6.13167993440473,-5.537364389144045,-1.501967493625699,CENTER,0.0,0.9984417197145061,0.015258483155040841,NORMAL,STABLE,NORMAL,NO_ACTION,False,0.0
2026-08-12T00:42:48.218215,0.3871263119998136,0.006401305808522122,0.10767160161507403,False,7,0.09589838981628418,False,0.0,-6.41963483947697,-6.273753438366867,-1.2506279586616813,CENTER,0.0,0.9983239427940672,0.01575302394826882,NORMAL,STABLE,NORMAL,NO_ACTION,False,0.0
2026-08-12T00:42:48.249544,0.36732397335523137,0.001004297079924687,0.10752688172043011,False,7,0.09589838981628418,False,0.0,-6.378292324971682,-7.793052244587045,-1.0441129693229243,CENTER,0.0,0.9979948184585048,0.0165392577647005,NORMAL,STABLE,NORMAL,NO_ACTION,False,0.0
2026-08-12T00:42:48.282724,0.36093492582136744,0.0009942770774009453,0.10738255033557047,False,7,0.09589838981628418,False,0.0,-5.740169555360012,-9.73477202801547,-0.8502904334413017,CENTER,0.0,0.9974421028377917,0.01706831273279026,NORMAL,STABLE,NORMAL,NO_ACTION,False,0.0
2026-08-12T00:42:48.314746,0.346448841325212,0.0017809710448319313,0.10723860589812333,False,7,0.09589838981628418,False,0.0,-5.908052336875187,-9.75495046155632,-0.8589300070357808,CENTER,0.0,0.997867878729424,0.017180898317285122,NORMAL,STABLE,NORMAL,NO_ACTION,False,0.0
2026-08-12T00:42:48.346785,0.36297905432865774,0.0026366325779704465,0.107095046854083,False,7,0.09589838981628418,False,0.0,-6.245528409936327,-8.523142792639561,-1.1647775365632071,CENTER,0.0,0.9982099435228052,0.016838976725762213,NORMAL,STABLE,NORMAL,NO_ACTION,False,0.0
2026-08-12T00:42:48.377796,0.3841354188102267,0.009472691484062554,0.10695187165775401,False,7,0.09589838981628418,False,0.0,-6.293185872145926,-7.920083440043868,-1.3112415839585196,CENTER,0.0,0.9978325938786009,0.01651877808589815,NORMAL,STABLE,NORMAL,NO_ACTION,False,0.0
2026-08-12T00:42:48.410556,0.38252326839094175,0.008439702131674224,0.1068090787716956,False,7,0.09589838981628418,False,0.0,-5.176478988374811,-11.421612836136916,-0.40436137248647697,CENTER,0.0,0.9974425047153634,0.017027624559442733,NORMAL,STABLE,NORMAL,NO_ACTION,False,0.0
2026-08-12T00:42:48.441751,0.38121994455881886,0.013507849614558061,0.10666666666666667,False,7,0.09589838981628418,False,0.0,-7.86315311011316,-7.093838939715027,-0.5321399107799891,CENTER,0.0,0.9971668033050411,0.016541017698802403,NORMAL,STABLE,NORMAL,NO_ACTION,False,0.0
2026-08-12T00:42:48.474940,0.36669712276263666,0.4746965215247547,0.10652463382157124,False,7,0.09589838981628418,False,0.0,-7.5159906502158265,1.5200971235635166,-1.9542721574145219,CENTER,0.0,0.9971464682998972,0.028418981471583872,NORMAL,STABLE,NORMAL,NO_ACTION,False,0.0
2026-08-12T00:42:48.506595,0.36250939878763233,0.7410096853222904,0.10638297872340426,False,7,0.09589838981628418,False,0.0,-8.94129378363641,2.220484397687528,-2.0376725078702407,CENTER,0.0,0.9964359487525721,0.09536751044814952,NORMAL,STABLE,NORMAL,NO_ACTION,False,0.0
2026-08-12T00:42:48.538224,0.3332661873445799,0.8489085344470763,0.10624169986719788,False,7,0.09589838981628418,False,0.0,-10.767583244359031,5.290901432652305,-2.764566936201817,CENTER,0.0,0.998013586141118,0.0999730159569805,NORMAL,STABLE,NORMAL,NO_ACTION,False,0.0
2026-08-12T00:42:48.570382,0.35995111140261227,0.8699655468762408,0.10610079575596817,False,7,0.09589838981628418,False,0.0,-10.780544882401188,6.259316674050751,-3.0520889951302763,CENTER,0.0,0.9992272430126885,0.1008913295801992,NORMAL,STABLE,NORMAL,NO_ACTION,False,0.0
2026-08-12T00:42:48.624211,0.3428420749015316,0.9296039286851058,0.10596026490066225,False,7,0.09589838981628418,False,0.0,-10.493295584209875,7.866358300970802,-3.3431475563520507,CENTER,0.0,0.9985735489540465,0.10198537350675856,NORMAL,STABLE,NORMAL,NO_ACTION,False,0.0
2026-08-12T00:42:48.649735,0.3550754822157965,1.0036682064202027,0.10582010582010581,False,7,0.09589838981628418,False,0.0,-11.05005649561167,10.478530123190694,-4.233734785481687,CENTER,0.0,0.9988412262088477,0.10519560515859534,NORMAL,STABLE,NORMAL,NO_ACTION,False,0.0
2026-08-12T00:42:48.682678,0.3952975815029036,1.0414619787750903,0.10568031704095113,False,7,0.09589838981628418,False,0.0,-11.477791071537126,10.3617478762323,-4.57775552289155,CENTER,0.0,0.9987144472307955,0.1057845398183154,NORMAL,STABLE,NORMAL,NO_ACTION,False,0.0
2026-08-12T00:42:48.713805,0.3811719991783393,0.9969907033327237,0.10554089709762533,False,7,0.09589838981628418,False,0.0,-12.288843470866652,8.244518818848036,-3.987842593959641,CENTER,0.0,0.9980013288751716,0.10439866909151713,NORMAL,STABLE,NORMAL,NO_ACTION,False,0.0
2026-08-12T00:42:48.746428,0.3731419765767784,1.0360985289049154,0.10540184453227931,False,7,0.09589838981628418,False,0.0,-12.332417679111984,9.858860292212995,-4.727874143290393,CENTER,0.0,0.9975911592292525,0.10624963941727356,NORMAL,STABLE,NORMAL,NO_ACTION,False,0.0
2026-08-12T00:42:48.778776,0.3566147301447733,1.093055164399911,0.10526315789473684,False,7,0.09589838981628418,False,0.0,-13.251236801589329,10.08175415529206,-5.025415256123381,CENTER,0.0,0.9989386279363854,0.10751258485583973,NORMAL,STABLE,NORMAL,NO_ACTION,False,0.0
2026-08-12T00:42:48.810355,0.3601689868487915,1.190154407893897,0.10512483574244415,False,7,0.09589838981628418,False,0.0,-13.183083461228506,11.82965699201685,-5.706101408607253,CENTER,0.0,0.9993267612954391,0.10929564446233535,NORMAL,STABLE,NORMAL,NO_ACTION,False,0.0
2026-08-12T00:42:48.841605,0.35513319821521355,1.2418956619770543,0.10498687664041995,False,7,0.09589838981628418,False,0.0,-12.833871036712935,10.703684721660892,-5.483082913738627,CENTER,0.0,0.9991216027949246,0.10786242553443694,NORMAL,STABLE,NORMAL,NO_ACTION,False,0.0
2026-08-12T00:42:48.874493,0.3348038638383679,1.299386014992844,0.10484927916120576,False,7,0.09589838981628418,False,0.0,-13.443972424546956,8.808332602713932,-5.650983347564875,CENTER,0.0,0.999268381880144,0.10717394831496693,NORMAL,STABLE,NORMAL,NO_ACTION,False,0.0
2026-08-12T00:42:48.906319,0.3199823242564793,1.2975550975054755,0.10471204188481675,False,7,0.09589838981628418,False,0.0,-14.888003389400865,5.161953485488283,-4.895169226458165,CENTER,0.0,0.9985945403592249,0.10513456097868083,NORMAL,STABLE,NORMAL,NO_ACTION,False,0.0
2026-08-12T00:42:48.937680,0.31952196124570964,1.3088350056056475,0.10457516339869281,False,7,0.09589838981628418,False,0.0,-15.671009279933827,8.029203884226234,-5.355541795992593,CENTER,0.0,0.9985062076688956,0.10833424109625375,NORMAL,STABLE,NORMAL,NO_ACTION,False,0.0
2026-08-12T00:42:48.970301,0.3353897654693929,1.3328087083120617,0.10443864229765012,False,7,0.09589838981628418,False,0.0,-15.350022786504667,11.86099868178087,-6.2170516510407765,CENTER,0.0,0.9996828382201646,0.11155389187737723,NORMAL,STABLE,NORMAL,NO_ACTION,False,0.0
2026-08-12T00:42:49.035652,0.33846712291135483,1.3444658130798348,0.10430247718383312,False,7,0.09589838981628418,False,0.0,-17.306531342779692,6.313052643867195,-5.176093797124338,CENTER,0.0,0.9999859878686557,0.10836060082128379,NORMAL,STABLE,NORMAL,NO_ACTION,False,0.0
2026-08-12T00:42:49.063398,0.3369945042570612,1.3538637331663963,0.10416666666666667,False,7,0.09589838981628418,False,0.0,-17.085729338639965,4.420618993601494,-4.857586753437175,CENTER,0.0,0.999967528292181,0.10640660328774944,NORMAL,STABLE,NORMAL,NO_ACTION,False,0.0
2026-08-12T00:42:49.092489,0.328869040870691,1.3174837781700353,0.10403120936280884,False,7,0.09589838981628418,False,0.0,-18.092226797005424,4.059777027236379,-4.503257152001083,CENTER,0.0,0.9994507673182442,0.10670628004085918,NORMAL,STABLE,NORMAL,NO_ACTION,False,0.0
2026-08-12T00:42:49.123881,0.328641513523202,1.356169382570148,0.1038961038961039,False,7,0.09589838981628418,False,0.0,-17.347400800506534,6.734750014401726,-5.14209268861859,CENTER,0.0,0.9988880717378257,0.1084685873553885,NORMAL,STABLE,NORMAL,NO_ACTION,False,0.0
2026-08-12T00:42:49.152285,0.3329937438229076,1.3501428619576925,0.10376134889753567,False,7,0.09589838981628418,False,0.0,-18.143568771733015,5.964419857342563,-4.847314738630018,CENTER,0.0,0.9984091676311728,0.10832768031867965,NORMAL,STABLE,NORMAL,NO_ACTION,False,0.0
2026-08-12T00:42:49.177882,0.32616895446239175,1.4021987598554457,0.10362694300518134,False,7,0.09589838981628418,False,0.0,-17.972511252710916,3.624271465728981,-4.21554558218341,CENTER,0.0,0.9988839056069958,0.10579727784662651,NORMAL,STABLE,NORMAL,NO_ACTION,False,0.0
2026-08-12T00:42:49.209744,0.32604416868272174,1.3676012736214755,0.1034928848641656,False,7,0.09589838981628418,False,0.0,-17.999891096125822,3.943762071428381,-4.431706714357148,CENTER,0.0,0.9996353764789093,0.1061955129308017,NORMAL,STABLE,NORMAL,NO_ACTION,False,0.0
2026-08-12T00:42:49.243192,0.31058452346853505,1.4127917375568488,0.10335917312661498,False,7,0.09589838981628418,False,0.0,-18.59800115944583,2.571658416826068,-3.995102242223595,CENTER,0.0,0.9995902724194102,0.10529321721410427,NORMAL,STABLE,NORMAL,NO_ACTION,False,0.0
2026-08-12T00:42:49.273868,0.3358488652046898,1.3570043607484195,0.1032258064516129,False,7,0.09589838981628418,False,0.0,-18.836504484353384,3.670571943101919,-4.511489183725786,CENTER,0.0,0.9987610650291494,0.10674712501323408,NORMAL,STABLE,NORMAL,NO_ACTION,False,0.0
2026-08-12T00:42:49.305594,0.32411363379660224,1.4225978522295455,0.10309278350515463,False,7,0.09589838981628418,False,0.0,-19.009667875911532,4.500545540542106,-4.77481394662027,CENTER,0.0,0.9980579400291496,0.1077003608424439,NORMAL,STABLE,NORMAL,NO_ACTION,False,0.0
2026-08-12T00:42:49.339007,0.3182304537111442,1.4264036998558,0.10296010296010295,False,7,0.09589838981628418,False,0.0,-18.64484624416704,7.742273772509918,-5.760867287070965,CENTER,0.0,0.9980717646176268,0.11057349186435264,NORMAL,STABLE,NORMAL,NO_ACTION,False,0.0
2026-08-12T00:42:49.371850,0.2917406972959394,1.4456855607231884,0.10282776349614396,False,7,0.09589838981628418,False,0.0,-19.260046514043523,5.787819068018479,-5.406798404264947,CENTER,0.0,0.998365939000343,0.12035963497209282,NORMAL,STABLE,NORMAL,NO_ACTION,False,0.0
2026-08-12T00:42:49.434740,0.302050775234158,1.5224706121651077,0.10269576379974327,False,7,0.09589838981628418,False,0.0,-19.335401861030533,4.775252122804062,-5.1349478364979575,CENTER,0.0,0.9990002223722565,0.10836071554914645,NORMAL,STABLE,NORMAL,NO_ACTION,False,0.0
2026-08-12T00:42:49.466048,0.33421257187130854,1.452155460504002,0.10256410256410256,False,7,0.09589838981628418,False,0.0,-18.94246334945231,8.544987069853903,-5.758591069722911,CENTER,0.0,0.9991509398576817,0.11123963138429968,NORMAL,STABLE,NORMAL,NO_ACTION,False,0.0
2026-08-12T00:42:49.497711,0.30814781836486593,1.4376585091360676,0.10243277848911651,False,7,0.09589838981628418,False,0.0,-19.132070964891142,6.920386084780063,-5.523782848255308,CENTER,0.0,0.9979435522762345,0.10995711990363302,NORMAL,STABLE,NORMAL,NO_ACTION,False,0.0
2026-08-12T00:42:49.531075,0.318358407911963,1.4361323128263643,0.10230179028132992,False,7,0.09589838981628418,False,0.0,-18.91097224464795,8.220893469039254,-5.812528015257641,CENTER,0.0,0.9977637656464335,0.11089602215562092,NORMAL,STABLE,NORMAL,NO_ACTION,False,0.0
2026-08-12T00:42:49.562793,0.30094444777573715,1.4698579540476187,0.10217113665389528,False,7,0.09589838981628418,False,0.0,-18.10765207705458,8.748418905133946,-5.619654944134339,CENTER,0.0,0.9983192274305557,0.11025238874180038,NORMAL,STABLE,NORMAL,NO_ACTION,False,0.0
2026-08-12T00:42:49.587769,0.29690813522323595,1.4581275020819964,0.10204081632653061,False,7,0.09589838981628418,False,0.0,-18.416805549202508,8.939136199229239,-5.602871271001419,CENTER,0.0,0.9983530923139574,0.11472899650303485,NORMAL,STABLE,NORMAL,NO_ACTION,False,0.0
2026-08-12T00:42:49.614002,0.3184421156347342,1.4246987957405715,0.10191082802547771,False,7,0.09589838981628418,False,0.0,-18.286453486477313,10.546046867358086,-6.238159229207071,CENTER,0.0,0.9981478936256858,0.1121882971431565,NORMAL,STABLE,NORMAL,NO_ACTION,False,0.0
2026-08-12T00:42:49.638798,0.29594252045893,1.4372784938627532,0.10178117048346055,False,7,0.09589838981628418,False,0.0,-17.80042003466366,9.292129323036903,-6.0552537378677584,CENTER,0.0,0.9986486598722566,0.11598367055149163,NORMAL,STABLE,NORMAL,NO_ACTION,False,0.0
2026-08-12T00:42:49.658268,0.2986329670724652,1.4449078805763702,0.10165184243964422,False,7,0.09589838981628418,False,0.0,-18.928654123357916,10.019599567429395,-6.021734674496855,CENTER,0.0,0.9994409347136488,0.11391130957909427,NORMAL,STABLE,NORMAL,NO_ACTION,False,0.0
2026-08-12T00:42:49.706955,0.32119313950406847,1.460388044942282,0.10152284263959391,False,7,0.09589838981628418,False,0.0,-18.671083129522202,10.919209670581921,-6.219963906686132,CENTER,0.0,0.9994606802983539,0.11261667359823266,NORMAL,STABLE,NORMAL,NO_ACTION,False,0.0
2026-08-12T00:42:49.737984,0.3067242286638653,1.4843073269185387,0.10139416983523447,False,7,0.09589838981628418,False,0.0,-18.817594191738067,10.644854367339434,-6.123622259126591,CENTER,0.0,0.9983843583890604,0.11240250298745427,NORMAL,STABLE,NORMAL,NO_ACTION,False,0.0
2026-08-12T00:42:49.770538,0.3183528715999243,1.486525935686547,0.10126582278481013,False,7,0.09589838981628418,False,0.0,-18.83635403070724,9.324026105218508,-6.037487515676702,CENTER,0.0,0.999435201260288,0.11131951840195112,NORMAL,STABLE,NORMAL,NO_ACTION,False,0.0
2026-08-12T00:42:49.834410,0.32409426343843184,1.4531305387294002,0.1011378002528445,False,7,0.09589838981628418,False,0.0,-18.66434265456931,8.607785291034531,-5.958685760471781,CENTER,0.0,0.9990190972222223,0.11049669834739417,NORMAL,STABLE,NORMAL,NO_ACTION,False,0.0
2026-08-12T00:42:49.867469,0.3245233161243001,1.510719183938031,0.10101010101010101,False,7,0.09589838981628418,False,0.0,-17.969308624315545,9.891584744338019,-6.8114667205827,CENTER,0.0,0.9988814139660492,0.1115119416710485,NORMAL,STABLE,NORMAL,NO_ACTION,False,0.0
2026-08-12T00:42:49.898710,0.33148154992373635,1.4484823064894254,0.1008827238335435,False,7,0.09589838981628418,False,0.0,-18.448257311839996,8.525515312816225,-6.0537228327989965,CENTER,0.0,0.998969813635974,0.11019317793012472,NORMAL,STABLE,NORMAL,NO_ACTION,False,0.0
2026-08-12T00:42:49.930607,0.31052695586710977,1.5122369710920855,0.10075566750629723,False,7,0.09589838981628418,False,0.0,-18.795216286085378,6.950013377406293,-6.097746945977889,CENTER,0.0,0.9989424055855624,0.1093682894899289,NORMAL,STABLE,NORMAL,NO_ACTION,False,0.0
2026-08-12T00:42:49.962362,0.33311577330866293,1.5247312790166172,0.10062893081761007,False,7,0.09589838981628418,False,0.0,-18.497829852434478,8.999031146762945,-6.340321517462485,CENTER,0.0,0.9990753734782236,0.11073198551914572,NORMAL,STABLE,NORMAL,NO_ACTION,False,0.0
2026-08-12T00:42:49.994548,0.3215666799553508,1.5043804287087152,0.10050251256281408,False,7,0.09589838981628418,False,0.0,-18.26602809495577,7.126921220310038,-6.414758711187119,CENTER,0.0,0.999447337962963,0.10916516075384262,NORMAL,STABLE,NORMAL,NO_ACTION,False,0.0
2026-08-12T00:42:50.025654,0.3145219982377767,1.6010898963547815,0.10037641154328733,False,7,0.09589838981628418,False,0.0,-17.799281254945384,10.520181866581225,-6.85074083321561,CENTER,0.0,0.9999131274648491,0.11152317320462588,NORMAL,STABLE,NORMAL,NO_ACTION,False,0.0
2026-08-12T00:42:50.058601,0.3052678703835624,1.5188179967039894,0.10025062656641603,False,7,0.09589838981628418,False,0.0,-18.38341774681294,9.073982175940301,-6.512733723745811,CENTER,0.0,0.9988268389917696,0.11065281664118444,NORMAL,STABLE,NORMAL,NO_ACTION,False,0.0
2026-08-12T00:42:50.091004,0.30825713492406936,1.534398689613987,0.10012515644555695,False,7,0.09589838981628418,False,0.0,-18.906990476003557,9.592791769328755,-6.82176628773874,CENTER,0.0,0.99882252550583,0.11176654545830478,NORMAL,STABLE,NORMAL,NO_ACTION,False,0.0
2026-08-12T00:42:50.111701,0.30655188861896954,1.5698418694428264,0.1,False,7,0.09589838981628418,False,0.0,-18.98557375421771,10.624400648690312,-6.987774620929883,CENTER,0.0,0.9988356401105966,0.11268455075567774,NORMAL,STABLE,NORMAL,NO_ACTION,False,0.0
2026-08-12T00:42:50.132385,0.3061755991790081,1.4392281445720594,0.09987515605493133,False,7,0.09589838981628418,False,0.0,-18.757678542868177,10.907340784898196,-6.834592737141207,CENTER,0.0,0.9994020865483539,0.11252193328095403,NORMAL,STABLE,NORMAL,NO_ACTION,False,0.0
2026-08-12T00:42:50.153551,0.3025835615739011,1.4606955208752312,0.09975062344139651,False,7,0.09589838981628418,False,0.0,-18.90632725355269,8.553925805064097,-6.474161742975809,CENTER,0.0,0.9991736727323388,0.11061830618920337,NORMAL,STABLE,NORMAL,NO_ACTION,False,0.0
2026-08-12T00:42:50.234396,0.3150852446138678,1.4893117668026634,0.099626400996264,False,7,0.09589838981628418,False,0.0,-19.132411706348876,10.047546462860367,-6.640149008271635,CENTER,0.0,0.9989489561899862,0.11207458276318187,NORMAL,STABLE,NORMAL,NO_ACTION,False,0.0
2026-08-12T00:42:50.265651,0.305358110737318,1.4478117218529298,0.09950248756218906,False,7,0.09589838981628418,False,0.0,-18.88259740253318,10.766268736603763,-6.861024408608756,CENTER,0.0,0.998817381472908,0.1125657928686468,NORMAL,STABLE,NORMAL,NO_ACTION,False,0.0
2026-08-12T00:42:50.298716,0.29041856025603596,1.3924025710314274,0.09937888198757763,False,7,0.09589838981628418,False,0.0,-19.132314231447936,9.565649167468592,-6.3975909939042594,CENTER,0.0,0.9981170562199934,0.12426813057064813,NORMAL,STABLE,NORMAL,NO_ACTION,False,0.0
2026-08-12T00:42:50.331063,0.3013307087306394,1.493072403429826,0.09925558312655088,False,7,0.09589838981628418,False,0.0,-18.372601239118552,11.219795280065313,-6.539991868516012,CENTER,0.0,0.9991153067129629,0.11209308995406564,NORMAL,STABLE,NORMAL,NO_ACTION,False,0.0
2026-08-12T00:42:50.363809,0.2879857882476576,1.4526076358923217,0.09913258983890955,False,7,0.09589838981628418,False,0.0,-18.729992183380375,11.859062663507018,-6.798907242349884,CENTER,0.0,0.9996839634773662,0.12916721222561853,NORMAL,STABLE,NORMAL,NO_ACTION,False,0.0
2026-08-12T00:42:50.394342,0.3039447903931157,1.500551950379307,0.09900990099009901,False,7,0.09589838981628418,False,0.0,-18.804177563370388,10.62822098074173,-6.506379275837077,CENTER,0.0,0.9991897344393005,0.11204906618310584,NORMAL,STABLE,NORMAL,NO_ACTION,False,0.0
2026-08-12T00:42:50.426283,0.2918058677058207,1.492387265175392,0.09888751545117429,False,7,0.09589838981628418,False,0.0,-18.81851630452178,8.567916044290683,-6.389145558807257,CENTER,0.0,0.9992840149176955,0.12138749384817327,NORMAL,STABLE,NORMAL,NO_ACTION,False,0.0
2026-08-12T00:42:50.458185,0.2926959763334297,1.4819573722088675,0.09876543209876543,False,7,0.09589838981628418,False,0.0,-17.489158491097356,10.782592699250813,-6.342682415438702,CENTER,0.0,0.9987588145147461,0.12047530641488367,NORMAL,STABLE,NORMAL,NO_ACTION,False,0.0
2026-08-12T00:42:50.490609,0.2849321434371294,1.4952373199346691,0.09864364981504316,False,7,0.09589838981628418,False,0.0,-18.20132569015115,11.760115366581886,-6.811319250715826,CENTER,0.0,0.9980105184756516,0.13267014275460107,NORMAL,STABLE,NORMAL,NO_ACTION,False,0.0
2026-08-12T00:42:50.523065,0.30243217495090013,1.4749213382745618,0.09852216748768473,False,7,0.09589838981628418,False,0.0,-18.713265402865545,10.819646840173675,-6.647833108549662,CENTER,0.0,0.9981452948173869,0.11223598795111786,NORMAL,STABLE,NORMAL,NO_ACTION,False,0.0
2026-08-12T00:42:50.556038,0.29448448640659625,1.5184300654248957,0.0984009840098401,False,7,0.09589838981628418,False,0.0,-18.882202082140708,9.42590045318272,-6.454728501224935,CENTER,0.0,0.9991244159379287,0.11856013864322609,NORMAL,STABLE,NORMAL,NO_ACTION,False,0.0
2026-08-12T00:42:50.587177,0.3101883878217982,1.6655814699558635,0.09828009828009827,False,7,0.09589838981628418,False,0.0,-18.832874986164796,13.10905574595543,-6.9881183160323985,CENTER,0.0,0.9993810817472566,0.11433231158900956,NORMAL,STABLE,NORMAL,NO_ACTION,False,0.0
2026-08-12T00:42:50.618645,0.3068175542445236,1.4869696721709396,0.09815950920245399,False,7,0.09589838981628418,False,0.0,-18.611832562003116,11.6264310189691,-6.5601579014577,CENTER,0.0,0.9994726428540809,0.11263656136740291,NORMAL,STABLE,NORMAL,NO_ACTION,False,0.0
2026-08-12T00:42:50.650654,0.31522758761281033,1.5325028858489584,0.09803921568627451,False,7,0.09589838981628418,False,0.0,-18.909667485114085,12.056906567133808,-6.742849439481489,CENTER,0.0,0.9996364615483538,0.11341018955920719,NORMAL,STABLE,NORMAL,NO_ACTION,False,0.0
2026-08-12T00:42:50.681796,0.3002355318912756,1.4855803272259016,0.09791921664626684,False,7,0.09589838981628418,False,0.0,-18.999342646235192,10.077580922731272,-6.037325559281982,CENTER,0.0,0.9989077369470165,0.11138763708654467,NORMAL,STABLE,NORMAL,NO_ACTION,False,0.0
2026-08-12T00:42:50.713768,0.2875543428417343,1.586226140881296,0.097799511002445,False,7,0.09589838981628418,False,0.0,-18.65680303213108,9.160733544340587,-6.027525949397699,CENTER,0.0,0.9984624030135459,0.12698038945673906,NORMAL,STABLE,NORMAL,NO_ACTION,False,0.0
2026-08-12T00:42:50.761829,0.29024125733011097,1.455756312194843,0.09768009768009768,False,7,0.09589838981628418,False,0.0,-18.723066233814762,11.600656499081111,-6.732752919516798,CENTER,0.0,0.9990964988425927,0.1259029198457299,NORMAL,STABLE,NORMAL,NO_ACTION,False,0.0
2026-08-12T00:42:50.793899,0.2948485197029272,1.4704306865583192,0.0975609756097561,False,7,0.09589838981628418,False,0.0,-18.82083872220923,10.998676159510211,-6.291960903818762,CENTER,0.0,0.9993056225351509,0.11899482466969621,NORMAL,STABLE,NORMAL,NO_ACTION,False,0.0
2026-08-12T00:42:50.826335,0.2851399476846044,1.4434500138964375,0.09744214372716199,False,7,0.09589838981628418,False,0.0,-19.12837171136573,10.874184680121175,-6.306451222055131,CENTER,0.0,0.9992966338734568,0.13215977336613138,NORMAL,STABLE,NORMAL,NO_ACTION,False,0.0
2026-08-12T00:42:50.859140,0.2979256150618229,1.4932575874611613,0.09732360097323602,False,7,0.09589838981628418,False,0.0,-18.955153737859092,10.253681005847056,-6.3094774100520965,CENTER,0.0,0.9994924286265432,0.11450018693459568,NORMAL,STABLE,NORMAL,NO_ACTION,False,0.0
2026-08-12T00:42:50.891782,0.28386796179603113,1.4663521423872732,0.09720534629404617,False,7,0.09589838981628418,False,0.0,-18.807195905049127,11.579944734274932,-6.399944229630819,CENTER,0.0,0.9992567810142319,0.13414622004307106,NORMAL,STABLE,NORMAL,NO_ACTION,False,0.0
2026-08-12T00:42:50.921963,0.2990890742896627,1.529603452541103,0.0970873786407767,False,7,0.09589838981628418,False,0.0,-18.961600617722326,9.893443715711328,-6.040101673797096,CENTER,0.0,0.9983157578875171,0.11243554583733402,NORMAL,STABLE,NORMAL,NO_ACTION,False,0.0
2026-08-12T00:42:50.954008,0.2901395792213699,1.4980735266251215,0.09696969696969697,False,7,0.09589838981628418,False,0.0,-19.27579343888067,8.887527518377453,-5.706343438838502,CENTER,0.0,0.9980233383701987,0.12362287012813858,NORMAL,STABLE,NORMAL,NO_ACTION,False,0.0
2026-08-12T00:42:50.986830,0.290909668704597,1.5134397324378674,0.09685230024213075,False,7,0.09589838981628418,False,0.0,-19.705049452261676,8.547428701861861,-5.9887664830946505,CENTER,0.0,0.9992537401406036,0.12303577780148439,NORMAL,STABLE,NORMAL,NO_ACTION,False,0.0
2026-08-12T00:42:51.018354,0.28594322488177876,1.5088651045431836,0.09673518742442563,False,7,0.09589838981628418,False,0.0,-18.777326020551385,7.338455937098786,-5.585658672290123,CENTER,0.0,0.9997913585605281,0.12750301470530628,NORMAL,STABLE,NORMAL,NO_ACTION,False,0.0
2026-08-12T00:42:51.052661,0.2953550636357097,1.5095049166803804,0.0966183574879227,False,7,0.09589838981628418,False,0.0,-19.412076924237226,7.006552673314133,-5.401906033849741,CENTER,0.0,0.9993824213391631,0.1151484830797903,NORMAL,STABLE,NORMAL,NO_ACTION,False,0.0
2026-08-12T00:42:51.085050,0.28322708709359967,1.6098520093494133,0.09650180940892641,False,7,0.09589838981628418,False,0.0,-18.389746780660374,8.169106241801046,-5.687504936013198,CENTER,0.0,0.9993719457304527,0.13144929559181648,NORMAL,STABLE,NORMAL,NO_ACTION,False,0.0
2026-08-12T00:42:51.114312,0.28388513210410415,1.4902412433062597,0.0963855421686747,False,7,0.09589838981628418,False,0.0,-18.205728268545755,8.114242455585327,-5.671449319214474,CENTER,0.0,0.998887710048011,0.1303396144228863,NORMAL,STABLE,NORMAL,NO_ACTION,False,0.0
2026-08-12T00:42:51.145943,0.3000021486619952,1.5119887228945017,0.09626955475330927,False,7,0.09589838981628418,False,0.0,-18.46471903910222,6.78508488173037,-5.621341586544673,CENTER,0.0,0.9986305619855967,0.1080943233874282,NORMAL,STABLE,NORMAL,NO_ACTION,False,0.0
2026-08-12T00:42:51.178457,0.2538247527519769,1.399690130262556,0.09615384615384616,False,7,0.09589838981628418,False,0.0,-18.748550714188212,6.537559152317414,-5.459423229472094,CENTER,0.0,0.9987107767489711,0.1695999491457107,NORMAL,STABLE,NORMAL,NO_ACTION,False,0.0
2026-08-12T00:42:51.209979,0.2670858051763586,1.4159958635414562,0.09603841536614646,False,7,0.09589838981628418,False,0.0,-18.767846186989544,9.086786093541633,-5.634432540030502,CENTER,0.0,0.998926183127572,0.15394676256954345,NORMAL,STABLE,NORMAL,NO_ACTION,False,0.0
2026-08-12T00:42:51.242911,0.25671669240661016,1.4517220092183107,0.09592326139088729,False,7,0.09589838981628418,False,0.0,-18.44896182241945,8.936910710608714,-6.274646401715273,CENTER,0.0,0.9991813485939642,0.1679734313350521,NORMAL,STABLE,NORMAL,NO_ACTION,False,0.0
2026-08-12T00:42:51.291437,0.2759814889547421,1.5446248783867573,0.09580838323353294,False,7,0.09589838981628418,False,0.0,-18.635866004522796,8.991540598414986,-6.080796423375034,CENTER,0.0,0.998510052297668,0.1423198023119896,NORMAL,STABLE,NORMAL,NO_ACTION,False,0.0
2026-08-12T00:42:51.323887,0.2669437539732804,1.5028928360801428,0.09569377990430622,False,7,0.09589838981628418,False,0.0,-18.085293063747855,10.248046425053758,-6.142416188049793,CENTER,0.0,0.9984334946201988,0.15480674825174787,NORMAL,STABLE,NORMAL,NO_ACTION,False,0.0
2026-08-12T00:42:51.354828,0.28418438786806466,1.4134748189711457,0.0955794504181601,False,7,0.09589838981628418,False,0.0,-18.644565212360362,8.545837761673823,-5.732079635066441,CENTER,0.0,0.9988685003000686,0.13073328293094105,NORMAL,STABLE,NORMAL,NO_ACTION,False,0.0
2026-08-12T00:42:51.386639,0.28607186798726175,1.5073089649862192,0.0954653937947494,False,7,0.09589838981628418,False,0.0,-18.79403593618619,8.272632298347503,-5.806399956741501,CENTER,0.0,0.9990195526834704,0.1282348302034249,NORMAL,STABLE,NORMAL,NO_ACTION,False,0.0
2026-08-12T00:42:51.419248,0.270854299344388,1.4440656133289351,0.09535160905840286,False,7,0.09589838981628418,False,0.0,-18.403473392291147,8.197216037531717,-5.924366958114803,CENTER,0.0,0.9986908704132373,0.14820795501646133,NORMAL,STABLE,NORMAL,NO_ACTION,False,0.0
2026-08-12T00:42:51.452883,0.24151126692568203,1.5238886870821327,0.09523809523809523,False,7,0.09589838981628418,False,0.0,-18.89768491293802,9.52358030853037,-6.129627061657459,CENTER,0.0,0.9989013069058641,0.18896349326041745,NORMAL,STABLE,NORMAL,NO_ACTION,False,0.0
2026-08-12T00:42:51.486092,0.2730158073846242,1.4825340243478329,0.09512485136741974,False,7,0.09589838981628418,False,0.0,-18.431747158356075,8.334425366699719,-5.503911714393666,CENTER,0.0,0.9985878959833675,0.14504738368502465,NORMAL,STABLE,NORMAL,NO_ACTION,False,0.0
2026-08-12T00:42:51.516737,0.2744161817797833,1.4829525751126102,0.09501187648456057,False,7,0.09589838981628418,False,0.0,-18.45894349016379,6.465530189376835,-5.560851307062052,CENTER,0.0,0.9978992117841221,0.14191147997587117,NORMAL,STABLE,NORMAL,NO_ACTION,False,0.0
2026-08-12T00:42:51.546328,0.26919682221864116,1.6247888087809972,0.09489916963226572,False,7,0.09589838981628418,False,0.0,-19.20158085969831,6.65161793828247,-5.095887689660373,CENTER,0.0,0.9992799291623798,0.14927241230402785,NORMAL,STABLE,NORMAL,NO_ACTION,False,0.0
2026-08-12T00:42:51.584044,0.2696990777232009,1.487788167758019,0.0947867298578199,False,7,0.09589838981628418,False,0.0,-18.950595414856082,5.183967010315342,-4.776022199516319,CENTER,0.0,0.9999880240483539,0.1469930598755407,NORMAL,STABLE,NORMAL,NO_ACTION,False,0.0
2026-08-12T00:42:51.611547,0.2580218599585053,1.531261044297336,0.09467455621301775,False,7,0.09589838981628418,False,0.0,-18.72905286383275,7.045584994657844,-5.520624969985192,CENTER,0.0,0.9993625417952673,0.16441087305810753,NORMAL,STABLE,NORMAL,NO_ACTION,False,0.0
2026-08-12T00:42:51.644790,0.2622435319591435,1.5843157450291885,0.09456264775413711,False,7,0.09589838981628418,False,0.0,-19.276846643839036,7.053660322683811,-5.363524629088943,CENTER,0.0,0.9999389949845678,0.15916403255034425,NORMAL,STABLE,NORMAL,NO_ACTION,False,0.0
2026-08-12T00:42:51.681870,0.25268566299773276,1.5129311038750775,0.09445100354191263,False,7,0.09589838981628418,False,0.0,-18.93158034120583,7.184672459739346,-4.70537686440187,CENTER,0.0,0.9997102998542525,0.17103622712564215,NORMAL,STABLE,NORMAL,NO_ACTION,False,0.0
2026-08-12T00:42:51.711592,0.2709940686961234,1.5069399259428466,0.09433962264150944,False,7,0.09589838981628418,False,0.0,-19.553949405314,6.882260910767712,-4.848203501597425,CENTER,0.0,0.9989489695859054,0.14714346630663794,NORMAL,STABLE,NORMAL,NO_ACTION,False,0.0
2026-08-12T00:42:51.743468,0.2870423042261887,1.55105989942256,0.09422850412249706,False,7,0.09589838981628418,False,0.0,-18.265673755450734,5.234579934521719,-4.166376377235849,CENTER,0.0,0.9990359626843279,0.12265869111223078,NORMAL,STABLE,NORMAL,NO_ACTION,False,0.0
2026-08-12T00:42:51.771072,0.2432463391161015,1.539479566771085,0.09411764705882353,False,7,0.09589838981628418,False,0.0,-19.409105419394365,7.809154793136884,-5.014956586565432,CENTER,0.0,0.9999245809756516,0.18483096009042482,NORMAL,STABLE,NORMAL,NO_ACTION,False,0.0
2026-08-12T00:42:51.819375,0.2624955363132256,1.5133905202238553,0.09400705052878966,False,7,0.09589838981628418,False,0.0,-18.35317653531854,6.666899170255363,-5.128413221708257,CENTER,0.0,0.999483024691358,0.15743283556394647,NORMAL,STABLE,NORMAL,NO_ACTION,False,0.0
2026-08-12T00:42:51.855723,0.2991993390872936,1.4371838213530124,0.09389671361502347,False,7,0.09589838981628418,False,0.0,-18.209610029578045,4.876828174396422,-4.232948630069757,CENTER,0.0,0.9999275012860082,0.10620105434848157,NORMAL,STABLE,NORMAL,NO_ACTION,False,0.0
2026-08-12T00:42:51.883154,0.2390775300909218,1.5220963700348076,0.09378663540445487,False,7,0.09589838981628418,False,0.0,-18.62465802687558,5.870162855983438,-4.6570262636349185,CENTER,0.0,0.9997024900334361,0.18788892162858387,NORMAL,STABLE,NORMAL,NO_ACTION,False,0.0
2026-08-12T00:42:51.916018,0.2726110938207634,1.5137348920044715,0.0936768149882904,False,7,0.09589838981628418,False,0.0,-18.60102614398798,5.077572590588318,-4.442353047567963,CENTER,0.0,0.999486400462963,0.14237559803516464,NORMAL,STABLE,NORMAL,NO_ACTION,False,0.0
2026-08-12T00:42:51.945796,0.2573266206419079,1.5163645738214249,0.0935672514619883,False,7,0.09589838981628418,False,0.0,-19.274230506961175,4.544337956333379,-4.336902693599541,CENTER,0.0,0.9985028185013718,0.1629165077871998,NORMAL,STABLE,NORMAL,NO_ACTION,False,0.0
2026-08-12T00:42:51.977937,0.23249327103660772,1.5538073755655961,0.09345794392523364,False,7,0.09589838981628418,False,0.0,-19.18087751806968,4.099835212088749,-4.112747589407547,CENTER,0.0,0.9999271128043551,0.1954008623004541,NORMAL,STABLE,NORMAL,NO_ACTION,False,0.0
2026-08-12T00:42:52.011123,0.24860054673830478,1.5581961741798642,0.09334889148191365,False,7,0.09589838981628418,False,0.0,-19.24669508340756,4.059733548830735,-4.358995086228646,CENTER,0.0,0.9996108351551782,0.17419603948273216,NORMAL,STABLE,NORMAL,NO_ACTION,False,0.0
2026-08-12T00:42:52.043756,0.25928225424232454,1.4713651401214978,0.09324009324009325,False,7,0.09589838981628418,False,0.0,-18.614410961289764,3.150311457260244,-3.7716328997333903,CENTER,0.0,0.9997823565029149,0.15812248374368493,NORMAL,STABLE,NORMAL,NO_ACTION,False,0.0
2026-08-12T00:42:52.073688,0.2680190536976553,1.342929212181535,0.09313154831199069,False,7,0.09589838981628418,False,0.0,-18.92397893325179,2.575462619347064,-3.3660922470737944,CENTER,0.0,0.9998426247427983,0.1459658310611164,NORMAL,STABLE,NORMAL,NO_ACTION,False,0.0
2026-08-12T00:42:52.106884,0.30191410225079784,1.3836723877735067,0.09302325581395349,False,7,0.09589838981628418,False,0.0,-18.401751167890666,0.6603057519787399,-2.580624366133918,CENTER,0.0,0.999602395726166,0.1006821380017861,NORMAL,STABLE,NORMAL,NO_ACTION,False,0.0
2026-08-12T00:42:52.138178,0.288978721031606,1.345673156100581,0.09291521486643438,False,7,0.09589838981628418,False,0.0,-18.39055295475731,1.6389900114605496,-2.926182747824299,CENTER,0.0,0.9991130428026406,0.11640598060565875,NORMAL,STABLE,NORMAL,NO_ACTION,False,0.0
2026-08-12T00:42:52.169946,0.3087840964854106,1.1581518646167763,0.09280742459396751,False,7,0.09589838981628418,False,0.0,-18.226267851090967,0.029143390310082395,-2.2281488005026517,CENTER,0.0,0.9990052056541494,0.0997178936686104,NORMAL,STABLE,NORMAL,NO_ACTION,False,0.0
2026-08-12T00:42:52.202605,0.29615422878827685,1.2052206476955678,0.09280742459396751,False,7,0.09589838981628418,False,0.0,-17.897095790774074,-0.4771257072823971,-1.7344757917194897,CENTER,0.0,0.9997874067644033,0.10437676207625453,NORMAL,STABLE,NORMAL,NO_ACTION,False,0.0
2026-08-12T00:42:52.234290,0.3123746695333338,1.1111137522398247,0.09269988412514485,False,7,0.09589838981628418,False,0.0,-18.20825886346384,0.0855396097811365,-1.631262149367501,CENTER,0.0,0.9996515721450617,0.09916650254534619,NORMAL,STABLE,NORMAL,NO_ACTION,False,0.0
2026-08-12T00:42:52.266051,0.30409935279831946,1.1895135716821086,0.09259259259259259,False,7,0.09589838981628418,False,0.0,-18.675069859626888,0.41878744997416106,-1.8461309633447058,CENTER,0.0,0.9994053953403634,0.10006361395080583,NORMAL,STABLE,NORMAL,NO_ACTION,False,0.0
2026-08-12T00:42:52.300119,0.3047069529554459,1.1591252293134424,0.09259259259259259,False,7,0.09589838981628418,False,0.0,-18.905061499971254,-0.8830552299857004,-1.5453818355820204,CENTER,0.0,0.9990132164137517,0.1003307816188558,NORMAL,STABLE,NORMAL,NO_ACTION,False,0.0
2026-08-12T00:42:52.345757,0.31911398233201016,1.1928483283596942,0.09269988412514485,False,7,0.09589838981628418,False,0.0,-18.36720460128808,-0.9677392876518809,-1.6671807496519193,CENTER,0.0,0.9990178112139917,0.09999129389754266,NORMAL,STABLE,NORMAL,NO_ACTION,False,0.0
2026-08-12T00:42:52.378298,0.32269870509708765,1.1218688463105013,0.09269988412514485,False,7,0.09589838981628418,False,0.0,-17.40848235538658,0.3456223771857765,-1.6644065323842483,CENTER,0.0,0.9994001441400892,0.09861610175693201,NORMAL,STABLE,NORMAL,NO_ACTION,False,0.0
2026-08-12T00:42:52.411481,0.3203379277119991,1.1903944029058062,0.09269988412514485,False,7,0.09589838981628418,False,0.0,-17.65702009440264,-0.633066969952182,-1.6917181775995687,CENTER,0.0,0.999150591563786,0.09908933336985648,NORMAL,STABLE,NORMAL,NO_ACTION,False,0.0
2026-08-12T00:42:52.449662,0.30357780655338973,1.167226797530394,0.09269988412514485,False,7,0.09589838981628418,False,0.0,-18.052912408037685,2.0508017461845895,-2.2740567269055987,CENTER,0.0,0.9998857596021947,0.10105525302070834,NORMAL,STABLE,NORMAL,NO_ACTION,False,0.0
2026-08-12T00:42:52.476129,0.30156194287718285,1.2247517472111904,0.09269988412514485,False,7,0.09589838981628418,False,0.0,-17.274930462642857,2.308792968093911,-2.244868457269149,CENTER,0.0,0.9999688276963307,0.10046430499242753,NORMAL,STABLE,NORMAL,NO_ACTION,False,0.0
2026-08-12T00:42:52.512507,0.30608732356669605,1.3118130118379436,0.09269988412514485,False,7,0.09589838981628418,False,0.0,-18.360189977500852,0.6540386850223285,-2.452197334897022,CENTER,0.0,0.9993368350265774,0.10051391942519557,NORMAL,STABLE,NORMAL,NO_ACTION,False,0.0
2026-08-12T00:42:52.544286,0.2886138225686889,1.1389950183508601,0.09269988412514485,False,7,0.09589838981628418,False,0.0,-18.09364397034969,-0.9893772084138845,-1.4340206059681577,CENTER,0.0,0.9994186974879973,0.11470053785464943,NORMAL,STABLE,NORMAL,NO_ACTION,False,0.0
2026-08-12T00:42:52.574397,0.2985530667438672,1.191834091420354,0.09269988412514485,False,7,0.09589838981628418,False,0.0,-17.369677582706174,0.8565845991911942,-1.9943987473589857,CENTER,0.0,0.9997055978866598,0.10119477709210008,NORMAL,STABLE,NORMAL,NO_ACTION,False,0.0
2026-08-12T00:42:52.639397,0.28385463634594654,1.1272546708129803,0.09280742459396751,False,7,0.09589838981628418,False,0.0,-17.97549253432217,0.10626755172802405,-2.1459189167227066,CENTER,0.0,0.999775444208676,0.12098007431599213,NORMAL,STABLE,NORMAL,NO_ACTION,False,0.0
2026-08-12T00:42:52.674525,0.279668595807622,1.1576774704574875,0.09280742459396751,False,7,0.09589838981628418,False,0.0,-18.473208251608526,0.8310994745246774,-2.4209422490881707,CENTER,0.0,0.9998505953146433,0.12782907050729456,NORMAL,STABLE,NORMAL,NO_ACTION,False,0.0
2026-08-12T00:42:52.706714,0.2929379318255715,1.182102132759857,0.09280742459396751,False,7,0.09589838981628418,False,0.0,-17.735211906671765,0.6289121383489942,-2.2456023588190988,CENTER,0.0,0.9998619684499316,0.10911108932888866,NORMAL,STABLE,NORMAL,NO_ACTION,False,0.0
2026-08-12T00:42:52.740737,0.2900149948527238,1.2954674835613051,0.09280742459396751,False,7,0.09589838981628418,False,0.0,-17.341613448456883,0.23774371777849979,-2.1321530766668104,CENTER,0.0,0.9985687800068587,0.11223755990562367,NORMAL,STABLE,NORMAL,NO_ACTION,False,0.0
2026-08-12T00:42:52.778153,0.2848134525978778,1.2926635327300002,0.09280742459396751,False,7,0.09589838981628418,False,0.0,-17.107559236783658,-0.8346203015747733,-1.817748869004788,CENTER,0.0,0.9984859664351851,0.11907588196694835,NORMAL,STABLE,NORMAL,NO_ACTION,False,0.0
2026-08-12T00:42:52.808448,0.311840923400621,1.3022611439426859,0.09291521486643438,False,7,0.09589838981628418,False,0.0,-18.339755925332895,-0.542362919217311,-2.244979107876759,CENTER,0.0,0.9987351171339162,0.10021404399215514,NORMAL,STABLE,NORMAL,NO_ACTION,False,0.0
2026-08-12T00:42:52.843157,0.2961371022708232,1.311803463650747,0.09291521486643438,False,7,0.09589838981628418,False,0.0,-18.646001577911477,-1.3604900044300052,-2.223514494068752,CENTER,0.0,0.9994023946544927,0.10622967745215689,NORMAL,STABLE,NORMAL,NO_ACTION,False,0.0
2026-08-12T00:42:52.875327,0.2833959686626443,1.2681048015540666,0.09291521486643438,False,7,0.09589838981628418,False,0.0,-18.802906174685717,-1.9113068799789517,-2.218975753843125,CENTER,0.0,0.9988822177211933,0.12376239046096828,NORMAL,STABLE,NORMAL,NO_ACTION,False,0.0
2026-08-12T00:42:52.913564,0.2950383299193915,1.2857777335161402,0.09302325581395349,False,7,0.09589838981628418,False,0.0,-20.50894460409944,-1.4851757164190076,-2.272808459935959,CENTER,0.0,0.9989922384044926,0.1096261714458147,NORMAL,STABLE,NORMAL,NO_ACTION,False,0.0
2026-08-12T00:42:52.942001,0.2820469704784746,1.3787264584493988,0.09302325581395349,False,7,0.09589838981628418,False,0.0,-20.840473200384594,-2.1363139705321714,-1.948380412051847,CENTER,0.0,0.9996555641289439,0.12742508811569034,NORMAL,STABLE,NORMAL,NO_ACTION,False,0.0
2026-08-12T00:42:52.966536,0.27487860947454557,1.402529231998003,0.09291521486643438,False,7,0.09589838981628418,False,0.0,-20.71206832681537,-4.139780147374296,-1.9229779515090968,CENTER,0.0,0.9990104434585048,0.13828173981579978,NORMAL,STABLE,NORMAL,NO_ACTION,False,0.0
2026-08-12T00:42:53.000420,0.29986009740743336,1.3677524261885285,0.09291521486643438,False,7,0.09589838981628418,False,0.0,-20.285733297895177,-4.124745544775692,-1.6015112173594446,CENTER,0.0,0.9984174061213992,0.1042421255130424,NORMAL,STABLE,NORMAL,NO_ACTION,False,0.0
2026-08-12T00:42:53.035260,0.2956952726716958,1.3191436500747176,0.09291521486643438,False,7,0.09589838981628418,False,0.0,-20.134056015165925,-4.227962176765118,-1.1636947442873122,CENTER,0.0,0.999330177254801,0.10930210985228349,NORMAL,STABLE,NORMAL,NO_ACTION,False,0.0
2026-08-12T00:42:53.065639,0.2762887623336683,1.3366401200004516,0.09280742459396751,False,7,0.09589838981628418,False,0.0,-19.919820611426957,-3.6957793815862203,-1.2825063649534343,CENTER,0.0,0.9987876827203361,0.13470121315980604,NORMAL,STABLE,NORMAL,NO_ACTION,False,0.0
2026-08-12T00:42:53.099950,0.28935756400354085,1.3557008119888028,0.09291521486643438,False,7,0.09589838981628418,False,0.0,-21.330644552253148,-4.14810605461571,-1.264546369102419,CENTER,0.0,0.9995795824759945,0.11894410103306594,NORMAL,STABLE,NORMAL,NO_ACTION,False,0.0
2026-08-12T00:42:53.129827,0.29249875257086944,1.310668328606142,0.09291521486643438,False,7,0.09589838981628418,False,0.0,-19.761149246264523,-3.999821262053814,-1.2939905325860082,CENTER,0.0,0.9995668965406379,0.11316574282625419,NORMAL,STABLE,NORMAL,NO_ACTION,False,0.0
2026-08-12T00:42:53.162760,0.28274278519531115,1.3763492991495319,0.09280742459396751,False,7,0.09589838981628418,False,0.0,-20.3860746416687,-4.357046664105269,-1.4251429058172107,CENTER,0.0,0.9988334297839506,0.12715977033901796,NORMAL,STABLE,NORMAL,NO_ACTION,False,0.0
2026-08-12T00:42:53.196859,0.30796787297846817,1.333698842624602,0.09291521486643438,False,7,0.09589838981628418,False,0.0,-18.891745626436034,-5.3768601405268726,-1.3846838684156353,CENTER,0.0,0.9989436514060357,0.10340873850394139,NORMAL,STABLE,NORMAL,NO_ACTION,False,0.0
2026-08-12T00:42:53.225783,0.3175974024537186,1.4497365213616622,0.09291521486643438,False,7,0.09589838981628418,False,0.0,-19.661405235442743,-4.210465332694781,-1.66686022730201,CENTER,0.0,0.9995189793381345,0.10357922133403377,NORMAL,STABLE,NORMAL,NO_ACTION,False,0.0
2026-08-12T00:42:53.259223,0.3370215848194314,1.4202823252336778,0.09291521486643438,False,7,0.09589838981628418,False,0.0,-18.751402463210212,-3.9053292548010177,-2.2053696535463416,CENTER,0.0,0.9990490103094993,0.10300111094460335,NORMAL,STABLE,NORMAL,NO_ACTION,False,0.0
2026-08-12T00:42:53.285831,0.3416482147010791,1.4155397784877577,0.09291521486643438,False,7,0.09589838981628418,False,0.0,-19.139688187546824,-4.301357629402645,-2.0522765007093824,CENTER,0.0,0.9991560437028463,0.10351361317288937,NORMAL,STABLE,NORMAL,NO_ACTION,False,0.0
2026-08-12T00:42:53.312791,0.32008651222012996,1.3540979689780674,0.09291521486643438,False,7,0.09589838981628418,False,0.0,-19.570295860011328,-5.014694333217136,-1.3128688676870581,CENTER,0.0,0.9984412642532579,0.10373143786732934,NORMAL,STABLE,NORMAL,NO_ACTION,False,0.0
2026-08-12T00:42:53.335617,0.32587854989015286,1.30601313024033,0.09280742459396751,False,7,0.09589838981628418,False,0.0,-20.359797783278083,-3.5579394247442337,-1.6343922560617727,CENTER,0.0,0.9989575429741083,0.10374921332612404,NORMAL,STABLE,NORMAL,NO_ACTION,False,0.0
2026-08-12T00:42:53.358670,0.3258504589468535,1.2935826873230327,0.09280742459396751,False,7,0.09589838981628418,False,0.0,-18.9439920427115,-5.052437739661656,-1.4361795811149989,CENTER,0.0,0.9987784663280179,0.10327433326455153,NORMAL,STABLE,NORMAL,NO_ACTION,False,0.0
2026-08-12T00:42:53.434947,0.34173255359925914,1.2967144953857046,0.09280742459396751,False,7,0.09589838981628418,False,0.0,-18.48003393122019,-4.157179114514975,-1.643861131567519,CENTER,0.0,0.9993032246656378,0.10238097275427861,NORMAL,STABLE,NORMAL,NO_ACTION,False,0.0
2026-08-12T00:42:53.466413,0.32140426947678197,1.2239802696545605,0.09280742459396751,False,7,0.09589838981628418,False,0.0,-19.381660158530053,-3.200947689693379,-1.8896758044731996,CENTER,0.0,0.9991232237011317,0.10279530425878168,NORMAL,STABLE,NORMAL,NO_ACTION,False,0.0
2026-08-12T00:42:53.499856,0.3311747576420929,1.224736803306325,0.09291521486643438,False,7,0.09589838981628418,False,0.0,-19.715051984806422,-3.6006436874640997,-1.6449259729862717,CENTER,0.0,0.9985150623713992,0.10316933254845037,NORMAL,STABLE,NORMAL,NO_ACTION,False,0.0
2026-08-12T00:42:53.530786,0.3339763168138359,1.268403927229762,0.09291521486643438,False,7,0.09589838981628418,False,0.0,-2.4483631427794137,-15.609775773545977,177.39776382592544,CENTER,0.0,0.965081311889146,0.1275417358565594,NORMAL,STABLE,NORMAL,NO_ACTION,False,0.0
2026-08-12T00:42:53.561536,0.3324036456801458,1.2898706609655513,0.09280742459396751,False,7,0.09589838981628418,False,0.0,-19.416419667732526,-4.632647689576459,-1.826739505323161,CENTER,0.0,0.9979808867026749,0.10380217660911811,NORMAL,STABLE,NORMAL,NO_ACTION,False,0.0
2026-08-12T00:42:53.594473,0.32959828382835554,1.2500367613089547,0.09280742459396751,False,7,0.09589838981628418,False,0.0,-19.454012203846503,-4.8398017744466415,-1.390796868684248,CENTER,0.0,0.9982532257373113,0.10356819149953737,NORMAL,STABLE,NORMAL,NO_ACTION,False,0.0
2026-08-12T00:42:53.626195,0.317960127090243,1.2372192049679942,0.09280742459396751,False,7,0.09589838981628418,False,0.0,-20.136106727437408,-3.461557979112172,-1.8309824780452857,CENTER,0.0,0.9987642532578874,0.1036535074050088,NORMAL,STABLE,NORMAL,NO_ACTION,False,0.0
2026-08-12T00:42:53.657641,0.3408371861787128,1.2970896028510142,0.09280742459396751,False,7,0.09589838981628418,False,0.0,-18.35444369069424,-5.661781126501239,-1.6362747461280946,CENTER,0.0,0.9990252727409121,0.10333938560459834,NORMAL,STABLE,NORMAL,NO_ACTION,False,0.0
2026-08-12T00:42:53.689890,0.34260466354988006,1.3098375032686513,0.09280742459396751,False,7,0.09589838981628418,False,0.0,-19.325871268708994,-3.9042773819448087,-1.569549266526991,CENTER,0.0,0.9987012924382715,0.10294127195792813,NORMAL,STABLE,NORMAL,NO_ACTION,False,0.0
2026-08-12T00:42:53.721948,0.3516540754511402,1.3561857658781376,0.09291521486643438,False,7,0.09589838981628418,False,0.0,-18.38777576117019,-3.183576013360465,-1.9047906114524835,CENTER,0.0,0.9980097415123457,0.10184023918328587,NORMAL,STABLE,NORMAL,NO_ACTION,False,0.0
2026-08-12T00:42:53.753592,0.34855025929596395,1.3338063492258274,0.09291521486643438,False,7,0.09589838981628418,False,0.0,-19.510710036792915,-4.293996265029222,-1.7131227704691696,CENTER,0.0,0.997826672882373,0.10353898445025497,NORMAL,STABLE,NORMAL,NO_ACTION,False,0.0
2026-08-12T00:42:53.787197,0.34516174783097237,1.3668625964009655,0.09291521486643438,False,7,0.09589838981628418,False,0.0,-19.104877611021237,-3.4855679384771747,-1.7361379578339324,CENTER,0.0,0.9979498751500342,0.10258648072557552,NORMAL,STABLE,NORMAL,NO_ACTION,False,0.0
2026-08-12T00:42:53.819131,0.3485959584712115,1.28171933179247,0.09280742459396751,False,7,0.09589838981628418,False,0.0,-18.957783435178442,-4.56986251778946,-1.433155899040628,CENTER,0.0,0.99872788333762,0.10293617562172556,NORMAL,STABLE,NORMAL,NO_ACTION,False,0.0
2026-08-12T00:42:53.850750,0.3588165550155422,1.281834634517041,0.09280742459396751,False,7,0.09589838981628418,False,0.0,-19.410238936835356,-3.671447597464976,-1.7415438035093587,CENTER,0.0,0.9987958408350479,0.10301998442220481,NORMAL,STABLE,NORMAL,NO_ACTION,False,0.0
2026-08-12T00:42:53.882969,0.34588215785058174,1.249724927718802,0.09280742459396751,False,7,0.09589838981628418,False,0.0,-19.05625671496952,-3.232298559331497,-1.7186234325745886,CENTER,0.0,0.9990681396819271,0.1023398779904856,NORMAL,STABLE,NORMAL,NO_ACTION,False,0.0
2026-08-12T00:42:53.930345,0.3314591720112249,1.302086810007701,0.09291521486643438,False,7,0.09589838981628418,False,0.0,-20.32403815690853,-2.4043468451462218,-2.2847343273878664,CENTER,0.0,0.9988648834019205,0.10350788326192806,NORMAL,STABLE,NORMAL,NO_ACTION,False,0.0
2026-08-12T00:42:53.961801,0.3107095698043077,1.3101149782123773,0.09280742459396751,False,7,0.09589838981628418,False,0.0,-20.166457819410084,-3.676410372748933,-1.8380542488572758,CENTER,0.0,0.9977394654492455,0.10384471540902057,NORMAL,STABLE,NORMAL,NO_ACTION,False,0.0
2026-08-12T00:42:53.995056,0.3063569618109493,1.2975401082362588,0.09291521486643438,False,7,0.09589838981628418,False,0.0,-20.640442473131515,-4.643653516033453,-2.038953673968649,CENTER,0.0,0.997506162122771,0.10519316827360209,NORMAL,STABLE,NORMAL,NO_ACTION,False,0.0
2026-08-12T00:42:54.026384,0.31516553935376673,1.2986965189041433,0.09291521486643438,False,7,0.09589838981628418,False,0.0,-19.505040696331406,-3.797299666241315,-1.9017283218850025,CENTER,0.0,0.998137953853738,0.10335641992464194,NORMAL,STABLE,NORMAL,NO_ACTION,False,0.0
2026-08-12T00:42:54.058960,0.28958170948468376,1.4434617046010936,0.09280742459396751,False,7,0.09589838981628418,False,0.0,-20.962194399401312,-3.603289923897478,-1.9769060281404052,CENTER,0.0,0.9987306428969477,0.11858293419198036,NORMAL,STABLE,NORMAL,NO_ACTION,False,0.0
2026-08-12T00:42:54.091812,0.31255597745087244,1.4384482464007255,0.09291521486643438,False,7,0.09589838981628418,False,0.0,-20.84650674210323,-5.035261488496019,-1.6997283492143254,CENTER,0.0,0.9989823254243829,0.10534776708888625,NORMAL,STABLE,NORMAL,NO_ACTION,False,0.0
2026-08-12T00:42:54.122887,0.3046154356577071,1.3992590819814936,0.09291521486643438,False,7,0.09589838981628418,False,0.0,-22.02052476850247,-4.10621540269932,-2.0218181251291014,CENTER,0.0,0.9992494936342592,0.10611748576248362,NORMAL,STABLE,NORMAL,NO_ACTION,False,0.0
2026-08-12T00:42:54.154422,0.30940029057853313,1.4424207206194553,0.09280742459396751,False,7,0.09589838981628418,False,0.0,-20.22645170379758,-5.008944948776048,-1.8850752573684417,CENTER,0.0,0.9982968964334705,0.10491015287005367,NORMAL,STABLE,NORMAL,NO_ACTION,False,0.0
2026-08-12T00:42:54.186980,0.2993492868577544,1.4133036655968985,0.09291521486643438,False,7,0.09589838981628418,False,0.0,-20.332353735890393,-5.884928331350835,-1.4679010614786705,CENTER,0.0,0.9974582851080248,0.10611068149310288,NORMAL,STABLE,NORMAL,NO_ACTION,False,0.0
2026-08-12T00:42:54.218798,0.3092425669965647,1.4869430953450744,0.09291521486643438,False,7,0.09589838981628418,False,0.0,-20.12388865563841,-4.415626965560421,-1.773388188062313,CENTER,0.0,0.997543844843107,0.10427533050980173,NORMAL,STABLE,NORMAL,NO_ACTION,False,0.0
2026-08-12T00:42:54.250710,0.3028886065456547,1.3930410737097925,0.09291521486643438,False,7,0.09589838981628418,False,0.0,-20.768562871622464,-4.2323261685677664,-1.6900409908678853,CENTER,0.0,0.9982588922110768,0.10468348373006742,NORMAL,STABLE,NORMAL,NO_ACTION,False,0.0
2026-08-12T00:42:54.292366,0.3025977261365281,1.4787304600156628,0.09291521486643438,False,7,0.09589838981628418,False,0.0,-20.58644095688112,-4.927655783063102,-1.7711918988170225,CENTER,0.0,0.9986568045910494,0.10508843488955119,NORMAL,STABLE,NORMAL,NO_ACTION,False,0.0
2026-08-12T00:42:54.317944,0.27571715770628796,1.4738914693597052,0.09291521486643438,False,7,0.09589838981628418,False,0.0,-20.416806951937502,-5.024564125482925,-1.8689352261891088,CENTER,0.0,0.9999685597779493,0.13746631924636452,NORMAL,STABLE,NORMAL,NO_ACTION,False,0.0
2026-08-12T00:42:54.369009,0.30870429990927206,1.4717743249398727,0.09291521486643438,False,7,0.09589838981628418,False,0.0,-21.483733127339093,-3.620734102286775,-1.741639794384838,CENTER,0.0,0.9995305534122085,0.10498014855405238,NORMAL,STABLE,NORMAL,NO_ACTION,False,0.0
2026-08-12T00:42:54.404815,0.2874199950066896,1.4528863846866067,0.09291521486643438,False,7,0.09589838981628418,False,0.0,-20.55188009858614,-4.601664587026335,-1.8177496550722765,CENTER,0.0,0.998232019997428,0.12163788936301137,NORMAL,STABLE,NORMAL,NO_ACTION,False,0.0
2026-08-12T00:42:54.434204,0.2991462463974299,1.3733213952800372,0.09291521486643438,False,7,0.09589838981628418,False,0.0,-19.81550702085505,-5.887386861685599,-1.561927413276436,CENTER,0.0,0.9983777408050412,0.1059760173623263,NORMAL,STABLE,NORMAL,NO_ACTION,False,0.0
2026-08-12T00:42:54.464872,0.308284296440771,1.4629876023689408,0.09280742459396751,False,7,0.09589838981628418,False,0.0,-20.777025287772062,-5.462276874404466,-1.8472983863265426,CENTER,0.0,0.9989267055684158,0.10573136350286855,NORMAL,STABLE,NORMAL,NO_ACTION,False,0.0
2026-08-12T00:42:54.499506,0.30672423968144125,1.4213547819928936,0.09280742459396751,False,7,0.09589838981628418,False,0.0,-20.560723933971786,-4.315978847033193,-1.9660685837262406,CENTER,0.0,0.9988134162808642,0.10480956270286282,NORMAL,STABLE,NORMAL,NO_ACTION,False,0.0
2026-08-12T00:42:54.539960,0.31897610536169985,1.3505814301053674,0.09280742459396751,False,7,0.09589838981628418,False,0.0,-19.306658113477198,-5.817098262633749,-1.572068415140734,CENTER,0.0,0.998335851766118,0.10430667799501572,NORMAL,STABLE,NORMAL,NO_ACTION,False,0.0
2026-08-12T00:42:54.575738,0.31246818726364106,1.4423395441642084,0.09280742459396751,False,7,0.09589838981628418,False,0.0,-19.294508550007038,-5.1765449103402545,-1.6946411930371141,CENTER,0.0,0.9984703601894719,0.10395038959521419,NORMAL,STABLE,NORMAL,NO_ACTION,False,0.0
2026-08-12T00:42:54.636729,0.3021093990352119,1.4598173633662703,0.09291521486643438,False,7,0.09589838981628418,False,0.0,-20.437972047836837,-6.94552055414016,-1.3256512220305865,CENTER,0.0,0.997866914223251,0.10597377243786246,NORMAL,STABLE,NORMAL,NO_ACTION,False,0.0
2026-08-12T00:42:54.687689,0.2966256359579411,1.4760649201015428,0.09302325581395349,False,7,0.09589838981628418,False,0.0,-19.73558991939933,-5.045825428288566,-1.5916398838749046,CENTER,0.0,0.9976777906378601,0.10868069171299544,NORMAL,STABLE,NORMAL,NO_ACTION,False,0.0
2026-08-12T00:42:54.743142,0.306057023905867,1.4938150909112597,0.09302325581395349,False,7,0.09589838981628418,False,0.0,-18.13309475833995,-4.318309066940259,-1.9133689721072642,CENTER,0.0,0.9982331586505487,0.10242278088136898,NORMAL,STABLE,NORMAL,NO_ACTION,False,0.0
2026-08-12T00:42:54.791054,0.2938995502085811,1.5116331255036577,0.09313154831199069,False,7,0.09589838981628418,False,0.0,-19.730658416079336,-3.869954607779192,-1.8365763801375863,CENTER,0.0,0.9990893454218107,0.11169734859423755,NORMAL,STABLE,NORMAL,NO_ACTION,False,0.0
2026-08-12T00:42:54.834669,0.2920749628999314,1.4335238231892853,0.09313154831199069,False,7,0.09589838981628418,False,0.0,-19.488375454783153,-4.827742106486028,-1.8078306839702236,CENTER,0.0,0.9986910981438614,0.11456087652913091,NORMAL,STABLE,NORMAL,NO_ACTION,False,0.0
2026-08-12T00:42:54.873825,0.2958151839116332,1.4728634656706978,0.09313154831199069,False,7,0.09589838981628418,False,0.0,-19.4055172889513,-5.597874009381314,-1.779928440290945,CENTER,0.0,0.9982586376886144,0.11002346338238662,NORMAL,STABLE,NORMAL,NO_ACTION,False,0.0
2026-08-12T00:42:54.912421,0.3055777262070233,1.4193200825520975,0.09324009324009325,False,7,0.09589838981628418,False,0.0,-19.72940438340072,-5.469108173008408,-1.552797414950362,CENTER,0.0,0.9985592956961592,0.10444388356039971,NORMAL,STABLE,NORMAL,NO_ACTION,False,0.0
2026-08-12T00:42:54.948133,0.3001827054702253,1.486684660607534,0.09324009324009325,False,7,0.09589838981628418,False,0.0,-20.30290858006782,-4.090980163001433,-2.0888854255703677,CENTER,0.0,0.9987957738554527,0.10451706508611558,NORMAL,STABLE,NORMAL,NO_ACTION,False,0.0
2026-08-12T00:42:54.989186,0.29943928989095037,1.4337737270946858,0.09324009324009325,False,7,0.09589838981628418,False,0.0,-19.3790075984611,-3.843408320023258,-1.85462317746061,CENTER,0.0,0.9981230709876543,0.10397060838297054,NORMAL,STABLE,NORMAL,NO_ACTION,False,0.0
2026-08-12T00:42:55.031490,0.30668260630189004,1.48695850660178,0.09324009324009325,False,7,0.09589838981628418,False,0.0,-20.044805395429734,-5.869077909351773,-1.7343099913368292,CENTER,0.0,0.998120632930384,0.10521125997364038,NORMAL,STABLE,NORMAL,NO_ACTION,False,0.0
2026-08-12T00:42:55.068947,0.28966693988976616,1.4041669269235433,0.09324009324009325,False,7,0.09589838981628418,False,0.0,-18.548783125904407,-5.12956725241051,-1.4738932786038959,CENTER,0.0,0.9986938175154322,0.11676319673731995,NORMAL,STABLE,NORMAL,NO_ACTION,False,0.0
2026-08-12T00:42:55.113469,0.2952694443391587,1.4572603410774274,0.09334889148191365,False,7,0.09589838981628418,False,0.0,-19.555239956830007,-5.843431506823265,-1.2825063042270983,CENTER,0.0,0.9986657396690672,0.1105936415170676,NORMAL,STABLE,NORMAL,NO_ACTION,False,0.0
2026-08-12T00:42:55.153671,0.2831489595155171,1.5075245253572989,0.09334889148191365,False,7,0.09589838981628418,False,0.0,-19.09513457925965,-5.632860479366144,-1.475285893553945,CENTER,0.0,0.9982538955332647,0.12634478404008065,NORMAL,STABLE,NORMAL,NO_ACTION,False,0.0
2026-08-12T00:42:55.201260,0.30206475527360954,1.5281259291640248,0.09345794392523364,False,7,0.09589838981628418,False,0.0,-19.40605078911841,-6.492657217014369,-1.2003369516573912,CENTER,0.0,0.9984806750471537,0.10453232951822042,NORMAL,STABLE,NORMAL,NO_ACTION,False,0.0
2026-08-12T00:42:55.238044,0.296590384723155,1.4142885289198885,0.09345794392523364,False,7,0.09589838981628418,False,0.0,-19.454647352546345,-6.248570116723272,-1.5072519128822535,CENTER,0.0,0.9984411704818245,0.1092445425238395,NORMAL,STABLE,NORMAL,NO_ACTION,False,0.0
2026-08-12T00:42:55.284727,0.2827308499312903,1.5502065010512025,0.09345794392523364,False,7,0.09589838981628418,False,0.0,-2.6837575853139697,-17.96232410286865,176.90030027447523,CENTER,0.0,0.965392951871142,0.15281014408713803,NORMAL,STABLE,NORMAL,NO_ACTION,False,0.0
2026-08-12T00:42:55.329229,0.28435233336749394,1.521023535572545,0.09345794392523364,False,7,0.09589838981628418,False,0.0,-19.45662923589714,-4.099002495014133,-1.7806158494096849,CENTER,0.0,0.998614098401063,0.1242746266533693,NORMAL,STABLE,NORMAL,NO_ACTION,False,0.0
2026-08-12T00:42:55.366946,0.28718665024241086,1.4259745996649544,0.0935672514619883,False,7,0.09589838981628418,False,0.0,-19.016256750018954,-5.513200090959799,-1.5481552188913952,CENTER,0.0,0.9984180893132717,0.12086898904587384,NORMAL,STABLE,NORMAL,NO_ACTION,False,0.0
2026-08-12T00:42:55.401987,0.2912514117359435,1.5197876324961919,0.0935672514619883,False,7,0.09589838981628418,False,0.0,-20.29557361220546,-4.438378983001513,-1.7122060702583326,CENTER,0.0,0.998423554848251,0.11606295701550452,NORMAL,STABLE,NORMAL,NO_ACTION,False,0.0
2026-08-12T00:42:55.436488,0.28732823800245905,1.4749627419533198,0.0935672514619883,False,7,0.09589838981628418,False,0.0,-19.34993482799075,-5.433006130274293,-1.6983817868161566,CENTER,0.0,0.9983467426483195,0.12108826975691861,NORMAL,STABLE,NORMAL,NO_ACTION,False,0.0
2026-08-12T00:42:55.471479,0.2884191718706707,1.5012674715208354,0.0935672514619883,False,7,0.09589838981628418,False,0.0,-20.88738603772856,-3.3968979234489893,-2.231208695779742,CENTER,0.0,0.9990031426826133,0.12015676982349358,NORMAL,STABLE,NORMAL,NO_ACTION,False,0.0
2026-08-12T00:42:55.505580,0.2781029466143056,1.4363806623829256,0.0935672514619883,False,7,0.09589838981628418,False,0.0,-19.039959374418743,-5.998540261712321,-1.1407019634826554,CENTER,0.0,0.9991822863082991,0.13296157969532682,NORMAL,STABLE,NORMAL,NO_ACTION,False,0.0
2026-08-12T00:42:55.540123,0.2831309060109809,1.537602434518278,0.0935672514619883,False,7,0.09589838981628418,False,0.0,-19.901627054162418,-4.635973928613396,-2.0208584538982564,CENTER,0.0,0.9983618130572702,0.1269508703119343,NORMAL,STABLE,NORMAL,NO_ACTION,False,0.0
2026-08-12T00:42:55.571568,0.2797897223365377,1.4020374418543518,0.0935672514619883,False,7,0.09589838981628418,False,0.0,-19.245739251038913,-4.719329574835683,-1.9282926748120701,CENTER,0.0,0.9982851214206104,0.1307452500987431,NORMAL,STABLE,NORMAL,NO_ACTION,False,0.0
2026-08-12T00:42:55.604636,0.2904154116048351,1.5767162356046778,0.0935672514619883,False,7,0.09589838981628418,False,0.0,-19.599941429798008,-4.42034452463929,-1.9027992458958352,CENTER,0.0,0.9978137458204733,0.1166782651120164,NORMAL,STABLE,NORMAL,NO_ACTION,False,0.0
2026-08-12T00:42:55.637074,0.2765729167304279,1.374299581830402,0.0935672514619883,False,7,0.09589838981628418,False,0.0,-18.574182382168544,-5.757369342891906,-1.4857525019307047,CENTER,0.0,0.9980383819873114,0.13471118543990995,NORMAL,STABLE,NORMAL,NO_ACTION,False,0.0
2026-08-12T00:42:55.668958,0.2772254407195416,1.4365781405846936,0.0935672514619883,False,7,0.09589838981628418,False,0.0,-18.573493053173024,-3.628221326253083,-1.701164394024147,CENTER,0.0,0.9986460208762004,0.13251020531798385,NORMAL,STABLE,NORMAL,NO_ACTION,False,0.0
2026-08-12T00:42:55.696690,0.29226375932925563,1.4569808571374996,0.0935672514619883,False,7,0.09589838981628418,False,0.0,-19.464191222271126,-4.055011176421232,-1.7208620997356547,CENTER,0.0,0.9991430764531894,0.11364402846145137,NORMAL,STABLE,NORMAL,NO_ACTION,False,0.0
2026-08-12T00:42:55.736490,0.2587743218399614,1.5241152234126794,0.0935672514619883,False,7,0.09589838981628418,False,0.0,-1.8085933291458218,-15.707955552096593,176.94855732225483,CENTER,0.0,0.9659062267804069,0.18379777865473207,NORMAL,STABLE,NORMAL,NO_ACTION,False,0.0
2026-08-12T00:42:55.768718,0.28693468264610555,1.469054301637853,0.0935672514619883,False,7,0.09589838981628418,False,0.0,-19.04748999049059,-4.823742841306824,-1.5497494004181078,CENTER,0.0,0.9984004870756173,0.12073861608552997,NORMAL,STABLE,NORMAL,NO_ACTION,False,0.0
2026-08-12T00:42:55.801588,0.2784615298403988,1.499173430571669,0.0935672514619883,False,7,0.09589838981628418,False,0.0,-18.5914585634886,-4.487367595019407,-1.9142588668752012,CENTER,0.0,0.9981078532235939,0.1317050832236289,NORMAL,STABLE,NORMAL,NO_ACTION,False,0.0
2026-08-12T00:42:55.839415,0.2882733099178196,1.452433780260643,0.0936768149882904,False,7,0.09589838981628418,False,0.0,-19.035440284937067,-3.7540773765438757,-2.130893571409189,CENTER,0.0,0.9983811165766461,0.1187292604468927,NORMAL,STABLE,NORMAL,NO_ACTION,False,0.0
2026-08-12T00:42:55.878393,0.28625784914904484,1.4392280298001645,0.0936768149882904,False,7,0.09589838981628418,False,0.0,-19.26002894250948,-4.139966758242821,-1.6343594608613046,CENTER,0.0,0.9990289432227366,0.1214333659595467,NORMAL,STABLE,NORMAL,NO_ACTION,False,0.0
2026-08-12T00:42:55.919108,0.2906832837402999,1.3995416094622835,0.0936768149882904,False,7,0.09589838981628418,False,0.0,-17.81427036747698,-3.696016787334173,-1.904099974660511,CENTER,0.0,0.9993275918424211,0.11407969413325166,NORMAL,STABLE,NORMAL,NO_ACTION,False,0.0
2026-08-12T00:42:55.956109,0.30052267227673624,1.4297048975217417,0.0936768149882904,False,7,0.09589838981628418,False,0.0,-18.66994142756053,-4.858646849737198,-1.6149281350312492,CENTER,0.0,0.9993036935228053,0.1030426008221208,NORMAL,STABLE,NORMAL,NO_ACTION,False,0.0
2026-08-12T00:42:55.993608,0.2936976592567392,1.4412282313749805,0.0936768149882904,False,7,0.09589838981628418,False,0.0,-18.443160891125075,-4.424673437102598,-1.3265764880428321,CENTER,0.0,0.9986239845893347,0.11063624335700946,NORMAL,STABLE,NORMAL,NO_ACTION,False,0.0
2026-08-12T00:42:56.035501,0.2653563363992291,1.4496854871858822,0.0936768149882904,False,7,0.09589838981628418,False,0.0,-18.63727651148662,-4.261928718518874,-1.8367175936924411,CENTER,0.0,0.9978623864026064,0.14898530912494537,NORMAL,STABLE,NORMAL,NO_ACTION,False,0.0
2026-08-12T00:42:56.082068,0.28071554856327485,1.573333736150277,0.09378663540445487,False,7,0.09589838981628418,False,0.0,-19.4010977007444,-3.3018354068653366,-2.0154646040274145,CENTER,0.0,0.9981884966563784,0.12872061711407579,NORMAL,STABLE,NORMAL,NO_ACTION,False,0.0
2026-08-12T00:42:56.121018,0.285923342769895,1.4811218788622318,0.09378663540445487,False,7,0.09589838981628418,False,0.0,-19.118152922811618,-3.108383141067776,-2.15879634272099,CENTER,0.0,0.9984074529535322,0.12150273379401663,NORMAL,STABLE,NORMAL,NO_ACTION,False,0.0
2026-08-12T00:42:56.168586,0.2811514796725124,1.5167615967879036,0.09378663540445487,False,7,0.09589838981628418,False,0.0,-19.750954262766953,-2.9704053819451985,-2.0931248882538966,CENTER,0.0,0.9987417615097739,0.12831169239496393,NORMAL,STABLE,NORMAL,NO_ACTION,False,0.0
2026-08-12T00:42:56.212742,0.30283600794153626,1.493209396569978,0.09378663540445487,False,7,0.09589838981628418,False,0.0,-19.66900718466104,-4.051326011121716,-1.5022266004677363,CENTER,0.0,0.998801199202675,0.10331307169000822,NORMAL,STABLE,NORMAL,NO_ACTION,False,0.0
2026-08-12T00:42:56.246864,0.2773305329173296,1.4155856522707808,0.09378663540445487,False,7,0.09589838981628418,False,0.0,-17.873238822106828,-3.5140516151475936,-1.990702748938162,CENTER,0.0,0.9986381842635458,0.1318921223080993,NORMAL,STABLE,NORMAL,NO_ACTION,False,0.0
2026-08-12T00:42:56.284450,0.27458650097740167,1.5220139123242364,0.09378663540445487,False,7,0.09589838981628418,False,0.0,-20.533397339192902,-3.7290833667152583,-1.8134202680195983,CENTER,0.0,0.9978507453489369,0.1380970499352597,NORMAL,STABLE,NORMAL,NO_ACTION,False,0.0
2026-08-12T00:42:56.328017,0.2879376186064702,1.4599190033618241,0.09378663540445487,False,7,0.09589838981628418,False,0.0,-19.536280645773985,-3.7661690172273836,-1.734819972157993,CENTER,0.0,0.9986993232381688,0.11928646822478656,NORMAL,STABLE,NORMAL,NO_ACTION,False,0.0
2026-08-12T00:42:56.365584,0.2928193704391832,1.4688875627585296,0.09378663540445487,False,7,0.09589838981628418,False,0.0,-18.45632180246463,-4.587390311276607,-1.606720462111241,CENTER,0.0,0.9979755953146434,0.11220725459771372,NORMAL,STABLE,NORMAL,NO_ACTION,False,0.0
2026-08-12T00:42:56.401601,0.2827244098278681,1.4249633358606402,0.09378663540445487,False,7,0.09589838981628418,False,0.0,-18.632835132816666,-3.688825800912923,-1.6805077844014136,CENTER,0.0,0.9976913740997941,0.1252592690800822,NORMAL,STABLE,NORMAL,NO_ACTION,False,0.0
2026-08-12T00:42:56.443413,0.2916200082486855,1.4317291093081972,0.09378663540445487,False,7,0.09589838981628418,False,0.0,-18.807651002432607,-4.570403223307494,-1.412263643182257,CENTER,0.0,0.9984416795267489,0.11394519802547423,NORMAL,STABLE,NORMAL,NO_ACTION,False,0.0
2026-08-12T00:42:56.471506,0.2991746700736685,1.3647878222872512,0.09378663540445487,False,7,0.09589838981628418,False,0.0,-17.940956270538948,-5.136900463315129,-1.302543585358677,CENTER,0.0,0.9983905874914266,0.10334120120873766,NORMAL,STABLE,NORMAL,NO_ACTION,False,0.0
2026-08-12T00:42:56.506556,0.2838615258636477,1.433869355053176,0.09378663540445487,False,7,0.09589838981628418,False,0.0,-18.600655246846088,-3.9996095177396853,-1.7714252281618315,CENTER,0.0,0.9985725174682785,0.12402413136499303,NORMAL,STABLE,NORMAL,NO_ACTION,False,0.0
2026-08-12T00:42:56.539642,0.2817670254279706,1.4483134386597223,0.09378663540445487,False,7,0.09589838981628418,False,0.0,-19.585420456990562,-4.9964722842583456,-1.4106457181732424,CENTER,0.0,0.9983220941572359,0.12813763017371682,NORMAL,STABLE,NORMAL,NO_ACTION,False,0.0
2026-08-12T00:42:56.571820,0.27457263639059243,1.4936412560168242,0.0936768149882904,False,7,0.09589838981628418,False,0.0,-18.57732264337986,-2.9819405298366917,-1.9503341776733123,CENTER,0.0,0.9985517270018862,0.1358241484302915,NORMAL,STABLE,NORMAL,NO_ACTION,False,0.0
2026-08-12T00:42:56.604363,0.2686572659572576,1.3356589040409852,0.0936768149882904,False,7,0.09589838981628418,False,0.0,-18.22911052344375,-2.8161462995978184,-1.578995535997052,CENTER,0.0,0.9983356240354938,0.14289866799727205,NORMAL,STABLE,NORMAL,NO_ACTION,False,0.0
2026-08-12T00:42:56.634460,0.2659320508458073,1.453078855980502,0.0936768149882904,False,7,0.09589838981628418,False,0.0,-17.159395107072186,-3.6730685529813627,-1.4677770313361123,CENTER,0.0,0.9979710540980796,0.14601398081232184,NORMAL,STABLE,NORMAL,NO_ACTION,False,0.0
2026-08-12T00:42:56.665910,0.2877877119781949,1.4781413485582897,0.0936768149882904,False,7,0.09589838981628418,False,0.0,-19.414921355175238,-3.1166203416948974,-1.5227759699506862,CENTER,0.0,0.9987098524305555,0.11869617021856693,NORMAL,STABLE,NORMAL,NO_ACTION,False,0.0
2026-08-12T00:42:56.699184,0.2591979258404541,1.521492737400438,0.0935672514619883,False,7,0.09589838981628418,False,0.0,-18.602425223508362,-4.989857620609627,-1.2932086513413594,CENTER,0.0,0.998876350308642,0.15716531015154198,NORMAL,STABLE,NORMAL,NO_ACTION,False,0.0
2026-08-12T00:42:56.734427,0.25573138268202616,1.3558252503707524,0.0935672514619883,False,7,0.09589838981628418,False,0.0,-18.99371815398601,-4.969379861599549,-1.5153304147700908,CENTER,0.0,0.998217672968107,0.16236327383466326,NORMAL,STABLE,NORMAL,NO_ACTION,False,0.0
2026-08-12T00:42:56.762972,0.25466655640607594,1.3328712268198204,0.0935672514619883,False,7,0.09589838981628418,False,0.0,-18.14443972393002,-3.148755752263156,-1.8567509601824952,UP,0.0,0.9984697037894377,0.1879790986791601,NORMAL,STABLE,NORMAL,NO_ACTION,False,0.0
2026-08-12T00:42:56.794019,0.28467956909153264,1.3991114231305772,0.09345794392523364,False,7,0.09589838981628418,False,0.0,-16.61368568189664,-6.670697633462282,-0.27266089175961383,UP,0.031046390533447266,0.9986880974579904,0.14750589361008895,NORMAL,STABLE,NORMAL,NO_ACTION,False,0.0
2026-08-12T00:42:56.830456,0.2912171359643648,1.4333886458049756,0.09345794392523364,False,7,0.09589838981628418,False,0.0,-15.720385856780098,-7.605721408885671,0.04115691694730117,UP,0.06748414039611816,0.9986299055855625,0.13838128832863145,NORMAL,STABLE,NORMAL,NO_ACTION,False,0.0
2026-08-12T00:42:56.859097,0.2891700983803622,1.481462080091761,0.09345794392523364,False,7,0.09589838981628418,False,0.0,-16.020615002420925,0.368402461610458,-1.815915330301607,UP,0.09612417221069336,0.9991491046167695,0.13788185536885744,NORMAL,STABLE,NORMAL,NO_ACTION,False,0.0
2026-08-12T00:42:56.891176,0.2884416836208033,1.476725897045534,0.09334889148191365,False,7,0.09589838981628418,False,0.0,-13.193728488006286,-13.16276197776088,1.5351261843289024,UP,0.1282038688659668,0.9994875659079218,0.145100869248079,NORMAL,STABLE,NORMAL,NO_ACTION,False,0.0
2026-08-12T00:42:56.930951,0.27680377283140795,1.4736418887930725,0.09334889148191365,False,7,0.09589838981628418,False,0.0,-15.366348040681004,-6.54724341516922,0.5031238030797169,UP,0.16797828674316406,0.9990329753943759,0.15693858120751453,NORMAL,RISING,NORMAL,NO_ACTION,False,0.0
2026-08-12T00:42:56.963776,0.29868442342004053,1.370334704106112,0.09334889148191365,False,7,0.09589838981628418,False,0.0,-15.050451274759808,-4.414850332192117,-0.38303954916460725,UP,0.2008037567138672,0.9986121559927982,0.12580448517697487,NORMAL,STABLE,NORMAL,NO_ACTION,False,0.0
2026-08-12T00:42:56.994665,0.28333198617620037,1.3922350758648825,0.09334889148191365,False,7,0.09589838981628418,False,0.0,-15.038353926955466,-5.190164153403003,-0.1242759275651224,UP,0.23169302940368652,0.9984918338477365,0.1465735212913215,NORMAL,STABLE,NORMAL,NO_ACTION,False,0.0
2026-08-12T00:42:57.035147,0.3198003808539762,1.4223869862740997,0.09334889148191365,False,7,0.09589838981628418,False,0.0,-15.089119034749501,2.2701023531451767,-1.9299254857929213,UP,0.2721743583679199,0.999314048568244,0.12402822790446053,NORMAL,STABLE,NORMAL,NO_ACTION,False,0.0
2026-08-12T00:42:57.071651,0.3100804911528147,1.30945978908038,0.09334889148191365,False,7,0.09589838981628418,False,0.0,-14.487169976433478,3.138147939649059,-2.1441792845792236,UP,0.30867886543273926,0.9986898791152263,0.1242818135410921,NORMAL,STABLE,NORMAL,NO_ACTION,False,0.0
2026-08-12T00:42:57.107059,0.35163876103715586,1.2453559031144552,0.09334889148191365,False,7,0.09589838981628418,False,0.0,-13.444169214161036,-6.9577067066605025,0.4470004361878921,CENTER,0.0,0.9988414137517149,0.098401692284776,NORMAL,STABLE,NORMAL,NO_ACTION,False,0.0
2026-08-12T00:42:57.149402,0.2874639393056793,1.1993702715778587,0.09334889148191365,False,7,0.09589838981628418,False,0.0,-15.796106293161273,-2.876679557840987,-1.0098883061151014,CENTER,0.0,0.9986106422539438,0.11497589985017145,NORMAL,STABLE,NORMAL,NO_ACTION,False,0.0
2026-08-12T00:42:57.177600,0.3281461908861443,1.1739702821501425,0.09324009324009325,False,7,0.09589838981628418,False,0.0,-12.246193456377114,-16.410386726241427,1.6714702672581438,CENTER,0.0,0.9982362798996913,0.1052541406657861,NORMAL,STABLE,NORMAL,NO_ACTION,False,0.0
2026-08-12T00:42:57.211333,0.33864958869295286,0.7980570030851727,0.09324009324009325,False,7,0.09589838981628418,False,0.0,-12.03368646728498,-14.457884398760626,1.553578944578902,CENTER,0.0,0.9989362300668725,0.10352583875867753,NORMAL,STABLE,NORMAL,NO_ACTION,False,0.0
2026-08-12T00:42:57.241746,0.32226037231028304,0.445162397782233,0.09324009324009325,False,7,0.09589838981628418,False,0.0,-12.55448323612049,-21.377484853159103,2.9226887537047332,UP,0.0,0.9992673771862138,0.06537571757022653,NORMAL,STABLE,NORMAL,NO_ACTION,False,0.0
2026-08-12T00:42:57.274223,0.2978619173542102,0.05896466168474331,0.09324009324009325,False,7,0.09589838981628418,False,0.0,-11.599191712989068,-17.243875301185568,1.938946407190116,UP,0.03247690200805664,0.9990263712062758,0.05434141239800778,NORMAL,STABLE,NORMAL,NO_ACTION,False,0.0
2026-08-12T00:42:57.311749,0.2273241555795984,0.0258606741112527,0.09313154831199069,False,7,0.09589838981628418,False,0.0,-9.624779977421298,-15.332309790925677,1.2136823082224169,UP,0.07000303268432617,0.9982472779492456,0.14441149849941645,NORMAL,STABLE,NORMAL,NO_ACTION,False,0.0
2026-08-12T00:42:57.344471,0.18883429096551305,0.0498415282795229,0.09429569266589057,True,7,0.09589838981628418,False,0.0,-12.91813851927688,-15.271873474728068,1.7049491510167059,UP,0.10272502899169922,0.9982451881858712,0.19933212360838373,NORMAL,STABLE,NORMAL,NO_ACTION,False,0.0
2026-08-12T00:42:57.386430,0.10384623304588042,0.023349610416140094,0.09545983701979045,True,7,0.09589838981628418,False,0.04195904731750488,-14.310630080202316,-11.148307655513321,1.132735727639158,UP,0.1446840763092041,0.9982152617026749,0.24892294482542177,LOW,STABLE,NORMAL,NO_ACTION,False,0.04195904731750488
2026-08-12T00:42:57.413276,0.055468810228567096,0.03798944911393259,0.09662398137369034,True,7,0.09589838981628418,False,0.06880521774291992,-13.706680838113869,-13.30329330770607,1.2722469591007837,UP,0.17153024673461914,0.9982110687800069,0.2500320867491796,LOW,STABLE,NORMAL,NO_ACTION,False,0.06880521774291992
2026-08-12T00:42:57.442986,0.0380334172223822,0.041914229514585045,0.09778812572759023,True,7,0.09589838981628418,False,0.09851431846618652,-14.07648925672791,-9.027522216495584,0.24420027102760855,UP,0.20123934745788574,0.8845524572708455,0.10275020330437865,NORMAL,STABLE,NORMAL,NO_ACTION,False,0.09851431846618652
2026-08-12T00:42:57.472167,0.07929416846794121,0.031665752312616514,0.0989522700814901,True,7,0.09589838981628418,False,0.12769579887390137,-13.645226334213987,-7.406470374648762,-0.08702593002476533,UP,0.23042082786560059,0.9990492648319617,0.2445727678213281,LOW,STABLE,NORMAL,NO_ACTION,False,0.12769579887390137
2026-08-12T00:42:57.501789,0.14034395903229702,0.0478467297732884,0.10011641443538999,True,7,0.09589838981628418,False,0.157318115234375,-10.173971431583453,-22.3876454049325,3.05847557599634,UP,0.2600431442260742,0.9987344339420439,0.2549694186100379,LOW,STABLE,NORMAL,NO_ACTION,False,0.157318115234375
2026-08-12T00:42:57.533269,0.2808052455120684,0.04038098680178765,0.1,False,8,0.1887977123260498,False,0.0,-8.6784787368357,-19.527195728057194,1.8581572288739494,UP,0.291522741317749,0.9976383798439643,0.07584237086559639,NORMAL,STABLE,NORMAL,NO_ACTION,False,0.0
2026-08-12T00:42:57.563409,0.3514079727572007,0.03400297165802946,0.1,False,8,0.1887977123260498,False,0.0,-7.632567157384017,-23.367344335009022,2.1197313084687437,UP,0.32166314125061035,0.9972770383230453,0.05226751757943881,NORMAL,STABLE,NORMAL,NO_ACTION,False,0.0
2026-08-12T00:42:57.599913,0.3462690681567677,0.04455835519169176,0.1,False,8,0.1887977123260498,False,0.0,-9.78663749818341,9.033875693448607,-3.629766341514454,UP,0.3581669330596924,0.9983782230581275,0.04544396577238491,NORMAL,STABLE,NORMAL,NO_ACTION,False,0.0
2026-08-12T00:42:57.626212,0.3639004943315247,0.07069167412763333,0.1,False,8,0.1887977123260498,False,0.0,-10.18001369339163,-24.552345748188202,2.75956202645375,UP,0.38446545600891113,0.9982507876800412,0.05619258188169074,NORMAL,STABLE,NORMAL,NO_ACTION,False,0.0
2026-08-12T00:42:57.657752,0.37180067859904553,0.04814637398677605,0.1,False,8,0.1887977123260498,False,0.0,-8.98985140401814,15.839370899875746,-4.655652261733792,UP,0.41600561141967773,0.9986625916280865,0.05057966029100471,NORMAL,STABLE,NORMAL,NO_ACTION,False,0.0
2026-08-12T00:42:57.691498,0.3719900237665469,0.043356866841648245,0.1,False,8,0.1887977123260498,False,0.0,-10.551467850907414,24.301709204222163,-6.776967794824202,UP,0.4497513771057129,0.9988384532536008,0.06023787615819831,NORMAL,STABLE,NORMAL,NO_ACTION,False,0.0
2026-08-12T00:42:57.721737,0.38346231128429986,0.06392751754519492,0.1,False,8,0.1887977123260498,False,0.0,-9.524524408739978,25.478832101768973,-6.8751232968312195,UP,0.47999048233032227,0.9982189589763374,0.06019363208627208,NORMAL,STABLE,NORMAL,NO_ACTION,False,0.0
2026-08-12T00:42:57.754332,0.3740517572736888,0.07225247373118836,0.1,False,8,0.1887977123260498,False,0.0,-13.865507646695221,8.379206615040857,-4.076430710691795,UP,0.5125861167907715,0.9978400821973594,0.045541136404835626,NORMAL,STABLE,NORMAL,NO_ACTION,False,0.0
2026-08-12T00:42:57.786157,0.37071318027414546,0.2396679550166384,0.1,False,8,0.1887977123260498,False,0.0,-7.258692292729336,-21.687376580298093,1.7383927654340994,UP,0.5444104671478271,0.9986993500300069,0.04791808523670445,NORMAL,STABLE,NORMAL,NO_ACTION,False,0.0
2026-08-12T00:42:57.819024,0.35894022480149856,0.0560455970738274,0.1,False,8,0.1887977123260498,False,0.0,-11.354808201475294,-2.306935530176048,-1.46637088742375,UP,0.577277660369873,0.9988071068029836,0.03902780599194665,NORMAL,STABLE,NORMAL,NO_ACTION,False,0.0
2026-08-12T00:42:57.850570,0.36539350947249677,0.18900344266159252,0.09988385598141696,False,8,0.1887977123260498,False,0.0,-10.26563795511484,-10.14424159522369,0.15229726581318914,UP,0.6088237762451172,0.9987560683513375,0.04374084611325103,NORMAL,STABLE,NORMAL,NO_ACTION,False,0.0
2026-08-12T00:42:57.882926,0.3457930418401447,0.24462636659597026,0.09988385598141696,False,8,0.1887977123260498,False,0.0,-10.712605407809775,-3.446530844477678,-1.3770099599211107,UP,0.6411798000335693,0.9991884886188271,0.04191547100250348,NORMAL,STABLE,NORMAL,NO_ACTION,False,0.0
2026-08-12T00:42:57.914440,0.37287482758590723,0.28799965331393934,0.09988385598141696,False,8,0.1887977123260498,False,0.0,-7.833321711818371,-27.03223884050334,2.381938008976107,UP,0.6726939678192139,0.9991087025248628,0.05851027231403525,NORMAL,STABLE,NORMAL,NO_ACTION,False,0.0
2026-08-12T00:42:57.945966,0.3986839502854693,0.0980750001896126,0.09988385598141696,False,8,0.1887977123260498,False,0.0,-8.471219585432863,-21.10537832031781,1.5709034591529303,UP,0.7042193412780762,0.998594741298011,0.05542913724817693,NORMAL,STABLE,NORMAL,NO_ACTION,False,0.0
2026-08-12T00:42:57.978885,0.41630139075581407,0.27003042216955914,0.09988385598141696,False,8,0.1887977123260498,False,0.0,-7.456155399277435,-27.379919430509148,2.318028041560268,UP,0.7371392250061035,0.9991809735082305,0.061129262652364805,NORMAL,STABLE,NORMAL,NO_ACTION,False,0.0
2026-08-12T00:42:58.009998,0.4298570220374427,0.2968310994946873,0.09988385598141696,False,8,0.1887977123260498,False,0.0,-8.613980745734096,-17.852383965526144,1.1342003085818249,CENTER,0.0,0.9996653565457819,0.02228052573111014,NORMAL,STABLE,NORMAL,NO_ACTION,False,0.0
2026-08-12T00:42:58.042727,0.43883256868956705,0.389980949273887,0.09988385598141696,False,8,0.1887977123260498,False,0.0,-8.874884000734312,-26.254298098320987,2.8427514992745273,CENTER,0.0,0.9990292647247943,0.030245086515462555,NORMAL,STABLE,NORMAL,NO_ACTION,False,0.0
2026-08-12T00:42:58.073932,0.4502414619059806,0.515978623340126,0.1,False,8,0.1887977123260498,False,0.0,-7.257580229517316,-25.809189334527872,1.7921782360813836,CENTER,0.0,0.998517232510288,0.050550276969094074,NORMAL,STABLE,NORMAL,NO_ACTION,False,0.0
2026-08-12T00:42:58.106778,0.4511082967149779,0.5700796021863591,0.1,False,8,0.1887977123260498,False,0.0,-7.225038332420269,-26.2705784201502,2.252087046143714,CENTER,0.0,0.9982980752743483,0.062115236697849324,NORMAL,STABLE,NORMAL,NO_ACTION,False,0.0
2026-08-12T00:42:58.153847,0.42725956221402117,0.5794720986061167,0.1,False,8,0.1887977123260498,False,0.0,-7.910629308992213,-21.712376561370462,1.1673494786185472,CENTER,0.0,0.9981661388674554,0.06031733792213458,NORMAL,STABLE,NORMAL,NO_ACTION,False,0.0
2026-08-12T00:42:58.185775,0.4278226447856519,0.5018570352994255,0.09778812572759023,False,8,0.1887977123260498,False,0.0,-9.782885589287815,-8.339040278645058,-0.32440000009285086,CENTER,0.0,0.9978180994941701,0.03612698893979161,NORMAL,STABLE,NORMAL,NO_ACTION,False,0.0
2026-08-12T00:42:58.218433,0.4144295802913065,0.4437360233578153,0.09767441860465116,False,8,0.1887977123260498,False,0.0,-6.02117098034347,-15.801911850848086,0.702693107532383,CENTER,0.0,0.9980370691872428,0.026634528648463426,NORMAL,STABLE,NORMAL,NO_ACTION,False,0.0
2026-08-12T00:42:58.250957,0.40253020071174683,0.33360619389986645,0.09651162790697675,False,8,0.1887977123260498,False,0.0,-6.566866369196788,-11.255452714218478,0.6720889211879637,CENTER,0.0,0.9984069707004457,0.01509978390656533,NORMAL,STABLE,NORMAL,NO_ACTION,False,0.0
2026-08-12T00:42:58.282933,0.3944254358617699,0.24187856386967513,0.09429569266589057,False,8,0.1887977123260498,False,0.0,-5.051354644290257,-13.508599298036046,2.059160409298215,CENTER,0.0,0.9979208327974965,0.016603373248333452,NORMAL,STABLE,NORMAL,NO_ACTION,False,0.0
2026-08-12T00:42:58.315341,0.38997066812243075,0.05100038299745358,0.09313154831199069,False,8,0.1887977123260498,False,0.0,-4.162205483786835,-10.55200428409259,2.110282895112107,CENTER,0.0,0.9978379522462276,0.013661065977451037,NORMAL,STABLE,NORMAL,NO_ACTION,False,0.0
2026-08-12T00:42:58.346457,0.3681700222892561,0.009165652410916261,0.09302325581395349,False,8,0.1887977123260498,False,0.0,-3.6848225276878566,-9.932274143789073,2.9895694697746364,CENTER,0.0,0.9976081184627915,0.013600501397700436,NORMAL,STABLE,NORMAL,NO_ACTION,False,0.0
2026-08-12T00:42:58.377780,0.3939141842433399,0.0021427397792147126,0.09080325960419092,False,8,0.1887977123260498,False,0.0,-2.41058962016416,-10.715879358217222,4.101004816957982,CENTER,0.0,0.9975967855152607,0.014009670475941165,NORMAL,STABLE,NORMAL,NO_ACTION,False,0.0
2026-08-12T00:42:58.410483,0.3867603082828621,0.0013791802362148034,0.08963911525029103,False,8,0.1887977123260498,False,0.0,-1.8936194350373796,-10.672139198675552,4.931701627459887,CENTER,0.0,0.9974284256044239,0.01428018748144823,NORMAL,STABLE,NORMAL,NO_ACTION,False,0.0
2026-08-12T00:42:58.443270,0.3794404145720537,0.004802813474322775,0.08847497089639116,False,8,0.1887977123260498,False,0.0,-1.5980397395987609,-11.26219410893188,5.939287891015169,CENTER,0.0,0.9979310672796639,0.015391974204449401,NORMAL,STABLE,NORMAL,NO_ACTION,False,0.0
2026-08-12T00:42:58.473297,0.37146400586789197,0.003903864557617647,0.08731082654249127,False,8,0.1887977123260498,False,0.0,-1.3265641846327298,-12.236865793015795,7.443313564722644,CENTER,0.0,0.998045093342764,0.017282803868409177,NORMAL,STABLE,NORMAL,NO_ACTION,False,0.0
2026-08-12T00:42:58.505995,0.39764537791495835,0.0027627644261210837,0.08614668218859138,False,8,0.1887977123260498,False,0.0,-0.8464929273395967,-11.023503722398715,8.369688390499078,CENTER,0.0,0.9978146433470508,0.016836260624095576,NORMAL,STABLE,NORMAL,NO_ACTION,False,0.0
2026-08-12T00:42:58.538764,0.3569581830341113,0.0020181342416659576,0.08498253783469151,False,8,0.1887977123260498,False,0.0,-2.375242010910682,-11.173473995659776,9.73423340746686,CENTER,0.0,0.9980860312714335,0.01973070754789562,NORMAL,STABLE,NORMAL,NO_ACTION,False,0.0
2026-08-12T00:42:58.571685,0.3830868614687334,0.003345532432760163,0.08381839348079162,False,8,0.1887977123260498,False,0.0,-2.635869090955566,-10.575029153260317,11.102140748865054,CENTER,0.0,0.9987128799082647,0.020866715715700455,NORMAL,STABLE,NORMAL,NO_ACTION,False,0.0
2026-08-12T00:42:58.602535,0.3747962023792978,0.004691939631901634,0.08265424912689173,False,8,0.1887977123260498,False,0.0,-2.205062023817078,-11.905813996338196,12.037493482671067,UP,0.0,0.9986574341992457,0.0483136968924921,NORMAL,STABLE,NORMAL,NO_ACTION,False,0.0
2026-08-12T00:42:58.635251,0.36306249961255954,0.0032299699568853753,0.08149010477299184,False,8,0.1887977123260498,False,0.0,-2.196262802057504,-13.584294468026144,13.172364973541363,UP,0.03271651268005371,0.9992105249056927,0.050610298677484455,NORMAL,STABLE,NORMAL,NO_ACTION,False,0.0
2026-08-12T00:42:58.683410,0.36161281602398354,0.0026336976524616892,0.08032596041909197,False,8,0.1887977123260498,False,0.0,-3.4604456926468288,-12.850003363252142,14.333516738191605,UP,0.08087515830993652,0.9997323227451987,0.052415484769822815,NORMAL,STABLE,NORMAL,NO_ACTION,False,0.0
2026-08-12T00:42:58.713631,0.348049519926534,0.003490719020927452,0.07916181606519208,False,8,0.1887977123260498,False,0.0,-3.1450257369917836,-10.657266997707836,15.018415476253068,UP,0.11109638214111328,0.9997340374228394,0.05118763622220997,NORMAL,STABLE,NORMAL,NO_ACTION,False,0.0
2026-08-12T00:42:58.746441,0.34772155392791504,0.0030308172626311424,0.07692307692307693,False,8,0.1887977123260498,False,0.0,-3.754134455764813,-10.394044427367078,15.958901884503206,UP,0.1439058780670166,0.9991342619384431,0.052489733747430614,NORMAL,STABLE,NORMAL,NO_ACTION,False,0.0
2026-08-12T00:42:58.779244,0.3457795328006399,0.0011606839215435403,0.07575757575757576,False,8,0.1887977123260498,False,0.0,-3.479094485518573,-8.21334478380848,16.251900247623325,UP,0.17670893669128418,0.9998973470721879,0.0509320772720724,NORMAL,STABLE,NORMAL,NO_ACTION,False,0.0
2026-08-12T00:42:58.810393,0.31743425343421044,0.0011912570446503431,0.07459207459207459,False,8,0.1887977123260498,False,0.0,-4.6389216905523085,-8.045293187964461,17.039673650717077,UP,0.20785832405090332,0.9990902831361455,0.052686173927344856,NORMAL,STABLE,NORMAL,NO_ACTION,False,0.0
2026-08-12T00:42:58.841478,0.34193868462148014,0.0026736959536675375,0.07450523864959255,False,8,0.1887977123260498,False,0.0,-5.090019956560582,-6.882493557907168,17.584903537479192,UP,0.23894333839416504,0.9991758696630659,0.052805801304600886,NORMAL,STABLE,NORMAL,NO_ACTION,False,0.0
2026-08-12T00:42:58.874703,0.3274253563228491,0.001084410009725494,0.07334109429569266,False,8,0.1887977123260498,False,0.0,-5.587011933123705,-5.839133615633301,18.404075049906226,UP,0.2721683979034424,0.9989280719521604,0.053319680261615834,NORMAL,STABLE,NORMAL,NO_ACTION,False,0.0
2026-08-12T00:42:58.906061,0.309129236470437,0.001682283166756544,0.07217694994179279,False,8,0.1887977123260498,False,0.0,-5.8638876567625005,-4.2040698473129225,18.757933369716397,UP,0.3035266399383545,0.998872760202332,0.05274617439670568,NORMAL,STABLE,NORMAL,NO_ACTION,False,0.0
2026-08-12T00:42:58.937404,0.32587763056141367,0.004633967575626803,0.0710128055878929,False,8,0.1887977123260498,False,0.0,-5.535766447292957,-4.7569890361414195,18.833982683411733,UP,0.3348689079284668,0.9992470287851508,0.05290276902233629,NORMAL,STABLE,NORMAL,NO_ACTION,False,0.0
2026-08-12T00:42:58.969779,0.3261195212601421,0.0024849249561983465,0.06984866123399301,False,8,0.1887977123260498,False,0.0,-5.5622439397051835,-5.3967255946717785,19.155508829037217,UP,0.3672447204589844,0.9989033430855626,0.05369991559568156,NORMAL,STABLE,NORMAL,NO_ACTION,False,0.0
2026-08-12T00:42:59.034494,0.32671340958425826,0.0029788807141922216,0.0675990675990676,False,8,0.1887977123260498,False,0.0,-6.346208729982493,-3.1952967962614593,18.748276378894616,UP,0.4319591522216797,0.9985732810356653,0.052472774087329754,NORMAL,STABLE,NORMAL,NO_ACTION,False,0.0
2026-08-12T00:42:59.066100,0.32401813880157637,0.002590177171246877,0.06643356643356643,False,8,0.1887977123260498,False,0.0,-7.094715527700004,-4.9879975263118865,18.90248527384273,UP,0.4635653495788574,0.9989496125900205,0.05463678417048863,NORMAL,STABLE,NORMAL,NO_ACTION,False,0.0
2026-08-12T00:42:59.095489,0.31865763662490165,0.002865098223309616,0.06526806526806526,False,8,0.1887977123260498,False,0.0,-6.973906661198015,-5.855343381897143,18.9344822583505,UP,0.4929540157318115,0.9989186814128944,0.05517767806871317,NORMAL,STABLE,NORMAL,NO_ACTION,False,0.0
2026-08-12T00:42:59.119776,0.33200620300419936,0.002641116377703518,0.0641025641025641,False,8,0.1887977123260498,False,0.0,-5.926090542973952,-6.420015512404888,19.0964531484575,UP,0.5172417163848877,0.9989987488211591,0.05114626839405303,NORMAL,STABLE,NORMAL,NO_ACTION,False,0.0
2026-08-12T00:42:59.144407,0.3037967679059651,0.003874161328833519,0.0640279394644936,False,8,0.1887977123260498,False,0.0,-6.403056532587897,-7.3758678640075175,19.25472086650177,UP,0.5418720245361328,0.9992267875514403,0.053515626090064945,NORMAL,STABLE,NORMAL,NO_ACTION,False,0.0
2026-08-12T00:42:59.165723,0.3160964338528184,0.0027374808185852894,0.06286379511059371,False,8,0.1887977123260498,False,0.0,-5.9855927136209175,-6.620933210220869,18.83472052091861,UP,0.5631880760192871,0.999194677533436,0.05308764409777409,NORMAL,STABLE,NORMAL,NO_ACTION,False,0.0
2026-08-12T00:42:59.209926,0.3314648892657907,0.002546193873875655,0.06060606060606061,False,8,0.1887977123260498,False,0.0,-6.191689747921657,-6.140463407555359,18.857776354500714,UP,0.6073915958404541,0.998456629372428,0.0548767897127275,NORMAL,STABLE,NORMAL,NO_ACTION,False,0.0
2026-08-12T00:42:59.243215,0.32045072851082673,0.0020259634997704177,0.05944055944055944,False,8,0.1887977123260498,False,0.0,-5.41437370163095,-7.7498495484917385,18.916327470178572,UP,0.6406803131103516,0.9984062205289781,0.056789491222286964,NORMAL,STABLE,NORMAL,NO_ACTION,False,0.0
2026-08-12T00:42:59.274165,0.3358460686450989,0.0031615041591169044,0.05827505827505827,False,8,0.1887977123260498,False,0.0,-6.304846615269071,-7.770428414540902,19.025023244582883,UP,0.6716303825378418,0.9986205150462963,0.05910768585218419,NORMAL,STABLE,NORMAL,NO_ACTION,False,0.0
2026-08-12T00:42:59.305748,0.33394377246457974,0.003392774769465884,0.05820721769499418,False,8,0.1887977123260498,False,0.0,-5.690137105932564,-8.000973869057134,19.245550868553124,UP,0.7032134532928467,0.9992508734139233,0.0602632080791064,NORMAL,STABLE,NORMAL,NO_ACTION,False,0.0
2026-08-12T00:42:59.337672,0.3199129840559488,0.0031307747222132196,0.0570430733410943,False,8,0.1887977123260498,False,0.0,-6.44201370078855,-8.42426655172784,18.957153907338352,UP,0.7351374626159668,0.998855626821845,0.062398606919654584,NORMAL,STABLE,NORMAL,NO_ACTION,False,0.0
2026-08-12T00:42:59.369861,0.3451432551147956,0.0014702970982840894,0.05587892898719441,False,8,0.1887977123260498,False,0.0,-5.4407486389505095,-7.144022464749355,18.718420275495333,UP,0.7673258781433105,0.9980259103866598,0.06167474471355103,NORMAL,STABLE,NORMAL,NO_ACTION,False,0.0
2026-08-12T00:42:59.434711,0.3622369838991888,0.004398532665603379,0.053613053613053616,False,8,0.1887977123260498,False,0.0,-6.700633803713487,-7.338883771040287,18.70152041714033,UP,0.8321764469146729,0.9981422003600825,0.06582261800620934,NORMAL,STABLE,NORMAL,NO_ACTION,False,0.0
2026-08-12T00:42:59.466117,0.3325989847562152,0.004072844468482967,0.05355064027939464,False,8,0.1887977123260498,False,0.0,-5.870430786566089,-7.359832909165618,18.68132124013684,UP,0.8635823726654053,0.9987898260673868,0.06637976557190851,NORMAL,STABLE,NORMAL,NO_ACTION,False,0.0
2026-08-12T00:42:59.498106,0.3489764529973613,0.0023180737088907694,0.05238649592549476,False,8,0.1887977123260498,False,0.0,-6.8654519713095965,-6.678333923066049,18.34891214018421,UP,0.895571231842041,0.9997490006644376,0.067911826653845,NORMAL,STABLE,NORMAL,NO_ACTION,False,0.0
2026-08-12T00:42:59.530840,0.3307477616518397,0.004171118785457724,0.05011655011655012,False,8,0.1887977123260498,False,0.0,-6.384578558378308,-7.013550873135841,18.531470299801896,UP,0.9283051490783691,0.9999517880872771,0.06928513099113061,NORMAL,STABLE,NORMAL,NO_ACTION,False,0.0
2026-08-12T00:42:59.562300,0.3252784966416362,0.0020551860586564183,0.047841306884480746,False,8,0.1887977123260498,False,0.0,-6.828033295592604,-6.85196426581976,18.514045110391663,UP,0.9597651958465576,0.9989608115783609,0.07094194892146477,NORMAL,STABLE,NORMAL,NO_ACTION,False,0.0
2026-08-12T00:42:59.594959,0.33274957294962737,0.0007516172794974343,0.046674445740956826,False,8,0.1887977123260498,False,0.0,-6.530079336695167,-8.91747710964043,18.595661290688582,UP,0.992424726486206,0.998487506965878,0.07364062925699359,NORMAL,STABLE,NORMAL,NO_ACTION,False,0.0
2026-08-12T00:42:59.622442,0.33023307938597524,0.0015472996945095473,0.046620046620046623,False,8,0.1887977123260498,False,0.0,-6.01882215724433,-10.058430907915266,18.721783682681178,UP,1.019906759262085,0.998423554848251,0.07528466899552039,NORMAL,STABLE,NORMAL,NO_ACTION,False,0.0
2026-08-12T00:42:59.647427,0.3206953535535096,0.0005458694511442358,0.045454545454545456,False,8,0.1887977123260498,False,0.0,-6.079667659974859,-8.193305646720148,18.42140010072316,UP,1.0448920726776123,0.9983383701989027,0.07478966470081473,NORMAL,STABLE,NORMAL,NO_ACTION,False,0.0
2026-08-12T00:42:59.677723,0.32235388806841336,0.002390124040076906,0.04428904428904429,False,8,0.1887977123260498,False,0.0,-6.065967613831617,-8.584828297046386,18.5925255638341,UP,1.0751879215240479,0.9985862482853223,0.07653684602203145,NORMAL,STABLE,NORMAL,NO_ACTION,False,0.0
2026-08-12T00:42:59.705282,0.32842836545310283,0.0036849526724303996,0.04423748544819558,False,8,0.1887977123260498,False,0.0,-6.6539016676161395,-8.533676373904058,18.785990366312546,UP,1.1027476787567139,0.9994382421339163,0.07844661727106039,NORMAL,STABLE,NORMAL,NO_ACTION,False,0.0
2026-08-12T00:42:59.738224,0.33411322356317585,0.0022427716881638143,0.044186046511627906,False,8,0.1887977123260498,False,0.0,-6.32305702866941,-7.953449920095238,18.552497187826305,UP,1.1356892585754395,0.9998316936728394,0.0789115968742226,NORMAL,STABLE,NORMAL,NO_ACTION,False,0.0
2026-08-12T00:42:59.770070,0.3203487883790352,0.0015702081969461885,0.04413472706155633,False,8,0.1887977123260498,False,0.0,-6.492711712938842,-8.764808578480512,18.66379507191425,UP,1.1675353050231934,0.999177865655007,0.08114812039124766,NORMAL,STABLE,NORMAL,NO_ACTION,False,0.0
2026-08-12T00:42:59.835291,0.33072840179240115,0.003187897590500066,0.04408352668213457,False,8,0.1887977123260498,False,0.0,-6.195918648506847,-8.582049434241071,18.65271606773885,UP,1.2327563762664795,0.9981133053626543,0.0835459046971063,NORMAL,STABLE,NORMAL,NO_ACTION,False,0.0
2026-08-12T00:42:59.867789,0.32957193440517496,0.0009831610571697142,0.0440324449594438,False,8,0.1887977123260498,False,0.0,-6.381580553628993,-5.192854173911883,18.09836168949556,UP,1.265254020690918,0.9983938293038409,0.08215134662669979,NORMAL,STABLE,NORMAL,NO_ACTION,False,0.0
2026-08-12T00:42:59.897797,0.3144880784832238,0.0023534802362806225,0.04398148148148148,False,8,0.1887977123260498,False,0.0,-5.649053986458995,-9.691770792662965,18.682951123841463,UP,1.2952625751495361,0.9989567660108024,0.08655847689813692,NORMAL,STABLE,NORMAL,NO_ACTION,False,0.0
2026-08-12T00:42:59.931161,0.32953248849652417,0.001771218750475443,0.04393063583815029,False,8,0.1887977123260498,False,0.0,-6.362501370642036,-8.086222795486435,18.332680243629255,UP,1.3286263942718506,0.999719784164952,0.08719440547337423,NORMAL,STABLE,NORMAL,NO_ACTION,False,0.0
2026-08-12T00:42:59.961511,0.31441692256983245,0.004286529848411647,0.04387990762124711,False,8,0.1887977123260498,False,0.0,-6.288969463814709,-7.724090579706001,18.24952082279694,UP,1.3589766025543213,0.9999903951260289,0.0880971532868417,NORMAL,STABLE,NORMAL,NO_ACTION,False,0.0
2026-08-12T00:42:59.995275,0.3340748460123272,0.002024333917116515,0.04382929642445214,False,8,0.1887977123260498,False,0.0,-6.48224029425316,-7.862460890869613,18.428425085419633,UP,1.3927407264709473,0.9989627405907064,0.09001859026720216,NORMAL,STABLE,NORMAL,NO_ACTION,False,0.0
2026-08-12T00:43:00.026536,0.32718198605455473,0.0024389070687567188,0.04377880184331797,False,8,0.1887977123260498,False,0.0,-6.939977935571818,-7.029664666120624,18.04424482916957,UP,1.4240007400512695,0.9985134816529492,0.09084255995305976,NORMAL,STABLE,NORMAL,NO_ACTION,False,0.0
2026-08-12T00:43:00.058195,0.3170352518278282,0.0018136283566588,0.04372842347525892,False,8,0.1887977123260498,False,0.0,-6.459417085382739,-8.026656014919524,18.28127331942281,UP,1.455660343170166,0.9985262881515775,0.09270001275277663,NORMAL,STABLE,NORMAL,NO_ACTION,False,0.0
2026-08-12T00:43:00.093638,0.29979962803455396,0.002368781853727317,0.04367816091954023,False,8,0.1887977123260498,False,0.0,-5.766485908804924,-9.663005455858269,18.237701516325842,UP,1.491103172302246,0.9989968332047325,0.09497561414045634,NORMAL,STABLE,NORMAL,NO_ACTION,False,0.0
2026-08-12T00:43:00.129080,0.302072458582479,0.00029773178570135605,0.04362801377726751,False,8,0.1887977123260498,False,0.0,-5.603073176323079,-8.495285384755704,18.324894954856916,UP,1.5265450477600098,0.9994372106481482,0.09532751638120843,NORMAL,STABLE,NORMAL,NO_ACTION,False,0.0
2026-08-12T00:43:00.158731,0.3116069232308777,0.0007340099046108465,0.04357798165137615,False,8,0.1887977123260498,False,0.0,-5.489335746611857,-9.412412648024741,18.40285695893087,UP,1.556196689605713,0.999455348722565,0.09724034014145472,NORMAL,STABLE,NORMAL,NO_ACTION,False,0.0
2026-08-12T00:43:00.190989,0.3119127195134248,0.005668287108942875,0.043528064146620846,False,8,0.1887977123260498,False,0.0,-6.057959339769354,-7.515769223185657,17.801715812059314,UP,1.5884544849395752,0.9995843782150207,0.09723706671033218,NORMAL,STABLE,NORMAL,NO_ACTION,False,0.0
2026-08-12T00:43:00.234210,0.306608582853645,0.0047914235126067005,0.043478260869565216,False,8,0.1887977123260498,False,0.0,-6.09114190937342,-9.50466544475563,18.16498903456906,UP,1.6316750049591064,0.9992947852366255,0.10092815320434792,NORMAL,STABLE,NORMAL,NO_ACTION,False,0.0
2026-08-12T00:43:00.280606,0.3203768949699026,0.003257454057832594,0.04342857142857143,False,8,0.1887977123260498,False,0.0,-6.072927847154517,-9.211616316232409,18.266681539536904,UP,1.6780707836151123,0.9987017880872772,0.10280737700185891,NORMAL,STABLE,NORMAL,NO_ACTION,False,0.0
2026-08-12T00:43:00.307078,0.33340331408998675,0.0014306686598318105,0.04337899543378995,False,8,0.1887977123260498,False,0.0,-5.473871028687995,-10.92775393773178,18.58863523297643,UP,1.7045435905456543,0.9990994861325445,0.10492712464916519,NORMAL,STABLE,NORMAL,NO_ACTION,False,0.0
2026-08-12T00:43:00.340361,0.36656173867794256,0.0032462950950647024,0.043329532497149374,False,8,0.1887977123260498,False,0.0,-4.784365574336817,-12.785188468477202,18.640809388028657,UP,1.7378261089324951,0.9992027954603909,0.10709712117066027,NORMAL,STABLE,NORMAL,NO_ACTION,False,0.0
2026-08-12T00:43:00.368771,0.41057342374422967,0.0028893796554048073,0.04328018223234624,False,8,0.1887977123260498,False,0.0,-4.610788652217963,-12.485112220764961,18.696153921843177,UP,1.7662363052368164,0.9990664651920438,0.10799765453176229,NORMAL,STABLE,NORMAL,NO_ACTION,False,0.0
2026-08-12T00:43:00.394628,0.42012571295060575,0.0026184164950965056,0.04323094425483504,False,8,0.1887977123260498,False,0.0,-4.612574082693868,-12.278014349409517,18.487152446990535,CENTER,0.0,0.9996138090492112,0.03111163591056593,NORMAL,STABLE,NORMAL,NO_ACTION,False,0.0
2026-08-12T00:43:00.427882,0.3956483085814829,0.0016053923857979112,0.04318181818181818,False,8,0.1887977123260498,False,0.0,-4.274920795671591,-12.773473514346477,18.540256557190645,CENTER,0.0,0.9992911013588822,0.03119545721126572,NORMAL,STABLE,NORMAL,NO_ACTION,False,0.0
2026-08-12T00:43:00.459372,0.4007509068217563,0.0031388320815484974,0.043132803632236094,False,8,0.1887977123260498,False,0.0,-4.275764677272349,-11.996874173935112,18.456001644640736,CENTER,0.0,0.9991064252186214,0.03055425817635092,NORMAL,STABLE,NORMAL,NO_ACTION,False,0.0
2026-08-12T00:43:00.489779,0.43055862634983005,0.0018908626881298455,0.04308390022675737,False,8,0.1887977123260498,False,0.0,-4.239013369576213,-12.212834413269917,18.323054756893498,CENTER,0.0,0.9992973572530863,0.030546816383221334,NORMAL,STABLE,NORMAL,NO_ACTION,False,0.0
2026-08-12T00:43:00.521993,0.4114420303123657,0.002281783967301277,0.04303510758776897,False,8,0.1887977123260498,False,0.0,-5.021536112493607,-11.214707664888664,18.599388881686224,CENTER,0.0,0.9997912112054184,0.0308455870116298,NORMAL,STABLE,NORMAL,NO_ACTION,False,0.0
2026-08-12T00:43:00.554541,0.42107921656939773,0.001443601777999223,0.042986425339366516,False,8,0.1887977123260498,False,0.0,-5.1402937832187945,-10.543098494134398,18.399476697613295,CENTER,0.0,0.9995924157664609,0.03028238715323167,NORMAL,STABLE,NORMAL,NO_ACTION,False,0.0
2026-08-12T00:43:00.587032,0.3935629386965509,0.0034857544511177427,0.0418552036199095,False,8,0.1887977123260498,False,0.0,-5.290388245219901,-11.394724868299846,18.412392867353475,CENTER,0.0,0.9992834924768518,0.031054423846620546,NORMAL,STABLE,NORMAL,NO_ACTION,False,0.0
2026-08-12T00:43:00.619798,0.4201192465317996,0.004735991685870244,0.039637599093997736,False,8,0.1887977123260498,False,0.0,-5.098330491484745,-12.045586177083464,18.4170157959189,CENTER,0.0,0.9995881156764403,0.031343997552800824,NORMAL,STABLE,NORMAL,NO_ACTION,False,0.0
2026-08-12T00:43:00.651718,0.4118956704920017,0.0024409227851528207,0.03850509626274066,False,8,0.1887977123260498,False,0.0,-5.404527338565174,-12.476999094368978,18.40469503530204,CENTER,0.0,0.9989555335862483,0.03193856533558306,NORMAL,STABLE,NORMAL,NO_ACTION,False,0.0
2026-08-12T00:43:00.683283,0.4191908754557453,0.001836568410447537,0.03737259343148358,False,8,0.1887977123260498,False,0.0,-4.466414652145858,-12.13361793532576,18.472118908195398,CENTER,0.0,0.999256017446845,0.03085212675213796,NORMAL,STABLE,NORMAL,NO_ACTION,False,0.0
2026-08-12T00:43:00.714112,0.413764733153546,0.011271369027395221,0.0362400906002265,False,8,0.1887977123260498,False,0.0,-4.194731370087851,-11.903744569464607,18.582583997412513,CENTER,0.0,0.9995979080932784,0.03053085995035442,NORMAL,STABLE,NORMAL,NO_ACTION,False,0.0
2026-08-12T00:43:00.750629,0.4151478545223878,0.002825794047777469,0.035107587768969425,False,8,0.1887977123260498,False,0.0,-3.9366763146669257,-11.810645382500752,18.36874944195307,CENTER,0.0,0.9996533671982165,0.030009209430773502,NORMAL,STABLE,NORMAL,NO_ACTION,False,0.0
2026-08-12T00:43:00.795471,0.43215213463115343,0.0029385018508630988,0.032879818594104306,False,8,0.1887977123260498,False,0.0,-4.2918726269357705,-14.027580000567468,18.693239695210764,CENTER,0.0,0.9991855549125515,0.032264841866180574,NORMAL,STABLE,NORMAL,NO_ACTION,False,0.0
2026-08-12T00:43:00.826054,0.4139224563202223,0.0021115848467713936,0.03284258210645526,False,8,0.1887977123260498,False,0.0,-4.291841332967891,-13.971403037222132,18.573057897625432,CENTER,0.0,0.9993234123156723,0.03210850886004659,NORMAL,STABLE,NORMAL,NO_ACTION,False,0.0
2026-08-12T00:43:00.857927,0.41637690703871966,0.0035348504242418985,0.030612244897959183,False,8,0.1887977123260498,False,0.0,-4.463216442241247,-12.046459329172762,18.533425216062057,CENTER,0.0,0.9990179451731824,0.03084513481610203,NORMAL,STABLE,NORMAL,NO_ACTION,False,0.0
2026-08-12T00:43:00.892497,0.421833601810437,0.0030302581238294117,0.02947845804988662,False,8,0.1887977123260498,False,0.0,-4.00380185442242,-12.406289838903092,18.565900448023655,CENTER,0.0,0.9989988827803498,0.030693885619341048,NORMAL,STABLE,NORMAL,NO_ACTION,False,0.0
2026-08-12T00:43:00.922209,0.4285307050110806,0.003971546822108058,0.02834467120181406,False,8,0.1887977123260498,False,0.0,-4.921051643616295,-12.247733121744346,18.503766614261508,CENTER,0.0,0.9993162053112139,0.03140281742884583,NORMAL,STABLE,NORMAL,NO_ACTION,False,0.0
2026-08-12T00:43:00.954568,0.422269241418448,0.0019948808618231425,0.028312570781426953,False,8,0.1887977123260498,False,0.0,-4.6401022962710385,-14.286569348411263,18.9112576255327,CENTER,0.0,0.9990326404963993,0.03299716519484877,NORMAL,STABLE,NORMAL,NO_ACTION,False,0.0
2026-08-12T00:43:00.986599,0.41859269921360515,0.00674025346276425,0.028312570781426953,False,8,0.1887977123260498,False,0.0,-3.8775352082742813,-12.619435970987467,18.532730272302075,CENTER,0.0,0.9986095437885802,0.030694292738120035,NORMAL,STABLE,NORMAL,NO_ACTION,False,0.0
2026-08-12T00:43:01.018480,0.41975232425321285,0.006656129381700449,0.02834467120181406,False,8,0.1887977123260498,False,0.0,-3.8043072871782044,-13.247511778163243,18.694521133618935,CENTER,0.0,0.9988194176526063,0.031233185874626257,NORMAL,STABLE,NORMAL,NO_ACTION,False,0.0
2026-08-12T00:43:01.050565,0.4362511761005665,0.001214260713521188,0.028312570781426953,False,8,0.1887977123260498,False,0.0,-4.326007597382699,-12.951864784079675,18.477906667975873,CENTER,0.0,0.9992338472007887,0.03131344941440284,NORMAL,STABLE,NORMAL,NO_ACTION,False,0.0
2026-08-12T00:43:01.082500,0.43603364536526357,0.005412020299359158,0.028312570781426953,False,8,0.1887977123260498,False,0.0,-4.683500805536397,-13.79290387662084,18.657942490646917,CENTER,0.0,0.9993699229466735,0.032438487084995284,NORMAL,STABLE,NORMAL,NO_ACTION,False,0.0
2026-08-12T00:43:01.114808,0.43507654033850207,0.004117225570989441,0.02834467120181406,False,8,0.1887977123260498,False,0.0,-4.042050763665088,-14.401416245674824,18.606702044630993,CENTER,0.0,0.9992818179869684,0.032210932955791007,NORMAL,STABLE,NORMAL,NO_ACTION,False,0.0
2026-08-12T00:43:01.148941,0.4284731216502047,0.01139505561249588,0.02834467120181406,False,8,0.1887977123260498,False,0.0,-4.748256182804795,-13.433781312096414,18.71042627252524,CENTER,0.0,0.9995941036522634,0.03229201775646152,NORMAL,STABLE,NORMAL,NO_ACTION,False,0.0
2026-08-12T00:43:01.177938,0.4122382416106834,0.003435167709683676,0.028312570781426953,False,8,0.1887977123260498,False,0.0,-4.308213305780015,-13.024631716233927,18.707909921038663,CENTER,0.0,0.999277745627572,0.03157035268014249,NORMAL,STABLE,NORMAL,NO_ACTION,False,0.0
2026-08-12T00:43:01.210461,0.4240286760352906,0.0013541086716868677,0.028312570781426953,False,8,0.1887977123260498,False,0.0,-4.726559819684724,-11.385587524350797,18.302857564090772,CENTER,0.0,0.9995269499099795,0.03039940032233346,NORMAL,STABLE,NORMAL,NO_ACTION,False,0.0
2026-08-12T00:43:01.242674,0.43249601932571197,0.004080109027023168,0.028312570781426953,False,8,0.1887977123260498,False,0.0,-4.588368657718178,-13.381222550080452,18.575043739412024,CENTER,0.0,0.9992229563185872,0.03196972452044274,NORMAL,STABLE,NORMAL,NO_ACTION,False,0.0
2026-08-12T00:43:01.273858,0.427779069288914,0.0018258803917589684,0.028312570781426953,False,8,0.1887977123260498,False,0.0,-4.861688086415597,-12.358122518714652,18.556499310175468,CENTER,0.0,0.9997152563443071,0.031476157830603826,NORMAL,STABLE,NORMAL,NO_ACTION,False,0.0
2026-08-12T00:43:01.322337,0.40197415423588134,0.005032097650699031,0.028312570781426953,False,8,0.1887977123260498,False,0.0,-4.621306871288965,-12.282725446590945,18.591494918104615,CENTER,0.0,0.999925277563443,0.031223925656768764,NORMAL,STABLE,NORMAL,NO_ACTION,False,0.0
2026-08-12T00:43:01.354609,0.38719503025002294,0.0017270827484888883,0.027180067950169876,False,8,0.1887977123260498,False,0.0,-5.4762615076862176,-9.959613361302047,18.400148898469297,CENTER,0.0,0.9995234267832648,0.030185153003904938,NORMAL,STABLE,NORMAL,NO_ACTION,False,0.0
2026-08-12T00:43:01.386333,0.38574245226878295,0.006114675501010506,0.026047565118912798,False,8,0.1887977123260498,False,0.0,-4.981357310832891,-10.01674118504036,18.267858359570198,CENTER,0.0,0.999375227730624,0.02962244668662101,NORMAL,STABLE,NORMAL,NO_ACTION,False,0.0
2026-08-12T00:43:01.419571,0.3673111784460825,0.00279066746201486,0.023809523809523808,False,8,0.1887977123260498,False,0.0,-5.244182519182374,-10.38153562457606,18.56980949259659,CENTER,0.0,0.999247229723937,0.03042976803649949,NORMAL,STABLE,NORMAL,NO_ACTION,False,0.0
2026-08-12T00:43:01.449699,0.3567365346988526,0.004371556119098134,0.02378255945639864,False,8,0.1887977123260498,False,0.0,-5.470235735248991,-9.2239737258258,18.417846749919875,CENTER,0.0,0.9994247792352537,0.029665097491407173,NORMAL,STABLE,NORMAL,NO_ACTION,False,0.0
2026-08-12T00:43:01.482184,0.36780943571323327,0.011898292337095258,0.02378255945639864,False,8,0.1887977123260498,False,0.0,-4.8060073344127545,-10.214931945643855,18.062170783553427,CENTER,0.0,0.9999736100394375,0.02939865940767318,NORMAL,STABLE,NORMAL,NO_ACTION,False,0.0
2026-08-12T00:43:01.514423,0.3545878997436367,0.0033697197585821227,0.023809523809523808,False,8,0.1887977123260498,False,0.0,-5.30464607036987,-10.392566262320514,18.80562604040793,CENTER,0.0,0.999914319701646,0.030723041370202694,NORMAL,STABLE,NORMAL,NO_ACTION,False,0.0
2026-08-12T00:43:01.546354,0.367865090320453,0.00906996435712788,0.023809523809523808,False,8,0.1887977123260498,False,0.0,-5.023440609738373,-8.797032383065442,18.140294277704015,CENTER,0.0,0.9992527756344307,0.028659231057158455,NORMAL,STABLE,NORMAL,NO_ACTION,False,0.0
2026-08-12T00:43:01.578795,0.36586493751254767,0.006942910543186817,0.023809523809523808,False,8,0.1887977123260498,False,0.0,-5.318438830103531,-9.283635575748008,18.362131797055866,CENTER,0.0,0.9988570066015089,0.029508360371601122,NORMAL,STABLE,NORMAL,NO_ACTION,False,0.0
2026-08-12T00:43:01.609816,0.3572125811086328,0.0021403412519987865,0.023809523809523808,False,8,0.1887977123260498,False,0.0,-5.420363972219917,-7.529138067279547,18.326253246946095,CENTER,0.0,0.9991755481610083,0.02830482370408398,NORMAL,STABLE,NORMAL,NO_ACTION,False,0.0
2026-08-12T00:43:01.643153,0.3600721708992881,0.0015547515387063873,0.023809523809523808,False,8,0.1887977123260498,False,0.0,-4.39787636272618,-9.160062575000836,18.68927395191315,CENTER,0.0,0.9988723449288408,0.028847671421968108,NORMAL,STABLE,NORMAL,NO_ACTION,False,0.0
2026-08-12T00:43:01.674968,0.36609635671895735,0.004618574738349953,0.02378255945639864,False,8,0.1887977123260498,False,0.0,-5.090730561144483,-8.047987627876779,18.562160466034527,CENTER,0.0,0.9996312505358367,0.028589293535194498,NORMAL,STABLE,NORMAL,NO_ACTION,False,0.0
2026-08-12T00:43:01.710229,0.3523532248552665,0.006769180280543195,0.02378255945639864,False,8,0.1887977123260498,False,0.0,-4.991490029748974,-7.780750428120967,18.63533374362845,CENTER,0.0,0.999794305662723,0.02837118709096933,NORMAL,STABLE,NORMAL,NO_ACTION,False,0.0
2026-08-12T00:43:01.744394,0.3403524231848465,0.0030169211466879744,0.02378255945639864,False,8,0.1887977123260498,False,0.0,-6.6196829972849685,-6.548152767935505,18.7658129048327,CENTER,0.0,0.998734032064472,0.029174513793696358,NORMAL,STABLE,NORMAL,NO_ACTION,False,0.0
2026-08-12T00:43:01.776095,0.3631799824463507,0.002278121254801603,0.02378255945639864,False,8,0.1887977123260498,False,0.0,-5.635454594598173,-6.684275442603621,18.866213187020094,CENTER,0.0,0.9980423337834362,0.02842173086862391,NORMAL,STABLE,NORMAL,NO_ACTION,False,0.0
2026-08-12T00:43:01.810783,0.34775736292146325,0.00584511697961065,0.02378255945639864,False,8,0.1887977123260498,False,0.0,-5.1657780872571095,-8.442861450088799,18.731160256696512,CENTER,0.0,0.9983380219050069,0.029109488711834285,NORMAL,STABLE,NORMAL,NO_ACTION,False,0.0
2026-08-12T00:43:01.851993,0.34897979656028055,0.004547423452262016,0.023809523809523808,False,8,0.1887977123260498,False,0.0,-4.905430391824439,-8.159068427470004,18.807392765993797,CENTER,0.0,0.9996264146090535,0.028727230979219972,NORMAL,STABLE,NORMAL,NO_ACTION,False,0.0
2026-08-12T00:43:01.884981,0.34080878479493093,0.009433248922374925,0.023809523809523808,False,8,0.1887977123260498,False,0.0,-5.538418243949138,-7.169642968645633,18.571777288624986,CENTER,0.0,0.9997056380744171,0.028395300805019154,NORMAL,STABLE,NORMAL,NO_ACTION,False,0.0
2026-08-12T00:43:01.938190,0.3391143870724881,0.0031902181831562956,0.023809523809523808,False,8,0.1887977123260498,False,0.0,-4.925450791853734,-8.518326049460086,18.696759051584706,CENTER,0.0,0.9998926718964335,0.028899437551624853,NORMAL,STABLE,NORMAL,NO_ACTION,False,0.0
2026-08-12T00:43:02.008893,0.3512523298011908,0.002957077476904748,0.02383654937570942,False,8,0.1887977123260498,False,0.0,-5.343508988676291,-9.281525391546126,18.87623494483077,CENTER,0.0,0.999565128279321,0.030026040274308635,NORMAL,STABLE,NORMAL,NO_ACTION,False,0.0
2026-08-12T00:43:02.056138,0.3562096784309377,0.0017582748823932132,0.023863636363636365,False,8,0.1887977123260498,False,0.0,-5.787823193538259,-7.324085251284913,18.73975574072614,CENTER,0.0,0.9990383203660838,0.02890876721077519,NORMAL,STABLE,NORMAL,NO_ACTION,False,0.0
2026-08-12T00:43:02.100218,0.3613068634181656,0.002788922598223827,0.023863636363636365,False,8,0.1887977123260498,False,0.0,-5.658352107892256,-6.749170800854131,18.380287784436575,CENTER,0.0,0.998715344757373,0.02802272103026686,NORMAL,STABLE,NORMAL,NO_ACTION,False,0.0
2026-08-12T00:43:02.143780,0.3379756675726273,0.0033613270515892428,0.023863636363636365,False,8,0.1887977123260498,False,0.0,-5.131517154856567,-10.201677649278167,18.59455142449667,CENTER,0.0,0.9989483533736283,0.030215203600892908,NORMAL,STABLE,NORMAL,NO_ACTION,False,0.0
2026-08-12T00:43:02.189803,0.3340478238059329,0.0020867730330566686,0.023890784982935155,False,8,0.1887977123260498,False,0.0,-5.947329000594465,-8.358802742007754,18.413251005076603,CENTER,0.0,0.9992170621141975,0.029495249393207374,NORMAL,STABLE,NORMAL,NO_ACTION,False,0.0
2026-08-12T00:43:02.236511,0.3551669372704547,0.0027386969722912285,0.023890784982935155,False,8,0.1887977123260498,False,0.0,-5.023845848941079,-9.07688311246659,18.636808611828258,CENTER,0.0,0.9985593358839163,0.02933986061752227,NORMAL,STABLE,NORMAL,NO_ACTION,False,0.0
2026-08-12T00:43:02.283578,0.3472234192954615,0.0035451968590772273,0.023917995444191344,False,8,0.1887977123260498,False,0.0,-5.329894722829266,-8.682669165274206,18.519106301761724,CENTER,0.0,0.9985562012388547,0.02923652130971158,NORMAL,STABLE,NORMAL,NO_ACTION,False,0.0
2026-08-12T00:43:02.321122,0.3623423168696261,0.006059251639292768,0.023917995444191344,False,8,0.1887977123260498,False,0.0,-5.321831750487746,-8.806497064166052,18.518048517424887,CENTER,0.0,0.9993988581318588,0.029317169619146908,NORMAL,STABLE,NORMAL,NO_ACTION,False,0.0
2026-08-12T00:43:02.361398,0.37215234508567885,0.0022513728434700384,0.023917995444191344,False,8,0.1887977123260498,False,0.0,-4.973320237545835,-7.118473158798281,18.29044217895469,CENTER,0.0,0.9994234664351852,0.027543261089836305,NORMAL,STABLE,NORMAL,NO_ACTION,False,0.0
2026-08-12T00:43:02.402794,0.3522754973805631,0.001683562392121401,0.023917995444191344,False,8,0.1887977123260498,False,0.0,-4.93943548068583,-9.456833990031527,18.696529190715864,CENTER,0.0,0.9992187098122427,0.029590494231928107,NORMAL,STABLE,NORMAL,NO_ACTION,False,0.0
2026-08-12T00:43:02.441479,0.3799526779477359,0.0037508092239533553,0.023917995444191344,False,8,0.1887977123260498,False,0.0,-5.309345766647681,-8.063932176444325,18.354495857341448,CENTER,0.0,0.9991153602966392,0.028611354061643765,NORMAL,STABLE,NORMAL,NO_ACTION,False,0.0
2026-08-12T00:43:02.475850,0.35146184994223784,0.005272098680133898,0.023917995444191344,False,8,0.1887977123260498,False,0.0,-5.46449520217385,-8.375238538216308,18.473755783287345,CENTER,0.0,0.9991869212962963,0.02910043248582256,NORMAL,STABLE,NORMAL,NO_ACTION,False,0.0
2026-08-12T00:43:02.523147,0.3494428436908338,0.0009190265504500727,0.021664766248574687,False,8,0.1887977123260498,False,0.0,-5.569397945058,-7.213853556856151,18.322526014161696,CENTER,0.0,0.9990289968064131,0.028217043233274335,NORMAL,STABLE,NORMAL,NO_ACTION,False,0.0
2026-08-12T00:43:02.568691,0.34073434253504814,0.0022394295228635743,0.021664766248574687,False,8,0.1887977123260498,False,0.0,-5.305192437431543,-9.054309030094117,18.571317132800317,CENTER,0.0,0.999450325252915,0.029531417589365325,NORMAL,STABLE,NORMAL,NO_ACTION,False,0.0
2026-08-12T00:43:02.605998,0.3545335347583596,0.0015032253065479146,0.021664766248574687,False,8,0.1887977123260498,False,0.0,-5.430854660096088,-8.372076772634927,18.562038143571016,CENTER,0.0,0.9998853175368657,0.029150767035619474,NORMAL,STABLE,NORMAL,NO_ACTION,False,0.0
2026-08-12T00:43:02.647718,0.3382652400265852,0.002281764253893598,0.021664766248574687,False,8,0.1887977123260498,False,0.0,-5.561438402912671,-7.6607737803038845,18.354552486742307,CENTER,0.0,0.9995147730195473,0.028562994512850198,NORMAL,STABLE,NORMAL,NO_ACTION,False,0.0
2026-08-12T00:43:02.677833,0.34537988731094543,0.003521667111435437,0.021664766248574687,False,8,0.1887977123260498,False,0.0,-5.7940240854216825,-7.9511336976929385,18.711378649733035,CENTER,0.0,0.9986671864283265,0.029340280674779073,NORMAL,STABLE,NORMAL,NO_ACTION,False,0.0
2026-08-12T00:43:02.721223,0.35048320198615923,0.0045944294494611486,0.021689497716894976,False,8,0.1887977123260498,False,0.0,-6.347549717294584,-6.508020327641759,18.01298748592913,CENTER,0.0,0.998474352173354,0.028158531987882627,NORMAL,STABLE,NORMAL,NO_ACTION,False,0.0
2026-08-12T00:43:02.750713,0.3497597058369234,0.006844471573961647,0.021689497716894976,False,8,0.1887977123260498,False,0.0,-5.207469120877192,-8.0737568320705,18.498256547330953,CENTER,0.0,0.9985892757630316,0.028658782429584688,NORMAL,STABLE,NORMAL,NO_ACTION,False,0.0
2026-08-12T00:43:02.801022,0.3404142875975984,0.003376061275005521,0.021689497716894976,False,8,0.1887977123260498,False,0.0,-5.750221672838222,-7.972515722496098,18.29068102984826,CENTER,0.0,0.9987150366512346,0.028908426920686018,NORMAL,STABLE,NORMAL,NO_ACTION,False,0.0
2026-08-12T00:43:02.841797,0.34198769937621476,0.0020512608476991674,0.021689497716894976,False,8,0.1887977123260498,False,0.0,-5.061526953367462,-9.648333961313227,18.794315495423632,CENTER,0.0,0.9980746447402263,0.029940533922747276,NORMAL,STABLE,NORMAL,NO_ACTION,False,0.0
2026-08-12T00:43:02.876104,0.3407758517548769,0.005885096801437099,0.021714285714285714,False,8,0.1887977123260498,False,0.0,-5.3340748823652575,-9.175904035799704,18.311175195145154,CENTER,0.0,0.9986127186213991,0.029396541878272776,NORMAL,STABLE,NORMAL,NO_ACTION,False,0.0
2026-08-12T00:43:02.911726,0.34427704645292206,0.0020871162648923233,0.021714285714285714,False,8,0.1887977123260498,False,0.0,-5.838089129802285,-8.350185634902573,18.260119709382735,CENTER,0.0,0.9987957604595336,0.029236372211089285,NORMAL,STABLE,NORMAL,NO_ACTION,False,0.0
2026-08-12T00:43:02.950408,0.3383028033585557,0.0013561808640011389,0.021714285714285714,False,8,0.1887977123260498,False,0.0,-5.524050986250643,-7.616179510707724,18.40878503662276,CENTER,0.0,0.9989743280606996,0.028547008779759592,NORMAL,STABLE,NORMAL,NO_ACTION,False,0.0
2026-08-12T00:43:02.987286,0.3526281801865859,0.003003654136076926,0.021714285714285714,False,8,0.1887977123260498,False,0.0,-5.639230684888588,-8.379226447343228,18.127986404641376,CENTER,0.0,0.999395522548011,0.02893861333522118,NORMAL,STABLE,NORMAL,NO_ACTION,False,0.0
2026-08-12T00:43:03.015299,0.3605067457956543,0.007361661324266897,0.021689497716894976,False,8,0.1887977123260498,False,0.0,-5.177463174828688,-9.88750818513384,18.502005635877623,CENTER,0.0,0.9989528410065158,0.02994342958105459,NORMAL,STABLE,NORMAL,NO_ACTION,False,0.0
2026-08-12T00:43:03.049563,0.33385738702759615,0.012898047446944493,0.021689497716894976,False,8,0.1887977123260498,False,0.0,-5.5979981487515715,-9.86475144022313,18.625394736344646,CENTER,0.0,0.9980551938657408,0.03045077289247602,NORMAL,STABLE,NORMAL,NO_ACTION,False,0.0
2026-08-12T00:43:03.076067,0.3371425595566909,0.0028330717898401186,0.021689497716894976,False,8,0.1887977123260498,False,0.0,-6.52533868009138,-7.606037228679526,18.258328692251695,CENTER,0.0,0.9985920219264404,0.02935900287556188,NORMAL,STABLE,NORMAL,NO_ACTION,False,0.0
2026-08-12T00:43:03.113040,0.3458271553333503,0.003453589211122563,0.021689497716894976,False,8,0.1887977123260498,False,0.0,-5.229425286350988,-8.522224495979344,18.44380466912375,CENTER,0.0,0.9988212930812755,0.028951383574590383,NORMAL,STABLE,NORMAL,NO_ACTION,False,0.0
2026-08-12T00:43:03.150124,0.3826918973313846,0.0033064104065059765,0.021689497716894976,False,8,0.1887977123260498,False,0.0,-4.8557223376825505,-9.111620153660027,18.21891449748557,CENTER,0.0,0.9990228212877229,0.028800635211508954,NORMAL,STABLE,NORMAL,NO_ACTION,False,0.0
2026-08-12T00:43:03.184459,0.41255644402707126,0.003980513503166388,0.021689497716894976,False,8,0.1887977123260498,False,0.0,-4.520949913051595,-12.435752485919153,18.674461561854656,CENTER,0.0,0.9989539930555555,0.031317698956406896,NORMAL,STABLE,NORMAL,NO_ACTION,False,0.0
2026-08-12T00:43:03.223677,0.4268277120247417,0.009466102361297178,0.021689497716894976,False,8,0.1887977123260498,False,0.0,-3.5795172797639907,-11.371402547370877,18.33277484595135,CENTER,0.0,0.9986013990697872,0.029313405368234475,NORMAL,STABLE,NORMAL,NO_ACTION,False,0.0
2026-08-12T00:43:03.258090,0.4161566834942802,0.0018637370181762748,0.021714285714285714,False,8,0.1887977123260498,False,0.0,-4.757400473365607,-12.220854776078397,18.688004502129644,CENTER,0.0,0.9982216649519889,0.0314032295369039,NORMAL,STABLE,NORMAL,NO_ACTION,False,0.0
2026-08-12T00:43:03.284441,0.4068053789415457,0.0058728172328151385,0.021714285714285714,False,8,0.1887977123260498,False,0.0,-4.3874513298762565,-11.409085955846166,18.274363236783643,CENTER,0.0,0.9986859005272632,0.030062383513783614,NORMAL,STABLE,NORMAL,NO_ACTION,False,0.0
2026-08-12T00:43:03.318672,0.4081629663574519,0.002117402370857521,0.021714285714285714,False,8,0.1887977123260498,False,0.0,-4.721488890233331,-12.20998632184606,18.63500274825472,CENTER,0.0,0.9989773019547326,0.03130975984728473,NORMAL,STABLE,NORMAL,NO_ACTION,False,0.0
2026-08-12T00:43:03.354483,0.4154087359697194,0.001518479609578594,0.021714285714285714,False,8,0.1887977123260498,False,0.0,-4.639116059438692,-12.048702594627542,18.658281627101246,CENTER,0.0,0.998993953082133,0.03113637186834354,NORMAL,STABLE,NORMAL,NO_ACTION,False,0.0
2026-08-12T00:43:03.383736,0.4213029057283497,0.011679892412257179,0.021714285714285714,False,8,0.1887977123260498,False,0.0,-3.9813165075320853,-12.408040734648381,18.376444195488887,CENTER,0.0,0.9991459967635459,0.03049105824459959,NORMAL,STABLE,NORMAL,NO_ACTION,False,0.0
2026-08-12T00:43:03.431180,0.4061428931104902,0.0047403161705390235,0.021689497716894976,False,8,0.1887977123260498,False,0.0,-4.219363419558704,-12.13427273577284,18.430162374619584,CENTER,0.0,0.9993863597393691,0.030574295888748364,NORMAL,STABLE,NORMAL,NO_ACTION,False,0.0
2026-08-12T00:43:03.461818,0.41853210253106365,0.0022799772206659975,0.021689497716894976,False,8,0.1887977123260498,False,0.0,-4.469424131978144,-10.55597102708552,18.253798524492765,CENTER,0.0,0.9985816400891633,0.029505378670237458,NORMAL,STABLE,NORMAL,NO_ACTION,False,0.0
2026-08-12T00:43:03.492262,0.41993981209941417,0.0019922342929852644,0.021689497716894976,False,8,0.1887977123260498,False,0.0,-4.419518019942643,-12.468220847780657,18.21563660339916,CENTER,0.0,0.9985323029192387,0.03080164173105962,NORMAL,STABLE,NORMAL,NO_ACTION,False,0.0
2026-08-12T00:43:03.524826,0.4210603409818323,0.004963122535189769,0.021689497716894976,False,8,0.1887977123260498,False,0.0,-4.259258612638689,-13.09488252041649,18.511205365618338,CENTER,0.0,0.9988194578403634,0.03138452861417793,NORMAL,STABLE,NORMAL,NO_ACTION,False,0.0
2026-08-12T00:43:03.563939,0.42973422234414965,0.006148523674718779,0.021714285714285714,False,8,0.1887977123260498,False,0.0,-4.75785332888799,-12.355584339391868,18.490318756944674,CENTER,0.0,0.9991978657621742,0.03131060625369595,NORMAL,STABLE,NORMAL,NO_ACTION,False,0.0
2026-08-12T00:43:03.605248,0.4103774923692298,0.011991262694889891,0.021714285714285714,False,8,0.1887977123260498,False,0.0,-4.731425969321066,-12.321903585916573,18.398912981982846,CENTER,0.0,0.9989124389146091,0.031172812320713884,NORMAL,STABLE,NORMAL,NO_ACTION,False,0.0
2026-08-12T00:43:03.637906,0.41665864724045026,0.00613329507944832,0.021714285714285714,False,8,0.1887977123260498,False,0.0,-4.744751241944641,-12.680900375369134,18.481224704407794,CENTER,0.0,0.9988700140389232,0.03152418266388376,NORMAL,STABLE,NORMAL,NO_ACTION,False,0.0
2026-08-12T00:43:03.665309,0.4222758249865185,0.006167221660181455,0.021714285714285714,False,8,0.1887977123260498,False,0.0,-4.063076573807592,-11.95638480522831,18.61782535306628,CENTER,0.0,0.9988438786008229,0.030476035325950848,NORMAL,STABLE,NORMAL,NO_ACTION,False,0.0
2026-08-12T00:43:03.684496,0.4182902344354168,0.002579423497130125,0.021689497716894976,False,8,0.1887977123260498,False,0.0,-4.645507289802225,-10.704043008183163,18.486409394027476,CENTER,0.0,0.9982895554698217,0.030005876757005334,NORMAL,STABLE,NORMAL,NO_ACTION,False,0.0
2026-08-12T00:43:03.711476,0.4173922994531618,0.005623968804174497,0.021689497716894976,False,8,0.1887977123260498,False,0.0,-4.284611500795535,-10.168984317531624,18.474296994433473,CENTER,0.0,0.9981651743612826,0.02926025240991929,NORMAL,STABLE,NORMAL,NO_ACTION,False,0.0
2026-08-12T00:43:03.749641,0.4305300031951166,0.002652583251733143,0.021714285714285714,False,8,0.1887977123260498,False,0.0,-4.344848865688732,-11.795425294438502,18.57917497282395,CENTER,0.0,0.9989146760330934,0.03059390418677335,NORMAL,STABLE,NORMAL,NO_ACTION,False,0.0
2026-08-12T00:43:03.784326,0.4290330694356358,0.010907155163075066,0.021714285714285714,False,8,0.1887977123260498,False,0.0,-4.136895682191835,-13.17019787756854,18.886524549892812,CENTER,0.0,0.9985874405221195,0.03168251054247361,NORMAL,STABLE,NORMAL,NO_ACTION,False,0.0
2026-08-12T00:43:03.816316,0.47227753040470444,0.009552156224625132,0.021689497716894976,False,8,0.1887977123260498,False,0.0,-3.722529998086088,-13.954299050079982,19.000007689808342,CENTER,0.0,0.9974984192815501,0.031959067087474625,NORMAL,STABLE,NORMAL,NO_ACTION,False,0.0
2026-08-12T00:43:03.850031,0.498228005436978,0.012393745629747826,0.021689497716894976,False,8,0.1887977123260498,False,0.0,-3.2195797084249875,-13.234368798047882,18.590401052877638,CENTER,0.0,0.9979701163837449,0.030560358939103777,NORMAL,STABLE,NORMAL,NO_ACTION,False,0.0
2026-08-12T00:43:03.877644,0.4824772852242513,0.005878120188494918,0.021689497716894976,False,8,0.1887977123260498,False,0.0,-3.5889618165540753,-12.779886062564174,18.74897410188717,CENTER,0.0,0.9979878927683471,0.03074052267035088,NORMAL,STABLE,NORMAL,NO_ACTION,False,0.0
2026-08-12T00:43:03.904688,0.4756069854859958,0.006308573391104341,0.021689497716894976,False,8,0.1887977123260498,False,0.0,-4.151486035703812,-12.440891931113214,19.00312183931132,CENTER,0.0,0.9983224156592936,0.031282118422485225,NORMAL,STABLE,NORMAL,NO_ACTION,False,0.0
2026-08-12T00:43:03.940955,0.48037789978447104,0.0015645768994788682,0.021689497716894976,False,8,0.1887977123260498,False,0.0,-3.7546390585852976,-11.459034274150582,18.390122667024087,CENTER,0.0,0.9989513138717421,0.029600554563399273,NORMAL,STABLE,NORMAL,NO_ACTION,False,0.0
2026-08-12T00:43:03.973164,0.4772765309935147,0.005749078699789007,0.021689497716894976,False,8,0.1887977123260498,False,0.0,-3.8367823293625634,-14.654336137915323,18.907450660129427,CENTER,0.0,0.9994211489411866,0.0324855412005978,NORMAL,STABLE,NORMAL,NO_ACTION,False,0.0
2026-08-12T00:43:04.010488,0.48260031044680296,0.009840693812827013,0.021689497716894976,False,8,0.1887977123260498,False,0.0,-3.595021619850769,-12.783727253078894,18.66953553865318,CENTER,0.0,0.9989284872256518,0.03067263583541263,NORMAL,STABLE,NORMAL,NO_ACTION,False,0.0
2026-08-12T00:43:04.042067,0.49037527224325594,0.007147985551943542,0.021689497716894976,False,8,0.1887977123260498,False,0.0,-3.995163341684588,-12.627080741446065,18.592791271899785,CENTER,0.0,0.9986007560656721,0.030870922015236738,NORMAL,STABLE,NORMAL,NO_ACTION,False,0.0
2026-08-12T00:43:04.073419,0.476809990016349,0.0052050536884693495,0.021689497716894976,False,8,0.1887977123260498,False,0.0,-3.644493690842296,-13.381218550379401,18.27075740388983,CENTER,0.0,0.9986811449759945,0.030767788525756803,NORMAL,STABLE,NORMAL,NO_ACTION,False,0.0
2026-08-12T00:43:04.110067,0.45448199565323255,0.0025988479797260226,0.021689497716894976,False,8,0.1887977123260498,False,0.0,-5.007793227764125,-14.027534785068013,18.732344508347097,CENTER,0.0,0.9982124083719136,0.03299187072028585,NORMAL,STABLE,NORMAL,NO_ACTION,False,0.0
2026-08-12T00:43:04.137014,0.481152418958234,0.004911040026450395,0.021689497716894976,False,8,0.1887977123260498,False,0.0,-4.097826748467156,-13.88209012682779,18.535878146612276,CENTER,0.0,0.9984219875257203,0.03182137350908174,NORMAL,STABLE,NORMAL,NO_ACTION,False,0.0
2026-08-12T00:43:04.164531,0.47003931214772987,0.01032204003987604,0.021689497716894976,False,8,0.1887977123260498,False,0.0,-4.249427751548922,-14.313666724641138,18.741294596530395,CENTER,0.0,0.9993903249314128,0.03247686230298386,NORMAL,STABLE,NORMAL,NO_ACTION,False,0.0
2026-08-12T00:43:04.191265,0.4890857155915781,0.012807708729767955,0.021689497716894976,False,8,0.1887977123260498,False,0.0,-3.6797614304973365,-15.784205050022479,18.468322425956103,CENTER,0.0,0.9995454898619685,0.03272748810160103,NORMAL,STABLE,NORMAL,NO_ACTION,False,0.0
2026-08-12T00:43:04.219546,0.4900928798158831,0.006839094193420279,0.021664766248574687,False,8,0.1887977123260498,False,0.0,-4.888017907674936,-14.125864825096329,18.629520450323128,CENTER,0.0,0.9988449234825103,0.03284853190360474,NORMAL,STABLE,NORMAL,NO_ACTION,False,0.0
2026-08-12T00:43:04.254087,0.47752842213454716,0.005360149242854449,0.021689497716894976,False,8,0.1887977123260498,False,0.0,-4.498870803416111,-14.279355373621115,18.599987537183807,CENTER,0.0,0.9987100667652606,0.032556212838563324,NORMAL,STABLE,NORMAL,NO_ACTION,False,0.0
2026-08-12T00:43:04.288293,0.48862897370639613,0.010914903694313466,0.021689497716894976,False,8,0.1887977123260498,False,0.0,-3.958647499586533,-15.13799637307082,18.460286682623973,CENTER,0.0,0.9986656726894719,0.03252160066712423,NORMAL,STABLE,NORMAL,NO_ACTION,False,0.0
2026-08-12T00:43:04.316318,0.477256971268549,0.0028943702098263935,0.021689497716894976,False,8,0.1887977123260498,False,0.0,-4.64462978421966,-15.19278446850052,18.504150293206436,CENTER,0.0,0.9985265158822016,0.03326398441291995,NORMAL,STABLE,NORMAL,NO_ACTION,False,0.0
2026-08-12T00:43:04.346112,0.4672141562262492,0.004442443736615912,0.021664766248574687,False,8,0.1887977123260498,False,0.0,-4.00857710932533,-14.966388160257281,18.29686911088953,CENTER,0.0,0.9991566599151235,0.0322883766981705,NORMAL,STABLE,NORMAL,NO_ACTION,False,0.0
2026-08-12T00:43:04.378234,0.4822402804749217,0.0026901781891847344,0.021664766248574687,False,8,0.1887977123260498,False,0.0,-4.299240434405391,-15.420052575903583,18.687562969676748,CENTER,0.0,0.9998949893904321,0.033272144953194645,NORMAL,STABLE,NORMAL,NO_ACTION,False,0.0
2026-08-12T00:43:04.415578,0.4695288532614657,0.0051323300007523566,0.021664766248574687,False,8,0.1887977123260498,False,0.0,-3.184236638296227,-14.224686688970337,18.20355478592876,CENTER,0.0,0.9993929103437929,0.03086903583202856,NORMAL,STABLE,NORMAL,NO_ACTION,False,0.0
2026-08-12T00:43:04.457654,0.49837796835153353,0.011796090540856641,0.021664766248574687,False,8,0.1887977123260498,False,0.0,-4.68242588988528,-13.277960715330721,18.327369328727713,CENTER,0.0,0.9987794710219479,0.0317472188752921,NORMAL,STABLE,NORMAL,NO_ACTION,False,0.0
2026-08-12T00:43:04.490391,0.47928036331527757,0.002344257773872519,0.021664766248574687,False,8,0.1887977123260498,False,0.0,-4.711042002216004,-13.512978953552164,18.36211418497234,CENTER,0.0,0.998702779385288,0.03197796853559868,NORMAL,STABLE,NORMAL,NO_ACTION,False,0.0
2026-08-12T00:43:04.524433,0.48170631362486127,0.00538613914617101,0.021689497716894976,False,8,0.1887977123260498,False,0.0,-4.292259858923273,-15.309666264096279,18.426064638589025,CENTER,0.0,0.9988195248199588,0.03293388626241472,NORMAL,STABLE,NORMAL,NO_ACTION,False,0.0
2026-08-12T00:43:04.556388,0.48771271160431373,0.00784837357671897,0.021689497716894976,False,8,0.1887977123260498,False,0.0,-3.7889927144220508,-15.500121984676923,18.622294932382886,CENTER,0.0,0.9987408237954389,0.03277577250067142,NORMAL,STABLE,NORMAL,NO_ACTION,False,0.0
2026-08-12T00:43:04.585905,0.4790779288716027,0.004338865609501422,0.021664766248574687,False,8,0.1887977123260498,False,0.0,-4.471270999416248,-14.437070405519222,18.0855413869306,CENTER,0.0,0.9996204936128257,0.032148147961208996,NORMAL,STABLE,NORMAL,NO_ACTION,False,0.0
2026-08-12T00:43:04.618826,0.4852893997192168,0.002748943582341086,0.021664766248574687,False,8,0.1887977123260498,False,0.0,-4.851646313901341,-15.38251698734652,18.36016095854569,CENTER,0.0,0.9997778018904321,0.03346170630877333,NORMAL,STABLE,NORMAL,NO_ACTION,False,0.0
2026-08-12T00:43:04.650582,0.497884550990376,0.007965737602330155,0.021664766248574687,False,8,0.1887977123260498,False,0.0,-4.361406180356909,-14.468575718027097,18.444684781771088,CENTER,0.0,0.9992479531035665,0.03241094783395764,NORMAL,STABLE,NORMAL,NO_ACTION,False,0.0
2026-08-12T00:43:04.683679,0.4778235352969021,0.00923279646508147,0.02054794520547945,False,8,0.1887977123260498,False,0.0,-4.496104858837924,-13.50384336125893,18.306761258797962,CENTER,0.0,0.9990162304955419,0.03171109128159564,NORMAL,STABLE,NORMAL,NO_ACTION,False,0.0
2026-08-12T00:43:04.715181,0.46842764759143385,0.0064613277216246275,0.019406392694063926,False,8,0.1887977123260498,False,0.0,-4.110281214743452,-12.906040705437135,18.694815696709583,CENTER,0.0,0.9987939788022977,0.031281493090881594,NORMAL,STABLE,NORMAL,NO_ACTION,False,0.0
2026-08-12T00:43:04.746650,0.461226054172205,0.01144757867716581,0.019384264538198404,False,8,0.1887977123260498,False,0.0,-3.896483355031421,-12.3589086695699,18.237918861358395,CENTER,0.0,0.9987801676097394,0.030240488025286977,NORMAL,STABLE,NORMAL,NO_ACTION,False,0.0
2026-08-12T00:43:04.777878,0.45694202168641673,0.007946845980068883,0.019384264538198404,False,8,0.1887977123260498,False,0.0,-4.09630799345328,-11.214265663858384,18.51407156766126,CENTER,0.0,0.9995852087620027,0.02987214996423024,NORMAL,STABLE,NORMAL,NO_ACTION,False,0.0
2026-08-12T00:43:04.810148,0.4572286882933781,0.0019228012696765788,0.019384264538198404,False,8,0.1887977123260498,False,0.0,-4.210135360805083,-12.628788855940172,18.593819486018475,CENTER,0.0,0.9996371581361453,0.031080155878083184,NORMAL,STABLE,NORMAL,NO_ACTION,False,0.0
2026-08-12T00:43:04.843300,0.45898957053451134,0.007584263090527216,0.019406392694063926,False,8,0.1887977123260498,False,0.0,-4.051232122070019,-14.056469141163234,18.691688229176748,CENTER,0.0,0.9993722538365912,0.032052484347596256,NORMAL,STABLE,NORMAL,NO_ACTION,False,0.0
2026-08-12T00:43:04.874074,0.4437146386654421,0.007033391058549733,0.019384264538198404,False,8,0.1887977123260498,False,0.0,-4.457812579990588,-12.86571975593526,18.567831452417977,CENTER,0.0,0.9987095979080932,0.031464751114198525,NORMAL,STABLE,NORMAL,NO_ACTION,False,0.0
2026-08-12T00:43:04.910595,0.4643050580103686,0.002420041570369189,0.019384264538198404,False,8,0.1887977123260498,False,0.0,-4.596913742060792,-11.993891839166167,18.616170274682247,CENTER,0.0,0.9979145769032922,0.031015595381446638,NORMAL,STABLE,NORMAL,NO_ACTION,False,0.0
2026-08-12T00:43:04.958171,0.4704381622064564,0.004160612366079495,0.019406392694063926,False,8,0.1887977123260498,False,0.0,-3.5514606843899514,-13.628282679864071,18.63676882185905,CENTER,0.0,0.9979644365140604,0.031209091830363828,NORMAL,STABLE,NORMAL,NO_ACTION,False,0.0
2026-08-12T00:43:04.991696,0.4580978240793271,0.0060501314441567065,0.019406392694063926,False,8,0.1887977123260498,False,0.0,-4.888123296239684,-13.035670933823752,18.68697231897147,CENTER,0.0,0.9982304928626542,0.03211659515574271,NORMAL,STABLE,NORMAL,NO_ACTION,False,0.0
2026-08-12T00:43:05.029011,0.45121834788482684,0.005738554483363694,0.019406392694063926,False,8,0.1887977123260498,False,0.0,-4.358710092080912,-14.358591049826202,18.599828386778796,CENTER,0.0,0.9986674275548697,0.03247831577488753,NORMAL,STABLE,NORMAL,NO_ACTION,False,0.0
2026-08-12T00:43:05.066872,0.4510660824916358,0.00691881560876667,0.019406392694063926,False,8,0.1887977123260498,False,0.0,-3.9077940626939096,-15.023352911457351,18.660902891846263,CENTER,0.0,0.9988210653506516,0.032583018614498624,NORMAL,STABLE,NORMAL,NO_ACTION,False,0.0
2026-08-12T00:43:05.108031,0.4539255451486059,0.006783474543831793,0.019406392694063926,False,8,0.1887977123260498,False,0.0,-4.7413241205986765,-12.888923320037065,18.777258773237065,CENTER,0.0,0.99833941508059,0.03195619111038711,NORMAL,STABLE,NORMAL,NO_ACTION,False,0.0
2026-08-12T00:43:05.151834,0.4512419091958316,0.010365659431205397,0.019428571428571427,False,8,0.1887977123260498,False,0.0,-4.1731274141905885,-12.438919933290862,18.47404129964295,CENTER,0.0,0.9987454453875172,0.030792049083660882,NORMAL,STABLE,NORMAL,NO_ACTION,False,0.0
2026-08-12T00:43:05.187936,0.4752620882445746,0.007063547799258998,0.019428571428571427,False,8,0.1887977123260498,False,0.0,-4.387366980044732,-13.475728939379167,18.630646129406784,CENTER,0.0,0.9991407187714334,0.03189796500606049,NORMAL,STABLE,NORMAL,NO_ACTION,False,0.0
2026-08-12T00:43:05.228484,0.4609961327429706,0.0042929654104590835,0.019428571428571427,False,8,0.1887977123260498,False,0.0,-4.255452090600812,-13.049106257616785,18.60547645162228,CENTER,0.0,0.9996511166838135,0.03143858200449362,NORMAL,STABLE,NORMAL,NO_ACTION,False,0.0
2026-08-12T00:43:05.277784,0.45513413288338456,0.004652874934563163,0.017162471395881007,False,8,0.1887977123260498,False,0.0,-3.617557862885519,-13.660080028089027,18.45106144621019,CENTER,0.0,0.9993922941315158,0.03111687639200831,NORMAL,STABLE,NORMAL,NO_ACTION,False,0.0
2026-08-12T00:43:05.316688,0.46348180244952286,0.005302393672107314,0.016018306636155607,False,8,0.1887977123260498,False,0.0,-4.612534585197636,-14.542554634042375,18.873196806657205,CENTER,0.0,0.998736054848251,0.033118845613038975,NORMAL,STABLE,NORMAL,NO_ACTION,False,0.0
2026-08-12T00:43:05.354822,0.4501941144253625,0.003961803298940807,0.014874141876430207,False,8,0.1887977123260498,False,0.0,-4.474837830841494,-13.685296316988087,18.627031487098975,CENTER,0.0,0.9991235987868655,0.03213006964621185,NORMAL,STABLE,NORMAL,NO_ACTION,False,0.0
2026-08-12T00:43:05.396666,0.4612493440421186,0.013030308163972189,0.013729977116704805,False,8,0.1887977123260498,False,0.0,-4.228079254940042,-13.035970636913419,18.267002989943876,CENTER,0.0,0.998677273555384,0.031076798732844205,NORMAL,STABLE,NORMAL,NO_ACTION,False,0.0
2026-08-12T00:43:05.435195,0.4580188333492232,0.002978074655839782,0.013729977116704805,False,8,0.1887977123260498,False,0.0,-4.22956073232271,-11.89916427706848,18.56263251199016,CENTER,0.0,0.9986894772376542,0.03054187880573963,NORMAL,STABLE,NORMAL,NO_ACTION,False,0.0
2026-08-12T00:43:05.472650,0.4662191552949039,0.00420400056917312,0.013729977116704805,False,8,0.1887977123260498,False,0.0,-4.115014972850332,-14.404893859444485,18.79483737219317,CENTER,0.0,0.9985479091649522,0.03246487374927032,NORMAL,STABLE,NORMAL,NO_ACTION,False,0.0
2026-08-12T00:43:05.513935,0.4320178164035491,0.0035330277899020515,0.013729977116704805,False,8,0.1887977123260498,False,0.0,-3.7862027655370696,-13.075629523244885,18.51485310451693,CENTER,0.0,0.9986741389103224,0.030918601049062196,NORMAL,STABLE,NORMAL,NO_ACTION,False,0.0
2026-08-12T00:43:05.553785,0.4531392213052894,0.0068688813167698285,0.013745704467353952,False,8,0.1887977123260498,False,0.0,-3.668281624586399,-13.739146313065959,18.510300449097855,CENTER,0.0,0.9988367385759602,0.031279869889650994,NORMAL,STABLE,NORMAL,NO_ACTION,False,0.0
2026-08-12T00:43:05.606455,0.45783025408868777,0.004233991331368411,0.013745704467353952,False,8,0.1887977123260498,False,0.0,-3.3158611761838586,-14.740632705479953,18.546185725686115,CENTER,0.0,0.9991525339720507,0.03169835397057327,NORMAL,STABLE,NORMAL,NO_ACTION,False,0.0
2026-08-12T00:43:05.649482,0.4351541672942949,0.0034257580636338123,0.013761467889908258,False,8,0.1887977123260498,False,0.0,-4.2561278867803765,-14.243307233487798,18.605009832536126,CENTER,0.0,0.9996921483839163,0.032301261916860786,NORMAL,STABLE,NORMAL,NO_ACTION,False,0.0
2026-08-12T00:43:05.689579,0.43822553882540527,0.004786163822769299,0.013761467889908258,False,8,0.1887977123260498,False,0.0,-4.242099990726956,-12.630639347833807,18.788011749999242,CENTER,0.0,0.9990817499356996,0.03129927305709779,NORMAL,STABLE,NORMAL,NO_ACTION,False,0.0
2026-08-12T00:43:05.725640,0.4042440474342326,0.007906665146247337,0.013761467889908258,False,8,0.1887977123260498,False,0.0,-4.052601526410598,-14.185768100348213,18.609883170999865,CENTER,0.0,0.9985256719393004,0.032068410373683784,NORMAL,STABLE,NORMAL,NO_ACTION,False,0.0
2026-08-12T00:43:05.769773,0.21515500352134076,0.006742959624740462,0.013761467889908258,False,8,0.1887977123260498,False,0.0,-5.7150311386046155,-10.611248708432441,17.990065340832075,CENTER,0.0,0.9987943806798697,0.14361747153746365,NORMAL,STABLE,NORMAL,NO_ACTION,False,0.0
2026-08-12T00:43:05.808108,0.05109451786103676,0.004697792167218249,0.014908256880733946,True,8,0.1887977123260498,False,0.0,-6.621854658769735,-7.72386925483363,17.33498338816679,CENTER,0.0,0.998772531935871,0.2286478977662817,LOW,STABLE,NORMAL,NO_ACTION,False,0.0
2026-08-12T00:43:05.846457,0.055408813182373735,0.008390628223891118,0.016055045871559634,True,8,0.1887977123260498,False,0.03834891319274902,-7.261579176342536,-7.169929623922684,17.358554119752995,UP,0.0,0.9986801536779835,0.25488655901351764,LOW,STABLE,NORMAL,NO_ACTION,False,0.03834891319274902
2026-08-12T00:43:05.892543,0.06606151968633427,0.006625860763118404,0.01722158438576349,True,8,0.1887977123260498,False,0.08443546295166016,-6.793543038862566,-8.870027005857196,17.379348276616582,UP,0.04608654975891113,0.9992830905992799,0.2556837296598768,LOW,STABLE,NORMAL,NO_ACTION,False,0.08443546295166016
2026-08-12T00:43:05.939646,0.24602834002916715,0.006744609473201754,0.01722158438576349,False,9,0.13153815269470215,False,0.0,-5.212828404785171,-11.573781926362614,17.51832098482697,UP,0.09318923950195312,0.9991256081747257,0.12821031076459144,NORMAL,STABLE,NORMAL,NO_ACTION,False,0.0
2026-08-12T00:43:05.981068,0.2858236149834797,0.0032276391453512094,0.017241379310344827,False,9,0.13153815269470215,False,0.0,-6.321918412260345,-10.586205823820961,17.90902106992357,UP,0.1346118450164795,0.9992463188014404,0.07588093706281561,NORMAL,STABLE,NORMAL,NO_ACTION,False,0.0
2026-08-12T00:43:06.024472,0.30799464398663073,0.008263426745854506,0.017241379310344827,False,9,0.13153815269470215,False,0.0,-5.165168881492235,-12.801815501968548,18.09176510162061,UP,0.17801523208618164,0.9992893330975653,0.05764132169812299,NORMAL,STABLE,NORMAL,NO_ACTION,False,0.0
2026-08-12T00:43:06.059244,0.3202286111045668,0.003286596013199359,0.017241379310344827,False,9,0.13153815269470215,False,0.0,-5.316201040588226,-11.731619355817315,17.909583683594605,UP,0.21278738975524902,0.9997454373499657,0.05683840667656264,NORMAL,STABLE,NORMAL,NO_ACTION,False,0.0
2026-08-12T00:43:06.088449,0.3373450030462589,0.0030362372708798357,0.017241379310344827,False,9,0.13153815269470215,False,0.0,-5.208000386964898,-11.367489995637726,17.558457353255477,UP,0.24199199676513672,0.9995569969564473,0.056133109487432054,NORMAL,STABLE,NORMAL,NO_ACTION,False,0.0
2026-08-12T00:43:06.128749,0.3402389901349222,0.0027861229569347986,0.017241379310344827,False,9,0.13153815269470215,False,0.0,-5.666753353097022,-11.06640857016501,17.741449980350637,UP,0.28229212760925293,0.9988485269847394,0.05653363902917988,NORMAL,STABLE,NORMAL,NO_ACTION,False,0.0
2026-08-12T00:43:06.181605,0.3522439108528379,0.00264634072788139,0.01726121979286536,False,9,0.13153815269470215,False,0.0,-5.498910435203243,-12.918828926362181,18.00211754254559,UP,0.33514881134033203,0.9986417743698558,0.05796088486983453,NORMAL,STABLE,NORMAL,NO_ACTION,False,0.0
2026-08-12T00:43:06.231288,0.36668594310421443,0.004273453068540164,0.017241379310344827,False,9,0.13153815269470215,False,0.0,-4.7529259225524925,-11.437681764021562,17.74679416888671,CENTER,0.0,0.999557358646262,0.029926945065771843,NORMAL,STABLE,NORMAL,NO_ACTION,False,0.0
2026-08-12T00:43:06.268433,0.41569939273884987,0.0024464633539243775,0.01726121979286536,False,9,0.13153815269470215,False,0.0,-5.304834415316947,-14.130932329893625,17.886924281432385,CENTER,0.0,0.9996290536051097,0.03253847802031142,NORMAL,STABLE,NORMAL,NO_ACTION,False,0.0
2026-08-12T00:43:06.294191,0.39766207170997236,0.005718922899666909,0.017241379310344827,False,9,0.13153815269470215,False,0.0,-5.140926363013108,-13.263681888708561,17.824934279328374,CENTER,0.0,0.9996878081061386,0.03169459901965539,NORMAL,STABLE,NORMAL,NO_ACTION,False,0.0
2026-08-12T00:43:06.329017,0.41928079751801706,0.007464980337985642,0.017241379310344827,False,9,0.13153815269470215,False,0.0,-4.7251924249285935,-14.094545647031055,17.87724350489208,CENTER,0.0,0.9991375975222908,0.03194470275157196,NORMAL,STABLE,NORMAL,NO_ACTION,False,0.0
2026-08-12T00:43:06.368909,0.4061546795998868,0.0036304590473224723,0.01726121979286536,False,9,0.13153815269470215,False,0.0,-4.7568759296310645,-12.801844406998526,17.722611957552232,CENTER,0.0,0.9985818008401921,0.030892690777897663,NORMAL,STABLE,NORMAL,NO_ACTION,False,0.0
2026-08-12T00:43:06.396485,0.4122552677411938,0.003722472680525896,0.01726121979286536,False,9,0.13153815269470215,False,0.0,-5.311448524820889,-12.998297904628572,17.559854338515947,CENTER,0.0,0.9987838648834019,0.03141187716988944,NORMAL,STABLE,NORMAL,NO_ACTION,False,0.0
2026-08-12T00:43:06.434177,0.3927575097783751,0.010303228295312637,0.01726121979286536,False,9,0.13153815269470215,False,0.0,-4.089823658134975,-13.910918379978398,17.56026229294031,CENTER,0.0,0.9995683299039781,0.03089500530139023,NORMAL,STABLE,NORMAL,NO_ACTION,False,0.0
2026-08-12T00:43:06.462189,0.39874004054789824,0.007744017682517102,0.01726121979286536,False,9,0.13153815269470215,False,0.0,-5.1956649452075965,-12.035292412272725,17.08252478373376,CENTER,0.0,0.9993597822359396,0.030145227221918272,NORMAL,STABLE,NORMAL,NO_ACTION,False,0.0
2026-08-12T00:43:06.497233,0.3906296767465509,0.004742051739410853,0.01726121979286536,False,9,0.13153815269470215,False,0.0,-4.9188816989126,-12.465326511359677,16.904031646612765,CENTER,0.0,0.998965031292867,0.030017393109450858,NORMAL,STABLE,NORMAL,NO_ACTION,False,0.0
2026-08-12T00:43:06.529259,0.3951653140208845,0.0032716219287897822,0.01726121979286536,False,9,0.13153815269470215,False,0.0,-5.0851813101859875,-11.93226860354369,16.956192554936763,CENTER,0.0,0.9990293049125515,0.029842776231936798,NORMAL,STABLE,NORMAL,NO_ACTION,False,0.0
2026-08-12T00:43:06.561100,0.3951839657835985,0.00874364922541462,0.01726121979286536,False,9,0.13153815269470215,False,0.0,-5.193744890129807,-14.696294356282834,17.123615031415596,CENTER,0.0,0.9993450065372086,0.03210478140398873,NORMAL,STABLE,NORMAL,NO_ACTION,False,0.0
2026-08-12T00:43:06.595396,0.3872388690734895,0.01704964500969025,0.01726121979286536,False,9,0.13153815269470215,False,0.0,-4.496137360273764,-13.047142515211988,16.135237060083256,CENTER,0.0,0.9986238104423867,0.029290185702811722,NORMAL,STABLE,NORMAL,NO_ACTION,False,0.0
2026-08-12T00:43:06.631103,0.4166997857717062,0.004241451207269788,0.017241379310344827,False,9,0.13153815269470215,False,0.0,-4.8966832780166385,-12.44760713232256,15.509531967642062,CENTER,0.0,0.9982658714849109,0.028640367980274667,NORMAL,STABLE,NORMAL,NO_ACTION,False,0.0
2026-08-12T00:43:06.657779,0.4032634744471375,0.008055391992914534,0.017241379310344827,False,9,0.13153815269470215,False,0.0,-3.974427434037011,-12.976284736766956,13.415532673275408,CENTER,0.0,0.9993355222265089,0.026117648709521425,NORMAL,STABLE,NORMAL,NO_ACTION,False,0.0
2026-08-12T00:43:06.692487,0.44837159989218217,0.005053363596522521,0.017241379310344827,False,9,0.13153815269470215,False,0.0,-5.045961565367463,-10.550928648446927,12.504720213618782,CENTER,0.0,0.9995160054441016,0.024520771662902136,NORMAL,STABLE,NORMAL,NO_ACTION,False,0.0
2026-08-12T00:43:06.720367,0.48164280599552844,0.009600192796336457,0.017241379310344827,False,9,0.13153815269470215,False,0.0,-4.084130867271398,-10.737441858552586,11.050153314786712,CENTER,0.0,0.9998751902220508,0.022328574258343933,NORMAL,STABLE,NORMAL,NO_ACTION,False,0.0
2026-08-12T00:43:06.746367,0.5388750974002691,0.0031969593659418195,0.017241379310344827,False,9,0.13153815269470215,False,0.0,-4.172586967083333,-10.791416277754877,10.139680251438165,CENTER,0.0,0.9993207465277777,0.021575983892510336,NORMAL,STABLE,NORMAL,NO_ACTION,False,0.0
2026-08-12T00:43:06.778488,0.5464238475223125,0.008446886922174487,0.017241379310344827,False,9,0.13153815269470215,False,0.0,-3.6363872740466263,-11.249035567240753,9.865758145012052,CENTER,0.0,0.9998847147205076,0.02112636942432297,NORMAL,STABLE,NORMAL,NO_ACTION,False,0.0
2026-08-12T00:43:06.804623,0.6115744372196324,0.0067457407585308155,0.017241379310344827,False,9,0.13153815269470215,False,0.0,-3.0021636460119225,-9.936191023375244,8.795539232218346,CENTER,0.0,0.9996332331318587,0.01853688888110386,NORMAL,STABLE,NORMAL,NO_ACTION,False,0.0
2026-08-12T00:43:06.833654,0.6461789910637048,0.08871717300464663,0.017241379310344827,False,9,0.13153815269470215,False,0.0,-2.791218757859781,-8.182152623545988,8.220050163325226,CENTER,0.0,0.998975815007716,0.01651277659666507,NORMAL,STABLE,NORMAL,NO_ACTION,False,0.0
2026-08-12T00:43:06.862109,0.6484124285128068,0.18734121155032324,0.017241379310344827,False,9,0.13153815269470215,False,0.0,-3.090214977643484,-13.065524894938875,8.374988609790165,CENTER,0.0,0.9990089966992455,0.020476778841651222,NORMAL,STABLE,NORMAL,NO_ACTION,False,0.0
2026-08-12T00:43:06.891301,0.6451766923346562,0.30353639606012434,0.01722158438576349,False,9,0.13153815269470215,False,0.0,-5.15191016846569,11.974404098549769,4.607141805657449,CENTER,0.0,0.9996300449031207,0.01804578634255267,NORMAL,STABLE,NORMAL,NO_ACTION,False,0.0
2026-08-12T00:43:06.923280,0.6591205240903757,0.4285540342597015,0.017241379310344827,False,9,0.13153815269470215,False,0.0,-4.074210282861429,10.611955535237001,4.14516265786898,CENTER,0.0,0.9998122160065156,0.021289948681425936,NORMAL,STABLE,NORMAL,NO_ACTION,False,0.0
2026-08-12T00:43:06.953876,0.6332885335038001,0.559372314725272,0.017241379310344827,False,9,0.13153815269470215,False,0.0,-4.213461603538775,19.29398737075479,2.6346825039386204,CENTER,0.0,0.9994244175454389,0.0524035185200222,NORMAL,STABLE,NORMAL,NO_ACTION,False,0.0
2026-08-12T00:43:06.987146,0.6505658376506882,0.7351514454277918,0.017241379310344827,False,9,0.13153815269470215,False,0.0,-4.990559240209194,8.923788894658117,3.242700604978637,CENTER,0.0,0.9991716901363168,0.09437328294150804,NORMAL,STABLE,NORMAL,NO_ACTION,False,0.0
2026-08-12T00:43:07.018135,0.5969558057830866,0.8182748589978494,0.01722158438576349,False,9,0.13153815269470215,False,0.0,-5.503314716617496,-7.990379509257707,5.912450869134915,CENTER,0.0,0.9991851932227366,0.09676378909852178,NORMAL,STABLE,NORMAL,NO_ACTION,False,0.0
2026-08-12T00:43:07.051387,0.6060081219606066,0.9518208039687716,0.01722158438576349,False,9,0.13153815269470215,False,0.0,-6.766179318561029,21.832503207746157,0.47837806908310654,CENTER,0.0,0.9986749158736282,0.10274415943073324,NORMAL,STABLE,NORMAL,NO_ACTION,False,0.0
2026-08-12T00:43:07.097697,0.6040025913736902,0.9743084736593159,0.01722158438576349,False,9,0.13153815269470215,False,0.0,-7.182747835773,17.559106690216254,1.011393356856729,CENTER,0.0,0.9979890984010631,0.10057223153583666,NORMAL,STABLE,NORMAL,NO_ACTION,False,0.0
2026-08-12T00:43:07.130566,0.5593973388486225,1.005561192908261,0.01722158438576349,False,9,0.13153815269470215,False,0.0,-8.825032225548057,21.652440302782963,-0.38753184693146636,CENTER,0.0,0.9979467271090535,0.10450923154773094,NORMAL,STABLE,NORMAL,NO_ACTION,False,0.0
2026-08-12T00:43:07.161931,0.5104900347269988,1.0104901785474594,0.01722158438576349,False,9,0.13153815269470215,False,0.0,-9.188694639136514,19.443366885675147,-0.36785321331893783,CENTER,0.0,0.9983213037980109,0.10324503327535212,NORMAL,STABLE,NORMAL,NO_ACTION,False,0.0
2026-08-12T00:43:07.195628,0.5075747397248441,1.0881525350711185,0.017241379310344827,False,9,0.13153815269470215,False,0.0,-10.021332822495168,21.096230142162028,-1.276140826593462,CENTER,0.0,0.997748748821159,0.10611521491290607,NORMAL,STABLE,NORMAL,NO_ACTION,False,0.0
2026-08-12T00:43:07.234059,0.5178823441930293,1.1370251014334276,0.017241379310344827,False,9,0.13153815269470215,False,0.0,-10.228473280163513,20.07324422110031,-1.3359070434349292,CENTER,0.0,0.9980843031978738,0.10563341298981539,NORMAL,STABLE,NORMAL,NO_ACTION,False,0.0
2026-08-12T00:43:07.277528,0.490633209038979,1.2127429634456324,0.017241379310344827,False,9,0.13153815269470215,False,0.0,-13.453667488379097,9.162242334793234,0.05143492256840432,CENTER,0.0,0.9986337904020919,0.09962208845233715,NORMAL,STABLE,NORMAL,NO_ACTION,False,0.0
2026-08-12T00:43:07.310861,0.5416438692622579,1.2702410589583992,0.017241379310344827,False,9,0.13153815269470215,False,0.0,-13.565435753910918,-6.008818307567395,3.2195429957160115,CENTER,0.0,0.9974984460733882,0.10050301498103202,NORMAL,STABLE,NORMAL,NO_ACTION,False,0.0
2026-08-12T00:43:07.336790,0.5282990794270027,1.3139951250603876,0.017241379310344827,False,9,0.13153815269470215,False,0.0,-13.292197773443348,-1.983911487041496,1.8098944751119177,CENTER,0.0,0.9970751216349452,0.09597558046147207,NORMAL,STABLE,NORMAL,NO_ACTION,False,0.0
2026-08-12T00:43:07.364858,0.5216924014087733,1.3411598379019178,0.017241379310344827,False,9,0.13153815269470215,False,0.0,-13.900123881036336,-1.5420759400474253,1.486777665537204,CENTER,0.0,0.9975308374056927,0.09593073781636433,NORMAL,STABLE,NORMAL,NO_ACTION,False,0.0
2026-08-12T00:43:07.396940,0.4844758489328847,1.4539328462414725,0.017241379310344827,False,9,0.13153815269470215,False,0.0,-14.904862066126839,9.608263419295781,-1.5988193130968966,CENTER,0.0,0.9977140935785324,0.10283173527911425,NORMAL,STABLE,NORMAL,NO_ACTION,False,0.0
2026-08-12T00:43:07.420684,0.4277871620264837,1.4709927036622776,0.017241379310344827,False,9,0.13153815269470215,False,0.0,-14.873398657279495,4.541288082999614,-0.25294986096861294,CENTER,0.0,0.9970880085090877,0.0978459325589979,NORMAL,STABLE,NORMAL,NO_ACTION,False,0.0
2026-08-12T00:43:07.450437,0.4161260063401024,1.4514323396377224,0.01722158438576349,False,9,0.13153815269470215,False,0.0,-13.390030500509624,18.486040941340775,-3.387340214195717,CENTER,0.0,0.9973206420396091,0.10950701618290681,NORMAL,STABLE,NORMAL,NO_ACTION,False,0.0
2026-08-12T00:43:07.482742,0.41522847236993266,1.3923268291492672,0.017241379310344827,False,9,0.13153815269470215,False,0.0,-14.2283362180751,16.90689532664564,-3.5030762242214735,CENTER,0.0,0.9972462411051097,0.10928522897664078,NORMAL,STABLE,NORMAL,NO_ACTION,False,0.0
2026-08-12T00:43:07.514322,0.4028258289776828,1.416410738672116,0.01722158438576349,False,9,0.13153815269470215,False,0.0,-13.665541089570638,17.53083083597872,-3.4168088350945993,CENTER,0.0,0.9965954271690672,0.10911082590158819,NORMAL,STABLE,NORMAL,NO_ACTION,False,0.0
2026-08-12T00:43:07.546973,0.3801104860914809,1.426228155442217,0.01722158438576349,False,9,0.13153815269470215,False,0.0,-14.328492629348574,15.274114541031253,-2.9350675252180167,CENTER,0.0,0.9967711414394718,0.10765547398403115,NORMAL,STABLE,NORMAL,NO_ACTION,False,0.0
2026-08-12T00:43:07.577464,0.37052747796830804,1.4757800183028067,0.01722158438576349,False,9,0.13153815269470215,False,0.0,-13.353127874327242,15.344085343863725,-2.716613627337665,CENTER,0.0,0.9971800116812416,0.10655640530550484,NORMAL,STABLE,NORMAL,NO_ACTION,False,0.0
2026-08-12T00:43:07.625667,0.3289688329464074,1.4877926684669225,0.01722158438576349,False,9,0.13153815269470215,False,0.0,-14.330965476580644,16.66236852430427,-3.214803589610682,CENTER,0.0,0.9971969575188614,0.10892985859055214,NORMAL,STABLE,NORMAL,NO_ACTION,False,0.0
2026-08-12T00:43:07.657505,0.24864839706186198,1.4977270265128435,0.01722158438576349,False,9,0.13153815269470215,False,0.0,-12.632823296950704,15.281132682537333,-2.870108227463504,CENTER,0.0,0.9973086259002057,0.17443392639693392,NORMAL,STABLE,NORMAL,NO_ACTION,False,0.0
2026-08-12T00:43:07.690924,0.1218696186411996,1.4688355148934567,0.01839080459770115,True,9,0.13153815269470215,False,0.0,-15.832924659891773,11.88327040246611,-2.1036200291731575,UP,0.0,0.9971643116640946,0.3318545901764362,LOW,STABLE,NORMAL,NO_ACTION,False,0.0
2026-08-12T00:43:07.722307,0.06341476254931307,1.4630743760829228,0.01954022988505747,True,9,0.13153815269470215,False,0.03138232231140137,-16.165308069686915,7.128990775456543,-1.4994163516213064,UP,0.03138232231140137,0.9968208135073731,0.32815919092871915,LOW,STABLE,NORMAL,NO_ACTION,False,0.03138232231140137
2026-08-12T00:43:07.753878,0.06070426799961029,1.4888437008677033,0.02066590126291619,True,9,0.13153815269470215,False,0.06295371055603027,-16.249669691057306,9.763791583440678,-2.535033019334861,UP,0.06295371055603027,0.9965918504586763,0.3311406002350848,LOW,STABLE,NORMAL,NO_ACTION,False,0.06295371055603027
2026-08-12T00:43:07.785445,0.07527682126889274,1.493924754774631,0.021814006888633754,True,9,0.13153815269470215,False,0.09452104568481445,-15.268257116578013,9.144617116755313,-2.5032425837847825,UP,0.09452104568481445,0.9969990730024005,0.3297177417031912,LOW,STABLE,NORMAL,NO_ACTION,False,0.09452104568481445
2026-08-12T00:43:07.819063,0.02219255001073386,1.5284947797483988,0.022962112514351322,True,9,0.13153815269470215,False,0.12813830375671387,-13.6305989202246,12.220646424895563,-3.1811137426622906,UP,0.12813830375671387,0.8835701218952087,0.20358937982894723,LOW,STABLE,NORMAL,NO_ACTION,False,0.12813830375671387
2026-08-12T00:43:07.850745,0.019687238621176217,1.456639155661562,0.02413793103448276,True,9,0.13153815269470215,False,0.1598210334777832,-14.247843767690142,5.03370712350565,-1.476676915499695,UP,0.1598210334777832,0.8838798565947726,0.19616379306310827,NORMAL,STABLE,NORMAL,NO_ACTION,False,0.1598210334777832
2026-08-12T00:43:07.883325,0.026718412159387937,1.4886040703314318,0.02528735632183908,True,9,0.13153815269470215,False,0.19240045547485352,-12.91781741123836,14.104445396089147,-3.2857841441986864,UP,0.19240045547485352,0.8839223924652165,0.20451191912103622,LOW,STABLE,NORMAL,NO_ACTION,False,0.19240045547485352
2026-08-12T00:43:07.915729,0.04424881043880374,1.4007807023906165,0.026436781609195402,True,9,0.13153815269470215,False,0.22480440139770508,-13.674974460181232,8.442369588720823,-2.5035063468761507,UP,0.22480440139770508,0.8837017517269253,0.19961493421356033,NORMAL,STABLE,NORMAL,NO_ACTION,False,0.22480440139770508
2026-08-12T00:43:07.946271,0.033334901414230025,1.3923369957685856,0.027554535017221583,True,9,0.13153815269470215,False,0.25534701347351074,-14.525263229531419,9.193965506451576,-2.94808083013055,UP,0.25534701347351074,0.8837435282401284,0.2017455587710325,LOW,STABLE,NORMAL,NO_ACTION,False,0.25534701347351074
2026-08-12T00:43:07.977797,0.03964765689337304,1.389444753500264,0.02870264064293915,True,9,0.13153815269470215,False,0.28687214851379395,-13.859167791833329,7.989337641964113,-2.397425560066324,UP,0.28687214851379395,0.8836215920781892,0.1993149696282051,NORMAL,STABLE,NORMAL,NO_ACTION,False,0.28687214851379395
2026-08-12T00:43:08.010432,0.04921148731925164,1.3754961425533192,0.029885057471264367,True,9,0.13153815269470215,False,0.3195075988769531,-13.64099885197075,7.8535036658065565,-2.4259824111543082,UP,0.3195075988769531,0.8835303386947629,0.19898081280090296,NORMAL,STABLE,NORMAL,NO_ACTION,False,0.3195075988769531
2026-08-12T00:43:08.042944,0.08571227748753035,1.3816280164406087,0.030998851894374284,True,9,0.13153815269470215,False,0.3520200252532959,-13.025692495633791,7.628463242702821,-2.520123285448989,UP,0.3520200252532959,0.9984163344478738,0.32647949050151326,LOW,STABLE,NORMAL,NO_ACTION,False,0.3520200252532959
2026-08-12T00:43:08.075340,0.06755171964199741,1.3897993650670861,0.03214695752009185,True,9,0.13153815269470215,False,0.3844153881072998,-12.737382702894337,9.772756582772814,-3.1834777558037217,UP,0.3844153881072998,0.9984843053412209,0.3283893009366748,LOW,STABLE,NORMAL,NO_ACTION,False,0.3844153881072998
2026-08-12T00:43:08.107012,0.055821029489281575,1.3930188371522956,0.03329506314580941,True,9,0.13153815269470215,False,0.4160878658294678,-13.585348613816336,10.8830989804421,-3.218125084904301,UP,0.4160878658294678,0.9974794908479081,0.3300411387513096,LOW,STABLE,NORMAL,NO_ACTION,False,0.4160878658294678
2026-08-12T00:43:08.153589,0.07034885491112212,1.3940273302690402,0.03444316877152698,True,9,0.13153815269470215,False,0.4626648426055908,-13.074429100495706,11.94371084451015,-3.534874680836907,UP,0.4626648426055908,0.9977553396133402,0.3306201577697258,LOW,STABLE,NORMAL,NO_ACTION,False,0.4626648426055908
2026-08-12T00:43:08.186355,0.04869151284805996,1.3703836442410828,0.035632183908045977,True,9,0.13153815269470215,False,0.49543023109436035,-13.028099747806692,7.601031165462899,-2.605754362868595,UP,0.49543023109436035,0.8837322921259554,0.19826720963862807,NORMAL,STABLE,NORMAL,NO_ACTION,False,0.49543023109436035
2026-08-12T00:43:08.218498,0.0540425429575682,1.3957197880697985,0.03673938002296211,True,9,0.13153815269470215,False,0.5275733470916748,-11.951959757933054,9.998283155434706,-3.2118579205077253,UP,0.5275733470916748,0.9977581661522633,0.32468468878769247,LOW,STABLE,NORMAL,NO_ACTION,False,0.5275733470916748
2026-08-12T00:43:08.250521,0.06586503588407423,1.3344953689895689,0.03788748564867968,True,9,0.13153815269470215,False,0.5595967769622803,-12.491583994795434,7.097822092266711,-2.3546929448301057,UP,0.5595967769622803,0.9982758112568586,0.32367181334353085,LOW,STABLE,NORMAL,NO_ACTION,False,0.5595967769622803
2026-08-12T00:43:08.282213,0.058699269295710066,1.4125922732530307,0.03903559127439724,True,9,0.13153815269470215,False,0.5912890434265137,-12.834421489141647,10.182826249716669,-3.396321603393261,UP,0.5912890434265137,0.9987064766589506,0.32860639307720013,LOW,STABLE,NORMAL,NO_ACTION,False,0.5912890434265137
2026-08-12T00:43:08.315415,0.0606260255291199,1.410542468099326,0.040229885057471264,True,9,0.13153815269470215,False,0.6244909763336182,-13.262185826701852,12.185306837595249,-4.189897508387617,UP,0.6244909763336182,0.9980475983796296,0.33266748490206544,LOW,STABLE,NORMAL,NO_ACTION,False,0.6244909763336182
2026-08-12T00:43:08.345836,0.06423562554002674,1.3979513697949382,0.04133180252583238,True,9,0.13153815269470215,False,0.654911994934082,-14.776626836951834,7.100508724107868,-2.8613039815315062,UP,0.654911994934082,0.9977808588391632,0.33049233909161285,LOW,STABLE,NORMAL,NO_ACTION,False,0.654911994934082
2026-08-12T00:43:08.379318,0.06172355022139034,1.376415022669351,0.04252873563218391,True,9,0.13153815269470215,False,0.6883935928344727,-13.635733395392464,10.173940946680602,-3.1755993746564,UP,0.6883935928344727,0.9981104922196502,0.3333669260776991,LOW,STABLE,NORMAL,NO_ACTION,False,0.6883935928344727
2026-08-12T00:43:08.409642,0.061531631205821176,1.4215322858720498,0.04362801377726751,True,9,0.13153815269470215,False,0.7187178134918213,-14.63449406842716,10.88139144396132,-3.5671264005525813,UP,0.7187178134918213,0.9976603223593965,0.3365307076717093,LOW,STABLE,NORMAL,NO_ACTION,False,0.7187178134918213
2026-08-12T00:43:08.442996,0.09299293692255241,1.4250639863579808,0.04482758620689655,True,9,0.13153815269470215,False,0.7520711421966553,-13.344501019108776,9.641335831007837,-3.414755797406002,UP,0.7520711421966553,0.9979664860896775,0.33569148008533795,LOW,RISING,NORMAL,NO_ACTION,False,0.7520711421966553
2026-08-12T00:43:08.473813,0.0558068150482697,1.3678327206591232,0.045924225028702644,True,9,0.13153815269470215,False,0.7828888893127441,-14.687127138450279,5.880550468675864,-2.4229013031990405,UP,0.7828888893127441,0.9987262490354938,0.33464857311548046,LOW,STABLE,NORMAL,NO_ACTION,False,0.7828888893127441
2026-08-12T00:43:08.506503,0.09768182416107501,1.3461779144171506,0.04707233065442021,True,9,0.13153815269470215,False,0.8155786991119385,-13.50271220516072,7.592351519455207,-2.715784662757784,UP,0.8155786991119385,0.9986247749485596,0.3364429204131935,LOW,STABLE,NORMAL,NO_ACTION,False,0.8155786991119385
2026-08-12T00:43:08.538508,0.08530490658891965,1.399102723467245,0.04822043628013777,True,9,0.13153815269470215,False,0.8475832939147949,-14.001308751404082,9.955731319024636,-3.3553404617088347,UP,0.8475832939147949,0.9975802817429699,0.3406326701534158,LOW,STABLE,NORMAL,NO_ACTION,False,0.8475832939147949
2026-08-12T00:43:08.570242,0.08937959895623229,1.419000374288543,0.04936854190585534,True,9,0.13153815269470215,False,0.8793179988861084,-14.454559486120132,7.225933301271425,-2.73263464371189,UP,0.8793179988861084,0.9973369984567901,0.33987314094248783,LOW,STABLE,NORMAL,NO_ACTION,False,0.8793179988861084
2026-08-12T00:43:08.602843,0.05504553851256653,1.4633183327868349,0.0505166475315729,True,9,0.13153815269470215,False,0.9119186401367188,-14.689328495126063,8.518456097382796,-3.1391170188314845,UP,0.9119186401367188,0.9978566261574073,0.34283682541562305,LOW,STABLE,NORMAL,NO_ACTION,False,0.9119186401367188
2026-08-12T00:43:08.635331,0.10141765736678925,1.4263861789812728,0.05166475315729047,True,9,0.13153815269470215,False,0.944406270980835,-13.164964432743659,7.780630084360098,-2.906581184391513,UP,0.944406270980835,0.99772302865655,0.34201991887918937,LOW,STABLE,NORMAL,NO_ACTION,False,0.944406270980835
2026-08-12T00:43:08.682694,0.04918524960831099,1.4044683017966886,0.052873563218390804,True,9,0.13153815269470215,False,0.9917693138122559,-14.549085904218458,7.349526186542306,-2.437413365994672,UP,0.9917693138122559,0.8838701154651675,0.21981194174706598,LOW,STABLE,NORMAL,NO_ACTION,False,0.9917693138122559
2026-08-12T00:43:08.714699,0.09439083140737443,1.3621541700741284,0.054022988505747126,True,9,0.13153815269470215,False,1.0237743854522705,-12.904810700631117,9.434746747201416,-2.8477321909891486,UP,1.0237743854522705,0.9987699733153292,0.3463466558419152,LOW,STABLE,NORMAL,NO_ACTION,False,1.0237743854522705
2026-08-12T00:43:08.746821,0.08049225600822017,1.4433783837011034,0.05517241379310345,True,9,0.13153815269470215,False,1.055896282196045,-14.75328170446366,9.101331062648626,-3.342108881523444,UP,1.055896282196045,0.9978327412337106,0.3497538800417291,LOW,STABLE,NORMAL,NO_ACTION,False,1.055896282196045
2026-08-12T00:43:08.778201,0.06709606143539022,1.409516362623407,0.05625717566016074,True,9,0.13153815269470215,False,1.0872762203216553,-13.986140381125523,9.398541440716343,-3.681026982771982,UP,1.0872762203216553,0.9973065093449931,0.3509159661974682,MODERATE,STABLE,NORMAL,NO_ACTION,False,1.0872762203216553
2026-08-12T00:43:08.809713,0.07309640467606857,1.429906451859698,0.0574052812858783,True,9,0.13153815269470215,False,1.118788480758667,-14.360492349755134,7.4071131670853845,-2.8497095650316453,UP,1.118788480758667,0.9974369989926268,0.35040320292704674,MODERATE,STABLE,NORMAL,NO_ACTION,False,1.118788480758667
2026-08-12T00:43:08.841516,0.089945761270344,1.417243142404746,0.05855338691159587,True,9,0.13153815269470215,False,1.1505918502807617,-13.954534424729161,7.863744677579604,-2.7536851945722276,UP,1.1505918502807617,0.9978317499356997,0.3516277480053011,MODERATE,STABLE,NORMAL,NO_ACTION,False,1.1505918502807617
2026-08-12T00:43:08.875019,0.07564451620770155,1.4262854890593957,0.059770114942528735,True,9,0.13153815269470215,False,1.1840944290161133,-14.21925113886823,8.33119798799413,-2.853475569864429,UP,1.1840944290161133,0.9978066325874486,0.3537681384126588,MODERATE,STABLE,NORMAL,NO_ACTION,False,1.1840944290161133
2026-08-12T00:43:08.906533,0.05653981025961621,1.3800675739027826,0.06091954022988506,True,9,0.13153815269470215,False,1.2156083583831787,-14.537427499265533,6.81884547772907,-2.8648693385579236,UP,1.2156083583831787,0.9985653372556584,0.35435885125583133,MODERATE,STABLE,NORMAL,NO_ACTION,False,1.2156083583831787
2026-08-12T00:43:08.937769,0.09073828224882638,1.4189311329612817,0.06199770378874857,True,9,0.13153815269470215,False,1.24684476852417,-14.109025895502157,8.223810255002604,-2.8899077045180093,UP,1.24684476852417,0.9983321410965361,0.35633870195356865,MODERATE,STABLE,NORMAL,NO_ACTION,False,1.24684476852417
2026-08-12T00:43:08.970567,0.09002965668336999,1.404532250204052,0.06314580941446613,True,9,0.13153815269470215,False,1.2796425819396973,-13.854348649845491,8.124635811185357,-2.895836537751137,UP,1.2796425819396973,0.9975346016589507,0.35744877903944716,MODERATE,STABLE,NORMAL,NO_ACTION,False,1.2796425819396973
2026-08-12T00:43:09.036006,0.05449381767769704,1.4400914208073252,0.06444188722669736,True,9,0.13153815269470215,False,1.3450815677642822,-14.49876179241349,9.18980765626904,-3.311870175723328,UP,1.3450815677642822,0.9982010888203018,0.36207493017603753,MODERATE,STABLE,NORMAL,NO_ACTION,False,1.3450815677642822
2026-08-12T00:43:09.066988,0.07301312179317895,1.3997079857216925,0.06559263521288838,True,9,0.13153815269470215,False,1.376063585281372,-14.21652935332736,8.073748585992234,-2.7980869047295016,UP,1.376063585281372,0.9981167347179356,0.36184490795983454,MODERATE,STABLE,NORMAL,NO_ACTION,False,1.376063585281372
2026-08-12T00:43:09.098581,0.07441397422383852,1.4166965162870748,0.06666666666666667,True,9,0.13153815269470215,False,1.4076566696166992,-14.124285167444526,6.907338884745997,-2.8448239087361458,UP,1.4076566696166992,0.9983609557184501,0.36232771287721416,MODERATE,STABLE,NORMAL,NO_ACTION,False,1.4076566696166992
2026-08-12T00:43:09.127257,0.06387809633553997,1.3890942406282687,0.067816091954023,True,9,0.13153815269470215,False,1.4363327026367188,-14.418241098360113,8.564256378120803,-3.298504278374878,UP,1.4363327026367188,0.998368537808642,0.36548694967605283,MODERATE,STABLE,NORMAL,NO_ACTION,False,1.4363327026367188
2026-08-12T00:43:09.147291,0.06647667995406642,1.434615680500756,0.06896551724137931,True,9,0.13153815269470215,False,1.456367015838623,-13.758388704693687,5.587399422148167,-2.613941391898578,UP,1.456367015838623,0.998670682763203,0.3629105288805362,MODERATE,STABLE,NORMAL,NO_ACTION,False,1.456367015838623
2026-08-12T00:43:09.170174,0.08920833246204439,1.3884176121844223,0.07003444316877153,True,9,0.13153815269470215,False,1.4792497158050537,-13.942698170966366,10.017174613710125,-3.277365230149485,UP,1.4792497158050537,0.9981168552812072,0.36791773040326936,MODERATE,STABLE,NORMAL,NO_ACTION,False,1.4792497158050537
2026-08-12T00:43:09.210610,0.1025486311614127,1.3783630803900242,0.0711825487944891,True,9,0.13153815269470215,True,1.5196852684020996,-13.549051930712864,6.268496724415229,-2.42121615582883,UP,1.5196852684020996,0.9975661088605967,0.4569401687117792,MODERATE,STABLE,HIGH,STRONG_WARNING,True,1.5196852684020996
2026-08-12T00:43:10.105631,0.06300570256678731,1.3447247787512693,0.07411764705882352,True,9,0.13153815269470215,True,2.4147067070007324,-11.30372409148606,8.321078096741815,-3.1150196566144643,UP,2.4147067070007324,0.9987518352409123,0.5494140767729304,MODERATE,INCREASING,HIGH,STRONG_WARNING,False,2.4147067070007324
2026-08-12T00:43:10.130905,0.048034502400650915,1.3214750815963308,0.07520564042303172,True,9,0.13153815269470215,True,2.439980983734131,-12.636927598783956,8.69976263423888,-2.9495265779400768,UP,2.439980983734131,0.8844665549829757,0.46836155752119524,MODERATE,INCREASING,HIGH,STRONG_WARNING,False,2.439980983734131
2026-08-12T00:43:10.153905,0.11393073169032185,1.3482985417375473,0.07638072855464159,True,9,0.13153815269470215,True,2.4629809856414795,-12.156726805153994,7.492240186785381,-2.5756589542615416,UP,2.4629809856414795,0.9990348106352881,0.5541058393824758,HIGH,INCREASING,HIGH,STRONG_WARNING,False,2.4629809856414795
2026-08-12T00:43:10.176898,0.06371933438369119,1.3364388633899986,0.07746478873239436,True,9,0.13153815269470215,True,2.485974073410034,-12.441099202113236,7.661909927784052,-2.811783619899643,UP,2.485974073410034,0.9987263963906036,0.5571055504362267,HIGH,INCREASING,HIGH,STRONG_WARNING,False,2.485974073410034
2026-08-12T00:43:10.209196,0.056909648187430724,1.3612323660522276,0.07863849765258216,True,9,0.13153815269470215,True,2.5182714462280273,-12.336740310086697,9.7415602784302,-3.3661130262832444,UP,2.5182714462280273,0.998798010973937,0.5623782202648594,HIGH,INCREASING,HIGH,STRONG_WARNING,False,2.5182714462280273
2026-08-12T00:43:10.235855,0.07785942055525125,1.3219401153137422,0.07981220657276995,True,9,0.13153815269470215,True,2.5449306964874268,-12.430481598227942,8.818225258486365,-3.3967848885026797,UP,2.5449306964874268,0.9981757705332648,0.5645859616442741,HIGH,INCREASING,HIGH,STRONG_WARNING,False,2.5449306964874268
2026-08-12T00:43:10.266620,0.06577911267465247,1.2949283487910532,0.08089097303634232,True,9,0.13153815269470215,True,2.5756959915161133,-12.721695418763716,9.264787180679747,-3.139317836124519,UP,2.5756959915161133,0.9985078285751028,0.5681200559622336,HIGH,INCREASING,HIGH,STRONG_WARNING,False,2.5756959915161133
2026-08-12T00:43:10.299270,0.05901105738114509,1.318653247503813,0.08206330597889801,True,9,0.13153815269470215,True,2.6083457469940186,-12.266884234632727,10.46669428596428,-3.703659121251718,UP,2.6083457469940186,0.999112707904664,0.5724673814793559,HIGH,INCREASING,HIGH,STRONG_WARNING,False,2.6083457469940186
2026-08-12T00:43:10.333976,0.03220513747808793,1.290677175744366,0.08323563892145369,True,9,0.13153815269470215,True,2.6430513858795166,-12.77826920943943,7.918638262336714,-3.0306727414667307,UP,2.6430513858795166,0.8846186637302812,0.49292589521353514,MODERATE,INCREASING,HIGH,STRONG_WARNING,False,2.6430513858795166
2026-08-12T00:43:10.362000,0.05804739419337141,1.3395880579050963,0.08430913348946135,True,9,0.13153815269470215,True,2.6710751056671143,-11.91740209500125,7.883718113092357,-2.661908808202128,UP,2.6710751056671143,0.998461411715535,0.5757442270925865,HIGH,INCREASING,HIGH,STRONG_WARNING,False,2.6710751056671143
2026-08-12T00:43:10.395169,0.04006863219126498,1.2900953315184445,0.08548009367681499,True,9,0.13153815269470215,True,2.704244613647461,-12.997194258198505,6.953110069770645,-2.1714195947596977,UP,2.704244613647461,0.8845935218866353,0.49888942145563747,MODERATE,INCREASING,HIGH,STRONG_WARNING,False,2.704244613647461
2026-08-12T00:43:10.425973,0.10711044581778284,1.3781795572054163,0.08654970760233918,True,9,0.13153815269470215,True,2.735048294067383,-11.787274967463503,8.529197202257194,-2.879880694072,UP,2.735048294067383,0.9979415294924554,0.5829055604848865,HIGH,INCREASING,HIGH,STRONG_WARNING,False,2.735048294067383
2026-08-12T00:43:10.458016,0.08556261786395702,1.281899359899879,0.08771929824561403,True,9,0.13153815269470215,True,2.7670915126800537,-11.857490289403216,8.314268470344018,-2.9270355098018968,UP,2.7670915126800537,0.9982511761616941,0.5861744898640145,HIGH,INCREASING,HIGH,STRONG_WARNING,False,2.7670915126800537
2026-08-12T00:43:10.494355,0.10194305961383082,1.2920671436935809,0.08888888888888889,True,9,0.13153815269470215,True,2.8034303188323975,-12.68331801261985,9.02518826184513,-2.9221671388355617,UP,2.8034303188323975,0.9995381622942386,0.5912334953550448,HIGH,INCREASING,HIGH,STRONG_WARNING,False,2.8034303188323975
2026-08-12T00:43:10.528939,0.08384442172634636,1.294256577382598,0.09005847953216374,True,9,0.13153815269470215,True,2.838015079498291,-11.669360238585938,8.668732227579312,-3.0478894314490788,UP,2.838015079498291,0.998937757201646,0.5936944756169977,HIGH,INCREASING,HIGH,STRONG_WARNING,False,2.838015079498291
2026-08-12T00:43:10.564528,0.09128148228798758,1.3170879670346898,0.0911214953271028,True,9,0.13153815269470215,True,2.873603582382202,-11.293803550959495,10.32114342866214,-3.374761744033975,UP,2.873603582382202,0.9981684831532922,0.5985184810879661,HIGH,INCREASING,HIGH,STRONG_WARNING,False,2.873603582382202
2026-08-12T00:43:10.592442,0.09490931026738633,1.3077236813001443,0.09228971962616822,True,9,0.13153815269470215,True,2.901517629623413,-12.11804912087527,5.548723345353551,-2.171574989031626,UP,2.901517629623413,0.9985853507587448,0.5975912784718999,HIGH,INCREASING,HIGH,STRONG_WARNING,False,2.901517629623413
2026-08-12T00:43:10.622170,0.049502300098167605,1.3750438054930476,0.09345794392523364,True,9,0.13153815269470215,True,2.931245803833008,-11.922235283154691,10.393299431824602,-2.889185048926521,UP,2.931245803833008,0.8840852627284196,0.5293625247023273,MODERATE,INCREASING,HIGH,STRONG_WARNING,False,2.931245803833008
2026-08-12T00:43:10.650249,0.03429787659710087,1.448883220630037,0.09462616822429906,True,9,0.13153815269470215,True,2.959324836730957,-13.189898657215736,10.813954247360158,-3.212661488407406,UP,2.959324836730957,0.8838205911351167,0.5350024235489019,MODERATE,INCREASING,HIGH,STRONG_WARNING,False,2.959324836730957
2026-08-12T00:43:10.681829,0.03587051035700721,1.3754065668852677,0.09579439252336448,True,9,0.13153815269470215,True,2.9909045696258545,-13.994275969229733,11.798518455401592,-3.186552162516392,UP,2.9909045696258545,0.8843632823982217,0.5406259431464666,MODERATE,INCREASING,HIGH,STRONG_WARNING,False,2.9909045696258545
2026-08-12T00:43:10.715126,0.09025198770927198,1.3994607909961423,0.0969626168224299,True,9,0.13153815269470215,True,3.0242016315460205,-13.111797774178001,12.909291135786589,-3.173324810321134,UP,3.0242016315460205,0.9985351294581619,0.6150053468275858,HIGH,INCREASING,HIGH,STRONG_WARNING,False,3.0242016315460205
2026-08-12T00:43:10.747500,0.2040194730940942,1.3637745209574088,0.09801633605600933,True,9,0.13153815269470215,True,3.0565757751464844,-13.590575772442747,11.473578362319046,-2.692320224172022,UP,3.0565757751464844,0.9978675706232855,0.5419403349107338,MODERATE,INCREASING,HIGH,STRONG_WARNING,False,3.0565757751464844
2026-08-12T00:43:10.794355,0.3086002505377109,1.3111932909794224,0.09801633605600933,False,9,3.10343074798584,False,0.0,-11.598434800973564,21.039301807170233,-4.446357215169627,UP,3.10343074798584,0.9268608079805996,0.2923391580887169,LOW,INCREASING,HIGH,STRONG_WARNING,False,0.0
2026-08-12T00:43:10.827679,0.3280373685188811,1.2460229280169197,0.09801633605600933,False,9,3.10343074798584,False,0.0,-10.293868013724648,20.5228484743443,-4.030277898914363,UP,3.1367545127868652,0.9277753282382912,0.2902246658556454,LOW,INCREASING,HIGH,STRONG_WARNING,False,0.0
2026-08-12T00:43:10.859331,0.36353336766288036,1.2211029152684103,0.09801633605600933,False,9,3.10343074798584,False,0.0,-10.590225415693482,3.815375095891085,-0.1349590007766608,UP,3.1684067249298096,0.9277344037055409,0.2740453167128897,LOW,INCREASING,HIGH,STRONG_WARNING,False,0.0
2026-08-12T00:43:10.890023,0.3819858110529919,1.1959270727566038,0.09801633605600933,False,9,3.10343074798584,False,0.0,-12.226199942265282,5.596585325726323,-0.6820513723040733,CENTER,0.0,0.9285449457962841,0.14215848564932354,NORMAL,INCREASING,HIGH,STRONG_WARNING,False,0.0
2026-08-12T00:43:10.921678,0.40638714402902165,1.1442567153832535,0.09801633605600933,False,9,3.10343074798584,False,0.0,-9.665289320054,20.915386063610043,-3.7568734430691393,CENTER,0.0,0.928207685353591,0.15419854398462954,NORMAL,INCREASING,HIGH,STRONG_WARNING,False,0.0
2026-08-12T00:43:10.956712,0.42170505971466155,1.0757866140332308,0.09801633605600933,False,9,3.10343074798584,False,0.0,-8.937857249538524,20.952793414917295,-3.4700476488021366,CENTER,0.0,0.9283095240008941,0.1532092977989099,NORMAL,INCREASING,HIGH,STRONG_WARNING,False,0.0
2026-08-12T00:43:10.986729,0.42843299368555743,1.05734569713765,0.09801633605600933,False,9,3.10343074798584,False,0.0,-7.488502347702422,11.440052845717759,-1.669150052969286,CENTER,0.0,0.9285544990002815,0.14279243799803087,NORMAL,INCREASING,HIGH,STRONG_WARNING,False,0.0
2026-08-12T00:43:11.017980,0.4326115779973863,0.9875021450021654,0.0979020979020979,False,9,3.10343074798584,False,0.0,-7.627596754304136,7.981511798163837,-1.0619832038456138,CENTER,0.0,0.9283232940488438,0.1397210092197565,NORMAL,INCREASING,HIGH,STRONG_WARNING,False,0.0
2026-08-12T00:43:11.050835,0.4190584735140787,0.9389562933617643,0.0979020979020979,False,9,3.10343074798584,False,0.0,-6.660205886587761,13.44350817245703,-1.8982580628087362,CENTER,0.0,0.9282114170739028,0.14369862932280944,NORMAL,INCREASING,HIGH,STRONG_WARNING,False,0.0
2026-08-12T00:43:11.081820,0.4615012305344627,0.7300706185647925,0.0979020979020979,False,9,3.10343074798584,False,0.0,-4.255631259017889,-18.840267965158915,3.2026595987791495,CENTER,0.0,0.927792133418761,0.1466551229792948,NORMAL,INCREASING,HIGH,STRONG_WARNING,False,0.0
2026-08-12T00:43:11.114532,0.5047736144523232,0.5898032979978345,0.0979020979020979,False,9,3.10343074798584,False,0.0,-2.4545569702274577,-13.398837900792216,1.9906595153889555,CENTER,0.0,0.9273458694257668,0.09574810095986809,NORMAL,INCREASING,HIGH,STRONG_WARNING,False,0.0
2026-08-12T00:43:11.146010,0.534030027377307,0.40779485406802235,0.0979020979020979,False,9,3.10343074798584,False,0.0,-3.3995600031863944,-9.994343876870232,1.7209198424718295,CENTER,0.0,0.9268600989537406,0.055945771356227,NORMAL,STABLE,HIGH,STRONG_WARNING,False,0.0
2026-08-12T00:43:11.178851,0.5641248384915827,0.37717446599383,0.0979020979020979,False,9,3.10343074798584,False,0.0,-1.8159012387162647,-4.590785180529053,1.1630009534407293,CENTER,0.0,0.9270525188920733,0.048108478704336356,NORMAL,STABLE,HIGH,STRONG_WARNING,False,0.0
2026-08-12T00:43:11.216897,0.5841379262937904,0.31397374277500323,0.0979020979020979,False,9,3.10343074798584,False,0.0,-0.8208368197724099,-14.113237782824541,2.395761144754033,CENTER,0.0,0.9271116790980793,0.05551079027171165,NORMAL,STABLE,HIGH,STRONG_WARNING,False,0.0
2026-08-12T00:43:11.248877,0.5515428425860249,0.2279937061203261,0.0979020979020979,False,9,3.10343074798584,False,0.0,0.2672293726278667,-13.168999422577258,2.4583983281087853,CENTER,0.0,0.9262378221527167,0.05430794016047104,NORMAL,STABLE,HIGH,STRONG_WARNING,False,0.0
2026-08-12T00:43:11.280983,0.5853035040870118,0.1782231253276461,0.0979020979020979,False,9,3.10343074798584,False,0.0,0.5474620900893399,-11.03818986128951,2.3719586001025164,CENTER,0.0,0.9253170699221046,0.05289929167593108,NORMAL,STABLE,HIGH,STRONG_WARNING,False,0.0
2026-08-12T00:43:11.322301,0.5856840930227556,0.15538849323674656,0.0979020979020979,False,9,3.10343074798584,False,0.0,2.0927161915850263,-14.554189589991466,2.335242391011178,CENTER,0.0,0.9249941641635433,0.05705762423427218,NORMAL,STABLE,HIGH,STRONG_WARNING,False,0.0
2026-08-12T00:43:11.357764,0.5970122067066326,0.16707318815866784,0.0979020979020979,False,9,3.10343074798584,False,0.0,1.9478976679157824,-14.69645181157344,2.4961176016845172,CENTER,0.0,0.9252825390701549,0.0571807564558368,NORMAL,STABLE,HIGH,STRONG_WARNING,False,0.0
2026-08-12T00:43:11.386972,0.5716227650120712,0.145995942068012,0.0979020979020979,False,9,3.10343074798584,False,0.0,1.6463719798022112,-15.205405342452252,2.468364200018925,CENTER,0.0,0.9252477221196477,0.05723335435390309,NORMAL,STABLE,HIGH,STRONG_WARNING,False,0.0
2026-08-12T00:43:11.423234,0.5645875785909025,0.15257015509252217,0.09801633605600933,False,9,3.10343074798584,False,0.0,1.809725644587047,-10.404393583923593,2.2520629942175674,CENTER,0.0,0.9258748252789414,0.05356837112250887,NORMAL,STABLE,HIGH,STRONG_WARNING,False,0.0
2026-08-12T00:43:11.450556,0.5816713031375453,0.15395370441346773,0.09801633605600933,False,9,3.10343074798584,False,0.0,2.040419707850475,-12.729452887154054,2.327896109212105,CENTER,0.0,0.9256870948691335,0.055625020931447965,NORMAL,STABLE,HIGH,STRONG_WARNING,False,0.0
2026-08-12T00:43:11.482652,0.5764060246916907,0.15187642960896366,0.09801633605600933,False,9,3.10343074798584,False,0.0,1.9924950454026202,-11.820829106459541,2.5243783206377373,CENTER,0.0,0.9251112779859886,0.05509046586006985,NORMAL,STABLE,HIGH,STRONG_WARNING,False,0.0
2026-08-12T00:43:11.514040,0.5686715307910126,0.13566419848770211,0.0979020979020979,False,9,3.10343074798584,False,0.0,2.7127852566254944,-11.86207969107275,2.1462908153662283,CENTER,0.0,0.924956871838563,0.0554647581731367,NORMAL,STABLE,HIGH,STRONG_WARNING,False,0.0
2026-08-12T00:43:11.545923,0.5598405375767894,0.1396887280071734,0.0979020979020979,False,9,3.10343074798584,False,0.0,2.5693986610376385,-14.478816489221117,2.372457315407928,CENTER,0.0,0.9250755903007423,0.05751640343084091,NORMAL,STABLE,HIGH,STRONG_WARNING,False,0.0
2026-08-12T00:43:11.579131,0.49239992220746187,0.13088029029164716,0.09568261376896149,False,9,3.10343074798584,False,0.0,3.057689726154223,-9.723476762376634,2.3901204379482976,CENTER,0.0,0.9247485298935675,0.05444640667951427,NORMAL,STABLE,HIGH,STRONG_WARNING,False,0.0
2026-08-12T00:43:11.612450,0.45555931519312787,0.11232893919301923,0.09568261376896149,False,9,3.10343074798584,False,0.0,2.4874376980901616,-12.341269409117103,2.8632982863877317,CENTER,0.0,0.9250150742363561,0.05631843707848027,NORMAL,STABLE,HIGH,STRONG_WARNING,False,0.0
2026-08-12T00:43:11.644357,0.4694363770744283,0.1189354642735841,0.09568261376896149,False,9,3.10343074798584,False,0.0,2.6549142656377,-12.938600790298409,3.1719405705215706,CENTER,0.0,0.9253279292282114,0.057245406680206785,NORMAL,STABLE,HIGH,STRONG_WARNING,False,0.0
2026-08-12T00:43:11.679837,0.4471027757303887,0.13763568846363536,0.09568261376896149,False,9,3.10343074798584,False,0.0,2.9889195284757477,-14.488770534182493,3.275971506546142,CENTER,0.0,0.925549344633365,0.05885101050644782,NORMAL,STABLE,HIGH,STRONG_WARNING,False,0.0
2026-08-12T00:43:11.713359,0.38655040953440223,0.10220449219287923,0.09568261376896149,False,9,3.10343074798584,False,0.0,2.041880325887689,-13.995784493236584,3.0073887279405653,CENTER,0.0,0.9248597724760556,0.05726075590345864,NORMAL,STABLE,HIGH,STRONG_WARNING,False,0.0
2026-08-12T00:43:11.750063,0.080176522831838,0.17626825743754876,0.09684947491248541,True,9,3.10343074798584,False,0.0,0.25483210731206896,-7.861686764273742,2.0516468461609065,UP,0.0,0.9243758429860497,0.28531139447120507,LOW,STABLE,HIGH,STRONG_WARNING,False,0.0
2026-08-12T00:43:11.785684,0.06509619854068832,0.13558363227887543,0.09801633605600933,True,9,3.10343074798584,False,0.035620927810668945,0.2316649874167922,-7.75225463791034,2.2189965502255973,UP,0.035620927810668945,0.9247645514127719,0.28537369465347046,LOW,STABLE,HIGH,STRONG_WARNING,False,0.035620927810668945
2026-08-12T00:43:11.819803,0.0852878764331965,0.12135122843444711,0.09929906542056074,True,9,3.10343074798584,False,0.06973958015441895,1.1897986964561085,-9.634338874807781,2.2618505111336447,UP,0.06973958015441895,0.9250781029924185,0.2877936916456823,LOW,STABLE,HIGH,STRONG_WARNING,False,0.06973958015441895
2026-08-12T00:43:11.851418,0.23054465205851318,0.16731972598186234,0.09929906542056074,False,10,0.10135436058044434,False,0.0,1.239507552988357,-12.099619653922758,2.55582271120727,UP,0.10135436058044434,0.9966460369513032,0.13100050725978168,NORMAL,STABLE,HIGH,STRONG_WARNING,False,0.0
2026-08-12T00:43:11.883218,0.35847137228466286,0.10861352697174732,0.09929906542056074,False,10,0.10135436058044434,False,0.0,1.4655405392053353,-11.975746858957649,3.1278047623188456,UP,0.13315463066101074,0.996730886702675,0.03907237191071493,NORMAL,STABLE,HIGH,STRONG_WARNING,False,0.0
2026-08-12T00:43:11.922884,0.4057267244100226,0.15022016169555308,0.09929906542056074,False,10,0.10135436058044434,False,0.0,2.152003851224862,-14.822210556500892,3.79933434509897,UP,0.1728205680847168,0.9965669340492113,0.04243584810948841,NORMAL,STABLE,HIGH,STRONG_WARNING,False,0.0
2026-08-12T00:43:11.954715,0.45080689634900745,0.08592198379393294,0.09929906542056074,False,10,0.10135436058044434,False,0.0,1.9377145205552893,-16.575218717798606,3.7152041332660986,UP,0.2046513557434082,0.9961668113425927,0.04341454259246033,NORMAL,STABLE,HIGH,STRONG_WARNING,False,0.0
2026-08-12T00:43:12.018718,0.46533888731900686,0.09978165160949286,0.09941520467836257,False,10,0.10135436058044434,False,0.0,2.400729705023622,-17.21256770947278,3.9187911808728586,CENTER,0.0,0.9961120086376887,0.018516763458075097,NORMAL,STABLE,HIGH,STRONG_WARNING,False,0.0
2026-08-12T00:43:12.058536,0.4555113448653944,0.13461821448671138,0.09953161592505855,False,10,0.10135436058044434,False,0.0,1.921469058786471,-14.617329283753094,3.8584324003016945,CENTER,0.0,0.9963771942515433,0.016122791072943617,NORMAL,STABLE,HIGH,STRONG_WARNING,False,0.0
2026-08-12T00:43:12.110208,0.4721796131068941,0.11104806344292328,0.09964830011723329,False,10,0.10135436058044434,False,0.0,1.9850267701126256,-17.062434160946623,3.9387742447130734,CENTER,0.0,0.9963853389703361,0.018027270093478792,NORMAL,STABLE,HIGH,STRONG_WARNING,False,0.0
2026-08-12T00:43:12.162497,0.4887089510739418,0.16050574860908054,0.09964830011723329,False,10,0.10135436058044434,False,0.0,1.9443065923276492,-16.732263131237147,4.148630734174645,CENTER,0.0,0.9963604761445473,0.017951685242525335,NORMAL,STABLE,HIGH,STRONG_WARNING,False,0.0
2026-08-12T00:43:12.210610,0.4781994217798148,0.1180141952164352,0.09976525821596244,False,10,0.10135436058044434,False,0.0,1.892444980117773,-15.18707549872255,3.8227345179341796,CENTER,0.0,0.995239184134945,0.01647194959905335,NORMAL,STABLE,HIGH,STRONG_WARNING,False,0.0
2026-08-12T00:43:12.270723,0.450666634585044,0.12422387772648458,0.099882491186839,False,10,0.10135436058044434,False,0.0,2.4191508472293037,-16.1843167163712,3.4586619671258347,CENTER,0.0,0.9953869679140945,0.01734878922749896,NORMAL,STABLE,HIGH,STRONG_WARNING,False,0.0
2026-08-12T00:43:12.320319,0.4710076177136405,0.10365405604350489,0.099882491186839,False,10,0.10135436058044434,False,0.0,2.325387090668414,-15.53505674672897,3.6583935403214696,CENTER,0.0,0.9952965186685528,0.01698192233210933,NORMAL,STABLE,HIGH,STRONG_WARNING,False,0.0
2026-08-12T00:43:12.370183,0.48364807359614603,0.09570172380300354,0.099882491186839,False,10,0.10135436058044434,False,0.0,2.586067475152362,-16.32168424656902,3.4894554189148437,CENTER,0.0,0.9960675609782237,0.017638386594586785,NORMAL,STABLE,HIGH,STRONG_WARNING,False,0.0
2026-08-12T00:43:12.410891,0.4855752025565309,0.1345959042771892,0.1,False,10,0.10135436058044434,False,0.0,2.6227723023939973,-17.0863157053424,3.5076935309244845,CENTER,0.0,0.996119671103395,0.018243528441498423,NORMAL,STABLE,HIGH,STRONG_WARNING,False,0.0
2026-08-12T00:43:12.451463,0.4754549688554987,0.12064708651460072,0.1,False,10,0.10135436058044434,False,0.0,2.0849173205568547,-17.0411676070826,3.973047847843219,CENTER,0.0,0.9950771470979081,0.018141106026537505,NORMAL,STABLE,HIGH,STRONG_WARNING,False,0.0
2026-08-12T00:43:12.510013,0.5067701918949582,0.1247214893368137,0.10011778563015312,False,10,0.10135436058044434,False,0.0,2.587515383193022,-17.517396497171717,4.131656363011189,CENTER,0.0,0.9958945124957133,0.019180659374193523,NORMAL,STABLE,HIGH,STRONG_WARNING,False,0.0
2026-08-12T00:43:12.550605,0.4855790081006628,0.09400781569109533,0.0989399293286219,False,10,0.10135436058044434,False,0.0,2.3510618553014524,-17.632673329425216,3.4336073832211866,CENTER,0.0,0.9962038108710561,0.01830513074538446,NORMAL,STABLE,HIGH,STRONG_WARNING,False,0.0
2026-08-12T00:43:12.592315,0.48687433367953237,0.11312416987490809,0.0977620730270907,False,10,0.10135436058044434,False,0.0,1.8718166618929217,-14.476035661462248,3.6351812439647517,CENTER,0.0,0.9954101294581619,0.01575794966484494,NORMAL,STABLE,HIGH,STRONG_WARNING,False,0.0
2026-08-12T00:43:12.634650,0.5068312710013618,0.1563179171086216,0.0976470588235294,False,10,0.10135436058044434,False,0.0,2.6668819755371658,-17.53694120196502,3.8519858988004785,CENTER,0.0,0.9962787878300754,0.018942996969299877,NORMAL,STABLE,HIGH,STRONG_WARNING,False,0.0
2026-08-12T00:43:12.679097,0.5054362307399588,0.1260570481896908,0.0977620730270907,False,10,0.10135436058044434,False,0.0,2.470778084784996,-16.759337159264078,3.774044551339557,CENTER,0.0,0.9962837443201302,0.01811749863499585,NORMAL,STABLE,HIGH,STRONG_WARNING,False,0.0
2026-08-12T00:43:12.721283,0.5027234191335177,0.14203174243976965,0.0977620730270907,False,10,0.10135436058044434,False,0.0,2.2882402264434063,-16.66862446724528,3.6499943235272383,CENTER,0.0,0.9959356111754115,0.01775675094113036,NORMAL,STABLE,HIGH,STRONG_WARNING,False,0.0
2026-08-12T00:43:12.754076,0.48702548456558337,0.11843389616267748,0.09787735849056604,False,10,0.10135436058044434,False,0.0,2.468787204475916,-18.54358545984627,3.9453250724960185,CENTER,0.0,0.9965148507158779,0.019569142061787875,NORMAL,STABLE,HIGH,STRONG_WARNING,False,0.0
2026-08-12T00:43:12.795578,0.4884418407769455,0.1590422529845498,0.09787735849056604,False,10,0.10135436058044434,False,0.0,2.5632087435452604,-16.494843537383787,3.774828335289186,CENTER,0.0,0.9959033270104595,0.01801623751958072,NORMAL,STABLE,HIGH,STRONG_WARNING,False,0.0
2026-08-12T00:43:12.838757,0.4981971522643561,0.12395013021021878,0.09787735849056604,False,10,0.10135436058044434,False,0.0,2.6630866222651264,-17.50889039227806,4.136417902418003,CENTER,0.0,0.9956169624485597,0.019192980751525316,NORMAL,STABLE,HIGH,STRONG_WARNING,False,0.0
2026-08-12T00:43:12.875818,0.5051600418347684,0.11182350865399697,0.09799291617473435,False,10,0.10135436058044434,False,0.0,2.559888897119265,-17.932548264818593,4.232759642886776,CENTER,0.0,0.9955740955075446,0.019492353822374797,NORMAL,STABLE,HIGH,STRONG_WARNING,False,0.0
2026-08-12T00:43:12.913346,0.471782940072321,0.1315666620587678,0.09799291617473435,False,10,0.10135436058044434,False,0.0,1.5665517043171349,-16.664857663773688,3.626271572034682,CENTER,0.0,0.9962293970764746,0.01703622702328645,NORMAL,STABLE,HIGH,STRONG_WARNING,False,0.0
2026-08-12T00:43:12.952411,0.46470022551776824,0.13023370826324562,0.09681227863046045,False,10,0.10135436058044434,False,0.0,1.639993864905648,-17.3168292040003,3.795108384332849,CENTER,0.0,0.9964490365655007,0.017740401035489142,NORMAL,STABLE,HIGH,STRONG_WARNING,False,0.0
2026-08-12T00:43:12.996276,0.4644292907876142,0.1234031052225763,0.09563164108618655,False,10,0.10135436058044434,False,0.0,1.3903685253308709,-17.911318496307217,3.6542616077704793,CENTER,0.0,0.9962876291366598,0.017793744227356512,NORMAL,STABLE,HIGH,STRONG_WARNING,False,0.0
2026-08-12T00:43:13.031610,0.4765215368390675,0.15995044475424708,0.09551886792452831,False,10,0.10135436058044434,False,0.0,1.1618649227567062,-16.85412715857811,3.9927441125796577,CENTER,0.0,0.9960779428155007,0.017136122759667357,NORMAL,STABLE,HIGH,STRONG_WARNING,False,0.0
2026-08-12T00:43:13.073230,0.4820659504725078,0.16824049136345723,0.09563164108618655,False,10,0.10135436058044434,False,0.0,1.1491168597156047,-17.269946210622777,3.9906189691560883,CENTER,0.0,0.9960390812542868,0.017422114172511414,NORMAL,STABLE,HIGH,STRONG_WARNING,False,0.0
2026-08-12T00:43:13.117722,0.4653989258923396,0.18222095613977693,0.09563164108618655,False,10,0.10135436058044434,False,0.0,1.1946894912756534,-17.483594358548174,3.8924736841895253,CENTER,0.0,0.9960541248713991,0.017525790094584593,NORMAL,STABLE,HIGH,STRONG_WARNING,False,0.0
2026-08-12T00:43:13.164615,0.08410713337020274,0.18510117611319263,0.09692671394799054,True,10,0.10135436058044434,False,0.0,0.9900311234227672,-12.303718974860061,3.4024594160221113,UP,0.0,0.9956737343535667,0.2391158249642718,LOW,STABLE,HIGH,STRONG_WARNING,False,0.0
2026-08-12T00:43:13.207187,0.1282215626924526,0.12115437689867775,0.09810874704491726,True,10,0.10135436058044434,False,0.042571306228637695,-0.5251490588612455,-11.885202805475558,3.2612449113462105,UP,0.042571306228637695,0.996179858967764,0.23822991473822844,LOW,STABLE,HIGH,STRONG_WARNING,False,0.042571306228637695
2026-08-12T00:43:13.242416,0.24847421014202242,0.1994204763905778,0.09810874704491726,False,11,0.07780075073242188,False,0.0,0.24851047361241285,-15.56218513549726,3.2796764370089306,UP,0.07780075073242188,0.9963513535236626,0.10933792239650164,NORMAL,STABLE,HIGH,STRONG_WARNING,False,0.0
2026-08-12T00:43:13.282136,0.34867757163468316,0.18170199580492033,0.09822485207100591,False,11,0.07780075073242188,False,0.0,0.8520535196027481,-15.47659997292044,3.5565849376549465,UP,0.11752080917358398,0.9967535392018176,0.04142289997632032,NORMAL,STABLE,HIGH,STRONG_WARNING,False,0.0
2026-08-12T00:43:13.320998,0.3725243094090135,0.09898686194283114,0.09822485207100591,False,11,0.07780075073242188,False,0.0,0.7005230519787631,-15.758832508055235,3.5424642800406048,UP,0.15638256072998047,0.9969594478737996,0.04146721868665113,NORMAL,STABLE,HIGH,STRONG_WARNING,False,0.0
2026-08-12T00:43:13.356066,0.39049284787731653,0.07407494444243184,0.09822485207100591,False,11,0.07780075073242188,False,0.0,1.1579226132663791,-14.683233161248125,3.7548345743537084,UP,0.1914510726928711,0.9965269472307956,0.04133536050083188,NORMAL,STABLE,HIGH,STRONG_WARNING,False,0.0
2026-08-12T00:43:13.420707,0.38535516503536504,0.0827408251978621,0.09822485207100591,False,11,0.07780075073242188,False,0.0,1.057536131989309,-15.500168039986818,3.7059635019757877,UP,0.2560915946960449,0.9965062371399177,0.041781639528253166,NORMAL,STABLE,HIGH,STRONG_WARNING,False,0.0
2026-08-12T00:43:13.456305,0.3953317292395203,0.17517966671135196,0.09822485207100591,False,11,0.07780075073242188,False,0.0,0.506330341690358,-16.879063021307815,3.6934569851545405,UP,0.291689395904541,0.9955049591692386,0.042234674052350735,NORMAL,STABLE,HIGH,STRONG_WARNING,False,0.0
2026-08-12T00:43:13.496527,0.40280379042573966,0.17421038914184925,0.09822485207100591,False,11,0.07780075073242188,False,0.0,0.7185691791503643,-15.7800973625356,3.4666099472817677,UP,0.3319118022918701,0.9969622476208848,0.04142690947617332,NORMAL,STABLE,HIGH,STRONG_WARNING,False,0.0
2026-08-12T00:43:13.525821,0.4144289238677828,0.14478747747055856,0.09822485207100591,False,11,0.07780075073242188,False,0.0,1.0718956559485946,-16.799329794005473,3.604634758569574,UP,0.3612053394317627,0.9971385245198903,0.04263617488002145,NORMAL,STABLE,HIGH,STRONG_WARNING,False,0.0
2026-08-12T00:43:13.561110,0.42609884171601486,0.15671781222446787,0.09822485207100591,False,11,0.07780075073242188,False,0.0,1.3980185214426797,-16.03458866517579,3.8800434395659806,UP,0.39649510383605957,0.9974085996442044,0.04266311444285752,NORMAL,STABLE,HIGH,STRONG_WARNING,False,0.0
2026-08-12T00:43:13.597005,0.4357564642823033,0.1417881329347642,0.09834123222748815,False,11,0.07780075073242188,False,0.0,1.2747459063388362,-16.491373019058898,3.6502781347942914,UP,0.432389497756958,0.9973842726551782,0.0426530518126337,NORMAL,STABLE,HIGH,STRONG_WARNING,False,0.0
2026-08-12T00:43:13.632946,0.43279703907544337,0.16912486491022563,0.09834123222748815,False,11,0.07780075073242188,False,0.0,0.6091391931400096,-15.722453708185384,3.6265609775365135,CENTER,0.0,0.9966661710176611,0.01543392784248906,NORMAL,STABLE,HIGH,STRONG_WARNING,False,0.0
2026-08-12T00:43:13.673438,0.4135199718231354,0.17851016167133255,0.09834123222748815,False,11,0.07780075073242188,False,0.0,0.8927849558004652,-14.891684496836689,3.7096271085972603,UP,0.0,0.9964981995884773,0.04118705782824653,NORMAL,STABLE,HIGH,STRONG_WARNING,False,0.0
2026-08-12T00:43:13.720478,0.4416963102510052,0.14253570674465607,0.09834123222748815,False,11,0.07780075073242188,False,0.0,1.086588974601625,-16.13125860902312,3.983093164645396,CENTER,0.0,0.9974736368312758,0.016532269573939756,NORMAL,STABLE,HIGH,STRONG_WARNING,False,0.0
2026-08-12T00:43:13.750585,0.4247390130473069,0.17782580093909647,0.09834123222748815,False,11,0.07780075073242188,False,0.0,1.2223446508873508,-13.603078395887195,3.5125950666844687,CENTER,0.0,0.9977146696030521,0.014384017088024725,NORMAL,STABLE,HIGH,STRONG_WARNING,False,0.0
2026-08-12T00:43:13.796819,0.4473621991642879,0.18691157929485697,0.09845788849347568,False,11,0.07780075073242188,False,0.0,0.5987434572642769,-14.915215740820372,3.9374228899706623,CENTER,0.0,0.9948154310270919,0.015140260443485395,NORMAL,STABLE,HIGH,STRONG_WARNING,False,0.0
2026-08-12T00:43:13.826193,0.4348806840742939,0.17673803030111734,0.09845788849347568,False,11,0.07780075073242188,False,0.0,0.6295966057557507,-14.326516522762915,4.039623662993193,CENTER,0.0,0.9944683561599794,0.014843214784494421,NORMAL,STABLE,HIGH,STRONG_WARNING,False,0.0
2026-08-12T00:43:13.858376,0.4504809560376402,0.1882202253408051,0.09845788849347568,False,11,0.07780075073242188,False,0.0,0.14282509255482978,-12.951970329198957,3.995684021734178,CENTER,0.0,0.9946766627014748,0.01333943179225533,NORMAL,STABLE,HIGH,STRONG_WARNING,False,0.0
2026-08-12T00:43:13.895894,0.42083455977326756,0.19723624003287438,0.09834123222748815,False,11,0.07780075073242188,False,0.0,0.34461496877392506,-12.868653072812265,3.9382159592706785,CENTER,0.0,0.9955414898405349,0.013418234779592551,NORMAL,STABLE,HIGH,STRONG_WARNING,False,0.0
2026-08-12T00:43:13.927673,0.45166954894799294,0.2244734051930285,0.09834123222748815,False,11,0.07780075073242188,False,0.0,0.06501313530017683,-11.030878667145174,4.135137020905233,CENTER,0.0,0.9954551129543895,0.012011334743358207,NORMAL,STABLE,HIGH,STRONG_WARNING,False,0.0
2026-08-12T00:43:13.962378,0.4355309109169364,0.22647287667313676,0.09845788849347568,False,11,0.07780075073242188,False,0.0,0.025648223324509445,-13.48882178585626,4.131954430677098,CENTER,0.0,0.9962000064300411,0.013745544215860698,NORMAL,STABLE,HIGH,STRONG_WARNING,False,0.0
2026-08-12T00:43:13.993900,0.42993401937669207,0.2557469404975102,0.09845788849347568,False,11,0.07780075073242188,False,0.0,-1.4085413167948673,-11.521533027200093,4.331917753651737,CENTER,0.0,0.9961699727794924,0.013848956661556057,NORMAL,STABLE,HIGH,STRONG_WARNING,False,0.0
2026-08-12T00:43:14.026939,0.44792214729072005,0.25487110466213225,0.09845788849347568,False,11,0.07780075073242188,False,0.0,-1.8973489036658862,-11.709700368782904,4.4322613869784675,CENTER,0.0,0.9954834185313786,0.014552186101778513,NORMAL,STABLE,HIGH,STRONG_WARNING,False,0.0
2026-08-12T00:43:14.058182,0.43071164624107716,0.27752413643599205,0.09834123222748815,False,11,0.07780075073242188,False,0.0,-0.6736047250450952,-15.019907940728672,4.504376325944577,CENTER,0.0,0.9957178873028122,0.015833915265553354,NORMAL,STABLE,HIGH,STRONG_WARNING,False,0.0
2026-08-12T00:43:14.095744,0.4382482012263232,0.2636229675254301,0.09845788849347568,False,11,0.07780075073242188,False,0.0,-1.7375602614312982,-15.968805564218627,5.0735815973284275,CENTER,0.0,0.9960734685785323,0.018091903586296896,NORMAL,STABLE,HIGH,STRONG_WARNING,False,0.0
2026-08-12T00:43:14.128738,0.43613815605543615,0.3060538668682972,0.09845788849347568,False,11,0.07780075073242188,False,0.0,-2.121602054453689,-15.23671211173101,4.729162431637093,CENTER,0.0,0.9961708435142318,0.01760132454878204,NORMAL,STABLE,HIGH,STRONG_WARNING,False,0.0
2026-08-12T00:43:14.166561,0.44892479068242475,0.31353501302420833,0.09845788849347568,False,11,0.07780075073242188,False,0.0,-2.2088018496081077,-15.238946071784056,4.89627798844316,CENTER,0.0,0.9965786420824762,0.017847834229226745,NORMAL,STABLE,HIGH,STRONG_WARNING,False,0.0
2026-08-12T00:43:14.200775,0.43731058651100985,0.3270079479113052,0.09845788849347568,False,11,0.07780075073242188,False,0.0,-2.534285298922441,-12.844849656536269,4.439032492376327,CENTER,0.0,0.9967910611711248,0.01599188262504538,NORMAL,STABLE,HIGH,STRONG_WARNING,False,0.0
2026-08-12T00:43:14.230719,0.4159577797570289,0.38176063746606875,0.09845788849347568,False,11,0.07780075073242188,False,0.0,-2.53799821054983,-14.588356795894015,4.613994281358515,CENTER,0.0,0.9964354664994856,0.017423139344798156,NORMAL,STABLE,HIGH,STRONG_WARNING,True,0.0
2026-08-12T00:43:15.122168,0.4541207758481513,0.17126022072478275,0.10159118727050184,False,11,0.07780075073242188,False,0.0,-3.6082776606234575,-18.36705699872806,4.222691196816356,CENTER,0.0,0.9975008305469821,0.021601623330385452,NORMAL,STABLE,NORMAL,NO_ACTION,False,0.0
2026-08-12T00:43:15.148852,0.4573353613088329,0.11564359411245614,0.10159118727050184,False,11,0.07780075073242188,False,0.0,-2.922055296314227,-17.650136341665444,3.427916218697021,CENTER,0.0,0.9972298712920095,0.019657701711279382,NORMAL,STABLE,NORMAL,NO_ACTION,False,0.0
2026-08-12T00:43:15.174609,0.44924280419738516,0.05716136483710423,0.10146699266503667,False,11,0.07780075073242188,False,0.0,-4.834498249056736,-18.373055258883966,4.065002607981,CENTER,0.0,0.9973388470936214,0.022572814844785686,NORMAL,STABLE,NORMAL,NO_ACTION,False,0.0
2026-08-12T00:43:15.202465,0.44270105619190725,0.1384072252487504,0.10146699266503667,False,11,0.07780075073242188,False,0.0,-5.399805336402977,-17.18236842318393,3.5512312719855856,CENTER,0.0,0.9977586350094307,0.021762501372154974,NORMAL,STABLE,NORMAL,NO_ACTION,False,0.0
2026-08-12T00:43:15.232259,0.4380316640407146,0.015929468671076183,0.10146699266503667,False,11,0.07780075073242188,False,0.0,-5.5392896491580075,-16.466467574748265,3.6475470921492104,CENTER,0.0,0.9984746870713306,0.0214725286651694,NORMAL,STABLE,NORMAL,NO_ACTION,False,0.0
2026-08-12T00:43:15.267927,0.44087397494842895,0.05176089148944934,0.10146699266503667,False,11,0.07780075073242188,False,0.0,-5.300850754923204,-17.76600610748605,3.8254928495330205,CENTER,0.0,0.9981583022548012,0.022352831621845728,NORMAL,STABLE,NORMAL,NO_ACTION,False,0.0
2026-08-12T00:43:15.302541,0.42297469785731195,0.06181012387681416,0.10146699266503667,False,11,0.07780075073242188,False,0.0,-6.754792401841513,-17.382840462303164,3.779244374102234,CENTER,0.0,0.9988844682355966,0.023431657265460894,NORMAL,STABLE,NORMAL,NO_ACTION,False,0.0
2026-08-12T00:43:15.336937,0.42286674521029427,0.02556442174677999,0.10146699266503667,False,11,0.07780075073242188,False,0.0,-6.570081400633512,-15.74525227135507,3.7347382850083477,CENTER,0.0,0.9993732987182783,0.02202822711467064,NORMAL,STABLE,NORMAL,NO_ACTION,False,0.0
2026-08-12T00:43:15.365901,0.4698268091412515,0.005763386939176746,0.10146699266503667,False,11,0.07780075073242188,False,0.0,9.791911366616574,-23.627427206827946,179.64470818634015,CENTER,0.0,0.965592579643204,0.05596500786682313,NORMAL,STABLE,NORMAL,NO_ACTION,False,0.0
2026-08-12T00:43:15.389003,0.4384907814398171,0.0037042653716119673,0.10146699266503667,False,11,0.07780075073242188,False,0.0,11.082957729697029,-20.846339953464906,-179.54410020315078,CENTER,0.0,0.9652727167995542,0.055359897407569976,NORMAL,STABLE,NORMAL,NO_ACTION,False,0.0
2026-08-12T00:43:15.416042,0.4696816059721143,0.005872244349730262,0.10146699266503667,False,11,0.07780075073242188,False,0.0,14.661946967523221,-19.294245386874536,-179.45185623418962,CENTER,0.0,0.9644091350344365,0.0571985350342258,NORMAL,STABLE,NORMAL,NO_ACTION,False,0.0
2026-08-12T00:43:15.449128,0.4719248341016935,0.005471219900737721,0.10146699266503667,False,11,0.07780075073242188,False,0.0,4.629112271428738,-15.994221900477726,6.015637124787446,CENTER,0.0,0.9965644558041838,0.02253537823477524,NORMAL,STABLE,NORMAL,NO_ACTION,False,0.0
2026-08-12T00:43:15.480216,0.4766015991890322,0.01913564109226122,0.10134310134310134,False,11,0.07780075073242188,False,0.0,17.091156774620373,-18.662999521016047,-178.41790500986409,CENTER,0.0,0.963344112582876,0.05862371322760108,NORMAL,STABLE,NORMAL,NO_ACTION,False,0.0
2026-08-12T00:43:15.513136,0.48738579320816455,0.038766808388650466,0.10134310134310134,False,11,0.07780075073242188,False,0.0,4.079758885581782,-17.05236567786693,6.048077032342746,CENTER,0.0,0.9954786227923524,0.022739878989493003,NORMAL,STABLE,NORMAL,NO_ACTION,False,0.0
2026-08-12T00:43:15.544630,0.4753786904915786,0.0632334646840983,0.10134310134310134,False,11,0.07780075073242188,False,0.0,5.836948971043171,-12.753888740650495,4.707003816746379,CENTER,0.0,0.9946036951303154,0.02003612855766967,NORMAL,STABLE,NORMAL,NO_ACTION,False,0.0
2026-08-12T00:43:15.572560,0.46784975986122873,0.07142710671627196,0.10134310134310134,False,11,0.07780075073242188,False,0.0,5.714985941145045,-13.101586387450311,4.604247260404293,CENTER,0.0,0.9941474301268861,0.02007084688620118,NORMAL,STABLE,NORMAL,NO_ACTION,False,0.0
2026-08-12T00:43:15.622240,0.396200017505839,0.034941656459423265,0.10146699266503667,False,11,0.07780075073242188,False,0.0,5.314040134629153,-14.974275246622398,4.273150078405678,CENTER,0.0,0.9941407991469479,0.020780359771334717,NORMAL,STABLE,NORMAL,NO_ACTION,False,0.0
2026-08-12T00:43:15.658321,0.14113630216057854,0.0568292233058291,0.10268948655256724,True,11,0.07780075073242188,False,0.0,4.716361906289649,-9.907775489195302,3.546794851586526,UP,0.0,0.9945143175582991,0.242457472822361,LOW,STABLE,NORMAL,NO_ACTION,False,0.0
2026-08-12T00:43:15.690187,0.10439349045287798,0.051310036162253804,0.1039119804400978,True,11,0.07780075073242188,False,0.031865596771240234,5.187410096965095,-8.948326830976413,2.459730077825043,UP,0.031865596771240234,0.9946585112311386,0.24178258346999645,LOW,STABLE,NORMAL,NO_ACTION,False,0.031865596771240234
2026-08-12T00:43:15.725412,0.2940602463106162,0.05736838191754096,0.1039119804400978,False,12,0.06709074974060059,False,0.0,6.326407264519958,-13.832876715771704,2.20078832898767,UP,0.06709074974060059,0.9942494400505831,0.05407744630177343,NORMAL,STABLE,NORMAL,NO_ACTION,False,0.0
2026-08-12T00:43:15.763910,0.40299369491542303,0.03936559560406972,0.1039119804400978,False,12,0.06709074974060059,False,0.0,5.972301512508551,-14.511596148834798,2.0982681557584044,UP,0.10558938980102539,0.9931455091520919,0.046208247119205174,NORMAL,STABLE,NORMAL,NO_ACTION,False,0.0
2026-08-12T00:43:15.794420,0.4694912560977964,0.10068484577423421,0.1039119804400978,False,12,0.06709074974060059,False,0.0,21.63928251428115,-18.47418748617514,177.13384382365223,UP,0.13609886169433594,0.9598303348801153,0.09011664452507454,NORMAL,STABLE,NORMAL,NO_ACTION,False,0.0
2026-08-12T00:43:15.827774,0.5288735377724587,0.04669719895703814,0.10378510378510379,False,12,0.06709074974060059,False,0.0,21.69694544208585,-14.41139940043439,176.89784434766398,UP,0.16945338249206543,0.9592537504108082,0.08777517161100186,NORMAL,STABLE,NORMAL,NO_ACTION,False,0.0
2026-08-12T00:43:15.861938,0.48374697901694047,0.02913636382108213,0.10378510378510379,False,12,0.06709074974060059,False,0.0,22.125686410734602,-18.668234816260167,174.49949201120523,CENTER,0.0,0.9589447650534407,0.06371902120071682,NORMAL,STABLE,NORMAL,NO_ACTION,False,0.0
2026-08-12T00:43:15.892843,0.49352907240237215,0.06422408295368207,0.1039119804400978,False,12,0.06709074974060059,False,0.0,21.358329893168616,-18.66538549523321,174.02711662523592,CENTER,0.0,0.9584537760416667,0.06319857752946352,NORMAL,STABLE,NORMAL,NO_ACTION,False,0.0
2026-08-12T00:43:15.920699,0.5188225776193304,0.02422954579562056,0.1039119804400978,False,12,0.06709074974060059,False,0.0,21.42206152967455,-12.269257209072407,174.22722484609346,CENTER,0.0,0.9566260216620941,0.05959475285035453,NORMAL,STABLE,NORMAL,NO_ACTION,False,0.0
2026-08-12T00:43:15.949691,0.5172124918076534,0.03300586045075191,0.1039119804400978,False,12,0.06709074974060059,False,0.0,22.182619700258357,-14.39798139963591,172.70774733423656,CENTER,0.0,0.9563138119070073,0.06138937055718626,NORMAL,STABLE,NORMAL,NO_ACTION,False,0.0
2026-08-12T00:43:15.979439,0.5046476885230909,0.048357078751476545,0.1039119804400978,False,12,0.06709074974060059,False,0.0,21.84221987698791,-13.10258731656711,172.14491742052655,CENTER,0.0,0.9563008107210219,0.06039049944127259,NORMAL,STABLE,NORMAL,NO_ACTION,False,0.0
2026-08-12T00:43:16.010245,0.5062612800484687,0.06660150837003773,0.10378510378510379,False,12,0.06709074974060059,False,0.0,22.295915090927338,-11.677891057601983,172.155532738084,CENTER,0.0,0.9562350148784009,0.05985696802601896,NORMAL,STABLE,NORMAL,NO_ACTION,False,0.0
2026-08-12T00:43:16.040978,0.5279840945764654,0.014694846128750218,0.10378510378510379,False,12,0.06709074974060059,False,0.0,7.610327398950034,-10.285981542906313,-4.755786085395783,CENTER,0.0,0.9892389778377915,0.021229425621428353,NORMAL,STABLE,NORMAL,NO_ACTION,False,0.0
2026-08-12T00:43:16.076349,0.5103515269464033,0.04619456575921776,0.10378510378510379,False,12,0.06709074974060059,False,0.0,22.19869155448569,-11.627985101440288,171.7498398494514,CENTER,0.0,0.9568567927133346,0.05975444775542753,NORMAL,STABLE,NORMAL,NO_ACTION,False,0.0
2026-08-12T00:43:16.114813,0.4854782287599374,0.024858882672325725,0.1039119804400978,False,12,0.06709074974060059,False,0.0,20.31902906531309,-13.950925976157691,171.7795656471332,CENTER,0.0,0.9567913335548125,0.059715215562944575,NORMAL,STABLE,NORMAL,NO_ACTION,False,0.0
2026-08-12T00:43:16.150611,0.49789759054128574,0.01510320272673497,0.1039119804400978,False,12,0.06709074974060059,False,0.0,20.748048035617728,-13.004325628147598,171.97551012636205,CENTER,0.0,0.9564277535758173,0.059501323921626624,NORMAL,STABLE,NORMAL,NO_ACTION,False,0.0
2026-08-12T00:43:16.178188,0.4955021070107048,0.025693795767443933,0.1039119804400978,False,12,0.06709074974060059,False,0.0,21.404325787233574,-10.847059829190414,172.10975309205384,CENTER,0.0,0.9552081024769947,0.05876913949352225,NORMAL,STABLE,NORMAL,NO_ACTION,False,0.0
2026-08-12T00:43:16.209063,0.5002774488466382,0.03496494705141231,0.10378510378510379,False,12,0.06709074974060059,False,0.0,21.097557584291195,-13.378402765932691,171.5354750239336,CENTER,0.0,0.9555872087727194,0.059915613242292734,NORMAL,STABLE,NORMAL,NO_ACTION,False,0.0
2026-08-12T00:43:16.235247,0.4942141762379837,0.026517762257928283,0.10378510378510379,False,12,0.06709074974060059,False,0.0,19.62654692108788,-14.546067957278751,171.29448506869522,CENTER,0.0,0.9565165604816814,0.05946240094039838,NORMAL,STABLE,NORMAL,NO_ACTION,False,0.0
2026-08-12T00:43:16.271188,0.49923693345377285,0.053130392182607185,0.10378510378510379,False,12,0.06709074974060059,False,0.0,20.32539846834638,-11.924462860364372,172.22383097085992,CENTER,0.0,0.9574016900291495,0.05849748151956455,NORMAL,STABLE,NORMAL,NO_ACTION,False,0.0
2026-08-12T00:43:16.300208,0.527815823982846,0.033920491582124276,0.10378510378510379,False,12,0.06709074974060059,False,0.0,20.24665716177276,-15.643487914642122,171.1980639788672,CENTER,0.0,0.9574695448245312,0.06056118603239515,NORMAL,STABLE,NORMAL,NO_ACTION,False,0.0
2026-08-12T00:43:16.332425,0.5307135335723479,0.016754973996282785,0.10378510378510379,False,12,0.06709074974060059,False,0.0,20.478745649907665,-14.85009179754087,171.21637260713464,CENTER,0.0,0.9568906294653063,0.060284841555337705,NORMAL,STABLE,NORMAL,NO_ACTION,False,0.0
2026-08-12T00:43:16.361170,0.5272945508264374,0.018187796700984856,0.10365853658536585,False,12,0.06709074974060059,False,0.0,21.72994000462367,-10.282792762438078,172.20960177942436,CENTER,0.0,0.9559345502186215,0.05856415465896592,NORMAL,STABLE,NORMAL,NO_ACTION,False,0.0
2026-08-12T00:43:16.398170,0.5224440171175752,0.02476077375701262,0.10365853658536585,False,12,0.06709074974060059,False,0.0,20.661837340982203,-12.276141450807785,171.9796697022345,CENTER,0.0,0.9563922075045725,0.058889188708946445,NORMAL,STABLE,NORMAL,NO_ACTION,False,0.0
2026-08-12T00:43:16.430265,0.512722093904074,0.05194699415263673,0.10378510378510379,False,12,0.06709074974060059,False,0.0,20.822585847396482,-10.788705159833057,172.6037563954025,CENTER,0.0,0.956911167195359,0.058227477475898876,NORMAL,STABLE,NORMAL,NO_ACTION,False,0.0
2026-08-12T00:43:16.465386,0.508382912567301,0.08709088282440273,0.10378510378510379,False,12,0.06709074974060059,False,0.0,20.84680861822602,-12.413068499660227,172.2285256594007,CENTER,0.0,0.9570314152163352,0.05917347161270107,NORMAL,STABLE,NORMAL,NO_ACTION,False,0.0
2026-08-12T00:43:16.500282,0.5179930895312053,0.009286108905299347,0.10378510378510379,False,12,0.06709074974060059,False,0.0,6.887811260770775,-7.550015102747267,-4.365728884956866,CENTER,0.0,0.9903391444830246,0.018182082940421906,NORMAL,STABLE,NORMAL,NO_ACTION,False,0.0
2026-08-12T00:43:16.529618,0.5133595611653331,0.040327406964859515,0.10378510378510379,False,12,0.06709074974060059,False,0.0,6.544959262440813,-9.631284378084757,-4.00763696931827,CENTER,0.0,0.9903876109182098,0.019010238833232964,NORMAL,STABLE,NORMAL,NO_ACTION,False,0.0
2026-08-12T00:43:16.556604,0.5000406423461586,0.042688450083011496,0.10378510378510379,False,12,0.06709074974060059,False,0.0,20.82537099351029,-12.807760897178326,172.26827251321038,CENTER,0.0,0.9571422231331447,0.05938252886886248,NORMAL,STABLE,NORMAL,NO_ACTION,False,0.0
2026-08-12T00:43:16.593252,0.5161912303875857,0.013295690175478398,0.10378510378510379,False,12,0.06709074974060059,False,0.0,7.388650065795787,-10.22397556947405,-4.177007506515849,CENTER,0.0,0.9893458102923525,0.020413834132731394,NORMAL,STABLE,NORMAL,NO_ACTION,False,0.0
2026-08-12T00:43:16.634163,0.5088775518428564,0.02371061684856426,0.10365853658536585,False,12,0.06709074974060059,False,0.0,21.911456756488974,-10.79859677119913,172.2973550316043,CENTER,0.0,0.9560265167752628,0.05899689228745576,NORMAL,STABLE,NORMAL,NO_ACTION,False,0.0
2026-08-12T00:43:16.665440,0.44496547940788633,0.041371106410615796,0.10365853658536585,False,12,0.06709074974060059,False,0.0,21.62749805098099,-13.582451066935647,171.56938860536434,CENTER,0.0,0.9568329528892318,0.060370345486014575,NORMAL,STABLE,NORMAL,NO_ACTION,False,0.0
2026-08-12T00:43:16.699116,0.24630467342336337,0.031155270973369165,0.10378510378510379,False,12,0.06709074974060059,False,0.0,21.59433047997419,-12.331025592156067,171.43840564420714,CENTER,0.0,0.9570960456139976,0.13352914243260525,NORMAL,STABLE,NORMAL,NO_ACTION,False,0.0
2026-08-12T00:43:16.732748,0.08291644107414936,0.01913899471007839,0.10500610500610501,True,12,0.06709074974060059,False,0.0,22.817974429048604,-5.788021026836589,172.42294867533803,UP,0.0,0.9576235389517603,0.290590566526081,LOW,STABLE,NORMAL,NO_ACTION,False,0.0
2026-08-12T00:43:16.762914,0.10162871018864914,0.03262398642961452,0.10622710622710622,True,12,0.06709074974060059,False,0.030165433883666992,21.974902521883365,-8.935530486576937,172.4684879046456,UP,0.030165433883666992,0.9570407258266174,0.29237558427013743,LOW,STABLE,NORMAL,NO_ACTION,False,0.030165433883666992
2026-08-12T00:43:16.794729,0.2023686933079885,0.08996781375785187,0.1073170731707317,True,12,0.06709074974060059,False,0.061981201171875,22.614891902300627,-9.301998172082818,171.4837569257698,UP,0.061981201171875,0.9563337021676384,0.22162494098681443,LOW,STABLE,NORMAL,NO_ACTION,False,0.061981201171875
2026-08-12T00:43:16.827789,0.3428727577053518,0.00898886659807725,0.10744810744810745,False,13,0.09504055976867676,False,0.0,22.81201151693557,-15.606065792106676,170.68639056074358,UP,0.09504055976867676,0.9559383443894317,0.09119512485055427,NORMAL,STABLE,NORMAL,NO_ACTION,False,0.0
2026-08-12T00:43:16.858114,0.4235307340037145,0.04841358069150766,0.1073170731707317,False,13,0.09504055976867676,False,0.0,21.15047872567399,-16.49645153698586,170.7970773313872,UP,0.1253659725189209,0.9570883018797154,0.09037095530656777,NORMAL,STABLE,NORMAL,NO_ACTION,False,0.0
2026-08-12T00:43:16.890142,0.4402545034526815,0.014477489594920633,0.10744810744810745,False,13,0.09504055976867676,False,0.0,21.236983984116506,-14.30650761768527,171.07826524280108,UP,0.1573934555053711,0.9574370418595679,0.08925387189885417,NORMAL,STABLE,NORMAL,NO_ACTION,False,0.0
2026-08-12T00:43:16.921432,0.45345916892479693,0.03271047937737287,0.1073170731707317,False,13,0.09504055976867676,False,0.0,20.31237756108584,-16.087155323960133,171.12504559219235,UP,0.18868374824523926,0.957855397751629,0.0894991349687073,NORMAL,STABLE,NORMAL,NO_ACTION,False,0.0
2026-08-12T00:43:16.954683,0.4719103634101345,0.04102492265088121,0.10744810744810745,False,13,0.09504055976867676,False,0.0,19.136539869112738,-16.494904878270972,171.0541470746956,CENTER,0.0,0.957614979406007,0.06209095552260222,NORMAL,STABLE,NORMAL,NO_ACTION,False,0.0
2026-08-12T00:43:16.985813,0.4767607715005982,0.03754196533591623,0.10744810744810745,False,13,0.09504055976867676,False,0.0,21.616291742616824,-16.176893628803384,170.7354044155033,CENTER,0.0,0.957388352159065,0.0637973629363364,NORMAL,STABLE,NORMAL,NO_ACTION,False,0.0
2026-08-12T00:43:17.019081,0.4799663751491878,0.03608150802911179,0.10744810744810745,False,13,0.09504055976867676,False,0.0,19.887253437637952,-13.333168273555941,171.3535147004219,CENTER,0.0,0.956136262842221,0.06085709362117674,NORMAL,STABLE,NORMAL,NO_ACTION,False,0.0
2026-08-12T00:43:17.049654,0.5001337267636943,0.04005426960560909,0.1073170731707317,False,13,0.09504055976867676,False,0.0,19.937306164150613,-17.60676841144445,171.17343882903708,CENTER,0.0,0.9566660741205133,0.06326796704078178,NORMAL,STABLE,NORMAL,NO_ACTION,False,0.0
2026-08-12T00:43:17.081861,0.49886906817229193,0.052271843908577226,0.1073170731707317,False,13,0.09504055976867676,False,0.0,19.94349238043185,-17.05073650590853,170.85726931121405,CENTER,0.0,0.9574951587148491,0.06295516901639173,NORMAL,STABLE,NORMAL,NO_ACTION,False,0.0
2026-08-12T00:43:17.130862,0.4982307623743667,0.058601213968833346,0.10744810744810745,False,13,0.09504055976867676,False,0.0,20.734717853308837,-14.042249847382038,171.0004184900219,CENTER,0.0,0.9575405592706904,0.06190722769605571,NORMAL,STABLE,NORMAL,NO_ACTION,False,0.0
2026-08-12T00:43:17.163841,0.4853404194427141,0.07361845258977968,0.10744810744810745,False,13,0.09504055976867676,False,0.0,19.470155823305475,-18.240710384444753,170.47521444269216,CENTER,0.0,0.9576530635573846,0.06334185771646572,NORMAL,STABLE,NORMAL,NO_ACTION,False,0.0
2026-08-12T00:43:17.196253,0.5054508514710244,0.02940021480055039,0.10744810744810745,False,13,0.09504055976867676,False,0.0,19.929428627265878,-9.865324565055289,171.8420574692551,CENTER,0.0,0.9573379660886774,0.058908979671028365,NORMAL,STABLE,NORMAL,NO_ACTION,False,0.0
2026-08-12T00:43:17.225504,0.49532650852068383,0.05583390110331757,0.1073170731707317,False,13,0.09504055976867676,False,0.0,20.71454407794252,-16.57840529585701,170.40133019575086,CENTER,0.0,0.9562629078610826,0.0632725090306556,NORMAL,STABLE,NORMAL,NO_ACTION,False,0.0
2026-08-12T00:43:17.258963,0.5049170287484065,0.037190658912939496,0.10744810744810745,False,13,0.09504055976867676,False,0.0,21.180969935801073,-11.723081836770405,171.42773683991788,CENTER,0.0,0.9564237004172381,0.06092268660718852,NORMAL,STABLE,NORMAL,NO_ACTION,False,0.0
2026-08-12T00:43:17.290443,0.5258332810005799,0.03528465843979926,0.10744810744810745,False,13,0.09504055976867676,False,0.0,19.970552484190762,-16.26362151538146,170.7109098597449,CENTER,0.0,0.9573895694015775,0.06259387615914618,NORMAL,STABLE,NORMAL,NO_ACTION,False,0.0
2026-08-12T00:43:17.322417,0.5435847271892279,0.03367762129015059,0.10744810744810745,False,13,0.09504055976867676,False,0.0,21.028210335199674,-14.53786523483845,170.80227899593342,CENTER,0.0,0.9576648475008573,0.0624136916781355,NORMAL,STABLE,NORMAL,NO_ACTION,False,0.0
2026-08-12T00:43:17.353794,0.5437730436167771,0.038645644280762906,0.1073170731707317,False,13,0.09504055976867676,False,0.0,19.92804952673103,-13.528624032249809,171.1000829451977,CENTER,0.0,0.9572207352752057,0.060932197814694534,NORMAL,STABLE,NORMAL,NO_ACTION,False,0.0
2026-08-12T00:43:17.386483,0.5479677705905011,0.03821850157701146,0.1073170731707317,False,13,0.09504055976867676,False,0.0,19.820940250681645,-17.160404105421804,170.65248871306983,CENTER,0.0,0.9571414202710619,0.06292448486222278,NORMAL,STABLE,NORMAL,NO_ACTION,False,0.0
2026-08-12T00:43:17.417564,0.5463027256859688,0.017810214453041984,0.1073170731707317,False,13,0.09504055976867676,False,0.0,20.092476160583146,-3.7365341716253795,172.88676886058613,CENTER,0.0,0.9564891595757602,0.05546586068032675,NORMAL,STABLE,NORMAL,NO_ACTION,False,0.0
2026-08-12T00:43:17.451378,0.5413489029088854,0.016856349653855716,0.10744810744810745,False,13,0.09504055976867676,False,0.0,19.295625111736683,-13.238342312937618,171.28001761158453,CENTER,0.0,0.9562447139703361,0.06035249972709799,NORMAL,STABLE,NORMAL,NO_ACTION,False,0.0
2026-08-12T00:43:17.481548,0.5569981732997953,0.01733750453711294,0.1073170731707317,False,13,0.09504055976867676,False,0.0,21.579831743829175,-14.481198192577665,170.60928697914153,CENTER,0.0,0.9565216884395005,0.06273375272949501,NORMAL,STABLE,NORMAL,NO_ACTION,False,0.0
2026-08-12T00:43:17.515739,0.5402396161911572,0.058218719694831854,0.10744810744810745,False,13,0.09504055976867676,False,0.0,19.184397195645687,-14.864610605156543,171.2811175883943,CENTER,0.0,0.957425348561814,0.06119645403905166,NORMAL,STABLE,NORMAL,NO_ACTION,False,0.0
2026-08-12T00:43:17.546912,0.5272113102618756,0.044524091231562264,0.10744810744810745,False,13,0.09504055976867676,False,0.0,21.227190291784467,-14.832999521905293,170.75120579579072,CENTER,0.0,0.9573385358617684,0.06273371732241594,NORMAL,STABLE,NORMAL,NO_ACTION,False,0.0
2026-08-12T00:43:17.578068,0.5370712720233318,0.011566288888863288,0.1073170731707317,False,13,0.09504055976867676,False,0.0,21.169118576091194,-13.12594834093565,170.64948207363278,CENTER,0.0,0.956948940561414,0.06164716826904818,NORMAL,STABLE,NORMAL,NO_ACTION,False,0.0
2026-08-12T00:43:17.611693,0.5276348695962662,0.017882554393823274,0.1073170731707317,False,13,0.09504055976867676,False,0.0,20.76832382258118,-10.775169148226269,171.30209631588025,CENTER,0.0,0.9569898088313042,0.059999663423894393,NORMAL,STABLE,NORMAL,NO_ACTION,False,0.0
2026-08-12T00:43:17.659336,0.5426568670035106,0.05362413341710404,0.10744810744810745,False,13,0.09504055976867676,False,0.0,20.680909567527266,-16.021766760725427,170.61399148180953,CENTER,0.0,0.9564121625121457,0.06299661310371411,NORMAL,STABLE,NORMAL,NO_ACTION,False,0.0
2026-08-12T00:43:17.691468,0.5410597268181535,0.016423303576169113,0.10744810744810745,False,13,0.09504055976867676,False,0.0,20.32349953212139,-13.136730740948963,171.29972950528844,CENTER,0.0,0.9561261752686327,0.06107706603262889,NORMAL,STABLE,NORMAL,NO_ACTION,False,0.0
2026-08-12T00:43:17.721765,0.5415172199061212,0.054507876510447285,0.10744810744810745,False,13,0.09504055976867676,False,0.0,18.974740988976436,-18.602591954817512,170.82598689822288,CENTER,0.0,0.9569920879236682,0.06317130886218641,NORMAL,STABLE,NORMAL,NO_ACTION,False,0.0
2026-08-12T00:43:17.753481,0.5464976531044768,0.04334886143938914,0.1073170731707317,False,13,0.09504055976867676,False,0.0,20.089149968634445,-17.385634727241126,170.3644682994592,CENTER,0.0,0.9571194192601166,0.06325730299397449,NORMAL,STABLE,NORMAL,NO_ACTION,False,0.0
2026-08-12T00:43:17.785940,0.544222281832216,0.05325380741692981,0.1073170731707317,False,13,0.09504055976867676,False,0.0,20.716207907903396,-15.32402246611042,170.80713245304617,CENTER,0.0,0.9566430501078819,0.06255749212421614,NORMAL,STABLE,NORMAL,NO_ACTION,False,0.0
2026-08-12T00:43:17.819335,0.5663538688415017,0.07175837664343958,0.1073170731707317,False,13,0.09504055976867676,False,0.0,20.36306676888327,-16.79724301558312,170.18758515063791,CENTER,0.0,0.9567905306927297,0.06312986778507004,NORMAL,STABLE,NORMAL,NO_ACTION,False,0.0
2026-08-12T00:43:17.849868,0.5554476357696898,0.03207935481961023,0.1073170731707317,False,13,0.09504055976867676,False,0.0,20.389390555857773,-13.670232952485236,170.53300948119727,CENTER,0.0,0.956245490933642,0.0613643095702213,NORMAL,STABLE,NORMAL,NO_ACTION,False,0.0
2026-08-12T00:43:17.883462,0.5053431580705863,0.04369851164582843,0.10744810744810745,False,13,0.09504055976867676,False,0.0,18.945317387547902,-16.859091606732136,170.2690565482477,CENTER,0.0,0.95631131267504,0.062153324802791496,NORMAL,STABLE,NORMAL,NO_ACTION,False,0.0
2026-08-12T00:43:17.914820,0.3203630167728728,0.029315243889337237,0.10744810744810745,False,13,0.09504055976867676,False,0.0,22.317770773654388,-15.255156501133968,169.41014852933029,CENTER,0.0,0.9563458486939872,0.06380511074174329,NORMAL,STABLE,NORMAL,NO_ACTION,False,0.0
2026-08-12T00:43:17.946988,0.08404663135443458,0.017205870517293238,0.10866910866910867,True,13,0.09504055976867676,False,0.0,24.989555187003475,-3.121988530519559,171.731493707904,UP,0.0,0.9565677753129288,0.2926103597631299,LOW,STABLE,NORMAL,NO_ACTION,False,0.0
2026-08-12T00:43:17.977619,0.0720672734846084,0.011278295675114479,0.10975609756097561,True,13,0.09504055976867676,False,0.030630826950073242,22.788779263413346,2.9112476694237444,172.86921094238443,UP,0.030630826950073242,0.9568598746677813,0.29137492086048766,LOW,STABLE,NORMAL,NO_ACTION,False,0.030630826950073242
2026-08-12T00:43:18.010612,0.07911816402310512,0.02751568712299694,0.11097560975609756,True,13,0.09504055976867676,False,0.06362414360046387,22.073630509142987,0.08915971502912612,172.46543163851595,UP,0.06362414360046387,0.9559959691679527,0.28984777908645915,LOW,STABLE,NORMAL,NO_ACTION,False,0.06362414360046387
2026-08-12T00:43:18.041854,0.09333065618736897,0.03411481723985506,0.11219512195121951,True,13,0.09504055976867676,False,0.09486556053161621,23.326280999455804,-1.2934695777418312,172.4496219334423,UP,0.09486556053161621,0.9560091775441528,0.29211802647407875,LOW,STABLE,NORMAL,NO_ACTION,False,0.09486556053161621
2026-08-12T00:43:18.074767,0.09167347875597032,0.025798060497526393,0.11355311355311355,True,13,0.09504055976867676,False,0.1277782917022705,23.576002041439523,2.9668970249276185,171.85424040759364,UP,0.1277782917022705,0.9560810466499484,0.2939639605381407,LOW,STABLE,NORMAL,NO_ACTION,False,0.1277782917022705
2026-08-12T00:43:18.106709,0.08822691193755246,0.04566218120282486,0.11463414634146342,True,13,0.09504055976867676,False,0.15972018241882324,22.89469652039287,-6.393240586681685,170.36194878175445,UP,0.15972018241882324,0.9563903816408035,0.2959591894766107,LOW,STABLE,NORMAL,NO_ACTION,False,0.15972018241882324
2026-08-12T00:43:18.137655,0.08485022339663051,0.025645411319218905,0.11585365853658537,True,13,0.09504055976867676,False,0.19066667556762695,23.288874183119077,2.3811555747785746,171.95958609258156,UP,0.19066667556762695,0.9562086110753886,0.29459713372816226,LOW,STABLE,NORMAL,NO_ACTION,False,0.19066667556762695
2026-08-12T00:43:18.187077,0.08200117644300117,0.0378502119760733,0.11721611721611722,True,13,0.09504055976867676,False,0.24008822441101074,22.4196620427997,2.5797344954733887,172.0516305633256,UP,0.24008822441101074,0.9561029829139518,0.2947512780201183,LOW,STABLE,NORMAL,NO_ACTION,False,0.24008822441101074
2026-08-12T00:43:18.218194,0.08705203206916526,0.04430246984815999,0.11829268292682926,True,13,0.09504055976867676,False,0.2712056636810303,24.255628281422105,-1.9740262029137057,170.97318590267372,UP,0.2712056636810303,0.9558399031385745,0.29635836809093496,LOW,STABLE,NORMAL,NO_ACTION,False,0.2712056636810303
2026-08-12T00:43:18.250022,0.09562128256092192,0.04286734163467287,0.11965811965811966,True,13,0.09504055976867676,False,0.30303382873535156,22.30481721098218,-0.6872742503686027,171.43212757745346,UP,0.30303382873535156,0.9552961712677183,0.2948423941726139,LOW,STABLE,NORMAL,NO_ACTION,False,0.30303382873535156
2026-08-12T00:43:18.283054,0.08794770870548799,0.03119504842128353,0.12087912087912088,True,13,0.09504055976867676,False,0.33606553077697754,21.44427146046533,2.2315256892027264,172.22213021386398,UP,0.33606553077697754,0.9557522228295039,0.2956986078466695,LOW,STABLE,NORMAL,NO_ACTION,False,0.33606553077697754
2026-08-12T00:43:18.313784,0.09236561160596633,0.049080731948912215,0.12195121951219512,True,13,0.09504055976867676,False,0.36679530143737793,20.3106731583689,1.2619484929144562,172.21759076696503,UP,0.36679530143737793,0.9561374800847336,0.2948346897243749,LOW,STABLE,NORMAL,NO_ACTION,False,0.36679530143737793
2026-08-12T00:43:18.346696,0.08218849854525559,0.03581671579759358,0.12317073170731707,True,13,0.09504055976867676,False,0.3997080326080322,19.491824384337548,5.993990888483495,172.78530239386913,UP,0.3997080326080322,0.9557193702310529,0.2975421899300792,LOW,STABLE,NORMAL,NO_ACTION,False,0.3997080326080322
2026-08-12T00:43:18.377804,0.08594623776133067,0.028337873205859145,0.12454212454212454,True,13,0.09504055976867676,False,0.4308154582977295,22.907855054102697,4.3496446313095305,172.47987167317154,UP,0.4308154582977295,0.9559435759423583,0.2999112249074471,LOW,STABLE,NORMAL,NO_ACTION,False,0.4308154582977295
2026-08-12T00:43:18.410620,0.09436655191596097,0.046788389007910894,0.12576312576312576,True,13,0.09504055976867676,False,0.46363186836242676,24.358901619303907,0.2087071637229485,171.4054407590673,UP,0.46363186836242676,0.9554866956197131,0.2992810234716517,LOW,STABLE,NORMAL,NO_ACTION,False,0.46363186836242676
2026-08-12T00:43:18.442547,0.09394783313722486,0.028176119393753318,0.12698412698412698,True,13,0.09504055976867676,False,0.4955587387084961,24.359205489003074,1.6428876258939624,171.80153424533665,UP,0.4955587387084961,0.9550637167959819,0.30072980585311065,LOW,STABLE,NORMAL,NO_ACTION,False,0.4955587387084961
2026-08-12T00:43:18.474504,0.08774822666575556,0.02423437283919949,0.12804878048780488,True,13,0.09504055976867676,False,0.5275156497955322,22.68311757284019,-2.362212579667272,171.4025366504638,UP,0.5275156497955322,0.9556044055605566,0.29717417472712193,LOW,STABLE,NORMAL,NO_ACTION,False,0.5275156497955322
2026-08-12T00:43:18.506725,0.09653025732200944,0.030430457378712892,0.12942612942612944,True,13,0.09504055976867676,False,0.5597364902496338,23.229657249420228,0.08770332750009402,172.2518890235982,UP,0.5597364902496338,0.9559521872856652,0.29844162204509844,LOW,STABLE,NORMAL,NO_ACTION,False,0.5597364902496338
2026-08-12T00:43:18.538544,0.09299511103540581,0.019251186663045115,0.13064713064713065,True,13,0.09504055976867676,False,0.5915553569793701,21.263328679284427,1.6519434542493059,172.24825314593704,UP,0.5915553569793701,0.9561986011981309,0.29988929393008507,LOW,STABLE,NORMAL,NO_ACTION,False,0.5915553569793701
2026-08-12T00:43:18.569973,0.09634605382731073,0.05704621753894696,0.13170731707317074,True,13,0.09504055976867676,False,0.6229848861694336,22.391327994960704,1.4229449871746738,172.32595947627863,UP,0.6229848861694336,0.9555603517411122,0.30256857757777983,LOW,STABLE,NORMAL,NO_ACTION,False,0.6229848861694336
2026-08-12T00:43:18.601641,0.09505525324799552,0.0640098667582459,0.1329268292682927,True,13,0.09504055976867676,False,0.6546523571014404,21.21190838940538,3.609052705901263,172.83003039865105,UP,0.6546523571014404,0.9555631488090135,0.30496294379305633,LOW,STABLE,NORMAL,NO_ACTION,False,0.6546523571014404
2026-08-12T00:43:18.634859,0.0953505536156001,0.024073157558584656,0.13414634146341464,True,13,0.09504055976867676,False,0.6878702640533447,21.737419914476163,4.6274516238224805,173.07657715700952,UP,0.6878702640533447,0.9554495567736911,0.3080578838637389,LOW,STABLE,NORMAL,NO_ACTION,False,0.6878702640533447
2026-08-12T00:43:18.666410,0.09110808560819733,0.010566592893414765,0.1353658536585366,True,13,0.09504055976867676,False,0.7194216251373291,22.468136588592046,1.5863529516204267,172.06446915583092,UP,0.7194216251373291,0.9552748824731366,0.3089165103864219,LOW,STABLE,NORMAL,NO_ACTION,False,0.7194216251373291
2026-08-12T00:43:18.715111,0.08701654266440656,0.034745255232433776,0.13675213675213677,True,13,0.09504055976867676,False,0.7681229114532471,20.487140434692947,3.575673163286325,172.6879755577844,UP,0.7681229114532471,0.9558803440786464,0.311435428962867,LOW,STABLE,NORMAL,NO_ACTION,False,0.7681229114532471
2026-08-12T00:43:18.746256,0.102332457857155,0.031792097522540114,0.1378048780487805,True,13,0.09504055976867676,False,0.7992672920227051,23.785836886590033,-1.8575020245871485,171.27759003726544,UP,0.7992672920227051,0.956216393657836,0.31490047194016174,LOW,STABLE,NORMAL,NO_ACTION,False,0.7992672920227051
2026-08-12T00:43:18.778739,0.10072656186551354,0.02181234295538077,0.13902439024390245,True,13,0.09504055976867676,False,0.8317503929138184,22.890860888278354,2.3919053003298814,172.2732523181113,UP,0.8317503929138184,0.9558013787079904,0.31660468937835823,LOW,STABLE,NORMAL,NO_ACTION,False,0.8317503929138184
2026-08-12T00:43:18.810042,0.09471950777392107,0.05154019376429207,0.1402439024390244,True,13,0.09504055976867676,False,0.8630537986755371,23.07188701736507,0.007177510555607114,171.9586511111488,UP,0.8630537986755371,0.9554671031950159,0.3174085231926267,LOW,STABLE,NORMAL,NO_ACTION,False,0.8630537986755371
2026-08-12T00:43:18.844322,0.10663701591574982,0.029577633681446957,0.14163614163614163,True,13,0.09504055976867676,False,0.8973333835601807,24.83911947467311,-0.37314100864551847,171.39815880121262,UP,0.8973333835601807,0.955454503440072,0.32121282140207497,LOW,STABLE,NORMAL,NO_ACTION,False,0.8973333835601807
2026-08-12T00:43:18.874482,0.09547410098581471,0.024404451961647606,0.14268292682926828,True,13,0.09504055976867676,False,0.9274935722351074,21.774077546087995,-0.49980058338675803,171.72646091292302,UP,0.9274935722351074,0.9554224148555382,0.3208391182989133,LOW,STABLE,NORMAL,NO_ACTION,False,0.9274935722351074
2026-08-12T00:43:18.905849,0.10798875691518058,0.01926187575138353,0.14390243902439023,True,13,0.09504055976867676,False,0.9588606357574463,23.606119804839153,-1.3435116935928875,171.46197323696623,UP,0.9588606357574463,0.9554444158664837,0.3247463437325218,LOW,STABLE,NORMAL,NO_ACTION,False,0.9588606357574463
2026-08-12T00:43:18.938046,0.09765343105826381,0.02163577884467133,0.1452991452991453,True,13,0.09504055976867676,False,0.9910578727722168,22.46507887012436,0.45892808311981526,171.88871555000583,UP,0.9910578727722168,0.9559666776513202,0.32553153252367784,LOW,STABLE,NORMAL,NO_ACTION,False,0.9910578727722168
2026-08-12T00:43:18.969639,0.09007255677555481,0.017643329586082526,0.14634146341463414,True,13,0.09504055976867676,False,1.0226502418518066,22.74154787164835,3.388268834445455,172.5215690965881,UP,1.0226502418518066,0.9564281032093049,0.3293640430992192,LOW,STABLE,NORMAL,NO_ACTION,False,1.0226502418518066
2026-08-12T00:43:19.034953,0.09578235953974393,0.017303179546811782,0.1475609756097561,True,13,0.09504055976867676,False,1.0879650115966797,22.580706799323934,0.7242161938183642,172.15976635916923,UP,1.0879650115966797,0.9557232420981938,0.33126801962990704,LOW,STABLE,NORMAL,NO_ACTION,False,1.0879650115966797
2026-08-12T00:43:19.065900,0.09221600626798676,0.036431929618636325,0.14896214896214896,True,13,0.09504055976867676,False,1.1189119815826416,21.637186155712868,2.7144438865521465,172.8792228604873,UP,1.1189119815826416,0.9551549581868712,0.3337916126038679,LOW,STABLE,NORMAL,NO_ACTION,False,1.1189119815826416
2026-08-12T00:43:19.099453,0.10383531660696016,0.027672665318510037,0.15018315018315018,True,13,0.09504055976867676,False,1.1524651050567627,21.713756891437498,1.7702749782533544,172.14019586980646,UP,1.1524651050567627,0.9548776470336077,0.33543981762918973,LOW,STABLE,NORMAL,NO_ACTION,False,1.1524651050567627
2026-08-12T00:43:19.131509,0.1018902330308392,0.037712626005324476,0.1514041514041514,True,13,0.09504055976867676,False,1.184520959854126,21.330088451763004,-0.08783947768523603,171.8693070042409,UP,1.184520959854126,0.9556289576010232,0.33624913220714414,LOW,STABLE,NORMAL,NO_ACTION,False,1.184520959854126
2026-08-12T00:43:19.156950,0.10026978672091197,0.02392785593227535,0.15262515262515264,True,13,0.09504055976867676,False,1.2099614143371582,20.65523486994067,2.9585671181313273,172.42227778009533,UP,1.2099614143371582,0.9555196388638832,0.3391410822875718,LOW,STABLE,NORMAL,NO_ACTION,False,1.2099614143371582
2026-08-12T00:43:19.179426,0.09100666374122779,0.04015602856144838,0.15384615384615385,True,13,0.09504055976867676,False,1.2324373722076416,22.618675453196914,2.5906745861310014,172.30121110223286,UP,1.2324373722076416,0.9558907165387802,0.3420599283769044,LOW,STABLE,NORMAL,NO_ACTION,False,1.2324373722076416
2026-08-12T00:43:19.203060,0.10163998631659613,0.023012768045470512,0.1548780487804878,True,13,0.09504055976867676,False,1.2560715675354004,23.488969344607256,0.5481370731031063,171.88775905001467,UP,1.2560715675354004,0.9559291762224223,0.3431444749015851,LOW,STABLE,NORMAL,NO_ACTION,False,1.2560715675354004
2026-08-12T00:43:19.242147,0.10079968016033278,0.03249313439980042,0.15609756097560976,True,13,0.09504055976867676,False,1.295159101486206,22.20852815883893,-0.47125011797925254,171.79552940885196,UP,1.295159101486206,0.9550247650355795,0.3445012950539032,LOW,STABLE,NORMAL,NO_ACTION,False,1.295159101486206
2026-08-12T00:43:19.274116,0.09837737567909625,0.03570270394143093,0.1575091575091575,True,13,0.09504055976867676,False,1.3271276950836182,21.957079372111593,-0.5354285729623314,171.78116287276657,UP,1.3271276950836182,0.9548373614861968,0.34650301626897384,LOW,STABLE,NORMAL,NO_ACTION,False,1.3271276950836182
2026-08-12T00:43:19.306622,0.09717180361167925,0.01955658867930386,0.15873015873015872,True,13,0.09504055976867676,False,1.359633445739746,22.294612930021287,4.167235467328965,172.40499261647983,UP,1.359633445739746,0.9549801155442672,0.3509160992964735,MODERATE,STABLE,NORMAL,NO_ACTION,False,1.359633445739746
2026-08-12T00:43:19.337878,0.09257142083012385,0.05030942600922023,0.1597560975609756,True,13,0.09504055976867676,False,1.3908894062042236,22.058294191727782,-3.6815373386821477,171.6899854243395,UP,1.3908894062042236,0.9551674154985424,0.35238463910598716,MODERATE,STABLE,NORMAL,NO_ACTION,False,1.3908894062042236
2026-08-12T00:43:19.370702,0.0992843965459568,0.01905137370010148,0.16097560975609757,True,13,0.09504055976867676,False,1.4237136840820312,22.415341619581056,1.6878959915160578,172.49980252960762,UP,1.4237136840820312,0.9556653971800698,0.3536137757702192,MODERATE,STABLE,NORMAL,NO_ACTION,False,1.4237136840820312
2026-08-12T00:43:19.433720,0.09109026880095179,0.007181569413324573,0.16219512195121952,True,13,0.09504055976867676,False,1.4867315292358398,23.12352571947082,2.6557263273808758,172.49111364277303,UP,1.4867315292358398,0.9556697093264175,0.3581506470398326,MODERATE,STABLE,NORMAL,NO_ACTION,False,1.4867315292358398
2026-08-12T00:43:19.465563,0.09625646908319599,0.039735636996070314,0.16341463414634147,True,13,0.09504055976867676,True,1.5185742378234863,21.98115535316316,3.80438446140289,172.60877261318217,UP,1.5185742378234863,0.954726333429784,0.4539533604105075,MODERATE,STABLE,HIGH,STRONG_WARNING,True,1.5185742378234863
2026-08-12T00:43:20.365270,0.17142339497178,0.04740585721039876,0.17023959646910466,True,13,0.09504055976867676,True,2.4182820320129395,23.312516370491807,-5.762127490769672,170.28044999060137,UP,2.4182820320129395,0.9561088230881344,0.5260241842673596,MODERATE,INCREASING,HIGH,STRONG_WARNING,False,2.4182820320129395
2026-08-12T00:43:20.388237,0.290191936240756,0.07242521832488313,0.17002518891687657,False,13,2.4412481784820557,False,0.0,22.599520197673712,-11.568773075134061,169.13428639140784,UP,2.4412481784820557,0.8847996230771116,0.2691178694586473,LOW,INCREASING,HIGH,STRONG_WARNING,False,0.0
2026-08-12T00:43:20.409696,0.35255079503213105,0.02071334871691712,0.17002518891687657,False,13,2.4412481784820557,False,0.0,13.416349237463464,25.845034570348986,176.82025923257436,UP,2.462707281112671,0.8848949757393526,0.257261599042793,LOW,INCREASING,HIGH,STRONG_WARNING,False,0.0
2026-08-12T00:43:20.432304,0.4313260242041065,0.06410562611906817,0.17002518891687657,False,13,2.4412481784820557,False,0.0,22.527884891989146,-11.148477191508846,169.88147548939202,UP,2.4853157997131348,0.8855737173598863,0.2567979406757596,LOW,INCREASING,HIGH,STRONG_WARNING,False,0.0
2026-08-12T00:43:20.457090,0.4099743313345746,0.035541084208355854,0.16981132075471697,False,13,2.4412481784820557,False,0.0,21.66913190061615,-15.073558985871415,169.40602026716488,UP,2.510101556777954,0.8860853549688908,0.2594940196676073,LOW,INCREASING,HIGH,STRONG_WARNING,False,0.0
2026-08-12T00:43:20.480396,0.44438781528107446,0.01492353707248604,0.16981132075471697,False,13,2.4412481784820557,False,0.0,22.56054591171008,-9.952276046902597,170.1967357982619,UP,2.533407211303711,0.885448899034065,0.25823802542350116,LOW,INCREASING,HIGH,STRONG_WARNING,False,0.0
2026-08-12T00:43:20.510679,0.4753329919123622,0.017906375565767026,0.16981132075471697,False,13,2.4412481784820557,False,0.0,18.287852011862498,18.026631865275817,176.3220378192953,UP,2.5636909008026123,0.8853815729309557,0.2610655822722893,LOW,INCREASING,HIGH,STRONG_WARNING,False,0.0
2026-08-12T00:43:20.539460,0.48533404070552,0.03383295879780761,0.16981132075471697,False,13,2.4412481784820557,False,0.0,20.919212526962554,-14.099681087395453,169.71325094804814,UP,2.5924718379974365,0.8848838226798778,0.26215787216736497,LOW,INCREASING,HIGH,STRONG_WARNING,False,0.0
2026-08-12T00:43:20.568195,0.4985978841591891,0.048919132035096784,0.16981132075471697,False,13,2.4412481784820557,False,0.0,22.95714623450769,-14.697372687897655,169.2648284163007,UP,2.621206760406494,0.8848035206516591,0.26547161108413475,LOW,INCREASING,HIGH,STRONG_WARNING,False,0.0
2026-08-12T00:43:20.593148,0.4836514289653387,0.047327689638441896,0.16981132075471697,False,13,2.4412481784820557,False,0.0,21.858312794444885,-15.035367323843218,169.79891595367644,CENTER,0.0,0.885612561187455,0.14262143367658936,NORMAL,INCREASING,HIGH,STRONG_WARNING,False,0.0
2026-08-12T00:43:20.617872,0.45618338351732757,0.024706652503588073,0.16959798994974876,False,13,2.4412481784820557,False,0.0,22.64917345709469,-13.259152817733224,169.5971514228081,CENTER,0.0,0.88604991702185,0.14207683850011849,NORMAL,INCREASING,HIGH,STRONG_WARNING,False,0.0
2026-08-12T00:43:20.651051,0.48245222624881884,0.04532485634894127,0.16981132075471697,False,13,2.4412481784820557,False,0.0,20.84082817637369,-11.810024452492286,170.37048758563196,CENTER,0.0,0.8859036080695997,0.13989242941459787,NORMAL,INCREASING,HIGH,STRONG_WARNING,False,0.0
2026-08-12T00:43:20.682511,0.46641158119389425,0.04303337770714596,0.16981132075471697,False,13,2.4412481784820557,False,0.0,21.479081095439227,-17.6711655869762,169.05102561001644,CENTER,0.0,0.8850145173488634,0.1438901413841306,NORMAL,INCREASING,HIGH,STRONG_WARNING,False,0.0
2026-08-12T00:43:20.714329,0.4593652361650198,0.05560933905985459,0.16981132075471697,False,13,2.4412481784820557,False,0.0,22.927978452286965,-13.949342102592055,169.86658330857125,CENTER,0.0,0.8852868678657162,0.14282405210036853,NORMAL,INCREASING,HIGH,STRONG_WARNING,False,0.0
2026-08-12T00:43:20.747333,0.47760485860370744,0.019655405598954605,0.16959798994974876,False,13,2.4412481784820557,False,0.0,21.892516139326943,-11.308637083603173,170.46573423008874,CENTER,0.0,0.8851561132340454,0.14031424287606306,NORMAL,INCREASING,HIGH,STRONG_WARNING,False,0.0
2026-08-12T00:43:20.779746,0.48281886359851434,0.03208576392599076,0.16959798994974876,False,13,2.4412481784820557,False,0.0,22.368933552741964,-11.005161198883314,170.34869322329155,CENTER,0.0,0.8853504403047227,0.14051182953121005,NORMAL,INCREASING,HIGH,STRONG_WARNING,False,0.0
2026-08-12T00:43:20.826448,0.48517381424646855,0.033782435603042366,0.16981132075471697,False,13,2.4412481784820557,False,0.0,22.81668336486112,-12.875977679054216,169.55863187028024,CENTER,0.0,0.8859071578605722,0.14209638068457184,NORMAL,INCREASING,HIGH,STRONG_WARNING,False,0.0
2026-08-12T00:43:20.861036,0.47046286803363635,0.052650066406638746,0.16981132075471697,False,13,2.4412481784820557,False,0.0,21.62658108197175,-14.605076726093387,169.67971731861553,CENTER,0.0,0.8862878129797015,0.14218113130198312,NORMAL,INCREASING,HIGH,STRONG_WARNING,False,0.0
2026-08-12T00:43:20.896902,0.49358253972406263,0.04309132424713359,0.16981132075471697,False,13,2.4412481784820557,False,0.0,22.773246322423518,-10.980484779853782,170.29866507066401,CENTER,0.0,0.8857560638860311,0.14093294241960355,NORMAL,STABLE,HIGH,STRONG_WARNING,False,0.0
2026-08-12T00:43:20.927858,0.49527508621035987,0.021987399864474767,0.16981132075471697,False,13,2.4412481784820557,False,0.0,22.202092711175084,-9.334236924709359,170.87887292046196,CENTER,0.0,0.8858492339065255,0.13949888000169344,NORMAL,STABLE,HIGH,STRONG_WARNING,False,0.0
2026-08-12T00:43:20.965823,0.5015480430998069,0.031852286064485966,0.16981132075471697,False,13,2.4412481784820557,False,0.0,21.73007169825462,-13.065475403402672,170.23509137568027,CENTER,0.0,0.8856472915748089,0.14134633879080877,NORMAL,STABLE,HIGH,STRONG_WARNING,False,0.0
2026-08-12T00:43:20.989424,0.5232302623237111,0.06106204147521142,0.16981132075471697,False,13,2.4412481784820557,False,0.0,22.525496318849093,-13.62922416084939,170.25782176948678,CENTER,0.0,0.8858346509814486,0.14231377068705506,NORMAL,STABLE,HIGH,STRONG_WARNING,False,0.0
2026-08-12T00:43:21.039960,0.497790833594487,0.04548679201933967,0.16981132075471697,False,13,2.4412481784820557,False,0.0,21.89626213413308,-11.393877176112511,170.9283642977337,CENTER,0.0,0.886356878000686,0.1404827212400016,NORMAL,STABLE,HIGH,STRONG_WARNING,False,0.0
2026-08-12T00:43:21.071630,0.5024584526371929,0.04443108924608868,0.16981132075471697,False,13,2.4412481784820557,False,0.0,21.292655115812636,-11.189219196559321,170.81169327708557,CENTER,0.0,0.8867738105444509,0.13988148875154136,NORMAL,STABLE,HIGH,STRONG_WARNING,False,0.0
2026-08-12T00:43:21.104846,0.4953477480426438,0.04552336821411309,0.16981132075471697,False,13,2.4412481784820557,False,0.0,19.780518703672527,-15.154502044168055,170.42261428770655,CENTER,0.0,0.8871840032823829,0.14104236120375804,NORMAL,STABLE,HIGH,STRONG_WARNING,False,0.0
2026-08-12T00:43:21.145509,0.5194480111745277,0.04007710643717506,0.16981132075471697,False,13,2.4412481784820557,False,0.0,21.69827411099007,-10.905971942922179,171.00727171499216,CENTER,0.0,0.8863170387925404,0.14003490065526342,NORMAL,STABLE,HIGH,STRONG_WARNING,False,0.0
2026-08-12T00:43:21.178069,0.5020734099446806,0.024257761484046927,0.16981132075471697,False,13,2.4412481784820557,False,0.0,21.83745408692795,-12.52177781615191,171.135899102839,CENTER,0.0,0.8862737937038672,0.1411077909249132,NORMAL,STABLE,HIGH,STRONG_WARNING,False,0.0
2026-08-12T00:43:21.207428,0.5151553207368924,0.07140720603070098,0.16981132075471697,False,13,2.4412481784820557,False,0.0,22.1527933099685,-16.376367323652914,170.02050714952077,CENTER,0.0,0.8864497602002906,0.1436539793231078,NORMAL,STABLE,HIGH,STRONG_WARNING,False,0.0
2026-08-12T00:43:21.251800,0.5127601491925375,0.016372192034109553,0.17002518891687657,False,13,2.4412481784820557,False,0.0,21.9772309205984,-15.051781313434361,170.37841124203527,CENTER,0.0,0.8859343209570352,0.14284066972222642,NORMAL,STABLE,HIGH,STRONG_WARNING,False,0.0
2026-08-12T00:43:21.286994,0.4950392955381414,0.014361864140522136,0.16981132075471697,False,13,2.4412481784820557,False,0.0,22.338960711706818,-10.202427768114546,171.68541267172475,CENTER,0.0,0.8863256254490821,0.14012465939638585,NORMAL,STABLE,HIGH,STRONG_WARNING,False,0.0
2026-08-12T00:43:21.331025,0.503779675827506,0.08223063171787502,0.17002518891687657,False,13,2.4412481784820557,False,0.0,21.208634033021212,-18.139231214771343,170.49058809055543,CENTER,0.0,0.886394414641714,0.14406917368883926,NORMAL,STABLE,HIGH,STRONG_WARNING,False,0.0
2026-08-12T00:43:21.360193,0.5139679610416279,0.04441824846026566,0.17002518891687657,False,13,2.4412481784820557,False,0.0,21.901895866303192,-13.230900100031391,171.06293716870346,CENTER,0.0,0.8858480826229668,0.14169633870396717,NORMAL,STABLE,HIGH,STRONG_WARNING,False,0.0
2026-08-12T00:43:21.387959,0.507349193802529,0.04150056646302802,0.17002518891687657,False,13,2.4412481784820557,False,0.0,20.424254561987226,-16.051210046420465,170.52995636854735,CENTER,0.0,0.8858673546300379,0.14220266582370283,NORMAL,STABLE,HIGH,STRONG_WARNING,False,0.0
2026-08-12T00:43:21.430193,0.5301025812451704,0.02859140754522606,0.17002518891687657,False,13,2.4412481784820557,False,0.0,23.371142703901114,-12.132913029820827,171.13114856525004,CENTER,0.0,0.8865991392420307,0.14220915015622554,NORMAL,STABLE,HIGH,STRONG_WARNING,False,0.0
2026-08-12T00:43:21.461645,0.48324220832220943,0.035714053363018854,0.17002518891687657,False,13,2.4412481784820557,False,0.0,22.33090831649011,-15.880318109996722,170.38926399021761,CENTER,0.0,0.8867234298962211,0.14361500518827883,NORMAL,STABLE,HIGH,STRONG_WARNING,False,0.0
2026-08-12T00:43:21.499443,0.5111151447425055,0.04545775330247053,0.17002518891687657,False,13,2.4412481784820557,False,0.0,23.31105131451764,-14.097027554043791,170.61292787849254,CENTER,0.0,0.886331106038523,0.1433312445127089,NORMAL,STABLE,HIGH,STRONG_WARNING,False,0.0
2026-08-12T00:43:21.538754,0.4924077510169792,0.05234886874505525,0.17002518891687657,False,13,2.4412481784820557,False,0.0,22.35374661748179,-13.731897535733168,171.13780410263792,CENTER,0.0,0.8865192209749984,0.14235355567954192,NORMAL,STABLE,HIGH,STRONG_WARNING,False,0.0
2026-08-12T00:43:21.580673,0.4647843582328297,0.046736078564251334,0.17002518891687657,False,13,2.4412481784820557,False,0.0,22.431347600981155,-14.02347250727047,170.9271964455396,CENTER,0.0,0.8857992370194819,0.14258884081143186,NORMAL,STABLE,HIGH,STRONG_WARNING,False,0.0
2026-08-12T00:43:21.614711,0.4999048090981,0.037716882935479173,0.17023959646910466,False,13,2.4412481784820557,False,0.0,22.253044797861577,-14.134298765649987,170.81168179976612,CENTER,0.0,0.8857037524393331,0.14262856772705287,NORMAL,STABLE,HIGH,STRONG_WARNING,False,0.0
2026-08-12T00:43:21.646784,0.5020775219426195,0.019590830456175108,0.17023959646910466,False,13,2.4412481784820557,False,0.0,23.089917112890674,-11.63467496596968,170.93027104859596,CENTER,0.0,0.8863597442170456,0.14180438857115044,NORMAL,STABLE,HIGH,STRONG_WARNING,False,0.0
2026-08-12T00:43:21.695915,0.5076643315734884,0.03852302333076853,0.17023959646910466,False,13,2.4412481784820557,False,0.0,22.45946644414562,-11.072180940734086,171.58241008221222,CENTER,0.0,0.8870242746811516,0.14096871393637134,NORMAL,STABLE,HIGH,STRONG_WARNING,False,0.0
2026-08-12T00:43:21.730022,0.5257541897250773,0.038439653924322026,0.17023959646910466,False,13,2.4412481784820557,False,0.0,21.99015507169881,-12.822510126938027,171.5817043554734,CENTER,0.0,0.8874585844111307,0.1416385072238755,NORMAL,STABLE,HIGH,STRONG_WARNING,False,0.0
2026-08-12T00:43:21.764644,0.5169102686967287,0.04748698917772507,0.17023959646910466,False,13,2.4412481784820557,False,0.0,18.90683947086862,15.59541727462863,177.8620030302758,CENTER,0.0,0.8866082415776667,0.1408414953205553,NORMAL,STABLE,HIGH,STRONG_WARNING,False,0.0
2026-08-12T00:43:21.795030,0.5101318916422788,0.030857269028715228,0.17023959646910466,False,13,2.4412481784820557,False,0.0,24.090281426180354,-15.516103566847448,170.57972994431924,CENTER,0.0,0.8862436204805997,0.14491055776340162,NORMAL,STABLE,HIGH,STRONG_WARNING,False,0.0
2026-08-12T00:43:21.827992,0.5108867532734558,0.03703393460748194,0.17023959646910466,False,13,2.4412481784820557,False,0.0,22.599477225231226,-12.15357726896778,171.55287283821554,CENTER,0.0,0.885439784705892,0.14172397295699735,NORMAL,STABLE,HIGH,STRONG_WARNING,False,0.0
2026-08-12T00:43:21.860054,0.5244615744353012,0.03289714368300469,0.17023959646910466,False,13,2.4412481784820557,False,0.0,23.378959917418825,-13.871376696183773,171.1981995362351,CENTER,0.0,0.8855065111821476,0.14336609039326756,NORMAL,STABLE,HIGH,STRONG_WARNING,False,0.0
2026-08-12T00:43:21.896650,0.5156026266032653,0.08510520898773433,0.17023959646910466,False,13,2.4412481784820557,False,0.0,21.653014350041644,-16.338701414886202,171.35452775803196,CENTER,0.0,0.8860395074996733,0.14346499705973034,NORMAL,STABLE,HIGH,STRONG_WARNING,False,0.0
2026-08-12T00:43:21.934904,0.5187080154633925,0.02383355705669284,0.17023959646910466,False,13,2.4412481784820557,False,0.0,22.531493892220283,-8.553224220590948,172.49737533475928,CENTER,0.0,0.8865317411836992,0.13952563773086085,NORMAL,STABLE,HIGH,STRONG_WARNING,False,0.0
2026-08-12T00:43:21.975619,0.5017999081631174,0.04473000560066942,0.17023959646910466,False,13,2.4412481784820557,False,0.0,22.58989412720794,-11.67168535946351,171.56694758903956,CENTER,0.0,0.8864015382087335,0.1414293509445535,NORMAL,STABLE,HIGH,STRONG_WARNING,False,0.0
2026-08-12T00:43:22.011620,0.5212922821547168,0.03409537807455786,0.17045454545454544,False,13,2.4412481784820557,False,0.0,21.832544635364826,-15.4609546369052,170.846591599764,CENTER,0.0,0.8859884552693679,0.1432003914262261,NORMAL,STABLE,HIGH,STRONG_WARNING,False,0.0
2026-08-12T00:43:22.048816,0.4774814118229995,0.061150843682285655,0.17045454545454544,False,13,2.4412481784820557,False,0.0,20.600497027195047,-16.388856530068978,172.33771480221083,CENTER,0.0,0.8865664236009047,0.14277464415108226,NORMAL,STABLE,HIGH,STRONG_WARNING,False,0.0
2026-08-12T00:43:22.077051,0.5029349965511192,0.05620648466486248,0.17045454545454544,False,13,2.4412481784820557,False,0.0,22.616617368763684,-14.472588620306595,171.95326691040145,CENTER,0.0,0.8869137514595172,0.14323437856635074,NORMAL,STABLE,HIGH,STRONG_WARNING,False,0.0
2026-08-12T00:43:22.108327,0.5289743053075625,0.03953429135190449,0.17045454545454544,False,13,2.4412481784820557,False,0.0,22.06491872753952,-16.89094289715902,171.68571400486564,CENTER,0.0,0.8865770489887483,0.1442366176613619,NORMAL,STABLE,NORMAL,NO_ACTION,False,0.0
2026-08-12T00:43:22.139187,0.5321406580157444,0.043281331118092896,0.17045454545454544,False,13,2.4412481784820557,False,0.0,22.836735208751918,-15.158999250610407,171.48854995077284,CENTER,0.0,0.8859628751877979,0.14381800157739175,NORMAL,STABLE,NORMAL,NO_ACTION,False,0.0
2026-08-12T00:43:22.169831,0.5251743622706676,0.04453960494339,0.17023959646910466,False,13,2.4412481784820557,False,0.0,21.377170477998703,-16.322042843779286,172.1152714711743,CENTER,0.0,0.8855096772119342,0.14323602078438524,NORMAL,STABLE,NORMAL,NO_ACTION,False,0.0
2026-08-12T00:43:22.250542,0.5116694586167727,0.03629307179986112,0.1706700379266751,False,13,2.4412481784820557,False,0.0,23.362641909031595,-15.971620243456044,171.32122160787935,CENTER,0.0,0.8856924314843392,0.14483552700568947,NORMAL,STABLE,NORMAL,NO_ACTION,False,0.0
2026-08-12T00:43:22.280371,0.48774530264901766,0.035997305825529104,0.1706700379266751,False,13,2.4412481784820557,False,0.0,21.449826676438335,-15.879974951002595,172.07732050701804,CENTER,0.0,0.8862436204805997,0.14326192911084312,NORMAL,STABLE,NORMAL,NO_ACTION,False,0.0
2026-08-12T00:43:22.307397,0.5220938361770264,0.0446296598675464,0.1706700379266751,False,13,2.4412481784820557,False,0.0,22.19135427699598,-15.415518558869678,172.01406301203917,CENTER,0.0,0.8863891619104775,0.1435741674190936,NORMAL,STABLE,NORMAL,NO_ACTION,False,0.0
2026-08-12T00:43:22.346235,0.5295716534912653,0.040579956802257865,0.1706700379266751,False,13,2.4412481784820557,False,0.0,22.479647316268142,-14.544020229341584,172.21666045061295,CENTER,0.0,0.886319725120844,0.14328404914583942,NORMAL,STABLE,NORMAL,NO_ACTION,False,0.0
2026-08-12T00:43:22.376593,0.5109156271117983,0.04104689035443697,0.17045454545454544,False,13,2.4412481784820557,False,0.0,22.370272947644935,-15.8874609454233,171.59572437170755,CENTER,0.0,0.8855581270616958,0.14388143947227192,NORMAL,STABLE,NORMAL,NO_ACTION,False,0.0
2026-08-12T00:43:22.409503,0.5100332216236894,0.0326525537152979,0.17045454545454544,False,13,2.4412481784820557,False,0.0,22.977015881680217,-14.069177928995742,172.22777651465503,CENTER,0.0,0.8847996710472598,0.1432803111529292,NORMAL,STABLE,NORMAL,NO_ACTION,False,0.0
2026-08-12T00:43:22.437304,0.5010131996704933,0.0502099514161344,0.17045454545454544,False,13,2.4412481784820557,False,0.0,21.47750954981376,-16.4386185965719,171.92824661628958,CENTER,0.0,0.8849354745370369,0.14350073975863117,NORMAL,STABLE,NORMAL,NO_ACTION,False,0.0
2026-08-12T00:43:22.464545,0.5147758937601014,0.03446611970626994,0.17045454545454544,False,13,2.4412481784820557,False,0.0,21.38676240204606,-16.88596270208683,171.51391313030393,CENTER,0.0,0.8854424950192696,0.14369511054991221,NORMAL,STABLE,NORMAL,NO_ACTION,False,0.0
2026-08-12T00:43:22.491044,0.4989504341201564,0.04492996752846206,0.17045454545454544,False,13,2.4412481784820557,False,0.0,21.564056658095325,-14.594292576848034,172.22159120283618,CENTER,0.0,0.8861161637966228,0.14247099984243422,NORMAL,STABLE,NORMAL,NO_ACTION,False,0.0
2026-08-12T00:43:22.521621,0.5198262401408067,0.04493209949905874,0.17045454545454544,False,13,2.4412481784820557,False,0.0,22.49975804458481,-15.7069101407738,172.02085340227205,CENTER,0.0,0.8866293004727612,0.14387673189366912,NORMAL,STABLE,NORMAL,NO_ACTION,False,0.0
2026-08-12T00:43:22.551964,0.5212426678574804,0.05225639426341124,0.17045454545454544,False,13,2.4412481784820557,False,0.0,23.037601131395007,-16.3966777892866,171.5352056576112,CENTER,0.0,0.886470447326736,0.14471466790720178,NORMAL,STABLE,NORMAL,NO_ACTION,False,0.0
2026-08-12T00:43:22.577993,0.5174960197907631,0.030158582687658506,0.17045454545454544,False,13,2.4412481784820557,False,0.0,22.765613838271065,-15.465382206626714,171.66713200725428,CENTER,0.0,0.8854656406158142,0.143944002103567,NORMAL,STABLE,NORMAL,NO_ACTION,False,0.0
2026-08-12T00:43:22.635172,0.5208014298745725,0.023916855118465072,0.17023959646910466,False,13,2.4412481784820557,False,0.0,22.474983134522432,-16.8821429153233,171.7898369430451,CENTER,0.0,0.8851208191974492,0.1444414134655383,NORMAL,STABLE,NORMAL,NO_ACTION,False,0.0
2026-08-12T00:43:22.670092,0.5237142966478501,0.05623582662239772,0.17023959646910466,False,13,2.4412481784820557,False,0.0,21.363022535605126,-18.30309035111597,171.58082079245628,CENTER,0.0,0.8847836250326606,0.144404685163612,NORMAL,STABLE,NORMAL,NO_ACTION,False,0.0
2026-08-12T00:43:22.698172,0.49024146301067817,0.04319597493706506,0.17023959646910466,False,13,2.4412481784820557,False,0.0,21.30168604461764,-16.60344908411929,171.8595454382829,CENTER,0.0,0.8854715529365896,0.14334368051591068,NORMAL,STABLE,NORMAL,NO_ACTION,False,0.0
2026-08-12T00:43:22.730524,0.513318639396261,0.01139502113190643,0.17023959646910466,False,13,2.4412481784820557,False,0.0,20.77396334965863,-17.510782867480344,171.63138134656742,CENTER,0.0,0.886100513535747,0.14346500507170787,NORMAL,STABLE,NORMAL,NO_ACTION,False,0.0
2026-08-12T00:43:22.762882,0.547865600339382,0.024718035472411366,0.17023959646910466,False,13,2.4412481784820557,False,0.0,21.014385699419392,-17.04669882200048,172.1739873365383,CENTER,0.0,0.8856717683429682,0.14337952490592326,NORMAL,STABLE,NORMAL,NO_ACTION,False,0.0
2026-08-12T00:43:22.794767,0.54573463568961,0.0321258268290589,0.17023959646910466,False,13,2.4412481784820557,False,0.0,22.170546170887263,-18.676777601853814,171.86406475206672,CENTER,0.0,0.8850808001012477,0.14526852573550778,NORMAL,STABLE,NORMAL,NO_ACTION,False,0.0
2026-08-12T00:43:22.827975,0.5431940925280518,0.02793743097093289,0.17023959646910466,False,13,2.4412481784820557,False,0.0,22.661595419798175,-16.419673109465066,172.2656755132017,CENTER,0.0,0.8855555966363741,0.14431416280974432,NORMAL,STABLE,NORMAL,NO_ACTION,False,0.0
2026-08-12T00:43:22.854667,0.5315415306830291,0.021834037403794023,0.17023959646910466,False,13,2.4412481784820557,False,0.0,23.866885400334326,-15.278807374224385,172.18589506347757,CENTER,0.0,0.8855754682702985,0.1445918212378351,NORMAL,STABLE,NORMAL,NO_ACTION,False,0.0
2026-08-12T00:43:22.890035,0.53040294376109,0.040029230329335155,0.17023959646910466,False,13,2.4412481784820557,False,0.0,23.340726974658992,-17.287614460027157,171.9468832880401,CENTER,0.0,0.8850553759226598,0.14537041869003312,NORMAL,STABLE,NORMAL,NO_ACTION,False,0.0
2026-08-12T00:43:22.915884,0.5721930656748648,0.03820109452353378,0.17023959646910466,False,13,2.4412481784820557,False,0.0,21.780418548618997,-17.546280908541092,172.1038016955427,CENTER,0.0,0.8853602022298974,0.14428539878828497,NORMAL,STABLE,NORMAL,NO_ACTION,False,0.0
2026-08-12T00:43:22.947761,0.560911142623523,0.012936541706022011,0.17023959646910466,False,13,2.4412481784820557,False,0.0,21.694082165989244,-14.897352993737911,172.7747714476327,CENTER,0.0,0.8860080630674767,0.1426391518570846,NORMAL,STABLE,NORMAL,NO_ACTION,False,0.0
2026-08-12T00:43:22.981032,0.5616586731169388,0.022626241669379335,0.17023959646910466,False,13,2.4412481784820557,False,0.0,21.88891002973392,-17.833275504128693,172.26458000793104,CENTER,0.0,0.8860641281782774,0.14454248679517415,NORMAL,STABLE,NORMAL,NO_ACTION,False,0.0
2026-08-12T00:43:23.034823,0.5348158533640717,0.054300393263562285,0.17023959646910466,False,13,2.4412481784820557,False,0.0,21.768308322438457,-17.077516584527075,172.95479864847607,CENTER,0.0,0.8860793467078187,0.1439965886285619,NORMAL,STABLE,NORMAL,NO_ACTION,False,0.0
2026-08-12T00:43:23.074679,0.5423372641101918,0.03760393542061625,0.17045454545454544,False,13,2.4412481784820557,False,0.0,21.96436890067085,-17.739643669521655,172.51701948371215,CENTER,0.0,0.8861645776687732,0.1446622494422168,NORMAL,STABLE,NORMAL,NO_ACTION,False,0.0
2026-08-12T00:43:23.106618,0.5239956449044015,0.020030154000030123,0.17045454545454544,False,13,2.4412481784820557,False,0.0,22.444653813213705,-16.833005904247074,172.76269830692996,CENTER,0.0,0.886021542679143,0.14450366789828759,NORMAL,STABLE,NORMAL,NO_ACTION,False,0.0
2026-08-12T00:43:23.143654,0.5373240346305683,0.03177376363412967,0.17045454545454544,False,13,2.4412481784820557,False,0.0,21.43686829689372,-16.41955653087092,173.12694454738119,CENTER,0.0,0.8860424096936443,0.14345711227272348,NORMAL,STABLE,NORMAL,NO_ACTION,False,0.0
2026-08-12T00:43:23.176266,0.5326151335937697,0.024704642197254587,0.17045454545454544,False,13,2.4412481784820557,False,0.0,23.205335319431356,-17.91883869193802,172.59112438179028,CENTER,0.0,0.8867021551354596,0.14575445942850224,NORMAL,STABLE,NORMAL,NO_ACTION,False,0.0
2026-08-12T00:43:23.203173,0.5684865024572259,0.06423163442687306,0.17045454545454544,False,13,2.4412481784820557,False,0.0,21.086820538220252,-18.404667338981426,173.20400838894977,CENTER,0.0,0.8868353322596185,0.14436145026423886,NORMAL,STABLE,NORMAL,NO_ACTION,False,0.0
2026-08-12T00:43:23.230022,0.530524494675039,0.040007867757212774,0.17045454545454544,False,13,2.4412481784820557,False,0.0,22.302447502783906,-18.514886365118514,172.90197196621978,CENTER,0.0,0.8872343359604645,0.1453924558789309,NORMAL,STABLE,NORMAL,NO_ACTION,False,0.0
2026-08-12T00:43:23.260044,0.5610525086921617,0.03849943284009216,0.17045454545454544,False,13,2.4412481784820557,False,0.0,20.705914937261213,-19.32481508700363,173.45689008869942,CENTER,0.0,0.887436769986201,0.14460699787271986,NORMAL,STABLE,NORMAL,NO_ACTION,False,0.0
2026-08-12T00:43:23.296301,0.5084671528159534,0.02145760909062245,0.17045454545454544,False,13,2.4412481784820557,False,0.0,22.49724504132581,-18.950666996153245,173.06751133711595,CENTER,0.0,0.88730810205598,0.14580669772994231,NORMAL,STABLE,NORMAL,NO_ACTION,False,0.0
2026-08-12T00:43:23.323594,0.5552066594188366,0.02302443762626175,0.17045454545454544,False,13,2.4412481784820557,False,0.0,21.75263010645068,-18.78653579540733,173.2537838855891,CENTER,0.0,0.88664027364418,0.1451176248183852,NORMAL,STABLE,NORMAL,NO_ACTION,False,0.0
2026-08-12T00:43:23.355653,0.5332379328499393,0.022359613090118458,0.17045454545454544,False,13,2.4412481784820557,False,0.0,21.367391783015563,-17.605598270222544,173.3995355585705,CENTER,0.0,0.8869586395257693,0.14410833833914855,NORMAL,STABLE,NORMAL,NO_ACTION,False,0.0
2026-08-12T00:43:23.387082,0.5442374007252907,0.02512241007025456,0.17045454545454544,False,13,2.4412481784820557,False,0.0,21.036557857454454,-18.167465720689705,173.56195609594522,CENTER,0.0,0.8869773478835979,0.1441802595960028,NORMAL,STABLE,NORMAL,NO_ACTION,False,0.0
2026-08-12T00:43:23.417592,0.5441051478891296,0.024912332254476727,0.17023959646910466,False,13,2.4412481784820557,False,0.0,22.281554762359264,-17.214883744524144,173.53847347220494,CENTER,0.0,0.8876161903333006,0.14448598552155598,NORMAL,STABLE,NORMAL,NO_ACTION,False,0.0
2026-08-12T00:43:23.466844,0.5457694425988501,0.044155038881526255,0.17045454545454544,False,13,2.4412481784820557,False,0.0,22.08235413460818,-18.91085885569416,173.15262933610063,CENTER,0.0,0.8880639436973349,0.14545351297871986,NORMAL,STABLE,NORMAL,NO_ACTION,False,0.0
2026-08-12T00:43:23.498868,0.5159127641071432,0.025434670161504292,0.17023959646910466,False,13,2.4412481784820557,False,0.0,21.663300409548867,-16.33353144184528,173.59331144545274,CENTER,0.0,0.8880508958170031,0.14347008627354185,NORMAL,STABLE,NORMAL,NO_ACTION,False,0.0
2026-08-12T00:43:23.530731,0.5421363264425383,0.03630808778262453,0.17023959646910466,False,13,2.4412481784820557,False,0.0,22.051854791135156,-16.614575241032412,173.54354081309492,CENTER,0.0,0.887923187289748,0.14394603499288108,NORMAL,STABLE,NORMAL,NO_ACTION,False,0.0
2026-08-12T00:43:23.561905,0.5586477075788279,0.017628125004676767,0.17045454545454544,False,13,2.4412481784820557,False,0.0,22.112924506670964,-17.65298822184417,173.46344618689182,CENTER,0.0,0.8875269058948169,0.14472860972547874,NORMAL,STABLE,NORMAL,NO_ACTION,False,0.0
2026-08-12T00:43:23.594796,0.573229336366297,0.035160190871150826,0.17045454545454544,False,13,2.4412481784820557,False,0.0,20.74972458691414,-22.261666807911922,173.12883643464914,CENTER,0.0,0.8878538104627997,0.14639095889328985,NORMAL,STABLE,NORMAL,NO_ACTION,False,0.0
2026-08-12T00:43:23.627435,0.5575867098716477,0.052708883776814264,0.17045454545454544,False,13,2.4412481784820557,False,0.0,22.17805291625899,-16.845725543152724,173.89984519993675,CENTER,0.0,0.8878556812985826,0.14429952918093272,NORMAL,STABLE,NORMAL,NO_ACTION,False,0.0
2026-08-12T00:43:23.658703,0.5477229695336937,0.024904153472415032,0.17045454545454544,False,13,2.4412481784820557,False,0.0,21.609259382639152,-19.516594124267755,173.2716720047976,CENTER,0.0,0.8879332490283494,0.14543858874765045,NORMAL,STABLE,NORMAL,NO_ACTION,False,0.0
2026-08-12T00:43:23.690755,0.5678435002284747,0.029103947746246354,0.17045454545454544,False,13,2.4412481784820557,False,0.0,22.394437380199605,-18.89032552398922,173.64705849548864,CENTER,0.0,0.8886028883132472,0.14568911658228678,NORMAL,STABLE,NORMAL,NO_ACTION,False,0.0
2026-08-12T00:43:23.723556,0.5524588574786538,0.054939110821738635,0.17045454545454544,False,13,2.4412481784820557,False,0.0,20.602415635010033,-20.16978709209866,173.59886380551,CENTER,0.0,0.8884456181821151,0.14502806657056577,NORMAL,STABLE,NORMAL,NO_ACTION,False,0.0
2026-08-12T00:43:23.753736,0.5050922135904029,0.015038232156666654,0.17045454545454544,False,13,2.4412481784820557,False,0.0,22.354614078395173,-17.652891400354605,173.4327645618789,CENTER,0.0,0.8876996703838428,0.14492048380679423,NORMAL,STABLE,NORMAL,NO_ACTION,False,0.0
2026-08-12T00:43:23.786666,0.5068828198843581,0.04104677279476785,0.17023959646910466,False,13,2.4412481784820557,False,0.0,20.30778821824137,-18.024690151201753,173.72679275745907,CENTER,0.0,0.8872387252290318,0.14340088370623974,NORMAL,STABLE,NORMAL,NO_ACTION,False,0.0
2026-08-12T00:43:23.817817,0.4838545821922186,0.02851116290555621,0.17023959646910466,False,13,2.4412481784820557,False,0.0,23.02464255351481,-14.473667018703253,173.86520948188922,CENTER,0.0,0.8869646357943041,0.14344343847506427,NORMAL,STABLE,NORMAL,NO_ACTION,False,0.0
2026-08-12T00:43:23.850100,0.48535630532976193,0.032804723265160936,0.17023959646910466,False,13,2.4412481784820557,False,0.0,20.87864578847197,-16.012803466919763,173.58241543090912,CENTER,0.0,0.8874007324123064,0.14265594877548987,NORMAL,STABLE,NORMAL,NO_ACTION,False,0.0
2026-08-12T00:43:23.882989,0.46206241008907706,0.052575397772798654,0.17045454545454544,False,13,2.4412481784820557,False,0.0,22.49205270953675,-17.923886205845577,173.46995028411584,CENTER,0.0,0.8872809629445914,0.14519103009536888,NORMAL,STABLE,NORMAL,NO_ACTION,False,0.0
2026-08-12T00:43:23.914448,0.4733067920758162,0.02992707488719536,0.17023959646910466,False,13,2.4412481784820557,False,0.0,21.85082520938883,-14.979859903762929,173.56426517106934,CENTER,0.0,0.88720623744611,0.14281276604124613,NORMAL,STABLE,NORMAL,NO_ACTION,False,0.0
2026-08-12T00:43:23.946765,0.4773566386506667,0.013943494691699445,0.17023959646910466,False,13,2.4412481784820557,False,0.0,21.564028729160412,-14.787152241039934,173.63148602030617,CENTER,0.0,0.8873312116749135,0.14247023827753438,NORMAL,STABLE,NORMAL,NO_ACTION,False,0.0
2026-08-12T00:43:23.994882,0.45539761122062794,0.044906596160546465,0.17023959646910466,False,13,2.4412481784820557,False,0.0,22.19275473365377,-16.648339557196834,173.41246582930165,CENTER,0.0,0.8867056809413579,0.1440780369867271,NORMAL,STABLE,NORMAL,NO_ACTION,False,0.0
2026-08-12T00:43:24.026044,0.46163432555027495,0.023438044331346216,0.17023959646910466,False,13,2.4412481784820557,False,0.0,21.903827547296657,-16.002938333883748,173.89570679499434,CENTER,0.0,0.8865264284897773,0.143464195697406,NORMAL,STABLE,NORMAL,NO_ACTION,False,0.0
2026-08-12T00:43:24.058943,0.4659278787389146,0.04318286442719529,0.17023959646910466,False,13,2.4412481784820557,False,0.0,21.311050998286362,-17.856163853362574,173.5485490469004,CENTER,0.0,0.8874299102549971,0.14409722661141752,NORMAL,STABLE,NORMAL,NO_ACTION,False,0.0
2026-08-12T00:43:24.090526,0.4632677991111368,0.04783511328572416,0.17023959646910466,False,13,2.4412481784820557,False,0.0,20.051021853907656,-16.984974062952347,173.50576225048707,CENTER,0.0,0.8876064763782743,0.14257773064268128,NORMAL,STABLE,NORMAL,NO_ACTION,False,0.0
2026-08-12T00:43:24.122736,0.4412414270977235,0.047143942869866465,0.17023959646910466,False,13,2.4412481784820557,False,0.0,21.470692360399795,-18.055818649471234,172.91162147430725,CENTER,0.0,0.8874795593584656,0.14434291497788176,NORMAL,STABLE,NORMAL,NO_ACTION,False,0.0
2026-08-12T00:43:24.153853,0.4644668525593808,0.04346932931670544,0.17023959646910466,False,13,2.4412481784820557,False,0.0,21.702078733684232,-16.28757997571975,173.15864744561685,CENTER,0.0,0.8875462738421843,0.1434735127044618,NORMAL,STABLE,NORMAL,NO_ACTION,False,0.0
2026-08-12T00:43:24.186704,0.4395481023012737,0.01808868795857012,0.17023959646910466,False,13,2.4412481784820557,False,0.0,22.654029716363056,-13.029277995052439,173.30281374149166,CENTER,0.0,0.886770512596757,0.1422888563817557,NORMAL,STABLE,NORMAL,NO_ACTION,False,0.0
2026-08-12T00:43:24.221031,0.46287890161331324,0.02977323696099008,0.17045454545454544,False,13,2.4412481784820557,False,0.0,21.575436568981075,-16.61918455755233,173.0564370673576,CENTER,0.0,0.885966976635476,0.14368605002643162,NORMAL,STABLE,NORMAL,NO_ACTION,False,0.0
2026-08-12T00:43:24.254832,0.44447812432616424,0.0503334132425852,0.17045454545454544,False,13,2.4412481784820557,False,0.0,20.07732509885608,-16.365096886178605,173.47791574919154,CENTER,0.0,0.8862749689724998,0.14234502911126773,NORMAL,STABLE,NORMAL,NO_ACTION,False,0.0
2026-08-12T00:43:24.283753,0.46378420453969393,0.031959307885224976,0.17023959646910466,False,13,2.4412481784820557,False,0.0,20.66163835421554,-17.858890632115532,173.44345951618516,CENTER,0.0,0.8867935622530049,0.14358313580376889,NORMAL,STABLE,NORMAL,NO_ACTION,False,0.0
2026-08-12T00:43:24.315714,0.46988347298323213,0.04032390699855192,0.17023959646910466,False,13,2.4412481784820557,False,0.0,20.487426207588754,-13.190304069184265,174.17727516620045,CENTER,0.0,0.886902190653782,0.14066420835445415,NORMAL,STABLE,NORMAL,NO_ACTION,False,0.0
2026-08-12T00:43:24.346420,0.4600878346476923,0.032960226358773284,0.17023959646910466,False,13,2.4412481784820557,False,0.0,21.592773923279736,-16.419348750405334,173.34529537207692,CENTER,0.0,0.8868313747223856,0.14346519167983407,NORMAL,STABLE,NORMAL,NO_ACTION,False,0.0
2026-08-12T00:43:24.377644,0.4533620812563034,0.005944251810018923,0.17023959646910466,False,13,2.4412481784820557,False,0.0,21.844886501503737,-11.752598675323469,173.70302563682827,CENTER,0.0,0.8866721138300999,0.14088591318243524,NORMAL,STABLE,NORMAL,NO_ACTION,False,0.0
2026-08-12T00:43:24.411584,0.46420590931169603,0.021724732624334508,0.17023959646910466,False,13,2.4412481784820557,False,0.0,21.68389319927212,-14.5516434302248,173.54861105395634,CENTER,0.0,0.8863976886043341,0.14242515807020695,NORMAL,STABLE,NORMAL,NO_ACTION,False,0.0
2026-08-12T00:43:24.442092,0.44896094596230507,0.032822656981965,0.17023959646910466,False,13,2.4412481784820557,False,0.0,21.521970310740073,-15.6615137671603,173.0363712343718,CENTER,0.0,0.8857595177367071,0.14295760293797238,NORMAL,STABLE,NORMAL,NO_ACTION,False,0.0
2026-08-12T00:43:24.474754,0.44765837398373753,0.037071635411843516,0.17023959646910466,False,13,2.4412481784820557,False,0.0,20.594605433283107,-14.436434524159012,173.72226554549525,CENTER,0.0,0.8864674252073943,0.14149150963862794,NORMAL,STABLE,NORMAL,NO_ACTION,False,0.0
2026-08-12T00:43:24.521744,0.44947057183512973,0.024742831757931745,0.17023959646910466,False,13,2.4412481784820557,False,0.0,22.10268117300822,-13.623890668941016,173.72253676085018,CENTER,0.0,0.8871598143351133,0.14220516430483027,NORMAL,STABLE,NORMAL,NO_ACTION,False,0.0
2026-08-12T00:43:24.555767,0.45177634205352457,0.017073588403785336,0.17023959646910466,False,13,2.4412481784820557,False,0.0,21.00587526821272,-16.352219286126967,173.25759659354338,CENTER,0.0,0.8867306973736854,0.14295913885264405,NORMAL,STABLE,NORMAL,NO_ACTION,False,0.0
2026-08-12T00:43:24.588552,0.4641794140302189,0.03185257102094877,0.17023959646910466,False,13,2.4412481784820557,False,0.0,21.125814714493373,-15.236154958522093,173.3290501322375,CENTER,0.0,0.8867220627469952,0.142389664778497,NORMAL,STABLE,NORMAL,NO_ACTION,False,0.0
2026-08-12T00:43:24.621590,0.45087557979795995,0.01668258576449407,0.17002518891687657,False,13,2.4412481784820557,False,0.0,21.59126498584621,-14.141292175056435,173.59744582066855,CENTER,0.0,0.886329043322147,0.14199188281128755,NORMAL,STABLE,NORMAL,NO_ACTION,False,0.0
2026-08-12T00:43:24.651045,0.4702994653165533,0.016918745604524152,0.17002518891687657,False,13,2.4412481784820557,False,0.0,21.883449730203466,-15.42840838292119,172.96060215187003,CENTER,0.0,0.8860935338791724,0.1429905124759131,NORMAL,STABLE,NORMAL,NO_ACTION,False,0.0
2026-08-12T00:43:24.684018,0.4560383238549204,0.039140481766283694,0.16981132075471697,False,13,2.4412481784820557,False,0.0,19.549617922444952,-16.847753121184127,173.61384120094834,CENTER,0.0,0.8866254988385099,0.14186748695023244,NORMAL,STABLE,NORMAL,NO_ACTION,False,0.0
2026-08-12T00:43:24.714533,0.4582007223520926,0.014689234681406618,0.16981132075471697,False,13,2.4412481784820557,False,0.0,21.969894893302637,-15.054737895881743,173.34724094717978,CENTER,0.0,0.886875507258802,0.1427215808110677,NORMAL,STABLE,NORMAL,NO_ACTION,False,0.0
2026-08-12T00:43:24.746845,0.4462771465551262,0.04013513443324364,0.16981132075471697,False,13,2.4412481784820557,False,0.0,20.291466768242373,-16.976081845264844,173.46805985844924,CENTER,0.0,0.8873760157934057,0.14253303950794868,NORMAL,STABLE,NORMAL,NO_ACTION,False,0.0
2026-08-12T00:43:24.777573,0.4577238847273204,0.01510398634897933,0.16959798994974876,False,13,2.4412481784820557,False,0.0,20.419025143847705,-15.771637578363908,173.51479387908682,CENTER,0.0,0.8862568002788392,0.14180224216772955,NORMAL,STABLE,NORMAL,NO_ACTION,False,0.0
2026-08-12T00:43:24.810548,0.45130196517500587,0.023434720009800885,0.16959798994974876,False,13,2.4412481784820557,False,0.0,21.080115093238618,-14.872424574990788,173.52428634190449,CENTER,0.0,0.8865307458031223,0.14179166457815534,NORMAL,STABLE,NORMAL,NO_ACTION,False,0.0
2026-08-12T00:43:24.843606,0.4706675903621339,0.01943313519274714,0.16959798994974876,False,13,2.4412481784820557,False,0.0,21.37388266838579,-11.748616158286893,174.07651973072507,CENTER,0.0,0.8865635094143968,0.14016443184512517,NORMAL,STABLE,NORMAL,NO_ACTION,False,0.0
2026-08-12T00:43:24.877808,0.4466914339085366,0.012014873133173794,0.16959798994974876,False,13,2.4412481784820557,False,0.0,21.550933186914676,-14.060074600840437,173.78767324713857,CENTER,0.0,0.886654232957329,0.1416817224199569,NORMAL,STABLE,NORMAL,NO_ACTION,False,0.0
2026-08-12T00:43:24.906416,0.449635365906452,0.04843883722268475,0.16938519447929737,False,13,2.4412481784820557,False,0.0,20.4900495623217,-16.97072796063182,173.35738299218912,CENTER,0.0,0.8872302105277124,0.14245836805004738,NORMAL,STABLE,NORMAL,NO_ACTION,False,0.0
2026-08-12T00:43:24.938670,0.4576148756613081,0.033333756218524545,0.16938519447929737,False,13,2.4412481784820557,False,0.0,21.147378867267406,-15.539397914667603,173.2195918051106,CENTER,0.0,0.8871693963722319,0.14212787842645017,NORMAL,STABLE,NORMAL,NO_ACTION,False,0.0
2026-08-12T00:43:24.969824,0.47230947983899707,0.02629361511623922,0.16938519447929737,False,13,2.4412481784820557,False,0.0,21.0969155511616,-16.97178597141425,173.03280353225284,CENTER,0.0,0.8861840895265857,0.14294092568940064,NORMAL,STABLE,NORMAL,NO_ACTION,False,0.0
2026-08-12T00:43:25.003101,0.4651287088114551,0.03268448443866483,0.16938519447929737,False,13,2.4412481784820557,False,0.0,19.719922919350836,-17.403244040687525,173.5846605513209,CENTER,0.0,0.8862486213685578,0.14210439507341752,NORMAL,STABLE,NORMAL,NO_ACTION,False,0.0
2026-08-12T00:43:25.049944,0.4718846457715282,0.01979555501144111,0.16938519447929737,False,13,2.4412481784820557,False,0.0,22.607079677201227,-13.20094156474019,173.9374940185727,CENTER,0.0,0.8868549640428015,0.1418942933254555,NORMAL,STABLE,NORMAL,NO_ACTION,False,0.0
2026-08-12T00:43:25.082238,0.46153867744468735,0.03146915551513465,0.16938519447929737,False,13,2.4412481784820557,False,0.0,21.57882723779457,-17.52541958679089,173.08873430790334,CENTER,0.0,0.8869054166462539,0.14365336458971398,NORMAL,STABLE,NORMAL,NO_ACTION,False,0.0
2026-08-12T00:43:25.114685,0.45499410950726893,0.03813884519852876,0.16938519447929737,False,13,2.4412481784820557,False,0.0,22.49342566943264,-15.207910543815217,173.66180093453522,CENTER,0.0,0.886868299744023,0.1429993761116254,NORMAL,STABLE,NORMAL,NO_ACTION,False,0.0
2026-08-12T00:43:25.147172,0.4522419507093425,0.04833817525384744,0.16917293233082706,False,13,2.4412481784820557,False,0.0,21.08809024187991,-18.190101494679936,173.1461761989292,CENTER,0.0,0.8869607262272192,0.14354537811108867,NORMAL,STABLE,NORMAL,NO_ACTION,False,0.0
2026-08-12T00:43:25.179988,0.43537778952451356,0.025954243963902373,0.16917293233082706,False,13,2.4412481784820557,False,0.0,21.71361089759384,-15.924630459831292,173.5073304485848,CENTER,0.0,0.8867300617692206,0.1426928192395793,NORMAL,STABLE,NORMAL,NO_ACTION,False,0.0
2026-08-12T00:43:25.212547,0.43310671503640663,0.033506592958403913,0.16917293233082706,False,13,2.4412481784820557,False,0.0,21.938776751696224,-15.334489578280028,173.53838147959357,CENTER,0.0,0.8858832327491182,0.14252014483799835,NORMAL,STABLE,NORMAL,NO_ACTION,False,0.0
2026-08-12T00:43:25.242527,0.4577564843449665,0.037996993559478866,0.16917293233082706,False,13,2.4412481784820557,False,0.0,22.071089994739935,-16.004855376124112,173.1403218185145,CENTER,0.0,0.8867313809482983,0.14302448381476315,NORMAL,STABLE,NORMAL,NO_ACTION,False,0.0
2026-08-12T00:43:25.274330,0.43843957000313943,0.030490604152309177,0.16896120150187735,False,13,2.4412481784820557,False,0.0,21.30808911391685,-16.271224340711,173.53486374334926,CENTER,0.0,0.8867083192995134,0.14246333879817735,NORMAL,STABLE,NORMAL,NO_ACTION,False,0.0
2026-08-12T00:43:25.306831,0.45972021010517594,0.030183137360673462,0.16896120150187735,False,13,2.4412481784820557,False,0.0,21.289509758345332,-16.68455697888436,173.2637927759136,CENTER,0.0,0.8864442556257757,0.14269476282323473,NORMAL,STABLE,NORMAL,NO_ACTION,False,0.0
2026-08-12T00:43:25.340427,0.45064693664494515,0.031410022604444074,0.16896120150187735,False,13,2.4412481784820557,False,0.0,22.6462567232509,-16.12835931866678,173.09039307091905,CENTER,0.0,0.8865461562132568,0.14344092172049772,NORMAL,STABLE,NORMAL,NO_ACTION,False,0.0
2026-08-12T00:43:25.370121,0.46636511350877463,0.04246351395168344,0.16896120150187735,False,13,2.4412481784820557,False,0.0,21.577155591681617,-14.276467141616337,174.04871992699827,CENTER,0.0,0.8860382722683552,0.14148894621077626,NORMAL,STABLE,NORMAL,NO_ACTION,False,0.0
2026-08-12T00:43:25.435053,0.4535865914591898,0.028984677304394236,0.16896120150187735,False,13,2.4412481784820557,False,0.0,21.757225530981515,-13.038554583467914,173.77644688177872,CENTER,0.0,0.8862384756821967,0.1408946512177106,NORMAL,STABLE,NORMAL,NO_ACTION,False,0.0
2026-08-12T00:43:25.455146,0.4425264167581493,0.03371425227380353,0.16896120150187735,False,13,2.4412481784820557,False,0.0,21.426808248148234,-14.48581491376558,173.52137801160433,CENTER,0.0,0.8862151741826704,0.14149423785171483,NORMAL,STABLE,NORMAL,NO_ACTION,False,0.0
2026-08-12T00:43:25.476477,0.47092037981627666,0.006990027378796901,0.16896120150187735,False,13,2.4412481784820557,False,0.0,21.424118432029218,-13.500458179101287,173.2997321353938,CENTER,0.0,0.8865680785710204,0.14090522943832345,NORMAL,STABLE,NORMAL,NO_ACTION,False,0.0
2026-08-12T00:43:25.511536,0.46331324616931724,0.034078262124054425,0.16896120150187735,False,13,2.4412481784820557,False,0.0,21.023534684338728,-15.020372532438188,173.38176578107345,CENTER,0.0,0.8868011415364329,0.1414923674093906,NORMAL,STABLE,NORMAL,NO_ACTION,False,0.0
2026-08-12T00:43:25.537287,0.4484071759696209,0.032053275782537125,0.16875,False,13,2.4412481784820557,False,0.0,23.432684421416326,-15.81292920527261,172.95716172107547,CENTER,0.0,0.8863370783219838,0.14376398554183994,NORMAL,STABLE,NORMAL,NO_ACTION,False,0.0
2026-08-12T00:43:25.579022,0.45344934345147664,0.024004712176364913,0.16896120150187735,False,13,2.4412481784820557,False,0.0,23.02594886918638,-13.874195043264905,173.6002307887229,CENTER,0.0,0.8859418642628519,0.14239987850276628,NORMAL,STABLE,NORMAL,NO_ACTION,False,0.0
2026-08-12T00:43:25.610678,0.46436127883864986,0.031197899101474694,0.16896120150187735,False,13,2.4412481784820557,False,0.0,22.49801075256474,-14.460173281388336,173.74065047812923,CENTER,0.0,0.8854955979734143,0.1423296346161464,NORMAL,STABLE,NORMAL,NO_ACTION,False,0.0
2026-08-12T00:43:25.643598,0.4620270177050391,0.04347943918516892,0.16896120150187735,False,13,2.4412481784820557,False,0.0,21.938405545036886,-16.314849303568337,173.20954090465904,CENTER,0.0,0.8860521356412078,0.14298987163438745,NORMAL,STABLE,NORMAL,NO_ACTION,False,0.0
2026-08-12T00:43:25.673390,0.4602561243479669,0.04501817310562479,0.16896120150187735,False,13,2.4412481784820557,False,0.0,22.38057849691745,-16.398924967282284,173.4382915856881,CENTER,0.0,0.8861546118704684,0.14339108720401983,NORMAL,STABLE,NORMAL,NO_ACTION,False,0.0
2026-08-12T00:43:25.706617,0.4493267199674141,0.029537416965042442,0.16896120150187735,False,13,2.4412481784820557,False,0.0,22.781797244047567,-13.424445666126672,173.86338479751907,CENTER,0.0,0.8862658066741786,0.1419381236357895,NORMAL,STABLE,NORMAL,NO_ACTION,False,0.0
2026-08-12T00:43:25.737431,0.45769720976697736,0.026663700344313895,0.16896120150187735,False,13,2.4412481784820557,False,0.0,22.436740938758305,-16.206253179705755,173.0825857908011,CENTER,0.0,0.8865046140648474,0.14332093308465244,NORMAL,STABLE,NORMAL,NO_ACTION,False,0.0
2026-08-12T00:43:25.771176,0.4676566066584963,0.023449445239266006,0.16896120150187735,False,13,2.4412481784820557,False,0.0,22.250533824704263,-14.205296065567609,173.75740719211274,CENTER,0.0,0.8859065342486446,0.14198130369419618,NORMAL,STABLE,NORMAL,NO_ACTION,False,0.0
2026-08-12T00:43:25.834998,0.45354943164346995,0.05636964307908524,0.16896120150187735,False,13,2.4412481784820557,False,0.0,23.448260054725665,-18.81585298265503,172.72925157768452,CENTER,0.0,0.8863794479554511,0.14567846723730404,NORMAL,STABLE,NORMAL,NO_ACTION,False,0.0
2026-08-12T00:43:25.874385,0.43615218575512205,0.019662485298650993,0.16896120150187735,False,13,2.4412481784820557,False,0.0,23.021532185670907,-17.281529576657306,173.21138767788727,CENTER,0.0,0.8861207209607093,0.14442575842983987,NORMAL,STABLE,NORMAL,NO_ACTION,False,0.0
2026-08-12T00:43:25.908806,0.46863960737316795,0.04020531926907231,0.16896120150187735,False,13,2.4412481784820557,False,0.0,22.70017308427768,-15.879138015421944,173.56816966697204,CENTER,0.0,0.8856984877155595,0.14333530339106693,NORMAL,STABLE,NORMAL,NO_ACTION,False,0.0
2026-08-12T00:43:25.938808,0.4434576456939267,0.019690116167419103,0.16896120150187735,False,13,2.4412481784820557,False,0.0,21.442097614430594,-13.774148956507076,173.8228642965148,CENTER,0.0,0.8835225977672447,0.14108251568819732,NORMAL,STABLE,NORMAL,NO_ACTION,False,0.0
2026-08-12T00:43:25.968435,0.4568805813957114,0.0541068250711906,0.16896120150187735,False,13,2.4412481784820557,False,0.0,21.5789007355134,-18.1772990438823,173.1775974569045,CENTER,0.0,0.8832011258185544,0.1438136433731439,NORMAL,STABLE,NORMAL,NO_ACTION,False,0.0
2026-08-12T00:43:25.999825,0.452226869697627,0.028206944264936976,0.16896120150187735,False,13,2.4412481784820557,False,0.0,21.860017198479596,-16.90774284550571,173.47816026628277,CENTER,0.0,0.8831580006552519,0.14328074520159945,NORMAL,STABLE,NORMAL,NO_ACTION,False,0.0
2026-08-12T00:43:26.032289,0.45301960221822246,0.03894179611323783,0.16875,False,13,2.4412481784820557,False,0.0,22.098875448787737,-15.111760657587809,173.7604781680223,CENTER,0.0,0.8822105782342087,0.14228716276018644,NORMAL,STABLE,NORMAL,NO_ACTION,False,0.0
2026-08-12T00:43:26.064193,0.44861763576060654,0.034677301066140864,0.16875,False,13,2.4412481784820557,False,0.0,20.899307552799172,-14.874968038089975,174.0023340061187,CENTER,0.0,0.8829495343833693,0.14119352360683807,NORMAL,STABLE,NORMAL,NO_ACTION,False,0.0
2026-08-12T00:43:26.095472,0.44932053289747026,0.02512025627811968,0.16875,False,13,2.4412481784820557,False,0.0,23.786860163962103,-13.535430436352073,173.55231879622198,CENTER,0.0,0.8836390333096544,0.14268878122883982,NORMAL,STABLE,NORMAL,NO_ACTION,False,0.0
2026-08-12T00:43:26.140357,0.4496840067642288,0.02993422251942748,0.16875,False,13,2.4412481784820557,False,0.0,22.546745447890913,-15.671435779063557,173.83251421833234,CENTER,0.0,0.882571121868672,0.14297616658665493,NORMAL,STABLE,NORMAL,NO_ACTION,False,0.0
2026-08-12T00:43:26.187951,0.45089844002915447,0.036216813882240774,0.16875,False,13,2.4412481784820557,False,0.0,21.517902567612396,-14.394282502783653,173.51683099198772,CENTER,0.0,0.8831516086329936,0.14139847208999734,NORMAL,STABLE,NORMAL,NO_ACTION,False,0.0
2026-08-12T00:43:26.224739,0.44775969523698333,0.02462257561206909,0.16875,False,13,2.4412481784820557,False,0.0,22.32404439558954,-15.124033927537852,173.24683673706772,CENTER,0.0,0.8829066970409564,0.14247328494889083,NORMAL,STABLE,NORMAL,NO_ACTION,False,0.0
2026-08-12T00:43:26.262544,0.47292451793103696,0.055801762556077245,0.16875,False,13,2.4412481784820557,False,0.0,22.343084725441685,-15.134265520289063,173.47572272863817,CENTER,0.0,0.8826032738605559,0.14249449922534796,NORMAL,STABLE,NORMAL,NO_ACTION,False,0.0
2026-08-12T00:43:26.298933,0.4659529833425148,0.08141313364839778,0.16875,False,13,2.4412481784820557,False,0.0,23.407618974067645,-16.822664065932088,172.78347147069098,CENTER,0.0,0.883239621862548,0.14434547226546485,NORMAL,STABLE,NORMAL,NO_ACTION,False,0.0
2026-08-12T00:43:26.328418,0.4656646072032883,0.029432662170675025,0.16875,False,13,2.4412481784820557,False,0.0,21.948391653337836,-14.601889850743106,173.63936414875394,CENTER,0.0,0.88309882947735,0.1418639839139932,NORMAL,STABLE,NORMAL,NO_ACTION,False,0.0
2026-08-12T00:43:26.354735,0.46318730240544903,0.027098659299264,0.16853932584269662,False,13,2.4412481784820557,False,0.0,21.470203950138483,-14.898744654824384,173.5865392645835,CENTER,0.0,0.8832507869145602,0.14154774166522405,NORMAL,STABLE,NORMAL,NO_ACTION,False,0.0
2026-08-12T00:43:26.385345,0.4537704894474468,0.026985593489832246,0.16853932584269662,False,13,2.4412481784820557,False,0.0,22.981817335094632,-15.693911413211168,172.8630537165663,CENTER,0.0,0.8832708983992259,0.14322174813952157,NORMAL,STABLE,NORMAL,NO_ACTION,False,0.0
2026-08-12T00:43:26.417387,0.4536151089992888,0.03425511507790182,0.16853932584269662,False,13,2.4412481784820557,False,0.0,21.719810231266564,-16.232116289627555,173.2391107317697,CENTER,0.0,0.8826429091955712,0.1425401081503891,NORMAL,STABLE,NORMAL,NO_ACTION,False,0.0
2026-08-12T00:43:26.445078,0.45159076170039836,0.03310126738310411,0.16853932584269662,False,13,2.4412481784820557,False,0.0,22.97640037852466,-17.14291579479223,173.02125875730576,CENTER,0.0,0.8827503503351786,0.14408046442587175,NORMAL,STABLE,NORMAL,NO_ACTION,False,0.0
2026-08-12T00:43:26.478651,0.42255061319119924,0.019102846990497174,0.16853932584269662,False,13,2.4412481784820557,False,0.0,21.812844753666894,-15.165381591106268,173.44590947577228,CENTER,0.0,0.8831962928261153,0.14197864862302445,NORMAL,STABLE,NORMAL,NO_ACTION,False,0.0
2026-08-12T00:43:26.507385,0.18251919360852228,0.02518705611727676,0.16978776529338327,True,13,2.4412481784820557,False,0.0,22.691774946336295,-13.708896386040948,173.88946576598835,CENTER,0.0,0.8836886704205859,0.3109722551474239,LOW,STABLE,NORMAL,NO_ACTION,False,0.0
2026-08-12T00:43:26.541093,0.17532341494548148,0.017704405407980326,0.17103620474406991,True,13,2.4412481784820557,False,0.03370809555053711,22.344708339015682,-12.311694348468734,174.03286928631007,UP,0.0,0.8837293850839376,0.3488231614706558,LOW,STABLE,NORMAL,NO_ACTION,False,0.03370809555053711
2026-08-12T00:43:26.597332,0.10207254866151992,0.009422578727928822,0.17228464419475656,True,13,2.4412481784820557,False,0.08994698524475098,24.227524548492227,-5.671285850081574,175.70463824955692,UP,0.05623888969421387,0.8835538982889967,0.38335380035674055,MODERATE,RISING,NORMAL,NO_ACTION,False,0.08994698524475098
2026-08-12T00:43:26.624568,0.11135717606966644,0.01980189363331039,0.1735330836454432,True,13,2.4412481784820557,False,0.11718225479125977,24.59577263144925,-6.586737663902369,175.35727204674174,UP,0.08347415924072266,0.8832902303689822,0.38486291748306356,MODERATE,STABLE,NORMAL,NO_ACTION,False,0.11718225479125977
2026-08-12T00:43:26.657400,0.26125354205975426,0.014213060963733263,0.1735330836454432,False,14,0.15001487731933594,False,0.0,21.55242590511358,-12.608831101610377,173.91537638718557,UP,0.11630678176879883,0.9539494996177698,0.1758787987372523,NORMAL,STABLE,NORMAL,NO_ACTION,False,0.0
2026-08-12T00:43:26.692398,0.32308784146259334,0.034244355634626696,0.1735330836454432,False,14,0.15001487731933594,False,0.0,22.53004150466211,-13.946988788002386,173.00892787594955,UP,0.1513047218322754,0.9533542680291209,0.12410919899623327,NORMAL,STABLE,NORMAL,NO_ACTION,False,0.0
2026-08-12T00:43:26.722212,0.3820198682275773,0.01587820293474944,0.1735330836454432,False,14,0.15001487731933594,False,0.0,22.995450926690864,-13.466224352722492,173.3954977430452,UP,0.18111824989318848,0.95339432048754,0.12418901767536467,NORMAL,STABLE,NORMAL,NO_ACTION,False,0.0
2026-08-12T00:43:26.748570,0.39436001474319116,0.019142896504034175,0.1735330836454432,False,14,0.15001487731933594,False,0.0,21.643857478004406,-14.186236928810132,173.32943617504003,UP,0.20747685432434082,0.9531954308306184,0.12357110488626928,NORMAL,STABLE,NORMAL,NO_ACTION,False,0.0
2026-08-12T00:43:26.773731,0.40947722552817734,0.04612849260784085,0.1735330836454432,False,14,0.15001487731933594,False,0.0,21.780783546689946,-13.850431548976047,173.56411950702358,CENTER,0.0,0.9528581640089163,0.09667026467927231,NORMAL,STABLE,NORMAL,NO_ACTION,False,0.0
2026-08-12T00:43:26.807369,0.42973528770956426,0.011064692101915298,0.1735330836454432,False,14,0.15001487731933594,False,0.0,20.7942759777616,-13.995475608746574,173.6243261469507,CENTER,0.0,0.952808891585934,0.09600199473107567,NORMAL,STABLE,NORMAL,NO_ACTION,False,0.0
2026-08-12T00:43:26.838867,0.40834361201105807,0.010310137760271412,0.1735330836454432,False,14,0.15001487731933594,False,0.0,22.12449294959825,-14.053538493592185,173.28120491512396,CENTER,0.0,0.9534365354938271,0.0970479325651431,NORMAL,STABLE,NORMAL,NO_ACTION,False,0.0
2026-08-12T00:43:26.867527,0.41528152359634496,0.03155703236006682,0.1735330836454432,False,14,0.15001487731933594,False,0.0,22.090132105089936,-16.76265239202519,172.9733733145394,CENTER,0.0,0.9537536401177412,0.09856874256531017,NORMAL,STABLE,NORMAL,NO_ACTION,False,0.0
2026-08-12T00:43:26.896357,0.4284746430836635,0.0283747752653522,0.1735330836454432,False,14,0.15001487731933594,False,0.0,21.53443803478541,-12.532009668852794,174.16082763705015,CENTER,0.0,0.9539895650255773,0.09572985391147097,NORMAL,STABLE,NORMAL,NO_ACTION,False,0.0
2026-08-12T00:43:26.922761,0.42326028406907457,0.047830712143232965,0.17331670822942644,False,14,0.15001487731933594,False,0.0,20.80015034741521,-15.810008045974712,173.61291320302297,CENTER,0.0,0.9544735354688214,0.09693103822019997,NORMAL,STABLE,NORMAL,NO_ACTION,False,0.0
2026-08-12T00:43:26.956326,0.4235071526122517,0.03504390756837536,0.17331670822942644,False,14,0.15001487731933594,False,0.0,23.360646074816287,-13.562223934074751,173.41521722423295,CENTER,0.0,0.9540435510259488,0.0975969731485815,NORMAL,STABLE,NORMAL,NO_ACTION,False,0.0
2026-08-12T00:43:26.989457,0.41200270949557083,0.014308526530792252,0.17331670822942644,False,14,0.15001487731933594,False,0.0,22.703332112719295,-15.100250837806243,173.37553694307167,CENTER,0.0,0.9530282671753544,0.09797476788138973,NORMAL,STABLE,NORMAL,NO_ACTION,False,0.0
2026-08-12T00:43:27.024442,0.4326941449021301,0.02392911548698072,0.17331670822942644,False,14,0.15001487731933594,False,0.0,21.692921765839372,-14.5472059271967,173.28802411961578,CENTER,0.0,0.9532029803240741,0.09688967305455276,NORMAL,STABLE,NORMAL,NO_ACTION,False,0.0
2026-08-12T00:43:27.050913,0.4337411524826628,0.019834794603572136,0.17331670822942644,False,14,0.15001487731933594,False,0.0,22.20597335468662,-12.894064733513915,173.86574710131288,CENTER,0.0,0.954064529035208,0.09633630868696293,NORMAL,STABLE,NORMAL,NO_ACTION,False,0.0
2026-08-12T00:43:27.081807,0.44732561579792507,0.05108680055520212,0.17331670822942644,False,14,0.15001487731933594,False,0.0,22.466689148552092,-14.29454468085558,173.51295193570706,CENTER,0.0,0.9540042366826703,0.09733451769491308,NORMAL,STABLE,NORMAL,NO_ACTION,False,0.0
2026-08-12T00:43:27.114894,0.4008465528191557,0.03029097270585871,0.17331670822942644,False,14,0.15001487731933594,False,0.0,23.047144549487115,-14.414821886042148,173.27977815800386,CENTER,0.0,0.954017276716821,0.09784513819105572,NORMAL,STABLE,NORMAL,NO_ACTION,False,0.0
2026-08-12T00:43:27.162604,0.4302596539545084,0.03388498578422264,0.17331670822942644,False,14,0.15001487731933594,False,0.0,22.14327541852458,-13.809675523975756,173.71335666218272,CENTER,0.0,0.9543278677983539,0.09681140904434327,NORMAL,STABLE,NORMAL,NO_ACTION,False,0.0
2026-08-12T00:43:27.194196,0.43761724402967384,0.029459331771115902,0.17331670822942644,False,14,0.15001487731933594,False,0.0,21.78323472805414,-15.266722158515847,173.8788475273518,CENTER,0.0,0.9531584732760345,0.09736929591228807,NORMAL,STABLE,NORMAL,NO_ACTION,False,0.0
2026-08-12T00:43:27.227618,0.4661524539047688,0.022668352029725083,0.17331670822942644,False,14,0.15001487731933594,False,0.0,23.04900238451586,-10.650096057062143,174.3555231877948,CENTER,0.0,0.9526348129572474,0.0956968009121762,NORMAL,STABLE,NORMAL,NO_ACTION,False,0.0
2026-08-12T00:43:27.259064,0.4204006298865466,0.021851536656817487,0.17331670822942644,False,14,0.15001487731933594,False,0.0,22.729933906293013,-15.814906930651546,173.34127508061488,CENTER,0.0,0.953442259123514,0.09840310793740771,NORMAL,STABLE,NORMAL,NO_ACTION,False,0.0
2026-08-12T00:43:27.290973,0.4512982078536365,0.04611424235231257,0.17331670822942644,False,14,0.15001487731933594,False,0.0,22.564410837755958,-12.868167121473675,174.35135656105513,CENTER,0.0,0.9532688538630258,0.09659442275935054,NORMAL,STABLE,NORMAL,NO_ACTION,False,0.0
2026-08-12T00:43:27.322602,0.43352331250841447,0.020984389626366704,0.17331670822942644,False,14,0.15001487731933594,False,0.0,22.136695055237624,-16.098180516221447,173.27633923612552,CENTER,0.0,0.9536968958976338,0.0981131920571854,NORMAL,STABLE,NORMAL,NO_ACTION,False,0.0
2026-08-12T00:43:27.355125,0.43749213720537455,0.026635645839223638,0.17206982543640897,False,14,0.15001487731933594,False,0.0,22.36727859465833,-15.417681394759313,173.54970029724007,CENTER,0.0,0.9539912613954618,0.09725722471372478,NORMAL,STABLE,NORMAL,NO_ACTION,False,0.0
2026-08-12T00:43:27.385649,0.44394764235175943,0.014193326596993155,0.1718555417185554,False,14,0.15001487731933594,False,0.0,22.76895421143894,-16.75240058764919,173.09830333203422,CENTER,0.0,0.9541175826796124,0.09821471127664602,NORMAL,STABLE,NORMAL,NO_ACTION,False,0.0
2026-08-12T00:43:27.417825,0.43269963852704707,0.018709668805272955,0.16957605985037408,False,14,0.15001487731933594,False,0.0,22.71033458114107,-16.67116792366528,173.2214679218481,CENTER,0.0,0.953645810560271,0.09694829982644884,NORMAL,STABLE,NORMAL,NO_ACTION,False,0.0
2026-08-12T00:43:27.449695,0.4272221293546729,0.03914541955912177,0.16832917705735662,False,14,0.15001487731933594,False,0.0,22.210572740417604,-16.664673983339043,173.21704421428376,CENTER,0.0,0.9546172477816357,0.09592114572721529,NORMAL,STABLE,NORMAL,NO_ACTION,False,0.0
2026-08-12T00:43:27.482702,0.4208779896522824,0.0425772554640242,0.16708229426433915,False,14,0.15001487731933594,False,0.0,21.137737265295186,-17.45851077002115,173.32669122516984,CENTER,0.0,0.9544611170053156,0.0949146813109486,NORMAL,STABLE,NORMAL,NO_ACTION,False,0.0
2026-08-12T00:43:27.514873,0.4380996110005858,0.04572241551464581,0.1658354114713217,False,14,0.15001487731933594,False,0.0,22.573353490543923,-8.275845946632558,174.73153384477564,CENTER,0.0,0.9537836179519604,0.09012123797193289,NORMAL,STABLE,NORMAL,NO_ACTION,False,0.0
2026-08-12T00:43:27.547880,0.4444273517486866,0.023555025818098187,0.1658354114713217,False,14,0.15001487731933594,False,0.0,21.48462783313437,-12.913197338843446,173.49694422929394,CENTER,0.0,0.9536229548896891,0.09194036145368896,NORMAL,STABLE,NORMAL,NO_ACTION,False,0.0
2026-08-12T00:43:27.578908,0.45280429451031967,0.041864946665238,0.1658354114713217,False,14,0.15001487731933594,False,0.0,21.658155594900023,-17.559534407029332,172.54239790241354,CENTER,0.0,0.9538549302340537,0.09472565330225245,NORMAL,STABLE,NORMAL,NO_ACTION,False,0.0
2026-08-12T00:43:27.610603,0.44299073785238813,0.025081904887941087,0.1658354114713217,False,14,0.15001487731933594,False,0.0,21.214484449019068,-12.673682013058567,173.76125921536038,CENTER,0.0,0.9532874750835906,0.09159791417345332,NORMAL,STABLE,NORMAL,NO_ACTION,False,0.0
2026-08-12T00:43:27.642589,0.46155396117587977,0.010008816213946744,0.1658354114713217,False,14,0.15001487731933594,False,0.0,22.859201829752465,-16.005685468049393,172.89770433920546,CENTER,0.0,0.953752047342964,0.0947528032701799,NORMAL,STABLE,NORMAL,NO_ACTION,False,0.0
2026-08-12T00:43:27.690085,0.47274618869540463,0.02680606353979162,0.1658354114713217,False,14,0.15001487731933594,False,0.0,20.44896151268202,-16.95274425512298,173.1180709180229,CENTER,0.0,0.9538833282428841,0.09345852135631665,NORMAL,STABLE,NORMAL,NO_ACTION,False,0.0
2026-08-12T00:43:27.722737,0.4566602818451993,0.05608168423242385,0.16604244694132334,False,14,0.15001487731933594,False,0.0,22.13038372373191,-16.311680838676494,173.04469492483452,CENTER,0.0,0.9537636499949989,0.09447939260554605,NORMAL,STABLE,NORMAL,NO_ACTION,False,0.0
2026-08-12T00:43:27.754718,0.4376153768281911,0.012250673096478662,0.16604244694132334,False,14,0.15001487731933594,False,0.0,22.191429777908155,-16.79191138207716,172.91517948749413,CENTER,0.0,0.9530816186556929,0.09480009456385245,NORMAL,STABLE,NORMAL,NO_ACTION,False,0.0
2026-08-12T00:43:27.785843,0.4245094639995138,0.03442766665752237,0.1658354114713217,False,14,0.15001487731933594,False,0.0,22.001248760884152,-17.408551479188986,173.30265689734813,CENTER,0.0,0.953058944276549,0.09490065791134827,NORMAL,STABLE,NORMAL,NO_ACTION,False,0.0
2026-08-12T00:43:27.818409,0.4556251859302949,0.015399413802970023,0.1658354114713217,False,14,0.15001487731933594,False,0.0,22.55538838966808,-12.523123821708936,173.85827074038355,CENTER,0.0,0.953376230191901,0.09253286090032625,NORMAL,STABLE,NORMAL,NO_ACTION,False,0.0
2026-08-12T00:43:27.850499,0.45813255292002897,0.01203315911885628,0.1658354114713217,False,14,0.15001487731933594,False,0.0,22.404231174117598,-15.074872390004714,173.0648771444549,CENTER,0.0,0.9540141947623741,0.09387488656522507,NORMAL,STABLE,NORMAL,NO_ACTION,False,0.0
2026-08-12T00:43:27.883024,0.4555418729612458,0.045246877166949674,0.16604244694132334,False,14,0.15001487731933594,False,0.0,21.586886600357275,-16.21486802266864,173.16838386220672,CENTER,0.0,0.9547169321737826,0.09401030964747525,NORMAL,STABLE,NORMAL,NO_ACTION,False,0.0
2026-08-12T00:43:27.914788,0.4455163607037538,0.031643574016054096,0.16604244694132334,False,14,0.15001487731933594,False,0.0,22.65864957535618,-15.763685876478803,173.28067602040664,CENTER,0.0,0.9546706640089163,0.09456867775982541,NORMAL,STABLE,NORMAL,NO_ACTION,False,0.0
2026-08-12T00:43:27.946673,0.45185087778631194,0.03102693683569205,0.16604244694132334,False,14,0.15001487731933594,False,0.0,21.797599069377156,-12.692041170796017,173.688013577035,CENTER,0.0,0.9546565362261374,0.09215911757868364,NORMAL,STABLE,NORMAL,NO_ACTION,False,0.0
2026-08-12T00:43:27.977943,0.43602476662198064,0.04301324784020507,0.1658354114713217,False,14,0.15001487731933594,False,0.0,22.650723984912645,-12.927384490526606,173.61318802140602,CENTER,0.0,0.9538040391375171,0.0928362890809674,NORMAL,STABLE,NORMAL,NO_ACTION,False,0.0
2026-08-12T00:43:28.009942,0.45989986802006544,0.05306596390594196,0.1658354114713217,False,14,0.15001487731933594,False,0.0,21.67024573147998,-14.167763747441342,173.56134282372523,CENTER,0.0,0.9532751213670269,0.0927980732007152,NORMAL,STABLE,NORMAL,NO_ACTION,False,0.0
2026-08-12T00:43:28.042203,0.4217209023820657,0.01044823835761571,0.1658354114713217,False,14,0.15001487731933594,False,0.0,22.05985784315763,-14.385724224773753,173.176030336723,CENTER,0.0,0.9533940614997715,0.09321917160142161,NORMAL,STABLE,NORMAL,NO_ACTION,False,0.0
2026-08-12T00:43:28.074627,0.46171823538863765,0.02464256677990945,0.16604244694132334,False,14,0.15001487731933594,False,0.0,22.807956310852177,-14.868791945140885,173.12530713832746,CENTER,0.0,0.9539590174182669,0.09417134827103782,NORMAL,STABLE,NORMAL,NO_ACTION,False,0.0
2026-08-12T00:43:28.106536,0.4551665250336039,0.019624506854546423,0.1658354114713217,False,14,0.15001487731933594,False,0.0,22.70613355944147,-13.78278619630592,173.49097104102032,CENTER,0.0,0.9541505000250057,0.09336693164696344,NORMAL,STABLE,NORMAL,NO_ACTION,False,0.0
2026-08-12T00:43:28.137658,0.4342065233740918,0.043564694108280594,0.1658354114713217,False,14,0.15001487731933594,False,0.0,21.904482212461176,-17.076421007086765,173.03572039923563,CENTER,0.0,0.9547455891703819,0.09463732838141589,NORMAL,STABLE,NORMAL,NO_ACTION,False,0.0
2026-08-12T00:43:28.171476,0.43446631440282674,0.03194554095371938,0.1658354114713217,False,14,0.15001487731933594,False,0.0,22.256500825698765,-14.60729685087773,173.30389904185535,CENTER,0.0,0.9541843626757543,0.09349541242029438,NORMAL,STABLE,NORMAL,NO_ACTION,False,0.0
2026-08-12T00:43:28.217846,0.43932851996138456,0.07358165301301076,0.1658354114713217,False,14,0.15001487731933594,False,0.0,23.25590874677087,-16.74893116715424,173.06267081089777,CENTER,0.0,0.9529957253622257,0.09547925430009413,NORMAL,STABLE,NORMAL,NO_ACTION,False,0.0
2026-08-12T00:43:28.250418,0.43121992361793915,0.016926284274971608,0.1658354114713217,False,14,0.15001487731933594,False,0.0,20.91540676958087,-14.425555583545645,173.47530330094406,CENTER,0.0,0.9527270126028806,0.09237056971762583,NORMAL,STABLE,NORMAL,NO_ACTION,False,0.0
2026-08-12T00:43:28.281680,0.4488826929600386,0.04963013141517017,0.1658354114713217,False,14,0.15001487731933594,False,0.0,22.175001055703348,-18.002604971656552,172.77658735301344,CENTER,0.0,0.953157139489026,0.09537216633816362,NORMAL,STABLE,NORMAL,NO_ACTION,False,0.0
2026-08-12T00:43:28.314556,0.4464502689846743,0.02646450772839622,0.1658354114713217,False,14,0.15001487731933594,False,0.0,22.300716416457107,-12.856610464463898,173.44876275369643,CENTER,0.0,0.9529587678076418,0.09252939136045057,NORMAL,STABLE,NORMAL,NO_ACTION,False,0.0
2026-08-12T00:43:28.345928,0.46433414895455205,0.0318390390434325,0.1658354114713217,False,14,0.15001487731933594,False,0.0,21.419495268355035,-16.207637154078526,172.99748141494115,CENTER,0.0,0.9535299653313614,0.09377197850854413,NORMAL,STABLE,NORMAL,NO_ACTION,False,0.0
2026-08-12T00:43:28.378676,0.44852337032831224,0.02403043051850506,0.16604244694132334,False,14,0.15001487731933594,False,0.0,22.86922762916305,-14.297284125648531,173.15459402199065,CENTER,0.0,0.9543241772226508,0.09389165306116244,NORMAL,STABLE,NORMAL,NO_ACTION,False,0.0
2026-08-12T00:43:28.410525,0.46762290773527027,0.014307576223520666,0.16604244694132334,False,14,0.15001487731933594,False,0.0,21.39750929568001,-14.101693962621255,173.2598433898662,CENTER,0.0,0.9532354573902607,0.09265944936186321,NORMAL,STABLE,NORMAL,NO_ACTION,False,0.0
2026-08-12T00:43:28.442962,0.4583694534778036,0.011209891981305465,0.1658354114713217,False,14,0.15001487731933594,False,0.0,21.97083283570558,-13.864136232690583,173.33049842375777,CENTER,0.0,0.9526006783693415,0.09285355128018913,NORMAL,STABLE,NORMAL,NO_ACTION,False,0.0
2026-08-12T00:43:28.474139,0.4272187497791264,0.04698818515345789,0.16604244694132334,False,14,0.15001487731933594,False,0.0,22.192755044035238,-15.544525402985187,172.99069966551656,CENTER,0.0,0.9528743636938444,0.09408881526145917,NORMAL,STABLE,NORMAL,NO_ACTION,False,0.0
2026-08-12T00:43:28.508135,0.446421029545834,0.040402161684653756,0.16604244694132334,False,14,0.15001487731933594,False,0.0,21.96704018952238,-14.386520252207987,173.08040754188994,CENTER,0.0,0.9528194194387288,0.09325571391172427,NORMAL,STABLE,NORMAL,NO_ACTION,False,0.0
2026-08-12T00:43:28.538339,0.4455063918789728,0.007885005758343732,0.1658354114713217,False,14,0.15001487731933594,False,0.0,22.195767959816095,-14.892145886590214,173.07700628626287,CENTER,0.0,0.9527576379065215,0.09361182831823461,NORMAL,STABLE,NORMAL,NO_ACTION,False,0.0
2026-08-12T00:43:28.571944,0.46993120369856767,0.02640534541902432,0.16604244694132334,False,14,0.15001487731933594,False,0.0,22.63403848780169,-12.421850072457005,173.6627993452293,CENTER,0.0,0.9538442081404321,0.09264166862029502,NORMAL,STABLE,NORMAL,NO_ACTION,False,0.0
2026-08-12T00:43:28.601829,0.4488179426973399,0.010042371878394622,0.1658354114713217,False,14,0.15001487731933594,False,0.0,23.081720428709758,-14.010371764631287,173.1913778727178,CENTER,0.0,0.9538174547039323,0.09378284786510682,NORMAL,STABLE,NORMAL,NO_ACTION,False,0.0
2026-08-12T00:43:28.634159,0.4394953708550208,0.008853765373401205,0.1658354114713217,False,14,0.15001487731933594,False,0.0,22.36073560505355,-15.543840512691645,173.09232284263362,CENTER,0.0,0.9531185114633346,0.09410956292432109,NORMAL,STABLE,NORMAL,NO_ACTION,False,0.0
2026-08-12T00:43:28.665665,0.45309668872758035,0.03820274157296759,0.1658354114713217,False,14,0.15001487731933594,False,0.0,21.48560073608448,-15.707460911241128,173.33667614526888,CENTER,0.0,0.9526091084212105,0.09353669595604375,NORMAL,STABLE,NORMAL,NO_ACTION,False,0.0
2026-08-12T00:43:28.699666,0.4428599264704858,0.030177620375224673,0.1658354114713217,False,14,0.15001487731933594,False,0.0,21.92526314136518,-16.730778200419564,172.93153881216642,CENTER,0.0,0.9528905763281607,0.0944557796714027,NORMAL,STABLE,NORMAL,NO_ACTION,False,0.0
2026-08-12T00:43:28.747386,0.44019151786767874,0.033834486646302155,0.16604244694132334,False,14,0.15001487731933594,False,0.0,22.523193534107946,-13.664340852167498,173.3287346248121,CENTER,0.0,0.9525867966249428,0.09326676803385359,NORMAL,STABLE,NORMAL,NO_ACTION,False,0.0
2026-08-12T00:43:28.778377,0.45083423887937624,0.015051681549581229,0.1658354114713217,False,14,0.15001487731933594,False,0.0,23.53801264763345,-15.399197323768817,172.49824027665585,CENTER,0.0,0.9530163796367741,0.09492330724428708,NORMAL,STABLE,NORMAL,NO_ACTION,False,0.0
2026-08-12T00:43:28.810678,0.4464873433470238,0.023063709104392288,0.16604244694132334,False,14,0.15001487731933594,False,0.0,22.302081445822267,-12.061733575854248,173.54934144013407,CENTER,0.0,0.9536154701431757,0.092183292240694,NORMAL,STABLE,NORMAL,NO_ACTION,False,0.0
2026-08-12T00:43:28.847635,0.44388827680750903,0.016635078651478702,0.16604244694132334,False,14,0.15001487731933594,False,0.0,22.341228609245775,-17.376579426027632,172.4173973690265,CENTER,0.0,0.9529466601294582,0.09524800630500274,NORMAL,STABLE,NORMAL,NO_ACTION,False,0.0
2026-08-12T00:43:28.874456,0.4450614272159036,0.02374965679964378,0.1658354114713217,False,14,0.15001487731933594,False,0.0,22.896098004995935,-14.388087883550071,173.25754098804475,CENTER,0.0,0.9521606452010459,0.09385720645843049,NORMAL,STABLE,NORMAL,NO_ACTION,False,0.0
2026-08-12T00:43:28.906934,0.4455602750741078,0.021206690701535937,0.16604244694132334,False,14,0.15001487731933594,False,0.0,22.741390151742365,-10.961871175517928,173.54929436423413,CENTER,0.0,0.9527198904392432,0.09188971842710067,NORMAL,STABLE,NORMAL,NO_ACTION,False,0.0
2026-08-12T00:43:28.938857,0.44430542021148534,0.00559131092756813,0.16604244694132334,False,14,0.15001487731933594,False,0.0,22.189642328633994,-13.985157385188614,173.34174971928218,CENTER,0.0,0.9533449703682271,0.09319600755129823,NORMAL,STABLE,NORMAL,NO_ACTION,False,0.0
2026-08-12T00:43:28.969748,0.4511984544981388,0.014613645475024533,0.1658354114713217,False,14,0.15001487731933594,False,0.0,22.232465227549397,-13.774291420097,173.09997931566573,CENTER,0.0,0.9533915234196388,0.09300144577349137,NORMAL,STABLE,NORMAL,NO_ACTION,False,0.0
2026-08-12T00:43:29.034307,0.45920671980825173,0.018327748303084656,0.1658354114713217,False,14,0.15001487731933594,False,0.0,22.017337329123507,-14.80679267020463,173.05961234090842,CENTER,0.0,0.9534587048468222,0.09342723843154438,NORMAL,STABLE,NORMAL,NO_ACTION,False,0.0
2026-08-12T00:43:29.066211,0.4286113146088906,0.01245785906909136,0.16604244694132334,False,14,0.15001487731933594,False,0.0,22.70636656559745,-12.717397566408607,173.61441051211546,CENTER,0.0,0.9528676041130829,0.09286550173280558,NORMAL,STABLE,NORMAL,NO_ACTION,False,0.0
2026-08-12T00:43:29.098920,0.4555142240555045,0.0159208035593437,0.16604244694132334,False,14,0.15001487731933594,False,0.0,22.21670916056968,-14.306338975767886,173.5154576626103,CENTER,0.0,0.9525624258759144,0.0934000179772717,NORMAL,STABLE,NORMAL,NO_ACTION,False,0.0
2026-08-12T00:43:29.131372,0.44464857110209366,0.026670165628828013,0.16604244694132334,False,14,0.15001487731933594,False,0.0,21.81678826096288,-12.02152629303481,173.71922030056828,CENTER,0.0,0.9525472621420611,0.09179084696754372,NORMAL,STABLE,NORMAL,NO_ACTION,False,0.0
2026-08-12T00:43:29.156010,0.4402961312375476,0.03739179639855441,0.16604244694132334,False,14,0.15001487731933594,False,0.0,21.321789846539218,-11.95324705994409,173.65535601836814,CENTER,0.0,0.9526987570373228,0.09137498267936203,NORMAL,STABLE,NORMAL,NO_ACTION,False,0.0
2026-08-12T00:43:29.186116,0.44908156225762547,0.034758459758664914,0.16604244694132334,False,14,0.15001487731933594,False,0.0,22.932545719132804,-14.018965173006507,173.09799136545382,CENTER,0.0,0.9529504154521033,0.0937809343052478,NORMAL,STABLE,NORMAL,NO_ACTION,False,0.0
2026-08-12T00:43:29.215500,0.44834062253043416,0.015532716220910417,0.16604244694132334,False,14,0.15001487731933594,False,0.0,23.175092547081135,-10.006983164278182,173.80056840440676,CENTER,0.0,0.9530986988990341,0.09167466012702498,NORMAL,STABLE,NORMAL,NO_ACTION,False,0.0
2026-08-12T00:43:29.245920,0.44051057429473284,0.018679870061386206,0.16604244694132334,False,14,0.15001487731933594,False,0.0,23.38949395198992,-12.434102287146686,173.3925412217402,CENTER,0.0,0.9540821272540868,0.09322384333462078,NORMAL,STABLE,NORMAL,NO_ACTION,False,0.0
2026-08-12T00:43:29.273791,0.41861656384586615,0.018101372667440906,0.1658354114713217,False,14,0.15001487731933594,False,0.0,22.22347235868486,-13.142347652248532,173.41596811896602,CENTER,0.0,0.9540461020554698,0.09263374334875456,NORMAL,STABLE,NORMAL,NO_ACTION,False,0.0
2026-08-12T00:43:29.305548,0.4498665414905616,0.015824048263376626,0.1658354114713217,False,14,0.15001487731933594,False,0.0,22.898594905533287,-15.940461637974465,172.8159053443469,CENTER,0.0,0.9532019573223879,0.09474555141008842,NORMAL,STABLE,NORMAL,NO_ACTION,False,0.0
2026-08-12T00:43:29.341928,0.41985999999349005,0.018387606142845965,0.16604244694132334,False,14,0.15001487731933594,False,0.0,20.537841986118735,-14.417089652267862,173.43409081558684,CENTER,0.0,0.9537248536272577,0.09218502632695096,NORMAL,STABLE,NORMAL,NO_ACTION,False,0.0
2026-08-12T00:43:29.369676,0.455814280460144,0.0217537251351227,0.1658354114713217,False,14,0.15001487731933594,False,0.0,21.81861761293993,-13.976707193647059,173.5357791575583,CENTER,0.0,0.9539180196544924,0.09280194053546982,NORMAL,STABLE,NORMAL,NO_ACTION,False,0.0
2026-08-12T00:43:29.434374,0.43416644329536,0.043997757833269056,0.1658354114713217,False,14,0.15001487731933594,False,0.0,21.474559818300918,-12.729478646278068,173.76876139973507,CENTER,0.0,0.9541506683670553,0.09182778807797631,NORMAL,STABLE,NORMAL,NO_ACTION,False,0.0
2026-08-12T00:43:29.466242,0.45163506095998524,0.03735058081794811,0.16604244694132334,False,14,0.15001487731933594,False,0.0,23.14344773334605,-16.81851519092595,172.72766569142289,CENTER,0.0,0.954823026513203,0.09554012046765106,NORMAL,STABLE,NORMAL,NO_ACTION,False,0.0
2026-08-12T00:43:29.499329,0.44129167865877295,0.04359074795902392,0.16604244694132334,False,14,0.15001487731933594,False,0.0,22.22429858297383,-11.30028140995421,173.85775271987052,CENTER,0.0,0.9546134277120484,0.09168926292122628,NORMAL,STABLE,NORMAL,NO_ACTION,False,0.0
2026-08-12T00:43:29.531683,0.4474919128861305,0.010501002720504037,0.16604244694132334,False,14,0.15001487731933594,False,0.0,22.367299179747874,-14.539701935041165,173.19334619991258,CENTER,0.0,0.9534309025098594,0.09364792819040671,NORMAL,STABLE,NORMAL,NO_ACTION,False,0.0
2026-08-12T00:43:29.562828,0.4408984373522764,0.029873792725303876,0.16604244694132334,False,14,0.15001487731933594,False,0.0,22.233264569641108,-15.640622285753864,173.28009933975324,CENTER,0.0,0.9534502618455647,0.09417453155474319,NORMAL,STABLE,NORMAL,NO_ACTION,False,0.0
2026-08-12T00:43:29.594142,0.4456896863324734,0.04140962987347112,0.1658354114713217,False,14,0.15001487731933594,False,0.0,20.797664540643552,-18.316854615794483,172.74887018398113,CENTER,0.0,0.9527029785379515,0.09450295295108915,NORMAL,STABLE,NORMAL,NO_ACTION,False,0.0
2026-08-12T00:43:29.626129,0.45399367063224394,0.03502818217216353,0.16604244694132334,False,14,0.15001487731933594,False,0.0,21.733430333884627,-14.325752574304545,173.6180737510881,CENTER,0.0,0.9522515240090593,0.09304315136991781,NORMAL,STABLE,NORMAL,NO_ACTION,False,0.0
2026-08-12T00:43:29.659143,0.43813162049437393,0.010109353911961182,0.16604244694132334,False,14,0.15001487731933594,False,0.0,21.7301415732054,-11.850766321736018,173.5391714008082,CENTER,0.0,0.9533040761995598,0.091627368915513,NORMAL,STABLE,NORMAL,NO_ACTION,False,0.0
2026-08-12T00:43:29.686338,0.4521541783198251,0.007999665730765203,0.16604244694132334,False,14,0.15001487731933594,False,0.0,22.701464815436566,-11.679851677112424,173.5303399469875,CENTER,0.0,0.9533132443665694,0.09226930528252286,NORMAL,STABLE,NORMAL,NO_ACTION,False,0.0
2026-08-12T00:43:29.717380,0.4583145830000992,0.019297467922409745,0.16604244694132334,False,14,0.15001487731933594,False,0.0,22.024716677224205,-14.75455812605557,172.97175355915306,CENTER,0.0,0.954301140260631,0.09350978559992863,NORMAL,STABLE,NORMAL,NO_ACTION,False,0.0
2026-08-12T00:43:29.750605,0.42642415381235,0.031274153306994845,0.16604244694132334,False,14,0.15001487731933594,False,0.0,22.91389296957908,-11.190773916043838,173.54725589089708,CENTER,0.0,0.9541240573738283,0.09215176541307296,NORMAL,STABLE,NORMAL,NO_ACTION,False,0.0
2026-08-12T00:43:29.779224,0.43589047155525207,0.02862273797683405,0.16604244694132334,False,14,0.15001487731933594,False,0.0,22.18166480088115,-11.93385760230342,173.4253741256893,CENTER,0.0,0.9539845795110311,0.0920185907041951,NORMAL,STABLE,NORMAL,NO_ACTION,False,0.0
2026-08-12T00:43:29.834303,0.4485938542526159,0.011800230275322992,0.1658354114713217,False,14,0.15001487731933594,False,0.0,21.80831215653754,-13.105857340960256,173.81527796784735,CENTER,0.0,0.9533885191615225,0.09229681745402568,NORMAL,STABLE,NORMAL,NO_ACTION,False,0.0
2026-08-12T00:43:29.866544,0.45773138210705894,0.040768661739802654,0.1658354114713217,False,14,0.15001487731933594,False,0.0,21.4249588329605,-15.483992914310164,172.89556034357236,CENTER,0.0,0.9531977617205359,0.09336291948367617,NORMAL,STABLE,NORMAL,NO_ACTION,False,0.0
2026-08-12T00:43:29.897902,0.4343325459199032,0.01562787611187079,0.16604244694132334,False,14,0.15001487731933594,False,0.0,22.586902138605637,-14.302058674956982,172.69183153221542,CENTER,0.0,0.954389519836677,0.09367942630895221,NORMAL,STABLE,NORMAL,NO_ACTION,False,0.0
2026-08-12T00:43:29.931015,0.42267731436941125,0.04402788905314581,0.1658354114713217,False,14,0.15001487731933594,False,0.0,20.208690918939055,-16.675721438838764,173.17347455356514,CENTER,0.0,0.9542436190772178,0.09311740050765825,NORMAL,STABLE,NORMAL,NO_ACTION,False,0.0
2026-08-12T00:43:29.962532,0.44793309894679023,0.046525693073537565,0.16604244694132334,False,14,0.15001487731933594,False,0.0,22.903474383875704,-15.061734435767022,173.14269371879323,CENTER,0.0,0.9542841247642319,0.09435424746601878,NORMAL,STABLE,NORMAL,NO_ACTION,False,0.0
2026-08-12T00:43:29.994641,0.43675077348776675,0.015117730408410066,0.1658354114713217,False,14,0.15001487731933594,False,0.0,22.7104269991803,-13.330149751344436,173.3948109892101,CENTER,0.0,0.954349260188043,0.09311173389719399,NORMAL,STABLE,NORMAL,NO_ACTION,False,0.0
2026-08-12T00:43:30.027021,0.44504103014113755,0.022110913782788212,0.16604244694132334,False,14,0.15001487731933594,False,0.0,21.683125554000867,-15.479025138690275,172.6373082183677,CENTER,0.0,0.9540507379365283,0.093663398224197,NORMAL,STABLE,NORMAL,NO_ACTION,False,0.0
2026-08-12T00:43:30.058349,0.44709055882213244,0.009638033965177775,0.16604244694132334,False,14,0.15001487731933594,False,0.0,22.326113632184473,-13.661761931443834,172.84762431971984,CENTER,0.0,0.9531680428740855,0.09311524539365039,NORMAL,STABLE,NORMAL,NO_ACTION,False,0.0
2026-08-12T00:43:30.090380,0.46968968870807815,0.02784220270582148,0.1658354114713217,False,14,0.15001487731933594,False,0.0,23.043638084059353,-13.852874041833786,173.1626684700558,CENTER,0.0,0.9532870736525492,0.09366391814409333,NORMAL,STABLE,NORMAL,NO_ACTION,False,0.0
2026-08-12T00:43:30.122338,0.4393546960205683,0.007194293256451218,0.1658354114713217,False,14,0.15001487731933594,False,0.0,23.827623608781295,-9.696097142364096,173.72182466220744,CENTER,0.0,0.9541062390153464,0.09188719571736093,NORMAL,STABLE,NORMAL,NO_ACTION,False,0.0
2026-08-12T00:43:30.154876,0.45861317917062194,0.016517172358491886,0.1658354114713217,False,14,0.15001487731933594,False,0.0,22.969035621660794,-11.673448698367508,173.26069316951543,CENTER,0.0,0.9537958421746399,0.0923626124401363,NORMAL,STABLE,NORMAL,NO_ACTION,False,0.0
2026-08-12T00:43:30.186188,0.4506331713475664,0.009116303745062566,0.1658354114713217,False,14,0.15001487731933594,False,0.0,23.976174612562914,-10.92545233948772,173.7826683464741,CENTER,0.0,0.9541363333940615,0.09270228975014724,NORMAL,STABLE,NORMAL,NO_ACTION,False,0.0
2026-08-12T00:43:30.218250,0.4315115220183339,0.02492916041395491,0.1658354114713217,False,14,0.15001487731933594,False,0.0,21.205780100338046,-12.86517269054255,173.4939083335961,CENTER,0.0,0.9546268044302983,0.09170063289866158,NORMAL,STABLE,NORMAL,NO_ACTION,False,0.0
2026-08-12T00:43:30.250284,0.44973427042520286,0.026058245506849348,0.1658354114713217,False,14,0.15001487731933594,False,0.0,22.039614877669294,-13.57192956979577,173.33492066749614,CENTER,0.0,0.954073619505887,0.09273906236683718,NORMAL,STABLE,NORMAL,NO_ACTION,False,0.0
2026-08-12T00:43:30.281841,0.432652702545593,0.02041850178082377,0.1658354114713217,False,14,0.15001487731933594,False,0.0,22.313624850854183,-14.488596798654498,172.78055351612807,CENTER,0.0,0.9538729557827503,0.09347112406056889,NORMAL,STABLE,NORMAL,NO_ACTION,False,0.0
2026-08-12T00:43:30.331017,0.44142622573231416,0.007148073484924873,0.1658354114713217,False,14,0.15001487731933594,False,0.0,21.616141914993307,-14.080013346726275,173.3638169083514,CENTER,0.0,0.9537950393125572,0.09270677271947596,NORMAL,STABLE,NORMAL,NO_ACTION,False,0.0
2026-08-12T00:43:30.362523,0.43512239252567897,0.015363317017490904,0.1658354114713217,False,14,0.15001487731933594,False,0.0,21.949440856995835,-11.787254164671594,173.57854657270195,CENTER,0.0,0.9536303619398719,0.09165131300208038,NORMAL,STABLE,NORMAL,NO_ACTION,False,0.0
2026-08-12T00:43:30.394372,0.44648593083509375,0.011196261024331541,0.1658354114713217,False,14,0.15001487731933594,False,0.0,23.5912560489472,-10.997672328943139,173.28061598507782,CENTER,0.0,0.9540234406257145,0.09245046509897345,NORMAL,STABLE,NORMAL,NO_ACTION,False,0.0
2026-08-12T00:43:30.426971,0.4181879540081289,0.042346274253817866,0.1658354114713217,False,14,0.15001487731933594,False,0.0,21.487811602532304,-11.612744241236328,173.71608449003298,CENTER,0.0,0.9543568744284406,0.09120019451306174,NORMAL,STABLE,NORMAL,NO_ACTION,False,0.0
2026-08-12T00:43:30.457960,0.43049988355937774,0.013952442482358251,0.1658354114713217,False,14,0.15001487731933594,False,0.0,22.894139336201704,-11.78725641279479,173.667065426539,CENTER,0.0,0.9543569780235482,0.09237057595211842,NORMAL,STABLE,NORMAL,NO_ACTION,False,0.0
2026-08-12T00:43:30.490683,0.43765025472545116,0.012494946882416582,0.16604244694132334,False,14,0.15001487731933594,False,0.0,22.638848624944046,-15.253411113550527,172.9684797777178,CENTER,0.0,0.954276122042181,0.09426222244296742,NORMAL,STABLE,NORMAL,NO_ACTION,False,0.0
2026-08-12T00:43:30.522224,0.434250495181505,0.006153988118207223,0.16604244694132334,False,14,0.15001487731933594,False,0.0,22.721853939775002,-13.184681227239537,173.4948609411927,CENTER,0.0,0.9531833620006002,0.09314412385271549,NORMAL,STABLE,NORMAL,NO_ACTION,False,0.0
2026-08-12T00:43:30.553576,0.43827666382683333,0.02041786422203757,0.1658354114713217,False,14,0.15001487731933594,False,0.0,22.341099418141255,-13.853314271891662,173.54764822856544,CENTER,0.0,0.9529685445959076,0.0931292802017712,NORMAL,STABLE,NORMAL,NO_ACTION,False,0.0
2026-08-12T00:43:30.586448,0.4599697016483352,0.035318567267955896,0.1658354114713217,False,14,0.15001487731933594,False,0.0,22.859860354582338,-13.349143281210019,173.47986240787196,CENTER,0.0,0.9532717415766462,0.09323635320722179,NORMAL,STABLE,NORMAL,NO_ACTION,False,0.0
2026-08-12T00:43:30.619559,0.4519516873744192,0.014673816245372936,0.1658354114713217,False,14,0.15001487731933594,False,0.0,23.172094659390808,-13.408983208202386,173.4947192181553,CENTER,0.0,0.9539983447109339,0.09350824799292076,NORMAL,STABLE,NORMAL,NO_ACTION,False,0.0
2026-08-12T00:43:30.650099,0.46055635854782195,0.0020565418532818,0.1658354114713217,False,14,0.15001487731933594,False,0.0,23.149364466872782,-13.584442428812082,173.62902317276632,CENTER,0.0,0.9543022798068129,0.09359113355282764,NORMAL,STABLE,NORMAL,NO_ACTION,False,0.0
2026-08-12T00:43:30.683397,0.44768880208823647,0.021744898620003932,0.16604244694132334,False,14,0.15001487731933594,False,0.0,22.540452355966863,-14.146210164515281,173.62947045543888,CENTER,0.0,0.9548138324474166,0.09355506764306078,NORMAL,STABLE,NORMAL,NO_ACTION,False,0.0
2026-08-12T00:43:30.714924,0.4700504083707805,0.025790631533781538,0.16604244694132334,False,14,0.15001487731933594,False,0.0,24.189454081135267,-14.12317998973549,173.22616419128343,CENTER,0.0,0.9544290931677241,0.09479741132519919,NORMAL,STABLE,NORMAL,NO_ACTION,False,0.0
2026-08-12T00:43:30.747119,0.44676260527051515,0.024493468406892815,0.1658354114713217,False,14,0.15001487731933594,False,0.0,22.679307014223554,-14.195412878396752,173.50630187975673,CENTER,0.0,0.9533101494627344,0.09358212688126494,NORMAL,STABLE,NORMAL,NO_ACTION,False,0.0
2026-08-12T00:43:30.778871,0.44974642650390706,0.020989155169191535,0.1658354114713217,False,14,0.15001487731933594,False,0.0,22.969787070018384,-14.223082346057481,173.6858110407328,CENTER,0.0,0.9535071226101681,0.09381908858327674,NORMAL,STABLE,NORMAL,NO_ACTION,False,0.0
2026-08-12T00:43:30.811161,0.4611240235868046,0.01701407669174041,0.1658354114713217,False,14,0.15001487731933594,False,0.0,22.50381724153499,-15.318687895894186,173.76985762620677,CENTER,0.0,0.9534169560185186,0.09408993274719804,NORMAL,STABLE,NORMAL,NO_ACTION,False,0.0
2026-08-12T00:43:30.858260,0.4332043486392635,0.010535752143825376,0.16604244694132334,False,14,0.15001487731933594,False,0.0,23.081400970299967,-12.74110911099848,173.53869289436886,CENTER,0.0,0.9542868052876371,0.09316458020161966,NORMAL,STABLE,NORMAL,NO_ACTION,False,0.0
2026-08-12T00:43:30.890946,0.45437775713244,0.015981254708606712,0.1658354114713217,False,14,0.15001487731933594,False,0.0,23.548605605650664,-14.906227602574006,173.39323328543827,CENTER,0.0,0.9544578667088192,0.09464987443542877,NORMAL,STABLE,NORMAL,NO_ACTION,False,0.0
2026-08-12T00:43:30.921573,0.45053658102792604,0.036692943655148455,0.1658354114713217,False,14,0.15001487731933594,False,0.0,23.479727673199022,-14.150834928126756,173.44861174365798,CENTER,0.0,0.9548730888488797,0.09416608515045662,NORMAL,STABLE,NORMAL,NO_ACTION,False,0.0
2026-08-12T00:43:30.954058,0.46223720446631156,0.026528122823426214,0.1658354114713217,False,14,0.15001487731933594,False,0.0,23.40741860946946,-13.143619009345258,173.7784143935756,CENTER,0.0,0.9542617352716335,0.09353588620251246,NORMAL,STABLE,NORMAL,NO_ACTION,False,0.0
2026-08-12T00:43:30.986742,0.43753699075269686,0.027522632509012414,0.16604244694132334,False,14,0.15001487731933594,False,0.0,22.488731570011595,-15.131287592069242,173.51964882828395,CENTER,0.0,0.9535730867948388,0.09407819280540078,NORMAL,STABLE,NORMAL,NO_ACTION,False,0.0
2026-08-12T00:43:31.020547,0.4552108182139257,0.0315224844162547,0.16604244694132334,False,14,0.15001487731933594,False,0.0,22.706592911702245,-14.737265093793098,173.55954029713456,CENTER,0.0,0.9535361421896432,0.09401906849369147,NORMAL,STABLE,NORMAL,NO_ACTION,False,0.0
2026-08-12T00:43:31.051817,0.4566541543060746,0.025713920048385283,0.16604244694132334,False,14,0.15001487731933594,False,0.0,22.40855269867697,-13.409876074154425,174.02620005230744,CENTER,0.0,0.9541065756994456,0.09303417865920965,NORMAL,STABLE,NORMAL,NO_ACTION,False,0.0
2026-08-12T00:43:31.081791,0.455343902387491,0.006541106288669649,0.1658354114713217,False,14,0.15001487731933594,False,0.0,23.959418649064702,-11.592500674606839,174.08778387044077,CENTER,0.0,0.9543197485318072,0.09307043345758009,NORMAL,STABLE,NORMAL,NO_ACTION,False,0.0
2026-08-12T00:43:31.115602,0.46859675693584535,0.020110141473173655,0.16604244694132334,False,14,0.15001487731933594,False,0.0,22.307348463887678,-16.5684602342221,173.31231292464588,CENTER,0.0,0.9552913799939986,0.09476075501023565,NORMAL,STABLE,NORMAL,NO_ACTION,False,0.0
2026-08-12T00:43:31.147288,0.5065342522782714,0.02897813356450771,0.1658354114713217,False,14,0.15001487731933594,False,0.0,22.629875765676474,-19.247463635339187,172.51146543667232,CENTER,0.0,0.9551306262860082,0.0964293378075824,NORMAL,STABLE,NORMAL,NO_ACTION,False,0.0
2026-08-12T00:43:31.179489,0.5195410868423728,0.0051258975204954175,0.16604244694132334,False,14,0.15001487731933594,False,0.0,24.229909597743898,-13.140064239139235,173.7789010834589,CENTER,0.0,0.9537590659114941,0.0942668293316282,NORMAL,STABLE,NORMAL,NO_ACTION,False,0.0
2026-08-12T00:43:31.248592,0.5167829312389605,0.012245481320244361,0.16625,False,14,0.15001487731933594,False,0.0,23.845925144824776,-13.417677930996405,173.46531495893174,CENTER,0.0,0.9537013375378658,0.09424002366685395,NORMAL,STABLE,NORMAL,NO_ACTION,False,0.0
2026-08-12T00:43:31.290089,0.5478342222455681,0.0509046944384385,0.16625,False,14,0.15001487731933594,False,0.0,23.920333305988294,-17.750547373449763,172.938484635951,CENTER,0.0,0.9537124222143634,0.09677085139856284,NORMAL,STABLE,NORMAL,NO_ACTION,False,0.0
2026-08-12T00:43:31.331906,0.5111543441529631,0.02507890361489041,0.16625,False,14,0.15001487731933594,False,0.0,22.726280470953327,-19.427044751588227,172.65168031939686,CENTER,0.0,0.9542359141911009,0.0968190612692632,NORMAL,STABLE,NORMAL,NO_ACTION,False,0.0
2026-08-12T00:43:31.385543,0.5209203051387731,0.02627913745023906,0.16625,False,14,0.15001487731933594,False,0.0,22.918669298336766,-18.04626362257389,172.76787576969582,CENTER,0.0,0.9543739417223936,0.0961770794025308,NORMAL,STABLE,NORMAL,NO_ACTION,False,0.0
2026-08-12T00:43:31.423656,0.5002271318195337,0.01210621524347382,0.16645807259073842,False,14,0.15001487731933594,False,0.0,23.39913255565341,-16.22896266050344,173.02019729006042,CENTER,0.0,0.9540999844607339,0.09561245486009648,NORMAL,STABLE,NORMAL,NO_ACTION,False,0.0
2026-08-12T00:43:31.462412,0.5250514137336328,0.030817539716439038,0.16645807259073842,False,14,0.15001487731933594,False,0.0,23.210502876273324,-15.709030356208302,173.43512291579015,CENTER,0.0,0.9534176941336592,0.0951719443286097,NORMAL,STABLE,NORMAL,NO_ACTION,False,0.0
2026-08-12T00:43:31.503676,0.5310129331672659,0.020342809847929577,0.16645807259073842,False,14,0.15001487731933594,False,0.0,24.07192123849393,-16.12837764274633,172.8705607335591,CENTER,0.0,0.9527261579432441,0.09606725700907803,NORMAL,STABLE,NORMAL,NO_ACTION,False,0.0
2026-08-12T00:43:31.545564,0.516180505361189,0.039513636136184506,0.16645807259073842,False,14,0.15001487731933594,False,0.0,23.492242349374294,-17.4996548090148,172.93108817481937,CENTER,0.0,0.9526697763060128,0.09640894224312543,NORMAL,STABLE,NORMAL,NO_ACTION,False,0.0
2026-08-12T00:43:31.579739,0.5364925409527513,0.05276569926871481,0.16666666666666666,False,14,0.15001487731933594,False,0.0,22.113461289602355,-18.57262006714157,172.92386358225275,CENTER,0.0,0.9540306922832361,0.0960794341332712,NORMAL,STABLE,NORMAL,NO_ACTION,False,0.0
2026-08-12T00:43:31.612423,0.5114905353176926,0.04117959697432228,0.16666666666666666,False,14,0.15001487731933594,False,0.0,22.95266933478672,-16.131356085873847,173.12177438036224,CENTER,0.0,0.9535118361875571,0.09532435667942002,NORMAL,STABLE,NORMAL,NO_ACTION,False,0.0
2026-08-12T00:43:31.643515,0.5144846374364385,0.07597579381551918,0.16666666666666666,False,14,0.15001487731933594,False,0.0,22.850735051956292,-15.320888079776608,173.0950371455499,CENTER,0.0,0.9523897975787323,0.09478395002081619,NORMAL,STABLE,NORMAL,NO_ACTION,False,0.0
2026-08-12T00:43:31.675711,0.5142273875720211,0.013555325640901736,0.16666666666666666,False,14,0.15001487731933594,False,0.0,22.74267506507607,-14.39731496524766,173.23335299915203,CENTER,0.0,0.9524543632294523,0.09417429363638906,NORMAL,STABLE,NORMAL,NO_ACTION,False,0.0
2026-08-12T00:43:31.707359,0.5189140521706694,0.009536663298961997,0.16645807259073842,False,14,0.15001487731933594,False,0.0,22.252200934757695,-14.186049759853177,173.15971260850097,CENTER,0.0,0.9535463592571158,0.0935726657697418,NORMAL,STABLE,NORMAL,NO_ACTION,False,0.0
2026-08-12T00:43:31.738602,0.5486604963865978,0.03380563542470385,0.16645807259073842,False,14,0.15001487731933594,False,0.0,23.54500988122831,-17.796577211631472,172.5861495422526,CENTER,0.0,0.9538218833947759,0.09661866772040832,NORMAL,STABLE,NORMAL,NO_ACTION,False,0.0
2026-08-12T00:43:31.770414,0.516146585617242,0.03207086177194743,0.16645807259073842,False,14,0.15001487731933594,False,0.0,23.249629904587948,-16.445327294600958,172.75045057142228,CENTER,0.0,0.9543391596650663,0.0956221781365891,NORMAL,STABLE,NORMAL,NO_ACTION,False,0.0
2026-08-12T00:43:31.806381,0.488523475620213,0.02720605953781076,0.16645807259073842,False,14,0.15001487731933594,False,0.0,22.42000597951227,-16.853018902196197,172.56539730645994,CENTER,0.0,0.9537569551611796,0.09522333238179391,NORMAL,STABLE,NORMAL,NO_ACTION,False,0.0
2026-08-12T00:43:31.841567,0.48086225484920775,0.02686703592010559,0.16645807259073842,False,14,0.15001487731933594,False,0.0,22.905418830065116,-17.67047946849354,172.77076711320456,CENTER,0.0,0.9528703234846535,0.09605969965655418,NORMAL,STABLE,NORMAL,NO_ACTION,False,0.0
2026-08-12T00:43:31.875295,0.47079164468259,0.009443129920588794,0.16645807259073842,False,14,0.15001487731933594,False,0.0,22.93157198228812,-15.102057110497668,173.1217202499273,CENTER,0.0,0.9525355817936957,0.0946129789525681,NORMAL,STABLE,NORMAL,NO_ACTION,False,0.0
2026-08-12T00:43:31.916069,0.4915665102677051,0.015355116463041146,0.16645807259073842,False,14,0.15001487731933594,False,0.0,23.137921799748142,-13.086757274822276,173.91630027289898,CENTER,0.0,0.9532069557863225,0.09361930060381732,NORMAL,STABLE,NORMAL,NO_ACTION,False,0.0
2026-08-12T00:43:31.947420,0.4759713270883349,0.018299591550126264,0.16645807259073842,False,14,0.15001487731933594,False,0.0,23.50745056472499,-14.524125905913138,173.15088789324858,CENTER,0.0,0.9535671300761602,0.09472142050310867,NORMAL,STABLE,NORMAL,NO_ACTION,False,0.0
2026-08-12T00:43:31.981145,0.4676258149294297,0.00838856909381456,0.16625,False,14,0.15001487731933594,False,0.0,23.251270389394165,-12.948486158920986,173.5761890799098,CENTER,0.0,0.9533499817815502,0.09351935339257958,NORMAL,STABLE,NORMAL,NO_ACTION,False,0.0
2026-08-12T00:43:32.013872,0.46322869720725085,0.008927276323948461,0.16625,False,14,0.15001487731933594,False,0.0,22.66681788526023,-14.626937379793048,173.33773533549277,CENTER,0.0,0.9534375584955133,0.09403280815632559,NORMAL,STABLE,NORMAL,NO_ACTION,False,0.0
2026-08-12T00:43:32.042353,0.46335026921501177,0.040451198897926345,0.16604244694132334,False,14,0.15001487731933594,False,0.0,21.923302622781563,-17.344304040479074,172.9300413672591,CENTER,0.0,0.9527756764046068,0.09491138146214709,NORMAL,STABLE,NORMAL,NO_ACTION,False,0.0
2026-08-12T00:43:32.075138,0.4553720854519381,0.01803234418984964,0.16604244694132334,False,14,0.15001487731933594,False,0.0,22.172712172104326,-15.392847423074699,173.17967691532715,CENTER,0.0,0.9526023229416724,0.09398694340603661,NORMAL,STABLE,NORMAL,NO_ACTION,False,0.0
2026-08-12T00:43:32.106389,0.45688884151572373,0.01943503092332808,0.16604244694132334,False,14,0.15001487731933594,False,0.0,22.148062492733573,-15.81671003817226,173.4869530107777,CENTER,0.0,0.9533500594778808,0.09421021202909347,NORMAL,STABLE,NORMAL,NO_ACTION,False,0.0
2026-08-12T00:43:32.139244,0.4759876022858663,0.01876840356254205,0.1658354114713217,False,14,0.15001487731933594,False,0.0,22.69162526411185,-15.620892942858745,173.27056824688913,CENTER,0.0,0.9541999666888146,0.09440549003564455,NORMAL,STABLE,NORMAL,NO_ACTION,False,0.0
2026-08-12T00:43:32.169596,0.4613351060276874,0.007376197823778257,0.1658354114713217,False,14,0.15001487731933594,False,0.0,23.406103306775464,-14.771687534647668,173.34170250933778,CENTER,0.0,0.9537283888102994,0.09446455226134282,NORMAL,STABLE,NORMAL,NO_ACTION,False,0.0
2026-08-12T00:43:32.234394,0.46240947799076315,0.013278545131930188,0.1658354114713217,False,14,0.15001487731933594,False,0.0,22.173252702585984,-15.221866828107693,173.06294696512657,CENTER,0.0,0.9533651325660151,0.09378296478927212,NORMAL,STABLE,NORMAL,NO_ACTION,False,0.0
2026-08-12T00:43:32.265831,0.46621493666621583,0.014231936994583968,0.1658354114713217,False,14,0.15001487731933594,False,0.0,23.553852678593415,-12.165747362770503,173.82243347803723,CENTER,0.0,0.953229112189929,0.09308898722978076,NORMAL,STABLE,NORMAL,NO_ACTION,False,0.0
2026-08-12T00:43:32.299499,0.47331552318650305,0.029718192164151683,0.1658354114713217,False,14,0.15001487731933594,False,0.0,22.36733539080609,-15.758033750958049,173.67587107788313,CENTER,0.0,0.9535460743705704,0.09423689742802287,NORMAL,STABLE,NORMAL,NO_ACTION,False,0.0
2026-08-12T00:43:32.332361,0.45496488208806146,0.035242734497074914,0.1658354114713217,False,14,0.15001487731933594,False,0.0,22.845751732089127,-16.551158020430535,173.45124553853327,CENTER,0.0,0.9536518190765032,0.09505404116705202,NORMAL,STABLE,NORMAL,NO_ACTION,False,0.0
2026-08-12T00:43:32.357870,0.47652493674353147,0.031260925258204834,0.1656288916562889,False,14,0.15001487731933594,False,0.0,22.974725699019842,-15.577631451497098,173.33019135902492,CENTER,0.0,0.9542155059549327,0.0944898396990277,NORMAL,STABLE,NORMAL,NO_ACTION,False,0.0
2026-08-12T00:43:32.388768,0.4522014503969775,0.024604580587474403,0.1656288916562889,False,14,0.15001487731933594,False,0.0,23.650067127315083,-15.970325398809763,172.99294781242713,CENTER,0.0,0.954509340527835,0.09522825993952053,NORMAL,STABLE,NORMAL,NO_ACTION,False,0.0
2026-08-12T00:43:32.414712,0.45301979890383215,0.018603977251539734,0.1656288916562889,False,14,0.15001487731933594,False,0.0,22.594175412688088,-16.58649242001647,172.98352700135206,CENTER,0.0,0.9542832701045952,0.09477618612474933,NORMAL,STABLE,NORMAL,NO_ACTION,False,0.0
2026-08-12T00:43:32.442266,0.46299832237797767,0.03545599585940694,0.1656288916562889,False,14,0.15001487731933594,False,0.0,23.265019014287788,-16.043406680381423,173.24387373704178,CENTER,0.0,0.9539791278185014,0.09497682847292843,NORMAL,STABLE,NORMAL,NO_ACTION,False,0.0
2026-08-12T00:43:32.478692,0.4605468288657204,0.04684383476484595,0.1656288916562889,False,14,0.15001487731933594,False,0.0,22.05570739657918,-15.48822935634007,173.36819611567034,CENTER,0.0,0.9538213524698502,0.0937390792435607,NORMAL,STABLE,NORMAL,NO_ACTION,False,0.0
2026-08-12T00:43:32.509080,0.4696957787267857,0.03874225163933118,0.1654228855721393,False,14,0.15001487731933594,False,0.0,22.291434267816868,-16.348414474036304,173.12361348728302,CENTER,0.0,0.9538498411244,0.09430351557806065,NORMAL,STABLE,NORMAL,NO_ACTION,False,0.0
2026-08-12T00:43:32.538518,0.47256499823488085,0.03158102007618331,0.1654228855721393,False,14,0.15001487731933594,False,0.0,23.917228481612113,-15.319664134566125,173.03902235182534,CENTER,0.0,0.9537484733117569,0.09495389869634896,NORMAL,STABLE,NORMAL,NO_ACTION,False,0.0
2026-08-12T00:43:32.571301,0.46376043805307965,0.018786459060833254,0.1654228855721393,False,14,0.15001487731933594,False,0.0,23.634566501310132,-13.03489401395774,173.3089577539606,CENTER,0.0,0.9539513513803154,0.09343402899018363,NORMAL,STABLE,NORMAL,NO_ACTION,False,0.0
2026-08-12T00:43:32.634430,0.4811543868300044,0.024481988122639346,0.1654228855721393,False,14,0.15001487731933594,False,0.0,22.147889833852503,-16.392291040173205,173.3623364065886,CENTER,0.0,0.9534405757030177,0.0942192802781634,NORMAL,STABLE,NORMAL,NO_ACTION,False,0.0
2026-08-12T00:43:32.666691,0.4580312304530959,0.014118734781409882,0.1654228855721393,False,14,0.15001487731933594,False,0.0,23.64814180911776,-14.467523116876663,173.26324377131925,CENTER,0.0,0.9532334502350537,0.0942624315043836,NORMAL,STABLE,NORMAL,NO_ACTION,False,0.0
2026-08-12T00:43:32.697863,0.4522508150394935,0.01522740934304749,0.1654228855721393,False,14,0.15001487731933594,False,0.0,23.89670330544118,-14.397555601096599,173.17740052298484,CENTER,0.0,0.9539637439450445,0.09441172468642915,NORMAL,STABLE,NORMAL,NO_ACTION,False,0.0
2026-08-12T00:43:32.730790,0.4531390357762993,0.021373793770757897,0.1654228855721393,False,14,0.15001487731933594,False,0.0,22.78646970357218,-14.184965609023692,173.507641194965,CENTER,0.0,0.9534676528742284,0.09344503598678394,NORMAL,STABLE,NORMAL,NO_ACTION,False,0.0
2026-08-12T00:43:32.765173,0.4495971858516318,0.017980938858503118,0.1654228855721393,False,14,0.15001487731933594,False,0.0,23.367650624305384,-16.74356161767747,173.13991869154336,CENTER,0.0,0.9538606538637404,0.09534854934950203,NORMAL,STABLE,NORMAL,NO_ACTION,False,0.0
2026-08-12T00:43:32.793935,0.4651533826801849,0.047791219669980074,0.16521739130434782,False,14,0.15001487731933594,False,0.0,22.541454218009193,-16.37471555086779,173.17289727160198,CENTER,0.0,0.9537736857710334,0.09440292963751647,NORMAL,STABLE,NORMAL,NO_ACTION,False,0.0
2026-08-12T00:43:32.826974,0.45921108711876946,0.008608700202604933,0.16521739130434782,False,14,0.15001487731933594,False,0.0,23.240531188385745,-13.643217075855318,173.96966833886069,CENTER,0.0,0.953463651513203,0.09337543000322962,NORMAL,STABLE,NORMAL,NO_ACTION,False,0.0
2026-08-12T00:43:32.854785,0.4605830642576677,0.009414249704804827,0.16521739130434782,False,14,0.15001487731933594,False,0.0,23.426518948291516,-14.247771895875303,173.63117018581062,CENTER,0.0,0.9534082799282694,0.09386225062021983,NORMAL,STABLE,NORMAL,NO_ACTION,False,0.0
2026-08-12T00:43:32.883224,0.46118184456876077,0.010798787322332793,0.16521739130434782,False,14,0.15001487731933594,False,0.0,23.881228293546314,-14.179198275743147,173.13384766769138,CENTER,0.0,0.9529925009645062,0.09416929379381023,NORMAL,STABLE,NORMAL,NO_ACTION,False,0.0
2026-08-12T00:43:32.905589,0.463726772606448,0.02358499266619381,0.16501240694789082,False,14,0.15001487731933594,False,0.0,22.427596418710664,-12.85782960357497,173.42271324640154,CENTER,0.0,0.9536435314679069,0.09220231471867402,NORMAL,STABLE,NORMAL,NO_ACTION,False,0.0
2026-08-12T00:43:32.931441,0.4655428634474038,0.009427581091884239,0.16501240694789082,False,14,0.15001487731933594,False,0.0,22.813201531350813,-11.992197500591288,174.1930270023788,CENTER,0.0,0.9538307019282979,0.09200160410050387,NORMAL,STABLE,NORMAL,NO_ACTION,False,0.0
2026-08-12T00:43:32.970291,0.46493320498948526,0.036475379938741136,0.16501240694789082,False,14,0.15001487731933594,False,0.0,22.970304360529752,-15.511760594824636,173.50460547070412,CENTER,0.0,0.953783423711134,0.09413097468682302,NORMAL,STABLE,NORMAL,NO_ACTION,False,0.0
2026-08-12T00:43:33.034849,0.4537488493657109,0.011050229894393172,0.16521739130434782,False,14,0.15001487731933594,False,0.0,22.087924602974795,-12.490832653941737,173.9730802792236,CENTER,0.0,0.9531494605016861,0.0918398340222969,NORMAL,STABLE,NORMAL,NO_ACTION,False,0.0
2026-08-12T00:43:33.066530,0.4622310819893968,0.03197930158487632,0.16521739130434782,False,14,0.15001487731933594,False,0.0,23.474957131044334,-17.487723719860043,172.92883116176506,CENTER,0.0,0.9526874781199989,0.0957492226308934,NORMAL,STABLE,NORMAL,NO_ACTION,False,0.0
2026-08-12T00:43:33.097328,0.4587621652383178,0.016707269382014292,0.16521739130434782,False,14,0.15001487731933594,False,0.0,23.242787413558773,-13.651841084617445,173.38093475456168,CENTER,0.0,0.9533740287958675,0.09338207234001747,NORMAL,STABLE,NORMAL,NO_ACTION,False,0.0
2026-08-12T00:43:33.129849,0.4681134925094662,0.006874471340337457,0.16521739130434782,False,14,0.15001487731933594,False,0.0,25.142257055616994,-11.2159904761846,173.9077044555671,CENTER,0.0,0.953751024341278,0.09343733359572287,NORMAL,STABLE,NORMAL,NO_ACTION,False,0.0
2026-08-12T00:43:33.162809,0.4374588558114445,0.012368714355502146,0.16521739130434782,False,14,0.15001487731933594,False,0.0,22.85367160852647,-15.219584703977631,173.44220869849494,CENTER,0.0,0.9539310985368085,0.09398103311548281,NORMAL,STABLE,NORMAL,NO_ACTION,False,0.0
2026-08-12T00:43:33.195041,0.42575469574444985,0.01862300392509426,0.16521739130434782,False,14,0.15001487731933594,False,0.0,23.43315501770124,-14.535930776750405,173.02786824074383,CENTER,0.0,0.9538488310721023,0.09403184896454014,NORMAL,STABLE,NORMAL,NO_ACTION,False,0.0
2026-08-12T00:43:33.226326,0.14069254401433962,0.008387431098131868,0.16645962732919253,True,14,0.15001487731933594,False,0.0,22.183618437575944,-10.101478618732841,174.68252989989264,UP,0.0,0.9539636403499371,0.3242586431056811,LOW,STABLE,NORMAL,NO_ACTION,False,0.0
2026-08-12T00:43:33.259146,0.11323428903255373,0.027070214887072713,0.16770186335403728,True,14,0.15001487731933594,False,0.03281998634338379,24.22946558920472,-7.566268351519369,174.91446640394526,UP,0.03281998634338379,0.9540033302254801,0.32500916241598354,LOW,STABLE,NORMAL,NO_ACTION,False,0.03281998634338379
2026-08-12T00:43:33.290980,0.1281069047780608,0.04663745985343913,0.168944099378882,True,14,0.15001487731933594,False,0.06465363502502441,22.754445944256616,-9.054114363634682,174.64270881538368,UP,0.06465363502502441,0.9529994159379287,0.3253762769631957,LOW,STABLE,NORMAL,NO_ACTION,False,0.06465363502502441
2026-08-12T00:43:33.322860,0.12574152258520094,0.010381892224189119,0.1701863354037267,True,14,0.15001487731933594,False,0.09653377532958984,24.222383265968517,-5.066693549193587,175.1910892876374,UP,0.09653377532958984,0.9537189098579676,0.32485754693400026,LOW,STABLE,NORMAL,NO_ACTION,False,0.09653377532958984
2026-08-12T00:43:33.355343,0.29669627238730595,0.025462609481569826,0.1701863354037267,False,15,0.12901663780212402,False,0.0,22.448095973613363,-12.427014366083938,173.5259351738601,UP,0.12901663780212402,0.9538359464306128,0.12599591178797384,NORMAL,STABLE,NORMAL,NO_ACTION,False,0.0
2026-08-12T00:43:33.376276,0.28429564061454116,0.008773074245449982,0.16997518610421836,False,15,0.12901663780212402,False,0.0,22.925419997526376,-12.011735930763905,173.62704729024273,UP,0.149949312210083,0.9538598639510459,0.14306472025765804,NORMAL,STABLE,NORMAL,NO_ACTION,False,0.0
2026-08-12T00:43:33.417650,0.34878984835399574,0.030337473081377984,0.16997518610421836,False,15,0.12901663780212402,False,0.0,23.400574100731717,-13.794394566255619,173.1254018492703,UP,0.19132304191589355,0.9538878216806699,0.12285025991802151,NORMAL,STABLE,NORMAL,NO_ACTION,False,0.0
2026-08-12T00:43:33.450459,0.3923791247704902,0.0300110689057514,0.16997518610421836,False,15,0.12901663780212402,False,0.0,22.595949472807945,-15.496712685258615,172.8451364367752,UP,0.22413229942321777,0.9541473403742284,0.12320971161820413,NORMAL,STABLE,NORMAL,NO_ACTION,False,0.0
2026-08-12T00:43:33.497571,0.39981903718805806,0.01592747703343668,0.1701863354037267,False,15,0.12901663780212402,False,0.0,22.672322624315058,-11.249385549890235,173.8542538875546,CENTER,0.0,0.9537002109410722,0.09413806983050749,NORMAL,STABLE,NORMAL,NO_ACTION,False,0.0
2026-08-12T00:43:33.530132,0.40976868450606063,0.03433641725222087,0.1701863354037267,False,15,0.12901663780212402,False,0.0,21.19895374753466,-14.041275160559678,173.5516608162559,CENTER,0.0,0.9532534570401806,0.09461053447034881,NORMAL,STABLE,NORMAL,NO_ACTION,False,0.0
2026-08-12T00:43:33.562700,0.4241719932953568,0.028807746542052228,0.16997518610421836,False,15,0.12901663780212402,False,0.0,23.74239796135265,-13.816879630206756,172.904481668024,CENTER,0.0,0.9540483811478337,0.09631001472727682,NORMAL,STABLE,NORMAL,NO_ACTION,False,0.0
2026-08-12T00:43:33.594765,0.4015740629196052,0.02173784795564453,0.16997518610421836,False,15,0.12901663780212402,False,0.0,22.27195021182979,-12.856322049862797,173.38318504346768,CENTER,0.0,0.9546840277777777,0.09464196304985309,NORMAL,STABLE,NORMAL,NO_ACTION,False,0.0
2026-08-12T00:43:33.626224,0.41212909543989995,0.029179056611302864,0.16997518610421836,False,15,0.12901663780212402,False,0.0,21.88347910744426,-13.354085386926386,173.68381169450765,CENTER,0.0,0.9536477529685358,0.09463042941381991,NORMAL,STABLE,NORMAL,NO_ACTION,False,0.0
2026-08-12T00:43:33.658843,0.3915266290491634,0.028657856620747078,0.16997518610421836,False,15,0.12901663780212402,False,0.0,22.639299744341315,-14.728096637042597,172.8831440821785,CENTER,0.0,0.9539054975958791,0.0959904803242022,NORMAL,STABLE,NORMAL,NO_ACTION,False,0.0
2026-08-12T00:43:33.689549,0.41207430238512766,0.021309052715256346,0.1701863354037267,False,15,0.12901663780212402,False,0.0,22.075098178318996,-13.261642890849004,173.50689203702365,CENTER,0.0,0.9539407717299667,0.0948324120363239,NORMAL,STABLE,NORMAL,NO_ACTION,False,0.0
2026-08-12T00:43:33.721709,0.41324565969753146,0.006013884242334983,0.1701863354037267,False,15,0.12901663780212402,False,0.0,22.360060354576063,-11.874499162873548,173.84521251492686,CENTER,0.0,0.9530606924439873,0.0942572792038687,NORMAL,STABLE,NORMAL,NO_ACTION,False,0.0
2026-08-12T00:43:33.754133,0.4162863106341483,0.11296865908812266,0.1701863354037267,False,15,0.12901663780212402,False,0.0,22.668843387447055,-13.130419529119933,173.52533359259564,CENTER,0.0,0.9534027505394089,0.09520953788754306,NORMAL,STABLE,NORMAL,NO_ACTION,False,0.0
2026-08-12T00:43:33.787600,0.40549225874162714,0.0030949802378540266,0.1701863354037267,False,15,0.12901663780212402,False,0.0,22.843145016632377,-10.627125021015928,173.79092302983298,CENTER,0.0,0.9543222736625515,0.0939128020706888,NORMAL,STABLE,NORMAL,NO_ACTION,False,0.0
2026-08-12T00:43:33.818604,0.42955663571131997,0.04761561233294151,0.1701863354037267,False,15,0.12901663780212402,False,0.0,22.564878428730083,-17.140154455951546,172.7834432238311,CENTER,0.0,0.9543793027692045,0.09742004050314373,NORMAL,STABLE,NORMAL,NO_ACTION,False,0.0
2026-08-12T00:43:33.850375,0.40350823551741577,0.02844957189506834,0.1701863354037267,False,15,0.12901663780212402,False,0.0,21.822783630479847,-14.517027970334226,173.35866674630165,CENTER,0.0,0.9539044357460276,0.09535716422116697,NORMAL,STABLE,NORMAL,NO_ACTION,False,0.0
2026-08-12T00:43:33.881999,0.3956849337412801,0.01827674830936485,0.1701863354037267,False,15,0.12901663780212402,False,0.0,23.061426290947963,-10.455656127355184,174.12782217822178,CENTER,0.0,0.9547417173032408,0.09398108110667405,NORMAL,STABLE,NORMAL,NO_ACTION,False,0.0
2026-08-12T00:43:33.914200,0.42579472250336053,0.011701922025258273,0.1701863354037267,False,15,0.12901663780212402,False,0.0,22.583839380273417,-10.675351964986305,174.23817441506264,CENTER,0.0,0.9544526481052813,0.09374291425615164,NORMAL,STABLE,NORMAL,NO_ACTION,False,0.0
2026-08-12T00:43:33.946945,0.40786313435917554,0.008220794492315905,0.1701863354037267,False,15,0.12901663780212402,False,0.0,21.813024996872713,-14.701874527458358,173.6928572490607,CENTER,0.0,0.9533356727073331,0.09545528629184558,NORMAL,STABLE,NORMAL,NO_ACTION,False,0.0
2026-08-12T00:43:33.978260,0.4401596077908676,0.01110336329422354,0.1701863354037267,False,15,0.12901663780212402,False,0.0,22.207723397385593,-15.351237749631167,173.5047070726227,CENTER,0.0,0.9540204622663752,0.09612659888323016,NORMAL,STABLE,NORMAL,NO_ACTION,False,0.0
2026-08-12T00:43:34.026888,0.3983572571778292,0.025546702316111426,0.1701863354037267,False,15,0.12901663780212402,False,0.0,21.444832272187398,-15.64068829347545,173.3883419951439,CENTER,0.0,0.9542010155892776,0.09571104266058225,NORMAL,STABLE,NORMAL,NO_ACTION,False,0.0
2026-08-12T00:43:34.058096,0.4248850582952584,0.021233584104253102,0.1701863354037267,False,15,0.12901663780212402,False,0.0,22.665977330137935,-12.614874455847655,173.56870520166092,CENTER,0.0,0.9537035259845108,0.09491296675118022,NORMAL,STABLE,NORMAL,NO_ACTION,False,0.0
2026-08-12T00:43:34.091594,0.40061125681207777,0.03621699027379015,0.1701863354037267,False,15,0.12901663780212402,False,0.0,22.485678421031736,-11.757645671808888,173.83237895018578,CENTER,0.0,0.953442259123514,0.09428619433697794,NORMAL,STABLE,NORMAL,NO_ACTION,False,0.0
2026-08-12T00:43:34.123084,0.40755374734553185,0.01776903576265651,0.1701863354037267,False,15,0.12901663780212402,False,0.0,22.78328019850872,-9.591029146819324,173.9423521620846,CENTER,0.0,0.9532695919781665,0.09327558658259297,NORMAL,STABLE,NORMAL,NO_ACTION,False,0.0
2026-08-12T00:43:34.154392,0.39655795563529617,0.01964560159328238,0.1701863354037267,False,15,0.12901663780212402,False,0.0,23.43535025187242,-13.607020135779578,173.25265394643588,CENTER,0.0,0.9529969296553499,0.09606528120905258,NORMAL,STABLE,NORMAL,NO_ACTION,False,0.0
2026-08-12T00:43:34.185852,0.39808022341164645,0.018439923899686027,0.1701863354037267,False,15,0.12901663780212402,False,0.0,22.80309863906885,-14.22929643807197,173.2673146782206,CENTER,0.0,0.9529492111589792,0.09593924127821418,NORMAL,STABLE,NORMAL,NO_ACTION,False,0.0
2026-08-12T00:43:34.218916,0.4156927928000428,0.023065021282366552,0.1701863354037267,False,15,0.12901663780212402,False,0.0,22.56088644758259,-13.825882853286032,173.5874953975889,CENTER,0.0,0.9542146901434615,0.09552446990038894,NORMAL,STABLE,NORMAL,NO_ACTION,False,0.0
2026-08-12T00:43:34.249612,0.40928875689735467,0.006286281808430146,0.1701863354037267,False,15,0.12901663780212402,False,0.0,24.49634991661162,-14.27002545292811,173.37049952117707,CENTER,0.0,0.9544189408471936,0.09725168315990138,NORMAL,STABLE,NORMAL,NO_ACTION,False,0.0
2026-08-12T00:43:34.282570,0.43220862175818187,0.018502024449404932,0.1701863354037267,False,15,0.12901663780212402,False,0.0,23.055528563023813,-13.209595007569504,173.91649994472124,CENTER,0.0,0.9539953145540409,0.09554915814279118,NORMAL,STABLE,NORMAL,NO_ACTION,False,0.0
2026-08-12T00:43:34.314369,0.44609674435623137,0.05255872335176907,0.1701863354037267,False,15,0.12901663780212402,False,0.0,21.515683239881923,-19.402574186577283,172.95641161342803,CENTER,0.0,0.9539797882373113,0.09791311630398458,NORMAL,STABLE,NORMAL,NO_ACTION,False,0.0
2026-08-12T00:43:34.346477,0.4354854117571936,0.015379972475791296,0.17039800995024876,False,15,0.12901663780212402,False,0.0,22.690426772594066,-12.770443739042861,173.8089065681021,CENTER,0.0,0.9535209266582362,0.09512956375084058,NORMAL,STABLE,NORMAL,NO_ACTION,False,0.0
2026-08-12T00:43:34.377316,0.439129808593098,0.028123542705902425,0.1701863354037267,False,15,0.12901663780212402,False,0.0,23.269569585620587,-15.479640894935699,173.34307035357358,CENTER,0.0,0.9534519970636145,0.09700837425625337,NORMAL,STABLE,NORMAL,NO_ACTION,False,0.0
2026-08-12T00:43:34.410504,0.4374392802561001,0.019612396939176973,0.1701863354037267,False,15,0.12901663780212402,False,0.0,22.937871353161455,-15.719030555851305,173.16079666660835,CENTER,0.0,0.9536518579246683,0.0968925278026039,NORMAL,STABLE,NORMAL,NO_ACTION,False,0.0
2026-08-12T00:43:34.443194,0.4681713916229539,0.025782228165101274,0.1701863354037267,False,15,0.12901663780212402,False,0.0,23.885053707613167,-14.102131813913445,173.35140414725527,CENTER,0.0,0.9544158718421353,0.0966903913451258,NORMAL,STABLE,NORMAL,NO_ACTION,False,0.0
2026-08-12T00:43:34.473884,0.44514184362663195,0.02878814069593561,0.1701863354037267,False,15,0.12901663780212402,False,0.0,22.758319384132704,-16.129991258461786,173.43638875610122,CENTER,0.0,0.9550498609503599,0.09699049171745512,NORMAL,STABLE,NORMAL,NO_ACTION,False,0.0
2026-08-12T00:43:34.506814,0.4436867393809363,0.02621518537003179,0.1701863354037267,False,15,0.12901663780212402,False,0.0,23.445626645673258,-14.521911954845706,173.43095371431173,CENTER,0.0,0.954405240394233,0.09659553121776634,NORMAL,STABLE,NORMAL,NO_ACTION,False,0.0
2026-08-12T00:43:34.553904,0.4505457273506883,0.0204540626442666,0.1701863354037267,False,15,0.12901663780212402,False,0.0,22.69856144961284,-14.174809265081677,173.6153008947465,CENTER,0.0,0.9541944114011774,0.09582853664969115,NORMAL,STABLE,NORMAL,NO_ACTION,False,0.0
2026-08-12T00:43:34.585941,0.4535054877506671,0.01891672954543775,0.17039800995024876,False,15,0.12901663780212402,False,0.0,22.95661404901665,-14.10508220786761,173.53294638921136,CENTER,0.0,0.9537364174311271,0.0960943414453119,NORMAL,STABLE,NORMAL,NO_ACTION,False,0.0
2026-08-12T00:43:34.617741,0.4529469898917125,0.018678853418194034,0.1701863354037267,False,15,0.12901663780212402,False,0.0,22.61697675624967,-15.42471209800678,173.4108045300443,CENTER,0.0,0.9532460629393862,0.096480146308013,NORMAL,STABLE,NORMAL,NO_ACTION,False,0.0
2026-08-12T00:43:34.651163,0.4438713427891152,0.015035732390629051,0.17039800995024876,False,15,0.12901663780212402,False,0.0,23.199549278479083,-13.485284465398621,173.88241920637842,CENTER,0.0,0.9537932393475651,0.09592538428773095,NORMAL,STABLE,NORMAL,NO_ACTION,False,0.0
2026-08-12T00:43:34.682280,0.4562387346918304,0.023748305897028112,0.1701863354037267,False,15,0.12901663780212402,False,0.0,23.13476100367012,-15.617988564649409,173.635745915313,CENTER,0.0,0.9535985711912723,0.09698473548241002,NORMAL,STABLE,NORMAL,NO_ACTION,False,0.0
2026-08-12T00:43:34.714691,0.4571443863678569,0.021328405904343168,0.1701863354037267,False,15,0.12901663780212402,False,0.0,24.246680823669294,-13.27893792135626,173.57238359915323,CENTER,0.0,0.953199289748371,0.09649565795652298,NORMAL,STABLE,NORMAL,NO_ACTION,False,0.0
2026-08-12T00:43:34.746922,0.4236909553208542,0.03802930780085016,0.17039800995024876,False,15,0.12901663780212402,False,0.0,23.56451672285607,-17.88768721754826,172.76402803304774,CENTER,0.0,0.9529307453310756,0.0987171393341088,NORMAL,STABLE,NORMAL,NO_ACTION,False,0.0
2026-08-12T00:43:34.779450,0.4605816732008866,0.0178057415715576,0.17039800995024876,False,15,0.12901663780212402,False,0.0,23.04322598818601,-16.6848488405179,173.15632809491115,CENTER,0.0,0.9523695835833905,0.09763339556135905,NORMAL,STABLE,NORMAL,NO_ACTION,False,0.0
2026-08-12T00:43:34.811300,0.4502631855246627,0.01958695706778028,0.17039800995024876,False,15,0.12901663780212402,False,0.0,23.298393149200507,-13.789843037696926,173.6846145343368,CENTER,0.0,0.9525751162765774,0.09617455118276577,NORMAL,STABLE,NORMAL,NO_ACTION,False,0.0
2026-08-12T00:43:34.841819,0.42691273405050895,0.031221598061390646,0.1701863354037267,False,15,0.12901663780212402,False,0.0,22.85653422597821,-15.397241844347008,173.31105395338273,CENTER,0.0,0.9529295798861169,0.09664685111701096,NORMAL,STABLE,NORMAL,NO_ACTION,False,0.0
2026-08-12T00:43:34.874802,0.44970972967746037,0.01786692702566264,0.17039800995024876,False,15,0.12901663780212402,False,0.0,24.598704522665685,-15.91842533440763,173.2323600272586,CENTER,0.0,0.953785793449217,0.09838003780971778,NORMAL,STABLE,NORMAL,NO_ACTION,False,0.0
2026-08-12T00:43:34.907106,0.4512179415769719,0.011971528015557427,0.1701863354037267,False,15,0.12901663780212402,False,0.0,23.388560484403143,-14.874307070707289,173.79355328857298,CENTER,0.0,0.9533857738911751,0.09675330930750622,NORMAL,STABLE,NORMAL,NO_ACTION,False,0.0
2026-08-12T00:43:34.940466,0.4379483915097203,0.013834446925436701,0.1701863354037267,False,15,0.12901663780212402,False,0.0,22.63425467873074,-15.840410786579895,173.55042764824515,CENTER,0.0,0.9524960343614254,0.09673067539331498,NORMAL,STABLE,NORMAL,NO_ACTION,False,0.0
2026-08-12T00:43:34.970190,0.45361891631870344,0.017869460019205904,0.1701863354037267,False,15,0.12901663780212402,False,0.0,23.486389444067555,-15.245177907277991,173.53743287681874,CENTER,0.0,0.9524819065786465,0.0970395694300904,NORMAL,STABLE,NORMAL,NO_ACTION,False,0.0
2026-08-12T00:43:35.001715,0.4467662271180981,0.03174761814306275,0.1701863354037267,False,15,0.12901663780212402,False,0.0,22.66583419322285,-14.31706158705714,173.86950557888895,CENTER,0.0,0.9525978165544983,0.09588484881892936,NORMAL,STABLE,NORMAL,NO_ACTION,False,0.0
2026-08-12T00:43:35.033653,0.43636091746604677,0.051784320087940094,0.1701863354037267,False,15,0.12901663780212402,False,0.0,23.922111506998306,-15.01337759138434,173.69213047457947,CENTER,0.0,0.9527809079575331,0.09723894983566986,NORMAL,STABLE,NORMAL,NO_ACTION,False,0.0
2026-08-12T00:43:35.082959,0.466634221251057,0.010575564430936792,0.1701863354037267,False,15,0.12901663780212402,False,0.0,23.682151929784425,-14.255729102368747,174.19028563447205,CENTER,0.0,0.952730742026749,0.09662361661119741,NORMAL,STABLE,NORMAL,NO_ACTION,False,0.0
2026-08-12T00:43:35.114260,0.4524444053460839,0.013105226212245217,0.1701863354037267,False,15,0.12901663780212402,False,0.0,24.009617970591933,-14.69625714885936,173.99298115577676,CENTER,0.0,0.9528953805512688,0.09712449068177524,NORMAL,STABLE,NORMAL,NO_ACTION,False,0.0
2026-08-12T00:43:35.146477,0.4662905685878321,0.024258886799206545,0.16997518610421836,False,15,0.12901663780212402,False,0.0,22.937372680974903,-17.855865314412455,173.17324091168302,CENTER,0.0,0.9525583856667238,0.0980034564874596,NORMAL,STABLE,NORMAL,NO_ACTION,False,0.0
2026-08-12T00:43:35.180007,0.46656933593337313,0.004053590638349337,0.16997518610421836,False,15,0.12901663780212402,False,0.0,23.81338296285196,-13.738012101699184,173.94454297632115,CENTER,0.0,0.9518663573995486,0.09631902500745576,NORMAL,STABLE,NORMAL,NO_ACTION,False,0.0
2026-08-12T00:43:35.211518,0.45695969499856276,0.007459053652301154,0.16997518610421836,False,15,0.12901663780212402,False,0.0,24.65319165228891,-12.189233509698852,174.13186520870056,CENTER,0.0,0.9583934059927983,0.09607403614501245,NORMAL,STABLE,NORMAL,NO_ACTION,False,0.0
2026-08-12T00:43:35.242006,0.45818666015873655,0.03905932627949786,0.16997518610421836,False,15,0.12901663780212402,False,0.0,23.72104656178476,-15.16875658101543,174.1913533532852,CENTER,0.0,0.9586032767311099,0.0970657137399146,NORMAL,STABLE,NORMAL,NO_ACTION,False,0.0
2026-08-12T00:43:35.276519,0.46007078757843795,0.08312082426932131,0.1697645600991326,False,15,0.12901663780212402,False,0.0,22.99414649912265,-15.247727133034232,173.84303209125483,CENTER,0.0,0.9547981766368027,0.09644876318168377,NORMAL,STABLE,NORMAL,NO_ACTION,False,0.0
2026-08-12T00:43:35.306381,0.465427441860382,0.02298564242397907,0.1697645600991326,False,15,0.12901663780212402,False,0.0,23.863118068726777,-12.70615556209205,174.242450534132,CENTER,0.0,0.9517809820816187,0.09565906855460779,NORMAL,STABLE,NORMAL,NO_ACTION,False,0.0
2026-08-12T00:43:35.338419,0.44380655103080513,0.010071525306995519,0.1697645600991326,False,15,0.12901663780212402,False,0.0,23.68845083355515,-15.008452095596368,173.9453497004411,CENTER,0.0,0.9516282051969023,0.09684075118532479,NORMAL,STABLE,NORMAL,NO_ACTION,False,0.0
2026-08-12T00:43:35.369830,0.45255237335246923,0.02569742169448082,0.1697645600991326,False,15,0.12901663780212402,False,0.0,23.057912610133855,-16.225070206172376,173.8743925773515,CENTER,0.0,0.9511253415959363,0.09705539967721763,NORMAL,STABLE,NORMAL,NO_ACTION,False,0.0
2026-08-12T00:43:35.434619,0.4643583528045623,0.010871506726969094,0.1697645600991326,False,15,0.12901663780212402,False,0.0,23.919602872903226,-15.083657446287475,173.64976153225115,CENTER,0.0,0.9582106253750856,0.09705968669748385,NORMAL,STABLE,NORMAL,NO_ACTION,False,0.0
2026-08-12T00:43:35.467192,0.45863178811736294,0.032575965499663656,0.1697645600991326,False,15,0.12901663780212402,False,0.0,23.477510516067667,-15.378427888925245,173.90493852951454,CENTER,0.0,0.9582755018111283,0.09689141366759627,NORMAL,STABLE,NORMAL,NO_ACTION,False,0.0
2026-08-12T00:43:35.495103,0.4541345824783656,0.027037321063961492,0.1697645600991326,False,15,0.12901663780212402,False,0.0,24.130793359773094,-15.61806724374867,173.73861975011403,CENTER,0.0,0.958296674061214,0.09752564127689836,NORMAL,STABLE,NORMAL,NO_ACTION,False,0.0
2026-08-12T00:43:35.521673,0.4446811170717465,0.02189455477954864,0.1697645600991326,False,15,0.12901663780212402,False,0.0,24.102937384690478,-16.545609898444013,173.4819504099064,CENTER,0.0,0.9539582922525148,0.09803408252249818,NORMAL,STABLE,NORMAL,NO_ACTION,False,0.0
2026-08-12T00:43:35.553090,0.44708187924072057,0.007168450684604139,0.16955445544554457,False,15,0.12901663780212402,False,0.0,23.583404603838062,-13.100774231404529,174.40328197697772,CENTER,0.0,0.9583457004458162,0.09556310256970785,NORMAL,STABLE,NORMAL,NO_ACTION,False,0.0
2026-08-12T00:43:35.586114,0.474785426238938,0.0347663772136948,0.16955445544554457,False,15,0.12901663780212402,False,0.0,22.658730429826363,-14.441690876858587,174.36839891730483,CENTER,0.0,0.9582607265589277,0.09562478338076313,NORMAL,STABLE,NORMAL,NO_ACTION,False,0.0
2026-08-12T00:43:35.622268,0.4764692461103315,0.03399091434046983,0.16955445544554457,False,15,0.12901663780212402,False,0.0,24.06791612245499,-16.170962519084554,173.82940295543528,CENTER,0.0,0.955050663812443,0.09768514697233754,NORMAL,STABLE,NORMAL,NO_ACTION,False,0.0
2026-08-12T00:43:35.647881,0.4289399831055122,0.0821572122441334,0.16934487021013597,False,15,0.12901663780212402,False,0.0,23.259755873739408,-13.810330901139224,174.4303777950895,CENTER,0.0,0.9522730199938556,0.09561379098934616,NORMAL,STABLE,NORMAL,NO_ACTION,False,0.0
2026-08-12T00:43:35.675498,0.4492110553656077,0.037229532104909285,0.16934487021013597,False,15,0.12901663780212402,False,0.0,22.20043579070662,-15.582723649627042,174.1505138887635,CENTER,0.0,0.9518434369820243,0.09581934048203578,NORMAL,STABLE,NORMAL,NO_ACTION,False,0.0
2026-08-12T00:43:35.707312,0.4491247831469385,0.012837325207428281,0.16934487021013597,False,15,0.12901663780212402,False,0.0,23.62787858641775,-13.84815990205928,174.11114018106144,CENTER,0.0,0.9521306414680498,0.09591566854570932,NORMAL,STABLE,NORMAL,NO_ACTION,False,0.0
2026-08-12T00:43:35.738708,0.4294429720962537,0.022046010736127025,0.16934487021013597,False,15,0.12901663780212402,False,0.0,22.963895455983902,-14.725938086018857,173.56463789517613,CENTER,0.0,0.9517385080875629,0.09591136721205315,NORMAL,STABLE,NORMAL,NO_ACTION,False,0.0
2026-08-12T00:43:35.770404,0.44308376677619504,0.04508394511568843,0.16934487021013597,False,15,0.12901663780212402,False,0.0,22.45551022922544,-14.77525836357836,173.4766303808641,CENTER,0.0,0.9516070717949817,0.09555246289070543,NORMAL,STABLE,NORMAL,NO_ACTION,False,0.0
2026-08-12T00:43:35.834093,0.45087193598324526,0.035571759021776304,0.1681087762669963,False,15,0.12901663780212402,False,0.0,24.077274422613385,-13.353997571245145,173.61566679927193,CENTER,0.0,0.9523957672467993,0.09533826363082612,NORMAL,STABLE,NORMAL,NO_ACTION,False,0.0
2026-08-12T00:43:35.865896,0.42298837469688755,0.009990763343824446,0.1668726823238566,False,15,0.12901663780212402,False,0.0,23.68493644004991,-10.86881675842713,174.15618147872726,CENTER,0.0,0.9523075819115798,0.09298306997245628,NORMAL,STABLE,NORMAL,NO_ACTION,False,0.0
2026-08-12T00:43:35.898920,0.42099173429611325,0.025940480354752594,0.16563658838071693,False,15,0.12901663780212402,False,0.0,21.89442946453022,-14.000863520532079,174.14059600011717,CENTER,0.0,0.9521797455489825,0.09277093363245364,NORMAL,STABLE,NORMAL,NO_ACTION,False,0.0
2026-08-12T00:43:35.930329,0.46476897335824424,0.019429162145620557,0.1654320987654321,False,15,0.12901663780212402,False,0.0,21.643090969233697,-16.755678010050246,173.51507745110354,CENTER,0.0,0.951452067615455,0.0940471970603482,NORMAL,STABLE,NORMAL,NO_ACTION,False,0.0
2026-08-12T00:43:35.961778,0.4452711605640847,0.0434031823904061,0.1654320987654321,False,15,0.12901663780212402,False,0.0,21.919988176000913,-16.26393717841549,173.80623838849817,CENTER,0.0,0.9508316753650835,0.09397722108115031,NORMAL,STABLE,NORMAL,NO_ACTION,False,0.0
2026-08-12T00:43:35.994925,0.45342600762723173,0.010465109456034679,0.1654320987654321,False,15,0.12901663780212402,False,0.0,23.585352597814932,-9.65974417056671,174.50545829057114,CENTER,0.0,0.9517597839327561,0.09147401565256293,NORMAL,STABLE,NORMAL,NO_ACTION,False,0.0
2026-08-12T00:43:36.016599,0.4509048742495275,0.02705037376332673,0.16522811344019728,False,15,0.12901663780212402,False,0.0,23.1139929782735,-12.37634242418477,174.218331609661,CENTER,0.0,0.9517574141946731,0.09256120000704621,NORMAL,STABLE,NORMAL,NO_ACTION,False,0.0
2026-08-12T00:43:36.041417,0.46548121119305785,0.03554614131562881,0.16522811344019728,False,15,0.12901663780212402,False,0.0,24.14382999777291,-14.764257425782858,173.41093908374353,CENTER,0.0,0.9528079721793553,0.0947088419558862,NORMAL,STABLE,NORMAL,NO_ACTION,False,0.0
2026-08-12T00:43:36.070504,0.4509391561872692,0.01929745227982341,0.16522811344019728,False,15,0.12901663780212402,False,0.0,22.671945871400624,-15.014136270084947,173.63672055997733,CENTER,0.0,0.9527251478909465,0.09373088587335672,NORMAL,STABLE,NORMAL,NO_ACTION,False,0.0
2026-08-12T00:43:36.097226,0.4480472620884276,0.0308836425895908,0.16522811344019728,False,15,0.12901663780212402,False,0.0,23.005309794230527,-11.522178267556143,173.93234526683364,CENTER,0.0,0.952401970003858,0.09199070337678555,NORMAL,STABLE,NORMAL,NO_ACTION,False,0.0
2026-08-12T00:43:36.138840,0.4431296626396828,0.07842359574654931,0.16522811344019728,False,15,0.12901663780212402,False,0.0,23.876456871720137,-12.553677013454461,173.71124255703558,CENTER,0.0,0.9520137991362311,0.09324297683193011,NORMAL,STABLE,NORMAL,NO_ACTION,False,0.0
2026-08-12T00:43:36.170560,0.45207714713192204,0.004370313627042977,0.16502463054187191,False,15,0.12901663780212402,False,0.0,22.862679066404866,-12.234183939779825,174.09664964349724,CENTER,0.0,0.9511593466899578,0.09218375787550703,NORMAL,STABLE,NORMAL,NO_ACTION,False,0.0
2026-08-12T00:43:36.234404,0.46396794240632466,0.04747238786705686,0.16522811344019728,False,15,0.12901663780212402,False,0.0,23.64229245247273,-16.53528141044768,173.09442200367243,CENTER,0.0,0.9528503166795268,0.09533828672503517,NORMAL,STABLE,NORMAL,NO_ACTION,False,0.0
2026-08-12T00:43:36.265861,0.4504531402721893,0.016903524147190978,0.16502463054187191,False,15,0.12901663780212402,False,0.0,22.619282491092946,-13.043774011581576,173.7453794670048,CENTER,0.0,0.9529497420839049,0.09246073990467138,NORMAL,STABLE,NORMAL,NO_ACTION,False,0.0
2026-08-12T00:43:36.298762,0.46679273786812914,0.011698082046729815,0.16522811344019728,False,15,0.12901663780212402,False,0.0,23.748533885335263,-12.298804917195014,173.71547997669393,CENTER,0.0,0.9523589650848766,0.09300004228520983,NORMAL,STABLE,NORMAL,NO_ACTION,False,0.0
2026-08-12T00:43:36.329721,0.4494538461138524,0.013290859326555103,0.16522811344019728,False,15,0.12901663780212402,False,0.0,23.92830428563377,-11.373860377679051,174.0925889342294,CENTER,0.0,0.9518362371220564,0.0926087471645824,NORMAL,STABLE,NORMAL,NO_ACTION,False,0.0
2026-08-12T00:43:36.362404,0.44618745061219256,0.007581053828953824,0.16502463054187191,False,15,0.12901663780212402,False,0.0,22.916170436721558,-15.076376787043415,173.13442693156424,CENTER,0.0,0.9514670889060356,0.09384744697758754,NORMAL,STABLE,NORMAL,NO_ACTION,False,0.0
2026-08-12T00:43:36.414678,0.43898872477404555,0.0212514836293406,0.16522811344019728,False,15,0.12901663780212402,False,0.0,24.321016777545736,-12.464992722110907,173.8178059133851,CENTER,0.0,0.9510800834833677,0.09353080887172502,NORMAL,STABLE,NORMAL,NO_ACTION,False,0.0
2026-08-12T00:43:36.445475,0.4457518154708837,0.008290151129542386,0.16522811344019728,False,15,0.12901663780212402,False,0.0,23.163886335066792,-13.724466401920068,173.5608397457891,CENTER,0.0,0.9588426720750457,0.09336899934164851,NORMAL,STABLE,NORMAL,NO_ACTION,False,0.0
2026-08-12T00:43:36.477382,0.46913757577045523,0.013857069477323625,0.16522811344019728,False,15,0.12901663780212402,False,0.0,22.949102271744692,-14.792676480884097,173.90169432905776,CENTER,0.0,0.9593968282035895,0.0938154444106537,NORMAL,STABLE,NORMAL,NO_ACTION,False,0.0
2026-08-12T00:43:36.503597,0.4557691702617661,0.034485759147131145,0.16522811344019728,False,15,0.12901663780212402,False,0.0,22.571092621960844,-14.518123925117493,174.0505272912617,CENTER,0.0,0.9553991577539153,0.09337086425477467,NORMAL,STABLE,NORMAL,NO_ACTION,False,0.0
2026-08-12T00:43:36.531643,0.45410961660779336,0.030301005014711797,0.16522811344019728,False,15,0.12901663780212402,False,0.0,23.519140628274897,-16.75914701896798,173.64634147631142,CENTER,0.0,0.9521929668745713,0.09537235587766626,NORMAL,STABLE,NORMAL,NO_ACTION,False,0.0
2026-08-12T00:43:36.555662,0.439037769155214,0.02284870376732575,0.16502463054187191,False,15,0.12901663780212402,False,0.0,22.732695937949444,-16.168227521966088,173.83829244537486,CENTER,0.0,0.9521714320416095,0.09433122949715912,NORMAL,STABLE,NORMAL,NO_ACTION,False,0.0
2026-08-12T00:43:36.582051,0.4370779799463276,0.02710892989463892,0.16502463054187191,False,15,0.12901663780212402,False,0.0,23.01446695462036,-16.164582422436922,173.94875882203291,CENTER,0.0,0.9520293254529607,0.0945436790354125,NORMAL,STABLE,NORMAL,NO_ACTION,False,0.0
2026-08-12T00:43:36.619315,0.45103723493965847,0.032500629406747146,0.16502463054187191,False,15,0.12901663780212402,False,0.0,23.50226556618813,-12.46468560938402,174.49626804734487,CENTER,0.0,0.9523350216656664,0.09280233970417141,NORMAL,STABLE,NORMAL,NO_ACTION,False,0.0
2026-08-12T00:43:36.665982,0.4621770992219589,0.01890314125226117,0.16522811344019728,False,15,0.12901663780212402,False,0.0,24.202260836528893,-14.050487712324383,174.35043524618425,CENTER,0.0,0.9594305743098422,0.09434574903237927,NORMAL,STABLE,NORMAL,NO_ACTION,False,0.0
2026-08-12T00:43:36.699479,0.4570709098540304,0.047961219825990935,0.16522811344019728,False,15,0.12901663780212402,False,0.0,23.500324102302784,-13.561695017549681,173.89879247184018,CENTER,0.0,0.9596812485711019,0.0935322052529544,NORMAL,STABLE,NORMAL,NO_ACTION,False,0.0
2026-08-12T00:43:36.733896,0.46449957234184414,0.026443156120655235,0.16522811344019728,False,15,0.12901663780212402,False,0.0,24.04475349612295,-16.43526966349384,173.73510614152542,CENTER,0.0,0.9550243247563729,0.09558759784836127,NORMAL,STABLE,NORMAL,NO_ACTION,False,0.0
2026-08-12T00:43:36.762035,0.4607141336974673,0.009238132271695619,0.16522811344019728,False,15,0.12901663780212402,False,0.0,24.024377811484072,-10.722933104729663,174.87369366804586,CENTER,0.0,0.9521378542774063,0.09231019870901114,NORMAL,STABLE,NORMAL,NO_ACTION,False,0.0
2026-08-12T00:43:36.794987,0.46762198526154486,0.008551253308805186,0.16522811344019728,False,15,0.12901663780212402,False,0.0,23.590418916180084,-14.731326863981508,173.9933908219582,CENTER,0.0,0.9521374398969764,0.09426868919401002,NORMAL,STABLE,NORMAL,NO_ACTION,False,0.0
2026-08-12T00:43:36.826065,0.4746612136388481,0.02388441807029974,0.16522811344019728,False,15,0.12901663780212402,False,0.0,24.63874499393222,-14.779141381323143,173.7786012954125,CENTER,0.0,0.9519949448266746,0.09509415270511032,NORMAL,STABLE,NORMAL,NO_ACTION,False,0.0
2026-08-12T00:43:36.857972,0.453433279744593,0.00855157770434161,0.16522811344019728,False,15,0.12901663780212402,False,0.0,24.225372798072442,-12.959755777275689,174.03719584785836,CENTER,0.0,0.9525826657700331,0.09374051072996364,NORMAL,STABLE,NORMAL,NO_ACTION,False,0.0
2026-08-12T00:43:36.891952,0.46065903191534885,0.014434022973994399,0.1654320987654321,False,15,0.12901663780212402,False,0.0,23.672581748060793,-12.701770755212124,174.22374618677713,CENTER,0.0,0.9527448957083048,0.09327750158391326,NORMAL,STABLE,NORMAL,NO_ACTION,False,0.0
2026-08-12T00:43:36.922354,0.45302592013771337,0.015074919360801969,0.16522811344019728,False,15,0.12901663780212402,False,0.0,23.99616839592457,-14.64710843983542,173.97623793324226,CENTER,0.0,0.9526054048961192,0.0945295224008619,NORMAL,STABLE,NORMAL,NO_ACTION,False,0.0
2026-08-12T00:43:36.954340,0.45703356323316335,0.0234433353277885,0.1654320987654321,False,15,0.12901663780212402,False,0.0,22.71664670577877,-12.838114573691712,174.5418199444503,CENTER,0.0,0.951727773044553,0.09262754047637145,NORMAL,STABLE,NORMAL,NO_ACTION,False,0.0
2026-08-12T00:43:36.986441,0.4662422404060116,0.014651229286583698,0.16522811344019728,False,15,0.12901663780212402,False,0.0,24.51793466625,-11.78547547875607,174.44059468847888,CENTER,0.0,0.952287575106453,0.09329271434235958,NORMAL,STABLE,NORMAL,NO_ACTION,False,0.0
2026-08-12T00:43:37.019193,0.4790334465510699,0.04173825359822732,0.1654320987654321,False,15,0.12901663780212402,False,0.0,23.713316651927784,-19.56755555495991,173.50745185321773,CENTER,0.0,0.9523883601966163,0.09722904908680893,NORMAL,STABLE,NORMAL,NO_ACTION,False,0.0
2026-08-12T00:43:37.050960,0.5132201023942657,0.030051204864151818,0.16522811344019728,False,15,0.12901663780212402,False,0.0,23.541618700293782,-16.408773436378652,174.09431570605557,CENTER,0.0,0.9523058207947531,0.09518939792504921,NORMAL,STABLE,NORMAL,NO_ACTION,False,0.0
2026-08-12T00:43:37.082788,0.5088933710294344,0.01546174754082866,0.16522811344019728,False,15,0.12901663780212402,False,0.0,23.396566360548718,-18.454769339886894,173.63576403364505,CENTER,0.0,0.9528180597529435,0.09624727432849177,NORMAL,STABLE,NORMAL,NO_ACTION,False,0.0
2026-08-12T00:43:37.114308,0.5496379320965805,0.037520232994362294,0.16522811344019728,False,15,0.12901663780212402,False,0.0,23.880889474986617,-17.78462031948061,173.77373374697197,CENTER,0.0,0.952886173536094,0.09623334996448944,NORMAL,STABLE,NORMAL,NO_ACTION,False,0.0
2026-08-12T00:43:37.146554,0.4996756212043054,0.015675078366366196,0.16522811344019728,False,15,0.12901663780212402,False,0.0,25.296456411583108,-15.374148751767876,174.0480312504647,CENTER,0.0,0.9522215850230052,0.09593467602787578,NORMAL,STABLE,NORMAL,NO_ACTION,False,0.0
2026-08-12T00:43:37.195033,0.543146785807638,0.041608375021256576,0.16522811344019728,False,15,0.12901663780212402,False,0.0,23.729777880111868,-17.32529793321791,174.4246986842004,CENTER,0.0,0.9517275788037266,0.09585601420703949,NORMAL,STABLE,NORMAL,NO_ACTION,False,0.0
2026-08-12T00:43:37.227169,0.5153173150158377,0.018454009408856536,0.16522811344019728,False,15,0.12901663780212402,False,0.0,23.94637154054581,-16.388304629826337,174.20170007052343,CENTER,0.0,0.9530002446987883,0.09548587493602662,NORMAL,STABLE,NORMAL,NO_ACTION,False,0.0
2026-08-12T00:43:37.258290,0.528781920385984,0.04173447943200404,0.16522811344019728,False,15,0.12901663780212402,False,0.0,23.103661961504116,-16.52246363331409,174.73087866624456,CENTER,0.0,0.9536214268618541,0.09492087230663551,NORMAL,STABLE,NORMAL,NO_ACTION,False,0.0
2026-08-12T00:43:37.290071,0.5246785973910222,0.03632494443823989,0.16522811344019728,False,15,0.12901663780212402,False,0.0,22.743074941165787,-18.23471060953358,174.63519742874337,CENTER,0.0,0.9532602166209418,0.09562406893863595,NORMAL,STABLE,NORMAL,NO_ACTION,False,0.0
2026-08-12T00:43:37.321545,0.5177236738630728,0.03938972725761628,0.16522811344019728,False,15,0.12901663780212402,False,0.0,23.09148921956057,-16.054890175853018,174.61260863566594,CENTER,0.0,0.9540398475008572,0.09464460835522859,NORMAL,STABLE,NORMAL,NO_ACTION,False,0.0
2026-08-12T00:43:37.354826,0.5436786715055724,0.06061389278498601,0.16522811344019728,False,15,0.12901663780212402,False,0.0,24.097918300775433,-16.48999499015804,174.6019321129773,CENTER,0.0,0.9537525912172782,0.095659325261614,NORMAL,STABLE,NORMAL,NO_ACTION,False,0.0
2026-08-12T00:43:37.386329,0.5194483921753196,0.028389953077342343,0.16522811344019728,False,15,0.12901663780212402,False,0.0,23.506686467819264,-17.96799326411991,174.49313079574546,CENTER,0.0,0.9527490524619913,0.09605315487057228,NORMAL,STABLE,NORMAL,NO_ACTION,False,0.0
2026-08-12T00:43:37.418419,0.520494107580324,0.0499960787554967,0.16522811344019728,False,15,0.12901663780212402,False,0.0,23.61455265230407,-19.05780253433028,174.5006124551905,CENTER,0.0,0.952866762402835,0.09675758866608719,NORMAL,STABLE,NORMAL,NO_ACTION,False,0.0
2026-08-12T00:43:37.450861,0.5206157695331773,0.040751114737975956,0.1654320987654321,False,15,0.12901663780212402,False,0.0,23.18442652322088,-19.84977394177116,174.46209143244357,CENTER,0.0,0.9526667590985083,0.09698752361607074,NORMAL,STABLE,NORMAL,NO_ACTION,False,0.0
2026-08-12T00:43:37.483272,0.5272669435644174,0.03819132482357931,0.1654320987654321,False,15,0.12901663780212402,False,0.0,23.511517734557145,-18.1688558231169,174.76165259372715,CENTER,0.0,0.9533271002121914,0.09627671395532778,NORMAL,STABLE,NORMAL,NO_ACTION,False,0.0
2026-08-12T00:43:37.514266,0.5408569348403048,0.040362259463813964,0.16522811344019728,False,15,0.12901663780212402,False,0.0,22.51319048112606,-20.13987763510559,174.45013570713888,CENTER,0.0,0.9530324109796525,0.09653694023698883,NORMAL,STABLE,NORMAL,NO_ACTION,False,0.0
2026-08-12T00:43:37.547685,0.4941589117858573,0.044823958282929316,0.1654320987654321,False,15,0.12901663780212402,False,0.0,23.98269343181107,-18.39167327953976,174.29376784442906,CENTER,0.0,0.9535204086826988,0.09676268558381601,NORMAL,STABLE,NORMAL,NO_ACTION,False,0.0
2026-08-12T00:43:37.579594,0.5211886862213956,0.029659607591784376,0.1654320987654321,False,15,0.12901663780212402,False,0.0,23.572048581706127,-17.846130253261435,174.49822162195562,CENTER,0.0,0.9530494523748285,0.09613851580719862,NORMAL,STABLE,NORMAL,NO_ACTION,False,0.0
2026-08-12T00:43:37.610392,0.5349463542814019,0.03223295085878217,0.16522811344019728,False,15,0.12901663780212402,False,0.0,24.536749994854887,-18.29684218083716,174.21850916926257,CENTER,0.0,0.9525644071323446,0.09702519149804385,NORMAL,STABLE,NORMAL,NO_ACTION,False,0.0
2026-08-12T00:43:37.641785,0.5333576737456367,0.04031797631189068,0.16522811344019728,False,15,0.12901663780212402,False,0.0,24.185570657415923,-20.158708102464743,173.77270483129723,CENTER,0.0,0.9524401059527892,0.0978209869502948,NORMAL,STABLE,NORMAL,NO_ACTION,False,0.0
2026-08-12T00:43:37.674493,0.5120150336538971,0.03865881579060443,0.16522811344019728,False,15,0.12901663780212402,False,0.0,24.228963200690544,-16.168815836727617,174.65946078328756,CENTER,0.0,0.9523696224315559,0.09557569718506445,NORMAL,STABLE,NORMAL,NO_ACTION,False,0.0
2026-08-12T00:43:37.722788,0.5314597659177667,0.05477310102701404,0.16296296296296298,False,15,0.12901663780212402,False,0.0,23.344106902028216,-17.85798235613197,174.40296601051182,CENTER,0.0,0.9518661113611682,0.0946985485837542,NORMAL,STABLE,NORMAL,NO_ACTION,False,0.0
2026-08-12T00:43:37.754065,0.5517923933871891,0.053118339133100635,0.1617283950617284,False,15,0.12901663780212402,False,0.0,22.37359874162206,-18.108644285340404,174.6599993675958,CENTER,0.0,0.9519287216542354,0.09346617650136252,NORMAL,STABLE,NORMAL,NO_ACTION,False,0.0
2026-08-12T00:43:37.785633,0.542457506416451,0.02374676128354985,0.16049382716049382,False,15,0.12901663780212402,False,0.0,23.32628761317912,-18.9692763971984,174.40129298896562,CENTER,0.0,0.9526139385430955,0.09404637008622613,NORMAL,STABLE,NORMAL,NO_ACTION,False,0.0
2026-08-12T00:43:37.817813,0.5429624629442903,0.02178085702393513,0.16029593094944514,False,15,0.12901663780212402,False,0.0,22.496634097646478,-16.50743143684403,174.66366013299364,CENTER,0.0,0.9527186861461191,0.0919068818664202,NORMAL,STABLE,NORMAL,NO_ACTION,False,0.0
2026-08-12T00:43:37.851501,0.5205023823286676,0.06247901014328828,0.1580246913580247,False,15,0.12901663780212402,False,0.0,24.536069934903765,-16.113957022097026,174.7020119768831,CENTER,0.0,0.9524101151691815,0.09206381160063018,NORMAL,STABLE,NORMAL,NO_ACTION,False,0.0
2026-08-12T00:43:37.882427,0.5306239546396705,0.03263219677402382,0.15782983970406905,False,15,0.12901663780212402,False,0.0,23.694967342377822,-16.576884628415513,174.6206085796681,CENTER,0.0,0.9523411078782293,0.09158729397493637,NORMAL,STABLE,NORMAL,NO_ACTION,False,0.0
2026-08-12T00:43:37.915621,0.5162143254426802,0.01734723485525097,0.15659679408138102,False,15,0.12901663780212402,False,0.0,23.876879952758827,-16.737833668427783,174.4265329029053,CENTER,0.0,0.9518330515725023,0.09118189299491863,NORMAL,STABLE,NORMAL,NO_ACTION,False,0.0
2026-08-12T00:43:37.952081,0.5262910436940085,0.041757268942432056,0.15432098765432098,False,15,0.12901663780212402,False,0.0,23.069840091235562,-20.081625840810773,174.04964220973,CENTER,0.0,0.9516081595436099,0.09130332883154767,NORMAL,STABLE,NORMAL,NO_ACTION,False,0.0
2026-08-12T00:43:37.982028,0.5348583983715982,0.04576184731702743,0.15308641975308643,False,15,0.12901663780212402,False,0.0,23.225222315430443,-17.862885287266295,174.66769668447301,CENTER,0.0,0.9531262292988397,0.0895180818099211,NORMAL,STABLE,NORMAL,NO_ACTION,False,0.0
2026-08-12T00:43:38.011163,0.510082735256738,0.0676118848713147,0.15185185185185185,False,15,0.12901663780212402,False,0.0,23.22523725050732,-19.754375729507814,174.1462548111782,CENTER,0.0,0.9537468675875915,0.08996158714396905,NORMAL,STABLE,NORMAL,NO_ACTION,False,0.0
2026-08-12T00:43:38.045314,0.5190970363286289,0.04904392995872906,0.1506172839506173,False,15,0.12901663780212402,False,0.0,22.4162240772678,-19.652893928206225,174.25395148975122,CENTER,0.0,0.9532950245770462,0.08865108911679799,NORMAL,STABLE,NORMAL,NO_ACTION,False,0.0
2026-08-12T00:43:38.074105,0.5178777626358968,0.09038589900741235,0.1504315659679408,False,15,0.12901663780212402,False,0.0,23.34535618168195,-19.283381455891373,174.48618673890405,CENTER,0.0,0.9529829831640088,0.08905173445963244,NORMAL,STABLE,NORMAL,NO_ACTION,False,0.0
2026-08-12T00:43:38.106625,0.5319983518152293,0.04580485144466719,0.14919852034525277,False,15,0.12901663780212402,False,0.0,22.84571537564682,-18.9442608339329,174.63592726498723,CENTER,0.0,0.9522508506408608,0.08784186944537778,NORMAL,STABLE,NORMAL,NO_ACTION,False,0.0
2026-08-12T00:43:38.143142,0.5237519142303689,0.07489588323672544,0.14796547472256474,False,15,0.12901663780212402,False,0.0,23.061912466168792,-20.818855719651395,174.36313865226253,CENTER,0.0,0.9522254180419809,0.08844110577348879,NORMAL,STABLE,NORMAL,NO_ACTION,False,0.0
2026-08-12T00:43:38.172720,0.514032745238721,0.04425289702597554,0.1467324290998767,False,15,0.12901663780212402,False,0.0,22.48918815918509,-18.60380385661591,174.48758465971588,CENTER,0.0,0.958708969639489,0.08610439419723588,NORMAL,STABLE,NORMAL,NO_ACTION,False,0.0
2026-08-12T00:43:38.217458,0.542286887288983,0.04137257149235888,0.14549938347718866,False,15,0.12901663780212402,False,0.0,23.52795435634809,-18.86891521049563,174.40734985114386,CENTER,0.0,0.9594096998956905,0.08641085199860568,NORMAL,STABLE,NORMAL,NO_ACTION,False,0.0
2026-08-12T00:43:38.261264,0.5377614523018492,0.02952415041157243,0.14320987654320988,False,15,0.12901663780212402,False,0.0,23.481120963583578,-19.452782645505522,174.1914166619432,CENTER,0.0,0.9556713150505829,0.08552803350105317,NORMAL,STABLE,NORMAL,NO_ACTION,False,0.0
2026-08-12T00:43:38.292520,0.5415069544081232,0.027778866807518367,0.1419753086419753,False,15,0.12901663780212402,False,0.0,24.218472478496693,-17.47430950273977,174.6706201685398,CENTER,0.0,0.952762843560671,0.08432307698218784,NORMAL,STABLE,NORMAL,NO_ACTION,False,0.0
2026-08-12T00:43:38.323920,0.5056373674371067,0.0469805019563008,0.14074074074074075,False,15,0.12901663780212402,False,0.0,23.821151705935478,-18.4387511434052,174.41486269257422,CENTER,0.0,0.9524768563171582,0.08393469641847986,NORMAL,STABLE,NORMAL,NO_ACTION,False,0.0
2026-08-12T00:43:38.357000,0.5184574509416517,0.02005263802097487,0.13950617283950617,False,15,0.12901663780212402,False,0.0,23.187291497911843,-18.50091004381875,174.51983125554943,CENTER,0.0,0.9516311576574645,0.08285099686847204,NORMAL,STABLE,NORMAL,NO_ACTION,False,0.0
2026-08-12T00:43:38.406688,0.5068600911462935,0.03945846367248606,0.1382716049382716,False,15,0.12901663780212402,False,0.0,22.975108061319645,-17.582795473429883,174.56079599918485,CENTER,0.0,0.9519769192779778,0.08152858738589364,NORMAL,STABLE,NORMAL,NO_ACTION,False,0.0
2026-08-12T00:43:38.442164,0.5211072176166414,0.040712212140667954,0.13703703703703704,False,15,0.12901663780212402,False,0.0,23.499177640620815,-19.6917991044879,174.12252389312323,CENTER,0.0,0.9524552826360312,0.08249529573285214,NORMAL,STABLE,NORMAL,NO_ACTION,False,0.0
2026-08-12T00:43:38.493510,0.5043651793349201,0.028580258802849652,0.13473423980222496,False,15,0.12901663780212402,False,0.0,22.965574905083486,-17.91509150594206,174.63741950469705,CENTER,0.0,0.9528654286158265,0.07988706753441559,NORMAL,STABLE,NORMAL,NO_ACTION,False,0.0
2026-08-12T00:43:38.531171,0.49867472202248725,0.03614168846154637,0.1334981458590853,False,15,0.12901663780212402,False,0.0,23.271572843663904,-18.991159020528556,174.23454125788174,CENTER,0.0,0.9527961752864941,0.08009712444666947,NORMAL,STABLE,NORMAL,NO_ACTION,False,0.0
2026-08-12T00:43:38.560204,0.5072807795981735,0.01739922384446438,0.13226205191594562,False,15,0.12901663780212402,False,0.0,23.113522330068236,-18.687185050298694,174.5146416499548,CENTER,0.0,0.9588218494584476,0.0791658325686538,NORMAL,STABLE,NORMAL,NO_ACTION,False,0.0
2026-08-12T00:43:38.593328,0.5010533310646283,0.031425164892334635,0.13102595797280595,False,15,0.12901663780212402,False,0.0,23.367070382943524,-18.255522085863305,174.61956007432002,CENTER,0.0,0.9590398135645292,0.07847500442241362,NORMAL,STABLE,NORMAL,NO_ACTION,False,0.0
2026-08-12T00:43:38.620564,0.5134494319502685,0.05044158190041196,0.12978986402966625,False,15,0.12901663780212402,False,0.0,23.793127027158988,-19.186562335358047,174.52974885328194,CENTER,0.0,0.9551989343099851,0.0786936558339559,NORMAL,STABLE,NORMAL,NO_ACTION,False,0.0
2026-08-12T00:43:38.657485,0.49893766285629504,0.0370138723364295,0.12855377008652658,False,15,0.12901663780212402,False,0.0,22.643597374828687,-19.84481623088081,174.59708453751324,CENTER,0.0,0.9534239486882716,0.07755694103197085,NORMAL,STABLE,NORMAL,NO_ACTION,False,0.0
2026-08-12T00:43:38.690992,0.493217425683777,0.028537073890352475,0.1273176761433869,False,15,0.12901663780212402,False,0.0,23.14378850574579,-18.368054052350317,174.9431636756869,CENTER,0.0,0.9534257616026521,0.07645712107633626,NORMAL,STABLE,NORMAL,NO_ACTION,False,0.0
2026-08-12T00:43:38.719165,0.4952222666103343,0.017369733991561546,0.1260815822002472,False,15,0.12901663780212402,False,0.0,24.256762342482915,-16.46088197849727,174.82526172341773,CENTER,0.0,0.9534314593335619,0.07557807855475464,NORMAL,STABLE,NORMAL,NO_ACTION,False,0.0
2026-08-12T00:43:38.755055,0.48722502000263684,0.01502855425696057,0.12484548825710753,False,15,0.12901663780212402,False,0.0,23.4241618205634,-16.595935354468878,174.86807355215865,CENTER,0.0,0.9536905247985253,0.07438390247291897,NORMAL,STABLE,NORMAL,NO_ACTION,False,0.0
2026-08-12T00:43:38.787231,0.4904062315923846,0.03961318484330658,0.12360939431396786,False,15,0.12901663780212402,False,0.0,22.8846809584914,-20.472476848885776,174.16504511899234,CENTER,0.0,0.9528435959469307,0.0755493803102251,NORMAL,STABLE,NORMAL,NO_ACTION,False,0.0
2026-08-12T00:43:38.812325,0.5044911866984013,0.04282435570874304,0.12237330037082818,False,15,0.12901663780212402,False,0.0,22.02539149514459,-19.594610930171484,174.67690135221756,CENTER,0.0,0.9531833620006002,0.07375648213903693,NORMAL,STABLE,NORMAL,NO_ACTION,False,0.0
2026-08-12T00:43:38.837738,0.49903557013197936,0.03395976904855278,0.12222222222222222,False,15,0.12901663780212402,False,0.0,23.67265774466506,-20.07680090965914,174.2152971288615,CENTER,0.0,0.9536475457783207,0.07520809561551228,NORMAL,STABLE,NORMAL,NO_ACTION,False,0.0
2026-08-12T00:43:38.868641,0.4963511223075926,0.02554201601734275,0.12098765432098765,False,15,0.12901663780212402,False,0.0,23.167815550270006,-17.64281187826228,174.67550665056172,CENTER,0.0,0.953291178608682,0.07279726369818074,NORMAL,STABLE,NORMAL,NO_ACTION,False,0.0
2026-08-12T00:43:38.899241,0.4963854094458603,0.034538223409879415,0.11975308641975309,False,15,0.12901663780212402,False,0.0,22.798719340725455,-19.274784721384464,174.62525270276024,CENTER,0.0,0.9540050783929184,0.07281154923200635,NORMAL,STABLE,NORMAL,NO_ACTION,False,0.0
2026-08-12T00:43:38.935981,0.5097979786322732,0.05435685526934299,0.11851851851851852,False,15,0.12901663780212402,False,0.0,24.796960248635685,-14.97520230825711,175.32916346036006,CENTER,0.0,0.9538529748764003,0.07124118058125797,NORMAL,STABLE,NORMAL,NO_ACTION,False,0.0
2026-08-12T00:43:38.962580,0.4945130547742368,0.02877260214760486,0.11728395061728394,False,15,0.12901663780212402,False,0.0,23.689014629277835,-19.729581438110017,174.4963701339857,CENTER,0.0,0.9525820183006115,0.072475902401615,NORMAL,STABLE,NORMAL,NO_ACTION,False,0.0
2026-08-12T00:43:38.992499,0.4810009596402275,0.06849278280329957,0.11604938271604938,False,15,0.12901663780212402,False,0.0,23.603332523244035,-18.127020888986777,174.56940092759055,CENTER,0.0,0.9522725926640374,0.07085897115925098,NORMAL,STABLE,NORMAL,NO_ACTION,False,0.0
2026-08-12T00:43:39.034205,0.49301208487785975,0.013682225555791752,0.1159062885326757,False,15,0.12901663780212402,False,0.0,23.54119874563284,-17.21913346096926,174.8046604552418,CENTER,0.0,0.9527000519761659,0.07021945311850425,NORMAL,STABLE,NORMAL,NO_ACTION,False,0.0
2026-08-12T00:43:39.069157,0.5118244635474603,0.019359329485959934,0.11358024691358025,False,15,0.12901663780212402,False,0.0,24.604376513860416,-18.62169417029213,174.34804012633504,CENTER,0.0,0.9527404152199075,0.0706304151746999,NORMAL,STABLE,NORMAL,NO_ACTION,False,0.0
2026-08-12T00:43:39.103396,0.4947764793677977,0.04567447634954848,0.11234567901234568,False,15,0.12901663780212402,False,0.0,22.420119924792402,-18.99954567861718,174.81271931186984,CENTER,0.0,0.9532578339334704,0.06854656424109808,NORMAL,STABLE,NORMAL,NO_ACTION,False,0.0
2026-08-12T00:43:39.135838,0.4895378394215918,0.02537362318279177,0.1111111111111111,False,15,0.12901663780212402,False,0.0,23.565340417820124,-16.215836126948943,175.15321932593014,CENTER,0.0,0.9531648832233082,0.06719233550130888,NORMAL,STABLE,NORMAL,NO_ACTION,False,0.0
2026-08-12T00:43:39.168597,0.5072839796339828,0.012515746157890436,0.10987654320987654,False,15,0.12901663780212402,False,0.0,23.704199245732354,-16.907742875079094,175.0707197608823,CENTER,0.0,0.9524512553762288,0.06705655988238406,NORMAL,STABLE,NORMAL,NO_ACTION,False,0.0
2026-08-12T00:43:39.202180,0.5068818765336578,0.027936580974542376,0.10864197530864197,False,15,0.12901663780212402,False,0.0,23.011775452560045,-18.94890957470892,174.66531571181542,CENTER,0.0,0.9524213681877286,0.06705833449815751,NORMAL,STABLE,NORMAL,NO_ACTION,False,0.0
2026-08-12T00:43:39.238390,0.4859264683048188,0.02733302572278596,0.10740740740740741,False,15,0.12901663780212402,False,0.0,24.193701207803713,-18.31255551039348,174.60594932131153,CENTER,0.0,0.9593287403192159,0.06695824512519014,NORMAL,STABLE,NORMAL,NO_ACTION,False,0.0
2026-08-12T00:43:39.278920,0.48224798216227527,0.021196133287895547,0.10727496917385944,False,15,0.12901663780212402,False,0.0,22.576770407953433,-20.131051269061743,174.59132284139122,CENTER,0.0,0.9592786261859854,0.066697283925421,NORMAL,STABLE,NORMAL,NO_ACTION,False,0.0
2026-08-12T00:43:39.309499,0.51469358941246,0.03207826948025038,0.10714285714285714,False,15,0.12901663780212402,False,0.0,23.412971891192512,-18.24385752765272,174.8962213095728,CENTER,0.0,0.9555503936614083,0.06618818282334836,NORMAL,STABLE,NORMAL,NO_ACTION,False,0.0
2026-08-12T00:43:39.348006,0.4944781206768981,0.04300997241030245,0.1070110701107011,False,15,0.12901663780212402,False,0.0,22.948850188763515,-21.810256544248176,174.307079371793,CENTER,0.0,0.9527441316943873,0.06780336359422205,NORMAL,STABLE,NORMAL,NO_ACTION,False,0.0
2026-08-12T00:43:39.379893,0.49375404249408206,0.017068885455157393,0.10687960687960688,False,15,0.12901663780212402,False,0.0,23.311515971629973,-17.32076053980785,174.53372889503237,CENTER,0.0,0.9528985272526578,0.06544808377497592,NORMAL,STABLE,NORMAL,NO_ACTION,False,0.0
2026-08-12T00:43:39.412272,0.4846894615379252,0.018809083583895703,0.1067484662576687,False,15,0.12901663780212402,False,0.0,23.81680671687934,-17.869941245597147,174.99110420971942,CENTER,0.0,0.9531981631515775,0.06607876946347858,NORMAL,STABLE,NORMAL,NO_ACTION,False,0.0
2026-08-12T00:43:39.446445,0.4949847889348371,0.02942081692042115,0.10661764705882353,False,15,0.12901663780212402,False,0.0,23.15992749245237,-19.300361614499025,174.5630520922199,CENTER,0.0,0.953209157182356,0.06632799343469545,NORMAL,STABLE,NORMAL,NO_ACTION,False,0.0
2026-08-12T00:43:39.478948,0.5288282611802406,0.03594522994649456,0.10648714810281518,False,15,0.12901663780212402,False,0.0,23.45666742406854,-19.438396971113974,174.63080699961222,CENTER,0.0,0.9534748915823618,0.06656545222715932,NORMAL,STABLE,NORMAL,NO_ACTION,False,0.0
2026-08-12T00:43:39.512264,0.4875392277014744,0.03021249055614275,0.10635696821515893,False,15,0.12901663780212402,False,0.0,23.17900007282458,-20.060393925248576,174.49394303144038,CENTER,0.0,0.9528791031700103,0.06664209521683975,NORMAL,STABLE,NORMAL,NO_ACTION,False,0.0
2026-08-12T00:43:39.550726,0.4911057664826596,0.024260052601150165,0.10622710622710622,False,15,0.12901663780212402,False,0.0,22.4114437962655,-19.711933123719575,174.67607761593672,CENTER,0.0,0.9530671541888146,0.06579176173323277,NORMAL,STABLE,NORMAL,NO_ACTION,False,0.0
2026-08-12T00:43:39.587713,0.5068103958996665,0.028674665460598287,0.10609756097560975,False,15,0.12901663780212402,False,0.0,23.148982414383596,-19.72362293193143,174.73469840334667,CENTER,0.0,0.9531646371849279,0.06629317515742278,NORMAL,STABLE,NORMAL,NO_ACTION,False,0.0
2026-08-12T00:43:39.622762,0.4951281289365546,0.04260912290674676,0.10596833130328867,False,15,0.12901663780212402,False,0.0,23.125126145906563,-18.473192386938678,174.59146303968248,CENTER,0.0,0.9536634217285379,0.06549434882628118,NORMAL,STABLE,NORMAL,NO_ACTION,False,0.0
2026-08-12T00:43:39.660252,0.5010052184470117,0.013981178978335323,0.10583941605839416,False,15,0.12901663780212402,False,0.0,24.414217612513255,-16.782937715349476,174.57056013061742,CENTER,0.0,0.9598725110382372,0.06544416841891294,NORMAL,STABLE,NORMAL,NO_ACTION,False,0.0
2026-08-12T00:43:39.687732,0.49159291633464375,0.02829240070922566,0.10571081409477522,False,15,0.12901663780212402,False,0.0,23.386357141006727,-18.989192388293105,174.46482184357524,CENTER,0.0,0.9598641716320871,0.06585510365641169,NORMAL,STABLE,NORMAL,NO_ACTION,False,0.0
2026-08-12T00:43:39.711135,0.5092155254625128,0.008831053685682292,0.10558252427184465,False,15,0.12901663780212402,False,0.0,23.762485522699905,-16.062748799197834,174.9283487811066,CENTER,0.0,0.9558181999635631,0.06440425182271092,NORMAL,STABLE,NORMAL,NO_ACTION,False,0.0
2026-08-12T00:43:39.737239,0.5099235578907365,0.022417840091366274,0.10545454545454545,False,15,0.12901663780212402,False,0.0,23.8914126986746,-16.61069392581129,174.86236184323104,CENTER,0.0,0.9558951322802355,0.0647493117510468,NORMAL,STABLE,NORMAL,NO_ACTION,False,0.0
2026-08-12T00:43:39.764235,0.5117494016385584,0.05890680927081891,0.1053268765133172,False,15,0.12901663780212402,False,0.0,23.06882457079456,-20.348189559770475,174.3807714984983,CENTER,0.0,0.959510277795639,0.06619139210214235,NORMAL,STABLE,NORMAL,NO_ACTION,False,0.0
2026-08-12T00:43:39.798029,0.5281652593272168,0.03486058811420259,0.10519951632406288,False,15,0.12901663780212402,False,0.0,21.581017791680893,-20.17603401785044,174.97109105064902,CENTER,0.0,0.9597349755837048,0.06489464880088175,NORMAL,STABLE,NORMAL,NO_ACTION,False,0.0
2026-08-12T00:43:39.833791,0.5131454343928856,0.04217747069813552,0.10507246376811594,False,15,0.12901663780212402,False,0.0,23.879668272387477,-19.34233781945784,174.41859863777267,CENTER,0.0,0.9529750710876772,0.06610318929121818,NORMAL,STABLE,NORMAL,NO_ACTION,False,0.0
2026-08-12T00:43:39.865638,0.5107209628266565,0.023473380264160404,0.10494571773220748,False,15,0.12901663780212402,False,0.0,23.496704597751005,-18.509319134850728,174.73826169185418,CENTER,0.0,0.9525042442736912,0.06527058383685329,NORMAL,STABLE,NORMAL,NO_ACTION,False,0.0
2026-08-12T00:43:39.897521,0.5442834103201368,0.015848210630703033,0.10481927710843374,False,15,0.12901663780212402,False,0.0,23.66064070778276,-17.697684320343285,174.6098964582344,CENTER,0.0,0.9529571620834761,0.06486673769762259,NORMAL,STABLE,NORMAL,NO_ACTION,False,0.0
2026-08-12T00:43:39.929806,0.5014037424715743,0.022882753901624392,0.10469314079422383,False,15,0.12901663780212402,False,0.0,23.60097426109212,-19.065068076966668,174.52127924560745,CENTER,0.0,0.9527625327753487,0.06553707862230024,NORMAL,STABLE,NORMAL,NO_ACTION,False,0.0
2026-08-12T00:43:39.962744,0.5342236455474529,0.05468868420285015,0.1045673076923077,False,15,0.12901663780212402,False,0.0,23.145581095554633,-18.806751833625867,174.79195211987326,CENTER,0.0,0.9523653361839849,0.06497796787480423,NORMAL,STABLE,NORMAL,NO_ACTION,False,0.0
2026-08-12T00:43:39.993789,0.5005484674958418,0.04370482952936315,0.10444177671068428,False,15,0.12901663780212402,False,0.0,22.34209088424089,-20.77692446271203,174.87411875505558,CENTER,0.0,0.95946188593107,0.06542650591157649,NORMAL,STABLE,NORMAL,NO_ACTION,False,0.0
2026-08-12T00:43:40.026970,0.4930246539352385,0.0184516239604534,0.10431654676258993,False,15,0.12901663780212402,False,0.0,24.66316717605463,-17.517164159584354,174.62463627840685,CENTER,0.0,0.9599768183620542,0.06526771772876408,NORMAL,STABLE,NORMAL,NO_ACTION,False,0.0
2026-08-12T00:43:40.059212,0.5047270916300854,0.041747618356207244,0.10419161676646707,False,15,0.12901663780212402,False,0.0,23.763004596819172,-18.5363750316439,174.72033315954712,CENTER,0.0,0.955602825735168,0.06509993983042323,NORMAL,STABLE,NORMAL,NO_ACTION,False,0.0
2026-08-12T00:43:40.090877,0.519596601602341,0.022117483013287066,0.10406698564593302,False,15,0.12901663780212402,False,0.0,22.687432667134715,-19.574579802436233,174.82701594873345,CENTER,0.0,0.9593527484853681,0.06480961124854166,NORMAL,STABLE,NORMAL,NO_ACTION,False,0.0
2026-08-12T00:43:40.122961,0.49713965586503645,0.00953637724851188,0.10287081339712918,False,15,0.12901663780212402,False,0.0,23.520683484432112,-17.998300617342522,174.92209849251083,CENTER,0.0,0.9589650178969479,0.06392713033167288,NORMAL,STABLE,NORMAL,NO_ACTION,False,0.0
2026-08-12T00:43:40.153825,0.5059874332419045,0.017293819543508605,0.10167464114832536,False,15,0.12901663780212402,False,0.0,23.73375764666929,-18.87016439843461,174.210096006161,CENTER,0.0,0.9549598497513718,0.0639704180773308,NORMAL,STABLE,NORMAL,NO_ACTION,False,0.0
2026-08-12T00:43:40.187343,0.5039130710667098,0.023555012699689633,0.09940119760479042,False,15,0.12901663780212402,False,0.0,23.244860910903327,-16.742690843884105,174.90509948410443,CENTER,0.0,0.958640959451446,0.06151983457240264,NORMAL,STABLE,NORMAL,NO_ACTION,False,0.0
2026-08-12T00:43:40.218526,0.49597487354301717,0.1184998193410914,0.09820359281437126,False,15,0.12901663780212402,False,0.0,24.176397473582654,-19.810401152919695,174.15240885435844,CENTER,0.0,0.9590672144704504,0.06398081382973264,NORMAL,STABLE,NORMAL,NO_ACTION,False,0.0
2026-08-12T00:43:40.250101,0.5056241625397969,0.011063419076654209,0.09700598802395209,False,15,0.12901663780212402,False,0.0,24.76194550553788,-15.445632457267891,175.12859474566073,CENTER,0.0,0.9557546055169752,0.0619342392949038,NORMAL,STABLE,NORMAL,NO_ACTION,False,0.0
2026-08-12T00:43:40.281789,0.5015674030395614,0.06255819590586127,0.09580838323353294,False,15,0.12901663780212402,False,0.0,22.812096786613665,-20.331613876210582,174.5898908635255,CENTER,0.0,0.9589331624014061,0.06323970653256868,NORMAL,STABLE,NORMAL,NO_ACTION,False,0.0
2026-08-12T00:43:40.314381,0.49886094876327125,0.025227737672359526,0.09461077844311377,False,15,0.12901663780212402,False,0.0,23.134914726062192,-19.396507990469416,174.61836106014556,CENTER,0.0,0.9588297874335562,0.06295152061916495,NORMAL,STABLE,NORMAL,NO_ACTION,False,0.0
2026-08-12T00:43:40.363673,0.5109188977912014,0.1053956014429166,0.09232613908872901,False,15,0.12901663780212402,False,0.0,23.563303727421385,-17.985171753691816,174.94268392118,CENTER,0.0,0.9553685195008859,0.06247177362785833,NORMAL,STABLE,NORMAL,NO_ACTION,False,0.0
2026-08-12T00:43:40.394527,0.5041884024119924,0.09056275124692427,0.09221556886227544,False,15,0.12901663780212402,False,0.0,23.54174432793056,-16.534460452071073,175.29079022868564,CENTER,0.0,0.9515663459683642,0.06162696691093585,NORMAL,STABLE,NORMAL,NO_ACTION,False,0.0
2026-08-12T00:43:40.427360,0.5142504575518435,0.09587173772089827,0.08992805755395683,False,15,0.12901663780212402,False,0.0,24.099272934799984,-17.488889935263558,174.96628428644908,CENTER,0.0,0.9587139033564815,0.06259645334527085,NORMAL,STABLE,NORMAL,NO_ACTION,False,0.0
2026-08-12T00:43:40.458753,0.5060226440187828,0.0452029718876722,0.08872901678657075,False,15,0.12901663780212402,False,0.0,24.034145718770674,-15.889559809539946,175.78297534538297,CENTER,0.0,0.9598935408450503,0.06163361052468524,NORMAL,STABLE,NORMAL,NO_ACTION,False,0.0
2026-08-12T00:43:40.489672,0.5175020393249761,0.1280413618524148,0.08862275449101796,False,15,0.12901663780212402,False,0.0,24.2257288322148,-17.636995340367804,175.29053720034437,CENTER,0.0,0.955395855659865,0.06277730447247928,NORMAL,STABLE,NORMAL,NO_ACTION,False,0.0
2026-08-12T00:43:40.521803,0.5276465968066597,0.11937575944997418,0.08742514970059881,False,15,0.12901663780212402,False,0.0,23.56860760693621,-19.118392332897713,175.0674437629611,CENTER,0.0,0.9592356212670039,0.06312290886552904,NORMAL,STABLE,NORMAL,NO_ACTION,False,0.0
2026-08-12T00:43:40.553610,0.5122855711479856,0.038444719738454404,0.08622754491017964,False,15,0.12901663780212402,False,0.0,24.55448355721356,-17.095725595682325,175.13394914974344,CENTER,0.0,0.9591198019368712,0.06271852882736492,NORMAL,STABLE,NORMAL,NO_ACTION,False,0.0
2026-08-12T00:43:40.587484,0.49891786680689454,0.03510885673639329,0.08502994011976048,False,15,0.12901663780212402,False,0.0,23.761913029286944,-16.066812718210883,175.71425171173405,CENTER,0.0,0.9550035539373285,0.06152755751070263,NORMAL,STABLE,NORMAL,NO_ACTION,False,0.0
2026-08-12T00:43:40.617867,0.521553588124509,0.03090396607744067,0.08383233532934131,False,15,0.12901663780212402,False,0.0,23.501498292076974,-19.941094868019064,174.99754765002604,CENTER,0.0,0.9583739301125972,0.06354159763055724,NORMAL,STABLE,NORMAL,NO_ACTION,False,0.0
2026-08-12T00:43:40.651276,0.5191013597355463,0.06519093622863102,0.0815347721822542,False,15,0.12901663780212402,False,0.0,23.996171552139003,-17.910982922553984,175.03472047146897,CENTER,0.0,0.9649756837277093,0.0627589809772285,NORMAL,STABLE,NORMAL,NO_ACTION,False,0.0
2026-08-12T00:43:40.681991,0.5155522925008234,0.06419217761299721,0.0803357314148681,False,15,0.12901663780212402,False,0.0,23.946959614524616,-17.656055057211034,175.68464663241946,CENTER,0.0,0.9602287357646034,0.06257594253166401,NORMAL,STABLE,NORMAL,NO_ACTION,False,0.0
2026-08-12T00:43:40.713722,0.514728688845967,0.05196269832665384,0.08023952095808383,False,15,0.12901663780212402,False,0.0,23.59844367693657,-18.598736047740346,175.26507422818122,CENTER,0.0,0.9558238717956963,0.06284888842572808,NORMAL,STABLE,NORMAL,NO_ACTION,False,0.0
2026-08-12T00:43:40.747404,0.5184243893921041,0.06985734081101341,0.07904191616766468,False,15,0.12901663780212402,False,0.0,23.28562248096364,-18.522056943123886,175.55095346739358,CENTER,0.0,0.9598587976358882,0.06256693121297545,NORMAL,STABLE,NORMAL,NO_ACTION,False,0.0
2026-08-12T00:43:40.778951,0.5058094793615353,0.045517695107472673,0.07784431137724551,False,15,0.12901663780212402,False,0.0,23.2272411890263,-19.17268323400907,175.31987490301435,CENTER,0.0,0.9594860753886604,0.0628940054002149,NORMAL,STABLE,NORMAL,NO_ACTION,False,0.0
2026-08-12T00:43:40.810053,0.518624631444323,0.03187513918874478,0.07784431137724551,False,15,0.12901663780212402,False,0.0,22.998073296851572,-20.448268573206633,175.3296261336523,CENTER,0.0,0.9555253754429585,0.06344791551965219,NORMAL,STABLE,NORMAL,NO_ACTION,False,0.0
2026-08-12T00:43:40.842625,0.524707497581737,0.008712795041440801,0.07784431137724551,False,15,0.12901663780212402,False,0.0,24.85118881428923,-17.31785546588364,175.65600417951703,CENTER,0.0,0.9528961575145747,0.06307127189869724,NORMAL,STABLE,NORMAL,NO_ACTION,False,0.0
2026-08-12T00:43:40.890395,0.513751338003383,0.024166359192924664,0.07793764988009592,False,15,0.12901663780212402,False,0.0,24.690215986861915,-19.469078129752006,175.14551642199365,CENTER,0.0,0.9540453509909408,0.06417711406660961,NORMAL,STABLE,NORMAL,NO_ACTION,False,0.0
2026-08-12T00:43:40.922048,0.4907847332662979,0.0107713769516511,0.07793764988009592,False,15,0.12901663780212402,False,0.0,22.339146773284085,-20.358998296400244,175.37488764933096,CENTER,0.0,0.9543130666473766,0.0628952554732559,NORMAL,STABLE,NORMAL,NO_ACTION,False,0.0
2026-08-12T00:43:40.954915,0.5120749545258527,0.00861336344349204,0.07784431137724551,False,15,0.12901663780212402,False,0.0,23.31440718085986,-20.419800801447224,175.21153049245737,CENTER,0.0,0.9535804161486912,0.06367250570210366,NORMAL,STABLE,NORMAL,NO_ACTION,False,0.0
2026-08-12T00:43:40.986635,0.48721528662530006,0.06821272535490426,0.07784431137724551,False,15,0.12901663780212402,False,0.0,23.807078914734717,-17.736271211243945,175.77598458829652,CENTER,0.0,0.9532797831468621,0.0625152474813214,NORMAL,STABLE,NORMAL,NO_ACTION,False,0.0
2026-08-12T00:43:41.017925,0.3629812772747587,0.07209048152868633,0.07784431137724551,False,15,0.12901663780212402,False,0.0,24.094063906892387,-20.43111426164623,175.0716021156352,CENTER,0.0,0.9531748283536237,0.06427257039159438,NORMAL,STABLE,NORMAL,NO_ACTION,False,0.0
2026-08-12T00:43:41.049656,0.15405471318128194,0.014038628897568161,0.07904191616766468,True,15,0.12901663780212402,False,0.0,23.368585214748094,-15.498596921436388,176.20883870903424,UP,0.0,0.9528513914787666,0.2883980042039381,LOW,STABLE,NORMAL,NO_ACTION,False,0.0
2026-08-12T00:43:41.082738,0.22477074030798425,0.1295330115163275,0.07913669064748201,False,16,0.0330815315246582,False,0.0,24.63023001511459,-13.87846349512327,176.14334307200693,UP,0.0330815315246582,0.9537097546403464,0.19119586582378867,NORMAL,STABLE,NORMAL,NO_ACTION,False,0.0
2026-08-12T00:43:41.113516,0.3567251126061024,0.032594361795644615,0.07904191616766468,False,16,0.0330815315246582,False,0.0,24.41785663769278,-18.446505480860168,175.72551638383777,UP,0.06385946273803711,0.9546512528756573,0.09019917239920308,NORMAL,STABLE,NORMAL,NO_ACTION,False,0.0
2026-08-12T00:43:41.147109,0.4118842492339742,0.03440127553922657,0.07913669064748201,False,16,0.0330815315246582,False,0.0,23.30218357133208,-18.702266813449683,176.2262776102309,UP,0.09745287895202637,0.9547151969557327,0.0894957824904686,NORMAL,STABLE,NORMAL,NO_ACTION,False,0.0
2026-08-12T00:43:41.179264,0.4236759933808671,0.03632212166390725,0.07913669064748201,False,16,0.0330815315246582,False,0.0,23.981519790163674,-19.308596998749152,175.95651516794715,UP,0.1296076774597168,0.9541916143332762,0.09035923581790467,NORMAL,STABLE,NORMAL,NO_ACTION,False,0.0
2026-08-12T00:43:41.211352,0.45019464038696233,0.06870501008984593,0.07904191616766468,False,16,0.0330815315246582,False,0.0,23.95742606718096,-18.8403861613194,176.3710226175926,UP,0.1616959571838379,0.954320849229824,0.09007353167249274,NORMAL,STABLE,NORMAL,NO_ACTION,False,0.0
2026-08-12T00:43:41.242052,0.47475329683350204,0.0327953170881374,0.07904191616766468,False,16,0.0330815315246582,False,0.0,22.83168144768942,-21.72827710518615,175.95900881454781,CENTER,0.0,0.9542954554791095,0.06405214696076576,NORMAL,STABLE,NORMAL,NO_ACTION,False,0.0
2026-08-12T00:43:41.273781,0.4584836386084372,0.029104257336699545,0.07904191616766468,False,16,0.0330815315246582,False,0.0,23.333423926466708,-20.218785184021215,176.39554201482093,CENTER,0.0,0.9545456376636088,0.06357219951244618,NORMAL,STABLE,NORMAL,NO_ACTION,False,0.0
2026-08-12T00:43:41.306885,0.47739419700978786,0.060772208564676536,0.07904191616766468,False,16,0.0330815315246582,False,0.0,22.218762454987626,-20.93595649143964,176.12577298507642,CENTER,0.0,0.9551664572437986,0.06313305633155504,NORMAL,STABLE,NORMAL,NO_ACTION,False,0.0
2026-08-12T00:43:41.339035,0.46375024767236095,0.05869108756919951,0.07904191616766468,False,16,0.0330815315246582,False,0.0,23.92389701397974,-18.74501093746673,176.08045821165638,CENTER,0.0,0.9551083662872942,0.0631802042445714,NORMAL,STABLE,NORMAL,NO_ACTION,False,0.0
2026-08-12T00:43:41.369910,0.49329390134332785,0.020382602588220472,0.07904191616766468,False,16,0.0330815315246582,False,0.0,24.619954438715666,-19.83263104780201,175.9949702311543,CENTER,0.0,0.9545196352916381,0.06433121701398109,NORMAL,STABLE,NORMAL,NO_ACTION,False,0.0
2026-08-12T00:43:41.418995,0.4981732427720327,0.03169376472549784,0.07904191616766468,False,16,0.0330815315246582,False,0.0,23.490081120641804,-19.250960320038672,176.1738223120575,CENTER,0.0,0.9540309642203934,0.0631388210453906,NORMAL,STABLE,NORMAL,NO_ACTION,False,0.0
2026-08-12T00:43:41.450604,0.4866637350366384,0.006108129452954528,0.07913669064748201,False,16,0.0330815315246582,False,0.0,6.640740841614729,-17.067510905884888,2.3772778421819964,CENTER,0.0,0.9861701603223594,0.021010553646054454,NORMAL,STABLE,NORMAL,NO_ACTION,False,0.0
2026-08-12T00:43:41.482755,0.4954555684120392,0.0083370955888018,0.07913669064748201,False,16,0.0330815315246582,False,0.0,23.122478391005842,-19.114262752603594,176.1981675006963,CENTER,0.0,0.9540151659665066,0.06278088298430694,NORMAL,STABLE,NORMAL,NO_ACTION,False,0.0
2026-08-12T00:43:41.514675,0.4996691100249385,0.01976857539239962,0.07913669064748201,False,16,0.0330815315246582,False,0.0,23.680386245623424,-20.09324655781117,176.0255502457843,CENTER,0.0,0.9542335315036293,0.06376467929167604,NORMAL,STABLE,NORMAL,NO_ACTION,False,0.0
2026-08-12T00:43:41.547620,0.4900564673508372,0.08161456632725289,0.07913669064748201,False,16,0.0330815315246582,False,0.0,23.848614249251824,-19.929341692087803,176.27047777653183,CENTER,0.0,0.9548668083954903,0.0637991686973428,NORMAL,STABLE,NORMAL,NO_ACTION,False,0.0
2026-08-12T00:43:41.578649,0.4896675531001681,0.017251192128886053,0.07904191616766468,False,16,0.0330815315246582,False,0.0,23.683696253746376,-18.239250403955964,176.39422500276476,CENTER,0.0,0.9546836781442901,0.06270852165809121,NORMAL,STABLE,NORMAL,NO_ACTION,False,0.0
2026-08-12T00:43:41.610646,0.4930253450230178,0.037934097678920746,0.07904191616766468,False,16,0.0330815315246582,False,0.0,23.002125663707943,-21.302075554574742,176.10855052625595,CENTER,0.0,0.9537969946702104,0.06393854580691355,NORMAL,STABLE,NORMAL,NO_ACTION,False,0.0
2026-08-12T00:43:41.642254,0.5014989548382055,0.02866916118645084,0.07904191616766468,False,16,0.0330815315246582,False,0.0,22.569899495440666,-22.94688079579649,175.80995230417267,CENTER,0.0,0.9538168849308413,0.06454868789731516,NORMAL,STABLE,NORMAL,NO_ACTION,False,0.0
2026-08-12T00:43:41.673678,0.5238083759964072,0.016589642006659886,0.07904191616766468,False,16,0.0330815315246582,False,0.0,23.793534471025538,-21.12894914856028,176.1529103343991,CENTER,0.0,0.9541799728330762,0.06444223840036993,NORMAL,STABLE,NORMAL,NO_ACTION,False,0.0
2026-08-12T00:43:41.706305,0.4963095122398954,0.02625931142453794,0.07904191616766468,False,16,0.0330815315246582,False,0.0,22.516765591499052,-20.38424078956629,176.28656002005607,CENTER,0.0,0.9544049943558527,0.0630449025601733,NORMAL,STABLE,NORMAL,NO_ACTION,False,0.0
2026-08-12T00:43:41.738472,0.5278650655395272,0.028348144133441784,0.07904191616766468,False,16,0.0330815315246582,False,0.0,24.263508033719603,-19.80966173734393,176.19889531031254,CENTER,0.0,0.9546819170274634,0.06404671465740176,NORMAL,STABLE,NORMAL,NO_ACTION,False,0.0
2026-08-12T00:43:41.770033,0.5270260044586514,0.007005837988624606,0.07784431137724551,False,16,0.0330815315246582,False,0.0,24.11754741202003,-20.791566757683455,176.02764732157146,CENTER,0.0,0.9550039424189815,0.06449627725349044,NORMAL,STABLE,NORMAL,NO_ACTION,False,0.0
2026-08-12T00:43:41.801826,0.5225543820831107,0.012517007811816638,0.07664670658682635,False,16,0.0330815315246582,False,0.0,22.717387420618934,-23.080532232347565,175.99179126444733,CENTER,0.0,0.9549086219707361,0.06473729852913435,NORMAL,STABLE,NORMAL,NO_ACTION,False,0.0
2026-08-12T00:43:41.833975,0.5001009798596004,0.014333416054319915,0.07544910179640718,False,16,0.0330815315246582,False,0.0,24.196368787338884,-20.514446230263417,176.41318626173677,CENTER,0.0,0.9535719731474338,0.06439804650841167,NORMAL,STABLE,NORMAL,NO_ACTION,False,0.0
2026-08-12T00:43:41.866596,0.4916789397383091,0.01184019974584785,0.07544910179640718,False,16,0.0330815315246582,False,0.0,23.44414874743464,-19.216929111920194,176.64438980688067,CENTER,0.0,0.9538847267768347,0.06308441701699975,NORMAL,STABLE,NORMAL,NO_ACTION,False,0.0
2026-08-12T00:43:41.898391,0.5152926894353133,0.032541568182196626,0.07544910179640718,False,16,0.0330815315246582,False,0.0,23.76134591241339,-21.833415069069133,176.49543294902446,CENTER,0.0,0.9543360906600079,0.06481999861744613,NORMAL,STABLE,NORMAL,NO_ACTION,False,0.0
2026-08-12T00:43:41.947228,0.48095826997848423,0.036474585389702295,0.07544910179640718,False,16,0.0330815315246582,False,0.0,23.06516275307783,-19.71261229063765,176.88985818139736,CENTER,0.0,0.9536527773312472,0.06307891720292265,NORMAL,STABLE,NORMAL,NO_ACTION,False,0.0
2026-08-12T00:43:41.977828,0.4904624789834237,0.027889671760463156,0.07544910179640718,False,16,0.0330815315246582,False,0.0,22.71997553725126,-21.103953978247688,176.71282186196447,CENTER,0.0,0.9537445884952275,0.06361059385371114,NORMAL,STABLE,NORMAL,NO_ACTION,False,0.0
2026-08-12T00:43:42.011098,0.5087329556645847,0.020830250081897813,0.07535885167464115,False,16,0.0330815315246582,False,0.0,23.182177747027254,-20.428347250504885,176.75951234073062,CENTER,0.0,0.9540646973772577,0.06357671089030688,NORMAL,STABLE,NORMAL,NO_ACTION,False,0.0
2026-08-12T00:43:42.043097,0.5000058985567752,0.04003390269394217,0.07535885167464115,False,16,0.0330815315246582,False,0.0,22.119866317945366,-22.314166467687784,176.82723641486973,CENTER,0.0,0.9539605583954903,0.06384475219801801,NORMAL,STABLE,NORMAL,NO_ACTION,False,0.0
2026-08-12T00:43:42.073508,0.5042733068479002,0.026995446033530813,0.07535885167464115,False,16,0.0330815315246582,False,0.0,22.173598665076895,-20.34918126086086,176.8397743439068,CENTER,0.0,0.9534216695959076,0.06276360693787107,NORMAL,STABLE,NORMAL,NO_ACTION,False,0.0
2026-08-12T00:43:42.105500,0.5242385351993032,0.04425904597674645,0.07526881720430108,False,16,0.0330815315246582,False,0.0,24.004689623666764,-20.08196736433345,176.35744058866226,CENTER,0.0,0.960483968210591,0.06400515228327959,NORMAL,STABLE,NORMAL,NO_ACTION,False,0.0
2026-08-12T00:43:42.138680,0.5352352797722821,0.011582217063571511,0.07526881720430108,False,16,0.0330815315246582,False,0.0,7.397611851517269,-17.783391457552,2.746139168525076,CENTER,0.0,0.994422408157579,0.022611617034939448,NORMAL,STABLE,NORMAL,NO_ACTION,False,0.0
2026-08-12T00:43:42.170516,0.5168943186571797,0.0573954087798403,0.07526881720430108,False,16,0.0330815315246582,False,0.0,22.144809702777565,-21.902444921327827,176.51016492233737,CENTER,0.0,0.9574389065715021,0.06362864004364044,NORMAL,STABLE,NORMAL,NO_ACTION,False,0.0
2026-08-12T00:43:42.234617,0.4824812066536076,0.047741274337396104,0.07526881720430108,False,16,0.0330815315246582,False,0.0,22.424538164665307,-22.1107100075059,176.4869210868393,CENTER,0.0,0.955325864215392,0.0639605404184157,NORMAL,STABLE,NORMAL,NO_ACTION,False,0.0
2026-08-12T00:43:42.265587,0.49120542439028125,0.025745963973810314,0.07517899761336516,False,16,0.0330815315246582,False,0.0,22.298637215847776,-22.02248707973078,176.29632528095055,CENTER,0.0,0.9547134746870715,0.06381430618939464,NORMAL,STABLE,NORMAL,NO_ACTION,False,0.0
2026-08-12T00:43:42.299046,0.5011710702271056,0.04287413554543587,0.07517899761336516,False,16,0.0330815315246582,False,0.0,22.821380466404577,-20.025654181276792,176.70512832575798,CENTER,0.0,0.9547811093428499,0.06307206424406067,NORMAL,STABLE,NORMAL,NO_ACTION,False,0.0
2026-08-12T00:43:42.331444,0.5085650926902934,0.0298512961963431,0.07517899761336516,False,16,0.0330815315246582,False,0.0,22.680194676431313,-21.105751126624654,176.7128889995671,CENTER,0.0,0.9553798113675983,0.06358133225977755,NORMAL,STABLE,NORMAL,NO_ACTION,False,0.0
2026-08-12T00:43:42.357784,0.49844234934835313,0.019137171141267152,0.07508939213349225,False,16,0.0330815315246582,False,0.0,22.893336244573305,-19.089823054533042,176.86870832631928,CENTER,0.0,0.9553230800968793,0.06259246618312632,NORMAL,STABLE,NORMAL,NO_ACTION,False,0.0
2026-08-12T00:43:42.385869,0.4977158248419453,0.024955600426362048,0.07508939213349225,False,16,0.0330815315246582,False,0.0,23.521577848630358,-21.124409602414033,176.4992836025532,CENTER,0.0,0.9554067978930897,0.06423258757644049,NORMAL,STABLE,NORMAL,NO_ACTION,False,0.0
2026-08-12T00:43:42.417725,0.4979262813673234,0.03878925598045486,0.07508939213349225,False,16,0.0330815315246582,False,0.0,22.012526118568616,-20.694684673076807,176.8594476615504,CENTER,0.0,0.9549160808184728,0.06283826272841497,NORMAL,STABLE,NORMAL,NO_ACTION,False,0.0
2026-08-12T00:43:42.448102,0.5016767721225814,0.03085652747468459,0.075,False,16,0.0330815315246582,False,0.0,23.37364152411658,-19.154200175673566,176.58968666682762,CENTER,0.0,0.9550068689807671,0.06299491540966262,NORMAL,STABLE,NORMAL,NO_ACTION,False,0.0
2026-08-12T00:43:42.478848,0.48720130573441767,0.032193208393878604,0.075,False,16,0.0330815315246582,False,0.0,23.363821058282724,-19.66577592923187,177.03911143225776,CENTER,0.0,0.9545320926033093,0.06327956087380614,NORMAL,STABLE,NORMAL,NO_ACTION,False,0.0
2026-08-12T00:43:42.506794,0.5037543109810242,0.07793867874719482,0.07491082045184304,False,16,0.0330815315246582,False,0.0,22.901396738537812,-20.760451311148984,176.8907490894337,CENTER,0.0,0.9539813162651463,0.06355257331995967,NORMAL,STABLE,NORMAL,NO_ACTION,False,0.0
2026-08-12T00:43:42.537251,0.5048055394439325,0.058575204398590465,0.07491082045184304,False,16,0.0330815315246582,False,0.0,22.150784716275183,-19.49511097100958,177.30547021591474,CENTER,0.0,0.9548207603702276,0.06225854185711056,NORMAL,STABLE,NORMAL,NO_ACTION,False,0.0
2026-08-12T00:43:42.569934,0.5165751459458041,0.03904609670488363,0.07491082045184304,False,16,0.0330815315246582,False,0.0,7.304538318574913,-18.18690206763688,2.848132248029856,CENTER,0.0,0.9880511750900206,0.02291163055743123,NORMAL,STABLE,NORMAL,NO_ACTION,False,0.0
2026-08-12T00:43:42.633952,0.4975155814491975,0.02479155118770302,0.07491082045184304,False,16,0.0330815315246582,False,0.0,22.831037971650744,-19.854551120701814,176.59604036319547,CENTER,0.0,0.9548491195308927,0.0629817130548641,NORMAL,STABLE,NORMAL,NO_ACTION,False,0.0
2026-08-12T00:43:42.665388,0.4980257678928541,0.07579680075340202,0.07491082045184304,False,16,0.0330815315246582,False,0.0,23.14522598395456,-20.69345333127916,176.33656286319092,CENTER,0.0,0.9545718731245713,0.0636999592038546,NORMAL,STABLE,NORMAL,NO_ACTION,False,0.0
2026-08-12T00:43:42.698267,0.5052734780189903,0.02340385520037345,0.07491082045184304,False,16,0.0330815315246582,False,0.0,22.403512894103358,-20.81819224208874,176.74058542093098,CENTER,0.0,0.9542932929312415,0.06320647279993202,NORMAL,STABLE,NORMAL,NO_ACTION,False,0.0
2026-08-12T00:43:42.730591,0.4863857789337841,0.02438451011756373,0.07491082045184304,False,16,0.0330815315246582,False,0.0,22.718813420782965,-21.0440422571956,176.28615897606886,CENTER,0.0,0.9541333032371685,0.06357549797942584,NORMAL,STABLE,NORMAL,NO_ACTION,False,0.0
2026-08-12T00:43:42.763373,0.4998523601190738,0.014347288353239587,0.07491082045184304,False,16,0.0330815315246582,False,0.0,22.934461223463273,-20.961021382061517,176.14444248310645,CENTER,0.0,0.9552148750071445,0.06369227798974526,NORMAL,STABLE,NORMAL,NO_ACTION,False,0.0
2026-08-12T00:43:42.796161,0.5169594293497537,0.010985502207595943,0.07491082045184304,False,16,0.0330815315246582,False,0.0,22.422937430174414,-20.7553289816438,176.47011611450955,CENTER,0.0,0.9553477357324531,0.06318536550871694,NORMAL,STABLE,NORMAL,NO_ACTION,False,0.0
2026-08-12T00:43:42.827556,0.5122039720949345,0.03659837584445491,0.07482185273159145,False,16,0.0330815315246582,False,0.0,22.45739047686942,-22.840432820070305,176.11429462546522,CENTER,0.0,0.9548721694423011,0.06440224287965757,NORMAL,STABLE,NORMAL,NO_ACTION,False,0.0
2026-08-12T00:43:42.859761,0.4903354169344314,0.05106035245820499,0.07482185273159145,False,16,0.0330815315246582,False,0.0,22.268815116965044,-21.745274327183893,176.1834604802484,CENTER,0.0,0.9548042498999773,0.06363330529224383,NORMAL,STABLE,NORMAL,NO_ACTION,False,0.0
2026-08-12T00:43:42.886904,0.49982481176518734,0.055521055622526606,0.07482185273159145,False,16,0.0330815315246582,False,0.0,21.651498731119176,-22.113904158145345,176.19955507123615,CENTER,0.0,0.9548547654642489,0.06337379811840324,NORMAL,STABLE,NORMAL,NO_ACTION,False,0.0
2026-08-12T00:43:42.908923,0.5169652769401613,0.04315417257891122,0.07473309608540925,False,16,0.0330815315246582,False,0.0,22.872762502286463,-19.24943665857694,176.73160085582356,CENTER,0.0,0.9543064236111112,0.06266794535189522,NORMAL,STABLE,NORMAL,NO_ACTION,False,0.0
2026-08-12T00:43:42.935213,0.5075480398524772,0.09804754326794583,0.07473309608540925,False,16,0.0330815315246582,False,0.0,22.752475667049822,-19.088508846226006,177.05803019853215,CENTER,0.0,0.9539268640867913,0.06248446922886591,NORMAL,STABLE,NORMAL,NO_ACTION,False,0.0
2026-08-12T00:43:42.966603,0.4992725423179084,0.09966925447665684,0.07473309608540925,False,16,0.0330815315246582,False,0.0,23.462548910076947,-18.093069767148563,177.0930960698056,CENTER,0.0,0.9542795147819502,0.062456674737140346,NORMAL,STABLE,NORMAL,NO_ACTION,False,0.0
2026-08-12T00:43:43.033552,0.4965256911312058,0.06973568430560963,0.07482185273159145,False,16,0.0330815315246582,False,0.0,24.400076212078005,-18.18408313135211,177.0557014641621,CENTER,0.0,0.9540591809377857,0.06322244739726528,NORMAL,STABLE,NORMAL,NO_ACTION,False,0.0
2026-08-12T00:43:43.067622,0.5203781051527692,0.028053194886798673,0.07473309608540925,False,16,0.0330815315246582,False,0.0,24.85747104761637,-20.244850656971295,176.6056198762705,CENTER,0.0,0.9536828717099622,0.06474744179128149,NORMAL,STABLE,NORMAL,NO_ACTION,False,0.0
2026-08-12T00:43:43.098238,0.4968475810414966,0.07792832774518675,0.07473309608540925,False,16,0.0330815315246582,False,0.0,23.767660023781872,-18.84445976210054,176.86517986526303,CENTER,0.0,0.9538367492926955,0.06311803839619527,NORMAL,STABLE,NORMAL,NO_ACTION,False,0.0
2026-08-12T00:43:43.131155,0.5175759923326434,0.03904590434475521,0.07473309608540925,False,16,0.0330815315246582,False,0.0,22.872666353661998,-20.24719346155993,176.78910722843216,CENTER,0.0,0.9534461439400435,0.0632376160154304,NORMAL,STABLE,NORMAL,NO_ACTION,False,0.0
2026-08-12T00:43:43.162348,0.5084888604376577,0.02061480980984173,0.07464454976303317,False,16,0.0330815315246582,False,0.0,22.869958872440435,-19.860462282967262,176.77504315285285,CENTER,0.0,0.9531309946737826,0.06301472154059584,NORMAL,STABLE,NORMAL,NO_ACTION,False,0.0
2026-08-12T00:43:43.193972,0.5027465574779559,0.02501326445268676,0.07345971563981042,False,16,0.0330815315246582,False,0.0,22.890303307211326,-18.991874389990386,176.43517057326864,CENTER,0.0,0.9541227365362083,0.06253422589106994,NORMAL,STABLE,NORMAL,NO_ACTION,False,0.0
2026-08-12T00:43:43.225888,0.5091475909375085,0.01766541090299427,0.07227488151658767,False,16,0.0330815315246582,False,0.0,23.781323901645038,-17.826164528962835,176.8278722920271,CENTER,0.0,0.9544288341799554,0.06254696979288231,NORMAL,STABLE,NORMAL,NO_ACTION,False,0.0
2026-08-12T00:43:43.257865,0.5088028427387219,0.03608598870487477,0.07227488151658767,False,16,0.0330815315246582,False,0.0,22.8058307559524,-21.20297945667059,176.7788427619048,CENTER,0.0,0.9541487907057327,0.06373250713415109,NORMAL,STABLE,NORMAL,NO_ACTION,False,0.0
2026-08-12T00:43:43.292244,0.505161497916589,0.02867727145242953,0.07227488151658767,False,16,0.0330815315246582,False,0.0,22.73633126017475,-20.903690294836707,176.46415088552726,CENTER,0.0,0.9542646229852537,0.0635086910237943,NORMAL,STABLE,NORMAL,NO_ACTION,False,0.0
2026-08-12T00:43:43.323227,0.509055619262721,0.025990606989829385,0.07227488151658767,False,16,0.0330815315246582,False,0.0,23.65785728919218,-22.511936786936673,176.01210725441956,CENTER,0.0,0.9534852769918837,0.06512865857922161,NORMAL,STABLE,NORMAL,NO_ACTION,False,0.0
2026-08-12T00:43:43.357359,0.5221590467451165,0.0844086520870731,0.07227488151658767,False,16,0.0330815315246582,False,0.0,22.809102665769046,-20.700890734417612,176.68895742775322,CENTER,0.0,0.9539372106481482,0.06344829314963293,NORMAL,STABLE,NORMAL,NO_ACTION,False,0.0
2026-08-12T00:43:43.386644,0.501593721195435,0.011498989720464148,0.07218934911242604,False,16,0.0330815315246582,False,0.0,24.981086003026775,-19.644094005566103,176.57211302305825,CENTER,0.0,0.9537056626336018,0.0644985111229599,NORMAL,STABLE,NORMAL,NO_ACTION,False,0.0
2026-08-12T00:43:43.417903,0.5080708208860121,0.024613661978439633,0.07210401891252956,False,16,0.0330815315246582,False,0.0,25.356036223980198,-18.717173685824918,176.58075143148557,CENTER,0.0,0.9544263219985997,0.06425469113738032,NORMAL,STABLE,NORMAL,NO_ACTION,False,0.0
2026-08-12T00:43:43.450991,0.49147402224421904,0.06461774280737614,0.07210401891252956,False,16,0.0330815315246582,False,0.0,23.74046045178156,-18.211505784038565,177.1019276575347,CENTER,0.0,0.9548750442065329,0.0627358971446299,NORMAL,STABLE,NORMAL,NO_ACTION,False,0.0
2026-08-12T00:43:43.481489,0.4884148783047921,0.06985854441253232,0.07210401891252956,False,16,0.0330815315246582,False,0.0,22.58976973664531,-20.59816288118546,176.78782469687138,CENTER,0.0,0.9542749954453875,0.0632226402794973,NORMAL,STABLE,NORMAL,NO_ACTION,False,0.0
2026-08-12T00:43:43.529697,0.49926293495124663,0.029448590488954714,0.07218934911242604,False,16,0.0330815315246582,False,0.0,23.23246682584235,-17.55244349746502,177.24158392949658,CENTER,0.0,0.9542620460569557,0.061972786970788965,NORMAL,STABLE,NORMAL,NO_ACTION,False,0.0
2026-08-12T00:43:43.563579,0.46678302477759115,0.03358637471328305,0.07218934911242604,False,16,0.0330815315246582,False,0.0,22.966878847981093,-20.60576902001185,176.87818014586344,CENTER,0.0,0.9539132283807727,0.06351410177427397,NORMAL,STABLE,NORMAL,NO_ACTION,False,0.0
2026-08-12T00:43:43.594190,0.4912383599671152,0.04030971896168883,0.07210401891252956,False,16,0.0330815315246582,False,0.0,22.51323126301395,-19.269861462815413,177.06995677612792,CENTER,0.0,0.9540595953182157,0.0624058734213807,NORMAL,STABLE,NORMAL,NO_ACTION,False,0.0
2026-08-12T00:43:43.625680,0.4910208254005779,0.010064889987633299,0.07210401891252956,False,16,0.0330815315246582,False,0.0,23.5981826077998,-18.65621535648586,176.99238539132142,CENTER,0.0,0.954473522519433,0.06288151176660961,NORMAL,STABLE,NORMAL,NO_ACTION,False,0.0
2026-08-12T00:43:43.657354,0.5032335950559741,0.043251516672454894,0.07210401891252956,False,16,0.0330815315246582,False,0.0,22.045701407563513,-20.474410298843765,177.0332609074045,CENTER,0.0,0.9547218270426097,0.06273773915021631,NORMAL,STABLE,NORMAL,NO_ACTION,False,0.0
2026-08-12T00:43:43.690825,0.4922509783591288,0.023766966716087877,0.07210401891252956,False,16,0.0330815315246582,False,0.0,21.49044349372295,-21.13817612535874,177.01708180547956,CENTER,0.0,0.9546416962269948,0.06269401118046129,NORMAL,STABLE,NORMAL,NO_ACTION,False,0.0
2026-08-12T00:43:43.721539,0.48473647590491276,0.06593261747351738,0.07210401891252956,False,16,0.0330815315246582,False,0.0,22.83504996320761,-19.55344196372127,176.8758952462867,CENTER,0.0,0.9536616735610997,0.0628128268575521,NORMAL,STABLE,NORMAL,NO_ACTION,False,0.0
2026-08-12T00:43:43.755383,0.4918808040973164,0.01073919583235368,0.07210401891252956,False,16,0.0330815315246582,False,0.0,23.03631934209392,-19.73309704428118,176.93451393069358,CENTER,0.0,0.95356027984968,0.06306865410148871,NORMAL,STABLE,NORMAL,NO_ACTION,False,0.0
2026-08-12T00:43:43.785538,0.4884863831744003,0.0069984328489690545,0.07201889020070838,False,16,0.0330815315246582,False,0.0,23.89110363738834,-19.769047807224894,176.75794072150626,CENTER,0.0,0.9532501031485767,0.06373998690742472,NORMAL,STABLE,NORMAL,NO_ACTION,False,0.0
2026-08-12T00:43:43.818053,0.509787967375975,0.04437558490196153,0.07201889020070838,False,16,0.0330815315246582,False,0.0,22.395427967257405,-21.17840173075743,176.48542019744013,CENTER,0.0,0.9537177185142319,0.06340600575565568,NORMAL,STABLE,NORMAL,NO_ACTION,False,0.0
2026-08-12T00:43:43.849671,0.5101697745816638,0.024008108274317874,0.07201889020070838,False,16,0.0330815315246582,False,0.0,23.711107355660147,-17.845953374463534,177.10432529883263,CENTER,0.0,0.9541668033050412,0.06250480919640408,NORMAL,STABLE,NORMAL,NO_ACTION,False,0.0
2026-08-12T00:43:43.882327,0.48657832589384287,0.04061571928365341,0.07201889020070838,False,16,0.0330815315246582,False,0.0,22.00993547738514,-22.248228180609715,176.60724607905757,CENTER,0.0,0.9548343183799154,0.06372340215484482,NORMAL,STABLE,NORMAL,NO_ACTION,False,0.0
2026-08-12T00:43:43.913651,0.5068917045907189,0.02354537383331006,0.07201889020070838,False,16,0.0330815315246582,False,0.0,22.416217778986834,-20.297196318080978,176.69557330406076,CENTER,0.0,0.9540034856181412,0.062918644284651,NORMAL,STABLE,NORMAL,NO_ACTION,False,0.0
2026-08-12T00:43:43.946114,0.5079083731470864,0.02352365009225437,0.07201889020070838,False,16,0.0330815315246582,False,0.0,22.800854684520715,-21.602672349699674,176.43522155518036,CENTER,0.0,0.9536838947116484,0.06395695307052657,NORMAL,STABLE,NORMAL,NO_ACTION,False,0.0
2026-08-12T00:43:43.978608,0.4700671538612793,0.007530156527793445,0.07201889020070838,False,16,0.0330815315246582,False,0.0,6.441243333638539,-15.819821626483332,2.445830538141877,CENTER,0.0,0.9859094757373115,0.019983349717878362,NORMAL,STABLE,NORMAL,NO_ACTION,False,0.0
2026-08-12T00:43:44.011952,0.4911820127641847,0.07116511908098294,0.07201889020070838,False,16,0.0330815315246582,False,0.0,22.1768203294277,-20.13482111284395,176.93811527734027,CENTER,0.0,0.9540346288973193,0.06264365484652773,NORMAL,STABLE,NORMAL,NO_ACTION,False,0.0
2026-08-12T00:43:44.058656,0.4836583628221589,0.028076533529103786,0.07210401891252956,False,16,0.0330815315246582,False,0.0,23.361086896562085,-19.732590596510278,177.046812513597,CENTER,0.0,0.9537177962105624,0.06331563200626279,NORMAL,STABLE,NORMAL,NO_ACTION,False,0.0
2026-08-12T00:43:44.090007,0.4936633403572188,0.030620220255619723,0.07201889020070838,False,16,0.0330815315246582,False,0.0,22.61520770446478,-18.560515059418577,177.0480833071838,CENTER,0.0,0.9544064705861339,0.06207846047568741,NORMAL,STABLE,NORMAL,NO_ACTION,False,0.0
2026-08-12T00:43:44.121703,0.488558225397802,0.02132654119955452,0.07201889020070838,False,16,0.0330815315246582,False,0.0,22.42612280549261,-19.86375594386422,176.90347699950468,CENTER,0.0,0.9546785501864712,0.06267868044066012,NORMAL,STABLE,NORMAL,NO_ACTION,False,0.0
2026-08-12T00:43:44.155130,0.5033221183205907,0.01000649758939881,0.07201889020070838,False,16,0.0330815315246582,False,0.0,23.053787463223074,-19.541418271563032,177.16421088872164,CENTER,0.0,0.9538011255251201,0.06297250041098941,NORMAL,STABLE,NORMAL,NO_ACTION,False,0.0
2026-08-12T00:43:44.187139,0.4982878735218171,0.03136865776093961,0.07201889020070838,False,16,0.0330815315246582,False,0.0,22.27586573085756,-20.062530389901696,176.84744200974944,CENTER,0.0,0.9532276489090362,0.06267778489098168,NORMAL,STABLE,NORMAL,NO_ACTION,False,0.0
2026-08-12T00:43:44.218598,0.48832596223751645,0.014640731925467427,0.07201889020070838,False,16,0.0330815315246582,False,0.0,23.697038177453038,-20.40611846966351,176.5268865987814,CENTER,0.0,0.9534545480931355,0.06395601513026113,NORMAL,STABLE,NORMAL,NO_ACTION,False,0.0
2026-08-12T00:43:44.251148,0.47659366270196585,0.020971285605151293,0.07201889020070838,False,16,0.0330815315246582,False,0.0,21.575834252443087,-20.932072181069856,176.89839473126017,CENTER,0.0,0.9536349201245998,0.06264133437247216,NORMAL,STABLE,NORMAL,NO_ACTION,False,0.0
2026-08-12T00:43:44.281729,0.4983432453830138,0.009013756740078245,0.07193396226415094,False,16,0.0330815315246582,False,0.0,22.39616780727377,-19.53804449215687,176.77713760213453,CENTER,0.0,0.953673833036837,0.0624698843989688,NORMAL,STABLE,NORMAL,NO_ACTION,False,0.0
2026-08-12T00:43:44.314821,0.4919013075103692,0.0673486769805309,0.071849234393404,False,16,0.0330815315246582,False,0.0,23.778539796441635,-17.927895490989954,176.92383967895455,CENTER,0.0,0.9543037301383174,0.06260294096989048,NORMAL,STABLE,NORMAL,NO_ACTION,False,0.0
2026-08-12T00:43:44.345855,0.48609962689356057,0.04139593500545215,0.07176470588235294,False,16,0.0330815315246582,False,0.0,22.952484649664683,-20.372656261876244,176.80457560436707,CENTER,0.0,0.9543264174668495,0.06337002935201225,NORMAL,STABLE,NORMAL,NO_ACTION,False,0.0
2026-08-12T00:43:44.378726,0.5053421921900014,0.032053302091267576,0.07168037602820211,False,16,0.0330815315246582,False,0.0,22.179892082528255,-21.95944546858584,176.50793369107907,CENTER,0.0,0.9534968148969766,0.0636878993137678,NORMAL,STABLE,NORMAL,NO_ACTION,False,0.0
2026-08-12T00:43:44.411912,0.4937526684237816,0.023301262957114953,0.0715962441314554,False,16,0.0330815315246582,False,0.0,22.221789147652203,-19.984155129772603,177.029921838954,CENTER,0.0,0.9537490171860711,0.06259185858192202,NORMAL,STABLE,NORMAL,NO_ACTION,False,0.0
2026-08-12T00:43:44.441563,0.4819623079364149,0.017140183651714463,0.07151230949589683,False,16,0.0330815315246582,False,0.0,22.44246113349911,-19.563725774278623,177.13480524776094,CENTER,0.0,0.9540756525598708,0.06251979523012416,NORMAL,STABLE,NORMAL,NO_ACTION,False,0.0
2026-08-12T00:43:44.473809,0.4930016310611339,0.025799258977325833,0.07142857142857142,False,16,0.0330815315246582,False,0.0,21.8299660654651,-19.885249319502236,176.88959485451005,CENTER,0.0,0.9542355516082247,0.06223705998872577,NORMAL,STABLE,NORMAL,NO_ACTION,False,0.0
2026-08-12T00:43:44.505946,0.5078643707991701,0.05819306643141286,0.07134502923976609,False,16,0.0330815315246582,False,0.0,24.045229257194137,-17.15994740719225,177.27985324258168,CENTER,0.0,0.9543651749864255,0.06236747196812933,NORMAL,STABLE,NORMAL,NO_ACTION,False,0.0
2026-08-12T00:43:44.538800,0.4882212091415063,0.05056388262092727,0.07126168224299065,False,16,0.0330815315246582,False,0.0,22.214925352844574,-19.98050009254868,177.2727413139849,CENTER,0.0,0.954580536265432,0.0625845456024205,NORMAL,STABLE,NORMAL,NO_ACTION,False,0.0
2026-08-12T00:43:44.585962,0.4899948627702403,0.11223566639293359,0.07117852975495916,False,16,0.0330815315246582,False,0.0,22.743109180557155,-19.622129841041897,177.21189600778888,CENTER,0.0,0.9539691179412436,0.06278204871685633,NORMAL,STABLE,NORMAL,NO_ACTION,False,0.0
2026-08-12T00:43:44.618700,0.5239737249772571,0.06946735936886243,0.07109557109557109,False,16,0.0330815315246582,False,0.0,22.987632319999506,-18.601966149861056,177.11507376901756,CENTER,0.0,0.9527604090756459,0.06238568165918336,NORMAL,STABLE,NORMAL,NO_ACTION,False,0.0
2026-08-12T00:43:44.649751,0.5118461833477448,0.031409390517454394,0.0710128055878929,False,16,0.0330815315246582,False,0.0,22.898082972346543,-20.81724035269454,176.73957594614853,CENTER,0.0,0.9533014086255429,0.06358247828023723,NORMAL,STABLE,NORMAL,NO_ACTION,False,0.0
2026-08-12T00:43:44.682238,0.5155626140148188,0.009343885580380032,0.07093023255813953,False,16,0.0330815315246582,False,0.0,23.696726996756183,-21.177863960591054,176.41998159691082,CENTER,0.0,0.9541098648441072,0.06439646401383355,NORMAL,STABLE,NORMAL,NO_ACTION,False,0.0
2026-08-12T00:43:44.713742,0.5091734471624332,0.05211020803216348,0.07084785133565621,False,16,0.0330815315246582,False,0.0,22.412326137817274,-20.02746971452177,177.0189270199316,CENTER,0.0,0.9540295268382774,0.06276166074300414,NORMAL,STABLE,NORMAL,NO_ACTION,False,0.0
2026-08-12T00:43:44.747176,0.5044689151682868,0.0081681496994581,0.07076566125290024,False,16,0.0330815315246582,False,0.0,23.239036791812367,-19.860135232776628,176.84551521652236,CENTER,0.0,0.9543452329282408,0.06329553830819311,NORMAL,STABLE,NORMAL,NO_ACTION,False,0.0
2026-08-12T00:43:44.778573,0.5132905328689816,0.04402871372442801,0.07068366164542295,False,16,0.0330815315246582,False,0.0,21.662078678633605,-21.683606083530464,177.0206215230976,CENTER,0.0,0.9544866790980796,0.06313614246754812,NORMAL,STABLE,NORMAL,NO_ACTION,False,0.0
2026-08-12T00:43:44.810585,0.4917827923747764,0.05217158827913178,0.07060185185185185,False,16,0.0330815315246582,False,0.0,22.527197802681314,-18.24928535315877,177.21687411823444,CENTER,0.0,0.9534123719350136,0.0618337328175587,NORMAL,STABLE,NORMAL,NO_ACTION,False,0.0
2026-08-12T00:43:44.843036,0.5133876501130124,0.07855072180876758,0.07052023121387284,False,16,0.0330815315246582,False,0.0,22.103778223561477,-19.5377840414576,177.40874653281986,CENTER,0.0,0.9530062014174668,0.06224712007471512,NORMAL,STABLE,NORMAL,NO_ACTION,False,0.0
2026-08-12T00:43:44.873871,0.5136972410088518,0.07575272425936315,0.07043879907621248,False,16,0.0330815315246582,False,0.0,23.322670117637188,-18.813022916366776,177.24129111894626,CENTER,0.0,0.9609245582025892,0.06276128682166143,NORMAL,STABLE,NORMAL,NO_ACTION,False,0.0
2026-08-12T00:43:44.905820,0.49237690296651493,0.02954414482879354,0.07035755478662054,False,16,0.0330815315246582,False,0.0,22.71441802903672,-20.165067897698464,176.84742123918556,CENTER,0.0,0.9611849315557841,0.06307023532775896,NORMAL,STABLE,NORMAL,NO_ACTION,False,0.0
2026-08-12T00:43:44.938365,0.48707886307467985,0.03547819082926045,0.07027649769585254,False,16,0.0330815315246582,False,0.0,22.158079974870446,-20.88194387139214,177.10612729166684,CENTER,0.0,0.9567337217256802,0.06305601218605338,NORMAL,STABLE,NORMAL,NO_ACTION,False,0.0
2026-08-12T00:43:44.971752,0.48280528106373677,0.013467568543832952,0.07019562715765247,False,16,0.0330815315246582,False,0.0,23.148701178888672,-20.192848952127207,176.96511376700357,CENTER,0.0,0.9550480091878143,0.06341674759049752,NORMAL,STABLE,NORMAL,NO_ACTION,False,0.0
2026-08-12T00:43:45.002029,0.5178421716462462,0.034898058498958925,0.07011494252873564,False,16,0.0330815315246582,False,0.0,21.528026520813,-21.163571417379757,177.08917944461007,CENTER,0.0,0.9545144684856538,0.0627371269752123,NORMAL,STABLE,NORMAL,NO_ACTION,False,0.0
2026-08-12T00:43:45.035314,0.5000057088140014,0.03384670454293679,0.07003444316877153,False,16,0.0330815315246582,False,0.0,22.01971830013514,-21.582152237964777,176.91872256066904,CENTER,0.0,0.9538596567608311,0.06335050459265372,NORMAL,STABLE,NORMAL,NO_ACTION,False,0.0
2026-08-12T00:43:45.065557,0.5141992051752433,0.04188124769340233,0.06995412844036697,False,16,0.0330815315246582,False,0.0,22.380570212900437,-20.48650725411352,177.21690439392023,CENTER,0.0,0.9540758726994741,0.06299960466341288,NORMAL,STABLE,NORMAL,NO_ACTION,False,0.0
2026-08-12T00:43:45.114578,0.509194350935077,0.050061027803604684,0.06987399770904926,False,16,0.0330815315246582,False,0.0,23.113188780799163,-18.67186363755684,177.6230281676165,CENTER,0.0,0.9549889470271776,0.06252118932605341,NORMAL,STABLE,NORMAL,NO_ACTION,False,0.0
2026-08-12T00:43:45.145802,0.5077588715990136,0.08402715391026888,0.06987399770904926,False,16,0.0330815315246582,False,0.0,22.837697522047222,-19.768546710400102,177.10193084208407,CENTER,0.0,0.954823026513203,0.06293767276243417,NORMAL,STABLE,NORMAL,NO_ACTION,False,0.0
2026-08-12T00:43:45.178636,0.5081725826103854,0.09150919643025054,0.06995412844036697,False,16,0.0330815315246582,False,0.0,22.565892250000587,-18.738112643907584,177.41724314301996,CENTER,0.0,0.9549306229816815,0.06214232596958723,NORMAL,STABLE,NORMAL,NO_ACTION,False,0.0
2026-08-12T00:43:45.211316,0.5229950707713349,0.11291544504125017,0.06995412844036697,False,16,0.0330815315246582,False,0.0,22.743898654104953,-19.934326135645534,177.4420181549334,CENTER,0.0,0.9548699421474908,0.06296092161872067,NORMAL,STABLE,NORMAL,NO_ACTION,False,0.0
2026-08-12T00:43:45.243260,0.505236815421969,0.1317214929433643,0.06995412844036697,False,16,0.0330815315246582,False,0.0,22.639686476144988,-20.765361317282157,177.59950008664032,CENTER,0.0,0.9544476884895118,0.06335611965870383,NORMAL,STABLE,NORMAL,NO_ACTION,False,0.0
2026-08-12T00:43:45.273758,0.5334156324371556,0.0995940956887736,0.06995412844036697,False,16,0.0330815315246582,False,0.0,22.665463880435993,-18.9409932450979,177.6795241061527,CENTER,0.0,0.953299427369113,0.06233398631441012,NORMAL,STABLE,NORMAL,NO_ACTION,False,0.0
2026-08-12T00:43:45.305888,0.5078320252213194,0.11421509121441167,0.06995412844036697,False,16,0.0330815315246582,False,0.0,23.37207439015353,-18.887698503134033,177.4972785360966,CENTER,0.0,0.9542691552712048,0.0628415431852201,NORMAL,STABLE,NORMAL,NO_ACTION,False,0.0
2026-08-12T00:43:45.339098,0.5114887025151531,0.06701178098129464,0.06995412844036697,False,16,0.0330815315246582,False,0.0,22.66404569216803,-18.924340510211522,177.7271108677695,CENTER,0.0,0.9548023463398776,0.062323397429110604,NORMAL,STABLE,NORMAL,NO_ACTION,False,0.0
2026-08-12T00:43:45.369826,0.5036998485820172,0.07089386769754663,0.06995412844036697,False,16,0.0330815315246582,False,0.0,23.110542896666033,-18.664572912977917,177.7232375956844,CENTER,0.0,0.9544716837062757,0.06251501165435097,NORMAL,STABLE,NORMAL,NO_ACTION,False,0.0
2026-08-12T00:43:45.434827,0.5207197327797992,0.08332040251264884,0.07003444316877153,False,16,0.0330815315246582,False,0.0,22.824586812586688,-17.718573303810672,177.9763017376938,CENTER,0.0,0.9546250951110254,0.06175710507707361,NORMAL,STABLE,NORMAL,NO_ACTION,False,0.0
2026-08-12T00:43:45.467616,0.5231555315550636,0.12798391886572574,0.07003444316877153,False,16,0.0330815315246582,False,0.0,22.682239371206208,-19.205453789431033,177.5803664087835,CENTER,0.0,0.9535617819787381,0.0624977721356978,NORMAL,STABLE,NORMAL,NO_ACTION,False,0.0
2026-08-12T00:43:45.498330,0.5058437493472991,0.0749578068388875,0.07003444316877153,False,16,0.0330815315246582,False,0.0,22.6374465887759,-18.889665795573165,177.63851131799186,CENTER,0.0,0.9539394508923468,0.062283345644300006,NORMAL,STABLE,NORMAL,NO_ACTION,False,0.0
2026-08-12T00:43:45.525390,0.5114236178886505,0.07998083734460652,0.07003444316877153,False,16,0.0330815315246582,False,0.0,22.616458781807893,-18.443514918043206,177.6172374500576,CENTER,0.0,0.9539167247156494,0.062012603022883625,NORMAL,STABLE,NORMAL,NO_ACTION,False,0.0
2026-08-12T00:43:45.547696,0.5103706415803716,0.15301628716169585,0.07003444316877153,False,16,0.0330815315246582,False,0.0,24.03264052819179,-18.8307162858205,177.37425939448372,CENTER,0.0,0.95474667691901,0.06331193777936824,NORMAL,STABLE,NORMAL,NO_ACTION,False,0.0
2026-08-12T00:43:45.570810,0.5249235801324309,0.02888700916908094,0.06995412844036697,False,16,0.0330815315246582,False,0.0,23.149122347433604,-19.01531167360133,177.39713372632355,CENTER,0.0,0.9546421235568131,0.06274466527809669,NORMAL,STABLE,NORMAL,NO_ACTION,False,0.0
2026-08-12T00:43:45.598492,0.5257565343750707,0.12209455166947795,0.06995412844036697,False,16,0.0330815315246582,False,0.0,22.87992621031404,-19.936914241877275,177.65468011736618,CENTER,0.0,0.9543623649691357,0.06306596630030653,NORMAL,STABLE,NORMAL,NO_ACTION,False,0.0
2026-08-12T00:43:45.643240,0.5039665144210148,0.01948808397784677,0.06995412844036697,False,16,0.0330815315246582,False,0.0,23.30971239431645,-19.821048912371424,177.18167415437767,CENTER,0.0,0.9544023008830589,0.06332702907833902,NORMAL,STABLE,NORMAL,NO_ACTION,False,0.0
2026-08-12T00:43:45.673830,0.4996932445886649,0.05108422269534841,0.06880733944954129,False,16,0.0330815315246582,False,0.0,23.10809187743618,-20.46523793494623,177.68861278469262,CENTER,0.0,0.9538187237439987,0.06354136989487315,NORMAL,STABLE,NORMAL,NO_ACTION,False,0.0
2026-08-12T00:43:45.705529,0.5031205904996713,0.05047210021098621,0.0676605504587156,False,16,0.0330815315246582,False,0.0,22.161710812371638,-19.60345853471651,177.98969102004492,CENTER,0.0,0.9541071066243713,0.06232872976410195,NORMAL,STABLE,NORMAL,NO_ACTION,False,0.0
2026-08-12T00:43:45.737894,0.5212514222362274,0.14169028186109583,0.0676605504587156,False,16,0.0330815315246582,False,0.0,23.478437695288562,-18.434528096625485,177.64013793844651,CENTER,0.0,0.9540616024734225,0.06266375309463491,NORMAL,STABLE,NORMAL,NO_ACTION,False,0.0
2026-08-12T00:43:45.770702,0.5160827598338749,0.10767629961005197,0.0676605504587156,False,16,0.0330815315246582,False,0.0,22.172766117914392,-19.978816126022963,177.77877750207995,CENTER,0.0,0.9542798255672723,0.06255148539148504,NORMAL,STABLE,NORMAL,NO_ACTION,False,0.0
2026-08-12T00:43:45.834422,0.5167402758206957,0.0660441674085796,0.0677382319173364,False,16,0.0330815315246582,False,0.0,22.276817019688906,-19.238330376911108,177.64330667645027,CENTER,0.0,0.9531813936935585,0.06220787053183428,NORMAL,STABLE,NORMAL,NO_ACTION,False,0.0
2026-08-12T00:43:45.866448,0.5020437075228532,0.053041569748206195,0.0677382319173364,False,16,0.0330815315246582,False,0.0,22.55788130584253,-19.414398926529344,177.59986473884885,CENTER,0.0,0.9607248656835848,0.06252240293780763,NORMAL,STABLE,NORMAL,NO_ACTION,False,0.0
2026-08-12T00:43:45.899061,0.5020513960073594,0.08521380651246432,0.0677382319173364,False,16,0.0330815315246582,False,0.0,22.714180386296675,-19.567873545729952,177.68672463636102,CENTER,0.0,0.9611151990990797,0.06272904161575862,NORMAL,STABLE,NORMAL,NO_ACTION,False,0.0
2026-08-12T00:43:45.929882,0.4995744293584253,0.1137767249960735,0.0677382319173364,False,16,0.0330815315246582,False,0.0,23.21142358720286,-18.969425424215615,177.66174076268214,CENTER,0.0,0.9569108175618714,0.06276589716194697,NORMAL,STABLE,NORMAL,NO_ACTION,False,0.0
2026-08-12T00:43:45.961909,0.5118810534613021,0.0999732051205402,0.0677382319173364,False,16,0.0330815315246582,False,0.0,22.522655968592602,-18.10014281770617,177.87223367893978,CENTER,0.0,0.9546472774134086,0.06174511073292284,NORMAL,STABLE,NORMAL,NO_ACTION,False,0.0
2026-08-12T00:43:45.995041,0.4975384323544616,0.07470277845514085,0.0677382319173364,False,16,0.0330815315246582,False,0.0,22.811817268668364,-19.270513763048115,177.58288427923964,CENTER,0.0,0.9545471397926669,0.06263357924880734,NORMAL,STABLE,NORMAL,NO_ACTION,False,0.0
2026-08-12T00:43:46.026460,0.5163269578215535,0.04671530165870857,0.0677382319173364,False,16,0.0330815315246582,False,0.0,22.194673212421463,-18.961426253283918,177.7519950569403,CENTER,0.0,0.9538867339320417,0.06198720987946204,NORMAL,STABLE,NORMAL,NO_ACTION,False,0.0
2026-08-12T00:43:46.045295,0.5236679249565022,0.06011454042617711,0.0677382319173364,False,16,0.0330815315246582,False,0.0,22.704283609718686,-19.30167581479725,177.6062217204243,CENTER,0.0,0.9538499447195073,0.06256950103961949,NORMAL,STABLE,NORMAL,NO_ACTION,False,0.0
2026-08-12T00:43:46.073992,0.5140121869953824,0.08038601290957416,0.0676605504587156,False,16,0.0330815315246582,False,0.0,23.03741420749745,-19.56909895903135,177.68034070651595,CENTER,0.0,0.9543264174668495,0.06297584072318224,NORMAL,STABLE,NORMAL,NO_ACTION,False,0.0
2026-08-12T00:43:46.101290,0.5140610897407201,0.14861734824543762,0.0676605504587156,False,16,0.0330815315246582,False,0.0,22.571917389767236,-19.81495633808973,177.3790804060099,CENTER,0.0,0.9551215228659408,0.0627618177516953,NORMAL,STABLE,NORMAL,NO_ACTION,False,0.0
2026-08-12T00:43:46.130352,0.5273520749460265,0.1795074069141005,0.0676605504587156,False,16,0.0330815315246582,False,0.0,23.625832080556847,-19.665445856785567,177.93459235927037,CENTER,0.0,0.955030838298754,0.0634788587791927,NORMAL,STABLE,NORMAL,NO_ACTION,False,0.0
2026-08-12T00:43:46.169915,0.5206490716128034,0.09298431915012424,0.0676605504587156,False,16,0.0330815315246582,False,0.0,22.32043455192391,-20.123086504713058,178.10361112327405,CENTER,0.0,0.9545023090099166,0.06274629713585463,NORMAL,STABLE,NORMAL,NO_ACTION,False,0.0
2026-08-12T00:43:46.234858,0.5228132285108942,0.13614666369178938,0.0677382319173364,False,16,0.0330815315246582,False,0.0,24.272419644129428,-19.629973672534277,178.01418100622118,CENTER,0.0,0.9546318158436213,0.06395089331871844,NORMAL,STABLE,NORMAL,NO_ACTION,False,0.0
2026-08-12T00:43:46.266696,0.5294109392102601,0.047674669447716624,0.0677382319173364,False,16,0.0330815315246582,False,0.0,23.2239525950165,-21.440149907351326,177.84918077542056,CENTER,0.0,0.9548867245548982,0.06418628125392069,NORMAL,STABLE,NORMAL,NO_ACTION,False,0.0
2026-08-12T00:43:46.297824,0.5072359694574047,0.04415517409542488,0.0677382319173364,False,16,0.0330815315246582,False,0.0,24.492741507577108,-20.763135266019788,178.06579107605,CENTER,0.0,0.9559081723143861,0.06476570233928036,NORMAL,STABLE,NORMAL,NO_ACTION,False,0.0
2026-08-12T00:43:46.331016,0.5038068647079228,0.014186065284484219,0.0677382319173364,False,16,0.0330815315246582,False,0.0,23.857281323569737,-20.631308172649028,178.25079785961373,CENTER,0.0,0.9560755949574189,0.06420660777781316,NORMAL,STABLE,NORMAL,NO_ACTION,False,0.0
2026-08-12T00:43:46.362216,0.5034995233844615,0.08693653458021988,0.067816091954023,False,16,0.0330815315246582,False,0.0,22.30561113116954,-20.840325685311086,178.65034677373654,CENTER,0.0,0.9555312156171409,0.06314457243331857,NORMAL,STABLE,NORMAL,NO_ACTION,False,0.0
2026-08-12T00:43:46.393707,0.5224230037019085,0.03832857761942267,0.0677382319173364,False,16,0.0330815315246582,False,0.0,23.110224495957283,-21.627717980361666,178.30415478723057,CENTER,0.0,0.9550857437057042,0.0642067985215419,NORMAL,STABLE,NORMAL,NO_ACTION,False,0.0
2026-08-12T00:43:46.425529,0.5132362105918609,0.037712603022839915,0.0677382319173364,False,16,0.0330815315246582,False,0.0,23.513268041767958,-20.74846227581341,178.28534037981694,CENTER,0.0,0.9549054623199588,0.06401158552599155,NORMAL,STABLE,NORMAL,NO_ACTION,False,0.0
2026-08-12T00:43:46.458486,0.5112125869559927,0.061113149159157304,0.0677382319173364,False,16,0.0330815315246582,False,0.0,21.93022469034662,-21.760562138148373,178.42757726305626,CENTER,0.0,0.9548404434406434,0.06338424364206463,NORMAL,STABLE,NORMAL,NO_ACTION,False,0.0
2026-08-12T00:43:46.490940,0.4620966158597102,0.07183978792023092,0.0677382319173364,False,16,0.0330815315246582,False,0.0,23.561487037850696,-21.647389111973126,177.5972856343218,CENTER,0.0,0.9548662256730109,0.06456160735565825,NORMAL,STABLE,NORMAL,NO_ACTION,False,0.0
2026-08-12T00:43:46.521744,0.3793341031509361,0.06957726442168426,0.0677382319173364,False,16,0.0330815315246582,False,0.0,22.299077813256133,-22.343932856527545,177.7355517473511,CENTER,0.0,0.9555954445837621,0.06399819515231119,NORMAL,STABLE,NORMAL,NO_ACTION,False,0.0
2026-08-12T00:43:46.555396,0.13950090017538014,0.03590508179068319,0.06888633754305395,True,16,0.0330815315246582,False,0.0,21.634142179270725,-15.496638897378801,179.23262470432041,UP,0.0,0.9560007215935071,0.2926517443549117,LOW,STABLE,NORMAL,NO_ACTION,False,0.0
2026-08-12T00:43:46.577560,0.1351884501799259,0.08563764337022416,0.07003444316877153,True,16,0.0330815315246582,False,0.022164344787597656,21.383212145135843,-15.803325990051746,179.19110101232025,UP,0.022164344787597656,0.9559008429605339,0.2926358205942343,LOW,STABLE,NORMAL,NO_ACTION,False,0.022164344787597656
2026-08-12T00:43:46.617597,0.2347524410604347,0.03167189863583477,0.07003444316877153,False,17,0.06220078468322754,False,0.0,21.576550450093237,-19.538784692994312,178.26905075652758,UP,0.06220078468322754,0.9546101644661636,0.17837781311981235,NORMAL,STABLE,NORMAL,NO_ACTION,False,0.0
2026-08-12T00:43:46.649544,0.29434304224338365,0.018024948487790803,0.07003444316877153,False,17,0.06220078468322754,False,0.0,22.70015149078702,-20.848967258170575,177.57826134604215,UP,0.09414839744567871,0.9542403946794982,0.09804179466524807,NORMAL,STABLE,NORMAL,NO_ACTION,False,0.0
2026-08-12T00:43:46.697914,0.37116189329767024,0.09603676100514633,0.07003444316877153,False,17,0.06220078468322754,False,0.0,22.882323117299393,-21.902707080481804,177.5893926529289,UP,0.1425180435180664,0.9547668132180213,0.09100364558234486,NORMAL,STABLE,NORMAL,NO_ACTION,False,0.0
2026-08-12T00:43:46.731791,0.37756973971896957,0.024596097675443435,0.07003444316877153,False,17,0.06220078468322754,False,0.0,22.27824595356043,-20.993340857304105,177.6917197296316,UP,0.17639470100402832,0.9546063184977995,0.09002445088006572,NORMAL,STABLE,NORMAL,NO_ACTION,False,0.0
2026-08-12T00:43:46.762886,0.38466244054998644,0.08324976431287341,0.06888633754305395,False,17,0.06220078468322754,False,0.0,24.0308151356694,-20.25088451117327,177.7536953626714,CENTER,0.0,0.9552772910593851,0.06412149924804439,NORMAL,STABLE,NORMAL,NO_ACTION,False,0.0
2026-08-12T00:43:46.794929,0.4134866842728551,0.03137636717601471,0.06666666666666667,False,17,0.06220078468322754,False,0.0,22.769892894678435,-22.263631856886576,177.69098112724112,CENTER,0.0,0.9556188959262117,0.0643108040676207,NORMAL,STABLE,NORMAL,NO_ACTION,False,0.0
2026-08-12T00:43:46.827207,0.38448256672079273,0.08616799518933504,0.06659012629161883,False,17,0.06220078468322754,False,0.0,23.149028174363025,-19.555948291522185,177.8510186487215,CENTER,0.0,0.9549965353687986,0.06305331048854358,NORMAL,STABLE,NORMAL,NO_ACTION,False,0.0
2026-08-12T00:43:46.858815,0.38424116247765727,0.020831387621943774,0.06666666666666667,False,17,0.06220078468322754,False,0.0,23.091505242364775,-19.773161760599265,177.56778177591355,CENTER,0.0,0.9546544384252115,0.06313354873707766,NORMAL,STABLE,NORMAL,NO_ACTION,False,0.0
2026-08-12T00:43:46.890094,0.39113282364874336,0.07881450549526355,0.06659012629161883,False,17,0.06220078468322754,False,0.0,22.63518876272869,-18.82217520403711,177.89229195501457,CENTER,0.0,0.9541947221864999,0.06224308781065454,NORMAL,STABLE,NORMAL,NO_ACTION,False,0.0
2026-08-12T00:43:46.925849,0.42979182310897135,0.02369028210286327,0.06666666666666667,False,17,0.06220078468322754,False,0.0,23.010158987892112,-18.226221474319857,178.09634657502335,CENTER,0.0,0.9546959412151349,0.06218827318283226,NORMAL,STABLE,NORMAL,NO_ACTION,False,0.0
2026-08-12T00:43:46.958122,0.40549987802771126,0.016128873478689243,0.06666666666666667,False,17,0.06220078468322754,False,0.0,22.198213780688434,-18.814657882759604,177.7327991393339,CENTER,0.0,0.9553072559442158,0.06190609717131936,NORMAL,STABLE,NORMAL,NO_ACTION,False,0.0
2026-08-12T00:43:46.986260,0.4162341504747761,0.05607448975043294,0.06666666666666667,False,17,0.06220078468322754,False,0.0,21.7153604434545,-20.586032355449902,177.922300162875,CENTER,0.0,0.9556080443387059,0.06254996760577655,NORMAL,STABLE,NORMAL,NO_ACTION,False,0.0
2026-08-12T00:43:47.018085,0.3941753459403451,0.12025655796937848,0.06659012629161883,False,17,0.06220078468322754,False,0.0,21.867613458117404,-16.983125760960178,178.03229834559994,CENTER,0.0,0.9552046579396719,0.060608538955406396,NORMAL,STABLE,NORMAL,NO_ACTION,False,0.0
2026-08-12T00:43:47.050669,0.3830176399653089,0.029714794201403664,0.06666666666666667,False,17,0.06220078468322754,False,0.0,21.177224613889962,-17.528449887872284,177.90193266106405,CENTER,0.0,0.9548978480795611,0.060394293691120676,NORMAL,STABLE,NORMAL,NO_ACTION,False,0.0
2026-08-12T00:43:47.082590,0.3966791965581659,0.07219344048315111,0.06666666666666667,False,17,0.06220078468322754,False,0.0,22.966556856238498,-17.251366829996584,177.49442117761419,CENTER,0.0,0.9543103861239712,0.061598409817913855,NORMAL,STABLE,NORMAL,NO_ACTION,False,0.0
2026-08-12T00:43:47.114161,0.4121687791345998,0.04903750484402012,0.06659012629161883,False,17,0.06220078468322754,False,0.0,21.086959589318866,-20.011090652740364,177.625795770543,CENTER,0.0,0.9545265243662838,0.06174321835448956,NORMAL,STABLE,NORMAL,NO_ACTION,False,0.0
2026-08-12T00:43:47.146229,0.4316868850157076,0.04004701543001131,0.06659012629161883,False,17,0.06220078468322754,False,0.0,20.873073934313624,-20.49812453604349,177.19061724289253,CENTER,0.0,0.9542982784457876,0.061858481426906343,NORMAL,STABLE,NORMAL,NO_ACTION,False,0.0
2026-08-12T00:43:47.177925,0.42755189887948963,0.027780030998641965,0.06659012629161883,False,17,0.06220078468322754,False,0.0,20.5728637138634,-18.88085158864922,177.6100001532942,CENTER,0.0,0.9548863101744685,0.06070640851304317,NORMAL,STABLE,NORMAL,NO_ACTION,False,0.0
2026-08-12T00:43:47.226171,0.409082961296549,0.11746762205602156,0.06666666666666667,False,17,0.06220078468322754,False,0.0,21.293510209659757,-17.97846084375587,177.80762775461756,CENTER,0.0,0.9550187824181242,0.06073979704595067,NORMAL,STABLE,NORMAL,NO_ACTION,False,0.0
2026-08-12T00:43:47.258888,0.40965368976754407,0.066785548945616,0.06659012629161883,False,17,0.06220078468322754,False,0.0,21.951327348711175,-16.317531144376233,177.71446828515934,CENTER,0.0,0.9549084924768518,0.06029220487221271,NORMAL,STABLE,NORMAL,NO_ACTION,False,0.0
2026-08-12T00:43:47.291587,0.41035972242388874,0.03333477684678338,0.06666666666666667,False,17,0.06220078468322754,False,0.0,20.4684154941709,-19.51001218721416,177.21567320076485,CENTER,0.0,0.9542533440679298,0.060986151447588885,NORMAL,STABLE,NORMAL,NO_ACTION,False,0.0
2026-08-12T00:43:47.322622,0.4056041782590617,0.064356798878011,0.06666666666666667,False,17,0.06220078468322754,False,0.0,6.32823446909714,-14.248150089189664,2.764050545680874,CENTER,0.0,0.9870623687199931,0.019045864337904696,NORMAL,STABLE,NORMAL,NO_ACTION,False,0.0
2026-08-12T00:43:47.354100,0.4317682324160816,0.05091560206447815,0.06666666666666667,False,17,0.06220078468322754,False,0.0,22.29372962124549,-19.1600399014595,177.41946850661202,CENTER,0.0,0.9547297391189415,0.062176041415924255,NORMAL,STABLE,NORMAL,NO_ACTION,False,0.0
2026-08-12T00:43:47.386237,0.4231316726993345,0.0646979127099977,0.06659012629161883,False,17,0.06220078468322754,False,0.0,20.748265846828474,-18.85682675832294,177.5459257077644,CENTER,0.0,0.9547693771969307,0.06082623502732422,NORMAL,STABLE,NORMAL,NO_ACTION,False,0.0
2026-08-12T00:43:47.418487,0.4229070428966111,0.08222276951749954,0.06666666666666667,False,17,0.06220078468322754,False,0.0,22.053828377831934,-16.897871823126877,177.67190355931666,CENTER,0.0,0.9551717923918324,0.060701634623856866,NORMAL,STABLE,NORMAL,NO_ACTION,False,0.0
2026-08-12T00:43:47.451263,0.4172488086589891,0.026850932940678845,0.06659012629161883,False,17,0.06220078468322754,False,0.0,21.658735658690915,-19.084012776359117,177.3911580338755,CENTER,0.0,0.9551184150127172,0.06164916498490537,NORMAL,STABLE,NORMAL,NO_ACTION,False,0.0
2026-08-12T00:43:47.481401,0.41991715245812083,0.03343932048143481,0.06659012629161883,False,17,0.06220078468322754,False,0.0,20.30092521053541,-19.999737720312282,177.46551814560053,CENTER,0.0,0.9543466055634144,0.06113827539495593,NORMAL,STABLE,NORMAL,NO_ACTION,False,0.0
2026-08-12T00:43:47.515121,0.4298771720268563,0.07697090741155846,0.06659012629161883,False,17,0.06220078468322754,False,0.0,21.996796666842698,-17.621594402377298,177.39062584707324,CENTER,0.0,0.9542439428119284,0.061071476129302596,NORMAL,STABLE,NORMAL,NO_ACTION,False,0.0
2026-08-12T00:43:47.546596,0.4224603148462144,0.02203660688535305,0.06659012629161883,False,17,0.06220078468322754,False,0.0,21.975495667345257,-18.629042795547235,177.50440204835053,CENTER,0.0,0.9548321558320473,0.06163053627041924,NORMAL,STABLE,NORMAL,NO_ACTION,False,0.0
2026-08-12T00:43:47.578891,0.4176156945907845,0.05012826664634294,0.06666666666666667,False,17,0.06220078468322754,False,0.0,21.68540602549035,-16.4331313337847,177.82449737234475,CENTER,0.0,0.9548587927240513,0.06015575188934172,NORMAL,STABLE,NORMAL,NO_ACTION,False,0.0
2026-08-12T00:43:47.622482,0.40788385942339944,0.06380954302605557,0.06666666666666667,False,17,0.06220078468322754,False,0.0,22.184151770312127,-18.351868100405767,177.22993215813494,CENTER,0.0,0.9547449805491254,0.06163112639150355,NORMAL,STABLE,NORMAL,NO_ACTION,False,0.0
2026-08-12T00:43:47.653528,0.4315521024521638,0.011030126834922977,0.06659012629161883,False,17,0.06220078468322754,False,0.0,23.135586515349246,-16.879644928552892,177.79753531557856,CENTER,0.0,0.954552695080304,0.061514840898151096,NORMAL,STABLE,NORMAL,NO_ACTION,False,0.0
2026-08-12T00:43:47.681926,0.4201704916927233,0.034837077159406295,0.06659012629161883,False,17,0.06220078468322754,False,0.0,22.04757466383566,-19.80828900719385,177.44623341310603,CENTER,0.0,0.9544894373178154,0.062358793614580764,NORMAL,STABLE,NORMAL,NO_ACTION,False,0.0
2026-08-12T00:43:47.714221,0.42227212775336564,0.024483690859342495,0.06659012629161883,False,17,0.06220078468322754,False,0.0,22.081489791262555,-19.005682736297842,177.48788274593306,CENTER,0.0,0.9531257242726908,0.06192630737609282,NORMAL,STABLE,NORMAL,NO_ACTION,False,0.0
2026-08-12T00:43:47.753950,0.423233632535687,0.03663049084518324,0.06666666666666667,False,17,0.06220078468322754,False,0.0,22.78014891186544,-19.247603786091588,177.21409837742192,CENTER,0.0,0.9540638556670096,0.06259638586170328,NORMAL,STABLE,NORMAL,NO_ACTION,False,0.0
2026-08-12T00:43:47.788240,0.4089354160018265,0.05339340218621513,0.06666666666666667,False,17,0.06220078468322754,False,0.0,22.193405243996466,-17.64375801148367,176.88281204289808,CENTER,0.0,0.9543310274491313,0.061233823261220365,NORMAL,STABLE,NORMAL,NO_ACTION,False,0.0
2026-08-12T00:43:47.820926,0.4141533811981875,0.015359602155193068,0.06666666666666667,False,17,0.06220078468322754,False,0.0,21.087818420692088,-17.216364711882733,176.59460502369325,CENTER,0.0,0.9542480607174496,0.06014801444922307,NORMAL,STABLE,NORMAL,NO_ACTION,False,0.0
2026-08-12T00:43:47.858595,0.37525281145411304,0.05842922901734787,0.06666666666666667,False,17,0.06220078468322754,False,0.0,20.876122221773358,-17.974315597274995,176.08230417305543,CENTER,0.0,0.9540413755286924,0.06041964482385228,NORMAL,STABLE,NORMAL,NO_ACTION,False,0.0
2026-08-12T00:43:47.890044,0.39813071589835636,0.042662480007908954,0.06666666666666667,False,17,0.06220078468322754,False,0.0,19.59830289713338,-17.468684652396263,174.86436161484596,CENTER,0.0,0.9531105216906722,0.05915802833999908,NORMAL,STABLE,NORMAL,NO_ACTION,False,0.0
2026-08-12T00:43:47.913675,0.3786098021566035,0.043073596063668534,0.06659012629161883,False,17,0.06220078468322754,False,0.0,18.980596606979674,-15.486803575032212,174.1804121476316,CENTER,0.0,0.9525370450745884,0.057556024310728884,NORMAL,STABLE,NORMAL,NO_ACTION,False,0.0
2026-08-12T00:43:47.945840,0.32811617978434415,0.02545183444491379,0.06659012629161883,False,17,0.06220078468322754,False,0.0,0.9186701365315457,-4.180166776150344,-3.11399053070636,CENTER,0.0,0.9850301676097393,0.0069023122030784185,NORMAL,STABLE,NORMAL,NO_ACTION,False,0.0
2026-08-12T00:43:47.979699,0.26238322548218285,0.04139708388333796,0.06436781609195402,False,17,0.06220078468322754,False,0.0,12.369112757399392,16.363576368039446,177.10978070632103,CENTER,0.0,0.9535880821866426,0.10474760310814846,NORMAL,STABLE,NORMAL,NO_ACTION,False,0.0
2026-08-12T00:43:48.010796,0.2615638229551834,0.055039017898947315,0.06321839080459771,False,17,0.06220078468322754,False,0.0,10.380538122127717,22.412257299845038,174.89166408905373,CENTER,0.0,0.9546804148984054,0.10781422966326065,NORMAL,STABLE,NORMAL,NO_ACTION,False,0.0
2026-08-12T00:43:48.043464,0.24719864590750523,0.04294635052090442,0.06206896551724138,False,17,0.06220078468322754,False,0.0,-3.2545440738606146,10.021201796890864,-11.772560214136632,CENTER,0.0,0.9879340143818587,0.0921098849576708,NORMAL,STABLE,NORMAL,NO_ACTION,False,0.0
2026-08-12T00:43:48.074072,0.2538545902867031,0.052994100206455425,0.06199770378874857,False,17,0.06220078468322754,False,0.0,7.1935981029676554,31.28985734769219,170.4576914515452,CENTER,0.0,0.9561074763517377,0.1210576565402076,NORMAL,STABLE,NORMAL,NO_ACTION,False,0.0
2026-08-12T00:43:48.107764,0.2491531747546278,0.030306345317511245,0.059770114942528735,False,17,0.06220078468322754,False,0.0,-0.8462941603900447,11.021819338179057,-16.42398306128112,CENTER,0.0,0.9891567134987997,0.09238660717375335,NORMAL,STABLE,NORMAL,NO_ACTION,False,0.0
2026-08-12T00:43:48.138133,0.2577834315870805,0.03819828211071426,0.05862068965517241,False,17,0.06220078468322754,False,0.0,9.107255692421006,35.973249232044,167.78416290492544,CENTER,0.0,0.9560726942944101,0.11978665835350386,NORMAL,STABLE,NORMAL,NO_ACTION,False,0.0
2026-08-12T00:43:48.170473,0.24958813744192673,0.023867723409515155,0.05855338691159587,False,17,0.06220078468322754,False,0.0,8.714926273479279,37.96705130652492,167.6424923409519,CENTER,0.0,0.9564442769954561,0.13189534393292357,NORMAL,STABLE,NORMAL,NO_ACTION,False,0.0
2026-08-12T00:43:48.202267,0.2242169583703738,0.021107620565637347,0.0574052812858783,False,17,0.06220078468322754,False,0.0,0.6781143881005391,13.652109664600346,-18.272089994326336,CENTER,0.0,0.9893848861882717,0.1291522574470129,NORMAL,STABLE,NORMAL,NO_ACTION,False,0.0
2026-08-12T00:43:48.234582,0.19714361244676137,0.024705728253164846,0.0574052812858783,True,17,0.06220078468322754,False,0.0,9.822099365246089,39.50381369303983,166.55496205299454,CENTER,0.0,0.9564189479916838,0.20572931313960918,LOW,STABLE,NORMAL,NO_ACTION,False,0.0
2026-08-12T00:43:48.281857,0.22134017759487673,0.02462569011621404,0.05625717566016074,False,18,0.04727506637573242,False,0.0,9.385716659940641,38.50412429998278,166.12239604319643,CENTER,0.0,0.9552205209405008,0.17155490178465285,NORMAL,STABLE,NORMAL,NO_ACTION,False,0.0
2026-08-12T00:43:48.315336,0.2416704589242018,0.024576301284320468,0.054022988505747126,False,18,0.04727506637573242,False,0.0,8.00929818152423,38.94663076079269,166.1177506027184,CENTER,0.0,0.9539285863554526,0.14280461475959544,NORMAL,STABLE,NORMAL,NO_ACTION,False,0.0
2026-08-12T00:43:48.347006,0.23701563582546492,0.03349995021878735,0.052873563218390804,False,18,0.04727506637573242,False,0.0,8.752152701747605,40.39731606923692,166.1820281400545,CENTER,0.0,0.9540231816379457,0.1505991582715146,NORMAL,STABLE,NORMAL,NO_ACTION,False,0.0
2026-08-12T00:43:48.379621,0.2033270128345139,0.02210732014314192,0.052873563218390804,True,18,0.04727506637573242,False,0.0,11.48214983809342,38.099746664011604,167.0974172413829,UP,0.0,0.9541897496213421,0.22450235937093574,LOW,STABLE,NORMAL,NO_ACTION,False,0.0
2026-08-12T00:43:48.411503,0.2440121295193482,0.02862121114615157,0.05172413793103448,False,19,0.03188180923461914,False,0.0,1.0053410331875625,15.533463940137977,-19.4610234827922,UP,0.03188180923461914,0.9878951930084019,0.13157745783524552,NORMAL,STABLE,NORMAL,NO_ACTION,False,0.0
2026-08-12T00:43:48.442211,0.21248321875630852,0.024641442672520462,0.05166475315729047,False,19,0.03188180923461914,False,0.0,8.149425763168864,40.144815180040695,165.68311915097127,UP,0.06258988380432129,0.956176910972508,0.21054254352114132,LOW,STABLE,NORMAL,NO_ACTION,False,0.0
2026-08-12T00:43:48.474568,0.22473967260930003,0.027858494001391964,0.04942528735632184,False,19,0.03188180923461914,False,0.0,8.464326199225724,40.671658749560805,166.25390218479504,UP,0.09494709968566895,0.9560257527613454,0.1942299881571508,NORMAL,STABLE,NORMAL,NO_ACTION,False,0.0
2026-08-12T00:43:48.508404,0.21436267231172418,0.022469168742002534,0.04827586206896552,False,19,0.03188180923461914,False,0.0,8.248146765460461,41.10018935155699,165.37379265678612,UP,0.1287825107574463,0.9553853019082933,0.20857891930949488,LOW,STABLE,NORMAL,NO_ACTION,False,0.0
2026-08-12T00:43:48.540153,0.1769803351540531,0.025079485927420587,0.04827586206896552,True,19,0.03188180923461914,False,0.0,8.94013809575793,41.12270380901964,166.22671310002772,UP,0.16053175926208496,0.9549584641668096,0.26052095447491336,LOW,STABLE,NORMAL,NO_ACTION,False,0.0
2026-08-12T00:43:48.569979,0.18419687946093335,0.028089176866128506,0.04827586206896552,True,19,0.03188180923461914,False,0.029825687408447266,2.1231994387017323,15.250640569270956,-19.462511893749564,UP,0.19035744667053223,0.9878495531121398,0.21220475278336726,LOW,STABLE,NORMAL,NO_ACTION,False,0.029825687408447266
2026-08-12T00:43:48.633896,0.24144383622609472,0.026548451753124595,0.047126436781609195,False,20,0.09374308586120605,False,0.0,8.658895077640182,39.63651489396355,165.2296033944424,UP,0.254274845123291,0.9543486774655635,0.17081809080655075,NORMAL,STABLE,NORMAL,NO_ACTION,False,0.0
2026-08-12T00:43:48.666697,0.20102847163321838,0.031631171518327575,0.04602991944764097,True,20,0.09374308586120605,False,0.0,10.23006436289728,38.312067944210014,166.18113249898096,UP,0.2870752811431885,0.9549803745320359,0.22683089721313793,LOW,STABLE,NORMAL,NO_ACTION,False,0.0
2026-08-12T00:43:48.689631,0.18912165311477752,0.028513994200107504,0.047126436781609195,True,20,0.09374308586120605,False,0.0229341983795166,9.784768111598112,39.371754508527346,166.40812710671264,UP,0.3100094795227051,0.9549335236446902,0.24346935801261788,LOW,STABLE,NORMAL,NO_ACTION,False,0.0229341983795166
2026-08-12T00:43:48.716796,0.23850623566766666,0.02695398485373693,0.04597701149425287,False,21,0.05009961128234863,False,0.0,11.886757530648822,38.70790582590129,167.19713484549976,UP,0.3371748924255371,0.9547038921396318,0.17678474497430036,NORMAL,STABLE,NORMAL,NO_ACTION,False,0.0
2026-08-12T00:43:48.738194,0.242716013926923,0.025398250549659936,0.045924225028702644,False,21,0.05009961128234863,False,0.0,12.775916106349086,38.41498203069179,167.82819784724734,UP,0.35857295989990234,0.9552738853702275,0.17150582767564923,NORMAL,STABLE,NORMAL,NO_ACTION,False,0.0
2026-08-12T00:43:48.762240,0.24616322239127572,0.026436170855830634,0.04477611940298507,False,21,0.05009961128234863,False,0.0,10.03832391817707,39.4051388780054,167.21288700381564,UP,0.38261866569519043,0.9549965353687986,0.16524686134636762,NORMAL,STABLE,NORMAL,NO_ACTION,False,0.0
2026-08-12T00:43:48.810129,0.215969594562465,0.023066816082737657,0.04252873563218391,False,21,0.05009961128234863,False,0.0,10.450968627837142,37.8414400609127,167.61774219349093,UP,0.4305081367492676,0.9544885049618484,0.20618566005793482,LOW,STABLE,NORMAL,NO_ACTION,False,0.0
2026-08-12T00:43:48.842649,0.20673517056132695,0.02695199922613651,0.04362801377726751,True,21,0.05009961128234863,False,0.0,10.202044377403581,37.886489845423085,167.4659558938697,UP,0.4630281925201416,0.9537973961012517,0.21871959185048506,LOW,STABLE,NORMAL,NO_ACTION,False,0.0
2026-08-12T00:43:48.874903,0.21316802023444714,0.019382815163376317,0.041379310344827586,False,22,0.03225374221801758,False,0.0,10.538486712593112,38.52733092680663,167.953525742686,UP,0.4952819347381592,0.954074189278978,0.21049623915765955,LOW,STABLE,NORMAL,NO_ACTION,False,0.0
2026-08-12T00:43:48.906700,0.28033418128449406,0.02958996175977016,0.040229885057471264,False,22,0.03225374221801758,False,0.0,11.86960165718304,37.4461239410565,168.35675379600832,UP,0.5270788669586182,0.9545140800040007,0.1152771867913795,NORMAL,STABLE,NORMAL,NO_ACTION,False,0.0
2026-08-12T00:43:48.939046,0.3419791461881718,0.025032128341189903,0.03908045977011494,False,22,0.03225374221801758,False,0.0,11.948365570054563,40.02029513381615,168.29311939823214,UP,0.559424877166748,0.9546793142003888,0.09121123227653899,NORMAL,STABLE,NORMAL,NO_ACTION,False,0.0
2026-08-12T00:43:48.969923,0.33065832130732636,0.02437959679704966,0.03793103448275862,False,22,0.03225374221801758,False,0.0,10.938318635561984,40.099680489592004,168.33064477334494,UP,0.5903019905090332,0.9553540291352309,0.09186741162231535,NORMAL,STABLE,NORMAL,NO_ACTION,False,0.0
2026-08-12T00:43:49.041155,0.3223745939908616,0.02693037697849636,0.0367816091954023,False,22,0.03225374221801758,False,0.0,9.749848949665335,38.67097857829708,168.5978368090514,CENTER,0.0,0.9538138936221137,0.06376678197199764,NORMAL,STABLE,NORMAL,NO_ACTION,False,0.0
2026-08-12T00:43:49.070206,0.3195100921796114,0.028729845294560734,0.035632183908045977,False,22,0.03225374221801758,False,0.0,11.828162518535095,37.553070141620594,168.75232304320048,CENTER,0.0,0.9541693672839505,0.06471078663229164,NORMAL,STABLE,NORMAL,NO_ACTION,False,0.0
2026-08-12T00:43:49.097324,0.3410115511161802,0.028853589318949022,0.03559127439724455,False,22,0.03225374221801758,False,0.0,10.053793936397255,37.04376570568576,168.7914402001884,CENTER,0.0,0.9551298234239256,0.0630690165806827,NORMAL,STABLE,NORMAL,NO_ACTION,False,0.0
2026-08-12T00:43:49.129779,0.3620300763413186,0.022561433126298002,0.03444316877152698,False,22,0.03225374221801758,False,0.0,10.531100388584122,36.917968998068744,168.71824879663586,CENTER,0.0,0.9554070957290237,0.06336058863044082,NORMAL,STABLE,NORMAL,NO_ACTION,False,0.0
2026-08-12T00:43:49.162693,0.36158853413525627,0.032838990875211464,0.03218390804597701,False,22,0.03225374221801758,False,0.0,11.89604994826206,39.02733227975574,169.35283977510892,CENTER,0.0,0.9552932188071559,0.06560431406558337,NORMAL,STABLE,NORMAL,NO_ACTION,False,0.0
2026-08-12T00:43:49.195159,0.35395971155464834,0.020639479025060824,0.03103448275862069,False,22,0.03225374221801758,False,0.0,12.090956615885688,38.94378560702364,169.2102238397066,CENTER,0.0,0.9558813541309442,0.0657050022294154,NORMAL,STABLE,NORMAL,NO_ACTION,False,0.0
2026-08-12T00:43:49.222752,0.3651725039722218,0.02234089592892012,0.029885057471264367,False,22,0.03225374221801758,False,0.0,12.15901823515108,37.84652740112702,169.25942606354704,CENTER,0.0,0.9559300956290009,0.06513026042298589,NORMAL,STABLE,NORMAL,NO_ACTION,False,0.0
2026-08-12T00:43:49.254050,0.3544482369501455,0.03164260261587437,0.028735632183908046,False,22,0.03225374221801758,False,0.0,10.848951141571831,36.569505992621174,169.12434757290896,CENTER,0.0,0.9554800525834477,0.06340360849515621,NORMAL,STABLE,NORMAL,NO_ACTION,False,0.0
2026-08-12T00:43:49.285368,0.3589520249551007,0.022363379900058336,0.027586206896551724,False,22,0.03225374221801758,False,0.0,11.66435451829031,38.13864601610106,169.64126663947366,CENTER,0.0,0.9545476966163694,0.06492044706741394,NORMAL,STABLE,NORMAL,NO_ACTION,False,0.0
2026-08-12T00:43:49.323586,0.3684687753125719,0.021280586833100874,0.026436781609195402,False,22,0.03225374221801758,False,0.0,11.124449282809309,38.023273604781025,169.1472618728572,CENTER,0.0,0.955466714713363,0.06444350086304859,NORMAL,STABLE,NORMAL,NO_ACTION,False,0.0
2026-08-12T00:43:49.363410,0.3529779445927925,0.01585619216378652,0.02528735632183908,False,22,0.03225374221801758,False,0.0,10.73783403170043,37.69350579295323,169.4321882270774,CENTER,0.0,0.9557576745220336,0.06396083941165523,NORMAL,STABLE,NORMAL,NO_ACTION,False,0.0
2026-08-12T00:43:49.391583,0.3581086415321067,0.022350148271233265,0.02413793103448276,False,22,0.03225374221801758,False,0.0,11.097365114581436,38.733935636158805,169.16093935241577,CENTER,0.0,0.9559777234796526,0.06482868552428213,NORMAL,STABLE,NORMAL,NO_ACTION,False,0.0
2026-08-12T00:43:49.434755,0.36117521943596376,0.02904866067356447,0.022988505747126436,False,22,0.03225374221801758,False,0.0,7.671059046627931,39.718137157045135,169.6256211501477,CENTER,0.0,0.9572402241047955,0.06278201472418704,NORMAL,STABLE,NORMAL,NO_ACTION,False,0.0
2026-08-12T00:43:49.467094,0.35562350106675544,0.01585250178423516,0.021839080459770115,False,22,0.03225374221801758,False,0.0,10.16430890126287,38.60583370160643,170.30154622375767,CENTER,0.0,0.9564779972029321,0.06404513850772911,NORMAL,STABLE,NORMAL,NO_ACTION,False,0.0
2026-08-12T00:43:49.509472,0.3440342970137666,0.01912818817326294,0.021814006888633754,False,22,0.03225374221801758,False,0.0,-0.008496025295812615,18.416601538624207,-15.536647330322097,CENTER,0.0,0.9891086221493482,0.02827027619441621,NORMAL,STABLE,NORMAL,NO_ACTION,False,0.0
2026-08-12T00:43:49.538348,0.33266966736971926,0.021342518212755405,0.021788990825688075,False,22,0.03225374221801758,False,0.0,-1.2450141910738637,18.084478103819606,-16.11361820442397,CENTER,0.0,0.9907504259902263,0.02977673204842319,NORMAL,STABLE,NORMAL,NO_ACTION,False,0.0
2026-08-12T00:43:49.566688,0.3302559103282178,0.02118475673891176,0.021764032073310423,False,22,0.03225374221801758,False,0.0,1.34696590600646,17.79751528423816,-14.934885250549911,CENTER,0.0,0.9920801183127572,0.02853258067085592,NORMAL,STABLE,NORMAL,NO_ACTION,False,0.0
2026-08-12T00:43:49.594338,0.32319946059025784,0.03513919726673292,0.021739130434782608,False,22,0.03225374221801758,False,0.0,11.61791690807226,40.208370427359455,171.44003712357733,CENTER,0.0,0.9588114899477022,0.06606695497714364,NORMAL,STABLE,NORMAL,NO_ACTION,False,0.0
2026-08-12T00:43:49.626674,0.2852399229163584,0.026847754592973394,0.021714285714285714,False,22,0.03225374221801758,False,0.0,11.073027407652376,40.432369331337014,172.03829947742707,CENTER,0.0,0.9597695763495943,0.08607574358658783,NORMAL,STABLE,NORMAL,NO_ACTION,False,0.0
2026-08-12T00:43:49.661188,0.33217134553801153,0.05880897858727287,0.021689497716894976,False,22,0.03225374221801758,False,0.0,7.105785679218371,39.038049257891686,171.79195005091867,UP,0.0,0.9591987155099737,0.08877662545145588,NORMAL,STABLE,NORMAL,NO_ACTION,False,0.0
2026-08-12T00:43:49.691347,0.29237141902391584,0.13539101364295114,0.021664766248574687,False,22,0.03225374221801758,False,0.0,6.446074516406469,38.712946527470365,173.5165375171,UP,0.030159473419189453,0.9576914973422496,0.09857832847300511,NORMAL,STABLE,NORMAL,NO_ACTION,False,0.0
2026-08-12T00:43:49.724505,0.3232085042406254,0.1155952270237153,0.02164009111617312,False,22,0.03225374221801758,False,0.0,6.829860638584961,36.394096529527786,174.5531394423232,UP,0.06331729888916016,0.9576133089348994,0.08705678285189897,NORMAL,STABLE,NORMAL,NO_ACTION,False,0.0
2026-08-12T00:43:49.755987,0.35311159414995663,0.08001054739794501,0.02161547212741752,False,22,0.03225374221801758,False,0.0,8.252308687469451,35.59941469862031,174.99029086659164,UP,0.09479951858520508,0.9575952186392603,0.08768600395635251,NORMAL,STABLE,NORMAL,NO_ACTION,False,0.0
2026-08-12T00:43:49.788981,0.3126179067070852,0.11771310769389005,0.02159090909090909,False,22,0.03225374221801758,False,0.0,10.173167652332722,29.912191709968965,175.66093774956164,UP,0.127793550491333,0.9588750196473479,0.08590093609617158,NORMAL,STABLE,NORMAL,NO_ACTION,False,0.0
2026-08-12T00:43:49.818795,0.3808401358154217,0.11649795359114692,0.021566401816118047,False,22,0.03225374221801758,False,0.0,8.778440845568355,27.023954535660096,178.48825110302477,UP,0.1576073169708252,0.9623459478237884,0.08318978296588292,NORMAL,STABLE,NORMAL,NO_ACTION,False,0.0
2026-08-12T00:43:49.865803,0.3390590924670634,0.14480146771009209,0.021541950113378686,False,22,0.03225374221801758,False,0.0,7.342721222067752,23.977844082701353,178.79305608473567,CENTER,0.0,0.9630064313807443,0.05354393181045805,NORMAL,STABLE,NORMAL,NO_ACTION,False,0.0
2026-08-12T00:43:49.898759,0.35190795178934653,0.13383648727118738,0.021517553793884484,False,22,0.03225374221801758,False,0.0,-4.736864298649152,7.930892452386075,-3.8688783270741283,CENTER,0.0,0.9937065168467079,0.014014878188530882,NORMAL,STABLE,NORMAL,NO_ACTION,False,0.0
2026-08-12T00:43:49.929346,0.39763236080901443,0.20172204225698126,0.021493212669683258,False,22,0.03225374221801758,False,0.0,-6.5231401621553005,5.592237868646862,-2.980340937434079,CENTER,0.0,0.991222498178155,0.013190338778812505,NORMAL,STABLE,NORMAL,NO_ACTION,False,0.0
2026-08-12T00:43:49.962256,0.3777503182262415,0.051259792755604584,0.021468926553672316,False,22,0.03225374221801758,False,0.0,-6.465155812878521,9.347508081813714,-2.973359790680803,CENTER,0.0,0.9911816942086762,0.01583991901066333,NORMAL,STABLE,NORMAL,NO_ACTION,False,0.0
2026-08-12T00:43:49.995721,0.3349169419255026,0.010942633050709015,0.02144469525959368,False,22,0.03225374221801758,False,0.0,-6.729417346677394,4.918301508920024,-2.2951573922215687,CENTER,0.0,0.9917968214163236,0.01224243787538198,NORMAL,STABLE,NORMAL,NO_ACTION,False,0.0
2026-08-12T00:43:50.026608,0.38245101508587964,0.00319166009350899,0.02142051860202931,False,22,0.03225374221801758,False,0.0,-5.034364897958824,-1.6936056217949158,-2.0339425016800305,CENTER,0.0,0.994184844928841,0.008029677852430039,NORMAL,STABLE,NORMAL,NO_ACTION,False,0.0
2026-08-12T00:43:50.059388,0.38785975923944,0.006299899061916938,0.021396396396396396,False,22,0.03225374221801758,False,0.0,-6.273500898746136,-4.066222949342944,-1.1238894247996996,CENTER,0.0,0.9960035820687586,0.010060129478680709,NORMAL,STABLE,NORMAL,NO_ACTION,False,0.0
2026-08-12T00:43:50.090468,0.3849742764026501,0.013147886516161405,0.021372328458942633,False,22,0.03225374221801758,False,0.0,-6.292626254356321,-8.466022847351098,-0.24188160696161276,CENTER,0.0,0.9960930802040467,0.012406838885837507,NORMAL,STABLE,NORMAL,NO_ACTION,False,0.0
2026-08-12T00:43:50.122964,0.397961652424798,0.025455431167308022,0.021348314606741574,False,22,0.03225374221801758,False,0.0,-7.771493930483416,-6.128055998557926,-0.46707484278323363,CENTER,0.0,0.9947668440286351,0.01235925481765972,NORMAL,STABLE,NORMAL,NO_ACTION,False,0.0
2026-08-12T00:43:50.154194,0.38700067524117476,0.0058275736202483015,0.02132435465768799,False,22,0.03225374221801758,False,0.0,-10.037311570757055,-6.9979080516968395,0.18919085953277204,CENTER,0.0,0.9932939091435184,0.014901787785023107,NORMAL,STABLE,NORMAL,NO_ACTION,False,0.0
2026-08-12T00:43:50.186853,0.39424310368320464,0.008309484786501285,0.021300448430493273,False,22,0.03225374221801758,False,0.0,-9.880521440917846,-8.904905201997877,0.9068609355656747,CENTER,0.0,0.9924649562757202,0.016819170119538155,NORMAL,STABLE,NORMAL,NO_ACTION,False,0.0
2026-08-12T00:43:50.217829,0.3703532514530888,0.003629671998979327,0.02127659574468085,False,22,0.03225374221801758,False,0.0,-11.619091956870278,-5.37827799232852,1.093836846849598,CENTER,0.0,0.9935988270533265,0.016126391472115663,NORMAL,STABLE,NORMAL,NO_ACTION,False,0.0
2026-08-12T00:43:50.250255,0.37636554733011884,0.004604177517088498,0.021252796420581657,False,22,0.03225374221801758,False,0.0,-12.183407495425428,-7.945666518795548,1.6064566338506268,CENTER,0.0,0.995109605409808,0.01901766535102558,NORMAL,STABLE,NORMAL,NO_ACTION,False,0.0
2026-08-12T00:43:50.282308,0.3707117670520539,0.009080036678441462,0.021229050279329607,False,22,0.03225374221801758,False,0.0,-12.300939551971908,-5.619448796072135,1.302510951776867,CENTER,0.0,0.9965416291580933,0.01715810980077314,NORMAL,STABLE,NORMAL,NO_ACTION,False,0.0
2026-08-12T00:43:50.315905,0.3449597754643492,0.007948161687125652,0.021205357142857144,False,22,0.03225374221801758,False,0.0,-14.774208663034187,-3.593052883993977,1.4988945066522774,CENTER,0.0,0.99701889896262,0.018265378283323357,NORMAL,STABLE,NORMAL,NO_ACTION,False,0.0
2026-08-12T00:43:50.346123,0.3616647992566897,0.0032306548485341495,0.021181716833890748,False,22,0.03225374221801758,False,0.0,-13.110604945938718,-1.3383519326266935,1.0741946839762875,CENTER,0.0,0.9966048846879286,0.01462602418755595,NORMAL,STABLE,NORMAL,NO_ACTION,False,0.0
2026-08-12T00:43:50.394795,0.34597207637710636,0.04185069020420907,0.020089285714285716,False,22,0.03225374221801758,False,0.0,-11.205350386950329,0.9221432094379622,1.3070325576904054,CENTER,0.0,0.9953039400077162,0.012714953672025905,NORMAL,STABLE,NORMAL,NO_ACTION,False,0.0
2026-08-12T00:43:50.426709,0.3289606330682849,0.04710558380872653,0.020089285714285716,False,22,0.03225374221801758,False,0.0,-8.435453136899298,5.554423004145519,1.5638121918637182,CENTER,0.0,0.9957160922496572,0.01364044989365467,NORMAL,STABLE,NORMAL,NO_ACTION,False,0.0
2026-08-12T00:43:50.459281,0.3726202948242767,0.20693324959651757,0.02011173184357542,False,22,0.03225374221801758,False,0.0,-8.289695591526396,4.310760415857942,1.8655516907715821,CENTER,0.0,0.9961391219778807,0.012892453979591751,NORMAL,STABLE,NORMAL,NO_ACTION,False,0.0
2026-08-12T00:43:50.491036,0.3592448009623097,0.02937274058819791,0.02011173184357542,False,22,0.03225374221801758,False,0.0,-6.985925487257248,5.777845929233223,1.6494510447088544,CENTER,0.0,0.9964672014317559,0.012488436498191351,NORMAL,STABLE,NORMAL,NO_ACTION,False,0.0
2026-08-12T00:43:50.523196,0.3260102929662417,0.08424361978798357,0.02011173184357542,False,22,0.03225374221801758,False,0.0,-6.623921343481555,3.510988023719449,1.375186623237596,CENTER,0.0,0.9972318137002742,0.010238558281378785,NORMAL,STABLE,NORMAL,NO_ACTION,False,0.0
2026-08-12T00:43:50.560627,0.3706506227245937,0.055326951022683785,0.02011173184357542,False,22,0.03225374221801758,False,0.0,-7.355291335649412,2.4968272768535655,1.012609058674741,CENTER,0.0,0.9972710235553841,0.009861242301891573,NORMAL,STABLE,NORMAL,NO_ACTION,False,0.0
2026-08-12T00:43:50.593172,0.34968397322972944,0.07344732576427902,0.020134228187919462,False,22,0.03225374221801758,False,0.0,-7.249784586147996,4.295146608548805,-0.05941546706748113,CENTER,0.0,0.9962901877572017,0.01014053926852978,NORMAL,STABLE,NORMAL,NO_ACTION,False,0.0
2026-08-12T00:43:50.624944,0.3349178295794164,0.08282753401849555,0.020134228187919462,False,22,0.03225374221801758,False,0.0,-7.732698610722679,4.959993567637213,-0.5020320996476642,CENTER,0.0,0.9952723926183127,0.011511958260687205,NORMAL,STABLE,NORMAL,NO_ACTION,False,0.0
2026-08-12T00:43:50.658123,0.34051766052184895,0.03929847575428997,0.020134228187919462,False,22,0.03225374221801758,False,0.0,-7.6711837086129435,6.074879102597407,-1.6126493200601146,CENTER,0.0,0.9950469393004114,0.013327400046153666,NORMAL,STABLE,NORMAL,NO_ACTION,False,0.0
2026-08-12T00:43:50.682719,0.3507928193974592,0.019878232143237237,0.020134228187919462,False,22,0.03225374221801758,False,0.0,-9.126444416459748,5.470634701368965,-2.454241038698143,CENTER,0.0,0.9949491089034636,0.01510278513002963,NORMAL,STABLE,NORMAL,NO_ACTION,False,0.0
2026-08-12T00:43:50.716771,0.34614100278153603,0.02882253410408958,0.020134228187919462,False,22,0.03225374221801758,False,0.0,-8.53747286106156,8.310455889473587,-3.6026112542296858,CENTER,0.0,0.9954600962362825,0.017692447290455826,NORMAL,STABLE,NORMAL,NO_ACTION,False,0.0
2026-08-12T00:43:50.748487,0.3460064216362413,0.017787550499598726,0.020134228187919462,False,22,0.03225374221801758,False,0.0,-9.019065755160284,7.113348021922036,-4.101511742671278,CENTER,0.0,0.9961175947359396,0.017772048198929642,NORMAL,STABLE,NORMAL,NO_ACTION,False,0.0
2026-08-12T00:43:50.783715,0.32176498709890544,0.024443023749175452,0.020134228187919462,False,22,0.03225374221801758,False,0.0,-7.763748509227838,4.920879291581315,-4.36902175447625,CENTER,0.0,0.9962012388545952,0.015237376779338592,NORMAL,STABLE,NORMAL,NO_ACTION,False,0.0
2026-08-12T00:43:50.812385,0.34757536537366296,0.011691309415396894,0.02011173184357542,False,22,0.03225374221801758,False,0.0,-9.234484551238864,5.4300256065191945,-5.767422462855308,CENTER,0.0,0.9949593835733882,0.018367965988650842,NORMAL,STABLE,NORMAL,NO_ACTION,False,0.0
2026-08-12T00:43:50.843340,0.3552826567496585,0.018666124770813055,0.02011173184357542,False,22,0.03225374221801758,False,0.0,-7.568981885913047,5.1852153158932595,-6.091646178256013,CENTER,0.0,0.9948488270533264,0.016899556604752376,NORMAL,STABLE,NORMAL,NO_ACTION,False,0.0
2026-08-12T00:43:50.876120,0.3496290301441868,0.011498408326319981,0.02011173184357542,False,22,0.03225374221801758,False,0.0,-8.694144984002463,6.365048939647551,-6.913195849558264,CENTER,0.0,0.9949752711334019,0.01962627096280393,NORMAL,STABLE,NORMAL,NO_ACTION,False,0.0
2026-08-12T00:43:50.922684,0.3373506621523855,0.013445767004428536,0.02011173184357542,False,22,0.03225374221801758,False,0.0,-7.8161350746922835,7.3207616738412185,-7.609447236002239,CENTER,0.0,0.9948423166366597,0.020141481211776346,NORMAL,STABLE,NORMAL,NO_ACTION,False,0.0
2026-08-12T00:43:50.960732,0.3591267152798173,0.010819177784432504,0.02011173184357542,False,22,0.03225374221801758,False,0.0,-10.195593397943668,8.137332267519668,-8.188124275501423,CENTER,0.0,0.9961820692944101,0.02357980143430392,NORMAL,STABLE,NORMAL,NO_ACTION,False,0.0
2026-08-12T00:43:51.000585,0.3563290066732374,0.009480754188299969,0.020134228187919462,False,22,0.03225374221801758,False,0.0,-10.334939426404276,7.03795952199971,-8.1777006539009,CENTER,0.0,0.9972690811471193,0.022909957509886256,NORMAL,STABLE,NORMAL,NO_ACTION,False,0.0
2026-08-12T00:43:51.034890,0.331374859219922,0.012934505758332274,0.02011173184357542,False,22,0.03225374221801758,False,0.0,-10.06645006145692,7.863370560186127,-8.471548429098306,CENTER,0.0,0.9967359503600823,0.023530506914002422,NORMAL,STABLE,NORMAL,NO_ACTION,False,0.0
2026-08-12T00:43:51.067201,0.36982517776704926,0.011459660399373331,0.02011173184357542,False,22,0.03225374221801758,False,0.0,-9.35620111110893,7.777651053438916,-8.820044373646994,CENTER,0.0,0.9954346573859739,0.023120243635026405,NORMAL,STABLE,NORMAL,NO_ACTION,False,0.0
2026-08-12T00:43:51.095431,0.34971907376890027,0.004706507072719046,0.02011173184357542,False,22,0.03225374221801758,False,0.0,-9.466085739277617,7.901288672754873,-9.33422296334885,CENTER,0.0,0.9950761424039781,0.023810487236555856,NORMAL,STABLE,NORMAL,NO_ACTION,False,0.0
2026-08-12T00:43:51.120032,0.3539025736936749,0.016591238126673322,0.02011173184357542,False,22,0.03225374221801758,False,0.0,-9.377863486470261,9.029429713093037,-10.182257312061836,CENTER,0.0,0.9947380428026407,0.02535692667285736,NORMAL,STABLE,NORMAL,NO_ACTION,False,0.0
2026-08-12T00:43:51.151817,0.3400728769903857,0.008710476220988342,0.02011173184357542,False,22,0.03225374221801758,False,0.0,-9.216452440378703,10.038848282933486,-10.642234537706713,CENTER,0.0,0.9952754736796983,0.02637345936842311,NORMAL,STABLE,NORMAL,NO_ACTION,False,0.0
2026-08-12T00:43:51.184723,0.32204208547987867,0.009881606331152877,0.02011173184357542,False,22,0.03225374221801758,False,0.0,-10.100747102986588,7.479755681308575,-10.9541300972856,CENTER,0.0,0.9970712770061728,0.02567711270342941,NORMAL,STABLE,NORMAL,NO_ACTION,False,0.0
2026-08-12T00:43:51.215255,0.32866933050680763,0.0063224515234139005,0.02011173184357542,False,22,0.03225374221801758,False,0.0,-9.628931039529277,7.470587114736958,-11.095050831593454,CENTER,0.0,0.9973241517704048,0.0253518510143171,NORMAL,STABLE,NORMAL,NO_ACTION,False,0.0
2026-08-12T00:43:51.245050,0.33160550941398237,0.005945236138228952,0.020089285714285716,False,22,0.03225374221801758,False,0.0,-9.187163926504041,9.769468255362568,-11.632179541901877,CENTER,0.0,0.9965962711119684,0.02710398374659719,NORMAL,STABLE,NORMAL,NO_ACTION,False,0.0
2026-08-12T00:43:51.275758,0.3519528045001828,0.00912382818317601,0.020089285714285716,False,22,0.03225374221801758,False,0.0,-8.752489967222118,10.128236872753064,-11.736855237663463,CENTER,0.0,0.9957519933127573,0.027045318309100366,NORMAL,STABLE,NORMAL,NO_ACTION,False,0.0
2026-08-12T00:43:51.307456,0.34432214874070943,0.005572112845785214,0.020089285714285716,False,22,0.03225374221801758,False,0.0,-8.433626966370554,10.602724913648103,-11.71064910030097,CENTER,0.0,0.9950983796296295,0.027055715316651765,NORMAL,STABLE,NORMAL,NO_ACTION,False,0.0
2026-08-12T00:43:51.338974,0.3347241530439517,0.009697861918838376,0.020089285714285716,False,22,0.03225374221801758,False,0.0,-7.686062555578701,8.641107661328846,-11.595553694776157,CENTER,0.0,0.9959243452074761,0.024808282292782917,NORMAL,STABLE,NORMAL,NO_ACTION,False,0.0
2026-08-12T00:43:51.369712,0.31491078721700716,0.011185724557173737,0.020089285714285716,False,22,0.03225374221801758,False,0.0,-7.803123605383718,10.574134224061112,-12.375475374516526,CENTER,0.0,0.996548943329904,0.027068118179503633,NORMAL,STABLE,NORMAL,NO_ACTION,False,0.0
2026-08-12T00:43:51.402320,0.3544809073984698,0.008887924616672845,0.020089285714285716,False,22,0.03225374221801758,False,0.0,-8.75674203101994,10.179475287815592,-12.643348932112644,CENTER,0.0,0.9978821989669067,0.027959338264957452,NORMAL,STABLE,NORMAL,NO_ACTION,False,0.0
2026-08-12T00:43:51.450037,0.3265557541873136,0.008670933606943635,0.020089285714285716,False,22,0.03225374221801758,False,0.0,-8.96519777074215,10.30774909010762,-13.17935635214846,CENTER,0.0,0.9981561187199931,0.02876887090563906,NORMAL,STABLE,NORMAL,NO_ACTION,False,0.0
2026-08-12T00:43:51.482522,0.3330872627129545,0.014281951192236329,0.020089285714285716,False,22,0.03225374221801758,False,0.0,-8.463967586288078,11.134694812650878,-13.85813792435033,CENTER,0.0,0.9972666966735252,0.02953708489345521,NORMAL,STABLE,NORMAL,NO_ACTION,False,0.0
2026-08-12T00:43:51.513936,0.3290108389466305,0.006513687508339598,0.020089285714285716,False,22,0.03225374221801758,False,0.0,-9.272372637829278,9.258331552327917,-14.00022331139283,CENTER,0.0,0.9965894927769205,0.029097220738895157,NORMAL,STABLE,NORMAL,NO_ACTION,False,0.0
2026-08-12T00:43:51.546786,0.33162795602410367,0.05420174433054086,0.020089285714285716,False,22,0.03225374221801758,False,0.0,-8.925792673052399,11.905495101937447,-14.93586156739542,CENTER,0.0,0.9962606765474966,0.03157630239775643,NORMAL,STABLE,NORMAL,NO_ACTION,False,0.0
2026-08-12T00:43:51.577974,0.32357227487369655,0.010849523231103324,0.020066889632107024,False,22,0.03225374221801758,False,0.0,-9.368453761616763,9.155819970805823,-15.12658806988918,CENTER,0.0,0.9965328950188616,0.03020035470555067,NORMAL,STABLE,NORMAL,NO_ACTION,False,0.0
2026-08-12T00:43:51.610655,0.33343287715898084,0.013695510520403917,0.020066889632107024,False,22,0.03225374221801758,False,0.0,-8.408634583498213,11.092156124506204,-15.524959582330581,CENTER,0.0,0.9972079689643347,0.031058166397756284,NORMAL,STABLE,NORMAL,NO_ACTION,False,0.0
2026-08-12T00:43:51.641729,0.335146270453049,0.01450772637947689,0.020066889632107024,False,22,0.03225374221801758,False,0.0,-8.3466605671467,10.190768220940328,-15.720665891443048,CENTER,0.0,0.9978544828103567,0.030535943267839625,NORMAL,STABLE,NORMAL,NO_ACTION,False,0.0
2026-08-12T00:43:51.674094,0.3289248431113907,0.007697516054302125,0.020066889632107024,False,22,0.03225374221801758,False,0.0,-7.652082755647683,9.431617401615455,-16.225692504808933,CENTER,0.0,0.9975710653506515,0.029805136892717538,NORMAL,STABLE,NORMAL,NO_ACTION,False,0.0
2026-08-12T00:43:51.707969,0.31711569592169936,0.01115317332391907,0.020066889632107024,False,22,0.03225374221801758,False,0.0,-8.297597927921174,7.895249276003739,-16.637910622351825,CENTER,0.0,0.9970506740826475,0.029714095673673,NORMAL,STABLE,NORMAL,NO_ACTION,False,0.0
2026-08-12T00:43:51.737570,0.31576867906174977,0.008263564800645362,0.020066889632107024,False,22,0.03225374221801758,False,0.0,-8.528465169123649,7.843080174849689,-17.307543565949402,CENTER,0.0,0.9969679006987311,0.03054356631560993,NORMAL,STABLE,NORMAL,NO_ACTION,False,0.0
2026-08-12T00:43:51.770545,0.30298522509902726,0.0038178551431870857,0.020066889632107024,False,22,0.03225374221801758,False,0.0,-9.169203356065339,5.165670370626543,-18.071641970664842,CENTER,0.0,0.9988621104466736,0.02996268706378527,NORMAL,STABLE,NORMAL,NO_ACTION,False,0.0
2026-08-12T00:43:51.834495,0.27216579191814316,0.00144206955209111,0.020089285714285716,False,22,0.03225374221801758,False,0.0,-10.408844895504757,6.2334717083033695,-20.52413329173004,CENTER,0.0,0.998156292866941,0.0714015415602543,NORMAL,STABLE,NORMAL,NO_ACTION,False,0.0
2026-08-12T00:43:51.875017,0.29618505845108045,0.00849051610175264,0.020089285714285716,False,22,0.03225374221801758,False,0.0,-9.640697385383135,6.662374089415778,-20.81738317484144,CENTER,0.0,0.9981391862782922,0.039228306854464816,NORMAL,STABLE,NORMAL,NO_ACTION,False,0.0
2026-08-12T00:43:51.899948,0.284759527074047,0.005426304996993733,0.020089285714285716,False,22,0.03225374221801758,False,0.0,-11.123335393999241,7.142190680953007,-22.045577082912615,CENTER,0.0,0.9968691057956104,0.05741931363009628,NORMAL,STABLE,NORMAL,NO_ACTION,False,0.0
2026-08-12T00:43:51.924325,0.2600208909497952,0.0105353163175605,0.020066889632107024,False,22,0.03225374221801758,False,0.0,-9.807298200529146,6.175686547348562,-22.99277981495149,CENTER,0.0,0.997232349537037,0.08935095710678395,NORMAL,STABLE,NORMAL,NO_ACTION,False,0.0
2026-08-12T00:43:51.951199,0.2790640417258537,0.01770434123946655,0.020066889632107024,False,22,0.03225374221801758,False,0.0,-7.807994472382973,6.42585693297184,-24.092234839248277,CENTER,0.0,0.9990746902863511,0.06327424704313445,NORMAL,STABLE,NORMAL,NO_ACTION,False,0.0
2026-08-12T00:43:51.978104,0.27277194626078777,0.0037087179533992235,0.020066889632107024,False,22,0.03225374221801758,False,0.0,-8.305351438873316,7.1572961372403086,-24.387454577486608,CENTER,0.0,0.9991829427083333,0.07295519132271053,NORMAL,STABLE,NORMAL,NO_ACTION,False,0.0
2026-08-12T00:43:52.010442,0.2769734294578668,0.004977312853613706,0.0200445434298441,False,22,0.03225374221801758,False,0.0,-8.010986563945835,5.307379426317084,-24.349476113317905,CENTER,0.0,0.9992267607596022,0.06569712844217909,NORMAL,STABLE,NORMAL,NO_ACTION,False,0.0
2026-08-12T00:43:52.042217,0.2671383033885262,0.008312926410277994,0.0200445434298441,False,22,0.03225374221801758,False,0.0,-7.794029462793645,4.954394662501414,-24.7952797321569,CENTER,0.0,0.9998736228995199,0.07877606714816848,NORMAL,STABLE,NORMAL,NO_ACTION,False,0.0
2026-08-12T00:43:52.074367,0.26731375221243814,0.007025203307366092,0.0200445434298441,False,22,0.03225374221801758,False,0.0,-8.73181669932137,4.04249208145481,-24.302063013379097,CENTER,0.0,0.9993332315243484,0.07831164401743732,NORMAL,STABLE,NORMAL,NO_ACTION,False,0.0
2026-08-12T00:43:52.106701,0.22134501327740058,0.005945854953571882,0.0200445434298441,False,22,0.03225374221801758,False,0.0,-8.031845552913722,2.9570493789593115,-24.197303592538674,CENTER,0.0,0.9983415182398835,0.13804443935870547,NORMAL,STABLE,NORMAL,NO_ACTION,False,0.0
2026-08-12T00:43:52.138918,0.2382335004489269,0.0017801087689816326,0.0200445434298441,False,22,0.03225374221801758,False,0.0,-8.709663888553138,2.9195430812756626,-24.06416506309884,CENTER,0.0,0.9964188421639234,0.11602387506172065,NORMAL,STABLE,NORMAL,NO_ACTION,False,0.0
2026-08-12T00:43:52.169781,0.2512554896057094,0.006425904109394779,0.0200445434298441,False,22,0.03225374221801758,False,0.0,-6.967036363055229,2.5888673713092203,-23.488372661316617,CENTER,0.0,0.996019817922668,0.09618984898402438,NORMAL,STABLE,NORMAL,NO_ACTION,False,0.0
2026-08-12T00:43:52.235282,0.2244966865396169,0.005120365096449487,0.0200445434298441,False,22,0.03225374221801758,False,0.0,-8.023173262171326,2.7984203857520527,-23.451439863085596,CENTER,0.0,0.9982574454518175,0.13300105271676427,NORMAL,STABLE,NORMAL,NO_ACTION,False,0.0
2026-08-12T00:43:52.267252,0.22164450239271924,0.0070906541968768465,0.0200445434298441,False,22,0.03225374221801758,False,0.0,-7.526024635862171,2.811917568767228,-23.38735207395206,CENTER,0.0,0.9989201281721536,0.13627326299660142,NORMAL,STABLE,NORMAL,NO_ACTION,False,0.0
2026-08-12T00:43:52.298038,0.20958424395303804,0.00366067405821928,0.021158129175946547,True,22,0.03225374221801758,False,0.0,-7.90917836380882,1.6164817458376035,-23.519961863683363,CENTER,0.0,0.9992443228094994,0.1519868984314541,NORMAL,STABLE,NORMAL,NO_ACTION,False,0.0
2026-08-12T00:43:52.330439,0.20305328100518333,0.008797141687460644,0.022271714922048998,True,22,0.03225374221801758,False,0.03240180015563965,-8.480943538915966,3.6818936789026964,-23.686081157320842,CENTER,0.0,0.9991026877572017,0.16289709083904294,NORMAL,STABLE,NORMAL,NO_ACTION,False,0.03240180015563965
2026-08-12T00:43:52.363268,0.22507775076664577,0.00876816479862829,0.022271714922048998,False,23,0.0652306079864502,False,0.0,-8.931844955868058,2.83920746373974,-23.63916216250462,UP,0.0,0.9998559670781894,0.15931154455634694,NORMAL,RISING,NORMAL,NO_ACTION,False,0.0
2026-08-12T00:43:52.395444,0.21159585708091938,0.005281979361972623,0.022271714922048998,False,23,0.0652306079864502,False,0.0,-9.275814101756112,3.0804173159154686,-23.509976234954735,UP,0.032175540924072266,0.9998647280092594,0.17766843820376801,NORMAL,STABLE,NORMAL,NO_ACTION,False,0.0
2026-08-12T00:43:52.432524,0.24245090699326544,0.00843605941425071,0.022271714922048998,False,23,0.0652306079864502,False,0.0,-8.198195528661671,3.761677470736913,-23.605890117810134,UP,0.06925630569458008,0.999350472072188,0.13607504761963263,NORMAL,STABLE,NORMAL,NO_ACTION,False,0.0
2026-08-12T00:43:52.458657,0.24590509012622944,0.010610643006085952,0.022271714922048998,False,23,0.0652306079864502,False,0.0,-9.128310091835772,2.091917998062371,-23.27588625914086,CENTER,0.0,0.9990269874185527,0.1048414170941981,NORMAL,STABLE,NORMAL,NO_ACTION,False,0.0
2026-08-12T00:43:52.479868,0.22037891170813112,0.011135334216178001,0.022271714922048998,False,23,0.0652306079864502,False,0.0,-9.274939195681412,2.0466024983117848,-23.18182134239933,CENTER,0.0,0.9989397130058298,0.13889421115609107,NORMAL,STABLE,NORMAL,NO_ACTION,False,0.0
2026-08-12T00:43:52.505723,0.22517220690272263,0.010144327007629966,0.022271714922048998,False,23,0.0652306079864502,False,0.0,-8.63154870545955,1.5233441394086924,-22.824160281129508,CENTER,0.0,0.9981403249314129,0.13116126651376925,NORMAL,STABLE,NORMAL,NO_ACTION,False,0.0
2026-08-12T00:43:52.538788,0.24607739075520127,0.007203928893723536,0.022271714922048998,False,23,0.0652306079864502,False,0.0,-9.200287509837608,0.08835504209648093,-22.736792591400103,CENTER,0.0,0.9977920980152607,0.1027148495839191,NORMAL,STABLE,NORMAL,NO_ACTION,False,0.0
2026-08-12T00:43:52.569506,0.23889157024766422,0.0022933714774719225,0.022271714922048998,False,23,0.0652306079864502,False,0.0,-8.87382912624335,0.588677037918103,-22.612040762410345,CENTER,0.0,0.998300593707133,0.1122227885343884,NORMAL,STABLE,NORMAL,NO_ACTION,False,0.0
