timestamp,ear,mar,perclos,eyes_closed,blink_count,blink_duration,microsleep,microsleep_duration,pitch,yaw,roll,gaze_direction,gaze_away_duration,reliability,fatigue_risk,risk_level,temporal_state,intervention_level,intervention_action,alert_triggered,eye_closure_duration
2026-08-12T01:22:45.222646,0.4115775318249494,0.864892917287628,0.0,False,0,0.0,False,0.0,-15.114917991154527,9.948651375537281,-1.7625612790054106,CENTER,0.0,0.8364111762535519,0.12865363749986805,NORMAL,STABLE,NORMAL,NO_ACTION,False,0.0
2026-08-12T01:22:45.286401,0.3863134823083252,0.39534156653587166,0.0,False,0,0.0,False,0.0,-11.378136105785728,15.324406187804243,-2.292348082768143,CENTER,0.0,0.8499893674676662,0.02940752020696617,NORMAL,STABLE,NORMAL,NO_ACTION,False,0.0
2026-08-12T01:22:45.315014,0.3608353735983054,0.25994631033175597,0.0,False,0,0.0,False,0.0,-12.107648560718758,8.658044348914842,-0.8989903102615528,CENTER,0.0,0.8641125712662895,0.022248748264407914,NORMAL,STABLE,NORMAL,NO_ACTION,False,0.0
2026-08-12T01:22:45.340938,0.4121546508199979,0.1932899931657652,0.0,False,0,0.0,False,0.0,-12.68163756754879,6.076567604175779,0.1995922030326085,CENTER,0.0,0.8794488409850824,0.019436087204927295,NORMAL,STABLE,NORMAL,NO_ACTION,False,0.0
2026-08-12T01:22:45.369833,0.3820925567528757,0.15512869316122166,0.0,False,0,0.0,False,0.0,-12.589480765118708,10.062833453094612,-0.2926023761807812,CENTER,0.0,0.8946226128472221,0.02225403946745147,NORMAL,STABLE,NORMAL,NO_ACTION,False,0.0
2026-08-12T01:22:45.400584,0.3764762652102338,0.0029883899064145326,0.0,False,0,0.0,False,0.0,-12.322625113788575,7.090905346324348,0.08108125562986856,CENTER,0.0,0.907798635606506,0.0188777867854066,NORMAL,STABLE,NORMAL,NO_ACTION,False,0.0
2026-08-12T01:22:45.425886,0.3633292824338,0.0036593806722476003,0.0,False,0,0.0,False,0.0,-12.52004884320641,8.2675076124969,0.34525265476162303,CENTER,0.0,0.9212749202368704,0.019869898885315793,NORMAL,STABLE,NORMAL,NO_ACTION,False,0.0
2026-08-12T01:22:45.460285,0.3775869034021718,0.0026293748651434043,0.0,False,0,0.0,False,0.0,-12.200019246153857,5.546233908464245,0.6320852873909644,CENTER,0.0,0.93592045579806,0.017333108878186523,NORMAL,STABLE,NORMAL,NO_ACTION,False,0.0
2026-08-12T01:22:45.506784,0.34567034959658116,0.0033106276525550816,0.0,False,0,0.0,False,0.0,-11.972762237490372,4.073235494579819,0.9251077070287863,CENTER,0.0,0.9495854782113462,0.01593563511225621,NORMAL,STABLE,NORMAL,NO_ACTION,False,0.0
2026-08-12T01:22:45.530752,0.3633693729772653,0.00791383456902215,0.0,False,0,0.0,False,0.0,-13.283411726351716,5.406970659273696,0.5299103896534803,CENTER,0.0,0.964132368520968,0.01748653654290772,NORMAL,STABLE,NORMAL,NO_ACTION,False,0.0
2026-08-12T01:22:45.564497,0.381491164818708,0.010681806204599836,0.0,False,0,0.0,False,0.0,-13.7453614093275,7.784200020394167,0.0983217353692396,CENTER,0.0,0.9649238560650597,0.01926105322793592,NORMAL,STABLE,NORMAL,NO_ACTION,False,0.0
2026-08-12T01:22:45.585909,0.3622037595652782,0.005679537579793365,0.0,False,0,0.0,False,0.0,-12.036547241670121,7.247414955717147,0.47308367195813616,CENTER,0.0,0.9644978826793061,0.017561540025249133,NORMAL,STABLE,NORMAL,NO_ACTION,False,0.0
2026-08-12T01:22:45.620567,0.3671958392367536,0.017790430573046256,0.0,False,0,0.0,False,0.0,-13.994707255122051,8.973312239337844,-0.4687480690254233,CENTER,0.0,0.9638503078764942,0.020740342784361727,NORMAL,STABLE,NORMAL,NO_ACTION,False,0.0
2026-08-12T01:22:45.644126,0.37147453176399137,0.2938607577736433,0.0,False,0,0.0,False,0.0,-13.418136858847419,11.410334730858239,-0.6657039222199614,CENTER,0.0,0.9638213405411032,0.02215753491265762,NORMAL,STABLE,NORMAL,NO_ACTION,False,0.0
2026-08-12T01:22:45.678196,0.3732025052186364,0.38858584263933227,0.0,False,0,0.0,False,0.0,-12.448359987811529,14.82319620610636,-1.1080434996364374,CENTER,0.0,0.9641175725369882,0.024146296924598062,NORMAL,STABLE,NORMAL,NO_ACTION,False,0.0
2026-08-12T01:22:45.700091,0.38892248100845794,0.4391999242287739,0.0,False,0,0.0,False,0.0,-12.453395989728108,17.25077020525862,-1.7867438245795313,CENTER,0.0,0.963584227415246,0.034564635840481805,NORMAL,STABLE,NORMAL,NO_ACTION,False,0.0
2026-08-12T01:22:45.725632,0.433786228373575,0.36824010270323354,0.0,False,0,0.0,False,0.0,-12.778123705321406,18.524371886509726,-1.8970203520670736,CENTER,0.0,0.9644167194848619,0.027957655724143333,NORMAL,STABLE,NORMAL,NO_ACTION,False,0.0
2026-08-12T01:22:45.756298,0.4183929298302922,0.3127861327865818,0.0,False,0,0.0,False,0.0,-12.961408035536323,18.74525271546483,-1.2528519060666383,CENTER,0.0,0.9645706914131394,0.02766874384346737,NORMAL,STABLE,NORMAL,NO_ACTION,False,0.0
2026-08-12T01:22:45.789307,0.4090719987478709,0.1909031263535852,0.0,False,0,0.0,False,0.0,-12.394325454717546,19.157605601027598,-1.2682064351687643,CENTER,0.0,0.9634186997844404,0.027431464105581234,NORMAL,STABLE,NORMAL,NO_ACTION,False,0.0
2026-08-12T01:22:45.821004,0.425924305366764,0.12800646122021014,0.0,False,0,0.0,False,0.0,-13.81139211691982,15.921975835222014,-0.5457868717254257,CENTER,0.0,0.9629245633695865,0.025736419094083317,NORMAL,STABLE,NORMAL,NO_ACTION,False,0.0
2026-08-12T01:22:45.856323,0.3971387115956247,0.10223552787615342,0.0,False,0,0.0,False,0.0,-12.248057965770187,15.480973010056204,-0.11934270936632174,CENTER,0.0,0.9629424825164119,0.023465499520086017,NORMAL,STABLE,NORMAL,NO_ACTION,False,0.0
2026-08-12T01:22:45.885338,0.418674416286942,0.018523786416889218,0.0,False,0,0.0,False,0.0,-12.647357579743982,13.825731044356445,-0.13153930857600926,CENTER,0.0,0.9636789243153537,0.02265330753015923,NORMAL,STABLE,NORMAL,NO_ACTION,False,0.0
2026-08-12T01:22:45.917487,0.42154889459304556,0.09144885953578419,0.0,False,0,0.0,False,0.0,-12.61177719565893,11.532410536559269,0.21013712805742557,CENTER,0.0,0.9636064148846266,0.02101218676149996,NORMAL,STABLE,NORMAL,NO_ACTION,False,0.0
2026-08-12T01:22:45.949135,0.4091594814234661,0.046434267698346854,0.0,False,0,0.0,False,0.0,-12.409888768961736,12.477804957810747,-0.1397064225835436,CENTER,0.0,0.9632013406635803,0.021439576620652167,NORMAL,STABLE,NORMAL,NO_ACTION,False,0.0
2026-08-12T01:22:45.981562,0.3913691420414302,0.010146203648101705,0.0,False,0,0.0,False,0.0,-11.345753298255516,10.76485318877937,-0.06388802751484945,CENTER,0.0,0.9629803248395552,0.01906674614766739,NORMAL,STABLE,NORMAL,NO_ACTION,False,0.0
2026-08-12T01:22:46.048555,0.4110455449347598,0.017314081220279266,0.0,False,0,0.0,False,0.0,-12.386730174461036,9.109612010685794,0.7830170155944813,CENTER,0.0,0.9622696231077308,0.019574332322712152,NORMAL,STABLE,NORMAL,NO_ACTION,False,0.0
2026-08-12T01:22:46.077481,0.39614658137394115,0.009289134704728245,0.0,False,0,0.0,False,0.0,-12.591648241987428,7.046216912793852,0.7494628974817772,CENTER,0.0,0.9626834421847442,0.01822757149298703,NORMAL,STABLE,NORMAL,NO_ACTION,False,0.0
2026-08-12T01:22:46.110768,0.39767521270592543,0.015641736291971783,0.0,False,0,0.0,False,0.0,-11.776837029971261,10.161015026052667,0.5687889503392682,CENTER,0.0,0.9631200603505291,0.019539523806688525,NORMAL,STABLE,NORMAL,NO_ACTION,False,0.0
2026-08-12T01:22:46.141676,0.40478735624476275,0.0065667531647980665,0.0,False,0,0.0,False,0.0,-11.962387494939605,10.456038554100559,0.5324526166662906,CENTER,0.0,0.9630543698253479,0.019902085016061208,NORMAL,STABLE,NORMAL,NO_ACTION,False,0.0
2026-08-12T01:22:46.167258,0.41902523659876223,0.0066244952859118465,0.0,False,0,0.0,False,0.0,-14.25650654498412,10.06071019799657,0.5158612236581916,CENTER,0.0,0.9620777307772389,0.021840763732521577,NORMAL,STABLE,NORMAL,NO_ACTION,False,0.0
2026-08-12T01:22:46.193541,0.4029548021274427,0.009130262776834226,0.0,False,0,0.0,False,0.0,-12.724529949499924,10.534641311258866,0.14736398536626893,CENTER,0.0,0.9613732623579266,0.02032876949247474,NORMAL,STABLE,NORMAL,NO_ACTION,False,0.0
2026-08-12T01:22:46.221275,0.39724051914033787,0.00959801120780293,0.0,False,0,0.0,False,0.0,-13.78064365268827,11.494662691473053,0.475849277020302,CENTER,0.0,0.9614935431670096,0.02238838974164963,NORMAL,STABLE,NORMAL,NO_ACTION,False,0.0
2026-08-12T01:22:46.253862,0.40489643707143724,0.2867179432141056,0.0,False,0,0.0,False,0.0,-14.161099189590402,10.309510072651193,0.4418806464131251,CENTER,0.0,0.9605242565647657,0.02185760772932814,NORMAL,STABLE,NORMAL,NO_ACTION,False,0.0
2026-08-12T01:22:46.285058,0.41659592010707625,0.2813412666934637,0.0,False,0,0.0,False,0.0,-12.053733477882247,16.748726864141048,-0.7202565002018844,CENTER,0.0,0.9600739225088184,0.024793884119276487,NORMAL,STABLE,NORMAL,NO_ACTION,False,0.0
2026-08-12T01:22:46.318377,0.40063850905721976,0.30193675818232873,0.0,False,0,0.0,False,0.0,-12.946560785958326,17.902460163973956,-1.008705574085127,CENTER,0.0,0.9606514343584655,0.026796706510035455,NORMAL,STABLE,NORMAL,NO_ACTION,False,0.0
2026-08-12T01:22:46.348397,0.42817814913296903,0.3078570935834958,0.0,False,0,0.0,False,0.0,-12.563918528905447,16.58302068504429,-0.3842655792784626,CENTER,0.0,0.9602533482142858,0.024842731487923264,NORMAL,STABLE,NORMAL,NO_ACTION,False,0.0
2026-08-12T01:22:46.380157,0.45000119524179116,0.27599021935138923,0.0,False,0,0.0,False,0.0,-13.9816144527843,17.831402888222158,-0.5736448978818487,CENTER,0.0,0.9594368493410739,0.027331718587686387,NORMAL,STABLE,NORMAL,NO_ACTION,False,0.0
2026-08-12T01:22:46.444507,0.4311833372384889,0.09891182949732387,0.0,False,0,0.0,False,0.0,-12.772912730894092,17.580671710940805,-0.1926390532419191,CENTER,0.0,0.9603731475357632,0.025591969465179235,NORMAL,STABLE,NORMAL,NO_ACTION,False,0.0
2026-08-12T01:22:46.512656,0.4056842507694061,0.009364584602382748,0.0,False,0,0.0,False,0.0,-12.042266407275065,15.266838792314644,-0.5826419436162666,CENTER,0.0,0.9605803043246619,0.023560334747565116,NORMAL,STABLE,NORMAL,NO_ACTION,False,0.0
2026-08-12T01:22:46.545364,0.4150748742221927,0.004992176015541509,0.0,False,0,0.0,False,0.0,-12.648751486915273,11.892082417677216,-0.1703034858517185,CENTER,0.0,0.9621088843266217,0.021273375355188476,NORMAL,STABLE,NORMAL,NO_ACTION,False,0.0
2026-08-12T01:22:46.573862,0.45659580257750065,0.001456539067504269,0.0,False,0,0.0,False,0.0,-11.959976231995824,8.90923581185325,0.7700097261944165,CENTER,0.0,0.9631784634957378,0.018996903539750247,NORMAL,STABLE,NORMAL,NO_ACTION,False,0.0
2026-08-12T01:22:46.601242,0.42535193397202975,0.003059291255598972,0.0,False,0,0.0,False,0.0,-12.164137854509363,7.331045355051202,1.1038951926955178,CENTER,0.0,0.9636313351214971,0.018365110044069006,NORMAL,STABLE,NORMAL,NO_ACTION,False,0.0
2026-08-12T01:22:46.648794,0.4274834176759458,0.002333864705441017,0.0,False,0,0.0,False,0.0,-11.783848241689071,9.687730089956034,0.7073256397192722,CENTER,0.0,0.9638863283546444,0.019334585127625703,NORMAL,STABLE,NORMAL,NO_ACTION,False,0.0
2026-08-12T01:22:46.685456,0.4156162733705027,0.00278355644933172,0.0,False,0,0.0,False,0.0,-12.385980768907359,10.560766276704612,0.677294576123586,CENTER,0.0,0.9639360256834214,0.020535234167665783,NORMAL,STABLE,NORMAL,NO_ACTION,False,0.0
2026-08-12T01:22:46.736432,0.41277819327953935,0.0018088034300814215,0.0,False,0,0.0,False,0.0,-12.527260898856525,10.637482322323649,0.5064619035285887,CENTER,0.0,0.9639147100970017,0.020562620375915542,NORMAL,STABLE,NORMAL,NO_ACTION,False,0.0
2026-08-12T01:22:46.762281,0.4008165910706236,0.008694972040237375,0.0,False,0,0.0,False,0.0,-11.639742937737253,8.611042135267809,1.1785322990224927,CENTER,0.0,0.964678987084803,0.018864441350251268,NORMAL,STABLE,NORMAL,NO_ACTION,False,0.0
2026-08-12T01:22:46.794280,0.41961818201001394,0.002924968839481285,0.0,False,0,0.0,False,0.0,-12.833408519158723,10.858559086106851,0.3108315778673898,CENTER,0.0,0.9643684275793651,0.020833037665679104,NORMAL,STABLE,NORMAL,NO_ACTION,False,0.0
2026-08-12T01:22:46.823176,0.4011195026112321,0.0032709921633211673,0.0,False,0,0.0,False,0.0,-12.368970595626536,10.00387587821632,0.3469685167428338,CENTER,0.0,0.9630541616144914,0.01978658523587857,NORMAL,STABLE,NORMAL,NO_ACTION,False,0.0
2026-08-12T01:22:46.858991,0.40833955461204874,0.00440496840753549,0.0,False,0,0.0,False,0.0,-13.604748532143162,9.979048470248074,0.5026516482337513,CENTER,0.0,0.9627962664425339,0.021130075649640062,NORMAL,STABLE,NORMAL,NO_ACTION,False,0.0
2026-08-12T01:22:46.897177,0.42589325747811596,0.006043841694033456,0.0,False,0,0.0,False,0.0,-12.970004576512167,7.214900458570185,0.5498319438258932,CENTER,0.0,0.96278176976166,0.018526283817784858,NORMAL,STABLE,NORMAL,NO_ACTION,False,0.0
2026-08-12T01:22:46.930193,0.42343802431561794,0.01459811770690857,0.0,False,0,0.0,False,0.0,-13.586779935457656,7.837404630671784,0.5869965923494078,CENTER,0.0,0.9645021510018618,0.01962313986830335,NORMAL,STABLE,NORMAL,NO_ACTION,False,0.0
2026-08-12T01:22:46.959521,0.42608160982233373,0.00800858127798531,0.0,False,0,0.0,False,0.0,-13.294726212185225,7.968915261917857,0.8633386883780076,CENTER,0.0,0.9663999148785029,0.019704288430519513,NORMAL,STABLE,NORMAL,NO_ACTION,False,0.0
2026-08-12T01:22:46.992488,0.4421317727003274,0.008657128218331487,0.0,False,0,0.0,False,0.0,-14.155122682384956,6.113504318336567,0.7407627889503487,CENTER,0.0,0.9660425860094553,0.019064527117670916,NORMAL,STABLE,NORMAL,NO_ACTION,False,0.0
2026-08-12T01:22:47.016924,0.4280518535707476,0.007306501410765928,0.0,False,0,0.0,False,0.0,-14.12038316322898,10.008871088988059,0.11124704538761421,CENTER,0.0,0.9658470369757985,0.021273538529783895,NORMAL,STABLE,NORMAL,NO_ACTION,False,0.0
2026-08-12T01:22:47.046405,0.42844955939429163,0.012844237381809414,0.0,False,0,0.0,False,0.0,-13.283623619565162,10.354993063475348,-0.0999581921326751,CENTER,0.0,0.9656236397401037,0.020697662294561617,NORMAL,STABLE,NORMAL,NO_ACTION,False,0.0
2026-08-12T01:22:47.068214,0.4205153600488942,0.01162850123402443,0.0,False,0,0.0,False,0.0,-13.1680878739364,12.63686004557374,-0.6986316626048108,CENTER,0.0,0.9645976547190378,0.022845283003566672,NORMAL,STABLE,NORMAL,NO_ACTION,False,0.0
2026-08-12T01:22:47.091031,0.41548986411309674,0.020579000249450623,0.0,False,0,0.0,False,0.0,-12.72094873732405,10.616936600074666,-0.14430426061628054,CENTER,0.0,0.9645042721499608,0.020382672449860906,NORMAL,STABLE,NORMAL,NO_ACTION,False,0.0
2026-08-12T01:22:47.111330,0.39462316227688954,0.415962055557428,0.0,False,0,0.0,False,0.0,-14.085013232773605,13.476844064403963,-0.8766754332668256,CENTER,0.0,0.965153642771409,0.027777682346546206,NORMAL,STABLE,NORMAL,NO_ACTION,False,0.0
2026-08-12T01:22:47.137942,0.42870934607174477,0.5972939499265593,0.0,False,0,0.0,False,0.0,-13.720117955450831,16.92619852852451,-0.88196387673608,CENTER,0.0,0.9658749632569076,0.0668135474460444,NORMAL,STABLE,NORMAL,NO_ACTION,False,0.0
2026-08-12T01:22:47.165949,0.4252187723915542,0.5747418613823836,0.0,False,0,0.0,False,0.0,-12.314688427143068,17.22725172978076,-0.7520469923920814,CENTER,0.0,0.9667473407186948,0.06094823024328177,NORMAL,STABLE,NORMAL,NO_ACTION,False,0.0
2026-08-12T01:22:47.193157,0.4388696351080089,0.6178671193883215,0.0,False,0,0.0,False,0.0,-12.444775958603486,18.299731304750168,-1.1871568135078974,CENTER,0.0,0.9667963353358319,0.10807268189240908,NORMAL,STABLE,NORMAL,NO_ACTION,False,0.0
2026-08-12T01:22:47.228831,0.45069561262084623,0.40539783313282257,0.0,False,0,0.0,False,0.0,-10.28936978949696,19.215263540491378,-0.8253079709872679,CENTER,0.0,0.9707191580014207,0.02607752031501857,NORMAL,STABLE,NORMAL,NO_ACTION,False,0.0
2026-08-12T01:22:47.277578,0.4293888521020669,0.38867924285240163,0.0,False,0,0.0,False,0.0,-10.31961535568405,19.427597747421316,-0.20901668671066886,CENTER,0.0,0.9677142979619832,0.02456272919214764,NORMAL,STABLE,NORMAL,NO_ACTION,False,0.0
2026-08-12T01:22:47.309183,0.4645956024906108,0.2849097941911009,0.0,False,0,0.0,False,0.0,-10.457114634325023,16.78853498619759,0.1740734368877952,CENTER,0.0,0.9644880317031648,0.022726111189490597,NORMAL,STABLE,NORMAL,NO_ACTION,False,0.0
2026-08-12T01:22:47.343131,0.4332090809001689,0.20044279294654427,0.0,False,0,0.0,False,0.0,-12.7674052012012,15.103999585692918,0.10496728506694808,CENTER,0.0,0.9630691527961494,0.02368298993390484,NORMAL,STABLE,NORMAL,NO_ACTION,False,0.0
2026-08-12T01:22:47.372878,0.41485974536174364,0.19276824748321075,0.0,False,0,0.0,False,0.0,-12.19913735660495,15.63749928678132,0.10488457988910227,CENTER,0.0,0.9633224413029099,0.023518360676041898,NORMAL,STABLE,NORMAL,NO_ACTION,False,0.0
2026-08-12T01:22:47.404365,0.44607219880594084,0.10532787360006238,0.0,False,0,0.0,False,0.0,-11.784867167234495,12.819314753165031,0.8519969487178969,CENTER,0.0,0.9650221706287968,0.02177563628054352,NORMAL,STABLE,NORMAL,NO_ACTION,False,0.0
2026-08-12T01:22:47.437089,0.4026595002180393,0.008751226194819441,0.0,False,0,0.0,False,0.0,-12.817023207412632,10.456281807195722,0.8729669231396144,CENTER,0.0,0.9659236065182247,0.0210718623394563,NORMAL,STABLE,NORMAL,NO_ACTION,False,0.0
2026-08-12T01:22:47.468307,0.4161414238596685,0.0025946402558949437,0.0,False,0,0.0,False,0.0,-11.20965396394837,8.705967394365302,1.5973085840410874,CENTER,0.0,0.9659718073314717,0.018923042398293035,NORMAL,STABLE,NORMAL,NO_ACTION,False,0.0
2026-08-12T01:22:47.500726,0.42348487037473515,0.002541631978933539,0.0,False,0,0.0,False,0.0,-11.597902487799843,7.859965308402593,1.5898006679839796,CENTER,0.0,0.9667623839530668,0.01867470662316433,NORMAL,STABLE,NORMAL,NO_ACTION,False,0.0
2026-08-12T01:22:47.533518,0.39917707738129043,0.0016596919254426253,0.0,False,0,0.0,False,0.0,-11.363801413265946,9.44904500050697,1.2989723889173206,CENTER,0.0,0.9688033318329904,0.019327329733764338,NORMAL,STABLE,NORMAL,NO_ACTION,False,0.0
2026-08-12T01:22:47.564893,0.39507711207404894,0.0034321965595607703,0.0,False,0,0.0,False,0.0,-11.437162344409899,7.725276430523735,1.8387094102641584,CENTER,0.0,0.9677430050338035,0.018662133243629118,NORMAL,STABLE,NORMAL,NO_ACTION,False,0.0
2026-08-12T01:22:47.597389,0.41268572302030176,0.002606226654063274,0.0,False,0,0.0,False,0.0,-12.585197805416527,8.20088526121475,1.3022241451048728,CENTER,0.0,0.9675575021739664,0.019609689600543663,NORMAL,STABLE,NORMAL,NO_ACTION,False,0.0
2026-08-12T01:22:47.629773,0.4292167808763214,0.007876091362900624,0.0,False,0,0.0,False,0.0,-11.826006122696441,6.053383723433001,1.7324277902813208,CENTER,0.0,0.9709642612188908,0.017711542620609956,NORMAL,STABLE,NORMAL,NO_ACTION,False,0.0
2026-08-12T01:22:47.661179,0.42318926850154337,0.004401510322100692,0.0,False,0,0.0,False,0.0,-12.301290485918429,8.478615914546992,1.1556211209350238,CENTER,0.0,0.9666557149287184,0.019392227947600725,NORMAL,STABLE,NORMAL,NO_ACTION,False,0.0
2026-08-12T01:22:47.692309,0.3943142983061303,0.005778458513165583,0.0,False,0,0.0,False,0.0,-13.242777261339114,8.75469043490179,0.3586694666202561,CENTER,0.0,0.9621765918944737,0.019736302258639284,NORMAL,STABLE,NORMAL,NO_ACTION,False,0.0
2026-08-12T01:22:47.725608,0.4189156757524124,0.00588532029987409,0.0,False,0,0.0,False,0.0,-14.499538442028012,8.41899938899138,0.6034880826414621,CENTER,0.0,0.9578249589702137,0.02095939392226507,NORMAL,STABLE,NORMAL,NO_ACTION,False,0.0
2026-08-12T01:22:47.756557,0.39802297746583193,0.014000317696482141,0.0,False,0,0.0,False,0.0,-14.956959912035842,9.001536134202468,0.7846605850350272,CENTER,0.0,0.9560397721009701,0.022011897302800017,NORMAL,STABLE,NORMAL,NO_ACTION,False,0.0
2026-08-12T01:22:47.805002,0.4137425697616447,0.01102967969522167,0.0,False,0,0.0,False,0.0,-14.706059816041687,7.8880399795095,1.0647033057069848,CENTER,0.0,0.9568786015885262,0.021223148929761394,NORMAL,STABLE,NORMAL,NO_ACTION,False,0.0
2026-08-12T01:22:47.837161,0.4107652843873987,0.01275996679403367,0.0,False,0,0.0,False,0.0,-13.199582293975823,10.497307434364757,0.8423739366685368,CENTER,0.0,0.9593146165552126,0.02144641512220966,NORMAL,STABLE,NORMAL,NO_ACTION,False,0.0
2026-08-12T01:22:47.869749,0.40825761850442027,0.00149504991188871,0.0,False,0,0.0,False,0.0,-13.98074311549226,11.714975773595029,0.7470039212184076,CENTER,0.0,0.9624853165417402,0.023011271098297967,NORMAL,STABLE,NORMAL,NO_ACTION,False,0.0
2026-08-12T01:22:47.901279,0.4153861374182516,0.007873066788162296,0.0,False,0,0.0,False,0.0,-13.761053340664716,8.06238923700036,1.6224274750873349,CENTER,0.0,0.9651653806584363,0.020972112742060386,NORMAL,STABLE,NORMAL,NO_ACTION,False,0.0
2026-08-12T01:22:47.933345,0.4325659384905701,0.00826786806854638,0.0,False,0,0.0,False,0.0,-14.474694610942407,9.45491995047692,1.614149800374804,CENTER,0.0,0.9664081392073289,0.02268446603916544,NORMAL,STABLE,NORMAL,NO_ACTION,False,0.0
2026-08-12T01:22:47.965461,0.3915536948486994,0.00795454269653229,0.0,False,0,0.0,False,0.0,-13.26674649393749,13.320285414065808,0.5693606874539228,CENTER,0.0,0.9639931405239565,0.023316935873624666,NORMAL,STABLE,NORMAL,NO_ACTION,False,0.0
2026-08-12T01:22:47.997600,0.40227160010808943,0.0044468044444628384,0.0,False,0,0.0,False,0.0,-16.45909958229538,10.149525951299523,1.1300659459952271,CENTER,0.0,0.9612198630095042,0.024662528597782916,NORMAL,STABLE,NORMAL,NO_ACTION,False,0.0
2026-08-12T01:22:48.029425,0.3843040507586547,0.005817068798043477,0.0,False,0,0.0,False,0.0,-14.939681628568593,11.91272167895238,0.9523703234461323,CENTER,0.0,0.959180515750539,0.024295822925773643,NORMAL,STABLE,NORMAL,NO_ACTION,False,0.0
2026-08-12T01:22:48.061106,0.3918103573768214,0.006206333134044321,0.0,False,0,0.0,False,0.0,-15.06336222935957,11.894180661681503,1.2755080261393914,CENTER,0.0,0.9569622372868901,0.024719480184649284,NORMAL,STABLE,NORMAL,NO_ACTION,False,0.0
2026-08-12T01:22:48.092305,0.4045981287584367,0.010207694479745661,0.0,False,0,0.0,False,0.0,-16.551745370739354,13.701708005541718,0.42114855573839804,CENTER,0.0,0.9570078354644327,0.02666661202184903,NORMAL,STABLE,NORMAL,NO_ACTION,False,0.0
2026-08-12T01:22:48.125543,0.3946013782359148,0.20981924924468895,0.0,False,0,0.0,False,0.0,-16.763985462651306,14.41401106367158,0.22656610767052143,CENTER,0.0,0.9592506177432394,0.027206698154545447,NORMAL,STABLE,NORMAL,NO_ACTION,False,0.0
2026-08-12T01:22:48.157588,0.4120571185865748,0.38529131691425683,0.0,False,0,0.0,False,0.0,-13.422743614943045,16.93472935493088,0.42033941253825446,CENTER,0.0,0.9610491170941113,0.0259766403619266,NORMAL,STABLE,NORMAL,NO_ACTION,False,0.0
2026-08-12T01:22:48.189602,0.40474079314836275,0.4259464662743299,0.0,False,0,0.0,False,0.0,-14.030263608739546,18.270058289214376,0.08022834388353317,CENTER,0.0,0.961228347601901,0.03249208993109236,NORMAL,STABLE,NORMAL,NO_ACTION,False,0.0
2026-08-12T01:22:48.221299,0.3905792634217632,0.548410003756853,0.0,False,0,0.0,False,0.0,-13.98474788833903,17.603443971382603,-0.016708773161496993,CENTER,0.0,0.9610388496962571,0.05678707659319409,NORMAL,STABLE,NORMAL,NO_ACTION,False,0.0
2026-08-12T01:22:48.253148,0.40579119674743336,0.44712390606086055,0.0,False,0,0.0,False,0.0,-14.833666419702013,19.036368447857285,-0.30448279253508304,CENTER,0.0,0.9594885116598081,0.038364579832129944,NORMAL,STABLE,NORMAL,NO_ACTION,False,0.0
2026-08-12T01:22:48.284347,0.4019670727220873,0.5904254090654653,0.0,False,0,0.0,False,0.0,-15.582916137609402,18.18334072965382,-0.3031744109427734,CENTER,0.0,0.9572790040784833,0.06759675953945041,NORMAL,STABLE,NORMAL,NO_ACTION,False,0.0
2026-08-12T01:22:48.332925,0.41506025453271744,0.603772583926652,0.0,False,0,0.0,False,0.0,-14.973688412673368,18.27497945318686,-0.4258262490266418,CENTER,0.0,0.9555038113303448,0.10978430745789461,NORMAL,STABLE,NORMAL,NO_ACTION,False,0.0
2026-08-12T01:22:48.365239,0.41032870368350594,0.39477985236390367,0.0,False,0,0.0,False,0.0,-15.010516895144065,19.436590802610226,-0.6555186681717657,CENTER,0.0,0.9556677253270135,0.02959690022949077,NORMAL,STABLE,NORMAL,NO_ACTION,False,0.0
2026-08-12T01:22:48.397634,0.42163880280091925,0.30064143184295894,0.0,False,0,0.0,False,0.0,-15.191576382180472,19.186355795267275,-0.8017295898238501,CENTER,0.0,0.9566314553020282,0.02973350998493769,NORMAL,STABLE,NORMAL,NO_ACTION,False,0.0
2026-08-12T01:22:48.429747,0.38119274089526656,0.2384962110921979,0.0,False,0,0.0,False,0.0,-15.258915608679843,17.890214763832063,-0.5871338682174496,CENTER,0.0,0.957773478835979,0.028638078677132448,NORMAL,STABLE,NORMAL,NO_ACTION,False,0.0
2026-08-12T01:22:48.461870,0.3911154569617201,0.23932534448618334,0.0,False,0,0.0,False,0.0,-13.801826330406186,15.709778875706604,0.08441074662007964,CENTER,0.0,0.9592940687463257,0.025119800213751944,NORMAL,STABLE,NORMAL,NO_ACTION,False,0.0
2026-08-12T01:22:48.493237,0.39504914944112657,0.20199058943258144,0.0,False,0,0.0,False,0.0,-14.659657867868958,16.853836248540745,0.021064669693657834,CENTER,0.0,0.9606027780839702,0.02673699912764124,NORMAL,STABLE,NORMAL,NO_ACTION,False,0.0
2026-08-12T01:22:48.525326,0.3803406341382059,0.07011605495933573,0.0,False,0,0.0,False,0.0,-15.418175458178808,12.833413005580184,0.5929787703488785,CENTER,0.0,0.9608133443256418,0.02508813473165212,NORMAL,STABLE,NORMAL,NO_ACTION,False,0.0
2026-08-12T01:22:48.558104,0.38300625976868163,0.13656900477451522,0.0,False,0,0.0,False,0.0,-15.050331658913478,17.033720121045917,0.22632469913901332,CENTER,0.0,0.9600271010924946,0.027452221005335745,NORMAL,STABLE,NORMAL,NO_ACTION,False,0.0
2026-08-12T01:22:48.588176,0.41102089173684925,0.19101463394337528,0.0,False,0,0.0,False,0.0,-15.670390649694951,14.668956619262104,0.33332282290325566,CENTER,0.0,0.9586409112899273,0.02642807905612634,NORMAL,STABLE,NORMAL,NO_ACTION,False,0.0
2026-08-12T01:22:48.620695,0.3964039329680803,0.18652670219123638,0.0,False,0,0.0,False,0.0,-14.872580485765212,18.105465119569374,0.5025984572633888,CENTER,0.0,0.9570979517257007,0.02833526130496637,NORMAL,STABLE,NORMAL,NO_ACTION,False,0.0
2026-08-12T01:22:48.652397,0.36578220990212207,0.19867460658275812,0.0,False,0,0.0,False,0.0,-14.907475831019156,18.182472411496065,0.6785280249313814,CENTER,0.0,0.9552718123836469,0.028598099679271568,NORMAL,STABLE,NORMAL,NO_ACTION,False,0.0
2026-08-12T01:22:48.685771,0.37286424851993927,0.15996973541120627,0.0,False,0,0.0,False,0.0,-15.867710171493997,18.02105422446914,0.7451045635005755,CENTER,0.0,0.9548625479191164,0.029484482854825626,NORMAL,STABLE,NORMAL,NO_ACTION,False,0.0
2026-08-12T01:22:48.716339,0.4008074451913419,0.23852913506233478,0.0,False,0,0.0,False,0.0,-15.505788076792555,17.959768405945738,0.834848364579841,CENTER,0.0,0.9550293638545954,0.029173141801852757,NORMAL,STABLE,NORMAL,NO_ACTION,False,0.0
2026-08-12T01:22:48.748489,0.3869254373931893,0.1411287527454801,0.0,False,0,0.0,False,0.0,-14.83943232028227,20.929511704037083,0.7224516196005766,CENTER,0.0,0.9546918280300805,0.03059072796844614,NORMAL,STABLE,NORMAL,NO_ACTION,False,0.0
2026-08-12T01:22:48.780940,0.4063368504627993,0.28025366202111474,0.0,False,0,0.0,False,0.0,-15.77431465449152,20.421219498781426,0.5995373202559904,CENTER,0.0,0.9551323891889575,0.031012267824814553,NORMAL,STABLE,NORMAL,NO_ACTION,False,0.0
2026-08-12T01:22:48.814192,0.42177183723103384,0.37156626813001875,0.0,False,0,0.0,False,0.0,-15.499358537783536,21.584155816524458,0.5994399198905285,CENTER,0.0,0.9571485339506173,0.03159665004222194,NORMAL,STABLE,NORMAL,NO_ACTION,False,0.0
2026-08-12T01:22:48.860831,0.39788346199593605,0.6727614150029747,0.0,False,0,0.0,False,0.0,-17.773215202355033,22.61150589335,0.0827652543034958,CENTER,0.0,0.9579111582647462,0.11537111776548656,NORMAL,STABLE,NORMAL,NO_ACTION,False,0.0
2026-08-12T01:22:48.892592,0.3976659525211627,0.7939899227012067,0.0,False,0,0.0,False,0.0,-17.418245804283686,22.30112970186616,-0.8023013068250862,CENTER,0.0,0.9566189105979327,0.1155000848417351,NORMAL,STABLE,NORMAL,NO_ACTION,False,0.0
2026-08-12T01:22:48.925452,0.39760829973986367,0.9055035720527779,0.0,False,0,0.0,False,0.0,-18.991980627927347,23.3314087955535,-0.961162083511482,CENTER,0.0,0.9552390452001273,0.11795182859118876,NORMAL,STABLE,NORMAL,NO_ACTION,False,0.0
2026-08-12T01:22:48.957247,0.39896255558534044,1.1002871468868687,0.0,False,0,0.0,False,0.0,-18.469123245110694,24.631529463300836,-1.324275293292601,CENTER,0.0,0.9556375347528415,0.11874974354610253,NORMAL,STABLE,NORMAL,NO_ACTION,False,0.0
2026-08-12T01:22:48.989046,0.371332269880846,1.317671774062485,0.0,False,0,0.0,False,0.0,-18.58004674435483,26.16464025433868,-1.9364552665429926,CENTER,0.0,0.9549767515738292,0.12058263840872281,NORMAL,STABLE,NORMAL,NO_ACTION,False,0.0
2026-08-12T01:22:49.021025,0.39319912861405215,1.5504761979840154,0.0,False,0,0.0,False,0.0,-17.181962653977195,29.470824180269176,-1.8913976128374088,CENTER,0.0,0.9543881524960808,0.12159697525039252,NORMAL,STABLE,NORMAL,NO_ACTION,False,0.0
2026-08-12T01:22:49.052402,0.3756322206090432,1.4520414689097303,0.0,False,0,0.0,False,0.0,-18.42072309320733,27.46537007784579,-1.348049152267322,CENTER,0.0,0.9546771231383501,0.1208055854750201,NORMAL,STABLE,NORMAL,NO_ACTION,False,0.0
2026-08-12T01:22:49.085274,0.36296558017334857,1.5476608314281988,0.0,False,0,0.0,False,0.0,-19.746228652078628,25.163185260878578,-0.08688576431143247,CENTER,0.0,0.9541135353897217,0.11917882743952402,NORMAL,STABLE,NORMAL,NO_ACTION,False,0.0
2026-08-12T01:22:49.116596,0.35421435405267065,1.1029361080765077,0.0,False,0,0.0,False,0.0,-18.779276887445093,22.6389417875709,1.6278680911539993,CENTER,0.0,0.9527031801146385,0.1178878776837251,NORMAL,STABLE,NORMAL,NO_ACTION,False,0.0
2026-08-12T01:22:49.149392,0.3061086932978904,0.35286531444450187,0.0,False,0,0.0,False,0.0,-22.88357699266254,21.842132429335862,4.383955041746134,CENTER,0.0,0.951407353823731,0.042715952095252745,NORMAL,STABLE,NORMAL,NO_ACTION,False,0.0
2026-08-12T01:22:49.181277,0.28655349556769866,0.9740293818506397,0.0,False,0,0.0,False,0.0,-22.525492961765053,25.698295715070202,3.1303021765833137,CENTER,0.0,0.9500551284171076,0.14348997288481535,NORMAL,STABLE,NORMAL,NO_ACTION,False,0.0
2026-08-12T01:22:49.246092,0.36352740488738045,0.28446505537627825,0.0,False,0,0.0,False,0.0,-14.700811989563931,28.374194754374514,6.886643909465249,CENTER,0.0,0.9472344959460121,0.041951620411211296,NORMAL,STABLE,NORMAL,NO_ACTION,False,0.0
2026-08-12T01:22:49.268070,0.29693699496463366,0.15022164604501556,0.0,False,0,0.0,False,0.0,-15.380317752171749,31.35315114656035,8.138930526085318,CENTER,0.0,0.9474219898221633,0.05017897786306076,NORMAL,STABLE,NORMAL,NO_ACTION,False,0.0
2026-08-12T01:22:49.287647,0.2949227457141971,0.13263452663398406,0.0,False,0,0.0,False,0.0,-17.568928119389966,27.49678563327197,8.23270903553535,CENTER,0.0,0.9479247669875565,0.05231146643201469,NORMAL,STABLE,NORMAL,NO_ACTION,False,0.0
2026-08-12T01:22:49.309705,0.3001024986988654,0.36256363911260575,0.0,False,0,0.0,False,0.0,-18.43784371819143,25.445516921990873,8.239015077116875,CENTER,0.0,0.9473480489417989,0.04478266744417486,NORMAL,STABLE,NORMAL,NO_ACTION,False,0.0
2026-08-12T01:22:49.341502,0.33653959928745236,0.22896436950603,0.0,False,0,0.0,False,0.0,-17.13042385812463,21.957952534018915,10.015641540221168,DOWN,0.0,0.9473268504739859,0.0691048545155962,NORMAL,STABLE,NORMAL,NO_ACTION,False,0.0
2026-08-12T01:22:49.389472,0.3207454218326402,0.3611407388722243,0.0,False,0,0.0,False,0.0,-15.779729242796236,22.013140713809918,11.428018509277479,DOWN,0.04797005653381348,0.947485298935675,0.06920572438547162,NORMAL,STABLE,NORMAL,NO_ACTION,False,0.0
2026-08-12T01:22:49.420374,0.2990548472841446,0.42752104057702717,0.0,False,0,0.0,False,0.0,-19.123169242634646,20.49364487662504,13.47346014819098,CENTER,0.0,0.9473258874987752,0.053815776729237985,NORMAL,STABLE,NORMAL,NO_ACTION,False,0.0
2026-08-12T01:22:49.453178,0.2932058619719789,0.21028804735035347,0.0,False,0,0.0,False,0.0,-16.971035530397756,18.13404358071267,14.472210202409258,CENTER,0.0,0.9461163515946504,0.05328693194390389,NORMAL,STABLE,NORMAL,NO_ACTION,False,0.0
2026-08-12T01:22:49.486665,0.2969360013631607,0.12230100887734388,0.0,False,0,0.0,False,0.0,-19.62361449560268,12.34732870197169,15.482804850964555,CENTER,0.0,0.945904028573878,0.047570150693518956,NORMAL,STABLE,NORMAL,NO_ACTION,False,0.0
2026-08-12T01:22:49.517170,0.30825420398609726,0.21708647490794128,0.0,False,0,0.0,False,0.0,-23.14668481859249,18.526738653099272,12.442765038872608,CENTER,0.0,0.9472253606946893,0.04842656955847366,NORMAL,STABLE,NORMAL,NO_ACTION,False,0.0
2026-08-12T01:22:49.548020,0.3296763901027864,0.5639924834982815,0.0,False,0,0.0,False,0.0,-20.42802442015423,23.576953137136485,8.671351630144244,CENTER,0.0,0.9472672631295317,0.07911373736723282,NORMAL,STABLE,NORMAL,NO_ACTION,False,0.0
2026-08-12T01:22:49.580692,0.32019753981977633,0.7350684129693013,0.0,False,0,0.0,False,0.0,-20.60978673571921,29.227909040306884,7.426508397038788,CENTER,0.0,0.9478007644094161,0.1301899992373416,NORMAL,STABLE,NORMAL,NO_ACTION,False,0.0
2026-08-12T01:22:49.645661,0.3309018872163143,0.648162622300434,0.0,False,0,0.0,False,0.0,-21.324821997897402,25.194008377944243,8.518433865402244,CENTER,0.0,0.951241383744856,0.1289975841544604,NORMAL,STABLE,NORMAL,NO_ACTION,False,0.0
2026-08-12T01:22:49.677526,0.33431597466576507,0.6861215350679456,0.0,False,0,0.0,False,0.0,-22.003532608722963,24.617627217886138,7.4004528005132215,CENTER,0.0,0.9517238603517538,0.12814466092249777,NORMAL,STABLE,NORMAL,NO_ACTION,False,0.0
2026-08-12T01:22:49.709070,0.35522623251696805,0.7362892810349487,0.0,False,0,0.0,False,0.0,-25.602145807748656,26.091590755430843,5.873067762336717,CENTER,0.0,0.951441526430531,0.13125344672361944,NORMAL,STABLE,NORMAL,NO_ACTION,False,0.0
2026-08-12T01:22:49.741611,0.33193005600067355,0.7220615980623059,0.0,False,0,0.0,False,0.0,-24.692621499178045,28.84890364436609,5.3144070238558925,CENTER,0.0,0.9515463866230648,0.13184042316561356,NORMAL,STABLE,NORMAL,NO_ACTION,False,0.0
2026-08-12T01:22:49.773054,0.3408428386006015,0.7051168506590889,0.0,False,0,0.0,False,0.0,-24.696460598134706,30.768221764349704,4.982623727738115,CENTER,0.0,0.9501804192999216,0.13292820373673264,NORMAL,STABLE,NORMAL,NO_ACTION,False,0.0
2026-08-12T01:22:49.795709,0.32115572538416126,0.7388318120186375,0.0,False,0,0.0,False,0.0,-23.99866185147772,24.768173780590473,6.409225427332473,CENTER,0.0,0.9501535340730943,0.1292375962801332,NORMAL,STABLE,NORMAL,NO_ACTION,False,0.0
2026-08-12T01:22:49.815332,0.32195123462534503,0.4991204751069531,0.0,False,0,0.0,False,0.0,-21.89758728179305,15.858353369977095,8.801054161089809,CENTER,0.0,0.9499216522450029,0.06182825706891955,NORMAL,STABLE,NORMAL,NO_ACTION,False,0.0
2026-08-12T01:22:49.836077,0.309091324669413,0.2716435731298787,0.0,False,0,0.0,False,0.0,-24.603115308653656,18.50706856097753,7.24295357940764,CENTER,0.0,0.9512161772180582,0.04474878154278288,NORMAL,STABLE,NORMAL,NO_ACTION,False,0.0
2026-08-12T01:22:49.869111,0.30000838345458847,0.5209074841833382,0.0,False,0,0.0,False,0.0,-23.636598285058085,15.80655566783966,8.759404934642362,CENTER,0.0,0.9527986057527436,0.06787956691603099,NORMAL,STABLE,NORMAL,NO_ACTION,False,0.0
2026-08-12T01:22:49.916534,0.3134729396850458,0.24124943323816384,0.0,False,0,0.0,False,0.0,-21.084667268191225,17.38544993197337,9.479628770456031,CENTER,0.0,0.9533674508254947,0.04267118227485356,NORMAL,STABLE,NORMAL,NO_ACTION,False,0.0
2026-08-12T01:22:49.949669,0.3021454628294027,0.40147490018201215,0.0,False,0,0.0,False,0.0,-20.890718445213935,15.862015600141746,10.237226849785515,RIGHT,0.0,0.9544004239234274,0.06882717339866062,NORMAL,STABLE,NORMAL,NO_ACTION,False,0.0
2026-08-12T01:22:49.980782,0.31578330433071494,0.13894475750918991,0.0,False,0,0.0,False,0.0,-20.8452740165892,14.577386257691302,9.18905113893888,RIGHT,0.031113624572753906,0.9557852863817852,0.06651428357681084,NORMAL,STABLE,NORMAL,NO_ACTION,False,0.0
2026-08-12T01:22:50.044495,0.3122015528979317,0.33071323974928624,0.0,False,0,0.0,False,0.0,-21.156239158694063,13.762645481670205,10.435251109684259,RIGHT,0.09482645988464355,0.9533732807294728,0.06744016613483911,NORMAL,STABLE,NORMAL,NO_ACTION,False,0.0
2026-08-12T01:22:50.077170,0.27090054278630804,0.5076373047938978,0.0,False,0,0.0,False,0.0,-17.92227765181954,9.52304322684023,12.437401634317666,RIGHT,0.1275012493133545,0.9533911217972272,0.12443062744440342,NORMAL,STABLE,NORMAL,NO_ACTION,False,0.0
2026-08-12T01:22:50.108817,0.26132050612153274,0.02105336311465867,0.0,False,0,0.0,False,0.0,-23.25737811607786,17.36578500307951,11.713653460093099,RIGHT,0.1591484546661377,0.9524539777459337,0.12580327492341603,NORMAL,STABLE,NORMAL,NO_ACTION,False,0.0
2026-08-12T01:22:50.140791,0.2875210765515558,0.20193320454105085,0.0,False,0,0.0,False,0.0,-20.900538062968224,16.20277311899116,10.039369675008487,RIGHT,0.19112253189086914,0.9522092388974622,0.08550259414151284,NORMAL,STABLE,NORMAL,NO_ACTION,False,0.0
2026-08-12T01:22:50.173062,0.2276977297308604,0.17811795234224295,0.0,False,0,0.0,False,0.0,-19.41443308118488,9.56193245042084,11.484493953223051,RIGHT,0.22339344024658203,0.9532222107400059,0.1616497860345844,NORMAL,STABLE,NORMAL,NO_ACTION,False,0.0
2026-08-12T01:22:50.204941,0.2703924401958858,0.29679877814959704,0.0,False,0,0.0,False,0.0,-18.913993249746596,13.049264021096064,11.89412825386961,RIGHT,0.25527215003967285,0.953953499320253,0.10626859230854807,NORMAL,STABLE,NORMAL,NO_ACTION,False,0.0
2026-08-12T01:22:50.236428,0.2767954247197998,0.04325661581536624,0.0,False,0,0.0,False,0.0,-20.44836118926537,17.332940566680747,9.82967472946774,RIGHT,0.2867591381072998,0.9528976490544778,0.10021778022525381,NORMAL,STABLE,NORMAL,NO_ACTION,False,0.0
2026-08-12T01:22:50.269741,0.30449398583725706,0.39782511163412704,0.0,False,0,0.0,False,0.0,-20.975667965926675,14.68351146837233,9.444101376416285,RIGHT,0.32007265090942383,0.9524333908975114,0.06696937957445716,NORMAL,STABLE,NORMAL,NO_ACTION,False,0.0
2026-08-12T01:22:50.300596,0.2661775625183082,0.05599750632519727,0.0,False,0,0.0,False,0.0,-23.91569855958832,16.7752320776101,9.963466038158543,RIGHT,0.35092687606811523,0.9528756177432393,0.11771992827445499,NORMAL,STABLE,NORMAL,NO_ACTION,False,0.0
2026-08-12T01:22:50.320114,0.2504658942753717,0.060645796697112855,0.0,False,0,0.0,False,0.0,-21.765929369465056,16.5179640071035,9.424381450404269,RIGHT,0.37044501304626465,0.9528504372427983,0.13618925720949035,NORMAL,STABLE,NORMAL,NO_ACTION,False,0.0
2026-08-12T01:22:50.339226,0.3039903339239552,0.38238832485217217,0.0,False,0,0.0,False,0.0,-20.87348094577672,16.262884970518854,8.904886679679606,RIGHT,0.389556884765625,0.9526756442288848,0.06750089638614055,NORMAL,STABLE,NORMAL,NO_ACTION,False,0.0
2026-08-12T01:22:50.365317,0.34558294498017506,0.6275373952227816,0.0,False,0,0.0,False,0.0,-20.48262017344615,17.081401039422417,6.45781035830089,RIGHT,0.4156479835510254,0.9527920210844112,0.1466252075464529,NORMAL,STABLE,NORMAL,NO_ACTION,False,0.0
2026-08-12T01:22:50.445900,0.33062837582670834,0.5160335476466033,0.0,False,0,0.0,False,0.0,-17.100567666331983,19.449098363443454,5.388391091329424,RIGHT,0.4962315559387207,0.952067382238389,0.08628995419595006,NORMAL,STABLE,NORMAL,NO_ACTION,False,0.0
2026-08-12T01:22:50.477202,0.30523992214100404,0.62690313854185,0.0,False,0,0.0,False,0.0,-16.55633348803798,24.046775261356657,5.120869007518706,RIGHT,0.5275332927703857,0.9506622973006075,0.14339556364883618,NORMAL,STABLE,NORMAL,NO_ACTION,False,0.0
2026-08-12T01:22:50.509541,0.30008763359310964,0.5247253140203837,0.0,False,0,0.0,False,0.0,-18.599648261398045,24.701523830085137,4.665997868207796,RIGHT,0.5598719120025635,0.9506858641669115,0.09090459751616542,NORMAL,STABLE,NORMAL,NO_ACTION,False,0.0
2026-08-12T01:22:50.541890,0.346259890628582,0.7673555777719374,0.0,False,0,0.0,False,0.0,-15.725924994494704,-0.19215098874329328,6.581363368687164,RIGHT,0.592221736907959,0.9525082687267296,0.1293524493339933,NORMAL,STABLE,NORMAL,NO_ACTION,False,0.0
2026-08-12T01:22:50.573674,0.35402489490757183,0.037478377013241186,0.0,False,0,0.0,False,0.0,-23.480799036464333,16.64397109778372,5.3820170858718654,RIGHT,0.6240053176879883,0.9535549837411816,0.06794176743761178,NORMAL,STABLE,NORMAL,NO_ACTION,False,0.0
2026-08-12T01:22:50.609474,0.34064549527356625,0.0036828714943496705,0.0,False,0,0.0,False,0.0,-24.85898810857671,12.689229619559995,5.030294182756421,CENTER,0.0,0.9533747251922888,0.03856373521364353,NORMAL,STABLE,NORMAL,NO_ACTION,False,0.0
2026-08-12T01:22:50.637794,0.3808067928406633,0.24929452458110296,0.0,False,0,0.0,False,0.0,-22.741580192256862,14.653136563203049,4.656878098948255,CENTER,0.0,0.9528281456679893,0.037567603077152685,NORMAL,STABLE,NORMAL,NO_ACTION,False,0.0
2026-08-12T01:22:50.669354,0.3651821003914424,0.2283822240576211,0.0,False,0,0.0,False,0.0,-24.494260605534492,13.778536658576911,4.886000465700562,CENTER,0.0,0.9534373185809819,0.03886511038446105,NORMAL,STABLE,NORMAL,NO_ACTION,False,0.0
2026-08-12T01:22:50.702203,0.35336427740161547,0.12953531789098446,0.0,False,0,0.0,False,0.0,-25.44469069984339,12.303520577187129,4.712934731509506,CENTER,0.0,0.9543140944971096,0.03854324422125581,NORMAL,STABLE,NORMAL,NO_ACTION,False,0.0
2026-08-12T01:22:50.733212,0.3508901900151785,0.187135801136676,0.0,False,0,0.0,False,0.0,-23.375114486240392,11.958986539487341,5.392353498159338,CENTER,0.0,0.9557707376481971,0.03692993093625399,NORMAL,STABLE,NORMAL,NO_ACTION,False,0.0
2026-08-12T01:22:50.765178,0.3548583133699249,0.3451586987299825,0.0,False,0,0.0,False,0.0,-20.818786835644858,13.731758630909411,4.309555257499966,CENTER,0.0,0.9571142962779247,0.03466976015223197,NORMAL,STABLE,NORMAL,NO_ACTION,False,0.0
2026-08-12T01:22:50.797366,0.3935131443292903,0.2875988412145207,0.0,False,0,0.0,False,0.0,-21.599472633880737,12.662419405583165,5.273505158508868,CENTER,0.0,0.9566961958651774,0.035592238821552304,NORMAL,STABLE,NORMAL,NO_ACTION,False,0.0
2026-08-12T01:22:50.829165,0.38172421868386897,0.377596736846789,0.0,False,0,0.0,False,0.0,-20.988532419817346,16.70190017296926,3.600548897928519,CENTER,0.0,0.9559121908987359,0.036322010224115214,NORMAL,STABLE,NORMAL,NO_ACTION,False,0.0
2026-08-12T01:22:50.862832,0.3793975744492435,0.3787506602668892,0.0,False,0,0.0,False,0.0,-19.406401168196567,18.528031808353887,3.298421271991799,CENTER,0.0,0.9578461053853127,0.03581835304531008,NORMAL,STABLE,NORMAL,NO_ACTION,False,0.0
2026-08-12T01:22:50.892236,0.3697786876531905,0.22226968471170658,0.0,False,0,0.0,False,0.0,-19.784323335472465,17.311621294782583,3.6460540170346576,CENTER,0.0,0.9570128975908779,0.03563559268343291,NORMAL,STABLE,NORMAL,NO_ACTION,False,0.0
2026-08-12T01:22:50.924536,0.3425902947472901,0.4750258093556573,0.0,False,0,0.0,False,0.0,27.2858822694308,-3.374773876407488,177.01110447908303,CENTER,0.0,0.922529572256822,0.07365298949642685,NORMAL,STABLE,NORMAL,NO_ACTION,False,0.0
2026-08-12T01:22:50.972881,0.341513417513924,0.417186520166974,0.0,False,0,0.0,False,0.0,-20.081691641807765,20.216499465038055,2.1000964112676854,CENTER,0.0,0.9554643293467079,0.04003897311991356,NORMAL,STABLE,NORMAL,NO_ACTION,False,0.0
2026-08-12T01:22:51.004057,0.36314483431146954,0.45980404866301844,0.0,False,0,0.0,False,0.0,-19.20711498923083,20.565714911174098,2.1949867155123854,CENTER,0.0,0.9575428202466684,0.048194367203836116,NORMAL,STABLE,NORMAL,NO_ACTION,False,0.0
2026-08-12T01:22:51.036363,0.3750231593933685,0.16902412810821513,0.0,False,0,0.0,False,0.0,-17.97473702082314,18.373779305255937,2.6837857065735307,CENTER,0.0,0.9586357320448756,0.03370258534194536,NORMAL,STABLE,NORMAL,NO_ACTION,False,0.0
2026-08-12T01:22:51.068682,0.40106114846156693,0.11202562218558552,0.0,False,0,0.0,False,0.0,-17.598827780228874,16.80511565382497,1.985517398147607,CENTER,0.0,0.9593906915968547,0.03150002747242455,NORMAL,STABLE,NORMAL,NO_ACTION,False,0.0
2026-08-12T01:22:51.102139,0.39701416614467044,0.023550577855265917,0.0,False,0,0.0,False,0.0,-17.5225679024787,17.25591176587713,1.9201799059923417,CENTER,0.0,0.9602448245823536,0.03169232619899318,NORMAL,STABLE,NORMAL,NO_ACTION,False,0.0
2026-08-12T01:22:51.132283,0.3728929285959748,0.075235309969054,0.0,False,0,0.0,False,0.0,-18.168826050749743,16.961472759151604,1.6494606471257782,CENTER,0.0,0.9600954983588085,0.03184372828019496,NORMAL,STABLE,NORMAL,NO_ACTION,False,0.0
2026-08-12T01:22:51.164977,0.39386376154053226,0.008238529064198682,0.0,False,0,0.0,False,0.0,-17.168697751675523,15.413349274647487,2.3613572953109383,CENTER,0.0,0.9590645683299039,0.030425389268190082,NORMAL,STABLE,NORMAL,NO_ACTION,False,0.0
2026-08-12T01:22:51.197846,0.3752761017199153,0.022462708074009727,0.0,False,0,0.0,False,0.0,-16.73635357797636,18.14423206319165,1.5883841946034067,CENTER,0.0,0.9585007983967765,0.031250214819305594,NORMAL,STABLE,NORMAL,NO_ACTION,False,0.0
2026-08-12T01:22:51.229313,0.4143432852322889,0.07389055111428643,0.0,False,0,0.0,False,0.0,-17.080553782438017,18.661653377070593,1.132730848474921,CENTER,0.0,0.9571467771715169,0.03152091392865903,NORMAL,STABLE,NORMAL,NO_ACTION,False,0.0
2026-08-12T01:22:51.261135,0.4102774305772282,0.023238308976388542,0.0,False,0,0.0,False,0.0,-16.272360466078425,18.783794652092837,1.153840106451355,CENTER,0.0,0.9541038405717224,0.03084030452429933,NORMAL,STABLE,NORMAL,NO_ACTION,False,0.0
2026-08-12T01:22:51.292571,0.41164667322968607,0.023398317210916977,0.0,False,0,0.0,False,0.0,-16.75008766996976,18.657078509880478,1.5101755118571134,CENTER,0.0,0.953513471701695,0.03156353032483319,NORMAL,STABLE,NORMAL,NO_ACTION,False,0.0
2026-08-12T01:22:51.324872,0.41641969926806044,0.027302105675231732,0.0,False,0,0.0,False,0.0,-15.790543283641568,17.014937164503294,1.5876622753362994,CENTER,0.0,0.9551094990079365,0.0294950549247681,NORMAL,STABLE,NORMAL,NO_ACTION,False,0.0
2026-08-12T01:22:51.617057,0.4018634488499062,0.6872378180436177,0.0,False,0,0.0,False,0.0,-15.600914517512933,24.61786690072813,-0.5451633506289681,CENTER,0.0,0.9569246292009602,0.11517037146702377,NORMAL,RISING,NORMAL,NO_ACTION,False,0.0
2026-08-12T01:22:51.644326,0.41801673135976075,0.6424267694965747,0.0,False,0,0.0,False,0.0,-14.412731670149725,24.039458299897746,-0.3916869116811199,CENTER,0.0,0.9574989267955125,0.11343286359438452,NORMAL,STABLE,NORMAL,NO_ACTION,False,0.0
2026-08-12T01:22:51.662410,0.4105033645866531,0.7597135345118254,0.0,False,0,0.0,False,0.0,-15.20065191776996,23.98247936007931,-0.6759303994873846,CENTER,0.0,0.9589729685662846,0.11444028484531157,NORMAL,STABLE,NORMAL,NO_ACTION,False,0.0
2026-08-12T01:22:51.684026,0.3908367569794654,0.7286790789745983,0.0,False,0,0.0,False,0.0,-14.837708978928362,19.55193036803459,-0.47590636592374835,CENTER,0.0,0.9590488614234275,0.11063748272895323,NORMAL,STABLE,NORMAL,NO_ACTION,False,0.0
2026-08-12T01:22:51.702066,0.429248782866172,0.5291773612277317,0.0,False,0,0.0,False,0.0,-13.848263046411603,20.933962909320115,-1.0625466138455977,CENTER,0.0,0.9593663569530176,0.05621240132972677,NORMAL,STABLE,NORMAL,NO_ACTION,False,0.0
2026-08-12T01:22:51.725138,0.4168296706171156,0.35938964808987844,0.0,False,0,0.0,False,0.0,-13.655198442106467,20.985318518641634,-0.6596045140060767,CENTER,0.0,0.9596108225247404,0.029411268743316697,NORMAL,STABLE,NORMAL,NO_ACTION,False,0.0
2026-08-12T01:22:51.756389,0.4106866760682556,0.2712653640863401,0.0,False,0,0.0,False,0.0,-13.235585560887074,16.022902280894158,0.25091605703519804,CENTER,0.0,0.9595864618545463,0.024958432570890355,NORMAL,STABLE,NORMAL,NO_ACTION,False,0.0
2026-08-12T01:22:51.790200,0.4258193168660688,0.20120352023494617,0.0,False,0,0.0,False,0.0,-13.279573577400186,17.294286124298367,-0.15217169490367155,CENTER,0.0,0.9576781182637664,0.025837998965060165,NORMAL,STABLE,NORMAL,NO_ACTION,False,0.0
2026-08-12T01:22:51.821381,0.42073764894513777,0.26556054638566484,0.0,False,0,0.0,False,0.0,-13.163570520755059,15.090273728331425,0.32518359215822557,CENTER,0.0,0.9557633071232606,0.02427611956632822,NORMAL,STABLE,NORMAL,NO_ACTION,False,0.0
2026-08-12T01:22:51.852653,0.4256824526320434,0.24552087334465997,0.0,False,0,0.0,False,0.0,-13.390811330456444,15.26098022922497,0.36069277977239267,CENTER,0.0,0.9550117830504116,0.02465854491628413,NORMAL,STABLE,NORMAL,NO_ACTION,False,0.0
2026-08-12T01:22:51.885304,0.41058290245673473,0.1848685857942086,0.0,False,0,0.0,False,0.0,-13.42774046220896,12.562313344763481,1.052811272691514,CENTER,0.0,0.9543786008230452,0.023391277300899585,NORMAL,STABLE,NORMAL,NO_ACTION,False,0.0
2026-08-12T01:22:51.917410,0.4239978864460569,0.21425619106064753,0.0,False,0,0.0,False,0.0,-15.943262429231737,13.641978020063533,0.5437258835007128,CENTER,0.0,0.954628649048354,0.026147254875123555,NORMAL,STABLE,NORMAL,NO_ACTION,False,0.0
2026-08-12T01:22:51.949200,0.39040779579709683,0.20801540014181272,0.0,False,0,0.0,False,0.0,-15.069013721454155,11.257682538549346,0.7865992697404067,CENTER,0.0,0.9543557626947384,0.02377938675371766,NORMAL,STABLE,NORMAL,NO_ACTION,False,0.0
2026-08-12T01:22:51.980782,0.41308417524915453,0.2129351952584317,0.0,False,0,0.0,False,0.0,-14.57620081266208,12.8479986045634,0.8136845371100776,CENTER,0.0,0.9550184978505291,0.024490853353021015,NORMAL,STABLE,NORMAL,NO_ACTION,False,0.0
2026-08-12T01:22:52.029752,0.4000922874147234,0.24670089585530222,0.0,False,0,0.0,False,0.0,-12.60526855385902,10.70785813921188,1.4403607368265057,CENTER,0.0,0.9560152292462768,0.021604546645304697,NORMAL,STABLE,NORMAL,NO_ACTION,False,0.0
2026-08-12T01:22:52.060718,0.4353718027097403,0.15018364048603378,0.0,False,0,0.0,False,0.0,-13.686029071919023,13.736599401895546,1.2252632346352073,CENTER,0.0,0.9559790526099843,0.02467469468184933,NORMAL,STABLE,NORMAL,NO_ACTION,False,0.0
2026-08-12T01:22:52.093422,0.4127593834328919,0.1482860216336246,0.0,False,0,0.0,False,0.0,-13.034106908551905,12.216468866311658,1.1266581390064516,CENTER,0.0,0.9545994995284638,0.022824489390605034,NORMAL,STABLE,NORMAL,NO_ACTION,False,0.0
2026-08-12T01:22:52.125504,0.40921500978418046,0.235935395739565,0.0,False,0,0.0,False,0.0,-12.798984392614756,12.002943295106604,0.9168570845787656,CENTER,0.0,0.9533680234053499,0.02223235744736564,NORMAL,STABLE,NORMAL,NO_ACTION,False,0.0
2026-08-12T01:22:52.156479,0.43282021512764324,0.1558133395409576,0.0,False,0,0.0,False,0.0,-13.00457736436698,12.534589736118306,0.15354227071509285,CENTER,0.0,0.9523876235486479,0.022076769435653447,NORMAL,STABLE,NORMAL,NO_ACTION,False,0.0
2026-08-12T01:22:52.189287,0.3970489348446229,0.1675701001904878,0.0,False,0,0.0,False,0.0,-13.289103354810834,17.666825642971077,-1.078932263769218,CENTER,0.0,0.9516194295941115,0.027027703482423115,NORMAL,STABLE,NORMAL,NO_ACTION,False,0.0
2026-08-12T01:22:52.221510,0.4180994397573526,0.008646649542374062,0.0,False,0,0.0,False,0.0,-12.711343013127447,17.05439510277006,-0.3837872178450823,CENTER,0.0,0.9515697843180482,0.02533250867620076,NORMAL,STABLE,NORMAL,NO_ACTION,False,0.0
2026-08-12T01:22:52.252213,0.4450036448305718,0.004149806173354344,0.0,False,0,0.0,False,0.0,-12.388195984937255,17.888892650479846,-0.5489639744147041,CENTER,0.0,0.9536068933103079,0.025790408221450917,NORMAL,STABLE,NORMAL,NO_ACTION,False,0.0
2026-08-12T01:22:52.284488,0.4594145309157459,0.008263363803184199,0.0,False,0,0.0,False,0.0,-12.885119478064695,17.854147491701553,-0.6828474990455788,CENTER,0.0,0.9545808126041054,0.026382227397359504,NORMAL,STABLE,NORMAL,NO_ACTION,False,0.0
2026-08-12T01:22:52.317072,0.49658089094772495,0.026031864390451367,0.0,False,0,0.0,False,0.0,-12.70085095357038,13.799895876385477,0.9990114207918737,CENTER,0.0,0.9549728346070939,0.02353562147406411,NORMAL,STABLE,NORMAL,NO_ACTION,False,0.0
2026-08-12T01:22:52.349095,0.4783039140425417,0.09232331552238629,0.0,False,0,0.0,False,0.0,-11.704364726312349,10.892651429973341,0.8750360608630672,CENTER,0.0,0.954818107914462,0.020305296723541144,NORMAL,STABLE,NORMAL,NO_ACTION,False,0.0
2026-08-12T01:22:52.380103,0.4962272186421274,0.10740820223290988,0.0,False,0,0.0,False,0.0,-11.971364250119336,12.185186167761543,0.5762096568407173,CENTER,0.0,0.9537906524042231,0.021222826402149637,NORMAL,STABLE,NORMAL,NO_ACTION,False,0.0
2026-08-12T01:22:52.412173,0.5071018275778368,0.013838992213372139,0.0,False,0,0.0,False,0.0,-10.957013336160088,9.556922079546894,0.9933966508858418,CENTER,0.0,0.9536498237862531,0.018709373690694017,NORMAL,STABLE,NORMAL,NO_ACTION,False,0.0
2026-08-12T01:22:52.444993,0.47802066483632727,0.01126036917018229,0.0,False,0,0.0,False,0.0,-10.457489772281463,7.293831631440838,1.511544512029758,CENTER,0.0,0.9547251808066334,0.017066569113414184,NORMAL,STABLE,NORMAL,NO_ACTION,False,0.0
2026-08-12T01:22:52.477481,0.48691933832853773,0.0034358872942725034,0.0,False,0,0.0,False,0.0,-10.900151873710428,8.160352758572742,1.221904788315669,CENTER,0.0,0.9563438250171468,0.017852316772239044,NORMAL,STABLE,NORMAL,NO_ACTION,False,0.0
2026-08-12T01:22:52.509455,0.5024478304627217,0.009994362904675714,0.0,False,0,0.0,False,0.0,-10.093922493519699,9.120392047258662,1.1626225906669845,CENTER,0.0,0.9556675041029786,0.017709944937910185,NORMAL,STABLE,NORMAL,NO_ACTION,False,0.0
2026-08-12T01:22:52.557542,0.5087256389222465,0.0035530454352557766,0.0,False,0,0.0,False,0.0,-10.142361018879342,6.29998172299068,2.0812270228532554,CENTER,0.0,0.9562100105024005,0.016586229023011358,NORMAL,STABLE,NORMAL,NO_ACTION,False,0.0
2026-08-12T01:22:52.588987,0.504908601856115,0.005536677940917617,0.0,False,0,0.0,False,0.0,-9.953890908766851,6.733712521980777,1.9429297456559311,CENTER,0.0,0.9571496791103272,0.016584791147004573,NORMAL,STABLE,NORMAL,NO_ACTION,False,0.0
2026-08-12T01:22:52.620274,0.47925368800393964,0.006173094430853535,0.0,False,0,0.0,False,0.0,-10.643204819308863,1.0757565608534208,2.7940771736945464,CENTER,0.0,0.9568971844074564,0.013939573349696265,NORMAL,STABLE,NORMAL,NO_ACTION,False,0.0
2026-08-12T01:22:52.653407,0.48542965570297325,0.011495303454386012,0.0,False,0,0.0,False,0.0,-11.743903211881047,4.339660965729394,2.504937101962639,CENTER,0.0,0.9569410518322554,0.017129375074964582,NORMAL,STABLE,NORMAL,NO_ACTION,False,0.0
2026-08-12T01:22:52.685122,0.4862527498360177,0.004054523992804652,0.0,False,0,0.0,False,0.0,-10.661605397156848,5.804210190972697,2.017204244082535,CENTER,0.0,0.9576823345336078,0.01666783910705328,NORMAL,STABLE,NORMAL,NO_ACTION,False,0.0
2026-08-12T01:22:52.717402,0.4922232717958854,0.006708717001767433,0.0,False,0,0.0,False,0.0,-9.947076905534402,1.0986763167160802,2.411038587641656,CENTER,0.0,0.9581312761794533,0.012900300775313954,NORMAL,STABLE,NORMAL,NO_ACTION,False,0.0
2026-08-12T01:22:52.749364,0.47895076103996453,0.008709354275380795,0.0,False,0,0.0,False,0.0,-10.838884905031762,6.481907208475292,0.9726186345539816,CENTER,0.0,0.9573208935001469,0.016316481579136462,NORMAL,STABLE,NORMAL,NO_ACTION,False,0.0
2026-08-12T01:22:52.781595,0.48342552995721966,0.004151999013152427,0.0,False,0,0.0,False,0.0,-11.002263583254972,5.308818062617178,0.8414239570688835,CENTER,0.0,0.9570342261904762,0.015486970350401053,NORMAL,STABLE,NORMAL,NO_ACTION,False,0.0
2026-08-12T01:22:52.845410,0.4923337466765991,0.01546961981724849,0.0,False,0,0.0,False,0.0,-11.674202483287416,13.246468378194066,-0.21551450363111258,CENTER,0.0,0.9586117617700373,0.02135797858456286,NORMAL,STABLE,NORMAL,NO_ACTION,False,0.0
2026-08-12T01:22:52.876064,0.4762877198876616,0.0029391739379594018,0.0,False,0,0.0,False,0.0,-11.566360645051816,2.58804299284958,2.0463914901403655,CENTER,0.0,0.959856732559279,0.015221258426511728,NORMAL,STABLE,NORMAL,NO_ACTION,False,0.0
2026-08-12T01:22:52.909391,0.5039295207187748,0.0036404635707240358,0.0,False,0,0.0,False,0.0,-11.101290716198378,9.528450339296057,1.0950712072101965,CENTER,0.0,0.9606625476129237,0.01892917011536044,NORMAL,STABLE,NORMAL,NO_ACTION,False,0.0
2026-08-12T01:22:52.941413,0.469519171179388,0.005539006297704584,0.0,False,0,0.0,False,0.0,-10.17190438613963,-1.321612046671305,2.8688479972337575,CENTER,0.0,0.960792679398148,0.013731970674412772,NORMAL,STABLE,NORMAL,NO_ACTION,False,0.0
2026-08-12T01:22:52.960159,0.4974555647999366,0.008218366488128334,0.0,False,0,0.0,False,0.0,-11.467085877211218,5.66299536086882,1.3923813144842256,CENTER,0.0,0.9608571206581912,0.01674098752337487,NORMAL,STABLE,NORMAL,NO_ACTION,False,0.0
2026-08-12T01:22:52.982190,0.46505117039264643,0.0033755529588015486,0.0,False,0,0.0,False,0.0,-12.06937756811871,3.5309395634368173,2.1912460322955383,CENTER,0.0,0.9605094345544288,0.01654733269714651,NORMAL,STABLE,NORMAL,NO_ACTION,False,0.0
2026-08-12T01:22:53.005688,0.4806217809649219,0.00284932962224646,0.0,False,0,0.0,False,0.0,-10.981154941909978,6.289668261222886,1.6949610514125197,CENTER,0.0,0.9603404454181365,0.01702151260615143,NORMAL,STABLE,NORMAL,NO_ACTION,False,0.0
2026-08-12T01:22:53.037220,0.4959491803370326,0.0013110510464315103,0.0,False,0,0.0,False,0.0,-10.680909087112553,6.2113324322018855,1.6818457456569433,CENTER,0.0,0.9614721234751615,0.016657355016559156,NORMAL,STABLE,NORMAL,NO_ACTION,False,0.0
2026-08-12T01:22:53.084349,0.47889047938958285,0.01289978467974567,0.0,False,0,0.0,False,0.0,-9.912573976693778,2.988649984776373,1.7724726826884023,CENTER,0.0,0.9633027914033413,0.013628797344439775,NORMAL,STABLE,NORMAL,NO_ACTION,False,0.0
2026-08-12T01:22:53.117652,0.49266514173536113,0.0020412184771556366,0.0,False,0,0.0,False,0.0,-9.451737827768284,-0.49038904083948864,2.851899923642492,CENTER,0.0,0.9664845135520773,0.012400525738973584,NORMAL,STABLE,NORMAL,NO_ACTION,False,0.0
2026-08-12T01:22:53.149718,0.5073651479036871,0.005967310323825336,0.0,False,0,0.0,False,0.0,-10.28273237446075,1.4970803921532934,2.4161852706432114,CENTER,0.0,0.9691320837620029,0.013526231798392511,NORMAL,STABLE,NORMAL,NO_ACTION,False,0.0
2026-08-12T01:22:53.182037,0.5282832621036104,0.006684914412563387,0.0,False,0,0.0,False,0.0,-9.5454830855237,2.7497381952109663,2.445743324882187,CENTER,0.0,0.9709162816296786,0.013753078194714202,NORMAL,STABLE,NORMAL,NO_ACTION,False,0.0
2026-08-12T01:22:53.245910,0.49149330515070705,0.0027065443351301,0.0,False,0,0.0,False,0.0,-9.652435272699108,2.081642598407143,2.311946715083053,CENTER,0.0,0.9710219226129239,0.013236448447428316,NORMAL,STABLE,NORMAL,NO_ACTION,False,0.0
2026-08-12T01:22:53.277904,0.5027817106647625,0.006125611184419565,0.0,False,0,0.0,False,0.0,-9.24297384337325,0.7265238666614948,2.845245126004585,CENTER,0.0,0.9703289188038899,0.01236302727355175,NORMAL,STABLE,NORMAL,NO_ACTION,False,0.0
2026-08-12T01:22:53.309830,0.4708054436587744,0.00787657659418433,0.0,False,0,0.0,False,0.0,-11.84379455943116,5.20346097310761,1.8389831670568526,CENTER,0.0,0.9685204773846268,0.017209413951531416,NORMAL,STABLE,NORMAL,NO_ACTION,False,0.0
2026-08-12T01:22:53.341115,0.4940654617042723,0.019739468160957344,0.0,False,0,0.0,False,0.0,-10.042658038632595,14.422209476274588,-0.2387061883388526,CENTER,0.0,0.968527036026602,0.020646964569730964,NORMAL,STABLE,NORMAL,NO_ACTION,False,0.0
2026-08-12T01:22:53.373322,0.5049337203178217,0.005846216560206972,0.0,False,0,0.0,False,0.0,-10.866229253003155,14.891988620130235,-0.15926427789185027,CENTER,0.0,0.9701073954659025,0.021719986822335505,NORMAL,STABLE,NORMAL,NO_ACTION,False,0.0
2026-08-12T01:22:53.482558,0.4667459010764248,0.015327062153117722,0.0,False,0,0.0,False,0.0,-10.244934312485668,8.620145516394047,1.170241497468595,CENTER,0.0,0.9645932562646973,0.017498020499416393,NORMAL,STABLE,NORMAL,NO_ACTION,False,0.0
2026-08-12T01:22:53.508540,0.487957756724243,0.11756033530880992,0.0,False,0,0.0,False,0.0,-8.842506972022875,4.662593027508535,2.189519004444918,CENTER,0.0,0.9642405861135607,0.014218354389663469,NORMAL,STABLE,NORMAL,NO_ACTION,False,0.0
2026-08-12T01:22:53.535033,0.5144619308822947,0.25693100958741494,0.0,False,0,0.0,False,0.0,-9.938088616892998,8.716390918580373,1.0703754229058688,CENTER,0.0,0.9702546916335979,0.017170644683344168,NORMAL,STABLE,NORMAL,NO_ACTION,False,0.0
2026-08-12T01:22:53.566275,0.45982536549630915,0.10323088095112924,0.0,False,0,0.0,False,0.0,-11.685873746418082,4.350461374887601,1.503940205601623,CENTER,0.0,0.9652053961823928,0.016100916876047148,NORMAL,STABLE,NORMAL,NO_ACTION,False,0.0
2026-08-12T01:22:53.647783,0.46726508271700773,0.1216146180277662,0.0,False,0,0.0,False,0.0,-12.161815931623266,7.201887367895182,0.7067843488769086,CENTER,0.0,0.9518048543748776,0.017879419262532392,NORMAL,STABLE,NORMAL,NO_ACTION,False,0.0
2026-08-12T01:22:53.679193,0.42729747197828405,0.13944067704994623,0.0,False,0,0.0,False,0.0,-10.375674619452809,5.547423946689719,1.3259924353823465,CENTER,0.0,0.9491835968119242,0.01552311466373696,NORMAL,STABLE,NORMAL,NO_ACTION,False,0.0
2026-08-12T01:22:53.710280,0.48744174258072503,0.010173947050850675,0.0,False,0,0.0,False,0.0,-12.250932558974739,9.296154798224592,0.48385591773433134,CENTER,0.0,0.9540027802273171,0.019285588638957223,NORMAL,STABLE,NORMAL,NO_ACTION,False,0.0
2026-08-12T01:22:53.739980,0.47734931175441486,0.0033615511688107912,0.0,False,0,0.0,False,0.0,-9.4107369972794,10.695255289617279,0.3645031771416143,CENTER,0.0,0.9601700248322066,0.01741620455745571,NORMAL,STABLE,NORMAL,NO_ACTION,False,0.0
2026-08-12T01:22:53.773518,0.47988046353728947,0.011457586321994073,0.0,False,0,0.0,False,0.0,-8.81235473655849,10.531236326810955,-0.14575880969175614,CENTER,0.0,0.9645158018261316,0.016496163074951827,NORMAL,STABLE,NORMAL,NO_ACTION,False,0.0
2026-08-12T01:22:53.805546,0.461329766144422,0.0375965233890416,0.0,False,0,0.0,False,0.0,-8.96621177877742,15.219666578349518,-0.998476889129563,CENTER,0.0,0.9679225088183421,0.020922365388565085,NORMAL,STABLE,NORMAL,NO_ACTION,False,0.0
2026-08-12T01:22:53.837527,0.4632807327242331,0.09679437760915481,0.0,False,0,0.0,False,0.0,-11.73948297910539,16.388387632985683,-1.5007043517058207,CENTER,0.0,0.9681829936128257,0.024985637964630845,NORMAL,STABLE,NORMAL,NO_ACTION,False,0.0
2026-08-12T01:22:53.870065,0.4642677995833594,0.32713789222176964,0.0,False,0,0.0,False,0.0,-13.67487535647075,20.063077416458583,-2.2254591227352307,CENTER,0.0,0.9655031507201646,0.030286009713952802,NORMAL,STABLE,NORMAL,NO_ACTION,False,0.0
2026-08-12T01:22:53.902258,0.46774945175962823,0.16599148391306803,0.0,False,0,0.0,False,0.0,-12.770010496552686,24.297989400393533,-3.2657148911962963,CENTER,0.0,0.9624296721903782,0.033526786110702624,NORMAL,STABLE,NORMAL,NO_ACTION,False,0.0
2026-08-12T01:22:53.933537,0.4628184899117723,0.052061916244250175,0.0,False,0,0.0,False,0.0,-12.84605891493112,25.272113195255827,-3.682336709750615,CENTER,0.0,0.9592516587975212,0.03472389692672441,NORMAL,STABLE,NORMAL,NO_ACTION,False,0.0
2026-08-12T01:22:53.964875,0.4437999798320622,0.016668337608016903,0.0,False,0,0.0,False,0.0,-12.61134264302467,23.033958249843494,-4.04983411351887,CENTER,0.0,0.9576097990765237,0.033211110416368574,NORMAL,STABLE,NORMAL,NO_ACTION,False,0.0
2026-08-12T01:22:53.996872,0.44577475837547526,0.007928062676174139,0.0,False,0,0.0,False,0.0,-11.507977261578304,19.239203144751798,-3.640268080793277,CENTER,0.0,0.9570130407358416,0.028945304133706756,NORMAL,STABLE,NORMAL,NO_ACTION,False,0.0
2026-08-12T01:22:54.030275,0.45968854292362205,0.0026405783161997307,0.0,False,0,0.0,False,0.0,-10.678112838985925,17.662402093475777,-3.2424287554892715,CENTER,0.0,0.959344690010778,0.026586529745525923,NORMAL,STABLE,NORMAL,NO_ACTION,False,0.0
2026-08-12T01:22:54.063055,0.44402886537107056,0.0070634322183786725,0.0,False,0,0.0,False,0.0,-12.249364243625166,15.339043510026556,-3.023239164154745,CENTER,0.0,0.9632800183409269,0.02620442024419586,NORMAL,STABLE,NORMAL,NO_ACTION,False,0.0
2026-08-12T01:22:54.093563,0.40141252647479875,0.008554405691743934,0.0,False,0,0.0,False,0.0,-12.763847265591608,14.387148645002185,-2.641354545255865,CENTER,0.0,0.9666855801734274,0.025635525657165644,NORMAL,STABLE,NORMAL,NO_ACTION,False,0.0
2026-08-12T01:22:54.141690,0.4258927705824993,0.0005706368095104259,0.0,False,0,0.0,False,0.0,-11.380973714690867,14.824669289421223,-1.784034684125146,CENTER,0.0,0.9674357508757104,0.02376435070434094,NORMAL,STABLE,NORMAL,NO_ACTION,False,0.0
2026-08-12T01:22:54.173459,0.4240237863235451,0.0012084705265639933,0.0,False,0,0.0,False,0.0,-12.500331952234234,14.818444249227042,-2.2736866722073614,CENTER,0.0,0.9660420784954928,0.02533439276932433,NORMAL,STABLE,NORMAL,NO_ACTION,False,0.0
2026-08-12T01:22:54.205347,0.4168987389882247,0.01834923113782135,0.0,False,0,0.0,False,0.0,-11.965857967408198,13.813200254957195,-1.607073721398109,CENTER,0.0,0.9631130983000196,0.023421169409840004,NORMAL,STABLE,NORMAL,NO_ACTION,False,0.0
2026-08-12T01:22:54.237094,0.44580080499914987,0.006450432838911858,0.0,False,0,0.0,False,0.0,-13.289212619962683,14.114003695834498,-1.396257907928259,CENTER,0.0,0.9592216504078482,0.024730702566769694,NORMAL,STABLE,NORMAL,NO_ACTION,False,0.0
2026-08-12T01:22:54.268555,0.4351718361677965,0.007874981695231861,0.0,False,0,0.0,False,0.0,-13.429277103660468,13.663795895112173,-0.8321389130067587,CENTER,0.0,0.9571960450654027,0.02398527688904077,NORMAL,STABLE,NORMAL,NO_ACTION,False,0.0
2026-08-12T01:22:54.300704,0.4103327028590735,0.008390479796019288,0.0,False,0,0.0,False,0.0,-12.905869858079456,17.104119742792108,-1.146475760140106,CENTER,0.0,0.9582696973593965,0.026305755836275018,NORMAL,STABLE,NORMAL,NO_ACTION,False,0.0
2026-08-12T01:22:54.333185,0.4349188198831989,0.20776793758548756,0.0,False,0,0.0,False,0.0,-10.947047938580226,17.936214181981512,-0.9509988708460355,CENTER,0.0,0.9590164716220851,0.024808242757969067,NORMAL,STABLE,NORMAL,NO_ACTION,False,0.0
2026-08-12T01:22:54.365094,0.42446355893846865,0.3521340179732345,0.0,False,0,0.0,False,0.0,-12.051989063189268,18.85650899329022,-1.001184802335274,CENTER,0.0,0.9605950222295708,0.026614139034658136,NORMAL,STABLE,NORMAL,NO_ACTION,False,0.0
2026-08-12T01:22:54.396302,0.43021051831366697,0.24477299529474575,0.0,False,0,0.0,False,0.0,-10.52141903484548,19.899208857325902,-0.6592727327387138,CENTER,0.0,0.9627487943672841,0.02554699483118956,NORMAL,STABLE,NORMAL,NO_ACTION,False,0.0
2026-08-12T01:22:54.429801,0.4410239089005523,0.13064753310463764,0.0,False,0,0.0,False,0.0,-9.260618198594273,13.70072699065227,1.1572936862212657,CENTER,0.0,0.9636425654945621,0.020251049583066966,NORMAL,STABLE,NORMAL,NO_ACTION,False,0.0
2026-08-12T01:22:54.460105,0.4338059119620148,0.1432140089380237,0.0,False,0,0.0,False,0.0,-8.105869203802712,11.399535245644927,2.146541028755479,CENTER,0.0,0.9624120783730159,0.018400090459823437,NORMAL,STABLE,NORMAL,NO_ACTION,False,0.0
2026-08-12T01:22:54.493268,0.4198500394160293,0.15387960482464783,0.0,False,0,0.0,False,0.0,-9.723055020670643,10.507865292454113,2.799652395163804,CENTER,0.0,0.9604180560148442,0.019967395589225792,NORMAL,STABLE,NORMAL,NO_ACTION,False,0.0
2026-08-12T01:22:54.526207,0.4341652961149447,0.22429668422630347,0.0,False,0,0.0,False,0.0,-9.076652266784436,12.15743040657847,2.944263889403828,CENTER,0.0,0.9584611732681755,0.02068705634557268,NORMAL,STABLE,NORMAL,NO_ACTION,False,0.0
2026-08-12T01:22:54.557254,0.44558202937928926,0.12701334762669303,0.0,False,0,0.0,False,0.0,-10.606817837780397,14.49084867232142,3.058105610745912,CENTER,0.0,0.9559718693354399,0.024008565144984634,NORMAL,STABLE,NORMAL,NO_ACTION,False,0.0
2026-08-12T01:22:54.589885,0.42445163513486067,0.09445765357738045,0.0,False,0,0.0,False,0.0,-10.171480942117284,12.66044119610578,4.017288823117838,CENTER,0.0,0.9551998625195963,0.023177755842373377,NORMAL,STABLE,NORMAL,NO_ACTION,False,0.0
2026-08-12T01:22:54.621056,0.41539291047982496,0.12398827054469574,0.0,False,0,0.0,False,0.0,-8.793492046346017,12.891157516821352,4.5803067031529565,CENTER,0.0,0.9552533727096806,0.022549546035267605,NORMAL,STABLE,NORMAL,NO_ACTION,False,0.0
2026-08-12T01:22:54.670111,0.41743961534730295,0.11829310391419552,0.0,False,0,0.0,False,0.0,-10.447727911439927,13.054401567628446,4.511129998214415,CENTER,0.0,0.955436585250098,0.024220533582496522,NORMAL,STABLE,NORMAL,NO_ACTION,False,0.0
2026-08-12T01:22:54.700117,0.4129778142411433,0.0310229506254762,0.0,False,0,0.0,False,0.0,-10.491237838690722,12.898136776610812,4.734017389823805,CENTER,0.0,0.9568174396494709,0.02436654257321923,NORMAL,STABLE,NORMAL,NO_ACTION,False,0.0
2026-08-12T01:22:54.734666,0.42485741584133185,0.01955995657669058,0.0,False,0,0.0,False,0.0,-9.29182672506991,12.576377382819828,4.996150200915707,CENTER,0.0,0.9581587209729571,0.023213142089755077,NORMAL,STABLE,NORMAL,NO_ACTION,False,0.0
2026-08-12T01:22:54.764480,0.43129368879446384,0.025957232115407246,0.0,False,0,0.0,False,0.0,-10.77993073971004,14.041607995690157,4.392649347513185,CENTER,0.0,0.9578099287490202,0.02515426220203861,NORMAL,STABLE,NORMAL,NO_ACTION,False,0.0
2026-08-12T01:22:54.797318,0.4347310628937433,0.0626591317603046,0.0,False,0,0.0,False,0.0,-9.60850756165027,21.379088455068654,2.9323041027415115,CENTER,0.0,0.9555769323804625,0.027964217409967827,NORMAL,STABLE,NORMAL,NO_ACTION,False,0.0
2026-08-12T01:22:54.828549,0.45077183815074345,0.10689609321209272,0.0,False,0,0.0,False,0.0,-10.075567520938193,24.611078030445412,2.1587190634365356,CENTER,0.0,0.9539329775377229,0.030036414964898697,NORMAL,STABLE,NORMAL,NO_ACTION,False,0.0
2026-08-12T01:22:54.861350,0.4264011545975494,0.024346376508227744,0.0,False,0,0.0,False,0.0,-10.273616289361684,18.457358866595087,3.116426281063468,CENTER,0.0,0.9534950060013718,0.026650843297563162,NORMAL,STABLE,NORMAL,NO_ACTION,False,0.0
2026-08-12T01:22:54.893663,0.4177527003541093,0.002362194708971733,0.0,False,0,0.0,False,0.0,-12.323452097904209,13.394168422712283,3.9329030001678973,CENTER,0.0,0.953324064888301,0.02573966865374753,NORMAL,STABLE,NORMAL,NO_ACTION,False,0.0
2026-08-12T01:22:54.925243,0.45211574180948,0.0038437900476899663,0.0,False,0,0.0,False,0.0,-9.360119344870839,15.157908591601057,3.463464067281791,CENTER,0.0,0.9534663639954439,0.02367481128621609,NORMAL,STABLE,NORMAL,NO_ACTION,False,0.0
2026-08-12T01:22:54.957108,0.4250195819493624,0.003402132502850244,0.0,False,0,0.0,False,0.0,-11.085176605903058,12.362008310362029,3.8069889159104378,CENTER,0.0,0.9531611398932001,0.02364707413501997,NORMAL,STABLE,NORMAL,NO_ACTION,False,0.0
2026-08-12T01:22:54.988760,0.42677112669154327,0.013057150860302109,0.0,False,0,0.0,False,0.0,-9.864961402069468,13.281330080001993,4.071026945666858,CENTER,0.0,0.9536343641301686,0.023386089792275792,NORMAL,STABLE,NORMAL,NO_ACTION,False,0.0
2026-08-12T01:22:55.020281,0.42151229861707673,0.008644914176380778,0.0,False,0,0.0,False,0.0,-10.336359797472738,12.41991606206821,4.343510190328203,CENTER,0.0,0.953115880058299,0.023481819590979922,NORMAL,STABLE,NORMAL,NO_ACTION,False,0.0
2026-08-12T01:22:55.054845,0.4773212562158904,0.00365591383741335,0.0,False,0,0.0,False,0.0,-10.321885618061174,13.081357348728233,4.463363334294797,CENTER,0.0,0.9532134919103958,0.024070420846938265,NORMAL,STABLE,NORMAL,NO_ACTION,False,0.0
2026-08-12T01:22:55.085210,0.45151967309186036,0.005160938079142406,0.0,False,0,0.0,False,0.0,-10.37076967318589,12.381964203821525,4.430625326391464,CENTER,0.0,0.9540085841049384,0.023572891145872143,NORMAL,STABLE,NORMAL,NO_ACTION,False,0.0
2026-08-12T01:22:55.117397,0.4412354913212163,0.0032049902576792182,0.0,False,0,0.0,False,0.0,-11.51822346357244,12.935904215020543,4.094471347477253,CENTER,0.0,0.9538199710954341,0.024773419048486622,NORMAL,STABLE,NORMAL,NO_ACTION,False,0.0
2026-08-12T01:22:55.149810,0.4603807835381657,0.01010998169322053,0.0,False,0,0.0,False,0.0,-10.878699767271058,11.509261084436162,4.497713904491292,CENTER,0.0,0.9539054937046835,0.023495082302481415,NORMAL,STABLE,NORMAL,NO_ACTION,False,0.0
2026-08-12T01:22:55.197460,0.45060345474867214,0.00724609968217904,0.0,False,0,0.0,False,0.0,-8.592598635955,12.793617128345034,3.9849567467587974,CENTER,0.0,0.9540283120835783,0.021698734340307394,NORMAL,STABLE,NORMAL,NO_ACTION,False,0.0
2026-08-12T01:22:55.229038,0.4333300710023372,0.010870423125333506,0.0,False,0,0.0,False,0.0,-8.866041627046059,12.297830289909797,3.4453048728072417,CENTER,0.0,0.9547741363842348,0.021074326243956148,NORMAL,STABLE,NORMAL,NO_ACTION,False,0.0
2026-08-12T01:22:55.259975,0.4122219210489296,0.21775663711611168,0.0,False,0,0.0,False,0.0,-10.124244259188202,18.90867044256808,2.122006456201035,CENTER,0.0,0.9551053087644522,0.025862751890627738,NORMAL,STABLE,NORMAL,NO_ACTION,False,0.0
2026-08-12T01:22:55.293729,0.4080788408312783,0.44419329599592017,0.0,False,0,0.0,False,0.0,-9.833001139940109,21.232933978939883,1.7384701993985345,CENTER,0.0,0.9556878567141877,0.03589070557776653,NORMAL,STABLE,NORMAL,NO_ACTION,False,0.0
2026-08-12T01:22:55.324235,0.4379256330882586,0.15919058323168123,0.0,False,0,0.0,False,0.0,-9.646211222686617,24.211544819606672,1.5928263658912556,CENTER,0.0,0.9572214858294139,0.028769199837599922,NORMAL,STABLE,NORMAL,NO_ACTION,False,0.0
2026-08-12T01:22:55.356750,0.4333260118940301,0.003390920691531435,0.0,False,0,0.0,False,0.0,-9.597322964575994,21.595217541183217,1.3170475340906478,CENTER,0.0,0.9572838970336077,0.026531179427070364,NORMAL,STABLE,NORMAL,NO_ACTION,False,0.0
2026-08-12T01:22:55.388663,0.4503768640688143,0.002988307989870889,0.0,False,0,0.0,False,0.0,-9.037118429842025,13.955827758840087,2.6135953387280324,CENTER,0.0,0.956349134393984,0.02164473047576796,NORMAL,STABLE,NORMAL,NO_ACTION,False,0.0
2026-08-12T01:22:55.421387,0.42797051712176315,0.01161348573632295,0.0,False,0,0.0,False,0.0,-9.011795221905857,15.162440289719086,1.9251101004169016,CENTER,0.0,0.955951399605624,0.02183179479185162,NORMAL,STABLE,NORMAL,NO_ACTION,False,0.0
2026-08-12T01:22:55.452875,0.4198013571222544,0.02457845726150978,0.0,False,0,0.0,False,0.0,-10.492578240923848,10.991050486097237,2.620552201224939,CENTER,0.0,0.9561087809866745,0.02089983724686708,NORMAL,STABLE,NORMAL,NO_ACTION,False,0.0
2026-08-12T01:22:55.484885,0.438610077878807,0.06485899008006651,0.0,False,0,0.0,False,0.0,-11.322571581224224,15.564197798826655,2.444598688610114,CENTER,0.0,0.9561456212950715,0.024896427434989935,NORMAL,STABLE,NORMAL,NO_ACTION,False,0.0
2026-08-12T01:22:55.515879,0.4323049860506867,0.028249813970404446,0.0,False,0,0.0,False,0.0,-10.352698601682079,13.73893726056184,2.198591800991778,CENTER,0.0,0.9576677077209486,0.02236686340900618,NORMAL,STABLE,NORMAL,NO_ACTION,False,0.0
2026-08-12T01:22:55.548096,0.4247929073212147,0.1469131610583966,0.0,False,0,0.0,False,0.0,-10.985763267744858,15.788899262419022,1.8263166811159124,CENTER,0.0,0.9595402260312562,0.024126679249004475,NORMAL,STABLE,NORMAL,NO_ACTION,False,0.0
2026-08-12T01:22:55.580063,0.4074500808096319,0.022703098750431753,0.0,False,0,0.0,False,0.0,-11.061882017432055,15.827419423171875,1.2691066694343078,CENTER,0.0,0.9589562466318833,0.023684145762209317,NORMAL,STABLE,NORMAL,NO_ACTION,False,0.0
2026-08-12T01:22:55.612334,0.42971574588080713,0.009748521196942707,0.0,False,0,0.0,False,0.0,-10.907805028464594,17.476453442062336,0.5254678958784211,CENTER,0.0,0.9590193215081815,0.024015956720608772,NORMAL,STABLE,NORMAL,NO_ACTION,False,0.0
2026-08-12T01:22:55.644469,0.4164517383156717,0.012511933290017483,0.0,False,0,0.0,False,0.0,-11.218978728093134,16.15575467335637,-0.7367511646718867,CENTER,0.0,0.959729606818293,0.023557896467266623,NORMAL,STABLE,NORMAL,NO_ACTION,False,0.0
2026-08-12T01:22:55.677693,0.42404858232026554,0.02949592310856374,0.0,False,0,0.0,False,0.0,-12.264854496651168,17.097762232653082,-2.351845925236802,CENTER,0.0,0.9604512526332549,0.026853379046440164,NORMAL,STABLE,NORMAL,NO_ACTION,False,0.0
2026-08-12T01:22:55.724696,0.4541128695374289,0.024655700965355572,0.0,False,0,0.0,False,0.0,-11.19986935752658,20.899858435013243,-3.4778518056923815,CENTER,0.0,0.9611726251714678,0.029703703317014885,NORMAL,STABLE,NORMAL,NO_ACTION,False,0.0
2026-08-12T01:22:55.756805,0.4061621425046558,0.016797230357467222,0.0,False,0,0.0,False,0.0,-10.8986812100203,22.410950543256263,-4.979527856682068,CENTER,0.0,0.9619983894277876,0.03198761560252028,NORMAL,STABLE,NORMAL,NO_ACTION,False,0.0
2026-08-12T01:22:55.789108,0.41781352390933685,0.27175500870616714,0.0,False,0,0.0,False,0.0,-10.076154924306593,24.159057822794693,-6.595005859966733,CENTER,0.0,0.9619762279847638,0.034046665459786324,NORMAL,STABLE,NORMAL,NO_ACTION,False,0.0
2026-08-12T01:22:55.820421,0.42457876367817154,0.4351867372250032,0.0,False,0,0.0,False,0.0,-9.674736001986844,26.957792728366798,-7.7357983327437125,CENTER,0.0,0.9620718618337253,0.043976183074419015,NORMAL,STABLE,NORMAL,NO_ACTION,False,0.0
2026-08-12T01:22:55.852632,0.4623189161083435,0.40552281974090487,0.0,False,0,0.0,False,0.0,-9.956342976192758,28.06628554922753,-8.57679492085606,CENTER,0.0,0.9622031127523025,0.039859130538019136,NORMAL,STABLE,NORMAL,NO_ACTION,False,0.0
2026-08-12T01:22:55.884314,0.4822697536448597,0.12971572322490837,0.0,False,0,0.0,False,0.0,-10.66991636580255,27.281471097638814,-9.734261225942788,CENTER,0.0,0.9626093581594161,0.03999161787824961,NORMAL,STABLE,NORMAL,NO_ACTION,False,0.0
2026-08-12T01:22:55.916454,0.47303779424437387,0.00654743536041164,0.0,False,0,0.0,False,0.0,-10.293017049394962,25.898218845718276,-10.198439826092795,CENTER,0.0,0.9617421339163238,0.03906177153922719,NORMAL,STABLE,NORMAL,NO_ACTION,False,0.0
2026-08-12T01:22:55.947700,0.453987396705283,0.010025930358092983,0.0,False,0,0.0,False,0.0,-9.726686683231804,26.459323984154196,-10.634211492870065,CENTER,0.0,0.9614564425950423,0.03934583597823154,NORMAL,STABLE,NORMAL,NO_ACTION,False,0.0
2026-08-12T01:22:55.981672,0.446437592021957,0.011564310603888156,0.0,False,0,0.0,False,0.0,-9.834438400808295,26.214896851394172,-11.399501668439626,CENTER,0.0,0.9602160264182833,0.04002081189410692,NORMAL,STABLE,NORMAL,NO_ACTION,False,0.0
2026-08-12T01:22:56.047575,0.49620874704689666,0.16275177670696517,0.0,False,0,0.0,False,0.0,-9.016315840262365,29.303487120481776,-12.300169680550141,CENTER,0.0,0.9620600458676271,0.042368511833428185,NORMAL,STABLE,NORMAL,NO_ACTION,False,0.0
2026-08-12T01:22:56.077030,0.5209516853070932,0.13209148738926157,0.0,False,0,0.0,False,0.0,-9.48695101445179,30.348120304774937,-12.63788756177226,CENTER,0.0,0.964156104558593,0.043926307924003934,NORMAL,STABLE,NORMAL,NO_ACTION,False,0.0
2026-08-12T01:22:56.108688,0.4916529137167742,0.19862825270815787,0.0,False,0,0.0,False,0.0,-9.651042890603634,32.0547062403794,-13.413402063390777,CENTER,0.0,0.9654969043944738,0.046098401855286554,NORMAL,STABLE,NORMAL,NO_ACTION,False,0.0
2026-08-12T01:22:56.126866,0.5130296211347005,0.1607365644358257,0.0,False,0,0.0,False,0.0,-9.370133608987032,32.21924579880229,-13.361228872441018,CENTER,0.0,0.9655120387210955,0.04589320677483341,NORMAL,STABLE,NORMAL,NO_ACTION,False,0.0
2026-08-12T01:22:56.147871,0.5022402222246674,0.13185600978944242,0.0,False,0,0.0,False,0.0,-9.760545897880235,32.702229980274524,-14.13227495825521,CENTER,0.0,0.9650995730146483,0.0473843280214873,NORMAL,STABLE,NORMAL,NO_ACTION,False,0.0
2026-08-12T01:22:56.173407,0.5054666558445189,0.09909588690608356,0.0,False,0,0.0,False,0.0,-9.442873926332851,32.509275065906735,-14.438988165561057,CENTER,0.0,0.9642050471230158,0.047231981262211044,NORMAL,STABLE,NORMAL,NO_ACTION,False,0.0
2026-08-12T01:22:56.205297,0.5211375586716512,0.01815073662376655,0.0,False,0,0.0,False,0.0,-10.442878443630974,33.32394887118372,-15.06444269671502,UP,0.0,0.9637083210856359,0.07584339629016404,NORMAL,STABLE,NORMAL,NO_ACTION,False,0.0
2026-08-12T01:22:56.253629,0.5598140385963665,0.009933715271166663,0.0,False,0,0.0,False,0.0,5.810752631834816,51.47799193564563,175.89550547971754,UP,0.04833221435546875,0.9302318089798076,0.09648621882658781,NORMAL,STABLE,NORMAL,NO_ACTION,False,0.0
2026-08-12T01:22:56.284431,0.5494807113049929,0.016475507551550066,0.0,False,0,0.0,False,0.0,5.258776119387647,51.464955605261366,175.41666919988995,UP,0.07913351058959961,0.9293954859962889,0.09605134271667964,NORMAL,STABLE,NORMAL,NO_ACTION,False,0.0
2026-08-12T01:22:56.316396,0.5408569030289192,0.01306437991521805,0.0,False,0,0.0,False,0.0,5.3788221638515665,51.12055010293963,175.70052089657884,UP,0.1110990047454834,0.9296380977003926,0.09594431159158498,NORMAL,STABLE,NORMAL,NO_ACTION,False,0.0
2026-08-12T01:22:56.349840,0.521183113697276,0.12853582210779202,0.0,False,0,0.0,False,0.0,23.983146175233003,8.329967600005233,172.42469613428386,UP,0.14454317092895508,0.9313140486958241,0.085502235531984,NORMAL,STABLE,NORMAL,NO_ACTION,False,0.0
2026-08-12T01:22:56.382069,0.49830640356023315,0.3321841790473832,0.0,False,0,0.0,False,0.0,-7.755088205186013,35.220409693969145,-14.269008701619327,UP,0.1767714023590088,0.9651619451793062,0.07382657740926442,NORMAL,STABLE,NORMAL,NO_ACTION,False,0.0
2026-08-12T01:22:56.446718,0.49575935041923025,0.4792067731791125,0.0,False,0,0.0,False,0.0,-7.222303274469141,33.47337843162197,-12.18151619606678,CENTER,0.0,0.9648067114320007,0.05965623158754026,NORMAL,STABLE,NORMAL,NO_ACTION,False,0.0
2026-08-12T01:22:56.477746,0.4543370567754155,0.5461752798003506,0.0,False,0,0.0,False,0.0,-6.240982746177309,31.95184899130743,-10.3686165436323,CENTER,0.0,0.9639621301195376,0.06941648403295084,NORMAL,STABLE,NORMAL,NO_ACTION,False,0.0
2026-08-12T01:22:56.509090,0.45036772703304584,0.4932843284290709,0.0,False,0,0.0,False,0.0,-5.47262705680302,31.169971114760216,-8.100194239385559,CENTER,0.0,0.9622466678608171,0.055120564737869235,NORMAL,STABLE,NORMAL,NO_ACTION,False,0.0
2026-08-12T01:22:56.541791,0.44924151467011797,0.26219797505190656,0.0,False,0,0.0,False,0.0,-5.122389299952317,22.946155354390186,-5.494704169388029,CENTER,0.0,0.9609682532027729,0.027231799895116593,NORMAL,STABLE,NORMAL,NO_ACTION,False,0.0
2026-08-12T01:22:56.573152,0.4281637259995186,0.17698182379938912,0.0,False,0,0.0,False,0.0,-3.8197815066779697,13.575507028972794,-2.4292742921731474,CENTER,0.0,0.9614585116904272,0.01607941274597631,NORMAL,STABLE,NORMAL,NO_ACTION,False,0.0
2026-08-12T01:22:56.605117,0.4271433700741825,0.1466953221551796,0.0,False,0,0.0,False,0.0,-3.990605634594118,-15.949624426094118,3.2463882478030257,CENTER,0.0,0.9604794652042915,0.01878875027292837,NORMAL,STABLE,NORMAL,NO_ACTION,False,0.0
2026-08-12T01:22:56.637328,0.42485481729822994,0.19415673053892585,0.0,False,0,0.0,False,0.0,-4.379161254082248,-20.203898981184807,5.010313328660203,CENTER,0.0,0.9601835194983342,0.024017704354276102,NORMAL,STABLE,NORMAL,NO_ACTION,False,0.0
2026-08-12T01:22:56.655335,0.37911616512734503,0.17500289978807124,0.0,False,0,0.0,False,0.0,-3.8392436408481956,-18.57803783680771,4.9013303409021205,CENTER,0.0,0.9601488003380366,0.022189350396840505,NORMAL,STABLE,NORMAL,NO_ACTION,False,0.0
2026-08-12T01:22:56.676345,0.4239580943487976,0.20021600895157377,0.0,False,0,0.0,False,0.0,-4.32069428045159,-22.393764961970476,6.523576179069721,CENTER,0.0,0.9608255637002744,0.027048684458972384,NORMAL,STABLE,NORMAL,NO_ACTION,False,0.0
2026-08-12T01:22:56.701498,0.44295649641433354,0.24364154441959704,0.0,False,0,0.0,False,0.0,-6.012190266460777,-26.184096902364985,7.514253284627841,CENTER,0.0,0.9608428582145307,0.03245548863009716,NORMAL,STABLE,NORMAL,NO_ACTION,False,0.0
2026-08-12T01:22:56.733198,0.4264350094445458,0.2303089428264394,0.0,False,0,0.0,False,0.0,-6.7485579307830506,-28.640971726388102,8.081033430315927,CENTER,0.0,0.9611375416421712,0.03553403809293667,NORMAL,STABLE,NORMAL,NO_ACTION,False,0.0
2026-08-12T01:22:56.781778,0.48000905474653377,0.19098512925798042,0.0,False,0,0.0,False,0.0,-8.111527569237722,-28.649699789545878,9.056074512827081,CENTER,0.0,0.9611027574159807,0.03782847034138171,NORMAL,STABLE,NORMAL,NO_ACTION,False,0.0
2026-08-12T01:22:56.847479,0.4665573844931795,0.005544300242541379,0.0,False,0,0.0,False,0.0,-9.251286298356376,-29.71023005148234,9.536270385771445,CENTER,0.0,0.9590339092813052,0.04019218457509895,NORMAL,STABLE,NORMAL,NO_ACTION,False,0.0
2026-08-12T01:22:56.876225,0.4224009153471072,0.002969603107549346,0.0,False,0,0.0,False,0.0,-9.261441853267257,-28.913303628867794,9.21025972200681,CENTER,0.0,0.9579620528059475,0.03929816552695151,NORMAL,STABLE,NORMAL,NO_ACTION,False,0.0
2026-08-12T01:22:56.911263,0.4592886375448752,0.006442726582949407,0.0,False,0,0.0,False,0.0,-8.108063201155346,-28.24387995351836,8.28639327048029,CENTER,0.0,0.957037089089751,0.03677399606128178,NORMAL,STABLE,NORMAL,NO_ACTION,False,0.0
2026-08-12T01:22:56.941758,0.41703475797682377,0.05820333070519172,0.0,False,0,0.0,False,0.0,-7.365983059949883,-28.84528703136175,7.939357008763068,CENTER,0.0,0.9560660457084068,0.03614957614039788,NORMAL,STABLE,NORMAL,NO_ACTION,False,0.0
2026-08-12T01:22:56.973024,0.417853962096003,0.18048652719111904,0.0,False,0,0.0,False,0.0,-7.8706983289201276,-27.765570401443853,6.825069547049225,CENTER,0.0,0.9574244263484716,0.034760561111237515,NORMAL,STABLE,NORMAL,NO_ACTION,False,0.0
2026-08-12T01:22:57.003904,0.4424885959965753,0.2631154128287321,0.0,False,0,0.0,False,0.0,-6.052739940062793,-27.20241540376412,6.688152616128747,CENTER,0.0,0.9588555766828336,0.03243414283477794,NORMAL,STABLE,NORMAL,NO_ACTION,False,0.0
2026-08-12T01:22:57.037228,0.4542388059364443,0.4275020314666884,0.0,False,0,0.0,False,0.0,-6.144053099961269,-25.510006894512856,5.626108507830764,CENTER,0.0,0.9602950944909857,0.035831839286574484,NORMAL,STABLE,NORMAL,NO_ACTION,False,0.0
2026-08-12T01:22:57.069270,0.46404314042705386,0.40984081861624244,0.0,False,0,0.0,False,0.0,-5.837246376627604,-12.73359757220328,3.313475817939775,CENTER,0.0,0.9601131051893493,0.020301277862256283,NORMAL,STABLE,NORMAL,NO_ACTION,False,0.0
2026-08-12T01:22:57.101389,0.449276763191519,0.543849639106615,0.0,False,0,0.0,False,0.0,-6.576948684260174,25.82668903037296,-3.3019436003457088,CENTER,0.0,0.9609270014268568,0.05786132515310699,NORMAL,STABLE,NORMAL,NO_ACTION,False,0.0
2026-08-12T01:22:57.132438,0.4567500415579109,0.5316555261916509,0.0,False,0,0.0,False,0.0,-7.441981182379067,30.470242849675003,-5.505717382205432,CENTER,0.0,0.9611231881062611,0.061794253977821983,NORMAL,STABLE,NORMAL,NO_ACTION,False,0.0
2026-08-12T01:22:57.165528,0.4471919130118839,0.6094733571857819,0.0,False,0,0.0,False,0.0,-7.383254792961395,31.97804473451893,-6.43773350501516,CENTER,0.0,0.9605351485951891,0.11829710810262381,NORMAL,STABLE,NORMAL,NO_ACTION,False,0.0
2026-08-12T01:22:57.183356,0.4309487550282449,0.6643727068575918,0.0,False,0,0.0,False,0.0,-9.331867499331679,32.63560098372733,-7.092619633918446,CENTER,0.0,0.9605574271568196,0.12132757018395009,NORMAL,STABLE,NORMAL,NO_ACTION,False,0.0
2026-08-12T01:22:57.230055,0.45665444680069445,0.2530039554686714,0.0,False,0,0.0,False,0.0,-9.934899479935751,36.30820808804657,-11.106233140280239,CENTER,0.0,0.9605251544740839,0.047240270469833014,NORMAL,STABLE,NORMAL,NO_ACTION,False,0.0
2026-08-12T01:22:57.261537,0.5015615486400102,0.05285131541405199,0.0,False,0,0.0,False,0.0,-11.534779662524471,36.548534981399115,-12.422704806770923,CENTER,0.0,0.9612274887321185,0.05027066502329731,NORMAL,STABLE,NORMAL,NO_ACTION,False,0.0
2026-08-12T01:22:57.310565,0.5108845991959198,0.031409066330342336,0.0,False,0,0.0,False,0.0,-0.34491393143761684,53.17770291639013,176.8843673470377,CENTER,0.0,0.9287440184031862,0.06597856005929119,NORMAL,STABLE,NORMAL,NO_ACTION,False,0.0
2026-08-12T01:22:57.341443,0.5245236188278409,0.06749442176658116,0.0,False,0,0.0,False,0.0,-13.1876129888486,37.660550848030766,-14.046948899788447,CENTER,0.0,0.9623624070705958,0.05429386294192875,NORMAL,STABLE,NORMAL,NO_ACTION,False,0.0
2026-08-12T01:22:57.372152,0.5255097368445203,0.020656572302107663,0.0,False,0,0.0,False,0.0,-13.79908721817094,37.4010406331077,-15.154767997012499,CENTER,0.0,0.9632435814410641,0.055785927730366204,NORMAL,STABLE,NORMAL,NO_ACTION,False,0.0
2026-08-12T01:22:57.404293,0.5161127531297771,0.013036271401999037,0.0,False,0,0.0,False,0.0,1.3129876814055024,57.659116393738174,175.90045157876312,CENTER,0.0,0.9297383544172343,0.06932991615994416,NORMAL,STABLE,NORMAL,NO_ACTION,False,0.0
2026-08-12T01:22:57.437736,0.5513210708663538,0.011492046945976343,0.0,False,0,0.0,False,0.0,2.5162164936696456,57.94674673671827,177.304609966398,UP,0.0,0.9287289509923696,0.09769157815142668,NORMAL,STABLE,NORMAL,NO_ACTION,False,0.0
2026-08-12T01:22:57.468038,0.5273356524187816,0.0033840803212756175,0.0,False,0,0.0,False,0.0,1.825766442422804,58.96027589037334,176.19292442711827,UP,0.03030228614807129,0.928209508601966,0.09774553324970715,NORMAL,STABLE,NORMAL,NO_ACTION,False,0.0
2026-08-12T01:22:57.501281,0.5042165991189389,0.008942056620828085,0.0,False,0,0.0,False,0.0,2.16752345349542,58.12875070361039,175.35828265233476,UP,0.06354522705078125,0.9275546228806381,0.09752731331412162,NORMAL,STABLE,NORMAL,NO_ACTION,False,0.0
2026-08-12T01:22:57.533116,0.5143796642019737,0.011684736712064913,0.0,False,0,0.0,False,0.0,0.24768314145657655,59.022262085396164,174.93348366569774,UP,0.09537959098815918,0.9264832156150996,0.09655986519074038,NORMAL,STABLE,NORMAL,NO_ACTION,False,0.0
2026-08-12T01:22:57.565243,0.511023636040246,0.016609554417814334,0.0,False,0,0.0,False,0.0,-1.5457903227451766,58.35809307187316,173.73184209861188,UP,0.12750720977783203,0.9265992183417434,0.09717916211080913,NORMAL,STABLE,NORMAL,NO_ACTION,False,0.0
2026-08-12T01:22:57.597364,0.5152667240666016,0.019205226120325252,0.0,False,0,0.0,False,0.0,-1.0397317711241385,59.107528022811294,173.60164229602123,UP,0.15962767601013184,0.9282327317672611,0.09722252762872743,NORMAL,STABLE,NORMAL,NO_ACTION,False,0.0
2026-08-12T01:22:57.629922,0.5030818317417317,0.013404105025588345,0.0,False,0,0.0,False,0.0,0.39357997080907126,58.64467885308204,174.65805943662133,UP,0.1921863555908203,0.9278594897583734,0.09645358303643005,NORMAL,STABLE,NORMAL,NO_ACTION,False,0.0
2026-08-12T01:22:57.661194,0.5183937795049793,0.012629415322716475,0.0,False,0,0.0,False,0.0,-2.610555092979837,58.85084750539744,173.84936116014626,UP,0.22345805168151855,0.9279664696318343,0.09828953493569031,NORMAL,STABLE,NORMAL,NO_ACTION,False,0.0
2026-08-12T01:22:57.692955,0.523198921763766,0.0021829272385255386,0.0,False,0,0.0,False,0.0,21.66564663147696,8.291991580666235,176.1294747857221,UP,0.2552189826965332,0.9287389037774961,0.08368611714312792,NORMAL,STABLE,NORMAL,NO_ACTION,False,0.0
2026-08-12T01:22:57.725410,0.5433716801264359,0.1486462236594798,0.0,False,0,0.0,False,0.0,-37.40609738745013,-71.89119587131346,18.873956505810952,UP,0.2876744270324707,0.9296393794984771,0.1056681453366087,NORMAL,STABLE,NORMAL,NO_ACTION,False,0.0
2026-08-12T01:22:57.756917,0.5192067240587475,0.3589999835560967,0.0,False,0,0.0,False,0.0,-37.368976894946655,-71.96361339894118,16.77184283573115,UP,0.319180965423584,0.9295251738024816,0.10401207839650126,NORMAL,STABLE,NORMAL,NO_ACTION,False,0.0
2026-08-12T01:22:57.788524,0.5096084998429534,0.46344779821027815,0.0,False,0,0.0,False,0.0,-13.778532025980809,43.33609999090925,-18.38324756048067,UP,0.3507876396179199,0.9627164826450126,0.10260005756572685,NORMAL,STABLE,NORMAL,NO_ACTION,False,0.0
2026-08-12T01:22:57.836276,0.4735357270806334,0.5189906099723486,0.0,False,0,0.0,False,0.0,-14.902213394264265,42.51941822154129,-18.595683076930214,UP,0.3985402584075928,0.9625170817105133,0.11459738246845055,NORMAL,STABLE,NORMAL,NO_ACTION,False,0.0
2026-08-12T01:22:57.868955,0.5463214278249598,0.1745004975601617,0.0,False,0,0.0,False,0.0,-13.397232898050675,40.51958193760598,-17.913240062175134,UP,0.43121933937072754,0.9619311633475407,0.08680382959760567,NORMAL,STABLE,NORMAL,NO_ACTION,False,0.0
2026-08-12T01:22:57.900257,0.5067553446354118,0.06747549273766702,0.0,False,0,0.0,False,0.0,2.4222161715784125,60.63297980723206,174.98839154742882,UP,0.4625208377838135,0.9292161347976478,0.09881093799190116,NORMAL,STABLE,NORMAL,NO_ACTION,False,0.0
2026-08-12T01:22:57.933046,0.5680405976061839,0.027805569352642338,0.0,False,0,0.0,False,0.0,2.8866840361660593,61.80571209200244,175.39797850228598,UP,0.49531030654907227,0.9302581361071306,0.09917050118920775,NORMAL,STABLE,NORMAL,NO_ACTION,False,0.0
2026-08-12T01:22:57.964888,0.552714306771611,0.010744469357725722,0.0,False,0,0.0,False,0.0,0.49461088961746213,60.025542171610454,173.44284089104582,UP,0.5271522998809814,0.931173691805576,0.09400859973567088,NORMAL,STABLE,NORMAL,NO_ACTION,False,0.0
2026-08-12T01:22:57.996996,0.5242242452256046,0.03309679113311469,0.0,False,0,0.0,False,0.0,-0.07345073900489751,60.13526791420202,174.23306969052646,UP,0.5592596530914307,0.931713957131528,0.09514147781199807,NORMAL,STABLE,NORMAL,NO_ACTION,False,0.0
2026-08-12T01:22:58.029177,0.5363484563657583,0.01518971794251228,0.0,False,0,0.0,False,0.0,0.936624687911376,60.20046543535949,174.6859357471144,UP,0.5914411544799805,0.9316174452757569,0.09727197960518635,NORMAL,STABLE,NORMAL,NO_ACTION,False,0.0
2026-08-12T01:22:58.060805,0.5472871121578069,0.020526415944338367,0.0,False,0,0.0,False,0.0,-0.41400103560843604,59.58330864226997,173.80306981346644,UP,0.6230690479278564,0.9311603208922243,0.09806259159270868,NORMAL,STABLE,NORMAL,NO_ACTION,False,0.0
2026-08-12T01:22:58.093037,0.5340724988300101,0.026536917121862777,0.0,False,0,0.0,False,0.0,-0.7901940225118267,58.38009953546589,173.90637468142245,UP,0.6553013324737549,0.9302392484353568,0.09911982010556697,NORMAL,STABLE,NORMAL,NO_ACTION,False,0.0
2026-08-12T01:22:58.125376,0.5127137029252272,0.005706569812396363,0.0,False,0,0.0,False,0.0,0.032323167175462686,58.30882268094865,174.03230219483908,UP,0.6876399517059326,0.9298584161711452,0.09996116163896931,NORMAL,STABLE,NORMAL,NO_ACTION,False,0.0
2026-08-12T01:22:58.156197,0.5004608914131347,0.013342077185283404,0.0,False,0,0.0,False,0.0,-0.18406944338957487,58.207997718568805,173.79159240135493,UP,0.7184610366821289,0.9302971806821151,0.10142056376489417,NORMAL,STABLE,NORMAL,NO_ACTION,False,0.0
2026-08-12T01:22:58.189036,0.5071035025367585,0.013768976926240578,0.0,False,0,0.0,False,0.0,-0.05719776168677981,57.566483789693336,174.25807596070752,UP,0.7513003349304199,0.9308441942979824,0.10244205470403236,NORMAL,STABLE,NORMAL,NO_ACTION,False,0.0
2026-08-12T01:22:58.221056,0.468946551160303,0.01006647329085942,0.0,False,0,0.0,False,0.0,-3.0268619406751895,56.70446648020214,172.35778961101823,UP,0.7833194732666016,0.9312313098861373,0.10569540586502016,NORMAL,STABLE,NORMAL,NO_ACTION,False,0.0
2026-08-12T01:22:58.253330,0.5266132385591861,0.02361045115031796,0.0,False,0,0.0,False,0.0,-1.778604174732493,56.36638316656794,173.4430102978506,RIGHT,0.815593957901001,0.9310488547254678,0.10599929585488221,NORMAL,STABLE,NORMAL,NO_ACTION,False,0.0
2026-08-12T01:22:58.284460,0.5094081242470623,0.018641246776314943,0.0,False,0,0.0,False,0.0,-2.651666213745955,56.59865182683663,173.5007215224731,RIGHT,0.8467235565185547,0.9309840610889631,0.10822451172726133,NORMAL,STABLE,NORMAL,NO_ACTION,False,0.0
2026-08-12T01:22:58.317948,0.5094030114912188,0.0320201090605845,0.0,False,0,0.0,False,0.0,-2.012496945197597,55.66463483167951,173.6110084726555,RIGHT,0.8802120685577393,0.9303016544087629,0.10870908320273029,NORMAL,STABLE,NORMAL,NO_ACTION,False,0.0
2026-08-12T01:22:58.365975,0.5039795658375082,0.01757449640644175,0.0,False,0,0.0,False,0.0,-3.077696027120453,55.34887316456454,173.71889470337737,RIGHT,0.9282393455505371,0.9298944573172847,0.11153265870176068,NORMAL,STABLE,NORMAL,NO_ACTION,False,0.0
2026-08-12T01:22:58.397277,0.49904795679802905,0.012703093293707323,0.0,False,0,0.0,False,0.0,-4.644414997787578,54.06570908977022,173.57479111223057,RIGHT,0.9595410823822021,0.9301598272207116,0.11342281601493158,NORMAL,STABLE,NORMAL,NO_ACTION,False,0.0
2026-08-12T01:22:58.429504,0.4982800722402738,0.021629619422178108,0.0,False,0,0.0,False,0.0,-16.916862051407918,35.09961706278128,-15.957746250479147,RIGHT,0.9917676448822021,0.9621260617222712,0.10160909715016092,NORMAL,STABLE,NORMAL,NO_ACTION,False,0.0
2026-08-12T01:22:58.461436,0.5058643169023267,0.343276643802181,0.0,False,0,0.0,False,0.0,-17.86103822568853,35.06061753068613,-16.605525920119618,RIGHT,1.02370023727417,0.9614422452172742,0.1045446396887297,NORMAL,STABLE,NORMAL,NO_ACTION,False,0.0
2026-08-12T01:22:58.493445,0.436276236419175,0.17053164685189756,0.0,False,0,0.0,False,0.0,-17.239603362395854,33.95847402637304,-15.688965503449367,RIGHT,1.055708646774292,0.9605977810234175,0.10364017429810944,NORMAL,STABLE,NORMAL,NO_ACTION,False,0.0
2026-08-12T01:22:58.525992,0.46839052737681725,0.2875113300118225,0.0,False,0,0.0,False,0.0,-17.26365168833641,31.608335280660242,-15.513570463929483,UP,1.0882563591003418,0.9600562766387419,0.10320047629024345,NORMAL,STABLE,NORMAL,NO_ACTION,False,0.0
2026-08-12T01:22:58.557548,0.46012741209488706,0.27798019834476584,0.0,False,0,0.0,False,0.0,-18.57939175982125,29.890060116545214,-14.391692650343515,UP,1.1198115348815918,0.9593144603970704,0.10351866390952943,NORMAL,STABLE,NORMAL,NO_ACTION,False,0.0
2026-08-12T01:22:58.589236,0.42999398073759365,0.2507150876972878,0.0,False,0,0.0,False,0.0,-20.647778867138072,29.094254348833005,-14.126727431346751,CENTER,0.0,0.958754282101215,0.05538524253097144,NORMAL,STABLE,NORMAL,NO_ACTION,False,0.0
2026-08-12T01:22:58.620573,0.4379049911151351,0.07136073175242104,0.0,False,0,0.0,False,0.0,-21.404610346943088,29.39135160739886,-13.32426524907109,CENTER,0.0,0.958981427132324,0.05555864656130106,NORMAL,STABLE,NORMAL,NO_ACTION,False,0.0
2026-08-12T01:22:58.653261,0.46164524602933577,0.020505570864620768,0.0,False,0,0.0,False,0.0,-22.948060970536886,28.326934713281332,-13.312127944364363,CENTER,0.0,0.9590933404676171,0.056275976313475556,NORMAL,STABLE,NORMAL,NO_ACTION,False,0.0
2026-08-12T01:22:58.685158,0.4402945259836363,0.01972224343488305,0.0,False,0,0.0,False,0.0,-24.783203908552167,24.563401123149845,-11.7447215864035,CENTER,0.0,0.9584977012602882,0.05377568446139225,NORMAL,STABLE,NORMAL,NO_ACTION,False,0.0
2026-08-12T01:22:58.717342,0.4389547705734424,0.014989954208646815,0.0,False,0,0.0,False,0.0,-27.15436208913968,20.90744779175165,-11.433294778944742,CENTER,0.0,0.9576547596083186,0.05310803637870191,NORMAL,STABLE,NORMAL,NO_ACTION,False,0.0
2026-08-12T01:22:58.749949,0.37866792417171957,0.013004736761174446,0.0,False,0,0.0,False,0.0,-28.21303092890355,19.63118413608467,-10.939197058950043,CENTER,0.0,0.95676266718107,0.05272380376158703,NORMAL,STABLE,NORMAL,NO_ACTION,False,0.0
2026-08-12T01:22:58.781349,0.3932019143757721,0.009179737189583717,0.0,False,0,0.0,False,0.0,-29.447513896925216,15.848090558400145,-10.727310240570063,CENTER,0.0,0.9559538981359006,0.05094787689941584,NORMAL,STABLE,NORMAL,NO_ACTION,False,0.0
2026-08-12T01:22:58.813314,0.4036431391650128,0.014610556188769209,0.0,False,0,0.0,False,0.0,-30.267275835434617,15.454138550909533,-10.270376758867656,CENTER,0.0,0.9555948124877524,0.051013801159085936,NORMAL,STABLE,NORMAL,NO_ACTION,False,0.0
2026-08-12T01:22:58.845521,0.3977242368311439,0.010213180337055157,0.0,False,0,0.0,False,0.0,-30.123925781636473,14.29232927123212,-9.883656170437149,CENTER,0.0,0.9569447345617775,0.049642334821700565,NORMAL,STABLE,NORMAL,NO_ACTION,False,0.0
2026-08-12T01:22:58.893947,0.39663928230295353,0.011051961753761556,0.0,False,0,0.0,False,0.0,-31.07140780568696,15.47305787601789,-9.554476003041486,CENTER,0.0,0.9570350590339016,0.05111403220450498,NORMAL,STABLE,NORMAL,NO_ACTION,False,0.0
2026-08-12T01:22:58.925994,0.41403022386192123,0.015621295587354386,0.0,False,0,0.0,False,0.0,-31.195143194196476,15.16890612481643,-9.117530962084345,CENTER,0.0,0.9563191390174897,0.05058428174861569,NORMAL,STABLE,NORMAL,NO_ACTION,False,0.0
2026-08-12T01:22:58.956425,0.38984843144843795,0.011256082833605555,0.0,False,0,0.0,False,0.0,-28.871195533344633,14.509687748782198,-8.796314516839544,CENTER,0.0,0.9564978620113169,0.04751182521853515,NORMAL,STABLE,NORMAL,NO_ACTION,False,0.0
2026-08-12T01:22:58.989440,0.405785887663237,0.017863327374104288,0.0,False,0,0.0,False,0.0,-27.63326512774026,14.032976828611226,-8.080331684274995,CENTER,0.0,0.956008735670194,0.045249795440767675,NORMAL,STABLE,NORMAL,NO_ACTION,False,0.0
2026-08-12T01:22:59.020174,0.4074697560752145,0.015384577702978984,0.0,False,0,0.0,False,0.0,-25.470834505946556,12.155630329942284,-6.996391549119494,CENTER,0.0,0.9552590724818735,0.040694921291237286,NORMAL,STABLE,NORMAL,NO_ACTION,False,0.0
2026-08-12T01:22:59.052958,0.40406964161573955,0.01230354049743876,0.0,False,0,0.0,False,0.0,-22.38154029914469,11.687869451723373,-6.508361980195218,CENTER,0.0,0.9553252835341957,0.03685075706005131,NORMAL,STABLE,NORMAL,NO_ACTION,False,0.0
2026-08-12T01:22:59.084347,0.35096798412054897,0.013051001092977126,0.0,False,0,0.0,False,0.0,-19.881877463672396,8.165033258433652,-5.022592474557399,CENTER,0.0,0.9562746599733,0.030364888848744012,NORMAL,STABLE,NORMAL,NO_ACTION,False,0.0
2026-08-12T01:22:59.117139,0.3984179360668706,0.015300367729674537,0.0,False,0,0.0,False,0.0,-19.30239121522186,5.148202328426265,-4.335501259287412,CENTER,0.0,0.9555348347479425,0.026911139330832324,NORMAL,STABLE,NORMAL,NO_ACTION,False,0.0
2026-08-12T01:22:59.148397,0.3622811666946709,0.007129084032155025,0.0,False,0,0.0,False,0.0,-17.221631927993343,-0.04702357862154827,-2.5949105147042815,CENTER,0.0,0.9550840842702824,0.01942739623958365,NORMAL,STABLE,NORMAL,NO_ACTION,False,0.0
2026-08-12T01:22:59.181394,0.40409275343196993,0.011910648786362272,0.0,False,0,0.0,False,0.0,-16.070512010861023,-8.509215303922133,0.11363844882836815,CENTER,0.0,0.9559346126053302,0.02208361978238504,NORMAL,STABLE,NORMAL,NO_ACTION,False,0.0
2026-08-12T01:22:59.247227,0.4203860443245947,0.021987363416442994,0.0,False,0,0.0,False,0.0,-12.76893863709904,-11.079394789158528,0.7040753765981833,CENTER,0.0,0.9560033872538212,0.021316868516437788,NORMAL,STABLE,NORMAL,NO_ACTION,False,0.0
2026-08-12T01:22:59.277382,0.43745474740564017,0.33207641308190544,0.0,False,0,0.0,False,0.0,-12.02555045889693,-13.001098957677442,1.5447606929745916,CENTER,0.0,0.9561203497023809,0.022822550422439393,NORMAL,STABLE,NORMAL,NO_ACTION,False,0.0
2026-08-12T01:22:59.302498,0.43273054866302524,0.3079398074224399,0.0,False,0,0.0,False,0.0,-10.004203642055217,-15.504194901278169,1.911444698736318,CENTER,0.0,0.9560103753306877,0.023040449316301722,NORMAL,STABLE,NORMAL,NO_ACTION,False,0.0
2026-08-12T01:22:59.320759,0.4376535406365093,0.3984445988709379,0.0,False,0,0.0,False,0.0,-9.184760178965348,-24.90153015184913,3.1631839582817634,CENTER,0.0,0.9569998323596415,0.03036082450803534,NORMAL,STABLE,NORMAL,NO_ACTION,False,0.0
2026-08-12T01:22:59.341940,0.42135983386426346,0.3448189701017925,0.0,False,0,0.0,False,0.0,-6.570864326232993,-26.857567048997794,2.4877841289496985,CENTER,0.0,0.9569493672533315,0.028577514953711494,NORMAL,STABLE,NORMAL,NO_ACTION,False,0.0
2026-08-12T01:22:59.374056,0.4355110030837873,0.40159908157624036,0.0,False,0,0.0,False,0.0,-4.766725021001008,-28.27286960281495,2.1817397828574485,CENTER,0.0,0.9581338918283363,0.027876245207276017,NORMAL,STABLE,NORMAL,NO_ACTION,False,0.0
2026-08-12T01:22:59.421554,0.4626540035153791,0.2994351942327666,0.0,False,0,0.0,False,0.0,-5.533763155220953,-25.980199792752217,1.6107566462352736,CENTER,0.0,0.9598128911608369,0.02606035120432589,NORMAL,STABLE,NORMAL,NO_ACTION,False,0.0
2026-08-12T01:22:59.453363,0.4766106018022206,0.25614649869577444,0.0,False,0,0.0,False,0.0,-3.9358852320268056,-28.090588013908643,1.1210690216996682,CENTER,0.0,0.9600408430090143,0.02556636844580348,NORMAL,STABLE,NORMAL,NO_ACTION,False,0.0
2026-08-12T01:22:59.484686,0.4949955593951405,0.20137539476508648,0.0,False,0,0.0,False,0.0,-2.4763313935673636,-26.91652993701291,0.2936137239815366,CENTER,0.0,0.9599209135557515,0.022466535186239953,NORMAL,STABLE,NORMAL,NO_ACTION,False,0.0
2026-08-12T01:22:59.517171,0.48501306566320745,0.07504616192635158,0.0,False,0,0.0,False,0.0,-0.5120604705663823,-25.707197280869906,-0.3173399231954477,CENTER,0.0,0.9605407963146678,0.019679868910522837,NORMAL,STABLE,NORMAL,NO_ACTION,False,0.0
2026-08-12T01:22:59.549591,0.5174223029851177,0.042201326100948254,0.0,False,0,0.0,False,0.0,1.3446837975888855,-21.673347517370985,-1.0307019604742607,CENTER,0.0,0.9605845075813247,0.018232095238571815,NORMAL,STABLE,NORMAL,NO_ACTION,False,0.0
2026-08-12T01:22:59.580975,0.5256695145240099,0.007783574170213136,0.0,False,0,0.0,False,0.0,2.6103104073614816,-22.698894351071772,-1.798606742507701,CENTER,0.0,0.9601814504029492,0.020974867725929627,NORMAL,STABLE,NORMAL,NO_ACTION,False,0.0
2026-08-12T01:22:59.647356,0.5078333271878712,0.001756034958963832,0.0,False,0,0.0,False,0.0,5.888861968079425,-18.857575110578182,-3.680238471094242,CENTER,0.0,0.9648057354436117,0.023205334465326327,NORMAL,STABLE,NORMAL,NO_ACTION,False,0.0
2026-08-12T01:22:59.676096,0.5125301334760024,0.003161899474508877,0.0,False,0,0.0,False,0.0,3.7752075978993958,-19.937896608470282,-3.550394740126194,CENTER,0.0,0.9661742923892808,0.0218027192356909,NORMAL,STABLE,NORMAL,NO_ACTION,False,0.0
2026-08-12T01:22:59.709441,0.5241693269771167,0.005290966560465393,0.0,False,0,0.0,False,0.0,3.751787733468376,-20.003941581711985,-3.74851779766351,CENTER,0.0,0.9673607949674211,0.022022162174526228,NORMAL,STABLE,NORMAL,NO_ACTION,False,0.0
2026-08-12T01:22:59.740533,0.5518527704008117,0.007257897788995194,0.0,False,0,0.0,False,0.0,3.3914308290399333,-21.188205829611746,-3.4543660826528537,CENTER,0.0,0.9667430854093181,0.022250855667774825,NORMAL,STABLE,NORMAL,NO_ACTION,False,0.0
2026-08-12T01:22:59.773522,0.5474652928484541,0.0037256221293827793,0.0,False,0,0.0,False,0.0,3.263627747927899,-23.527188029161067,-3.397325093243751,CENTER,0.0,0.9655527049039779,0.023786696041821126,NORMAL,STABLE,NORMAL,NO_ACTION,False,0.0
2026-08-12T01:22:59.805536,0.5181878036188119,0.0010774443211393756,0.0,False,0,0.0,False,0.0,2.346490986457411,-18.65859868438747,-4.258461889614381,CENTER,0.0,0.9641333054698217,0.020158515850776205,NORMAL,STABLE,NORMAL,NO_ACTION,False,0.0
2026-08-12T01:22:59.827926,0.5287264186262838,0.003463747306628432,0.0,False,0,0.0,False,0.0,2.7444986864786074,-15.452352472864362,-4.166519375740364,CENTER,0.0,0.9641446269351363,0.018104762979469603,NORMAL,STABLE,NORMAL,NO_ACTION,False,0.0
2026-08-12T01:22:59.847491,0.5460988760219101,0.0008626843044654711,0.0,False,0,0.0,False,0.0,2.911646745562507,-21.639535265022772,-4.06657661294301,CENTER,0.0,0.9640754098385755,0.022711711268785288,NORMAL,STABLE,NORMAL,NO_ACTION,False,0.0
2026-08-12T01:22:59.872954,0.5303330434134643,0.0013826228832714439,0.0,False,0,0.0,False,0.0,2.3031373226243943,-23.671443194705972,-3.9019152036129583,CENTER,0.0,0.9652910359102489,0.023446420806193073,NORMAL,STABLE,NORMAL,NO_ACTION,False,0.0
2026-08-12T01:22:59.901365,0.5015144806212948,0.006044420179595693,0.0,False,0,0.0,False,0.0,3.0400977189412686,-24.33401182680629,-4.601804225675181,CENTER,0.0,0.9664725674541936,0.025338854305282682,NORMAL,STABLE,NORMAL,NO_ACTION,False,0.0
2026-08-12T01:22:59.949607,0.538163035994721,0.0010966748739220898,0.0,False,0,0.0,False,0.0,2.8604727619528774,-23.933984032608038,-4.796333183248066,CENTER,0.0,0.9672871143506272,0.025059833002524883,NORMAL,STABLE,NORMAL,NO_ACTION,False,0.0
2026-08-12T01:22:59.981058,0.5263950877663724,0.0004764993036279172,0.0,False,0,0.0,False,0.0,3.0442851964018587,-25.052366125982815,-4.71393002260038,CENTER,0.0,0.9685328919569371,0.025979928302872747,NORMAL,STABLE,NORMAL,NO_ACTION,False,0.0
2026-08-12T01:23:00.044204,0.5241524807594145,0.004674929114686153,0.0,False,0,0.0,False,0.0,4.080144130184863,-28.564869565121086,-5.367011240024397,CENTER,0.0,0.9678194444444446,0.03021081737975391,NORMAL,STABLE,NORMAL,NO_ACTION,False,0.0
2026-08-12T01:23:00.076594,0.5451321239490625,0.0011569378741426613,0.0,False,0,0.0,False,0.0,3.252667542034658,-26.539899960686228,-5.6001464359281385,CENTER,0.0,0.9671253605415933,0.028142924294655758,NORMAL,STABLE,NORMAL,NO_ACTION,False,0.0
2026-08-12T01:23:00.108228,0.534712691633362,0.0031137917142352867,0.0,False,0,0.0,False,0.0,2.9462066242548985,-28.457512841497362,-5.245895696979602,CENTER,0.0,0.9665671862752302,0.028903800088877427,NORMAL,STABLE,NORMAL,NO_ACTION,False,0.0
2026-08-12T01:23:00.140053,0.538099362610865,0.004836943685471866,0.0,False,0,0.0,False,0.0,2.6648859604453605,-28.8505665219418,-5.338693927906348,CENTER,0.0,0.9646677827380954,0.029007796005533333,NORMAL,STABLE,NORMAL,NO_ACTION,False,0.0
2026-08-12T01:23:00.172944,0.5228980985178149,0.011549647770292538,0.0,False,0,0.0,False,0.0,0.65228217010295,-30.66319791361144,-4.104206056115828,CENTER,0.0,0.9625486126420733,0.027160533468725958,NORMAL,STABLE,NORMAL,NO_ACTION,False,0.0
2026-08-12T01:23:00.204684,0.5306355933765955,0.0034207857658531153,0.0,False,0,0.0,False,0.0,1.644567204078868,-29.172008370512486,-3.450344874654917,CENTER,0.0,0.9615465458431315,0.02639724018639236,NORMAL,STABLE,NORMAL,NO_ACTION,False,0.0
2026-08-12T01:23:00.237435,0.388678810987434,0.003842594527205865,0.0,False,0,0.0,False,0.0,1.2591049329415114,-28.535162233550864,-2.288563457301791,CENTER,0.0,0.9603783137676365,0.024415651976082798,NORMAL,STABLE,NORMAL,NO_ACTION,False,0.0
2026-08-12T01:23:00.268502,0.16501494180884962,0.003418781071312002,0.0022522522522522522,True,0,0.0,False,0.0,0.16754247285231827,-27.905791545000625,-0.9464364225878796,CENTER,0.0,0.9592833458872232,0.20447863901273602,LOW,STABLE,NORMAL,NO_ACTION,False,0.0
2026-08-12T01:23:00.300491,0.1656804742556956,0.0018731127829441918,0.0044943820224719105,True,0,0.0,False,0.031989336013793945,-1.0531259985854717,-26.71599734883617,0.0947225002829839,UP,0.0,0.9589317167903684,0.22915947516063853,LOW,STABLE,NORMAL,NO_ACTION,False,0.031989336013793945
2026-08-12T01:23:00.332135,0.2514901336895375,0.005628295499048929,0.004484304932735426,False,1,0.06363344192504883,False,0.0,-3.439932036557394,-28.65762336980214,1.645379442243211,UP,0.03164410591125488,0.9873807361325445,0.11627396079024473,NORMAL,STABLE,NORMAL,NO_ACTION,False,0.0
2026-08-12T01:23:00.356081,0.214013492279034,0.003030548578932864,0.0044742729306487695,False,1,0.06363344192504883,False,0.0,-2.1713325209321397,-26.637664453697,1.3072381018886574,UP,0.055589914321899414,0.9873947348679699,0.1632367248516744,NORMAL,STABLE,NORMAL,NO_ACTION,False,0.0
2026-08-12T01:23:00.374456,0.3905973448700414,0.008784461241337057,0.004464285714285714,False,1,0.06363344192504883,False,0.0,-4.088611416293986,-31.393550436521025,1.8664222598117703,UP,0.07396459579467773,0.9864579180598423,0.05440759663299666,NORMAL,STABLE,NORMAL,NO_ACTION,False,0.0
2026-08-12T01:23:00.428201,0.4206546082377425,0.0054688876773720295,0.004454342984409799,False,1,0.06363344192504883,False,0.0,-5.669097445910069,-35.72571470064966,6.042500746077394,UP,0.12770986557006836,0.986150160215192,0.06307974035756823,NORMAL,STABLE,NORMAL,NO_ACTION,False,0.0
2026-08-12T01:23:00.476150,0.43562895288785597,0.028540501875404193,0.0044444444444444444,False,1,0.06363344192504883,False,0.0,-6.478073716101335,-36.00365034624264,6.471825061178436,UP,0.1756587028503418,0.9848248751500345,0.06447290925781501,NORMAL,STABLE,NORMAL,NO_ACTION,False,0.0
2026-08-12T01:23:00.508276,0.45625672669900985,0.03852463082754087,0.004434589800443459,False,1,0.06363344192504883,False,0.0,-7.091117934960266,-38.3332070745044,6.780142163656961,CENTER,0.0,0.9828615826474623,0.041042603722847536,NORMAL,STABLE,NORMAL,NO_ACTION,False,0.0
2026-08-12T01:23:00.540562,0.4685034423257084,0.10534043547171285,0.004424778761061947,False,1,0.06363344192504883,False,0.0,-7.610382803653863,-39.75106070535958,7.432450543662668,CENTER,0.0,0.981960492755487,0.04319479076980524,NORMAL,STABLE,NORMAL,NO_ACTION,False,0.0
2026-08-12T01:23:00.572275,0.47178360057060625,0.01662219008847751,0.004415011037527594,False,1,0.06363344192504883,False,0.0,5.935508906852192,-43.82036896458828,176.35109140420786,LEFT,0.0,0.9473380080625571,0.09061643915678733,NORMAL,STABLE,NORMAL,NO_ACTION,False,0.0
2026-08-12T01:23:00.605923,0.47278837409505337,0.020377278297700738,0.004405286343612335,False,1,0.06363344192504883,False,0.0,4.401663538710608,-43.674332412599966,177.89524132390352,LEFT,0.03364729881286621,0.9456351634837962,0.08936523036196735,NORMAL,STABLE,NORMAL,NO_ACTION,False,0.0
2026-08-12T01:23:00.636111,0.4742236027459843,0.043255307995247315,0.004395604395604396,False,1,0.06363344192504883,False,0.0,3.681170456327294,-43.86908916566858,177.408019857128,LEFT,0.06383609771728516,0.9457804297232224,0.08892788208202651,NORMAL,STABLE,NORMAL,NO_ACTION,False,0.0
2026-08-12T01:23:00.669886,0.5001171251557919,0.08959439720517712,0.0043859649122807015,False,1,0.06363344192504883,False,0.0,3.740546624283553,-45.16838674949534,177.8832764807318,LEFT,0.0976104736328125,0.9468110327003315,0.08971502022900858,NORMAL,STABLE,NORMAL,NO_ACTION,False,0.0
2026-08-12T01:23:00.701321,0.46033954674504285,0.19571652491203642,0.00437636761487965,False,1,0.06363344192504883,False,0.0,-12.462058775130089,-41.528786282935016,9.704993312225213,LEFT,0.1290452480316162,0.9800894579475309,0.07733906247364707,NORMAL,STABLE,NORMAL,NO_ACTION,False,0.0
2026-08-12T01:23:00.733478,0.489652851658076,0.02398446816657714,0.004366812227074236,False,1,0.06363344192504883,False,0.0,-11.981179192157754,-40.186180581227916,10.004777822929896,LEFT,0.16120219230651855,0.9804500894847393,0.07619501495282308,NORMAL,STABLE,NORMAL,NO_ACTION,False,0.0
2026-08-12T01:23:00.764997,0.4681228177194347,0.011961265119269048,0.004357298474945534,False,1,0.06363344192504883,False,0.0,-11.920823568147114,-40.40059612106705,9.812083018300399,LEFT,0.19272112846374512,0.9809929591049382,0.07610619242994233,NORMAL,STABLE,NORMAL,NO_ACTION,False,0.0
2026-08-12T01:23:00.797503,0.48943129392615625,0.01337699528783831,0.004347826086956522,False,1,0.06363344192504883,False,0.0,-13.475701069233537,-40.0874220126143,9.500842264824485,LEFT,0.22522759437561035,0.9807559986925583,0.07707758725672176,NORMAL,STABLE,NORMAL,NO_ACTION,False,0.0
2026-08-12T01:23:00.829312,0.4728464876395083,0.014367925813497337,0.004338394793926247,False,1,0.06363344192504883,False,0.0,-13.757667262372024,-40.66440906194748,9.570877872042445,LEFT,0.2570369243621826,0.9804528490440673,0.07783326482232414,NORMAL,STABLE,NORMAL,NO_ACTION,False,0.0
2026-08-12T01:23:00.861416,0.4877127342491504,0.021038373515171037,0.004329004329004329,False,1,0.06363344192504883,False,0.0,-12.513912052741603,-40.26419401579619,9.131793163856798,LEFT,0.2891402244567871,0.9806288982124485,0.0759237081088735,NORMAL,STABLE,NORMAL,NO_ACTION,False,0.0
2026-08-12T01:23:00.892278,0.468732897247347,0.017429758673626866,0.004319654427645789,False,1,0.06363344192504883,False,0.0,-13.590034897182875,-39.33353228121385,9.030731781346248,LEFT,0.32000255584716797,0.9816263181584363,0.07619051159723805,NORMAL,STABLE,NORMAL,NO_ACTION,False,0.0
2026-08-12T01:23:00.924435,0.44623002873671186,0.037174959975929886,0.004310344827586207,False,1,0.06363344192504883,False,0.0,-13.11396987161632,-39.25135575531431,8.388095711390065,LEFT,0.3521595001220703,0.9820848336762689,0.0750538941624739,NORMAL,STABLE,NORMAL,NO_ACTION,False,0.0
2026-08-12T01:23:00.957008,0.4629572097989737,0.014965712511905883,0.004301075268817204,False,1,0.06363344192504883,False,0.0,-13.76389736446157,-41.33798713284392,8.671814592339558,LEFT,0.384732723236084,0.9824910649219821,0.07745997259138096,NORMAL,STABLE,NORMAL,NO_ACTION,False,0.0
2026-08-12T01:23:01.006653,0.4630621602860933,0.04573562701970545,0.004291845493562232,False,1,0.06363344192504883,False,0.0,-12.100481228727062,-39.29029615264068,7.589393345362481,LEFT,0.43437719345092773,0.9835899455589849,0.07333694495936376,NORMAL,STABLE,NORMAL,NO_ACTION,False,0.0
2026-08-12T01:23:01.037382,0.4735307480771991,0.026548959260716192,0.004282655246252677,False,1,0.06363344192504883,False,0.0,-11.663919231463098,-40.03827598749706,7.665460066332457,LEFT,0.4651062488555908,0.9845654363854596,0.07353000901847692,NORMAL,STABLE,NORMAL,NO_ACTION,False,0.0
2026-08-12T01:23:01.068495,0.48137246045132964,0.020665371395387253,0.004273504273504274,False,1,0.06363344192504883,False,0.0,-12.110468631544705,-40.76719218945601,8.243807636302307,LEFT,0.4962191581726074,0.9849698055984224,0.07504338632068203,NORMAL,STABLE,NORMAL,NO_ACTION,False,0.0
2026-08-12T01:23:01.101521,0.4611501850123007,0.16895058857737252,0.0042643923240938165,False,1,0.06363344192504883,False,0.0,-12.99029002178446,-39.47643607832771,8.171396303655342,LEFT,0.5292460918426514,0.9855073972265089,0.07182267686832323,NORMAL,STABLE,NORMAL,NO_ACTION,False,0.0
2026-08-12T01:23:01.133029,0.4917056347728418,0.03680461249023749,0.00425531914893617,False,1,0.06363344192504883,False,0.0,-11.958610133568499,-39.531415721987855,7.470595094144642,LEFT,0.5607538223266602,0.9861790686085392,0.07155940424524064,NORMAL,STABLE,NORMAL,NO_ACTION,False,0.0
2026-08-12T01:23:01.165253,0.5026696967931531,0.00958349735973925,0.004246284501061571,False,1,0.06363344192504883,False,0.0,-13.10371295221583,-38.55617981515337,7.77855864834325,LEFT,0.5929772853851318,0.9860147006815845,0.07365066636706041,NORMAL,STABLE,NORMAL,NO_ACTION,False,0.0
2026-08-12T01:23:01.197767,0.47874154901403604,0.022978286025904387,0.00423728813559322,False,1,0.06363344192504883,False,0.0,-10.102655500856713,-35.35414582861523,6.9760068151674375,LEFT,0.6254911422729492,0.9856388781721537,0.06908428519755465,NORMAL,STABLE,NORMAL,NO_ACTION,False,0.0
2026-08-12T01:23:01.229204,0.4244554509710954,0.06727883979472371,0.004228329809725159,False,1,0.06363344192504883,False,0.0,-11.368999999913285,-33.29615509034585,6.836553648327765,LEFT,0.656928539276123,0.9861004881472908,0.07004540037292871,NORMAL,STABLE,NORMAL,NO_ACTION,False,0.0
2026-08-12T01:23:01.261307,0.40035417773894955,0.10806411774451237,0.004219409282700422,False,1,0.06363344192504883,False,0.0,-7.766268251447286,-32.07452797798959,5.652439354263777,LEFT,0.6890320777893066,0.9863477232295954,0.06594471201232494,NORMAL,STABLE,NORMAL,NO_ACTION,False,0.0
2026-08-12T01:23:01.293309,0.4078542288002024,0.23101882474902843,0.004210526315789474,False,1,0.06363344192504883,False,0.0,-6.0898581820674735,-31.507404446821567,5.174647628262079,CENTER,0.0,0.9867257158779149,0.03360264954746626,NORMAL,STABLE,NORMAL,NO_ACTION,False,0.0
2026-08-12T01:23:01.324492,0.45244089537013976,0.2597368114592233,0.004201680672268907,False,1,0.06363344192504883,False,0.0,-5.185010674512881,-17.26546302022126,2.4573331166579067,CENTER,0.0,0.9873765030221193,0.019828795091287224,NORMAL,STABLE,NORMAL,NO_ACTION,False,0.0
2026-08-12T01:23:01.357642,0.4103207599830755,0.31845651252632456,0.0041928721174004195,False,1,0.06363344192504883,False,0.0,-5.681683634184907,21.240600958415484,-3.820276226970094,CENTER,0.0,0.9882421339163238,0.02449046944737526,NORMAL,STABLE,NORMAL,NO_ACTION,False,0.0
2026-08-12T01:23:01.389413,0.46335626828189913,0.2745775061934649,0.0041841004184100415,False,1,0.06363344192504883,False,0.0,-7.200530263672135,23.768227111379645,-4.386632032463524,CENTER,0.0,0.9881706131044238,0.0283239499396826,NORMAL,STABLE,NORMAL,NO_ACTION,False,0.0
2026-08-12T01:23:01.420143,0.4784485630661385,0.03212291990029495,0.0041753653444676405,False,1,0.06363344192504883,False,0.0,-8.515044787194483,24.655677594178286,-5.17112594157652,CENTER,0.0,0.9879832041966734,0.030986153779056395,NORMAL,STABLE,NORMAL,NO_ACTION,False,0.0
2026-08-12T01:23:01.452144,0.47500964454270456,0.010343915163228667,0.004166666666666667,False,1,0.06363344192504883,False,0.0,-8.857643160490909,27.267388686861523,-5.943328648094678,CENTER,0.0,0.989418054483882,0.033945901719149074,NORMAL,STABLE,NORMAL,NO_ACTION,False,0.0
2026-08-12T01:23:01.485452,0.46094443315552514,0.002518954028093289,0.004158004158004158,False,1,0.06363344192504883,False,0.0,-9.756626293339167,26.57986988578125,-6.558552909980705,CENTER,0.0,0.9901075558341905,0.03490748600218708,NORMAL,STABLE,NORMAL,NO_ACTION,False,0.0
2026-08-12T01:23:01.533626,0.44931628136662927,0.01007178666746218,0.004149377593360996,False,1,0.06363344192504883,False,0.0,-11.73970235071502,28.28742298745945,-7.006120976356982,CENTER,0.0,0.9906710819615913,0.03848133906516042,NORMAL,STABLE,NORMAL,NO_ACTION,False,0.0
2026-08-12T01:23:01.565267,0.44721678484108673,0.004616722245889716,0.004140786749482402,False,1,0.06363344192504883,False,0.0,-11.65874102078837,28.950255326477446,-6.756547856207021,CENTER,0.0,0.9911403276105968,0.038641758876599645,NORMAL,STABLE,NORMAL,NO_ACTION,False,0.0
2026-08-12T01:23:01.597217,0.5169814247340172,0.005249412016843947,0.004132231404958678,False,1,0.06363344192504883,False,0.0,-11.677221545125008,31.122434253939787,-6.550786248187393,CENTER,0.0,0.9905560913923181,0.04003021002140549,NORMAL,STABLE,NORMAL,NO_ACTION,False,0.0
2026-08-12T01:23:01.629289,0.5162347610644195,0.006078064868274054,0.004123711340206186,False,1,0.06363344192504883,False,0.0,-12.617710498322936,29.89515981372267,-6.697519154759647,CENTER,0.0,0.9892995006001373,0.04019079953139775,NORMAL,STABLE,NORMAL,NO_ACTION,False,0.0
2026-08-12T01:23:01.661344,0.5010238327561256,0.011077745173593284,0.00411522633744856,False,1,0.06363344192504883,False,0.0,-12.983846514160831,29.088208554896084,-6.876076059721527,CENTER,0.0,0.9892284486454047,0.0401325205089413,NORMAL,STABLE,NORMAL,NO_ACTION,False,0.0
2026-08-12T01:23:01.692332,0.46902625972298756,0.010925535772910378,0.004106776180698152,False,1,0.06363344192504883,False,0.0,-11.862577184205918,29.5856219093545,-6.974193466249261,CENTER,0.0,0.9906578601894719,0.03950650607941657,NORMAL,STABLE,NORMAL,NO_ACTION,False,0.0
2026-08-12T01:23:01.725254,0.48211910792337864,0.007316271708483129,0.004098360655737705,False,1,0.06363344192504883,False,0.0,-13.127722159670782,28.831355146484242,-6.836329421093382,CENTER,0.0,0.9906903452932099,0.040047287646530046,NORMAL,STABLE,NORMAL,NO_ACTION,False,0.0
2026-08-12T01:23:01.757265,0.4593234970471576,0.010286171994168508,0.00408997955010225,False,1,0.06363344192504883,False,0.0,-11.93333476628166,27.545396358170535,-6.362856917881572,CENTER,0.0,0.9915524128729424,0.03751245232490998,NORMAL,STABLE,NORMAL,NO_ACTION,False,0.0
2026-08-12T01:23:01.789089,0.45186399446295034,0.01713631485722193,0.004081632653061225,False,1,0.06363344192504883,False,0.0,-11.602054942740182,28.17463936860395,-5.720298012497608,CENTER,0.0,0.9913027933170439,0.037029134982368865,NORMAL,STABLE,NORMAL,NO_ACTION,False,0.0
2026-08-12T01:23:01.821279,0.4548478675745474,0.010767467022650854,0.004073319755600814,False,1,0.06363344192504883,False,0.0,-12.463501717997957,27.890153575171354,-5.902881277242557,CENTER,0.0,0.9906787310313785,0.037829035281188694,NORMAL,STABLE,NORMAL,NO_ACTION,False,0.0
2026-08-12T01:23:01.852310,0.4509983975599644,0.012545651331023385,0.0040650406504065045,False,1,0.06363344192504883,False,0.0,-12.428269431445159,27.592158385669535,-5.486320667298003,CENTER,0.0,0.9897365692515433,0.03717875670695845,NORMAL,STABLE,NORMAL,NO_ACTION,False,0.0
2026-08-12T01:23:01.885844,0.4679761471536514,0.007809722284576186,0.004056795131845842,False,1,0.06363344192504883,False,0.0,-13.03136646069936,26.702589923553973,-5.139152708694894,CENTER,0.0,0.9891867069615913,0.036782740811613084,NORMAL,STABLE,NORMAL,NO_ACTION,False,0.0
2026-08-12T01:23:01.917109,0.44277264828214746,0.013592048950220498,0.004048582995951417,False,1,0.06363344192504883,False,0.0,-12.213176441685249,25.291890272440952,-4.493232094741046,CENTER,0.0,0.9896931664737655,0.034354017861469716,NORMAL,STABLE,NORMAL,NO_ACTION,False,0.0
2026-08-12T01:23:01.948407,0.4728351312876914,0.014550656796364556,0.00404040404040404,False,1,0.06363344192504883,False,0.0,-11.212678080045919,23.803023687801954,-3.5866987484605772,CENTER,0.0,0.9896555775248628,0.031442324424196554,NORMAL,STABLE,NORMAL,NO_ACTION,False,0.0
2026-08-12T01:23:01.981194,0.45621507514286697,0.005432589901833506,0.004032258064516129,False,1,0.06363344192504883,False,0.0,-11.924342062248911,23.79851257143673,-3.2947559040887313,CENTER,0.0,0.9895789662637172,0.03184324230621463,NORMAL,STABLE,NORMAL,NO_ACTION,False,0.0
2026-08-12T01:23:02.013544,0.47681710113387454,0.006073331701527152,0.004024144869215292,False,1,0.06363344192504883,False,0.0,-12.705691031810034,23.175628112698263,-2.579863053349783,CENTER,0.0,0.990496653699417,0.03145737608932486,NORMAL,STABLE,NORMAL,NO_ACTION,False,0.0
2026-08-12T01:23:02.063353,0.4779389441744199,0.008656759388292141,0.004016064257028112,False,1,0.06363344192504883,False,0.0,-12.741200122178014,21.48360921391111,-2.1397596037732,CENTER,0.0,0.9904186760545268,0.029845753057259197,NORMAL,STABLE,NORMAL,NO_ACTION,False,0.0
2026-08-12T01:23:02.092414,0.46164278183715224,0.004802575151496212,0.004008016032064128,False,1,0.06363344192504883,False,0.0,-12.97159606455088,21.416612249320906,-1.7933074287179522,CENTER,0.0,0.9895883701989027,0.02968560850691657,NORMAL,STABLE,NORMAL,NO_ACTION,False,0.0
2026-08-12T01:23:02.125890,0.4609194756779026,0.008681533486155057,0.004,False,1,0.06363344192504883,False,0.0,-12.158511578200574,20.142039847015468,-1.138530782215696,CENTER,0.0,0.9885501328875171,0.027351588088430544,NORMAL,STABLE,NORMAL,NO_ACTION,False,0.0
2026-08-12T01:23:02.157095,0.4713215366484258,0.0034093948503135735,0.003992015968063872,False,1,0.06363344192504883,False,0.0,-12.124840967881,19.980668923046636,-0.8978217546107601,CENTER,0.0,0.9889121174125515,0.026970824992007227,NORMAL,STABLE,NORMAL,NO_ACTION,False,0.0
2026-08-12T01:23:02.189100,0.46407845159788463,0.017828141510856273,0.00398406374501992,False,1,0.06363344192504883,False,0.0,-13.561490605707348,19.004470264572376,-0.6423709812940217,CENTER,0.0,0.9872005208333332,0.027403243385970263,NORMAL,STABLE,NORMAL,NO_ACTION,False,0.0
2026-08-12T01:23:02.221055,0.44627561240394353,0.019547539104647346,0.003976143141153081,False,1,0.06363344192504883,False,0.0,-13.114451251830076,20.156301883427915,-0.779374621152698,CENTER,0.0,0.9867911951303154,0.027936568867570236,NORMAL,STABLE,NORMAL,NO_ACTION,False,0.0
2026-08-12T01:23:02.253521,0.48046141185864644,0.009409233625997694,0.003968253968253968,False,1,0.06363344192504883,False,0.0,-13.298863288872923,19.681079885983053,-0.7955961007872929,CENTER,0.0,0.9875298193158437,0.02778655562621612,NORMAL,STABLE,NORMAL,NO_ACTION,False,0.0
2026-08-12T01:23:02.285305,0.46277255784083543,0.11061006441897667,0.0039603960396039604,False,1,0.06363344192504883,False,0.0,-13.659794663451578,18.451183199637995,-0.6800113153931306,CENTER,0.0,0.9865814552254802,0.0271345565867742,NORMAL,STABLE,NORMAL,NO_ACTION,False,0.0
2026-08-12T01:23:02.316681,0.47708467630594287,0.3316413687405666,0.003952569169960474,False,1,0.06363344192504883,False,0.0,-13.028612134437964,19.379021013679505,-1.1629981087383783,CENTER,0.0,0.9862553583676269,0.027661954669975376,NORMAL,STABLE,NORMAL,NO_ACTION,False,0.0
2026-08-12T01:23:02.349319,0.4717837996412405,0.45238335269533797,0.0039447731755424065,False,1,0.06363344192504883,False,0.0,-11.328252105052485,18.593720447065664,-0.6766152556073166,CENTER,0.0,0.9863096922153636,0.03546571128332446,NORMAL,STABLE,NORMAL,NO_ACTION,False,0.0
2026-08-12T01:23:02.381000,0.48609428646457886,0.48105320949508645,0.003937007874015748,False,1,0.06363344192504883,False,0.0,-11.046356637143049,19.024919918250447,-0.3892201833513411,CENTER,0.0,0.9874907970036009,0.0409628987782298,NORMAL,STABLE,NORMAL,NO_ACTION,False,0.0
2026-08-12T01:23:02.444566,0.46273751363499505,0.6608863713021325,0.003929273084479371,False,1,0.06363344192504883,False,0.0,-11.623325115091944,21.052823244761697,-0.9883443937943639,CENTER,0.0,0.9890026336376886,0.10734938742607027,NORMAL,STABLE,NORMAL,NO_ACTION,False,0.0
2026-08-12T01:23:02.464226,0.46571951991899585,0.6586086594123312,0.00392156862745098,False,1,0.06363344192504883,False,0.0,-12.76359939902585,19.777683452201188,-0.864470802271228,CENTER,0.0,0.989044013631687,0.10740720935376472,NORMAL,STABLE,NORMAL,NO_ACTION,False,0.0
2026-08-12T01:23:02.486991,0.45015872217594666,0.6185739875713274,0.003913894324853229,False,1,0.06363344192504883,False,0.0,-12.197786726026607,21.40286063703553,-1.4701946503041086,CENTER,0.0,0.9923824776020235,0.10861938141506636,NORMAL,STABLE,NORMAL,NO_ACTION,False,0.0
2026-08-12T01:23:02.509100,0.45183000803938633,0.47719157651794014,0.00390625,False,1,0.06363344192504883,False,0.0,-10.157175508949905,21.611205698047115,-0.18299654375883279,CENTER,0.0,0.9950642066400892,0.04100361102515639,NORMAL,STABLE,NORMAL,NO_ACTION,False,0.0
2026-08-12T01:23:02.541121,0.45660458746337335,0.4011672664795616,0.003898635477582846,False,1,0.06363344192504883,False,0.0,-11.259293670873689,21.26929125473339,-0.4479191165538339,CENTER,0.0,0.9980459640775035,0.026868220404816633,NORMAL,STABLE,NORMAL,NO_ACTION,False,0.0
2026-08-12T01:23:02.589472,0.4757848263242169,0.37880491581441084,0.0038910505836575876,False,1,0.06363344192504883,False,0.0,-9.838341949768648,19.406897795967154,0.11335054093834174,CENTER,0.0,0.9991462512860082,0.02359920413999042,NORMAL,STABLE,NORMAL,NO_ACTION,False,0.0
2026-08-12T01:23:02.620744,0.48087514346494276,0.2869206058812843,0.003883495145631068,False,1,0.06363344192504883,False,0.0,-12.850250097767372,18.880969740768023,0.022207499563677402,CENTER,0.0,0.9980004313485941,0.026031955832429027,NORMAL,STABLE,NORMAL,NO_ACTION,False,0.0
2026-08-12T01:23:02.652763,0.4656733094246992,0.2177249396550083,0.003875968992248062,False,1,0.06363344192504883,False,0.0,-12.643648195759312,16.62066514731825,0.49620505844200125,CENTER,0.0,0.9963985741383745,0.02465700574007185,NORMAL,STABLE,NORMAL,NO_ACTION,False,0.0
2026-08-12T01:23:02.684261,0.482134628040929,0.25882243996822035,0.0038684719535783366,False,1,0.06363344192504883,False,0.0,-11.352602742472016,13.411527498451932,0.8526728276185906,CENTER,0.0,0.9969720400377229,0.02143933152008031,NORMAL,STABLE,NORMAL,NO_ACTION,False,0.0
2026-08-12T01:23:02.715985,0.4893416766594959,0.14302777568382352,0.003861003861003861,False,1,0.06363344192504883,False,0.0,-11.695422333042416,15.777615958480624,0.3395892657177342,CENTER,0.0,0.9986253241812414,0.022984215287338374,NORMAL,STABLE,NORMAL,NO_ACTION,False,0.0
2026-08-12T01:23:02.748891,0.4633619466730261,0.1139674061437952,0.0038535645472061657,False,1,0.06363344192504883,False,0.0,-12.389698257860118,12.687478982036339,0.2972384554649068,CENTER,0.0,0.9962133219735941,0.021380229433191084,NORMAL,STABLE,NORMAL,NO_ACTION,False,0.0
2026-08-12T01:23:02.781093,0.5073496854766655,0.1320398693725538,0.0038461538461538464,False,1,0.06363344192504883,False,0.0,-13.254901033660161,12.518974863041507,0.02401294713715174,CENTER,0.0,0.9907493409207818,0.02182858419740887,NORMAL,STABLE,NORMAL,NO_ACTION,False,0.0
2026-08-12T01:23:02.845162,0.4469810990061537,0.1386042432001402,0.003838771593090211,False,1,0.06363344192504883,False,0.0,-13.305002810367142,13.632675467092838,-0.6542988109222563,CENTER,0.0,0.9835933883101851,0.023288111620808693,NORMAL,STABLE,NORMAL,NO_ACTION,False,0.0
2026-08-12T01:23:02.876884,0.4762484083968567,0.11315143837085764,0.0038314176245210726,False,1,0.06363344192504883,False,0.0,-11.139267509000035,12.378525947090708,0.5561664703390363,CENTER,0.0,0.9835560003000686,0.020202316275225358,NORMAL,STABLE,NORMAL,NO_ACTION,False,0.0
2026-08-12T01:23:02.909864,0.4979746311240827,0.06184787353374657,0.0038240917782026767,False,1,0.06363344192504883,False,0.0,-12.125073904811444,13.129383843616353,0.44341461229740275,CENTER,0.0,0.9858956779406723,0.02158532171834626,NORMAL,STABLE,NORMAL,NO_ACTION,False,0.0
2026-08-12T01:23:02.942895,0.5036616628895068,0.029569970452327152,0.003816793893129771,False,1,0.06363344192504883,False,0.0,-11.92959180790865,10.772818375721215,0.7219307922962059,CENTER,0.0,0.9908413574888547,0.019963316515995925,NORMAL,STABLE,NORMAL,NO_ACTION,False,0.0
2026-08-12T01:23:02.973458,0.4827285277265103,0.038262942292442856,0.0038095238095238095,False,1,0.06363344192504883,False,0.0,-12.98923317136044,13.473138137155075,0.3085907094958884,CENTER,0.0,0.9935277215149176,0.022535911650992165,NORMAL,STABLE,NORMAL,NO_ACTION,False,0.0
2026-08-12T01:23:02.994300,0.47175307550411805,0.04607035828049639,0.0038022813688212928,False,1,0.06363344192504883,False,0.0,-13.445385995587856,13.392188284304439,0.24283522524697787,CENTER,0.0,0.9935969382287381,0.02285338604761638,NORMAL,STABLE,NORMAL,NO_ACTION,False,0.0
2026-08-12T01:23:03.018471,0.5111158586132437,0.020165299822657395,0.003795066413662239,False,1,0.06363344192504883,False,0.0,-11.579867166102218,13.593528628542316,0.09298329341183376,CENTER,0.0,0.9936416672025035,0.021058071118664465,NORMAL,STABLE,NORMAL,NO_ACTION,False,0.0
2026-08-12T01:23:03.036871,0.48473144370026977,0.030887680087095658,0.003787878787878788,False,1,0.06363344192504883,False,0.0,-11.793706151194186,12.516220095282506,0.1225049506143705,CENTER,0.0,0.9922277949245542,0.02051436224092709,NORMAL,STABLE,NORMAL,NO_ACTION,False,0.0
2026-08-12T01:23:03.092359,0.48505459156402253,0.016026869708752042,0.003780718336483932,False,1,0.06363344192504883,False,0.0,-11.42106236493558,16.739207964318837,-0.6074579983442447,CENTER,0.0,0.9888632490997943,0.02367244758331455,NORMAL,STABLE,NORMAL,NO_ACTION,False,0.0
2026-08-12T01:23:03.117339,0.47363800655190413,0.018368993498597174,0.0037735849056603774,False,1,0.06363344192504883,False,0.0,-12.499194303245957,10.768030122059315,0.24361019905308012,CENTER,0.0,0.9856034995498971,0.020047759423701166,NORMAL,STABLE,NORMAL,NO_ACTION,False,0.0
2026-08-12T01:23:03.148649,0.4854880323619946,0.022057061878669213,0.003766478342749529,False,1,0.06363344192504883,False,0.0,-11.574261818602423,14.975129875693852,-0.250772385054006,CENTER,0.0,0.9851636847350822,0.02220244155078138,NORMAL,STABLE,NORMAL,NO_ACTION,False,0.0
2026-08-12T01:23:03.180680,0.48624376194457425,0.05187430404929162,0.0037593984962406013,False,1,0.06363344192504883,False,0.0,-11.751413911901096,15.532844602700607,-0.6031393360624691,CENTER,0.0,0.9868121999314129,0.023115142748137578,NORMAL,STABLE,NORMAL,NO_ACTION,False,0.0
2026-08-12T01:23:03.244825,0.4561196609671294,0.1563112973350139,0.00375234521575985,False,1,0.06363344192504883,False,0.0,-12.727264325495213,18.56787800313083,-1.382278128884991,CENTER,0.0,0.9892880202974966,0.026997100921293943,NORMAL,STABLE,NORMAL,NO_ACTION,False,0.0
2026-08-12T01:23:03.276680,0.47022522041937465,0.18337443529302308,0.003745318352059925,False,1,0.06363344192504883,False,0.0,-11.982253266476192,17.512584564846804,-1.3491782610450116,CENTER,0.0,0.9906957438485939,0.02548565254555793,NORMAL,STABLE,NORMAL,NO_ACTION,False,0.0
2026-08-12T01:23:03.310532,0.4925309576307414,0.1840698239400077,0.003738317757009346,False,1,0.06363344192504883,False,0.0,-10.746275247021458,18.659211057647894,-1.6702779857646988,CENTER,0.0,0.9901858817729767,0.02543277776579904,NORMAL,STABLE,NORMAL,NO_ACTION,False,0.0
2026-08-12T01:23:03.342472,0.48946649469336867,0.2024482883986518,0.0037313432835820895,False,1,0.06363344192504883,False,0.0,-10.940366945271592,19.714297838189594,-1.9874440515504546,CENTER,0.0,0.9897844998499655,0.026687107176372973,NORMAL,STABLE,NORMAL,NO_ACTION,False,0.0
2026-08-12T01:23:03.373976,0.49377233220743866,0.2974486724199792,0.0037243947858473,False,1,0.06363344192504883,False,0.0,-10.70818373941978,20.367680148776657,-1.7090111795181144,CENTER,0.0,0.9912849633487655,0.026667290029390004,NORMAL,STABLE,NORMAL,NO_ACTION,False,0.0
2026-08-12T01:23:03.407122,0.5034229477493953,0.3200324822907111,0.0037174721189591076,False,1,0.06363344192504883,False,0.0,-10.5223269678811,18.00397798966668,-1.1899135471279578,CENTER,0.0,0.9936084855109739,0.02428132682180503,NORMAL,STABLE,NORMAL,NO_ACTION,False,0.0
2026-08-12T01:23:03.437270,0.4600020491128869,0.3177698823652705,0.0037105751391465678,False,1,0.06363344192504883,False,0.0,-9.828761559253223,16.766656055267788,-1.0583700743671898,CENTER,0.0,0.9970328575102881,0.022593156131550093,NORMAL,STABLE,NORMAL,NO_ACTION,False,0.0
2026-08-12T01:23:03.468142,0.4515071690184219,0.3146209967925104,0.003703703703703704,False,1,0.06363344192504883,False,0.0,-10.258532861821578,16.240987409388282,-0.9176957367478451,CENTER,0.0,0.9974675952717763,0.022491896223921354,NORMAL,STABLE,NORMAL,NO_ACTION,False,0.0
2026-08-12T01:23:03.502032,0.48274308065668103,0.28898750407678286,0.0036968576709796672,False,1,0.06363344192504883,False,0.0,-9.341923584893465,16.705522660725933,-0.7863188745514265,CENTER,0.0,0.9918474847822358,0.021818222067767516,NORMAL,STABLE,NORMAL,NO_ACTION,False,0.0
2026-08-12T01:23:03.524409,0.464257428417419,0.2908360691977488,0.0036900369003690036,False,1,0.06363344192504883,False,0.0,-9.369296959971138,16.639652405294015,-0.6362258281701259,CENTER,0.0,0.9918886370456104,0.02165247460721875,NORMAL,STABLE,NORMAL,NO_ACTION,False,0.0
2026-08-12T01:23:03.554671,0.46621167934838403,0.3015932102399037,0.003683241252302026,False,1,0.06363344192504883,False,0.0,-9.429927751376596,17.277644278097085,-0.4422422411766149,CENTER,0.0,0.9888333762002743,0.021984832712195434,NORMAL,STABLE,NORMAL,NO_ACTION,False,0.0
2026-08-12T01:23:03.578795,0.46680526809829204,0.28257288816785503,0.003676470588235294,False,1,0.06363344192504883,False,0.0,-9.465182593425624,16.113362097589743,-0.35385366566291054,CENTER,0.0,0.9882865279921125,0.021092796431085255,NORMAL,STABLE,NORMAL,NO_ACTION,False,0.0
2026-08-12T01:23:03.644119,0.4653746880875811,0.36801975618418126,0.003669724770642202,False,1,0.06363344192504883,False,0.0,-10.398902624093608,14.325181347746053,-0.5486325601568751,CENTER,0.0,0.9935815865054869,0.020888035224872616,NORMAL,STABLE,NORMAL,NO_ACTION,False,0.0
2026-08-12T01:23:03.676983,0.45674267474261954,0.3858620409960317,0.003663003663003663,False,1,0.06363344192504883,False,0.0,-9.97203242310107,14.482310954937788,-0.8424422081076841,CENTER,0.0,0.9977372417266803,0.020873385334544983,NORMAL,STABLE,NORMAL,NO_ACTION,False,0.0
2026-08-12T01:23:03.708132,0.470133353116145,0.34330174896048465,0.003656307129798903,False,1,0.06363344192504883,False,0.0,-10.110348029020429,14.030643739697638,-0.6798791359149448,CENTER,0.0,0.998270104595336,0.02052383182268236,NORMAL,STABLE,NORMAL,NO_ACTION,False,0.0
2026-08-12T01:23:03.742138,0.4503023957534491,0.3335202824556794,0.0036496350364963502,False,1,0.06363344192504883,False,0.0,-10.652741001480251,15.289266827229852,-0.906499466957456,CENTER,0.0,0.9953292984825104,0.022173368715198614,NORMAL,STABLE,NORMAL,NO_ACTION,False,0.0
2026-08-12T01:23:03.773737,0.45955648585176345,0.31473401717276356,0.0036429872495446266,False,1,0.06363344192504883,False,0.0,-10.675666602057163,14.901214073901826,-0.5232091826312626,CENTER,0.0,0.9919475389017489,0.021546090549740177,NORMAL,STABLE,NORMAL,NO_ACTION,False,0.0
2026-08-12T01:23:03.804703,0.4684507662239109,0.29348605722990523,0.0036363636363636364,False,1,0.06363344192504883,False,0.0,-10.720132230697459,14.520760486232575,-0.8667007555982877,CENTER,0.0,0.9899756998028121,0.021644906930563878,NORMAL,STABLE,NORMAL,NO_ACTION,False,0.0
2026-08-12T01:23:03.836340,0.4582599080907698,0.31283655984937175,0.003629764065335753,False,1,0.06363344192504883,False,0.0,-9.770806145853953,12.101748645351648,-0.5006807331215555,CENTER,0.0,0.9886801402820645,0.01863121323843409,NORMAL,STABLE,NORMAL,NO_ACTION,False,0.0
2026-08-12T01:23:03.869115,0.4644067809383966,0.35962835776644464,0.0036231884057971015,False,1,0.06363344192504883,False,0.0,-8.475053192985285,15.218976383473773,-0.8948270140355135,CENTER,0.0,0.9884728384344993,0.020014330550380717,NORMAL,STABLE,NORMAL,NO_ACTION,False,0.0
2026-08-12T01:23:03.902130,0.4768979791718092,0.34240182878513975,0.003616636528028933,False,1,0.06363344192504883,False,0.0,-9.677420730569565,14.721781080895369,-0.3490974918368295,CENTER,0.0,0.9883925566915295,0.020287563142963923,NORMAL,STABLE,NORMAL,NO_ACTION,False,0.0
2026-08-12T01:23:03.933746,0.45254110590251595,0.34935828714046696,0.0036101083032490976,False,1,0.06363344192504883,False,0.0,-9.882838672103645,15.838345638151935,-0.4377490849816468,CENTER,0.0,0.9896687323173866,0.021377148949191863,NORMAL,STABLE,NORMAL,NO_ACTION,False,0.0
2026-08-12T01:23:03.964917,0.46734983684259734,0.34334960810422305,0.0036036036036036037,False,1,0.06363344192504883,False,0.0,-8.86198295790686,13.27279502802108,-0.345097083827028,CENTER,0.0,0.9912309510030864,0.01845198459746267,NORMAL,STABLE,NORMAL,NO_ACTION,False,0.0
2026-08-12T01:23:03.997388,0.4405172239739106,0.306251359393424,0.0035971223021582736,False,1,0.06363344192504883,False,0.0,-9.564813270061961,7.8743550499264074,0.6146412288767635,CENTER,0.0,0.9892900430812757,0.015489471868369329,NORMAL,STABLE,NORMAL,NO_ACTION,False,0.0
2026-08-12T01:23:04.029102,0.4485146346460689,0.3166658053949851,0.003590664272890485,False,1,0.06363344192504883,False,0.0,-9.071750689835085,12.440413175616527,-0.4783501053968564,CENTER,0.0,0.9865507249871399,0.01818113620742788,NORMAL,STABLE,NORMAL,NO_ACTION,False,0.0
2026-08-12T01:23:04.061176,0.47199836951623036,0.3207700698456612,0.0035842293906810036,False,1,0.06363344192504883,False,0.0,-9.813407704878614,12.602387186937364,-0.41920245197076156,CENTER,0.0,0.9843891326946158,0.01895534867493935,NORMAL,STABLE,NORMAL,NO_ACTION,False,0.0
2026-08-12T01:23:04.095198,0.44419154021397483,0.2617152558119193,0.0035778175313059034,False,1,0.06363344192504883,False,0.0,-10.37858477824804,11.75081038905833,-0.29943185068341904,CENTER,0.0,0.9822196769975994,0.018769230923661312,NORMAL,STABLE,NORMAL,NO_ACTION,False,0.0
2026-08-12T01:23:04.125582,0.43412067265042525,0.30889825004793786,0.0035714285714285713,False,1,0.06363344192504883,False,0.0,-9.039951328975462,5.579284875901038,1.1369075838356935,CENTER,0.0,0.9807471975737313,0.013829421733820752,NORMAL,STABLE,NORMAL,NO_ACTION,False,0.0
2026-08-12T01:23:04.174218,0.4361431698447653,0.28587451038279216,0.0035650623885918,False,1,0.06363344192504883,False,0.0,-9.613306828662076,11.935690770933633,-0.0341569982600447,CENTER,0.0,0.9802306509344992,0.01791037146419189,NORMAL,STABLE,NORMAL,NO_ACTION,False,0.0
2026-08-12T01:23:04.206791,0.4711690474990235,0.30094108163805217,0.0035587188612099642,False,1,0.06363344192504883,False,0.0,-10.192125730151588,10.804601888726125,0.355521717970646,CENTER,0.0,0.9811617610811043,0.017960317425234726,NORMAL,STABLE,NORMAL,NO_ACTION,False,0.0
2026-08-12T01:23:04.237725,0.4292135181248827,0.26975116718201236,0.003552397868561279,False,1,0.06363344192504883,False,0.0,-9.930388777213722,4.164696916689394,1.1040807111242827,CENTER,0.0,0.9804337330675583,0.013633622095267825,NORMAL,STABLE,NORMAL,NO_ACTION,False,0.0
2026-08-12T01:23:04.269021,0.42652967016490456,0.27856424867372365,0.0035460992907801418,False,1,0.06363344192504883,False,0.0,-10.021759249737329,7.270872999544991,0.44726259981095495,CENTER,0.0,0.9803003632973251,0.015332466354791952,NORMAL,STABLE,NORMAL,NO_ACTION,False,0.0
2026-08-12T01:23:04.301733,0.4305779663397692,0.2614179322769943,0.0035398230088495575,False,1,0.06363344192504883,False,0.0,-10.166260785517068,9.468085582489806,0.20153658743311098,CENTER,0.0,0.9808012501071672,0.0168218666872317,NORMAL,STABLE,NORMAL,NO_ACTION,False,0.0
2026-08-12T01:23:04.332566,0.44555642455428046,0.2431464646632756,0.0035335689045936395,False,1,0.06363344192504883,False,0.0,-9.88174376043034,9.216995120511626,0.5995726820399057,CENTER,0.0,0.9806929441015088,0.016749838235340854,NORMAL,STABLE,NORMAL,NO_ACTION,False,0.0
2026-08-12T01:23:04.366075,0.42365498621428643,0.2959655783494839,0.003527336860670194,False,1,0.06363344192504883,False,0.0,-8.963814387933354,8.836607119063046,0.3923025303420218,CENTER,0.0,0.9819809751157408,0.015391588099884784,NORMAL,STABLE,NORMAL,NO_ACTION,False,0.0
2026-08-12T01:23:04.396545,0.4324280898532119,0.26415732551880083,0.0035211267605633804,False,1,0.06363344192504883,False,0.0,-9.444921565251576,2.9956833650359727,1.8109656322747583,CENTER,0.0,0.9832364942343964,0.013002551583477264,NORMAL,STABLE,NORMAL,NO_ACTION,False,0.0
2026-08-12T01:23:04.429381,0.41235643062866484,0.2612881821808921,0.0035149384885764497,False,1,0.06363344192504883,False,0.0,-9.41773523838998,6.765430244750519,0.3666246429478406,CENTER,0.0,0.9840815088091563,0.014308120247682165,NORMAL,STABLE,NORMAL,NO_ACTION,False,0.0
2026-08-12T01:23:04.461118,0.45644154759019945,0.25533204426619627,0.0035087719298245615,False,1,0.06363344192504883,False,0.0,-10.37516183488404,11.9921056282503,-0.022708394174742352,CENTER,0.0,0.9834645329646776,0.018673729100237377,NORMAL,STABLE,NORMAL,NO_ACTION,False,0.0
2026-08-12T01:23:04.493243,0.41383752989249534,0.26760757901694726,0.0035026269702276708,False,1,0.06363344192504883,False,0.0,-9.373826181954968,4.982046221339232,0.9332101723985318,CENTER,0.0,0.9830554082004459,0.01352343876034467,NORMAL,STABLE,NORMAL,NO_ACTION,False,0.0
2026-08-12T01:23:04.525568,0.41987065601965634,0.228574320663097,0.0034965034965034965,False,1,0.06363344192504883,False,0.0,-9.876790949939647,12.361782146422627,-0.3355011959006333,CENTER,0.0,0.9835725174682786,0.018762012875818093,NORMAL,STABLE,NORMAL,NO_ACTION,False,0.0
2026-08-12T01:23:04.557020,0.4176495780376804,0.21720986961110098,0.0034904013961605585,False,1,0.06363344192504883,False,0.0,-9.71744699972308,6.173922003549961,0.9560148459840434,CENTER,0.0,0.9835637029535322,0.014737092113244794,NORMAL,STABLE,NORMAL,NO_ACTION,False,0.0
2026-08-12T01:23:04.590154,0.43400232524321203,0.25926095801312765,0.003484320557491289,False,1,0.06363344192504883,False,0.0,-10.190749340076792,2.304787558496656,1.2017774765000127,CENTER,0.0,0.9849722168638546,0.012635150171173398,NORMAL,STABLE,NORMAL,NO_ACTION,False,0.0
2026-08-12T01:23:04.625365,0.4354703570510774,0.2448601032006085,0.0034782608695652175,False,1,0.06363344192504883,False,0.0,-8.946366397534774,-5.427193309838941,2.9023384912101164,CENTER,0.0,0.98750760888203,0.015329503579600985,NORMAL,STABLE,NORMAL,NO_ACTION,False,0.0
2026-08-12T01:23:04.654686,0.4122491980159404,0.2738244474484405,0.003472222222222222,False,1,0.06363344192504883,False,0.0,-9.893742172024076,3.5424459615662443,0.8129445905553325,CENTER,0.0,0.9889822852366256,0.012868576002874312,NORMAL,STABLE,NORMAL,NO_ACTION,False,0.0
2026-08-12T01:23:04.701252,0.4221714411341275,0.19775121977337326,0.0034662045060658577,False,1,0.06363344192504883,False,0.0,-9.388603948459917,10.84734677411771,0.1089111157248226,CENTER,0.0,0.9889979718578532,0.016979950139411056,NORMAL,STABLE,NORMAL,NO_ACTION,False,0.0
2026-08-12T01:23:04.732538,0.4249591047773782,0.19911018613663556,0.0034602076124567475,False,1,0.06363344192504883,False,0.0,-8.75021799583709,3.9138844583224,1.0327407964295219,CENTER,0.0,0.9881229638203017,0.01224732131615625,NORMAL,STABLE,NORMAL,NO_ACTION,False,0.0
2026-08-12T01:23:04.765755,0.4461484691106589,0.20261601819075178,0.0034542314335060447,False,1,0.06363344192504883,False,0.0,-9.655906531679733,-1.1484968174624726,1.9515360848887155,CENTER,0.0,0.9869199567043896,0.012007007258196218,NORMAL,STABLE,NORMAL,NO_ACTION,False,0.0
2026-08-12T01:23:04.799888,0.41986777720990853,0.14490590549882162,0.0034482758620689655,False,1,0.06363344192504883,False,0.0,-9.60918635109806,-0.7808872938825004,1.939130754872508,CENTER,0.0,0.9842405585562416,0.011684575814294204,NORMAL,STABLE,NORMAL,NO_ACTION,False,0.0
2026-08-12T01:23:04.832208,0.42959121079910434,0.015776808715263546,0.0034423407917383822,False,1,0.06363344192504883,False,0.0,-8.094172862076249,2.1933516853066806,1.2863137096552464,CENTER,0.0,0.9838979847179354,0.010617148471425895,NORMAL,STABLE,NORMAL,NO_ACTION,False,0.0
2026-08-12T01:23:04.862333,0.4473944606683723,0.009170060199083965,0.003436426116838488,False,1,0.06363344192504883,False,0.0,-7.991851022006443,1.4752194175995328,1.3598489273382484,CENTER,0.0,0.9848554848251029,0.010070776938005663,NORMAL,STABLE,NORMAL,NO_ACTION,False,0.0
2026-08-12T01:23:04.893178,0.4104818819216406,0.0025516513634587347,0.003430531732418525,False,1,0.06363344192504883,False,0.0,-8.303483766103,4.09499337642535,1.1604393073543804,CENTER,0.0,0.9844927501286008,0.012070902620377267,NORMAL,STABLE,NORMAL,NO_ACTION,False,0.0
2026-08-12T01:23:04.932326,0.43226722278866947,0.001468655421869643,0.003424657534246575,False,1,0.06363344192504883,False,0.0,-7.57449904764357,-2.6717840970428313,1.9457956112853765,CENTER,0.0,0.9854357826431757,0.011097313000906958,NORMAL,STABLE,NORMAL,NO_ACTION,False,0.0
2026-08-12T01:23:04.978750,0.4287353202597911,0.0016188630954479663,0.003418803418803419,False,1,0.06363344192504883,False,0.0,-7.346148912803102,2.920514489996606,0.8696389111499343,CENTER,0.0,0.9871112504286694,0.0100207598510264,NORMAL,STABLE,NORMAL,NO_ACTION,False,0.0
2026-08-12T01:23:05.023160,0.4064780827027473,0.004553514712180382,0.0034129692832764505,False,1,0.06363344192504883,False,0.0,-8.266997738356935,0.37152576518434444,1.3235771999157464,CENTER,0.0,0.9886817076045953,0.009503692622821646,NORMAL,STABLE,NORMAL,NO_ACTION,False,0.0
2026-08-12T01:23:05.074805,0.42414557159230226,0.0047122482858894385,0.0034071550255536627,False,1,0.06363344192504883,False,0.0,-7.687639110804781,3.9710615268610354,0.6444969826282545,CENTER,0.0,0.9883764146090535,0.010891527340853671,NORMAL,STABLE,NORMAL,NO_ACTION,False,0.0
2026-08-12T01:23:05.109039,0.41160741127117073,0.006454587971925253,0.003401360544217687,False,1,0.06363344192504883,False,0.0,-8.759698202666499,-1.9011193286033006,1.3020958408727097,CENTER,0.0,0.9873057323816872,0.011062165631103104,NORMAL,STABLE,NORMAL,NO_ACTION,False,0.0
2026-08-12T01:23:05.148983,0.40327582280870233,0.003724547607287927,0.003395585738539898,False,1,0.06363344192504883,False,0.0,-6.721338546808568,-2.752945390019903,2.0590133983511407,CENTER,0.0,0.9866449786736968,0.010443392062205206,NORMAL,STABLE,NORMAL,NO_ACTION,False,0.0
2026-08-12T01:23:05.172395,0.40301309604223534,0.00645756312232286,0.003389830508474576,False,1,0.06363344192504883,False,0.0,-7.1024165890312645,-5.862270503453686,2.3944184078626733,CENTER,0.0,0.9877863243741427,0.013378962397651453,NORMAL,STABLE,NORMAL,NO_ACTION,False,0.0
2026-08-12T01:23:05.209428,0.4311513206744051,0.006377719263684118,0.00338409475465313,False,1,0.06363344192504883,False,0.0,-8.979342535806978,0.29404418857640735,1.2360620234486532,CENTER,0.0,0.9894027161565501,0.010049421489551347,NORMAL,STABLE,NORMAL,NO_ACTION,False,0.0
2026-08-12T01:23:05.237010,0.4337224759239973,0.008482613155448022,0.0033783783783783786,False,1,0.06363344192504883,False,0.0,-7.252022731437364,-2.97917499090471,1.4178235872028893,CENTER,0.0,0.989488409850823,0.010500367281751424,NORMAL,STABLE,NORMAL,NO_ACTION,False,0.0
2026-08-12T01:23:05.271029,0.4193460977100991,0.0018171141078257263,0.003372681281618887,False,1,0.06363344192504883,False,0.0,-8.135474002442464,-3.629347419601004,2.0223131686081217,CENTER,0.0,0.9899662288880317,0.012402768189982769,NORMAL,STABLE,NORMAL,NO_ACTION,False,0.0
2026-08-12T01:23:05.305449,0.4024764159058587,0.008547729984987722,0.003367003367003367,False,1,0.06363344192504883,False,0.0,-8.005199657372572,-2.8454048507169034,1.2319747855239882,CENTER,0.0,0.9887156930512688,0.010950071485344081,NORMAL,STABLE,NORMAL,NO_ACTION,False,0.0
2026-08-12T01:23:05.343524,0.40852413704296464,0.006360431571079382,0.0033613445378151263,False,1,0.06363344192504883,False,0.0,-9.210183450236428,1.9509043036242986,0.20084656853956062,CENTER,0.0,0.9866084480024007,0.010471459792920355,NORMAL,STABLE,NORMAL,NO_ACTION,False,0.0
2026-08-12T01:23:05.390817,0.41000313976448355,0.0035960364409330405,0.003355704697986577,False,1,0.06363344192504883,False,0.0,-10.178087563986566,-3.037413109864559,1.7087370825759933,CENTER,0.0,0.985686165766461,0.01364025912788835,NORMAL,STABLE,NORMAL,NO_ACTION,False,0.0
2026-08-12T01:23:05.414741,0.4170554376471417,0.001642608953057283,0.0033500837520938024,False,1,0.06363344192504883,False,0.0,-9.784720494871976,2.9007993909995378,0.5550008892341509,CENTER,0.0,0.984370592742627,0.012051790522638899,NORMAL,STABLE,NORMAL,NO_ACTION,False,0.0
2026-08-12T01:23:05.437023,0.41514822919121047,0.005363255462324045,0.0033444816053511705,False,1,0.06363344192504883,False,0.0,-7.892438203118644,-2.34477596075331,1.3419550724244687,CENTER,0.0,0.9840750921639232,0.010585828014770758,NORMAL,STABLE,NORMAL,NO_ACTION,False,0.0
2026-08-12T01:23:05.465943,0.4129387613747789,0.0030811833343987447,0.00333889816360601,False,1,0.06363344192504883,False,0.0,-7.917497393045011,-0.5463488944412802,1.1545944627864628,CENTER,0.0,0.9862104150591564,0.009130673766415676,NORMAL,STABLE,NORMAL,NO_ACTION,False,0.0
2026-08-12T01:23:05.487633,0.407068596857441,0.015459788852733055,0.0033333333333333335,False,1,0.06363344192504883,False,0.0,-8.676077624016585,-0.25026847413300857,0.8828850572614897,CENTER,0.0,0.9882250943072702,0.009385676479956431,NORMAL,STABLE,NORMAL,NO_ACTION,False,0.0
2026-08-12T01:23:05.522332,0.40463829001740836,0.002767868200216666,0.0033277870216306157,False,1,0.06363344192504883,False,0.0,-7.279479060093081,1.6933756705689404,0.7658498182076983,CENTER,0.0,0.9881947257587449,0.008970347274515355,NORMAL,STABLE,NORMAL,NO_ACTION,False,0.0
2026-08-12T01:23:05.545662,0.4112590443084632,0.00564597494653975,0.0033222591362126247,False,1,0.06363344192504883,False,0.0,-8.821089667106008,0.7324141190611329,0.5498450525470275,CENTER,0.0,0.9873511981310014,0.009552828816024853,NORMAL,STABLE,NORMAL,NO_ACTION,False,0.0
2026-08-12T01:23:05.571830,0.4055119381792007,0.009839210989215216,0.003316749585406302,False,1,0.06363344192504883,False,0.0,-8.430145296764039,0.8273785327737926,0.4208682434314426,CENTER,0.0,0.9885204207390261,0.009120749386450796,NORMAL,STABLE,NORMAL,NO_ACTION,False,0.0
2026-08-12T01:23:05.594903,0.44682377649592614,0.01628512252470468,0.0033112582781456954,False,1,0.06363344192504883,False,0.0,-8.80214273832297,1.714101120209051,0.5368419926815307,CENTER,0.0,0.9891095464677642,0.010231058327784944,NORMAL,STABLE,NORMAL,NO_ACTION,False,0.0
2026-08-12T01:23:05.624598,0.419270096531089,0.20023297528826323,0.003305785123966942,False,1,0.06363344192504883,False,0.0,-8.197589014758194,2.5191876339298744,0.06488521256721924,CENTER,0.0,0.9882262865440671,0.009775869954521975,NORMAL,STABLE,NORMAL,NO_ACTION,False,0.0
2026-08-12T01:23:05.645379,0.440969982165181,0.246629333326734,0.0033003300330033004,False,1,0.06363344192504883,False,0.0,-9.463132237068834,5.81159392531859,-0.5894709612254587,CENTER,0.0,0.9878825472608025,0.013877546840717188,NORMAL,STABLE,NORMAL,NO_ACTION,False,0.0
2026-08-12T01:23:05.677468,0.42188350843585287,0.2351119436199457,0.0032948929159802307,False,1,0.06363344192504883,False,0.0,-10.470358533199061,8.80258234032084,-0.9381305781894014,CENTER,0.0,0.9858236882716049,0.01734337305675394,NORMAL,STABLE,NORMAL,NO_ACTION,False,0.0
2026-08-12T01:23:05.710598,0.4176928995302752,0.1915332215997508,0.003289473684210526,False,1,0.06363344192504883,False,0.0,-7.761800713650501,4.706909033653858,-0.3784332400361734,CENTER,0.0,0.9840481663665981,0.011238178109337178,NORMAL,STABLE,NORMAL,NO_ACTION,False,0.0
2026-08-12T01:23:05.757782,0.39307100799421213,0.1974481867829981,0.003284072249589491,False,1,0.06363344192504883,False,0.0,-8.773282689108015,-6.242554840567777,1.637946599642646,CENTER,0.0,0.9842360039437585,0.01453414003328107,NORMAL,STABLE,NORMAL,NO_ACTION,False,0.0
2026-08-12T01:23:05.789946,0.45345570458292894,0.2631253566267511,0.003278688524590164,False,1,0.06363344192504883,False,0.0,-7.6401333947260355,10.22613002425237,-1.290230750449922,CENTER,0.0,0.9849573741855281,0.015985148268425783,NORMAL,STABLE,NORMAL,NO_ACTION,False,0.0
2026-08-12T01:23:05.820406,0.4402056366827507,0.23843664566111705,0.0032733224222585926,False,1,0.06363344192504883,False,0.0,-6.504162170986291,9.856862818352397,-0.7725779853576569,CENTER,0.0,0.9858569369427297,0.014126076630474606,NORMAL,STABLE,NORMAL,NO_ACTION,False,0.0
2026-08-12T01:23:05.852455,0.4071575174823976,0.20736112590113315,0.0032679738562091504,False,1,0.06363344192504883,False,0.0,-8.306232832866328,9.516763078366012,-1.3990699411091612,CENTER,0.0,0.9880795744384431,0.0162190648945,NORMAL,STABLE,NORMAL,NO_ACTION,False,0.0
2026-08-12T01:23:05.884593,0.4352058870474127,0.23874254755874322,0.0032626427406199023,False,1,0.06363344192504883,False,0.0,-8.820450109215273,4.920023144329264,-0.6964846974341583,CENTER,0.0,0.9899765973293896,0.012717805788418734,NORMAL,STABLE,NORMAL,NO_ACTION,False,0.0
2026-08-12T01:23:05.918064,0.44212261883272974,0.2611315681066315,0.003257328990228013,False,1,0.06363344192504883,False,0.0,-7.776826454741553,8.969855950445123,-1.4187774209663928,CENTER,0.0,0.9895377202289094,0.015333255251929129,NORMAL,STABLE,NORMAL,NO_ACTION,False,0.0
2026-08-12T01:23:05.948520,0.41824525842015225,0.32385561891507947,0.0032520325203252032,False,1,0.06363344192504883,False,0.0,-7.601413298419118,10.2216919952169,-1.42420236876859,CENTER,0.0,0.9879899959276406,0.01607366671309667,NORMAL,STABLE,NORMAL,NO_ACTION,False,0.0
2026-08-12T01:23:05.980483,0.4331480007748526,0.2419813397060568,0.003246753246753247,False,1,0.06363344192504883,False,0.0,-8.127090227539497,10.296612551444554,-1.688109266137559,CENTER,0.0,0.9870995691872428,0.016888115984769345,NORMAL,STABLE,NORMAL,NO_ACTION,False,0.0
2026-08-12T01:23:06.044725,0.4751269661305601,0.29015266882604984,0.0032414910858995136,False,1,0.06363344192504883,False,0.0,-6.828546547250767,10.25214273342965,-1.2016742992049387,CENTER,0.0,0.9871242444701646,0.015137130567026908,NORMAL,STABLE,NORMAL,NO_ACTION,False,0.0
2026-08-12T01:23:06.076492,0.4520242058185928,0.3010996351725587,0.003236245954692557,False,1,0.06363344192504883,False,0.0,-6.677739950858978,8.998425750929272,-1.0306183138079916,CENTER,0.0,0.9875782857510288,0.013921726556461558,NORMAL,STABLE,NORMAL,NO_ACTION,False,0.0
2026-08-12T01:23:06.109282,0.49010053530503916,0.29165908613360747,0.0032310177705977385,False,1,0.06363344192504883,False,0.0,-6.58494258340869,10.957083709177596,-1.3191085672077918,CENTER,0.0,0.9879594666280864,0.015524757860925617,NORMAL,STABLE,NORMAL,NO_ACTION,False,0.0
2026-08-12T01:23:06.141549,0.48186534818833576,0.29379692248143346,0.0032258064516129032,False,1,0.06363344192504883,False,0.0,-6.27022520256682,9.916348740812424,-0.8430141926795045,CENTER,0.0,0.9877114009987997,0.014011593508231357,NORMAL,STABLE,NORMAL,NO_ACTION,False,0.0
2026-08-12T01:23:06.172109,0.4786579658995908,0.32017493460462926,0.00322061191626409,False,1,0.06363344192504883,False,0.0,-6.9581833850117505,14.065606734871153,-1.5932225951435157,CENTER,0.0,0.9877529685356654,0.018393180993112018,NORMAL,STABLE,NORMAL,NO_ACTION,False,0.0
2026-08-12T01:23:06.199508,0.49809209865065374,0.34127743680971623,0.003215434083601286,False,1,0.06363344192504883,False,0.0,-7.696929561559841,14.859476113220012,-1.3506378230946723,CENTER,0.0,0.9876872749485598,0.019444316155881762,NORMAL,STABLE,NORMAL,NO_ACTION,False,0.0
2026-08-12T01:23:06.223006,0.5050776174054944,0.3368604771781103,0.0032102728731942215,False,1,0.06363344192504883,False,0.0,-8.567339707355927,15.814220114794068,-1.4505325534115912,CENTER,0.0,0.9886517141418038,0.021068221148831105,NORMAL,STABLE,NORMAL,NO_ACTION,False,0.0
2026-08-12T01:23:06.251987,0.4781122597470491,0.3171198039420038,0.003205128205128205,False,1,0.06363344192504883,False,0.0,-9.035804147702578,13.968388862465247,-1.1932028999441684,CENTER,0.0,0.9898737702546297,0.01993843577988473,NORMAL,STABLE,NORMAL,NO_ACTION,False,0.0
2026-08-12T01:23:06.285199,0.48475916855453477,0.34156706306883955,0.0032,False,1,0.06363344192504883,False,0.0,-9.87764244918742,16.884175008071793,-1.6527635045412694,CENTER,0.0,0.9897372658393346,0.023297480276086892,NORMAL,STABLE,NORMAL,NO_ACTION,False,0.0
2026-08-12T01:23:06.317533,0.4847703765309498,0.32895351062544015,0.003194888178913738,False,1,0.06363344192504883,False,0.0,-10.637954057444489,19.94660609482918,-1.1044776827973521,CENTER,0.0,0.9886959608624828,0.025713409040572476,NORMAL,STABLE,NORMAL,NO_ACTION,False,0.0
2026-08-12T01:23:06.348245,0.4526141209698309,0.34421874584949785,0.003189792663476874,False,1,0.06363344192504883,False,0.0,-10.386982905995609,21.10606895603135,-0.5347802581916596,CENTER,0.0,0.9890031158907752,0.025760525441165937,NORMAL,STABLE,NORMAL,NO_ACTION,False,0.0
2026-08-12T01:23:06.380287,0.42490398239329763,0.3421646006677104,0.0031847133757961785,False,1,0.06363344192504883,False,0.0,-10.779813126391844,19.550177961559513,0.26329167161617306,CENTER,0.0,0.9872887597522292,0.024753673888837743,NORMAL,STABLE,NORMAL,NO_ACTION,False,0.0
2026-08-12T01:23:06.446118,0.43450423753818224,0.424615199686169,0.003179650238473768,False,1,0.06363344192504883,False,0.0,-11.917488757406261,22.09691060161478,1.4662050597014797,CENTER,0.0,0.9849520426097395,0.03376992126968897,NORMAL,STABLE,NORMAL,NO_ACTION,False,0.0
2026-08-12T01:23:06.478931,0.4215065605018049,0.4901740268244079,0.0031746031746031746,False,1,0.06363344192504883,False,0.0,-11.499613056666817,23.645411136616474,1.2008837238648198,CENTER,0.0,0.98479650259345,0.047342154752209126,NORMAL,STABLE,NORMAL,NO_ACTION,False,0.0
2026-08-12T01:23:06.509496,0.44276784077300857,0.5989379502287512,0.003169572107765452,False,1,0.06363344192504883,False,0.0,-12.262535914554292,25.57000647968789,1.5963381846720779,CENTER,0.0,0.9823795171039095,0.07160039941366872,NORMAL,STABLE,NORMAL,NO_ACTION,False,0.0
2026-08-12T01:23:06.541071,0.45714566671021617,0.7200478514243939,0.0031645569620253164,False,1,0.06363344192504883,False,0.0,-12.909546534688758,25.181516842288033,1.5371896001144876,CENTER,0.0,0.9811615601423183,0.11209832288627782,NORMAL,STABLE,NORMAL,NO_ACTION,False,0.0
2026-08-12T01:23:06.574146,0.43646577459623154,0.8323862947398821,0.00315955766192733,False,1,0.06363344192504883,False,0.0,-13.631645954341366,27.631461056479225,1.3270908606177159,CENTER,0.0,0.9814055132244512,0.11436076473297338,NORMAL,STABLE,NORMAL,NO_ACTION,False,0.0
2026-08-12T01:23:06.604043,0.43273221657356276,0.8642476580398902,0.0031545741324921135,False,1,0.06363344192504883,False,0.0,-13.341528116489684,27.676136887997274,1.2230445666067737,CENTER,0.0,0.9808637822573731,0.11401346515097982,NORMAL,STABLE,NORMAL,NO_ACTION,False,0.0
2026-08-12T01:23:06.636671,0.4044774504402615,0.9376975325018237,0.0031496062992125984,False,1,0.06363344192504883,False,0.0,-13.552785836099446,27.913222938351282,0.7045699167512964,CENTER,0.0,0.9795923219950274,0.11388885543970256,NORMAL,STABLE,NORMAL,NO_ACTION,False,0.0
2026-08-12T01:23:06.669290,0.4448776435701411,0.9392020194597716,0.0031446540880503146,False,1,0.06363344192504883,False,0.0,-14.227196732621792,28.471855191008473,0.02545139072427105,CENTER,0.0,0.9797033607681757,0.1142877787937653,NORMAL,STABLE,NORMAL,NO_ACTION,False,0.0
2026-08-12T01:23:06.691502,0.450054607924563,0.9647981872448848,0.0031397174254317113,False,1,0.06363344192504883,False,0.0,-13.442624918957677,27.161691280189302,0.5395676369828948,CENTER,0.0,0.979683896497771,0.11308111060807949,NORMAL,STABLE,NORMAL,NO_ACTION,False,0.0
2026-08-12T01:23:06.714209,0.4270229955331894,0.9095994347096692,0.003134796238244514,False,1,0.06363344192504883,False,0.0,-13.593984242302582,28.036404785676694,0.12306903498080146,CENTER,0.0,0.9787204084147806,0.11345752883444679,NORMAL,STABLE,NORMAL,NO_ACTION,False,0.0
2026-08-12T01:23:06.742912,0.44022136703472503,0.9626969877507809,0.003129890453834116,False,1,0.06363344192504883,False,0.0,-13.362213866860401,27.395751328510443,0.20829907336329256,CENTER,0.0,0.977953585819616,0.11285372175376926,NORMAL,STABLE,NORMAL,NO_ACTION,False,0.0
2026-08-12T01:23:06.767421,0.4278191089158134,1.0234417202580584,0.003125,False,1,0.06363344192504883,False,0.0,-12.986734893840833,28.70783515922662,0.38743442304760833,CENTER,0.0,0.9780465267061043,0.11361226621644513,NORMAL,STABLE,NORMAL,NO_ACTION,False,0.0
2026-08-12T01:23:06.845329,0.44137389879851807,1.0282810953406074,0.0031201248049922,False,1,0.06363344192504883,False,0.0,-13.210867895264812,27.156182109137433,0.35555463531889586,CENTER,0.0,0.9800081045310355,0.11267676062679097,NORMAL,STABLE,NORMAL,NO_ACTION,False,0.0
2026-08-12T01:23:06.876375,0.43296526265414614,1.1310802606403687,0.003115264797507788,False,1,0.06363344192504883,False,0.0,-10.947808066717442,28.515659741511,0.6194400360772363,CENTER,0.0,0.9816836794838821,0.11173347465304172,NORMAL,STABLE,NORMAL,NO_ACTION,False,0.0
2026-08-12T01:23:06.909934,0.42568961534220817,1.0889900146093963,0.003110419906687403,False,1,0.06363344192504883,False,0.0,-9.817139379024155,26.291899893608388,1.4938216681733252,CENTER,0.0,0.9837830611282579,0.109880630931574,NORMAL,STABLE,NORMAL,NO_ACTION,False,0.0
2026-08-12T01:23:06.942000,0.42737717205118986,1.1580997545364704,0.003105590062111801,False,1,0.06363344192504883,False,0.0,-7.841529985103477,28.35124347322872,1.3977240832330153,CENTER,0.0,0.9842135255915638,0.10937295753721143,NORMAL,STABLE,NORMAL,NO_ACTION,False,0.0
2026-08-12T01:23:06.976206,0.42982629452717447,1.1925332758020857,0.0031007751937984496,False,1,0.06363344192504883,False,0.0,-6.333582753538394,28.54362676351758,1.51595834519199,CENTER,0.0,0.98369140625,0.10817365890576233,NORMAL,STABLE,NORMAL,NO_ACTION,False,0.0
2026-08-12T01:23:07.006852,0.42551645594029847,1.2942875382464547,0.0030959752321981426,False,1,0.06363344192504883,False,0.0,-9.289112209087904,26.029108042740063,1.1810311112238594,CENTER,0.0,0.9822785520619,0.10888116048746434,NORMAL,STABLE,NORMAL,NO_ACTION,False,0.0
2026-08-12T01:23:07.042180,0.41965980592267704,1.2865267990602043,0.0030911901081916537,False,1,0.06363344192504883,False,0.0,-8.203125248400568,23.701270474177278,2.0334546658612282,CENTER,0.0,0.9814810662079904,0.10697503155619495,NORMAL,STABLE,NORMAL,NO_ACTION,False,0.0
2026-08-12T01:23:07.070369,0.4236343488296016,1.3332535301827282,0.0030864197530864196,False,1,0.06363344192504883,False,0.0,-9.02968820938645,23.37687444011749,1.345983679571276,CENTER,0.0,0.9804049452374828,0.10687468595167378,NORMAL,STABLE,NORMAL,NO_ACTION,False,0.0
2026-08-12T01:23:07.100971,0.4286635701872411,1.3439057138417896,0.0030816640986132513,False,1,0.06363344192504883,False,0.0,-7.578089606162536,24.715055952159872,0.9553868098774103,CENTER,0.0,0.9805818249528464,0.10606718436607986,NORMAL,STABLE,NORMAL,NO_ACTION,False,0.0
2026-08-12T01:23:07.132973,0.43421099943045466,0.5386337570803967,0.003076923076923077,False,1,0.06363344192504883,False,0.0,-3.0387484849008217,21.91418429560889,3.131342665496419,CENTER,0.0,0.9818959110296639,0.04949523155217941,NORMAL,STABLE,NORMAL,NO_ACTION,False,0.0
2026-08-12T01:23:07.164298,0.4438735065141952,1.192512145070248,0.0030721966205837174,False,1,0.06363344192504883,False,0.0,-6.541587249709721,23.644602602475487,1.507183837580925,CENTER,0.0,0.9828968541023662,0.10482732588954921,NORMAL,STABLE,NORMAL,NO_ACTION,False,0.0
2026-08-12T01:23:07.197316,0.44584250331065883,1.0179494355806828,0.003067484662576687,False,1,0.06363344192504883,False,0.0,-7.148726443969679,24.030358429838117,1.8600017563965707,CENTER,0.0,0.9837785734953705,0.10603033046634688,NORMAL,STABLE,NORMAL,NO_ACTION,False,0.0
2026-08-12T01:23:07.229595,0.42242603696868186,1.2509074678728924,0.0030627871362940277,False,1,0.06363344192504883,False,0.0,-7.002281585361061,22.746695559982157,1.692620378244527,CENTER,0.0,0.9849018481009945,0.10480103757308878,NORMAL,STABLE,NORMAL,NO_ACTION,False,0.0
2026-08-12T01:23:07.261330,0.43074388613029246,1.137844032609451,0.0030581039755351682,False,1,0.06363344192504883,False,0.0,-7.107432792963124,25.238284105000673,1.7185542288725628,CENTER,0.0,0.9856619459447872,0.10672674824500894,NORMAL,STABLE,NORMAL,NO_ACTION,False,0.0
2026-08-12T01:23:07.294216,0.43698469246854854,1.1865408656291911,0.0030534351145038168,False,1,0.06363344192504883,False,0.0,-8.736937322028837,25.70005609504338,1.4673495795321685,CENTER,0.0,0.9845103389703359,0.10838750197384935,NORMAL,STABLE,NORMAL,NO_ACTION,False,0.0
2026-08-12T01:23:07.360613,0.4285924474295758,1.2449521663488696,0.003048780487804878,False,1,0.06363344192504883,False,0.0,-9.805339249407126,25.875460853113452,1.230925724764944,CENTER,0.0,0.9831896219135803,0.10931534725793282,NORMAL,STABLE,NORMAL,NO_ACTION,False,0.0
2026-08-12T01:23:07.415784,0.4346880163846039,1.1822747825384592,0.0030441400304414,False,1,0.06363344192504883,False,0.0,-8.135605902511173,25.579349494765438,1.8401900555004431,CENTER,0.0,0.9825470330718451,0.10808029666874919,NORMAL,STABLE,NORMAL,NO_ACTION,False,0.0
2026-08-12T01:23:07.437138,0.4306123278996332,1.0806542662131906,0.00303951367781155,False,1,0.06363344192504883,False,0.0,-7.303772733003171,25.008756347478823,1.3556534772526732,CENTER,0.0,0.9818888111925583,0.10640058630527738,NORMAL,STABLE,NORMAL,NO_ACTION,False,0.0
2026-08-12T01:23:07.470242,0.4376455614784592,0.9107983622966985,0.0030349013657056147,False,1,0.06363344192504883,False,0.0,-8.880959477659786,24.030873210901063,1.7064928787728775,CENTER,0.0,0.9820068158436215,0.10755095514369703,NORMAL,STABLE,NORMAL,NO_ACTION,False,0.0
2026-08-12T01:23:07.500993,0.4809481626160672,0.9998256721364835,0.0030303030303030303,False,1,0.06363344192504883,False,0.0,-9.607488074441221,27.124498273124317,1.0922066559256791,CENTER,0.0,0.984106760116598,0.109893325159832,NORMAL,STABLE,NORMAL,NO_ACTION,False,0.0
2026-08-12T01:23:07.525123,0.4349391177129558,0.8021010318243842,0.0030257186081694403,False,1,0.06363344192504883,False,0.0,-9.806950066428698,25.23712785723083,1.1841218948369772,CENTER,0.0,0.9862795112097051,0.10881080978551515,NORMAL,STABLE,NORMAL,NO_ACTION,False,0.0
2026-08-12T01:23:07.555194,0.42778097612455857,0.6116162939653106,0.0030211480362537764,False,1,0.06363344192504883,False,0.0,-9.440807171147156,24.043009183184694,0.9676939479111581,CENTER,0.0,0.9871700585133745,0.10738739659880066,NORMAL,STABLE,NORMAL,NO_ACTION,False,0.0
2026-08-12T01:23:07.609633,0.44333545200910784,0.5607739596227861,0.0030165912518853697,False,1,0.06363344192504883,False,0.0,-9.599869618954301,22.43935143013286,1.3352793888530243,CENTER,0.0,0.9873477955675583,0.05889113366865281,NORMAL,STABLE,NORMAL,NO_ACTION,False,0.0
2026-08-12T01:23:07.652309,0.4393779195347788,0.4841020260090997,0.0030120481927710845,False,1,0.06363344192504883,False,0.0,-9.602197519863552,21.49852260619093,1.1387674630998958,CENTER,0.0,0.9881351139188956,0.04269026743803374,NORMAL,STABLE,NORMAL,NO_ACTION,False,0.0
2026-08-12T01:23:07.711020,0.46620997299956873,0.3413285622305746,0.0030075187969924814,False,1,0.06363344192504883,False,0.0,-8.060373845021303,21.92683314233966,1.6646093713826815,CENTER,0.0,0.9873128858024691,0.025200844811189893,NORMAL,STABLE,NORMAL,NO_ACTION,False,0.0
2026-08-12T01:23:07.763348,0.43986428808833794,0.0469497217155433,0.003003003003003003,False,1,0.06363344192504883,False,0.0,-11.052270969342572,18.753165672953145,1.4657915048935024,CENTER,0.0,0.9866303503300754,0.025598383516767565,NORMAL,STABLE,NORMAL,NO_ACTION,False,0.0
2026-08-12T01:23:07.795738,0.42092716552190196,0.07830996471909908,0.0029985007496251873,False,1,0.06363344192504883,False,0.0,-9.652196537655215,20.416145949146596,1.5637936956269698,CENTER,0.0,0.9877062033822017,0.025545577484210942,NORMAL,STABLE,NORMAL,NO_ACTION,False,0.0
2026-08-12T01:23:07.821735,0.4257928935245979,0.023817902715237343,0.0029940119760479044,False,1,0.06363344192504883,False,0.0,-10.568900548515785,21.255767573515726,0.8795813288521117,CENTER,0.0,0.9886691824202675,0.02637585172204155,NORMAL,STABLE,NORMAL,NO_ACTION,False,0.0
2026-08-12T01:23:07.884515,0.4502541739228362,0.015010239488083593,0.0029895366218236174,False,1,0.06363344192504883,False,0.0,-10.577452843143533,20.170058075995314,1.6843669844642477,CENTER,0.0,0.9889210524905693,0.02637494251850781,NORMAL,STABLE,NORMAL,NO_ACTION,False,0.0
2026-08-12T01:23:07.909850,0.4501403246108332,0.015430894413340907,0.0029850746268656717,False,1,0.06363344192504883,False,0.0,-10.729599871011544,22.091917774966788,1.6666525368924567,CENTER,0.0,0.9881600973079562,0.02789240589693913,NORMAL,STABLE,NORMAL,NO_ACTION,False,0.0
2026-08-12T01:23:07.932796,0.4681550315940812,0.034997612666023394,0.0029806259314456036,False,1,0.06363344192504883,False,0.0,-10.229486034844712,23.848884443014526,1.1446955171572313,CENTER,0.0,0.9881588782793209,0.0281771098885494,NORMAL,STABLE,NORMAL,NO_ACTION,False,0.0
2026-08-12T01:23:07.965938,0.44950866893278774,0.3663137639705293,0.002976190476190476,False,1,0.06363344192504883,False,0.0,-11.405025830562892,24.342381410116445,0.9160916168721087,CENTER,0.0,0.9874869657707477,0.029445388560391878,NORMAL,STABLE,NORMAL,NO_ACTION,False,0.0
2026-08-12T01:23:08.007312,0.49994162046196367,0.39711799896815675,0.0029717682020802376,False,1,0.06363344192504883,False,0.0,-9.162699891590933,24.08919383801009,0.928451710242598,CENTER,0.0,0.9867203039266117,0.027115156351439577,NORMAL,STABLE,NORMAL,NO_ACTION,False,0.0
2026-08-12T01:23:08.040010,0.4550729028900159,0.38817501705211055,0.002967359050445104,False,1,0.06363344192504883,False,0.0,-9.24603942465069,24.071872151394416,0.7592627671290018,CENTER,0.0,0.986488152649177,0.0270199764421653,NORMAL,STABLE,NORMAL,NO_ACTION,False,0.0
2026-08-12T01:23:08.061383,0.4687601773608427,0.3271119056341156,0.002962962962962963,False,1,0.06363344192504883,False,0.0,-8.741563062646634,24.14751923588767,0.7774708261128751,CENTER,0.0,0.9873630535193759,0.026606352081761365,NORMAL,STABLE,NORMAL,NO_ACTION,False,0.0
2026-08-12T01:23:08.094810,0.4960932597110455,0.3868706976778065,0.0029585798816568047,False,1,0.06363344192504883,False,0.0,-7.887305950100853,23.35746861339996,0.7694252432999349,CENTER,0.0,0.9870603593321331,0.025205394407026654,NORMAL,STABLE,NORMAL,NO_ACTION,False,0.0
2026-08-12T01:23:08.125446,0.4724543161136369,0.3519147543224183,0.0029542097488921715,False,1,0.06363344192504883,False,0.0,-7.889254119940404,22.714703208831367,0.835282802493083,CENTER,0.0,0.9872255845979081,0.024806469353906752,NORMAL,STABLE,NORMAL,NO_ACTION,False,0.0
2026-08-12T01:23:08.157206,0.4925540914132299,0.28131561531667415,0.0029498525073746312,False,1,0.06363344192504883,False,0.0,-7.171102870779322,22.15551585411896,1.122661485168095,CENTER,0.0,0.987795393411351,0.023987793792961207,NORMAL,STABLE,NORMAL,NO_ACTION,False,0.0
2026-08-12T01:23:08.188483,0.4888445539588192,0.24015006986689505,0.0029455081001472753,False,1,0.06363344192504883,False,0.0,-6.868710558263473,22.186608879513415,0.9865151576622679,CENTER,0.0,0.9870821812842936,0.023587953398688178,NORMAL,STABLE,NORMAL,NO_ACTION,False,0.0
2026-08-12T01:23:08.220305,0.4471763125781425,0.09012610738890062,0.0029411764705882353,False,1,0.06363344192504883,False,0.0,-7.277889017354994,20.762036246934656,1.5652481792496644,CENTER,0.0,0.9864569937414266,0.023510417552849886,NORMAL,STABLE,NORMAL,NO_ACTION,False,0.0
2026-08-12T01:23:08.252202,0.4447580896285136,0.17861045196294675,0.002936857562408223,False,1,0.06363344192504883,False,0.0,-7.472789771706829,22.28232627632937,0.5024639119704375,CENTER,0.0,0.9863152113340192,0.02377266511718636,NORMAL,STABLE,NORMAL,NO_ACTION,False,0.0
2026-08-12T01:23:08.284710,0.46761723088186036,0.023216080716764724,0.002932551319648094,False,1,0.06363344192504883,False,0.0,-5.8372377666752016,21.22241105971966,0.155465362254688,CENTER,0.0,0.9871657182355966,0.021098048037655942,NORMAL,STABLE,NORMAL,NO_ACTION,False,0.0
2026-08-12T01:23:08.317591,0.43702391153405534,0.02735918284014017,0.0029282576866764276,False,1,0.06363344192504883,False,0.0,-6.4479014667612375,22.74395169167593,0.5333459943437333,CENTER,0.0,0.9866940077374828,0.02314887007320037,NORMAL,STABLE,NORMAL,NO_ACTION,False,0.0
2026-08-12T01:23:08.348794,0.46517977194813864,0.16410090079996564,0.0029239766081871343,False,1,0.06363344192504883,False,0.0,-7.1351734191871685,22.4103546305752,0.3811081985453768,CENTER,0.0,0.9867301499271262,0.023423156939157874,NORMAL,STABLE,NORMAL,NO_ACTION,False,0.0
2026-08-12T01:23:08.396987,0.485071502937931,0.40965400089294296,0.00291970802919708,False,1,0.06363344192504883,False,0.0,-7.286178106682712,28.30052402261805,-1.528835046494038,CENTER,0.0,0.9867711146476337,0.030858598712797752,NORMAL,STABLE,NORMAL,NO_ACTION,False,0.0
2026-08-12T01:23:08.429270,0.4810244851134132,0.6081402329654046,0.0029154518950437317,False,1,0.06363344192504883,False,0.0,-8.660743822519521,28.60879139538787,-2.353045679491345,CENTER,0.0,0.9861991222993828,0.11126777626897578,NORMAL,STABLE,NORMAL,NO_ACTION,False,0.0
2026-08-12T01:23:08.460795,0.4909377213215999,0.531769029824598,0.002911208151382824,False,1,0.06363344192504883,False,0.0,-6.841736585926327,28.66521331913546,-2.2705763925745543,CENTER,0.0,0.9866117835862482,0.05583127993396271,NORMAL,STABLE,NORMAL,NO_ACTION,False,0.0
2026-08-12T01:23:08.493311,0.4401015400338758,0.33962614247857914,0.0029069767441860465,False,1,0.06363344192504883,False,0.0,-7.365570431533712,27.73028036461244,-2.183685063262402,CENTER,0.0,0.986671944658779,0.029223004073134867,NORMAL,STABLE,NORMAL,NO_ACTION,False,0.0
2026-08-12T01:23:08.525267,0.4642318302338603,0.33094153531476234,0.002902757619738752,False,1,0.06363344192504883,False,0.0,-7.648763020768143,25.657414370571303,-2.0209153744612536,CENTER,0.0,0.9867097345464677,0.02784189698155944,NORMAL,STABLE,NORMAL,NO_ACTION,False,0.0
2026-08-12T01:23:08.557762,0.45188655939236877,0.3328874403445396,0.002898550724637681,False,1,0.06363344192504883,False,0.0,-7.276758849143732,24.463741720315568,-2.003031203481612,CENTER,0.0,0.9870290262774348,0.02660435203386713,NORMAL,STABLE,NORMAL,NO_ACTION,False,0.0
2026-08-12T01:23:08.588487,0.4512950011505577,0.3045535009639937,0.002894356005788712,False,1,0.06363344192504883,False,0.0,-6.776754051281301,27.525912637220642,-3.247467832268228,CENTER,0.0,0.9874482515646432,0.02953278019992927,NORMAL,STABLE,NORMAL,NO_ACTION,False,0.0
2026-08-12T01:23:08.620351,0.45122658839814167,0.3992388389082205,0.002890173410404624,False,1,0.06363344192504883,False,0.0,-8.135798045537058,25.19547191355997,-2.809264206661254,CENTER,0.0,0.9889044281550069,0.028736419291539837,NORMAL,STABLE,NORMAL,NO_ACTION,False,0.0
2026-08-12T01:23:08.652147,0.43248294546067556,0.3169025516682997,0.002886002886002886,False,1,0.06363344192504883,False,0.0,-6.780572772395459,26.10046137439184,-2.72303077080889,CENTER,0.0,0.9887629404578189,0.028001951441627926,NORMAL,STABLE,NORMAL,NO_ACTION,False,0.0
2026-08-12T01:23:08.685840,0.43746696207411995,0.3364778444648996,0.002881844380403458,False,1,0.06363344192504883,False,0.0,-6.524986160563799,26.80410131481858,-3.475289398922115,CENTER,0.0,0.9876419297625171,0.02898841259946652,NORMAL,STABLE,NORMAL,NO_ACTION,False,0.0
2026-08-12T01:23:08.716379,0.4268016750733229,0.43388883434113557,0.0028776978417266188,False,1,0.06363344192504883,False,0.0,-8.10836812557912,28.57756107017329,-3.8222456875529645,CENTER,0.0,0.9875025184327847,0.03890585575747945,NORMAL,STABLE,NORMAL,NO_ACTION,False,0.0
2026-08-12T01:23:08.749418,0.47113340396218706,0.5631935521633675,0.0028735632183908046,False,1,0.06363344192504883,False,0.0,-7.817497257130071,28.698377728864983,-3.657941518562268,CENTER,0.0,0.9873746677812072,0.06441573909492787,NORMAL,STABLE,NORMAL,NO_ACTION,False,0.0
2026-08-12T01:23:08.781196,0.4782287383785709,0.37184169627184477,0.0028694404591104736,False,1,0.06363344192504883,False,0.0,-7.2200292905943115,27.37045559079189,-2.9174449229046218,CENTER,0.0,0.9871759125300068,0.02952956346560793,NORMAL,STABLE,NORMAL,NO_ACTION,False,0.0
2026-08-12T01:23:08.812038,0.45722872370006323,0.39785133315222054,0.0028653295128939827,False,1,0.06363344192504883,False,0.0,-7.734120907209785,30.82928899241074,-4.906739217058146,CENTER,0.0,0.9881285901063102,0.03443827772529539,NORMAL,STABLE,NORMAL,NO_ACTION,False,0.0
2026-08-12T01:23:08.845145,0.4300267456262508,0.6413201640363473,0.002861230329041488,False,1,0.06363344192504883,False,0.0,-9.310868798363316,29.497411443404758,-4.751228199022648,CENTER,0.0,0.9896265753600824,0.11484496463253437,NORMAL,STABLE,NORMAL,NO_ACTION,False,0.0
2026-08-12T01:23:08.876840,0.45770798122946016,0.6920731592703812,0.002857142857142857,False,1,0.06363344192504883,False,0.0,-11.288170753152997,30.25694618356323,-5.6391195438169746,CENTER,0.0,0.9894472575874484,0.11815259252965565,NORMAL,STABLE,NORMAL,NO_ACTION,False,0.0
2026-08-12T01:23:08.924399,0.4470403210602042,0.553115502680951,0.0028530670470756064,False,1,0.06363344192504883,False,0.0,-13.383884482027753,30.54756559302828,-5.390886626351687,CENTER,0.0,0.9887674012988683,0.07076464045774267,NORMAL,STABLE,NORMAL,NO_ACTION,False,0.0
2026-08-12T01:23:08.958244,0.44510195740913555,0.30988007533227835,0.002849002849002849,False,1,0.06363344192504883,False,0.0,-11.65053076907489,30.222478570640646,-5.403667069143523,CENTER,0.0,0.9886565366726681,0.03824990651559894,NORMAL,STABLE,NORMAL,NO_ACTION,False,0.0
2026-08-12T01:23:08.990124,0.42862141126997266,0.6009636944133726,0.002844950213371266,False,1,0.06363344192504883,False,0.0,-11.44728950348889,32.57176265339308,-6.908199523523848,CENTER,0.0,0.9881759580761316,0.12119970690531467,NORMAL,STABLE,NORMAL,NO_ACTION,False,0.0
2026-08-12T01:23:09.021830,0.42060754843201287,0.08640781581603901,0.002840909090909091,False,1,0.06363344192504883,False,0.0,-11.08942925363911,32.05462222069238,-5.946913933211846,CENTER,0.0,0.9876023716135116,0.03955592800598616,NORMAL,STABLE,NORMAL,NO_ACTION,False,0.0
2026-08-12T01:23:09.053234,0.44852465111164497,0.37256019254802203,0.0028368794326241137,False,1,0.06363344192504883,False,0.0,-11.818700316283326,32.815771969673904,-5.4286657869486135,CENTER,0.0,0.9876623183513373,0.04030885452195079,NORMAL,STABLE,NORMAL,NO_ACTION,False,0.0
2026-08-12T01:23:09.084244,0.43339073932753747,0.44227520692807026,0.0028328611898017,False,1,0.06363344192504883,False,0.0,-13.34933313367543,31.184172398867446,-5.540444471292659,CENTER,0.0,0.9865871618870028,0.04916709988587648,NORMAL,STABLE,NORMAL,NO_ACTION,False,0.0
2026-08-12T01:23:09.116751,0.4060640037465699,0.6664600678087951,0.002828854314002829,False,1,0.06363344192504883,False,0.0,-11.739773858914049,31.63400878274669,-6.502730350963276,CENTER,0.0,0.986488152649177,0.12041364002668041,NORMAL,STABLE,NORMAL,NO_ACTION,False,0.0
2026-08-12T01:23:09.150019,0.46267285374561673,0.6712926216311529,0.002824858757062147,False,1,0.06363344192504883,False,0.0,-11.079108651096107,32.361244151857875,-6.496193623118359,CENTER,0.0,0.9870595555769891,0.12029637481817795,NORMAL,STABLE,NORMAL,NO_ACTION,False,0.0
2026-08-12T01:23:09.181055,0.4234995422204495,0.0729774279077097,0.0028208744710860366,False,1,0.06363344192504883,False,0.0,-11.267823772437424,31.7211355972959,-6.269345637474686,CENTER,0.0,0.9877578848379629,0.03979735365944389,NORMAL,STABLE,NORMAL,NO_ACTION,False,0.0
2026-08-12T01:23:09.244869,0.4497796505381747,0.05306372862470354,0.0028169014084507044,False,1,0.06363344192504883,False,0.0,-12.878340408740286,32.8980060448053,-7.414675484940659,CENTER,0.0,0.9878291109396434,0.04330109374479288,NORMAL,STABLE,NORMAL,NO_ACTION,False,0.0
2026-08-12T01:23:09.276417,0.4542788494521708,0.0394186812316836,0.0028129395218002813,False,1,0.06363344192504883,False,0.0,-13.816795173354507,31.310519807621944,-6.994556371568876,CENTER,0.0,0.9872859867969822,0.042653713941356884,NORMAL,STABLE,NORMAL,NO_ACTION,False,0.0
2026-08-12T01:23:09.309617,0.45091859833824155,0.035242520140329074,0.0028089887640449437,False,1,0.06363344192504883,False,0.0,-12.015085232795371,30.296779628909746,-6.426362409660243,CENTER,0.0,0.9863831554355282,0.03963943857287356,NORMAL,STABLE,NORMAL,NO_ACTION,False,0.0
2026-08-12T01:23:09.332400,0.45417362155961366,0.030397819443185755,0.002805049088359046,False,1,0.06363344192504883,False,0.0,-12.807007287687412,30.107684077780874,-6.228504472526282,CENTER,0.0,0.9863911661951305,0.04007493130675123,NORMAL,STABLE,NORMAL,NO_ACTION,False,0.0
2026-08-12T01:23:09.353307,0.43990909759918784,0.02932197246021934,0.0028011204481792717,False,1,0.06363344192504883,False,0.0,-14.24180646311342,29.840567814745356,-6.221418748160147,CENTER,0.0,0.9853440875771604,0.041256849180764714,NORMAL,STABLE,NORMAL,NO_ACTION,False,0.0
2026-08-12T01:23:09.391186,0.45015236939158265,0.026193493695227787,0.002797202797202797,False,1,0.06363344192504883,False,0.0,-13.479278638396266,30.502235617264432,-6.311198802691422,CENTER,0.0,0.9852213407707476,0.041086889185368014,NORMAL,STABLE,NORMAL,NO_ACTION,False,0.0
2026-08-12T01:23:09.424164,0.4533950773216405,0.03268206445618598,0.002793296089385475,False,1,0.06363344192504883,False,0.0,-13.488010321083607,30.83786985322442,-6.87783883556898,CENTER,0.0,0.9859954507458848,0.04188335334114235,NORMAL,STABLE,NORMAL,NO_ACTION,False,0.0
2026-08-12T01:23:09.454774,0.4500043902725581,0.041684739787431424,0.002789400278940028,False,1,0.06363344192504883,False,0.0,-13.434511893643844,30.41980498256288,-7.537726729229831,CENTER,0.0,0.9856524080504115,0.04216534819832192,NORMAL,STABLE,NORMAL,NO_ACTION,False,0.0
2026-08-12T01:23:09.486376,0.42635158366168,0.05680999265060671,0.002785515320334262,False,1,0.06363344192504883,False,0.0,-13.170931012433385,30.852439143365473,-7.478224617284411,CENTER,0.0,0.9851632292738339,0.04216668924697368,NORMAL,STABLE,NORMAL,NO_ACTION,False,0.0
2026-08-12T01:23:09.516837,0.4407528206764282,0.2992277957503457,0.0027816411682892906,False,1,0.06363344192504883,False,0.0,-13.76982546533091,30.572218477361332,-8.118454573126286,CENTER,0.0,0.9844467351466049,0.04315753856697901,NORMAL,STABLE,NORMAL,NO_ACTION,False,0.0
2026-08-12T01:23:09.548120,0.4181590338427861,0.8009769588695304,0.002777777777777778,False,1,0.06363344192504883,False,0.0,-13.761582297110436,29.712787416868792,-8.770429495553714,CENTER,0.0,0.9835435153034979,0.12315672819400775,NORMAL,STABLE,NORMAL,NO_ACTION,False,0.0
2026-08-12T01:23:09.580662,0.4551426365443988,0.9033994176581485,0.0027739251040221915,False,1,0.06363344192504883,False,0.0,-12.463793967148575,29.883281528217935,-8.346617458972219,CENTER,0.0,0.9823741989240398,0.12162202543997742,NORMAL,STABLE,NORMAL,NO_ACTION,False,0.0
2026-08-12T01:23:09.645344,0.4088452091846032,1.009854732499986,0.002770083102493075,False,1,0.06363344192504883,False,0.0,-13.20254339031223,25.446068749339673,-7.337459325212478,CENTER,0.0,0.9823005213691701,0.11815697819317653,NORMAL,STABLE,NORMAL,NO_ACTION,False,0.0
2026-08-12T01:23:09.678021,0.4063272821829198,0.9427146876611469,0.0027662517289073307,False,1,0.06363344192504883,False,0.0,-13.12302547866156,27.031283349893442,-7.670973836848617,CENTER,0.0,0.9821612573945473,0.11954644472319212,NORMAL,STABLE,NORMAL,NO_ACTION,False,0.0
2026-08-12T01:23:09.709437,0.415346024849951,0.8770948705479646,0.0027624309392265192,False,1,0.06363344192504883,False,0.0,-13.943348671369279,26.162297082907827,-6.781387292781574,CENTER,0.0,0.9812529069144376,0.11885214548831943,NORMAL,STABLE,NORMAL,NO_ACTION,False,0.0
2026-08-12T01:23:09.740995,0.4464774759381192,0.7592569635763462,0.002758620689655172,False,1,0.06363344192504883,False,0.0,-14.822110735924781,26.47650031042116,-6.675406725173588,CENTER,0.0,0.9813587078832305,0.11982323000154704,NORMAL,STABLE,NORMAL,NO_ACTION,False,0.0
2026-08-12T01:23:09.772904,0.4113876808515072,0.4376877969659277,0.0027548209366391185,False,1,0.06363344192504883,False,0.0,-14.417344514560654,24.04827169516483,-5.579808596663497,CENTER,0.0,0.9806354488168724,0.04416227342827969,NORMAL,STABLE,NORMAL,NO_ACTION,False,0.0
2026-08-12T01:23:09.804098,0.4243939195814207,0.4069185786124998,0.002751031636863824,False,1,0.06363344192504883,False,0.0,-14.091639992898763,23.927276567486757,-5.357493438979674,CENTER,0.0,0.9807986780907064,0.03739332173341964,NORMAL,STABLE,NORMAL,NO_ACTION,False,0.0
2026-08-12T01:23:09.836756,0.4107957683946092,0.388646796470125,0.0027472527472527475,False,1,0.06363344192504883,False,0.0,-13.27725319840033,20.90670718716359,-5.132610719400475,CENTER,0.0,0.9799520827974966,0.032827305630093,NORMAL,STABLE,NORMAL,NO_ACTION,False,0.0
2026-08-12T01:23:09.865134,0.41858719011916024,0.39848259016710313,0.0027434842249657062,False,1,0.06363344192504883,False,0.0,-13.582740858893999,22.312619686038573,-5.324397199321197,CENTER,0.0,0.9799634693287037,0.034321543458938786,NORMAL,STABLE,NORMAL,NO_ACTION,False,0.0
2026-08-12T01:23:09.892901,0.4191711881567756,0.35038557212467625,0.0027397260273972603,False,1,0.06363344192504883,False,0.0,-13.392468325959186,21.380508231340656,-4.675646650567444,CENTER,0.0,0.9803525270061728,0.03284040370003093,NORMAL,STABLE,NORMAL,NO_ACTION,False,0.0
2026-08-12T01:23:09.926272,0.398490949745243,0.24057898968399632,0.0027359781121751026,False,1,0.06363344192504883,False,0.0,-13.156704848241588,20.481694975437335,-4.7327841127483055,CENTER,0.0,0.9818150666580931,0.03201925055580612,NORMAL,STABLE,NORMAL,NO_ACTION,False,0.0
2026-08-12T01:23:09.949137,0.4245932012281454,0.0985817231053002,0.00273224043715847,False,1,0.06363344192504883,False,0.0,-14.158108569077768,22.220420031948834,-5.420543585787783,CENTER,0.0,0.98400290155607,0.034901598024055805,NORMAL,STABLE,NORMAL,NO_ACTION,False,0.0
2026-08-12T01:23:09.981322,0.39232484758029734,0.024833939371398748,0.002728512960436562,False,1,0.06363344192504883,False,0.0,-14.631809853079972,19.595376184102037,-5.18053430802297,CENTER,0.0,0.9861623237097051,0.03323076976958023,NORMAL,STABLE,NORMAL,NO_ACTION,False,0.0
2026-08-12T01:23:10.044888,0.3880674834764817,0.013183274755451889,0.0027247956403269754,False,1,0.06363344192504883,False,0.0,-14.961300584942137,18.178476017261715,-5.127686910261929,CENTER,0.0,0.9863849370927641,0.032473850267107744,NORMAL,STABLE,NORMAL,NO_ACTION,False,0.0
2026-08-12T01:23:10.077947,0.4022686511268796,0.027009356466076866,0.0027210884353741495,False,1,0.06363344192504883,False,0.0,-13.755111532192927,18.692087361711884,-5.549997749875985,CENTER,0.0,0.9875642870156037,0.03208994610693235,NORMAL,STABLE,NORMAL,NO_ACTION,False,0.0
2026-08-12T01:23:10.108454,0.38854202598828486,0.028846732719944475,0.002717391304347826,False,1,0.06363344192504883,False,0.0,-14.63346943769784,19.276347322034297,-5.909709493533995,CENTER,0.0,0.9887411319015775,0.033704126851544315,NORMAL,STABLE,NORMAL,NO_ACTION,False,0.0
2026-08-12T01:23:10.141928,0.38112734812984583,0.3757215971743087,0.0027137042062415195,False,1,0.06363344192504883,False,0.0,-13.438624277188694,22.01330075259645,-7.25044192955383,CENTER,0.0,0.9877166120113169,0.03582129948336802,NORMAL,STABLE,NORMAL,NO_ACTION,False,0.0
2026-08-12T01:23:10.173348,0.384704404409288,0.603045626541139,0.0027100271002710027,False,1,0.06363344192504883,False,0.0,-13.57055441264933,22.398535243224472,-8.007503387046,CENTER,0.0,0.9865263042266804,0.11695559037166503,NORMAL,STABLE,NORMAL,NO_ACTION,False,0.0
2026-08-12T01:23:10.207524,0.42916854070085775,0.48290413308615104,0.0027063599458728013,False,1,0.06363344192504883,False,0.0,-13.45436402323125,22.747572388658227,-7.907100309953222,CENTER,0.0,0.9865536185056584,0.053579927885438784,NORMAL,STABLE,NORMAL,NO_ACTION,False,0.0
2026-08-12T01:23:10.236766,0.422574991604059,0.3989678862094192,0.002702702702702703,False,1,0.06363344192504883,False,0.0,-11.976840077750808,21.581268917990485,-7.103592483706336,CENTER,0.0,0.9863053787294238,0.03396022187032223,NORMAL,STABLE,NORMAL,NO_ACTION,False,0.0
2026-08-12T01:23:10.273243,0.3954061461217108,0.2546037728084829,0.002699055330634278,False,1,0.06363344192504883,False,0.0,-13.186176560256825,19.850886893085345,-6.210056976996441,CENTER,0.0,0.9868929505315501,0.033014606162361085,NORMAL,STABLE,NORMAL,NO_ACTION,False,0.0
2026-08-12T01:23:10.300048,0.39767999431571344,0.3105856967733426,0.0026954177897574125,False,1,0.06363344192504883,False,0.0,-14.428983183946173,17.835959766199636,-5.995649013181776,CENTER,0.0,0.9875574550968793,0.032549690835785905,NORMAL,STABLE,NORMAL,NO_ACTION,False,0.0
2026-08-12T01:23:10.345383,0.39663116224740425,0.34058028898556,0.0026917900403768506,False,1,0.06363344192504883,False,0.0,-13.200127738226996,20.356146764246148,-6.480808038490409,CENTER,0.0,0.987448573066701,0.033653673781387124,NORMAL,STABLE,NORMAL,NO_ACTION,False,0.0
2026-08-12T01:23:10.372163,0.4080663288064611,0.31608214467773793,0.002688172043010753,False,1,0.06363344192504883,False,0.0,-12.846932620523745,20.232793110487307,-6.56912010185053,CENTER,0.0,0.9869914641203703,0.033309512460601244,NORMAL,STABLE,NORMAL,NO_ACTION,False,0.0
2026-08-12T01:23:10.396649,0.4164153948793796,0.31310551027865063,0.0026845637583892616,False,1,0.06363344192504883,False,0.0,-12.621335257254088,20.943780598230035,-6.577893609878686,CENTER,0.0,0.9870079812885802,0.033614210081886586,NORMAL,STABLE,NORMAL,NO_ACTION,False,0.0
2026-08-12T01:23:10.428147,0.4046843333811245,0.2590135790690827,0.002680965147453083,False,1,0.06363344192504883,False,0.0,-12.957847522729168,18.412871223006675,-5.70789371021678,CENTER,0.0,0.9875962094907408,0.03127260225574906,NORMAL,STABLE,NORMAL,NO_ACTION,False,0.0
2026-08-12T01:23:10.460774,0.4049949160502285,0.21688134821463292,0.002677376171352075,False,1,0.06363344192504883,False,0.0,-12.833018607791985,17.50200308770866,-6.051605490381803,CENTER,0.0,0.9881810083376201,0.030825529139364347,NORMAL,STABLE,NORMAL,NO_ACTION,False,0.0
2026-08-12T01:23:10.509473,0.4221950378476798,0.11769577536321366,0.00267379679144385,False,1,0.06363344192504883,False,0.0,-12.161677959454408,18.25033111419461,-6.100841585900639,CENTER,0.0,0.9895181755829903,0.030766924626149116,NORMAL,STABLE,NORMAL,NO_ACTION,False,0.0
2026-08-12T01:23:10.540396,0.44575097442857686,0.006933883877391125,0.0026702269692923898,False,1,0.06363344192504883,False,0.0,-11.746552137476215,18.427204635500402,-5.63100007123964,CENTER,0.0,0.9901581924082647,0.030042475845143336,NORMAL,STABLE,NORMAL,NO_ACTION,False,0.0
2026-08-12T01:23:10.574508,0.44309055748379367,0.022168621979972266,0.0026666666666666666,False,1,0.06363344192504883,False,0.0,-11.734463093496572,15.182431330714337,-5.6950096237905825,CENTER,0.0,0.9901910124099794,0.027749025985125766,NORMAL,STABLE,NORMAL,NO_ACTION,False,0.0
2026-08-12T01:23:10.604033,0.4877045805003491,0.016422334018230636,0.002663115845539281,False,1,0.06363344192504883,False,0.0,-11.649173367023451,15.876424618132887,-6.112663514935662,CENTER,0.0,0.9893888647762346,0.028570297740167713,NORMAL,STABLE,NORMAL,NO_ACTION,False,0.0
2026-08-12T01:23:10.637704,0.46788450371365753,0.05547312948435962,0.0026595744680851063,False,1,0.06363344192504883,False,0.0,-10.990898327549218,17.513127510891508,-6.267068001715472,CENTER,0.0,0.988797033071845,0.029267152260120978,NORMAL,STABLE,NORMAL,NO_ACTION,False,0.0
2026-08-12T01:23:10.668231,0.48358403741420175,0.4409940986238183,0.0026560424966799467,False,1,0.06363344192504883,False,0.0,-10.102944590581217,24.437156130489683,-7.323038158086746,CENTER,0.0,0.988500072337963,0.0426284529103161,NORMAL,STABLE,NORMAL,NO_ACTION,False,0.0
2026-08-12T01:23:10.700462,0.4709324487198409,0.5874884612880973,0.002652519893899204,False,1,0.06363344192504883,False,0.0,-11.647780003652002,25.02335025615477,-8.034380969742756,CENTER,0.0,0.9881081077460563,0.07452330393551879,NORMAL,STABLE,NORMAL,NO_ACTION,False,0.0
2026-08-12T01:23:10.734236,0.457398661245329,0.4861760915241619,0.0026490066225165563,False,1,0.06363344192504883,False,0.0,-12.338622565212091,23.193463573991806,-7.194833168301102,CENTER,0.0,0.9876789962705761,0.052796047518320656,NORMAL,STABLE,NORMAL,NO_ACTION,False,0.0
2026-08-12T01:23:10.765112,0.4674518074754769,0.5084795139758678,0.0026455026455026454,False,1,0.06363344192504883,False,0.0,-11.70648561074654,21.535653546309504,-6.800721774129897,CENTER,0.0,0.9891427951388888,0.05507118561590772,NORMAL,STABLE,NORMAL,NO_ACTION,False,0.0
2026-08-12T01:23:10.796953,0.4744625759638933,0.18113164445659743,0.002642007926023778,False,1,0.06363344192504883,False,0.0,-10.624362353483036,17.590980322219423,-5.530948445822105,CENTER,0.0,0.9888021637088478,0.02826156285426713,NORMAL,STABLE,NORMAL,NO_ACTION,False,0.0
2026-08-12T01:23:10.828949,0.4685620612102608,0.03033896596642201,0.002638522427440633,False,1,0.06363344192504883,False,0.0,-12.888556451484988,15.512624862033846,-5.719281155935789,CENTER,0.0,0.9886730538408779,0.029122220837133343,NORMAL,STABLE,NORMAL,NO_ACTION,False,0.0
2026-08-12T01:23:10.861006,0.477472104391588,0.016827659128245465,0.002635046113306983,False,1,0.06363344192504883,False,0.0,-12.507227095599319,14.281116425628994,-5.084237975502418,CENTER,0.0,0.9890841076174555,0.027254068968459652,NORMAL,STABLE,NORMAL,NO_ACTION,False,0.0
2026-08-12T01:23:10.894369,0.46431970061702194,0.014176873302933947,0.002631578947368421,False,1,0.06363344192504883,False,0.0,-13.285370951197052,13.018468364027228,-4.901058201715472,CENTER,0.0,0.9892704716435186,0.026915084854602093,NORMAL,STABLE,NORMAL,NO_ACTION,False,0.0
2026-08-12T01:23:10.924965,0.4539667518270981,0.01580963514380353,0.002628120893561104,False,1,0.06363344192504883,False,0.0,-13.531038032431752,13.858450469875834,-5.286513771683531,CENTER,0.0,0.9881428299682783,0.028129486335910222,NORMAL,STABLE,NORMAL,NO_ACTION,False,0.0
2026-08-12T01:23:10.957067,0.4602712482174629,0.011598891767057827,0.0026246719160104987,False,1,0.06363344192504883,False,0.0,-14.620884236247605,11.983356743324663,-4.743878584714452,CENTER,0.0,0.9876041800625858,0.02730219591999424,NORMAL,STABLE,NORMAL,NO_ACTION,False,0.0
2026-08-12T01:23:10.989197,0.43246265511326454,0.007610013118392514,0.002621231979030144,False,1,0.06363344192504883,False,0.0,-12.882854369955083,13.054084928485253,-4.490306664419535,CENTER,0.0,0.9884214115012003,0.026157660851822317,NORMAL,STABLE,NORMAL,NO_ACTION,False,0.0
2026-08-12T01:23:11.036393,0.44539262442311156,0.013316164605654886,0.002617801047120419,False,1,0.06363344192504883,False,0.0,-14.48704519237873,11.128663317883309,-4.5104353554519605,CENTER,0.0,0.9881529438871742,0.026331238108974912,NORMAL,STABLE,NORMAL,NO_ACTION,False,0.0
2026-08-12T01:23:11.068311,0.45704566783576767,0.015167264862683836,0.00261437908496732,False,1,0.06363344192504883,False,0.0,-13.364678614070328,12.529742454844353,-4.33147339781587,CENTER,0.0,0.9886051633230453,0.02608999741401874,NORMAL,STABLE,NORMAL,NO_ACTION,False,0.0
2026-08-12T01:23:11.100815,0.44826421592201804,0.00941968527909126,0.0026109660574412533,False,1,0.06363344192504883,False,0.0,-13.430581607655341,11.122134115287537,-3.9197092818031933,CENTER,0.0,0.9900790091306585,0.02474033993977885,NORMAL,STABLE,NORMAL,NO_ACTION,False,0.0
2026-08-12T01:23:11.132148,0.4898802181429827,0.022590011815686078,0.002607561929595828,False,1,0.06363344192504883,False,0.0,-13.802833336761012,13.260603870324758,-4.260562400154214,CENTER,0.0,0.9900604959705076,0.02697148387522699,NORMAL,STABLE,NORMAL,NO_ACTION,False,0.0
2026-08-12T01:23:11.166312,0.4725156043275488,0.2641508305688529,0.0026041666666666665,False,1,0.06363344192504883,False,0.0,-12.946692881579196,17.086046303026535,-5.3575542221775265,CENTER,0.0,0.9886503477580589,0.029966234355803416,NORMAL,STABLE,NORMAL,NO_ACTION,False,0.0
2026-08-12T01:23:11.196154,0.47353204857688547,0.46016045125631794,0.002600780234070221,False,1,0.06363344192504883,False,0.0,-12.700093544331395,18.65430490210548,-5.575181409907032,CENTER,0.0,0.9880657230581276,0.04310305671056937,NORMAL,STABLE,NORMAL,NO_ACTION,False,0.0
2026-08-12T01:23:11.229029,0.4837210588718431,0.526111907576929,0.0025974025974025974,False,1,0.06363344192504883,False,0.0,-13.258077275014557,20.580842892055244,-6.180523577047495,CENTER,0.0,0.9885352634173525,0.05880497627644842,NORMAL,STABLE,NORMAL,NO_ACTION,False,0.0
2026-08-12T01:23:11.261087,0.4926672899818352,0.5547818568835887,0.0025940337224383916,False,1,0.06363344192504883,False,0.0,-12.751451537083994,21.506647716513186,-5.969845552405928,CENTER,0.0,0.9875886943801441,0.06451686599889349,NORMAL,STABLE,NORMAL,NO_ACTION,False,0.0
2026-08-12T01:23:11.292566,0.48047683210038544,0.37759729368183714,0.0025906735751295338,False,1,0.06363344192504883,False,0.0,-12.603204096169037,20.231376641604697,-5.606427604625651,CENTER,0.0,0.9875168386702675,0.03214675069377606,NORMAL,STABLE,NORMAL,NO_ACTION,False,0.0
2026-08-12T01:23:11.325932,0.4861049700806296,0.27603904555472814,0.00258732212160414,False,1,0.06363344192504883,False,0.0,-13.39328642423817,17.47751000534234,-4.902512942690578,CENTER,0.0,0.988154698752572,0.030240823283123077,NORMAL,STABLE,NORMAL,NO_ACTION,False,0.0
2026-08-12T01:23:11.358005,0.4898192706305352,0.23484908513343847,0.002583979328165375,False,1,0.06363344192504883,False,0.0,-12.509236944789762,16.51131530945014,-4.570885829613587,CENTER,0.0,0.9888746892146776,0.02837236446921351,NORMAL,STABLE,NORMAL,NO_ACTION,False,0.0
2026-08-12T01:23:11.390180,0.47604160004390655,0.275715477829413,0.0025806451612903226,False,1,0.06363344192504883,False,0.0,-13.495431546173961,15.5886081231601,-4.558774377642493,CENTER,0.0,0.987581701710391,0.028643970830401846,NORMAL,STABLE,NORMAL,NO_ACTION,False,0.0
2026-08-12T01:23:11.420445,0.4692303314753803,0.24544354180270864,0.002577319587628866,False,1,0.06363344192504883,False,0.0,-13.786602988627237,14.710952534362377,-4.48654052698916,CENTER,0.0,0.9865675636574073,0.02822093725281825,NORMAL,STABLE,NORMAL,NO_ACTION,False,0.0
2026-08-12T01:23:11.453358,0.45220336326824523,0.2469926420762277,0.002574002574002574,False,1,0.06363344192504883,False,0.0,-13.76671837534721,12.800750432815306,-3.9073604078594713,CENTER,0.0,0.98617805051869,0.02626446969641749,NORMAL,STABLE,NORMAL,NO_ACTION,False,0.0
2026-08-12T01:23:11.484252,0.4829263619454721,0.23839653162143754,0.002570694087403599,False,1,0.06363344192504883,False,0.0,-12.81904209947524,12.184924447066692,-3.830461372235078,CENTER,0.0,0.9858694889188958,0.024833078406750694,NORMAL,STABLE,NORMAL,NO_ACTION,False,0.0
2026-08-12T01:23:11.517737,0.44961588166107236,0.22151120449228742,0.0025673940949935813,False,1,0.06363344192504883,False,0.0,-12.76004078967199,10.858057910468716,-3.9103517282694895,CENTER,0.0,0.9865889837319959,0.023894901285948834,NORMAL,STABLE,NORMAL,NO_ACTION,False,0.0
2026-08-12T01:23:11.564842,0.4535068150538516,0.14658505622267393,0.002564102564102564,False,1,0.06363344192504883,False,0.0,-13.525685470892796,13.315103317015826,-4.432442433803146,CENTER,0.0,0.9877733437285665,0.026909475563107525,NORMAL,STABLE,NORMAL,NO_ACTION,False,0.0
2026-08-12T01:23:11.597623,0.46836822159053826,0.2688413924138033,0.002560819462227913,False,1,0.06363344192504883,False,0.0,-13.23124655385908,9.889432908835971,-4.151997263651367,CENTER,0.0,0.987144673246742,0.023881788184354557,NORMAL,STABLE,NORMAL,NO_ACTION,False,0.0
2026-08-12T01:23:11.636101,0.4729411227019345,0.045554026864984755,0.0025575447570332483,False,1,0.06363344192504883,False,0.0,-12.020208915151642,11.902765231901014,-4.555031406599596,CENTER,0.0,0.9861668247385117,0.024557784088429704,NORMAL,STABLE,NORMAL,NO_ACTION,False,0.0
2026-08-12T01:23:11.671200,0.47865395087834295,0.011468868130088536,0.002554278416347382,False,1,0.06363344192504883,False,0.0,-11.523429237258256,11.348673501299345,-4.739636228105184,CENTER,0.0,0.9863513669195816,0.023856993902769883,NORMAL,STABLE,NORMAL,NO_ACTION,False,0.0
2026-08-12T01:23:11.697660,0.47119178519982363,0.06903918680022533,0.002551020408163265,False,1,0.06363344192504883,False,0.0,-11.531805164068572,10.850840663036536,-4.659385224047043,CENTER,0.0,0.9868130974579905,0.02342823492667476,NORMAL,STABLE,NORMAL,NO_ACTION,False,0.0
2026-08-12T01:23:11.732474,0.46599540720319443,0.0074311704849613774,0.0025477707006369425,False,1,0.06363344192504883,False,0.0,-11.751079759449908,13.35843802738222,-5.68813187324227,CENTER,0.0,0.9875170931927297,0.026441075703109256,NORMAL,STABLE,NORMAL,NO_ACTION,False,0.0
2026-08-12T01:23:11.775837,0.4958446088259734,0.0025044067794951254,0.002544529262086514,False,1,0.06363344192504883,False,0.0,-11.610912698650026,15.341590050613235,-6.145759047969904,CENTER,0.0,0.988524988747428,0.028179054496262082,NORMAL,STABLE,NORMAL,NO_ACTION,False,0.0
2026-08-12T01:23:11.806865,0.48638535217564866,0.24640327356952843,0.0025412960609911056,False,1,0.06363344192504883,False,0.0,-11.711380195801183,13.679561356382209,-5.9343911419416315,CENTER,0.0,0.9888986277220507,0.026871907452991346,NORMAL,STABLE,NORMAL,NO_ACTION,False,0.0
2026-08-12T01:23:11.835008,0.4918575036827691,0.3097113644746237,0.0025380710659898475,False,1,0.06363344192504883,False,0.0,-11.281525089306172,15.23137279046145,-5.471301791313579,CENTER,0.0,0.9876406437542867,0.027132787715189326,NORMAL,STABLE,NORMAL,NO_ACTION,False,0.0
2026-08-12T01:23:11.857266,0.505900406412139,0.13015657938380967,0.0025348542458808617,False,1,0.06363344192504883,False,0.0,-11.6258446472782,13.101087152681515,-5.481567918488935,CENTER,0.0,0.9867856358239026,0.0259357009698976,NORMAL,STABLE,NORMAL,NO_ACTION,False,0.0
2026-08-12T01:23:11.922460,0.47854336689978627,0.0005914705905843555,0.002531645569620253,False,1,0.06363344192504883,False,0.0,-11.91325565652727,13.398764031817336,-5.38278108867658,CENTER,0.0,0.9862883927040466,0.02633232792576808,NORMAL,STABLE,NORMAL,NO_ACTION,False,0.0
2026-08-12T01:23:11.966535,0.5041773766076276,0.09292930739661576,0.0025284450063211127,False,1,0.06363344192504883,False,0.0,-12.971996926601378,13.655396461688866,-5.145242251297617,CENTER,0.0,0.9865032498499657,0.027308461097344697,NORMAL,STABLE,NORMAL,NO_ACTION,False,0.0
2026-08-12T01:23:11.989895,0.4501732392318679,0.013619351329873654,0.0025252525252525255,False,1,0.06363344192504883,False,0.0,-12.358663676314762,15.353735293512727,-4.912939246007312,CENTER,0.0,0.9864364711934156,0.02772072274829156,NORMAL,STABLE,NORMAL,NO_ACTION,False,0.0
2026-08-12T01:23:12.012895,0.4611735799279796,0.013459686998589519,0.0025220680958385876,False,1,0.06363344192504883,False,0.0,-12.257175063091694,12.34718496970919,-4.659011765516311,CENTER,0.0,0.9868793402777778,0.025207072757523607,NORMAL,STABLE,NORMAL,NO_ACTION,False,0.0
2026-08-12T01:23:12.034590,0.46307195708818344,0.008547089809673773,0.0025188916876574307,False,1,0.06363344192504883,False,0.0,-11.958942969876972,14.589026461387164,-5.159067587688753,CENTER,0.0,0.9877557414909122,0.027020529277546612,NORMAL,STABLE,NORMAL,NO_ACTION,False,0.0
2026-08-12T01:23:12.064403,0.4344618692756733,0.0027844913095610383,0.0025157232704402514,False,1,0.06363344192504883,False,0.0,-12.278566879016921,12.007693104902245,-4.339358961553444,CENTER,0.0,0.9878293922539438,0.02467466990371938,NORMAL,STABLE,NORMAL,NO_ACTION,False,0.0
2026-08-12T01:23:12.103826,0.43003472516448055,0.0021410120555242587,0.002512562814070352,False,1,0.06363344192504883,False,0.0,-12.588674213840534,9.992486780385178,-3.9848301120419194,CENTER,0.0,0.9877989969135802,0.023176466840387218,NORMAL,STABLE,NORMAL,NO_ACTION,False,0.0
2026-08-12T01:23:12.148280,0.44035848844354497,0.009652973849567033,0.002509410288582183,False,1,0.06363344192504883,False,0.0,-11.97793731288479,12.564055146061065,-3.970102905566989,CENTER,0.0,0.9884351289223252,0.024431411889923597,NORMAL,STABLE,NORMAL,NO_ACTION,False,0.0
2026-08-12T01:23:12.171146,0.411459758491284,0.009591941071411397,0.002506265664160401,False,1,0.06363344192504883,False,0.0,-12.498111079737185,11.425344914995577,-3.6110740187027375,CENTER,0.0,0.9883644386574074,0.023764186607475993,NORMAL,STABLE,NORMAL,NO_ACTION,False,0.0
2026-08-12T01:23:12.192022,0.44577520004163784,0.008791473854404586,0.0025031289111389237,False,1,0.06363344192504883,False,0.0,-13.027556931772637,10.576539323976931,-3.079976096987565,CENTER,0.0,0.9869787915809327,0.02314956946538205,NORMAL,STABLE,NORMAL,NO_ACTION,False,0.0
2026-08-12T01:23:12.220400,0.4344003148006119,0.0768777635302323,0.0025,False,1,0.06363344192504883,False,0.0,-12.874456435826175,8.93109355216896,-2.6665029921509245,CENTER,0.0,0.9857992407193071,0.02141560257017405,NORMAL,STABLE,NORMAL,NO_ACTION,False,0.0
2026-08-12T01:23:12.253098,0.45410872748198716,0.02911116204685224,0.0024968789013732834,False,1,0.06363344192504883,False,0.0,-13.330503233289278,11.512406567709547,-2.894677744633867,CENTER,0.0,0.9863458478009258,0.023938764203568073,NORMAL,STABLE,NORMAL,NO_ACTION,False,0.0
2026-08-12T01:23:12.284529,0.44507780433913746,0.02493001729849906,0.0024937655860349127,False,1,0.06363344192504883,False,0.0,-14.51445615951738,6.951118675053465,-1.1050793359990791,CENTER,0.0,0.986120863340192,0.020061286557295204,NORMAL,STABLE,NORMAL,NO_ACTION,False,0.0
2026-08-12T01:23:12.316384,0.41724040133200446,0.004722175425634788,0.0024906600249066002,False,1,0.06363344192504883,False,0.0,-12.846400280296791,0.26241520912836336,0.6376887951926733,CENTER,0.0,0.9856513229809671,0.013174200464471451,NORMAL,STABLE,NORMAL,NO_ACTION,False,0.0
2026-08-12T01:23:12.349641,0.4086312199116474,0.34436133289942067,0.0024875621890547263,False,1,0.06363344192504883,False,0.0,-11.473917677358088,0.2379965600079288,1.4244755097981,CENTER,0.0,0.98651309585048,0.01259256132541539,NORMAL,STABLE,NORMAL,NO_ACTION,False,0.0
2026-08-12T01:23:12.380209,0.3956307429641934,0.5511115325658982,0.002484472049689441,False,1,0.06363344192504883,False,0.0,-10.587159675740907,4.133246639569563,2.2735418155055243,CENTER,0.0,0.9855230704518176,0.04559180829999496,NORMAL,STABLE,NORMAL,NO_ACTION,False,0.0
2026-08-12T01:23:12.446056,0.4451572543048494,0.6791628365766729,0.0024813895781637717,False,1,0.06363344192504883,False,0.0,-9.690848084010554,-13.32118189832508,8.079606958245392,CENTER,0.0,0.9842678996270576,0.10673314363392569,NORMAL,STABLE,NORMAL,NO_ACTION,False,0.0
2026-08-12T01:23:12.482976,0.45104169267502325,0.4330151109396415,0.0024783147459727386,False,1,0.06363344192504883,False,0.0,-10.274510115784437,-18.67298667597848,10.25388386073169,CENTER,0.0,0.9842310072659465,0.03985715120907644,NORMAL,STABLE,NORMAL,NO_ACTION,False,0.0
2026-08-12T01:23:12.502763,0.42061758834694335,0.48729694047846345,0.0024752475247524753,False,1,0.06363344192504883,False,0.0,-11.272610847676873,-20.119357973643503,10.735638235182137,CENTER,0.0,0.984116311406893,0.053183164267558716,NORMAL,STABLE,NORMAL,NO_ACTION,False,0.0
2026-08-12T01:23:12.525095,0.4031550649199929,0.3995275633429822,0.002472187886279357,False,1,0.06363344192504883,False,0.0,-10.553398983949705,-17.077671131669206,10.739027827375224,CENTER,0.0,0.9834222420481824,0.03283769200599991,NORMAL,STABLE,NORMAL,NO_ACTION,False,0.0
2026-08-12T01:23:12.545233,0.4203731307125975,0.2577028485485236,0.0024691358024691358,False,1,0.06363344192504883,False,0.0,-10.362260378370138,-16.39548079619496,11.514268743722482,CENTER,0.0,0.9834482301311729,0.03290746787778555,NORMAL,STABLE,NORMAL,NO_ACTION,False,0.0
2026-08-12T01:23:12.573584,0.41185600752294477,0.19984713293870218,0.002466091245376079,False,1,0.06363344192504883,False,0.0,-10.435699834614667,-15.092275144545994,11.490919979108696,CENTER,0.0,0.9835095030649862,0.03201449927686868,NORMAL,STABLE,NORMAL,NO_ACTION,False,0.0
2026-08-12T01:23:12.621410,0.4264528545907903,0.14007017184384937,0.0024630541871921183,False,1,0.06363344192504883,False,0.0,-11.236678923165329,-16.095489962268033,12.327774691938487,CENTER,0.0,0.9818292931241427,0.03431621660210837,NORMAL,STABLE,NORMAL,NO_ACTION,False,0.0
2026-08-12T01:23:12.659709,0.38927289866432924,0.19035911121429946,0.0024600246002460025,False,1,0.06363344192504883,False,0.0,-12.541788323480262,-15.49274692626895,12.48669694275253,CENTER,0.0,0.9814436915937931,0.03529071044386286,NORMAL,STABLE,NORMAL,NO_ACTION,False,0.0
2026-08-12T01:23:12.685805,0.4248278112160994,0.21212901001348675,0.002457002457002457,False,1,0.06363344192504883,False,0.0,-12.517095418323635,-17.71475574854597,12.414042496180713,CENTER,0.0,0.9815443887174211,0.036801752699028134,NORMAL,STABLE,NORMAL,NO_ACTION,False,0.0
2026-08-12T01:23:12.717658,0.42636339508308274,0.18855318411706198,0.00245398773006135,False,1,0.06363344192504883,False,0.0,-13.37830591920789,-15.338515116331934,11.6663173178502,CENTER,0.0,0.9817242423268174,0.035194861071554936,NORMAL,STABLE,NORMAL,NO_ACTION,False,0.0
2026-08-12T01:23:12.749310,0.42751809437802724,0.20006482014590307,0.0024509803921568627,False,1,0.06363344192504883,False,0.0,-12.502855842971826,-15.591047751395934,11.63076978633191,CENTER,0.0,0.9817446175197188,0.034499988796819175,NORMAL,STABLE,NORMAL,NO_ACTION,False,0.0
2026-08-12T01:23:12.780974,0.4392535387343241,0.15919356114220753,0.0024479804161566705,False,1,0.06363344192504883,False,0.0,-12.444626325387645,-15.10352910594753,11.006220008589167,CENTER,0.0,0.9817062783993483,0.03349040082405089,NORMAL,STABLE,NORMAL,NO_ACTION,False,0.0
2026-08-12T01:23:12.846708,0.4439459642704514,0.09366579548742435,0.0024449877750611247,False,1,0.06363344192504883,False,0.0,-14.527370999743283,-14.801237139940838,9.98041009945294,CENTER,0.0,0.9808806477194788,0.034289867881775855,NORMAL,STABLE,NORMAL,NO_ACTION,False,0.0
2026-08-12T01:23:12.879775,0.4641044031206918,0.00833111816244181,0.002442002442002442,False,1,0.06363344192504883,False,0.0,-13.01032145302429,-16.64123924201118,9.454017643822795,CENTER,0.0,0.981535989476166,0.03365099932360156,NORMAL,STABLE,NORMAL,NO_ACTION,False,0.0
2026-08-12T01:23:12.910301,0.441285304952483,0.004630134499797659,0.0024390243902439024,False,1,0.06363344192504883,False,0.0,-12.198886948224668,-17.111125624433242,8.621488328786313,CENTER,0.0,0.9829014221107683,0.0324072854399531,NORMAL,STABLE,NORMAL,NO_ACTION,False,0.0
2026-08-12T01:23:12.941268,0.4331520049723245,0.011182793619215438,0.00243605359317905,False,1,0.06363344192504883,False,0.0,-14.229699580929918,-15.327319682167712,8.165086832028038,CENTER,0.0,0.98389347029321,0.03263508076071026,NORMAL,STABLE,NORMAL,NO_ACTION,False,0.0
2026-08-12T01:23:12.973505,0.4423687538596035,0.016720478181214235,0.0024330900243309003,False,1,0.06363344192504883,False,0.0,-14.3683313155083,-17.397308254378515,8.449417103233287,CENTER,0.0,0.9849699931412895,0.034537369253617126,NORMAL,STABLE,NORMAL,NO_ACTION,False,0.0
2026-08-12T01:23:13.004870,0.469383464656072,0.2547452274109729,0.002430133657351154,False,1,0.06363344192504883,False,0.0,-13.226113738315348,-17.02732270897613,7.8048842972457635,CENTER,0.0,0.9855145238554528,0.03254958302776383,NORMAL,STABLE,NORMAL,NO_ACTION,False,0.0
2026-08-12T01:23:13.022867,0.462037141231625,0.3079629924350563,0.0024271844660194173,False,1,0.06363344192504883,False,0.0,-14.170266968847898,-17.271719111606245,7.9077726935424835,CENTER,0.0,0.9855051601080247,0.03373435384809155,NORMAL,STABLE,NORMAL,NO_ACTION,False,0.0
2026-08-12T01:23:13.050573,0.4604492000045852,0.40210073883184344,0.0024242424242424242,False,1,0.06363344192504883,False,0.0,-12.190463183337357,-19.75532542757753,7.7709119742027895,CENTER,0.0,0.9853236052169068,0.033909947763917044,NORMAL,STABLE,NORMAL,NO_ACTION,False,0.0
2026-08-12T01:23:13.069458,0.4501611734975809,0.5624175801918356,0.002421307506053269,False,1,0.06363344192504883,False,0.0,-12.620306194752061,-20.08132512570188,8.078705694173607,CENTER,0.0,0.9836283918467078,0.06691907711478394,NORMAL,STABLE,NORMAL,NO_ACTION,False,0.0
2026-08-12T01:23:13.101188,0.48439387483201757,0.8179861712201362,0.0024183796856106408,False,1,0.06363344192504883,False,0.0,-12.827629179896832,-23.955022351237375,9.019489784577246,CENTER,0.0,0.9826042470421811,0.11833881588612796,NORMAL,STABLE,NORMAL,NO_ACTION,False,0.0
2026-08-12T01:23:13.150273,0.4494199578936755,0.8166838121189821,0.0024154589371980675,False,1,0.06363344192504883,False,0.0,-12.561363556093454,-23.603013396435756,8.97211329658569,CENTER,0.0,0.9825767050325789,0.117782561459265,NORMAL,STABLE,NORMAL,NO_ACTION,False,0.0
2026-08-12T01:23:13.180816,0.4450230225370113,0.7815221644273107,0.0024125452352231603,False,1,0.06363344192504883,False,0.0,-13.277984076078098,-25.357483225368355,9.270482644446304,CENTER,0.0,0.9835796039094651,0.12002707620845621,NORMAL,STABLE,NORMAL,NO_ACTION,False,0.0
2026-08-12T01:23:13.245616,0.4728275788139742,0.4590318877375675,0.0024096385542168677,False,1,0.06363344192504883,False,0.0,-11.990895200779022,-19.46942575475731,7.4455331897038945,CENTER,0.0,0.9858352891375172,0.044584190153821764,NORMAL,STABLE,NORMAL,NO_ACTION,False,0.0
2026-08-12T01:23:13.276785,0.4677953509249859,0.24292247177296059,0.0024067388688327317,False,1,0.06363344192504883,False,0.0,-11.944420210462397,-18.916702854337046,6.8381827335416006,CENTER,0.0,0.9866635052297669,0.031749014155691715,NORMAL,STABLE,NORMAL,NO_ACTION,False,0.0
2026-08-12T01:23:13.308797,0.4482617246325764,0.2780254737738999,0.002403846153846154,False,1,0.06363344192504883,False,0.0,-10.070217386217905,-19.299957437476337,6.235076378962162,CENTER,0.0,0.9859282568158436,0.02964025214538779,NORMAL,STABLE,NORMAL,NO_ACTION,False,0.0
2026-08-12T01:23:13.341831,0.4494488929908318,0.15757047727268367,0.0024009603841536613,False,1,0.06363344192504883,False,0.0,-12.693662860357335,-14.218582323743476,5.914895352846088,CENTER,0.0,0.9856710149819958,0.028188328476158774,NORMAL,STABLE,NORMAL,NO_ACTION,False,0.0
2026-08-12T01:23:13.372255,0.4532865795601658,0.1989897118617757,0.002398081534772182,False,1,0.06363344192504883,False,0.0,-13.52874166733443,-11.823267326137398,5.853415950509429,CENTER,0.0,0.98606287240655,0.027203326330504433,NORMAL,STABLE,NORMAL,NO_ACTION,False,0.0
2026-08-12T01:23:13.404520,0.4446909227989865,0.12017540323160254,0.0023952095808383233,False,1,0.06363344192504883,False,0.0,-14.091231071589249,-13.682566463744052,5.968414542959977,CENTER,0.0,0.9851410456318587,0.02919854933412181,NORMAL,STABLE,NORMAL,NO_ACTION,False,0.0
2026-08-12T01:23:13.436194,0.4699978663445328,0.002495238443817936,0.0023923444976076554,False,1,0.06363344192504883,False,0.0,-13.914057232467712,-10.265925780835346,5.327090632278896,CENTER,0.0,0.9849012452846365,0.02594279248924819,NORMAL,STABLE,NORMAL,NO_ACTION,False,0.0
2026-08-12T01:23:13.468706,0.46363933911261734,0.0064434271059528704,0.0023894862604540022,False,1,0.06363344192504883,False,0.0,-13.355958315138679,-12.076321611301523,5.612204052961459,CENTER,0.0,0.9857452551654663,0.026987425666332717,NORMAL,STABLE,NORMAL,NO_ACTION,False,0.0
2026-08-12T01:23:13.500544,0.44292561027164173,0.004232072586535253,0.002386634844868735,False,1,0.06363344192504883,False,0.0,-13.949760239795836,-10.501057103828742,5.522744001974871,CENTER,0.0,0.986851088284465,0.026335397178174035,NORMAL,STABLE,NORMAL,NO_ACTION,False,0.0
2026-08-12T01:23:13.533668,0.420987319401166,0.0034925486856727233,0.0023837902264600714,False,1,0.06363344192504883,False,0.0,-14.161739855074927,-7.824100397180501,4.86592467472326,CENTER,0.0,0.9876489626200274,0.023973675389621214,NORMAL,STABLE,NORMAL,NO_ACTION,False,0.0
2026-08-12T01:23:13.554158,0.4195174607649895,0.007275012962262145,0.002380952380952381,False,1,0.06363344192504883,False,0.0,-14.63085141063911,-7.308109273149029,4.857036573794403,CENTER,0.0,0.9876418359910837,0.02404419327487694,NORMAL,STABLE,NORMAL,NO_ACTION,False,0.0
2026-08-12T01:23:13.583198,0.4029253015274873,0.008159476755919605,0.0023781212841854932,False,1,0.06363344192504883,False,0.0,-17.116221997259032,-4.88571353001069,4.442399418465129,CENTER,0.0,0.9878979123799725,0.024288724838668025,NORMAL,STABLE,NORMAL,NO_ACTION,False,0.0
2026-08-12T01:23:13.628149,0.4034934876289361,0.013106734427538798,0.0023752969121140144,False,1,0.06363344192504883,False,0.0,-16.36179062590253,-8.130282833223504,4.348762963639473,CENTER,0.0,0.9847945869770234,0.02581536698429446,NORMAL,STABLE,NORMAL,NO_ACTION,False,0.0
2026-08-12T01:23:13.676251,0.41444279230485065,0.008841901397409362,0.002372479240806643,False,1,0.06363344192504883,False,0.0,-14.276518530953837,-7.8960267752685525,4.730193386680355,CENTER,0.0,0.9831805930641291,0.0240054456287491,NORMAL,STABLE,NORMAL,NO_ACTION,False,0.0
2026-08-12T01:23:13.709841,0.41238690458674954,0.01254852140931864,0.002369668246445498,False,1,0.06363344192504883,False,0.0,-14.57233501378255,-8.442844819546139,5.358442748060639,CENTER,0.0,0.9831890592849793,0.025290210955150837,NORMAL,STABLE,NORMAL,NO_ACTION,False,0.0
2026-08-12T01:23:13.740943,0.43561120556068633,0.46561415728321603,0.002366863905325444,False,1,0.06363344192504883,False,0.0,-15.120147442769706,-5.364723174759831,4.287112173681521,CENTER,0.0,0.9843025548696845,0.035685825972774636,NORMAL,STABLE,NORMAL,NO_ACTION,False,0.0
2026-08-12T01:23:13.773098,0.42789423614834365,0.4230197515488897,0.002364066193853428,False,1,0.06363344192504883,False,0.0,-12.439686656285573,-13.486064930761017,6.2618901143031565,CENTER,0.0,0.9861216536994171,0.03235281187219078,NORMAL,STABLE,NORMAL,NO_ACTION,False,0.0
2026-08-12T01:23:13.805409,0.39368438657591187,0.37845010020693537,0.0023612750885478157,False,1,0.06363344192504883,False,0.0,-13.194281300107093,-15.435006942434711,6.505091335145693,CENTER,0.0,0.9871661335090878,0.03011727125533516,NORMAL,STABLE,NORMAL,NO_ACTION,False,0.0
2026-08-12T01:23:13.836943,0.4139864476865841,0.4090518805109679,0.0023584905660377358,False,1,0.06363344192504883,False,0.0,-12.699675932775932,-12.079175334683498,6.021734577875776,CENTER,0.0,0.9876762768990055,0.028562249891203675,NORMAL,STABLE,NORMAL,NO_ACTION,False,0.0
2026-08-12T01:23:13.868689,0.39438055480941603,0.3367049712728183,0.002355712603062426,False,1,0.06363344192504883,False,0.0,-13.646301601963387,-5.9590960101811845,5.4755541324154535,CENTER,0.0,0.9857545519332991,0.022717430418236408,NORMAL,STABLE,NORMAL,NO_ACTION,False,0.0
2026-08-12T01:23:13.901114,0.41764425517512,0.2583624275754214,0.002352941176470588,False,1,0.06363344192504883,False,0.0,-13.064564591303764,-6.504561421520094,5.405499132006639,CENTER,0.0,0.9840549714934843,0.0224837260935449,NORMAL,STABLE,NORMAL,NO_ACTION,False,0.0
2026-08-12T01:23:13.934373,0.40809138804921163,0.15819556679918287,0.0023501762632197414,False,1,0.06363344192504883,False,0.0,-12.39617810306143,-9.794492069742489,6.432022905035211,CENTER,0.0,0.9838970336076818,0.025204660058166344,NORMAL,STABLE,NORMAL,NO_ACTION,False,0.0
2026-08-12T01:23:13.965739,0.4006393919329752,0.20711104985593354,0.002347417840375587,False,1,0.06363344192504883,False,0.0,-13.44044104207029,-10.59776980865314,5.875962719215636,CENTER,0.0,0.9833863275891632,0.026254926261561864,NORMAL,STABLE,NORMAL,NO_ACTION,False,0.0
2026-08-12T01:23:13.997512,0.4234044222389657,0.17440839199371533,0.0023446658851113715,False,1,0.06363344192504883,False,0.0,-13.59607121280007,-10.45444221805306,5.944815867863639,CENTER,0.0,0.9843429033779151,0.02636758101293671,NORMAL,STABLE,NORMAL,NO_ACTION,False,0.0
2026-08-12T01:23:14.029185,0.41093160274106655,0.20777341227267349,0.00234192037470726,False,1,0.06363344192504883,False,0.0,-13.682779510524483,-9.54635235754128,5.718032014731193,CENTER,0.0,0.9852692847650892,0.025576850764026025,NORMAL,STABLE,NORMAL,NO_ACTION,False,0.0
2026-08-12T01:23:14.060588,0.4047662901753426,0.05848537583926169,0.0023391812865497076,False,1,0.06363344192504883,False,0.0,-13.457161041286213,-9.93029562217248,5.238525816413812,CENTER,0.0,0.9862201404963992,0.025175134182687554,NORMAL,STABLE,NORMAL,NO_ACTION,False,0.0
2026-08-12T01:23:14.092987,0.4101541176073335,0.09468919257721121,0.002336448598130841,False,1,0.06363344192504883,False,0.0,-11.516859040091077,-10.708180242729526,5.320060925863373,CENTER,0.0,0.9856937612525721,0.02394701606844598,NORMAL,STABLE,NORMAL,NO_ACTION,False,0.0
2026-08-12T01:23:14.125128,0.4364687681176537,0.006379097587422543,0.002333722287047841,False,1,0.06363344192504883,False,0.0,-11.896609602575268,-12.460980528999158,6.2575151582739466,CENTER,0.0,0.9859677479852538,0.026481346818428265,NORMAL,STABLE,NORMAL,NO_ACTION,False,0.0
2026-08-12T01:23:14.157666,0.4165237237543218,0.04982817595915526,0.002331002331002331,False,1,0.06363344192504883,False,0.0,-12.529125042408396,-8.004452697229965,4.482741632960256,CENTER,0.0,0.9867755620927641,0.022162791153909973,NORMAL,STABLE,NORMAL,NO_ACTION,False,0.0
2026-08-12T01:23:14.204083,0.41740904555504427,0.01092363117055371,0.002328288707799767,False,1,0.06363344192504883,False,0.0,-11.58891979123348,-7.025711971252292,4.657667165660882,CENTER,0.0,0.9863203151791838,0.020718986826617523,NORMAL,STABLE,NORMAL,NO_ACTION,False,0.0
2026-08-12T01:23:14.243944,0.4277694811610415,0.022156387642452292,0.002325581395348837,False,1,0.06363344192504883,False,0.0,-11.40383376960554,-10.677662002086521,4.8090533126644175,CENTER,0.0,0.9857000975222908,0.023324054562211337,NORMAL,STABLE,NORMAL,NO_ACTION,False,0.0
2026-08-12T01:23:14.274029,0.4284766902268474,0.007188481840891159,0.0023228803716608595,False,1,0.06363344192504883,False,0.0,-13.737458315116697,-5.916849562246824,4.268539205560728,CENTER,0.0,0.9850545883701989,0.02161238896301578,NORMAL,STABLE,NORMAL,NO_ACTION,False,0.0
2026-08-12T01:23:14.306212,0.41538322738824585,0.008685003979704085,0.002320185614849188,False,1,0.06363344192504883,False,0.0,-14.29193852728693,-7.519832993082474,4.322398520500286,CENTER,0.0,0.9857495418595679,0.023355907652132444,NORMAL,STABLE,NORMAL,NO_ACTION,False,0.0
2026-08-12T01:23:14.339186,0.40926771068676115,0.012113791508128987,0.002317497103128621,False,1,0.06363344192504883,False,0.0,-13.450275757707914,-7.370151799765807,4.413438412569349,CENTER,0.0,0.9856639419367283,0.022524982537875632,NORMAL,STABLE,NORMAL,NO_ACTION,False,0.0
2026-08-12T01:23:14.368206,0.4140675114043426,0.2817725249860978,0.0023148148148148147,False,1,0.06363344192504883,False,0.0,-12.181555477410086,-13.405954828050596,5.60501873992942,CENTER,0.0,0.9860886595507546,0.026809890696215328,NORMAL,STABLE,NORMAL,NO_ACTION,False,0.0
2026-08-12T01:23:14.396806,0.40883537556939525,0.40050107806167595,0.0023121387283236996,False,1,0.06363344192504883,False,0.0,-11.978697484730759,-14.809708217423633,6.3612729907820835,CENTER,0.0,0.9874646883573389,0.0284568283013387,NORMAL,STABLE,NORMAL,NO_ACTION,False,0.0
2026-08-12T01:23:14.429335,0.41183748726124914,0.3299001038321504,0.0023094688221709007,False,1,0.06363344192504883,False,0.0,-12.303288683410983,-10.361020710744043,5.129388379715806,CENTER,0.0,0.9880320189257544,0.024269981759289086,NORMAL,STABLE,NORMAL,NO_ACTION,False,0.0
2026-08-12T01:23:14.460837,0.3886038717433155,0.2777919587266515,0.002306805074971165,False,1,0.06363344192504883,False,0.0,-11.699944849253342,-14.993115883246304,6.492555175010779,CENTER,0.0,0.9875849569187244,0.028347065198302594,NORMAL,STABLE,NORMAL,NO_ACTION,False,0.0
2026-08-12T01:23:14.492852,0.41480074675087153,0.25944971414306417,0.002304147465437788,False,1,0.06363344192504883,False,0.0,-11.153303645493907,-16.761820690258105,7.444066096433346,CENTER,0.0,0.9873546274862826,0.030014337657412658,NORMAL,STABLE,NORMAL,NO_ACTION,False,0.0
2026-08-12T01:23:14.525729,0.392418477991634,0.14346828151485333,0.0023014959723820483,False,1,0.06363344192504883,False,0.0,-11.434680633639118,-14.719234885649513,7.164869767733279,CENTER,0.0,0.9876270602923526,0.028541236692809176,NORMAL,STABLE,NORMAL,NO_ACTION,False,0.0
2026-08-12T01:23:14.556937,0.40704495434565424,0.01348788000611937,0.0022988505747126436,False,1,0.06363344192504883,False,0.0,-12.298614579622864,-8.543515682384196,5.883747278000044,CENTER,0.0,0.987434453768004,0.02367925792980324,NORMAL,STABLE,NORMAL,NO_ACTION,False,0.0
2026-08-12T01:23:14.589400,0.40111757198685505,0.030807976824239868,0.002296211251435132,False,1,0.06363344192504883,False,0.0,-11.169779396807627,-10.720377614679933,6.35595160974745,CENTER,0.0,0.9874699931412895,0.024619124802099657,NORMAL,STABLE,NORMAL,NO_ACTION,False,0.0
2026-08-12T01:23:14.620751,0.39534513527199666,0.0039893063668828485,0.0022935779816513763,False,1,0.06363344192504883,False,0.0,-13.209508598730025,-8.235736186242093,5.466069747076716,CENTER,0.0,0.9883273453575103,0.023931921948988747,NORMAL,STABLE,NORMAL,NO_ACTION,False,0.0
2026-08-12T01:23:14.653268,0.39884415077304014,0.005358022492686662,0.002290950744558992,False,1,0.06363344192504883,False,0.0,-12.251781513015573,-9.700317774080958,5.487766758183739,CENTER,0.0,0.9873812585733883,0.024088313023917066,NORMAL,STABLE,NORMAL,NO_ACTION,False,0.0
2026-08-12T01:23:14.684386,0.378837128955784,0.0033229838442491643,0.002288329519450801,False,1,0.06363344192504883,False,0.0,-14.41157674881569,-8.199021838174218,4.624441730441163,CENTER,0.0,0.9858251484267833,0.02425249652981761,NORMAL,STABLE,NORMAL,NO_ACTION,False,0.0
2026-08-12T01:23:14.733006,0.37157397491338806,0.0035760685459546217,0.002285714285714286,False,1,0.06363344192504883,False,0.0,-14.261060690520935,-8.732432344118223,4.5377161279913025,CENTER,0.0,0.9843975051440329,0.024409282518208283,NORMAL,STABLE,NORMAL,NO_ACTION,False,0.0
2026-08-12T01:23:14.765654,0.39829123162545466,0.005466188087242603,0.00228310502283105,False,1,0.06363344192504883,False,0.0,-13.577585489824315,-4.783734569789317,3.882441679887677,CENTER,0.0,0.9849392361111111,0.0202682789082742,NORMAL,STABLE,NORMAL,NO_ACTION,False,0.0
2026-08-12T01:23:14.796472,0.4129653795343993,0.003914716551763992,0.002280501710376283,False,1,0.06363344192504883,False,0.0,-13.070204084627335,-4.786021431723668,4.263195480381086,CENTER,0.0,0.9854202031893003,0.02014799283736409,NORMAL,STABLE,NORMAL,NO_ACTION,False,0.0
2026-08-12T01:23:14.830588,0.3922095925447342,0.0029992808847794958,0.002277904328018223,False,1,0.06363344192504883,False,0.0,-13.379491858133491,-4.60305520141776,3.955496890792432,CENTER,0.0,0.9867617375042868,0.020017380885174827,NORMAL,STABLE,NORMAL,NO_ACTION,False,0.0
2026-08-12T01:23:14.861167,0.41022522338725353,0.00930877619820194,0.0022753128555176336,False,1,0.06363344192504883,False,0.0,-13.705461312146014,-5.36967667785953,4.184233915036572,CENTER,0.0,0.9894944112225651,0.021105213745370673,NORMAL,STABLE,NORMAL,NO_ACTION,False,0.0
2026-08-12T01:23:14.893200,0.3904007811251197,0.014175518939713394,0.0022727272727272726,False,1,0.06363344192504883,False,0.0,-13.857493588468884,-5.786480901602772,3.9270805107552746,CENTER,0.0,0.9896699781378601,0.021305011265225268,NORMAL,STABLE,NORMAL,NO_ACTION,False,0.0
2026-08-12T01:23:14.925176,0.3977843630309499,0.005341710567987276,0.0022701475595913734,False,1,0.06363344192504883,False,0.0,-14.649528331923591,-5.1632640421407245,3.8441190093167847,CENTER,0.0,0.988792706189986,0.02153772147014792,NORMAL,STABLE,NORMAL,NO_ACTION,False,0.0
2026-08-12T01:23:14.958302,0.3807632122038157,0.007173896071539591,0.0022675736961451248,False,1,0.06363344192504883,False,0.0,-13.767169584449505,-6.280685985646386,4.194663225443065,CENTER,0.0,0.9863090358153291,0.021832630732493013,NORMAL,STABLE,NORMAL,NO_ACTION,False,0.0
2026-08-12T01:23:14.988991,0.3923548019785994,0.007496364731676493,0.0022650056625141564,False,1,0.06363344192504883,False,0.0,-15.443184440367077,-5.522019457543848,3.8194774262626368,CENTER,0.0,0.9835123831875857,0.022537355109425096,NORMAL,STABLE,NORMAL,NO_ACTION,False,0.0
2026-08-12T01:23:15.021281,0.39024536974213153,0.007420736869703026,0.0022624434389140274,False,1,0.06363344192504883,False,0.0,-15.085607436043517,-5.494422612973551,3.4459421721657293,CENTER,0.0,0.9822563818158436,0.0218133900283861,NORMAL,STABLE,NORMAL,NO_ACTION,False,0.0
2026-08-12T01:23:15.052564,0.4019642832548195,0.004863142128824908,0.0022598870056497176,False,1,0.06363344192504883,False,0.0,-14.675669744244573,-3.937940692738948,3.627245180761207,CENTER,0.0,0.9826426799339849,0.02046909746513184,NORMAL,STABLE,NORMAL,NO_ACTION,False,0.0
2026-08-12T01:23:15.084289,0.4214214153876005,0.008432465446541108,0.002257336343115124,False,1,0.06363344192504883,False,0.0,-13.837021573873074,-5.232852448358358,3.5394948903301042,CENTER,0.0,0.9830324609910838,0.020512224104158174,NORMAL,STABLE,NORMAL,NO_ACTION,False,0.0
2026-08-12T01:23:15.117499,0.4008537003155327,0.009133268736967478,0.002254791431792559,False,1,0.06363344192504883,False,0.0,-15.912295869472416,-1.340449995942663,2.889948953072036,CENTER,0.0,0.982911321694959,0.019073968159519915,NORMAL,STABLE,NORMAL,NO_ACTION,False,0.0
2026-08-12T01:23:15.148385,0.355910475549307,0.012641514117692204,0.0022522522522522522,False,1,0.06363344192504883,False,0.0,-14.973963838180168,-2.0028308741160004,2.7054690746479935,CENTER,0.0,0.9839154931841565,0.01847112806588127,NORMAL,STABLE,NORMAL,NO_ACTION,False,0.0
2026-08-12T01:23:15.180158,0.3634688892035576,0.012425448924506165,0.0022497187851518562,False,1,0.06363344192504883,False,0.0,-15.215145383830503,-0.4791683804400293,2.181062340460869,CENTER,0.0,0.9852439932698903,0.017097969787042824,NORMAL,STABLE,NORMAL,NO_ACTION,False,0.0
2026-08-12T01:23:15.213457,0.3878747635757426,0.009714931531061233,0.0022471910112359553,False,1,0.06363344192504883,False,0.0,-15.463930428215605,-4.972933896910831,2.889001765639307,CENTER,0.0,0.985060187864369,0.021264757334444034,NORMAL,STABLE,NORMAL,NO_ACTION,False,0.0
2026-08-12T01:23:15.261456,0.38901664292841187,0.005899189255158774,0.0022471910112359553,False,1,0.06363344192504883,False,0.0,-14.70211350424836,-1.9305035087910483,2.5895009397617343,CENTER,0.0,0.9848032005529835,0.018045436813543994,NORMAL,STABLE,NORMAL,NO_ACTION,False,0.0
2026-08-12T01:23:15.293036,0.3672878839258046,0.012122747387860624,0.0022471910112359553,False,1,0.06363344192504883,False,0.0,-14.621957321969603,-0.9397753889852822,2.216893725994737,CENTER,0.0,0.9845337416409465,0.01689391656786244,NORMAL,STABLE,NORMAL,NO_ACTION,False,0.0
2026-08-12T01:23:15.325479,0.376902029253655,0.009938452916800261,0.0022471910112359553,False,1,0.06363344192504883,False,0.0,-15.460998051826095,-3.221844708361573,2.8116243208017977,CENTER,0.0,0.9836523839377572,0.019922746425976884,NORMAL,STABLE,NORMAL,NO_ACTION,False,0.0
2026-08-12T01:23:15.358088,0.3627518119995683,0.0043661670969566985,0.0022471910112359553,False,1,0.06363344192504883,False,0.0,-14.180761863466614,-1.931829332406977,2.5870684368020136,CENTER,0.0,0.9826881858710562,0.017542009621811867,NORMAL,STABLE,NORMAL,NO_ACTION,False,0.0
2026-08-12T01:23:15.389740,0.3934701656913455,0.00921326014752255,0.0022471910112359553,False,1,0.06363344192504883,False,0.0,-15.472542652938785,-2.909608183111658,2.8060994144220217,CENTER,0.0,0.9831757973251027,0.019703039011928086,NORMAL,STABLE,NORMAL,NO_ACTION,False,0.0
2026-08-12T01:23:15.421182,0.3942209940152548,0.014575429820133838,0.0022471910112359553,False,1,0.06363344192504883,False,0.0,-16.798687609218007,-2.1889201279342956,2.29487927836783,CENTER,0.0,0.9844287980109738,0.019967284502664835,NORMAL,STABLE,NORMAL,NO_ACTION,False,0.0
2026-08-12T01:23:15.453633,0.3424665509749491,0.011767549009895233,0.0022471910112359553,False,1,0.06363344192504883,False,0.0,-15.981790659025478,-1.7992106093852556,2.5448484874450514,CENTER,0.0,0.9851059885116598,0.0191398972107869,NORMAL,STABLE,NORMAL,NO_ACTION,False,0.0
2026-08-12T01:23:15.485276,0.40869214188981307,0.3032123776153842,0.0022471910112359553,False,1,0.06363344192504883,False,0.0,-14.780169752035249,-4.019067947229104,3.2047876334796683,CENTER,0.0,0.9859704405649863,0.02022150803682798,NORMAL,STABLE,NORMAL,NO_ACTION,False,0.0
2026-08-12T01:23:15.516223,0.37014230200178594,0.3764585610589389,0.0022471910112359553,False,1,0.06363344192504883,False,0.0,-14.250426849673971,-3.5045146717038733,2.5613860422761263,CENTER,0.0,0.9870876200274348,0.01872019152921956,NORMAL,STABLE,NORMAL,NO_ACTION,False,0.0
2026-08-12T01:23:15.549342,0.368586040080067,0.5156146042353523,0.0022471910112359553,False,1,0.06363344192504883,False,0.0,-13.779170001605166,-7.320089135760014,3.090226630813504,CENTER,0.0,0.9884160933213307,0.04465425605411512,NORMAL,STABLE,NORMAL,NO_ACTION,False,0.0
2026-08-12T01:23:15.581486,0.3619913054110266,0.5267803768667052,0.0022471910112359553,False,1,0.06363344192504883,False,0.0,-12.246212507086568,-12.37977808711733,3.661306581976504,CENTER,0.0,0.9895030783822018,0.04961537792943096,NORMAL,STABLE,NORMAL,NO_ACTION,False,0.0
2026-08-12T01:23:15.645701,0.3803651024779666,0.419934263900929,0.0022522522522522522,False,1,0.06363344192504883,False,0.0,-10.568955329478257,1.7254891831275643,0.2339105989335053,CENTER,0.0,0.9875214602623457,0.015635799195359616,NORMAL,STABLE,NORMAL,NO_ACTION,False,0.0
2026-08-12T01:23:15.676621,0.39500979495784616,0.41306685901791973,0.0022497187851518562,False,1,0.06363344192504883,False,0.0,-10.004283237381173,4.5169417870903885,0.11329341021667005,CENTER,0.0,0.9875174146947874,0.015618459125280478,NORMAL,STABLE,NORMAL,NO_ACTION,False,0.0
2026-08-12T01:23:15.696687,0.38221289621489785,0.34002722181667255,0.0022497187851518562,False,1,0.06363344192504883,False,0.0,-11.245683306797275,-7.177002945044052,2.3588722166232117,CENTER,0.0,0.9840455273705417,0.018284074112492284,NORMAL,STABLE,NORMAL,NO_ACTION,False,0.0
2026-08-12T01:23:15.719525,0.3944307678579385,0.29984462566726694,0.0022497187851518562,False,1,0.06363344192504883,False,0.0,-9.855048782483578,-3.2118202200020107,1.44216827646801,CENTER,0.0,0.9822624903549382,0.013198449548991872,NORMAL,STABLE,NORMAL,NO_ACTION,False,0.0
2026-08-12T01:23:15.741107,0.40228778676673216,0.2616010790867918,0.0022497187851518562,False,1,0.06363344192504883,False,0.0,-10.08821309571104,-1.729895509370408,1.08780920405826,CENTER,0.0,0.9827995327503428,0.012011464526915733,NORMAL,STABLE,NORMAL,NO_ACTION,False,0.0
2026-08-12T01:23:15.789829,0.40012376582815135,0.24328762604522905,0.0022522522522522522,False,1,0.06363344192504883,False,0.0,-8.852890398976513,-4.3880483708135785,1.6146317256032887,CENTER,0.0,0.9838812264231824,0.013248982165553319,NORMAL,STABLE,NORMAL,NO_ACTION,False,0.0
2026-08-12T01:23:15.821950,0.38658018307291897,0.20826612016019969,0.0022522522522522522,False,1,0.06363344192504883,False,0.0,-9.369172982504637,-0.8241200143276899,1.02470775274449,CENTER,0.0,0.9859754104509602,0.010604119977624712,NORMAL,STABLE,NORMAL,NO_ACTION,False,0.0
2026-08-12T01:23:15.853567,0.3972850707807031,0.16410244018376005,0.0022497187851518562,False,1,0.06363344192504883,False,0.0,-10.125704066449543,-2.374832431317742,1.7822925198076973,CENTER,0.0,0.9877224258401921,0.013182116431606824,NORMAL,STABLE,NORMAL,NO_ACTION,False,0.0
2026-08-12T01:23:15.884467,0.4170194885709424,0.15922770952037002,0.0022497187851518562,False,1,0.06363344192504883,False,0.0,-9.47836551465511,-3.6500054482059454,2.0417817699790817,CENTER,0.0,0.9881510550625857,0.013729590208907589,NORMAL,STABLE,NORMAL,NO_ACTION,False,0.0
2026-08-12T01:23:15.916813,0.38270644833674283,0.1505639985470123,0.0022497187851518562,False,1,0.06363344192504883,False,0.0,-9.54025001841481,-3.212348096514347,1.8355048561560068,CENTER,0.0,0.985838678305041,0.013274459800773,NORMAL,STABLE,NORMAL,NO_ACTION,False,0.0
2026-08-12T01:23:15.948687,0.38614398561573526,0.08838899476956633,0.0022497187851518562,False,1,0.06363344192504883,False,0.0,-10.128113454826945,-4.517209382572304,2.4036248710717985,CENTER,0.0,0.983701158479081,0.015330028867908418,NORMAL,STABLE,NORMAL,NO_ACTION,False,0.0
2026-08-12T01:23:15.981233,0.3725031350664141,0.0354086524489031,0.0022497187851518562,False,1,0.06363344192504883,False,0.0,-10.66188157311629,-2.748919752318926,1.8141602902242369,CENTER,0.0,0.9828435651363167,0.013999297171002697,NORMAL,STABLE,NORMAL,NO_ACTION,False,0.0
2026-08-12T01:23:16.046186,0.3975977547341265,0.00018059119110825627,0.0022497187851518562,False,1,0.06363344192504883,False,0.0,-9.012084923049969,-4.322258134428807,2.951603622697263,CENTER,0.0,0.9838454191315158,0.01464221984484407,NORMAL,STABLE,NORMAL,NO_ACTION,False,0.0
2026-08-12T01:23:16.079958,0.40728921549778024,0.004128100515231894,0.0022522522522522522,False,1,0.06363344192504883,False,0.0,-9.937898055750253,-1.3739496030453324,2.2633619358703356,CENTER,0.0,0.9859034609696502,0.01274165840894516,NORMAL,STABLE,NORMAL,NO_ACTION,False,0.0
2026-08-12T01:23:16.108344,0.3919758463014802,0.0013497545631571545,0.0022497187851518562,False,1,0.06363344192504883,False,0.0,-9.772795907470197,3.574557208552534,1.9758666462605845,CENTER,0.0,0.9864756408607682,0.013895151554213881,NORMAL,STABLE,NORMAL,NO_ACTION,False,0.0
2026-08-12T01:23:16.179615,0.36933264629496293,0.0014510277018533828,0.002254791431792559,False,1,0.06363344192504883,False,0.0,-8.537977612917615,-0.4216111547836192,2.236256620160333,CENTER,0.0,0.9859079619984568,0.010679685465863231,NORMAL,STABLE,NORMAL,NO_ACTION,False,0.0
2026-08-12T01:23:16.210264,0.3956541870642813,0.010973168187149364,0.002254791431792559,False,1,0.06363344192504883,False,0.0,-7.499910336347114,-5.796664926592683,2.959354518054539,CENTER,0.0,0.9851912267446845,0.014258364899370381,NORMAL,STABLE,NORMAL,NO_ACTION,False,0.0
2026-08-12T01:23:16.235097,0.40500291624181556,0.009285656653226169,0.002254791431792559,False,1,0.06363344192504883,False,0.0,-6.787006990413062,-3.5945476995224226,2.5677795885371495,CENTER,0.0,0.9851302619170096,0.011604375229384916,NORMAL,STABLE,NORMAL,NO_ACTION,False,0.0
2026-08-12T01:23:16.255806,0.41243399433459343,0.006732757328978306,0.002254791431792559,False,1,0.06363344192504883,False,0.0,-6.702375871362449,-0.37962842336787617,2.095319110363107,CENTER,0.0,0.9846599847822359,0.008746030510390298,NORMAL,STABLE,NORMAL,NO_ACTION,False,0.0
2026-08-12T01:23:16.289866,0.40023129907387506,0.0031713846283072137,0.002254791431792559,False,1,0.06363344192504883,False,0.0,-6.6857375170268085,-6.711041680000619,3.4356463865702267,CENTER,0.0,0.9838844280478395,0.014593381268649444,NORMAL,STABLE,NORMAL,NO_ACTION,False,0.0
2026-08-12T01:23:16.317362,0.40406016270196726,0.0057368358508517155,0.0022522522522522522,False,1,0.06363344192504883,False,0.0,-6.726747148589311,-2.814361589658745,2.7802838814194786,CENTER,0.0,0.9845011493698559,0.011187513251058299,NORMAL,STABLE,NORMAL,NO_ACTION,False,0.0
2026-08-12T01:23:16.340812,0.3960702403053946,0.015280680715943285,0.0022522522522522522,False,1,0.06363344192504883,False,0.0,-9.103408697013549,9.104274616342309,0.5032862651317487,CENTER,0.0,0.9848769718792868,0.01582620089016492,NORMAL,STABLE,NORMAL,NO_ACTION,False,0.0
2026-08-12T01:23:16.360412,0.41979376248661193,0.3420640215422826,0.0022522522522522522,False,1,0.06363344192504883,False,0.0,-7.163225166027473,16.43966110834799,-0.5467034499281453,CENTER,0.0,0.9847489872685184,0.019297464282504888,NORMAL,STABLE,NORMAL,NO_ACTION,False,0.0
2026-08-12T01:23:16.386492,0.44392144932373845,0.40779929748167076,0.0022522522522522522,False,1,0.06363344192504883,False,0.0,-7.490160488823989,17.034398601138435,-0.47055488289169034,CENTER,0.0,0.984320786715535,0.021528354769919603,NORMAL,STABLE,NORMAL,NO_ACTION,False,0.0
2026-08-12T01:23:16.445090,0.43857954353820866,0.3218194666982449,0.0022522522522522522,False,1,0.06363344192504883,False,0.0,-6.994498345210957,18.539961423245586,-0.4793089797140624,CENTER,0.0,0.9851071271647804,0.020586971785234796,NORMAL,STABLE,NORMAL,NO_ACTION,False,0.0
2026-08-12T01:23:16.490880,0.43850349690961954,0.3621041786994877,0.0022497187851518562,False,1,0.06363344192504883,False,0.0,-6.54867946306166,16.739404337571983,-0.07384870229972762,CENTER,0.0,0.9852360226980453,0.01846681914377962,NORMAL,STABLE,NORMAL,NO_ACTION,False,0.0
2026-08-12T01:23:16.518605,0.4166273654787583,0.33713543672065893,0.0022497187851518562,False,1,0.06363344192504883,False,0.0,-6.458795627338134,19.002475667768266,-0.5469013025941081,CENTER,0.0,0.9850210851766118,0.02047023687776739,NORMAL,STABLE,NORMAL,NO_ACTION,False,0.0
2026-08-12T01:23:16.542465,0.45474744797315114,0.27313042677801036,0.0022471910112359553,False,1,0.06363344192504883,False,0.0,-7.4066367763227845,19.03631269021173,-0.3200601977224835,CENTER,0.0,0.9843583488725994,0.021188971066085395,NORMAL,STABLE,NORMAL,NO_ACTION,False,0.0
2026-08-12T01:23:16.572303,0.4241601325855693,0.2318520455894565,0.0022471910112359553,False,1,0.06363344192504883,False,0.0,-5.9670335465526705,16.187485796932833,0.6933271417584876,CENTER,0.0,0.9839874828532237,0.018104642627269643,NORMAL,STABLE,NORMAL,NO_ACTION,False,0.0
2026-08-12T01:23:16.605569,0.37818130375804127,0.27388814651893767,0.0022497187851518562,False,1,0.06363344192504883,False,0.0,-6.281277628498941,13.343120460780227,0.8249051708747857,CENTER,0.0,0.9840221113040124,0.016479688954404867,NORMAL,STABLE,NORMAL,NO_ACTION,False,0.0
2026-08-12T01:23:16.637290,0.41702562360839357,0.29250954862428086,0.0022471910112359553,False,1,0.06363344192504883,False,0.0,-6.776314562764924,13.068492482949011,0.7282590704883773,CENTER,0.0,0.9845475260416666,0.016664982143781173,NORMAL,STABLE,NORMAL,NO_ACTION,False,0.0
2026-08-12T01:23:16.669086,0.4153931870875716,0.26960684472279967,0.0022471910112359553,False,1,0.06363344192504883,False,0.0,-6.72103604275847,16.12734383653563,-0.06582516059020804,CENTER,0.0,0.9859750889489025,0.018183022077759646,NORMAL,STABLE,NORMAL,NO_ACTION,False,0.0
2026-08-12T01:23:16.702101,0.4399965904052501,0.2813585485390486,0.0022471910112359553,False,1,0.06363344192504883,False,0.0,-7.50980275206453,16.636937191587577,-0.1918149765421333,CENTER,0.0,0.9856484026706104,0.01943193837702708,NORMAL,STABLE,NORMAL,NO_ACTION,False,0.0
2026-08-12T01:23:16.732575,0.4448246344451394,0.2748100231648671,0.002244668911335578,False,1,0.06363344192504883,False,0.0,-8.09441526137033,17.143660214311865,-0.5169023526941032,CENTER,0.0,0.9856561187199931,0.020673912301657653,NORMAL,STABLE,NORMAL,NO_ACTION,False,0.0
2026-08-12T01:23:16.765899,0.41193361341210744,0.3256531183584249,0.0022471910112359553,False,1,0.06363344192504883,False,0.0,-7.225993803417197,17.04865740004871,-0.7535359545588847,CENTER,0.0,0.9852172550154321,0.019996910852160297,NORMAL,STABLE,NORMAL,NO_ACTION,False,0.0
2026-08-12T01:23:16.795645,0.4202109472008969,0.3198894389057228,0.0022471910112359553,False,1,0.06363344192504883,False,0.0,-8.74074654211546,16.854099991720517,-0.718629451301382,CENTER,0.0,0.9851148432141633,0.021281434283977333,NORMAL,STABLE,NORMAL,NO_ACTION,False,0.0
2026-08-12T01:23:16.845230,0.42847017646194524,0.3837985606837166,0.0022471910112359553,False,1,0.06363344192504883,False,0.0,-9.46920876298043,20.95317679140817,-1.5476349046863618,CENTER,0.0,0.9836855254415294,0.02574166232562207,NORMAL,STABLE,NORMAL,NO_ACTION,False,0.0
2026-08-12T01:23:16.879065,0.428086561208912,0.36410676351738497,0.0022471910112359553,False,1,0.06363344192504883,False,0.0,-9.195632217782816,19.9648132151855,-1.602130648555601,CENTER,0.0,0.9843151470336078,0.02481687748966356,NORMAL,STABLE,NORMAL,NO_ACTION,False,0.0
2026-08-12T01:23:16.911137,0.4214038523866001,0.383424194255959,0.0022471910112359553,False,1,0.06363344192504883,False,0.0,-9.974015037628533,21.117074287667435,-1.7576022794555684,CENTER,0.0,0.9842311814128942,0.02654833329087784,NORMAL,STABLE,NORMAL,NO_ACTION,False,0.0
2026-08-12T01:23:16.940722,0.43769569601835207,0.3462271816366676,0.0022471910112359553,False,1,0.06363344192504883,False,0.0,-10.258502116951547,21.917438987605152,-2.0710654730182227,CENTER,0.0,0.9827046092678327,0.027702178429537573,NORMAL,STABLE,NORMAL,NO_ACTION,False,0.0
2026-08-12T01:23:16.973206,0.4638030737623312,0.3214420447590683,0.0022471910112359553,False,1,0.06363344192504883,False,0.0,-10.522283013335198,24.131707661090473,-2.2414945254006966,CENTER,0.0,0.982576530885631,0.029719500570311023,NORMAL,STABLE,NORMAL,NO_ACTION,False,0.0
2026-08-12T01:23:17.005315,0.453378407729618,0.39526840304785194,0.0022471910112359553,False,1,0.06363344192504883,False,0.0,-10.001030919970333,22.981814062776976,-1.6802755925325812,CENTER,0.0,0.9834650554055214,0.027846642353675063,NORMAL,STABLE,NORMAL,NO_ACTION,False,0.0
2026-08-12T01:23:17.037504,0.4340195581537555,0.4049002657549134,0.0022471910112359553,False,1,0.06363344192504883,False,0.0,-10.396011410379032,25.56681154471977,-2.228185636490707,CENTER,0.0,0.9832164003557955,0.031601606793228924,NORMAL,STABLE,NORMAL,NO_ACTION,False,0.0
2026-08-12T01:23:17.069220,0.4691352153704022,0.5008863828949296,0.0022497187851518562,False,1,0.06363344192504883,False,0.0,-10.385794530635678,25.041883895719593,-1.6866612407604578,CENTER,0.0,0.982382584769376,0.049888409394646345,NORMAL,STABLE,NORMAL,NO_ACTION,False,0.0
2026-08-12T01:23:17.102551,0.42202887337485545,0.3994008328607053,0.0022497187851518562,False,1,0.06363344192504883,False,0.0,-10.60996577639989,23.558032204948034,-2.007096620539045,CENTER,0.0,0.9816476712534293,0.029163898159885147,NORMAL,STABLE,NORMAL,NO_ACTION,False,0.0
2026-08-12T01:23:17.133533,0.4415740030814036,0.5704627731380468,0.0022497187851518562,False,1,0.06363344192504883,False,0.0,-10.732711970313204,25.33764236120615,-2.0680281008552868,CENTER,0.0,0.9796332063400205,0.06471860158664272,NORMAL,STABLE,NORMAL,NO_ACTION,False,0.0
2026-08-12T01:23:17.165311,0.4598739246636122,0.6739454568772709,0.0022497187851518562,False,1,0.06363344192504883,False,0.0,-11.581950974110441,26.076631296460164,-2.337986856274881,CENTER,0.0,0.9767756022805213,0.11223750718040709,NORMAL,STABLE,NORMAL,NO_ACTION,False,0.0
2026-08-12T01:23:17.197332,0.43934059219384813,0.5073376421182562,0.0022522522522522522,False,1,0.06363344192504883,False,0.0,-12.046754549349856,26.529587787321844,-2.6301549559292425,CENTER,0.0,0.9755434456447187,0.05476110653439317,NORMAL,STABLE,NORMAL,NO_ACTION,False,0.0
2026-08-12T01:23:17.227880,0.4694838414574692,0.6397355402704206,0.0022497187851518562,False,1,0.06363344192504883,False,0.0,-12.356369328406089,28.649583600158707,-3.2712964958491,CENTER,0.0,0.976029396004801,0.11574022931976777,NORMAL,STABLE,NORMAL,NO_ACTION,False,0.0
2026-08-12T01:23:17.262248,0.4497180659842547,0.7576471381145944,0.0022497187851518562,False,1,0.06363344192504883,False,0.0,-12.089794586531383,27.77644379277376,-3.0433884420128834,CENTER,0.0,0.9758948741855281,0.11463345972967554,NORMAL,STABLE,NORMAL,NO_ACTION,False,0.0
2026-08-12T01:23:17.293231,0.4444031543326378,0.7588546871731082,0.0022497187851518562,False,1,0.06363344192504883,False,0.0,-12.558124060691341,28.095297178069785,-2.9195861635647873,CENTER,0.0,0.9761862622170782,0.11519550965937111,NORMAL,STABLE,NORMAL,NO_ACTION,False,0.0
2026-08-12T01:23:17.327611,0.4509475465531366,0.9008837161662262,0.0022497187851518562,False,1,0.06363344192504883,False,0.0,-12.883198033188592,29.139123646119828,-4.161542519504707,CENTER,0.0,0.9761881510416667,0.11745837649886527,NORMAL,STABLE,NORMAL,NO_ACTION,False,0.0
2026-08-12T01:23:17.373935,0.4571962181060143,0.9858368731610543,0.0022522522522522522,False,1,0.06363344192504883,False,0.0,-12.831614230314273,29.628126728243103,-4.333117308797313,CENTER,0.0,0.9752518298825444,0.11792709226732007,NORMAL,RISING,NORMAL,NO_ACTION,False,0.0
2026-08-12T01:23:17.406020,0.46869273575272663,1.0939191168906257,0.0022522522522522522,False,1,0.06363344192504883,False,0.0,-13.211473299610304,29.44099643204126,-4.881133207768954,CENTER,0.0,0.9746037621099107,0.11868545183765426,NORMAL,STABLE,NORMAL,NO_ACTION,False,0.0
2026-08-12T01:23:17.437281,0.4514259963988377,1.1662662268210522,0.0022522522522522522,False,1,0.06363344192504883,False,0.0,-10.635976735246743,31.611676258413524,-3.600926282131212,CENTER,0.0,0.9745557109482167,0.1165402653885515,NORMAL,STABLE,NORMAL,NO_ACTION,False,0.0
2026-08-12T01:23:17.469779,0.4364788320634293,1.2318756877219852,0.0022522522522522522,False,1,0.06363344192504883,False,0.0,-11.264946549287117,32.268450343082066,-3.826448461984569,CENTER,0.0,0.9757154090577848,0.11783744636974681,NORMAL,STABLE,NORMAL,NO_ACTION,False,0.0
2026-08-12T01:23:17.501867,0.443715405944791,0.8808393695154276,0.0022522522522522522,False,1,0.06363344192504883,False,0.0,-12.612183502751066,31.3155471280335,-3.9156597574946943,CENTER,0.0,0.9766290643218449,0.11853248495418678,NORMAL,STABLE,NORMAL,NO_ACTION,False,0.0
2026-08-12T01:23:17.533882,0.43434086140233363,1.1727567502693217,0.0022522522522522522,False,1,0.06363344192504883,False,0.0,-13.558304089559385,30.427077273534422,-4.250743992569397,CENTER,0.0,0.9777502357681757,0.11912456507293591,NORMAL,STABLE,NORMAL,NO_ACTION,False,0.0
2026-08-12T01:23:17.565937,0.42710005011106433,1.0481100687559433,0.0022522522522522522,False,1,0.06363344192504883,False,0.0,-13.953593779360602,30.395837953452116,-4.156938496147546,CENTER,0.0,0.9784931198559671,0.11939232145390846,NORMAL,STABLE,NORMAL,NO_ACTION,False,0.0
2026-08-12T01:23:17.597967,0.4251522992010225,1.0680218114238502,0.0022522522522522522,False,1,0.06363344192504883,False,0.0,-13.358485106299952,31.68184617970749,-3.9510625753807744,CENTER,0.0,0.9783030317644033,0.11954978667511093,NORMAL,STABLE,NORMAL,NO_ACTION,False,0.0
2026-08-12T01:23:17.629289,0.41588932245045185,1.0887500981601166,0.0022497187851518562,False,1,0.06363344192504883,False,0.0,-12.632604234572,30.020162397658794,-4.040993378176523,CENTER,0.0,0.9777472752700618,0.11773728535873365,NORMAL,STABLE,NORMAL,NO_ACTION,False,0.0
2026-08-12T01:23:17.662196,0.44219259398324195,1.221391220930707,0.0022522522522522522,False,1,0.06363344192504883,False,0.0,-11.7118785430076,30.526098078275965,-4.1889365965611205,CENTER,0.0,0.977633503729424,0.1173585224501914,NORMAL,STABLE,NORMAL,NO_ACTION,False,0.0
2026-08-12T01:23:17.692762,0.4012786976105237,1.0047268062989274,0.0022522522522522522,False,1,0.06363344192504883,False,0.0,-13.276173417304335,29.791853646249194,-3.0899928860930004,CENTER,0.0,0.9776664576903293,0.1172763507403774,NORMAL,STABLE,NORMAL,NO_ACTION,False,0.0
2026-08-12T01:23:17.725509,0.4533843430359135,0.7281742911378254,0.0022497187851518562,False,1,0.06363344192504883,False,0.0,-12.060249632203949,31.763569817134396,-3.3030526134982665,CENTER,0.0,0.9775929944701647,0.11773464703045847,NORMAL,STABLE,NORMAL,NO_ACTION,False,0.0
2026-08-12T01:23:17.758286,0.45165381209840055,0.9108407135054685,0.0022522522522522522,False,1,0.06363344192504883,False,0.0,-12.943300321726781,31.094178887452102,-3.8644130667992727,CENTER,0.0,0.9776269129372428,0.11864211245951828,NORMAL,STABLE,NORMAL,NO_ACTION,False,0.0
2026-08-12T01:23:17.791585,0.4005386481170444,0.6376770726738262,0.0022497187851518562,False,1,0.06363344192504883,False,0.0,-13.403509517667345,30.355967822132015,-3.9902148910885273,CENTER,0.0,0.97863798332476,0.11867326693182323,NORMAL,STABLE,NORMAL,NO_ACTION,False,0.0
2026-08-12T01:23:17.821035,0.4242418049172996,0.5846150845571686,0.0022497187851518562,False,1,0.06363344192504883,False,0.0,-12.047807942795828,31.95659089525057,-3.5536983925515813,CENTER,0.0,0.9791883144718793,0.07502644976981959,NORMAL,STABLE,NORMAL,NO_ACTION,False,0.0
2026-08-12T01:23:17.853748,0.4376287613194022,0.5236038269595055,0.0022497187851518562,False,1,0.06363344192504883,False,0.0,-11.675324481217757,30.18494943226125,-3.1177398871901403,CENTER,0.0,0.979914493848594,0.06076617974403811,NORMAL,STABLE,NORMAL,NO_ACTION,False,0.0
2026-08-12T01:23:17.901455,0.45878913644817265,0.27860211797071066,0.0022522522522522522,False,1,0.06363344192504883,False,0.0,-12.092217447221145,30.480976339963206,-3.513679984544069,CENTER,0.0,0.9807572311171125,0.03704193969833993,NORMAL,STABLE,NORMAL,NO_ACTION,False,0.0
2026-08-12T01:23:17.938379,0.4732367129841586,0.16944463315154762,0.0022522522522522522,False,1,0.06363344192504883,False,0.0,-12.680606550566893,31.440068616305012,-3.1630474635608437,CENTER,0.0,0.9818223942258231,0.03796356823649145,NORMAL,STABLE,NORMAL,NO_ACTION,False,0.0
2026-08-12T01:23:17.964413,0.4633620199741456,0.03543921651218312,0.0022497187851518562,False,1,0.06363344192504883,False,0.0,-12.545641858601016,30.126956778478387,-2.945234640548108,CENTER,0.0,0.9814667057827503,0.03667549800585947,NORMAL,STABLE,NORMAL,NO_ACTION,False,0.0
2026-08-12T01:23:17.997504,0.4265634972110396,0.020949065455566775,0.0022497187851518562,False,1,0.06363344192504883,False,0.0,-12.97529940440836,30.985367421924508,-2.8618884594040424,CENTER,0.0,0.9803974435228051,0.03762894626617224,NORMAL,STABLE,NORMAL,NO_ACTION,False,0.0
2026-08-12T01:23:18.029229,0.4680496122073478,0.01914234741879931,0.0022497187851518562,False,1,0.06363344192504883,False,0.0,-13.7006828304811,31.493005285059468,-3.0187081561271327,CENTER,0.0,0.9801000675154322,0.03884510254483235,NORMAL,STABLE,NORMAL,NO_ACTION,False,0.0
2026-08-12T01:23:18.061531,0.4549130692601346,0.01670114963883261,0.0022522522522522522,False,1,0.06363344192504883,False,0.0,-12.834248812963153,32.57594620733869,-3.106000874115125,CENTER,0.0,0.9796806412894377,0.03887694232989406,NORMAL,STABLE,NORMAL,NO_ACTION,False,0.0
2026-08-12T01:23:18.093388,0.4567384784373755,0.05636019664094208,0.0022522522522522522,False,1,0.06363344192504883,False,0.0,-14.65988825127036,32.30814363214037,-3.6959114711811765,CENTER,0.0,0.9801807511359739,0.04100961457816583,NORMAL,STABLE,NORMAL,NO_ACTION,False,0.0
2026-08-12T01:23:18.125213,0.42263992148718865,0.026109904009343952,0.0022497187851518562,False,1,0.06363344192504883,False,0.0,-12.616189375737946,31.49679507086458,-2.394043681428286,CENTER,0.0,0.9815312473208161,0.03720198382845116,NORMAL,STABLE,NORMAL,NO_ACTION,False,0.0
2026-08-12T01:23:18.156832,0.44118742263479216,0.019910335973428457,0.0022497187851518562,False,1,0.06363344192504883,False,0.0,-13.97137572696488,31.60270394701206,-2.416717466037767,CENTER,0.0,0.9827086280435529,0.03860530185128903,NORMAL,STABLE,NORMAL,NO_ACTION,False,0.0
2026-08-12T01:23:18.189319,0.44942961611125487,0.07279994686720119,0.0022497187851518562,False,1,0.06363344192504883,False,0.0,-14.325179297972312,30.33993440504028,-2.018292624435219,CENTER,0.0,0.9820068962191358,0.0376503329955882,NORMAL,STABLE,NORMAL,NO_ACTION,False,0.0
2026-08-12T01:23:18.222268,0.4406672066807853,0.043714891432847236,0.0022522522522522522,False,1,0.06363344192504883,False,0.0,-13.349502730722577,29.410795847104538,-1.9815932208562685,CENTER,0.0,0.9813446153763717,0.036004407917021794,NORMAL,STABLE,NORMAL,NO_ACTION,False,0.0
2026-08-12T01:23:18.253044,0.4371432305454201,0.33144487478846074,0.0022497187851518562,False,1,0.06363344192504883,False,0.0,-14.79718671809539,30.18642717292093,-2.317036500171781,CENTER,0.0,0.9809188394847393,0.03828167161284831,NORMAL,STABLE,NORMAL,NO_ACTION,False,0.0
2026-08-12T01:23:18.285135,0.4359035713114747,0.13283300053069727,0.0022522522522522522,False,1,0.06363344192504883,False,0.0,-17.034448614885434,29.643894950908816,-2.859131359579635,CENTER,0.0,0.9800613131215705,0.040566260402919024,NORMAL,STABLE,NORMAL,NO_ACTION,False,0.0
2026-08-12T01:23:18.316458,0.46747464448050824,0.20402460656994373,0.0022497187851518562,False,1,0.06363344192504883,False,0.0,-16.888412574291777,32.446014681201575,-2.31594945249239,CENTER,0.0,0.9797115590706448,0.04192632218443775,NORMAL,STABLE,NORMAL,NO_ACTION,False,0.0
2026-08-12T01:23:18.348866,0.4423579565691757,0.43443196306162096,0.0022497187851518562,False,1,0.06363344192504883,False,0.0,-1.7650769567154043,41.86607489891708,-172.72303443014277,CENTER,0.0,0.9480324708147576,0.06661373849771807,NORMAL,STABLE,NORMAL,NO_ACTION,False,0.0
2026-08-12T01:23:18.381515,0.45303391893215406,0.03377054524094555,0.0022497187851518562,False,1,0.06363344192504883,False,0.0,-17.482203518269017,32.29037368169679,-3.655007851199173,CENTER,0.0,0.9800828805512689,0.04367517712589853,NORMAL,STABLE,NORMAL,NO_ACTION,False,0.0
2026-08-12T01:23:18.428221,0.39981664201584116,0.1440403184592807,0.0022497187851518562,False,1,0.06363344192504883,False,0.0,-17.581599869440197,27.670931955800512,-1.638268282761885,CENTER,0.0,0.9806040755744169,0.03849258315168015,NORMAL,STABLE,NORMAL,NO_ACTION,False,0.0
2026-08-12T01:23:18.460338,0.4301237340568512,0.7592624283416353,0.0022497187851518562,False,1,0.06363344192504883,False,0.0,-4.75143030260449,43.83514346847903,-173.50282284988694,CENTER,0.0,0.9478831514167524,0.14541259840669485,NORMAL,STABLE,NORMAL,NO_ACTION,False,0.0
2026-08-12T01:23:18.492610,0.4317823830811046,0.7037408151442418,0.0022497187851518562,False,1,0.06363344192504883,False,0.0,-4.398489706866144,44.71925229165049,-173.6062375043396,CENTER,0.0,0.948403431945159,0.1456487293552719,NORMAL,STABLE,NORMAL,NO_ACTION,False,0.0
2026-08-12T01:23:18.525800,0.4326041562886332,0.8089049469707419,0.0022522522522522522,False,1,0.06363344192504883,False,0.0,-4.78746883689098,45.51330695483884,-174.02998504362458,CENTER,0.0,0.9477452663287321,0.14639830988593006,NORMAL,STABLE,NORMAL,NO_ACTION,False,0.0
2026-08-12T01:23:18.562286,0.43912797035382567,0.3792866842024079,0.0022522522522522522,False,1,0.06363344192504883,False,0.0,-17.73919779227822,31.633707128483906,-2.9315121221876552,CENTER,0.0,0.9804632040895059,0.04275169432524255,NORMAL,STABLE,NORMAL,NO_ACTION,False,0.0
2026-08-12T01:23:18.594063,0.4186295973051182,0.6709496572144262,0.0022522522522522522,False,1,0.06363344192504883,False,0.0,-3.581259635792179,44.54926598393686,-173.1764888673529,CENTER,0.0,0.9475399019775949,0.14492945145461647,NORMAL,STABLE,NORMAL,NO_ACTION,False,0.0
2026-08-12T01:23:18.621805,0.44188116653056386,0.14748127128996988,0.0022522522522522522,False,1,0.06363344192504883,False,0.0,-18.797489225058882,32.00314449895967,-3.200888471168099,CENTER,0.0,0.979084415723594,0.04429700510487463,NORMAL,STABLE,NORMAL,NO_ACTION,False,0.0
2026-08-12T01:23:18.652091,0.4271802598439523,0.03683241662194482,0.0022497187851518562,False,1,0.06363344192504883,False,0.0,-18.09049137632934,33.22928445572501,-3.251733252509723,CENTER,0.0,0.9791763117283951,0.04455069952727605,NORMAL,STABLE,NORMAL,NO_ACTION,False,0.0
2026-08-12T01:23:18.685105,0.4247154658016491,0.09657165729392078,0.0022497187851518562,False,1,0.06363344192504883,False,0.0,-19.837307165117295,31.464329266540744,-3.3868431747498278,CENTER,0.0,0.980286578896605,0.04508823442718851,NORMAL,STABLE,NORMAL,NO_ACTION,False,0.0
2026-08-12T01:23:18.726584,0.42868462654160416,0.03837483741259802,0.0022522522522522522,False,1,0.06363344192504883,False,0.0,-19.250753540484,32.75372757461642,-2.92333259992688,CENTER,0.0,0.9813704159164951,0.045008293605766775,NORMAL,STABLE,NORMAL,NO_ACTION,False,0.0
2026-08-12T01:23:18.758345,0.4382388489172615,0.20428543893034676,0.0022522522522522522,False,1,0.06363344192504883,False,0.0,-19.294400294582232,32.41191396609963,-3.1433750310054336,CENTER,0.0,0.9816340208119,0.045015351140897115,NORMAL,STABLE,NORMAL,NO_ACTION,False,0.0
2026-08-12T01:23:18.783624,0.40206823840271055,0.05583953666319967,0.0022522522522522522,False,1,0.06363344192504883,False,0.0,-19.84420351432081,31.180222973660136,-2.607467577749162,RIGHT,0.0,0.9813991099751371,0.07013917764371083,NORMAL,STABLE,NORMAL,NO_ACTION,False,0.0
2026-08-12T01:23:18.814154,0.4459352525281477,0.3931930116420279,0.0022497187851518562,False,1,0.06363344192504883,False,0.0,-19.841027185342142,30.067756915384507,-1.9929313338254815,RIGHT,0.03052973747253418,0.981456859782236,0.06874089560549468,NORMAL,STABLE,NORMAL,NO_ACTION,False,0.0
2026-08-12T01:23:18.845376,0.4123623724370884,0.6705125045134036,0.0022497187851518562,False,1,0.06363344192504883,False,0.0,-19.200979953082282,31.23390381251292,-2.2744443843056956,RIGHT,0.0617520809173584,0.9804908532664609,0.14923785767096628,NORMAL,STABLE,NORMAL,NO_ACTION,False,0.0
2026-08-12T01:23:18.877762,0.4162186327180111,0.8262855630640957,0.0022497187851518562,False,1,0.06363344192504883,False,0.0,-19.374905526477676,31.302892734482498,-2.4891424721413955,RIGHT,0.09413814544677734,0.9800634296767833,0.14966191319579647,NORMAL,STABLE,NORMAL,NO_ACTION,False,0.0
2026-08-12T01:23:18.909419,0.4173255428899947,0.4908673869288266,0.0022497187851518562,False,1,0.06363344192504883,False,0.0,-20.739561398686902,31.905603821236042,-2.1545902933222294,RIGHT,0.1257953643798828,0.9808263808513373,0.08926263362674089,NORMAL,STABLE,NORMAL,NO_ACTION,False,0.0
2026-08-12T01:23:18.959452,0.41935521837087875,0.49746351950584755,0.0022522522522522522,False,1,0.06363344192504883,False,0.0,-18.81820079522595,32.309784769918934,-3.0139011327988214,CENTER,0.0,0.9809557452417695,0.06385105401754222,NORMAL,STABLE,NORMAL,NO_ACTION,False,0.0
2026-08-12T01:23:18.990657,0.4165589150901818,0.49376659351604196,0.0022522522522522522,False,1,0.06363344192504883,False,0.0,-19.019165029527755,31.914124998708047,-3.0947505184236377,CENTER,0.0,0.9797887329603909,0.06309729061882109,NORMAL,STABLE,NORMAL,NO_ACTION,False,0.0
2026-08-12T01:23:19.021516,0.4387739201271882,0.7270961463853427,0.0022522522522522522,False,1,0.06363344192504883,False,0.0,-17.930758535104218,31.804777383734915,-2.6389650162837768,CENTER,0.0,0.9789958686985596,0.12277799893773773,NORMAL,STABLE,NORMAL,NO_ACTION,False,0.0
2026-08-12T01:23:19.052680,0.4369134170729462,0.7519351845280793,0.0022522522522522522,False,1,0.06363344192504883,False,0.0,-15.223467547086955,33.81147789493838,-1.9641571337464256,CENTER,0.0,0.9790753064986283,0.12097044669085058,NORMAL,STABLE,NORMAL,NO_ACTION,False,0.0
2026-08-12T01:23:19.084965,0.4266498603537785,0.684994389747787,0.0022497187851518562,False,1,0.06363344192504883,False,0.0,-16.712420059350677,32.37088800578914,-1.8567827181412326,CENTER,0.0,0.9783547132201645,0.12126042919732141,NORMAL,STABLE,NORMAL,NO_ACTION,False,0.0
2026-08-12T01:23:19.116425,0.4414204345952506,0.9007178857814644,0.0022497187851518562,False,1,0.06363344192504883,False,0.0,-17.398878409511354,33.13359750138608,-2.591648406434331,CENTER,0.0,0.9780659775805898,0.12317995735154136,NORMAL,STABLE,NORMAL,NO_ACTION,False,0.0
2026-08-12T01:23:19.148294,0.46210627679391936,0.9218893467100474,0.0022497187851518562,False,1,0.06363344192504883,False,0.0,-16.4139459134027,32.238726427440156,-1.8650861525452171,CENTER,0.0,0.9783922351894718,0.12088555552036033,NORMAL,STABLE,NORMAL,NO_ACTION,False,0.0
2026-08-12T01:23:19.180913,0.4427114575099038,0.8910764257138738,0.0022497187851518562,False,1,0.06363344192504883,False,0.0,-15.117650259557934,32.25900845900762,-2.3748705331719293,CENTER,0.0,0.9778121784979424,0.12014282242820834,NORMAL,STABLE,NORMAL,NO_ACTION,False,0.0
2026-08-12T01:23:19.247574,0.45055504274454444,1.031707413809371,0.0022522522522522522,False,1,0.06363344192504883,False,0.0,-13.780579676717878,33.05076416366862,-2.225966315532389,CENTER,0.0,0.9765216960305213,0.11928370729592759,NORMAL,STABLE,NORMAL,NO_ACTION,False,0.0
2026-08-12T01:23:19.277250,0.4275049503166065,0.9119279559511421,0.0022522522522522522,False,1,0.06363344192504883,False,0.0,-14.568315994995402,32.363262746684796,-2.8738356381632855,CENTER,0.0,0.9771432398834019,0.12016961355638814,NORMAL,STABLE,NORMAL,NO_ACTION,False,0.0
2026-08-12T01:23:19.308567,0.42672668651123297,0.9365485849210603,0.0022522522522522522,False,1,0.06363344192504883,False,0.0,-14.398208539829767,32.77447330836043,-2.875998304733969,CENTER,0.0,0.9758567895876199,0.12030487435080317,NORMAL,STABLE,NORMAL,NO_ACTION,False,0.0
2026-08-12T01:23:19.342675,0.44998082070054185,1.1667017757317395,0.002254791431792559,False,1,0.06363344192504883,False,0.0,-15.136381241691566,33.54158909640441,-4.068175706393362,CENTER,0.0,0.9756263261959877,0.12271775807518867,NORMAL,STABLE,NORMAL,NO_ACTION,False,0.0
2026-08-12T01:23:19.360663,0.4432078981460079,1.1401583295302913,0.0022522522522522522,False,1,0.06363344192504883,False,0.0,-15.229736069752931,32.94181830823288,-4.1013536422264,CENTER,0.0,0.9756671703532236,0.12240643664896311,NORMAL,STABLE,NORMAL,NO_ACTION,False,0.0
2026-08-12T01:23:19.384665,0.4423161486909688,1.1453647966415188,0.0022497187851518562,False,1,0.06363344192504883,False,0.0,-16.068340514871608,32.43035808810481,-4.192187202097017,CENTER,0.0,0.9759160531335734,0.12293206308737883,NORMAL,STABLE,NORMAL,NO_ACTION,False,0.0
2026-08-12T01:23:19.405206,0.4370592846547834,1.276711552116433,0.0022497187851518562,False,1,0.06363344192504883,False,0.0,-17.355335851797207,30.3327820945496,-4.237322461839682,CENTER,0.0,0.9741363249099795,0.12269993951845468,NORMAL,STABLE,NORMAL,NO_ACTION,False,0.0
2026-08-12T01:23:19.437797,0.4115060050857071,1.0665022770002655,0.0022497187851518562,False,1,0.06363344192504883,False,0.0,-19.14650457325297,30.20514808133649,-4.432349361729081,CENTER,0.0,0.9742371425968794,0.12452039221835537,NORMAL,STABLE,NORMAL,NO_ACTION,False,0.0
2026-08-12T01:23:19.486423,0.45286198032839253,0.9188591120215173,0.0022497187851518562,False,1,0.06363344192504883,False,0.0,-18.202956182740678,31.143673511320657,-3.8968845548407955,CENTER,0.0,0.9748001864711935,0.12377398120918043,NORMAL,STABLE,NORMAL,NO_ACTION,False,0.0
2026-08-12T01:23:19.522084,0.4310903499348629,0.7764102550075784,0.0022522522522522522,False,1,0.06363344192504883,False,0.0,-17.28996078845259,28.745345660506416,-3.27031213052598,CENTER,0.0,0.97391759634345,0.12055930875086363,NORMAL,STABLE,NORMAL,NO_ACTION,False,0.0
2026-08-12T01:23:19.551779,0.4109435564944843,0.8443575829725085,0.0022522522522522522,False,1,0.06363344192504883,False,0.0,-18.342225894265198,29.12248512240791,-3.077152622396625,CENTER,0.0,0.9719805732381687,0.12165897412296894,NORMAL,STABLE,NORMAL,NO_ACTION,False,0.0
2026-08-12T01:23:19.582129,0.4028326573949923,0.6126006456809157,0.0022522522522522522,False,1,0.06363344192504883,False,0.0,-18.11658253172203,27.97579903497146,-3.0018239277833914,CENTER,0.0,0.9711177286951305,0.12054098700478091,NORMAL,STABLE,NORMAL,NO_ACTION,False,0.0
2026-08-12T01:23:19.647430,0.4130916399660355,0.564112078368774,0.0022522522522522522,False,1,0.06363344192504883,False,0.0,-18.16021688771437,28.18444656651468,-3.33579221028225,CENTER,0.0,0.969174315736454,0.07387770991801212,NORMAL,STABLE,NORMAL,NO_ACTION,False,0.0
2026-08-12T01:23:19.677886,0.42397199092561744,0.6165490077447626,0.0022522522522522522,False,1,0.06363344192504883,False,0.0,-16.762334668394146,26.405869757016717,-3.1609533816235,CENTER,0.0,0.9701118827160495,0.11825629442823277,NORMAL,STABLE,NORMAL,NO_ACTION,False,0.0
2026-08-12T01:23:19.709454,0.4401624823101455,0.6254398184928395,0.0022522522522522522,False,1,0.06363344192504883,False,0.0,-17.46704942231358,27.45086358520541,-3.790046299047475,CENTER,0.0,0.9716913419495885,0.1202954195802553,NORMAL,STABLE,NORMAL,NO_ACTION,False,0.0
2026-08-12T01:23:19.741335,0.4367119862959675,0.7110380407910277,0.0022497187851518562,False,1,0.06363344192504883,False,0.0,-17.093518583214234,26.378354779402514,-3.011124622217693,CENTER,0.0,0.9733302254801097,0.11841106079776219,NORMAL,STABLE,NORMAL,NO_ACTION,False,0.0
2026-08-12T01:23:19.773248,0.4351098384627851,0.7014373557312373,0.0022522522522522522,False,1,0.06363344192504883,False,0.0,-18.501872625970606,26.12126160404847,-3.2212165646052995,CENTER,0.0,0.9754705986368313,0.11978388593458958,NORMAL,STABLE,NORMAL,NO_ACTION,False,0.0
2026-08-12T01:23:19.805072,0.474964042827263,0.8431114523862216,0.0022522522522522522,False,1,0.06363344192504883,False,0.0,-17.50909267360612,27.36810402899448,-3.0412786583858917,CENTER,0.0,0.976462459276406,0.1195550993776735,NORMAL,STABLE,NORMAL,NO_ACTION,False,0.0
2026-08-12T01:23:19.837140,0.44166476933185406,0.7955290808667569,0.002254791431792559,False,1,0.06363344192504883,False,0.0,-16.664314712482224,26.703342570475343,-2.3380622789335916,CENTER,0.0,0.9774563962834362,0.11758433266300297,NORMAL,STABLE,NORMAL,NO_ACTION,False,0.0
2026-08-12T01:23:19.869151,0.4609188035180988,0.8177289381780283,0.002254791431792559,False,1,0.06363344192504883,False,0.0,-17.47542384464316,26.431089278460206,-2.6681020018152424,CENTER,0.0,0.977010298782579,0.11848658936807009,NORMAL,STABLE,NORMAL,NO_ACTION,False,0.0
2026-08-12T01:23:19.891346,0.45662496563995214,0.7872621425400523,0.0022522522522522522,False,1,0.06363344192504883,False,0.0,-17.015514491870505,27.64054291190331,-2.879123429930303,CENTER,0.0,0.9769982290594993,0.11912041380551613,NORMAL,STABLE,NORMAL,NO_ACTION,False,0.0
2026-08-12T01:23:19.915387,0.44530335362466505,0.8992801054906915,0.0022497187851518562,False,1,0.06363344192504883,False,0.0,-18.78093411505202,25.007539034112597,-2.1779038926989074,CENTER,0.0,0.9759565489969135,0.11824358516173036,NORMAL,STABLE,NORMAL,NO_ACTION,False,0.0
2026-08-12T01:23:19.936363,0.4086286477968919,1.0691766086117322,0.0022497187851518562,False,1,0.06363344192504883,False,0.0,-17.628633578514098,26.31275149196236,-2.924250567399696,CENTER,0.0,0.9753273426783264,0.1187953200698898,NORMAL,STABLE,NORMAL,NO_ACTION,False,0.0
2026-08-12T01:23:19.965530,0.41824332968579947,1.019093328587675,0.0022497187851518562,False,1,0.06363344192504883,False,0.0,-18.139353955777324,26.79014881208093,-3.377680959890853,CENTER,0.0,0.9744208274391291,0.12006854850529447,NORMAL,STABLE,NORMAL,NO_ACTION,False,0.0
2026-08-12T01:23:20.046315,0.4207350883592944,1.0316156178975584,0.0022522522522522522,False,1,0.06363344192504883,False,0.0,-15.953710247977966,27.64149861027755,-3.6632658449179587,CENTER,0.0,0.9735171789266118,0.1188537259746558,NORMAL,STABLE,NORMAL,NO_ACTION,False,0.0
2026-08-12T01:23:20.078515,0.4187460961098688,0.9153053234276887,0.0022522522522522522,False,1,0.06363344192504883,False,0.0,-14.385917841081493,25.098560463265642,-3.0434299901001225,CENTER,0.0,0.9746123087062758,0.11491055454238526,NORMAL,STABLE,NORMAL,NO_ACTION,False,0.0
2026-08-12T01:23:20.109237,0.4020976052845697,0.71932791712451,0.0022522522522522522,False,1,0.06363344192504883,False,0.0,-14.950795149859147,22.395084787947695,-3.0968423346573104,CENTER,0.0,0.9752444889188957,0.11355343436897808,NORMAL,STABLE,NORMAL,NO_ACTION,False,0.0
2026-08-12T01:23:20.141345,0.38072093487427,0.7258443001254911,0.0022522522522522522,False,1,0.06363344192504883,False,0.0,-14.049309089335111,20.296164864076246,-3.187641847169374,CENTER,0.0,0.9758512972608024,0.11125688663698531,NORMAL,STABLE,NORMAL,NO_ACTION,False,0.0
2026-08-12T01:23:20.173535,0.41267579537263066,0.5984659222334408,0.0022522522522522522,False,1,0.06363344192504883,False,0.0,-15.535324631723853,18.782532704168432,-2.2748539745390133,CENTER,0.0,0.9768939686213993,0.0704088893168407,NORMAL,STABLE,NORMAL,NO_ACTION,False,0.0
2026-08-12T01:23:20.204784,0.3949954017039823,0.42260734105584497,0.0022497187851518562,False,1,0.06363344192504883,False,0.0,-15.969496601695084,16.41447317240761,-2.555252346487265,CENTER,0.0,0.9759846000514404,0.034215012637638965,NORMAL,STABLE,NORMAL,NO_ACTION,False,0.0
2026-08-12T01:23:20.238296,0.4053534904014374,0.34630795767511596,0.0022522522522522522,False,1,0.06363344192504883,False,0.0,-14.760408103848334,14.412722042692849,-2.025521370034653,CENTER,0.0,0.9745738758144719,0.026573416524202524,NORMAL,STABLE,NORMAL,NO_ACTION,False,0.0
2026-08-12T01:23:20.269815,0.41914637792327936,0.33980575458058854,0.0022522522522522522,False,1,0.06363344192504883,False,0.0,-14.603006884426009,13.198219826808185,-1.8894421245775561,CENTER,0.0,0.9742558700917352,0.025413665216920456,NORMAL,STABLE,NORMAL,NO_ACTION,False,0.0
2026-08-12T01:23:20.300328,0.3984114391915772,0.38944453073683655,0.0022497187851518562,False,1,0.06363344192504883,False,0.0,-15.006686913678124,11.548998628798444,-1.5890263104443818,CENTER,0.0,0.974157758380487,0.024322000632916844,NORMAL,STABLE,NORMAL,NO_ACTION,False,0.0
2026-08-12T01:23:20.333701,0.38722400307671223,0.3360927716934241,0.0022522522522522522,False,1,0.06363344192504883,False,0.0,-15.291285303940583,12.587020343561903,-1.3421848310205178,CENTER,0.0,0.9741754275977366,0.02510804148920169,NORMAL,STABLE,NORMAL,NO_ACTION,False,0.0
2026-08-12T01:23:20.365300,0.3680590619831272,0.34852648497383115,0.0022522522522522522,False,1,0.06363344192504883,False,0.0,-16.521712133199372,14.672124057194281,-1.6402921845380831,CENTER,0.0,0.9771885448816873,0.02808587153246157,NORMAL,STABLE,NORMAL,NO_ACTION,False,0.0
2026-08-12T01:23:20.397408,0.36535887613567486,0.11960340166907128,0.0022522522522522522,False,1,0.06363344192504883,False,0.0,-15.471068852829063,14.094558570725184,-1.8438000158344892,CENTER,0.0,0.9800808711634087,0.026852980841273834,NORMAL,STABLE,NORMAL,NO_ACTION,False,0.0
2026-08-12T01:23:20.429810,0.40267980657523084,0.12868608232441323,0.0022497187851518562,False,1,0.06363344192504883,False,0.0,-15.350771612796251,14.649166482470946,-1.8658675383318268,CENTER,0.0,0.9810617873371056,0.027158939419907904,NORMAL,STABLE,NORMAL,NO_ACTION,False,0.0
2026-08-12T01:23:20.461944,0.3639979951291606,0.0260594323708148,0.0022497187851518562,False,1,0.06363344192504883,False,0.0,-14.711148223863916,12.565045805039176,-1.8413177088004602,CENTER,0.0,0.9819716515560699,0.025014166942501397,NORMAL,STABLE,NORMAL,NO_ACTION,False,0.0
2026-08-12T01:23:20.494389,0.37146363528144366,0.2684081976731075,0.0022497187851518562,False,1,0.06363344192504883,False,0.0,-15.454869598834023,14.441084473424354,-2.477239634450001,CENTER,0.0,0.9813538183727708,0.027697629159154056,NORMAL,STABLE,NORMAL,NO_ACTION,False,0.0
2026-08-12T01:23:20.541145,0.3836776611481014,0.497752123417169,0.0022497187851518562,False,1,0.06363344192504883,False,0.0,-14.516336736749082,20.06964009282376,-3.3679500312586583,CENTER,0.0,0.9799771867498286,0.05126707052707323,NORMAL,STABLE,NORMAL,NO_ACTION,False,0.0
2026-08-12T01:23:20.575275,0.39672783227669106,0.38181567334673316,0.0022522522522522522,False,1,0.06363344192504883,False,0.0,-13.976587323432284,20.949400186000958,-3.4224903071426525,CENTER,0.0,0.9790616560570988,0.0318847897045173,NORMAL,STABLE,NORMAL,NO_ACTION,False,0.0
2026-08-12T01:23:20.605469,0.3892277377404925,0.33762255481040376,0.0022497187851518562,False,1,0.06363344192504883,False,0.0,-14.552846373493793,22.09061688616876,-2.6965159986804395,CENTER,0.0,0.9794986577289094,0.032564831516919295,NORMAL,STABLE,NORMAL,NO_ACTION,False,0.0
2026-08-12T01:23:20.636863,0.40553156254052514,0.36496665201860373,0.0022497187851518562,False,1,0.06363344192504883,False,0.0,-14.416238193456735,20.15067923159799,-2.5578337642960207,CENTER,0.0,0.9809367498285323,0.030898670959916014,NORMAL,STABLE,NORMAL,NO_ACTION,False,0.0
2026-08-12T01:23:20.670275,0.38748169671531807,0.29970198434178663,0.0022522522522522522,False,1,0.06363344192504883,False,0.0,-14.234429207999113,19.436200829701846,-2.4122642710130435,CENTER,0.0,0.9828488699202674,0.03006740543087045,NORMAL,STABLE,NORMAL,NO_ACTION,False,0.0
2026-08-12T01:23:20.735870,0.3967035550656123,0.23349902750707222,0.002254791431792559,False,1,0.06363344192504883,False,0.0,-14.258777493141736,14.610735251239703,-1.2469182791511173,CENTER,0.0,0.9836449090149176,0.02548360842514031,NORMAL,STABLE,NORMAL,NO_ACTION,False,0.0
2026-08-12T01:23:20.775244,0.3697265275351838,0.19682272354475516,0.002254791431792559,False,1,0.06363344192504883,False,0.0,-14.63420872928927,15.026085627599628,-1.3443403845307103,CENTER,0.0,0.9837688212662894,0.026238923951759714,NORMAL,STABLE,NORMAL,NO_ACTION,False,0.0
2026-08-12T01:23:20.798395,0.3695892585549143,0.15521119329477384,0.002254791431792559,False,1,0.06363344192504883,False,0.0,-15.256404446568183,15.14377711812054,-1.1731040894003115,CENTER,0.0,0.9835384114583332,0.026758180582908565,NORMAL,STABLE,NORMAL,NO_ACTION,False,0.0
2026-08-12T01:23:20.820033,0.3753875917832764,0.02338692041564714,0.0022522522522522522,False,1,0.06363344192504883,False,0.0,-14.497979157786858,12.510933434990193,-0.9673441961709273,CENTER,0.0,0.9835800995584705,0.023928207747600412,NORMAL,STABLE,NORMAL,NO_ACTION,False,0.0
2026-08-12T01:23:20.845181,0.35945303607527535,0.031732295814373306,0.0022522522522522522,False,1,0.06363344192504883,False,0.0,-14.985673232011067,10.823022943542128,-0.501897182044047,CENTER,0.0,0.983168054483882,0.02273058437646313,NORMAL,STABLE,NORMAL,NO_ACTION,False,0.0
2026-08-12T01:23:20.868574,0.3768169168726518,0.027267931962674807,0.0022522522522522522,False,1,0.06363344192504883,False,0.0,-14.8953308292769,14.13458303618927,-1.447124081533616,CENTER,0.0,0.9827960364154664,0.02594548877358386,NORMAL,STABLE,NORMAL,NO_ACTION,False,0.0
2026-08-12T01:23:20.896066,0.3612105927395235,0.04627573085501767,0.0022522522522522522,False,1,0.06363344192504883,False,0.0,-14.749171326153487,11.491252322825147,-0.44972981585672756,CENTER,0.0,0.9823770120670439,0.022935216666198365,NORMAL,STABLE,NORMAL,NO_ACTION,False,0.0
2026-08-12T01:23:20.930423,0.37807394182589704,0.0198602300687071,0.0022522522522522522,False,1,0.06363344192504883,False,0.0,-13.848302827480325,14.226408606493806,-1.7479713983805993,CENTER,0.0,0.9826166248713992,0.02529326287774123,NORMAL,STABLE,NORMAL,NO_ACTION,False,0.0
2026-08-12T01:23:20.966476,0.35862336989357213,0.02130663128610899,0.0022497187851518562,False,1,0.06363344192504883,False,0.0,-14.559606079764734,12.38700583632172,-1.4708058108475655,CENTER,0.0,0.9840073356052812,0.024382863813488642,NORMAL,STABLE,NORMAL,NO_ACTION,False,0.0
2026-08-12T01:23:21.005595,0.35525335095262855,0.026608992459859905,0.0022522522522522522,False,1,0.06363344192504883,False,0.0,-15.074332480746051,12.780627472302228,-1.8612562002354878,CENTER,0.0,0.9843880476251715,0.0255387978302005,NORMAL,STABLE,NORMAL,NO_ACTION,False,0.0
2026-08-12T01:23:21.034770,0.3897214286346722,0.022709831899579393,0.0022497187851518562,False,1,0.06363344192504883,False,0.0,-14.731374475407364,13.125328764301656,-2.3363104433331614,CENTER,0.0,0.9847254640346366,0.02591495254781985,NORMAL,STABLE,NORMAL,NO_ACTION,False,0.0
2026-08-12T01:23:21.069865,0.4005563657713315,0.00638497318712604,0.0022522522522522522,False,1,0.06363344192504883,False,0.0,-13.731236944734064,14.987782216627153,-2.5116056915664444,CENTER,0.0,0.9841021117326818,0.02646576525066825,NORMAL,STABLE,NORMAL,NO_ACTION,False,0.0
2026-08-12T01:23:21.100600,0.39431536823548163,0.009580738698842526,0.0022497187851518562,False,1,0.06363344192504883,False,0.0,-13.4901905336759,13.158398015252317,-1.9003571662688614,CENTER,0.0,0.9837455257630314,0.024323814870221633,NORMAL,STABLE,NORMAL,NO_ACTION,False,0.0
2026-08-12T01:23:21.133042,0.365150979334551,0.020272055816329893,0.0022522522522522522,False,1,0.06363344192504883,False,0.0,-14.535693518408578,9.102974190174734,-1.1101441901342355,CENTER,0.0,0.982889647097908,0.021640732486315574,NORMAL,STABLE,NORMAL,NO_ACTION,False,0.0
2026-08-12T01:23:21.166047,0.3759338055801983,0.258635216350388,0.0022522522522522522,False,1,0.06363344192504883,False,0.0,-14.071400327907071,13.381207073442482,-1.6577339284850723,CENTER,0.0,0.9841556552211934,0.024810778836974967,NORMAL,STABLE,NORMAL,NO_ACTION,False,0.0
2026-08-12T01:23:21.198520,0.3901811148161317,0.24738972724447184,0.0022522522522522522,False,1,0.06363344192504883,False,0.0,-14.358160790751867,11.944579636229491,-1.4346734027151626,CENTER,0.0,0.9863071603866598,0.023834555256911773,NORMAL,STABLE,NORMAL,NO_ACTION,False,0.0
2026-08-12T01:23:21.230589,0.39113136292067585,0.10660727662769393,0.0022522522522522522,False,1,0.06363344192504883,False,0.0,-14.776617604438542,12.273243284053592,-1.349914699167016,CENTER,0.0,0.9869401443544239,0.024393262367881096,NORMAL,STABLE,NORMAL,NO_ACTION,False,0.0
2026-08-12T01:23:21.261863,0.3957001862557632,0.16931147236297264,0.0022522522522522522,False,1,0.06363344192504883,False,0.0,-13.941631975102752,8.83374203785172,-0.48806380497529744,CENTER,0.0,0.9873719885973937,0.020275187408153254,NORMAL,STABLE,NORMAL,NO_ACTION,False,0.0
2026-08-12T01:23:21.295106,0.36642929611299413,0.043283014989379476,0.0022522522522522522,False,1,0.06363344192504883,False,0.0,-14.608096817031367,7.438139163233103,-0.6590572422415448,CENTER,0.0,0.9874652241941015,0.020073693304597823,NORMAL,STABLE,NORMAL,NO_ACTION,False,0.0
2026-08-12T01:23:21.328221,0.39550182033492176,0.027315143474502722,0.0022522522522522522,False,1,0.06363344192504883,False,0.0,-12.360615708350366,10.112393093909475,-1.0835565133965588,CENTER,0.0,0.9860481368955762,0.020249634929505735,NORMAL,STABLE,NORMAL,NO_ACTION,False,0.0
2026-08-12T01:23:21.359413,0.397960363214114,0.026060130755371027,0.0022497187851518562,False,1,0.06363344192504883,False,0.0,-13.47672042723363,8.044365976693513,-0.8293032276721135,CENTER,0.0,0.9846826104895404,0.019585990799002695,NORMAL,STABLE,NORMAL,NO_ACTION,False,0.0
2026-08-12T01:23:21.389307,0.3781719081947732,0.016437174502494097,0.0022471910112359553,False,1,0.06363344192504883,False,0.0,-12.702415709391204,9.393646573192797,-0.6243633596840255,CENTER,0.0,0.9846566090106309,0.01961749496197094,NORMAL,STABLE,NORMAL,NO_ACTION,False,0.0
2026-08-12T01:23:21.421715,0.3910781895331421,0.016693855247763414,0.002244668911335578,False,1,0.06363344192504883,False,0.0,-14.507012472042646,10.543502817766068,-0.8945917966306354,CENTER,0.0,0.9846469237611454,0.022445926515997913,NORMAL,STABLE,NORMAL,NO_ACTION,False,0.0
2026-08-12T01:23:21.452017,0.3608929610538316,0.16185646202743947,0.002242152466367713,False,1,0.06363344192504883,False,0.0,-13.815364230724697,14.019231842239947,-1.5838684255909925,CENTER,0.0,0.9836531609010631,0.024953891481032848,NORMAL,STABLE,NORMAL,NO_ACTION,False,0.0
2026-08-12T01:23:21.484368,0.3921474416000263,0.3647956662044282,0.0022396416573348264,False,1,0.06363344192504883,False,0.0,-14.325614411345299,17.985629803262356,-2.607916009410104,CENTER,0.0,0.9834957856438614,0.029295984151972463,NORMAL,STABLE,NORMAL,NO_ACTION,False,0.0
2026-08-12T01:23:21.516352,0.37020372081693,0.6120448577508535,0.0022371364653243847,False,1,0.06363344192504883,False,0.0,-14.12071314616685,19.079178766679433,-3.4687921126504193,CENTER,0.0,0.9846783639831962,0.11071744898812956,NORMAL,STABLE,NORMAL,NO_ACTION,False,0.0
2026-08-12T01:23:21.550064,0.3773526808553139,0.6973814095240258,0.0022346368715083797,False,1,0.06363344192504883,False,0.0,-13.820153281661959,18.36630543109763,-3.728700786642378,CENTER,0.0,0.9851828944830248,0.11016345043267839,NORMAL,STABLE,NORMAL,NO_ACTION,False,0.0
2026-08-12T01:23:21.596965,0.3646582774003774,0.5948275901470909,0.002232142857142857,False,1,0.06363344192504883,False,0.0,-13.911061016979033,13.313507724017484,-2.7022539083825734,CENTER,0.0,0.9859202862439986,0.06457883612859383,NORMAL,STABLE,NORMAL,NO_ACTION,False,0.0
2026-08-12T01:23:21.629522,0.37383918451017745,0.2809215005381616,0.002232142857142857,False,1,0.06363344192504883,False,0.0,-14.709441331145797,10.0150452925769,-3.210564572158461,CENTER,0.0,0.9857736277220509,0.02448939024782075,NORMAL,STABLE,NORMAL,NO_ACTION,False,0.0
2026-08-12T01:23:21.662140,0.3656820128714715,0.23784753219729535,0.002232142857142857,False,1,0.06363344192504883,False,0.0,-14.636644307766346,7.8824332633509755,-2.3893140204025087,CENTER,0.0,0.9850643405992798,0.02208823574695312,NORMAL,STABLE,NORMAL,NO_ACTION,False,0.0
2026-08-12T01:23:21.692971,0.35855698782191003,0.2787272502352468,0.0022346368715083797,False,1,0.06363344192504883,False,0.0,-13.709225020031141,9.130133835870936,-2.7846635671659214,CENTER,0.0,0.9836047480495542,0.02247698937283729,NORMAL,STABLE,NORMAL,NO_ACTION,False,0.0
2026-08-12T01:23:21.724819,0.37201261596704904,0.21455215557708132,0.0022346368715083797,False,1,0.06363344192504883,False,0.0,-14.995359644063115,7.561046396498284,-2.22139877618676,CENTER,0.0,0.9845705268347051,0.022039856431785677,NORMAL,STABLE,NORMAL,NO_ACTION,False,0.0
2026-08-12T01:23:21.757611,0.38506205200938426,0.245765408387354,0.0022371364653243847,False,1,0.06363344192504883,False,0.0,-12.452350430701614,11.696586032965598,-2.4206309916366138,CENTER,0.0,0.9875043536736969,0.022769664615689744,NORMAL,STABLE,NORMAL,NO_ACTION,False,0.0
2026-08-12T01:23:21.789010,0.3896022944385572,0.25148665977279233,0.0022346368715083797,False,1,0.06363344192504883,False,0.0,-12.911113439049615,8.414469143783009,-1.8625377674914034,CENTER,0.0,0.9883640635716736,0.020303595543475373,NORMAL,STABLE,NORMAL,NO_ACTION,False,0.0
2026-08-12T01:23:21.820554,0.3869050593666671,0.17092763308169695,0.0022346368715083797,False,1,0.06363344192504883,False,0.0,-13.518372770688273,11.68376164776862,-2.873086061303667,CENTER,0.0,0.9879268207733196,0.02422264006530661,NORMAL,STABLE,NORMAL,NO_ACTION,False,0.0
2026-08-12T01:23:21.853701,0.3856223569564009,0.23530386565886768,0.0022371364653243847,False,1,0.06363344192504883,False,0.0,-11.898135034016207,7.900763144080514,-2.0577969940437697,CENTER,0.0,0.9871455573774005,0.01914515237181961,NORMAL,STABLE,NORMAL,NO_ACTION,False,0.0
2026-08-12T01:23:21.884313,0.36603584456739935,0.018498209264826395,0.0022346368715083797,False,1,0.06363344192504883,False,0.0,-11.745746079719424,9.714893660970176,-2.245504434332105,CENTER,0.0,0.986300596386317,0.0204893681390466,NORMAL,STABLE,NORMAL,NO_ACTION,False,0.0
2026-08-12T01:23:21.917136,0.39739167489180716,0.004446349190699939,0.0022346368715083797,False,1,0.06363344192504883,False,0.0,-14.508244345530272,11.151228419543031,-3.003052923930511,CENTER,0.0,0.9845224086934158,0.024916395673595163,NORMAL,STABLE,NORMAL,NO_ACTION,False,0.0
2026-08-12T01:23:21.948274,0.41090528132588977,0.011730493270622458,0.0022346368715083797,False,1,0.06363344192504883,False,0.0,-13.740951161234449,14.172047474750997,-3.0337801441128818,CENTER,0.0,0.9841578119641632,0.026388812581358334,NORMAL,STABLE,NORMAL,NO_ACTION,False,0.0
2026-08-12T01:23:21.980566,0.38229391191664464,0.003902374185248462,0.0022346368715083797,False,1,0.06363344192504883,False,0.0,-13.253591801437722,16.49766107571682,-3.3290321201285735,CENTER,0.0,0.9845703660836763,0.027883430108785245,NORMAL,STABLE,NORMAL,NO_ACTION,False,0.0
2026-08-12T01:23:22.012553,0.39913251526651705,0.19701266561213285,0.0022346368715083797,False,1,0.06363344192504883,False,0.0,-12.716343936367906,15.082667539948233,-2.9327048291396522,CENTER,0.0,0.9856705595207476,0.025962492034525445,NORMAL,STABLE,NORMAL,NO_ACTION,False,0.0
2026-08-12T01:23:22.045267,0.4249387515022469,0.16268153599736637,0.0022346368715083797,False,1,0.06363344192504883,False,0.0,-12.171049799023507,17.440041432240463,-3.893071667306174,CENTER,0.0,0.986615708590535,0.028064739483454098,NORMAL,STABLE,NORMAL,NO_ACTION,False,0.0
2026-08-12T01:23:22.077393,0.38435992465152913,0.5369555345320867,0.0022346368715083797,False,1,0.06363344192504883,False,0.0,-12.070495280555633,19.315600175927415,-4.616359627396264,CENTER,0.0,0.9867595539694787,0.05741008583372599,NORMAL,STABLE,NORMAL,NO_ACTION,False,0.0
2026-08-12T01:23:22.125311,0.4020432291648828,0.6424603985757308,0.0022346368715083797,False,1,0.06363344192504883,False,0.0,-11.63915957583032,19.591817592374355,-4.267289143513921,CENTER,0.0,0.986434167095336,0.1094669670279352,NORMAL,STABLE,NORMAL,NO_ACTION,False,0.0
2026-08-12T01:23:22.156718,0.4015407122920321,0.8808853376408019,0.0022371364653243847,False,1,0.06363344192504883,False,0.0,-13.066975903906865,20.44126105682375,-4.65052307351047,CENTER,0.0,0.9858027102623457,0.11182442829707089,NORMAL,STABLE,NORMAL,NO_ACTION,False,0.0
2026-08-12T01:23:22.188337,0.4155865800719933,0.914615742119437,0.0022346368715083797,False,1,0.06363344192504883,False,0.0,-13.619756879237514,22.47524470642108,-5.425856751555614,CENTER,0.0,0.9852292979466736,0.11457234171021602,NORMAL,STABLE,NORMAL,NO_ACTION,False,0.0
2026-08-12T01:23:22.221272,0.4174281882515714,0.7222277998136272,0.0022346368715083797,False,1,0.06363344192504883,False,0.0,-12.593666756798626,20.670165713572203,-4.911610259614946,CENTER,0.0,0.985462976358882,0.11178538643857078,NORMAL,STABLE,NORMAL,NO_ACTION,False,0.0
2026-08-12T01:23:22.253437,0.4072073695128122,0.4038292466653971,0.0022371364653243847,False,1,0.06363344192504883,False,0.0,-11.125232756986776,16.429321963983426,-3.9711278142798108,CENTER,0.0,0.9841282337748628,0.027168706857176015,NORMAL,STABLE,NORMAL,NO_ACTION,False,0.0
2026-08-12T01:23:22.286831,0.41599145652742214,0.15646883826325392,0.0022371364653243847,False,1,0.06363344192504883,False,0.0,-12.105350646265833,6.6721235875958484,-2.3243523901900005,CENTER,0.0,0.9834712577160494,0.018714025515035954,NORMAL,STABLE,NORMAL,NO_ACTION,False,0.0
2026-08-12T01:23:22.316434,0.40661019863105663,0.13994658918846375,0.0022346368715083797,False,1,0.06363344192504883,False,0.0,-11.091965136996578,9.969272782852755,-3.0179476000411967,CENTER,0.0,0.9839337250300069,0.02078735371957818,NORMAL,STABLE,NORMAL,NO_ACTION,False,0.0
2026-08-12T01:23:22.348145,0.40401833743608623,0.06612006762031618,0.0022346368715083797,False,1,0.06363344192504883,False,0.0,-10.986999023567734,9.022698052498555,-2.7469234497955597,CENTER,0.0,0.9836627925668724,0.019741651715969165,NORMAL,STABLE,NORMAL,NO_ACTION,False,0.0
2026-08-12T01:23:22.380652,0.3954753009611768,0.028528295130650937,0.0022371364653243847,False,1,0.06363344192504883,False,0.0,-12.196166175517646,8.678963001952013,-2.9550421489288965,CENTER,0.0,0.983790629822531,0.020858192406432385,NORMAL,STABLE,NORMAL,NO_ACTION,False,0.0
2026-08-12T01:23:22.446294,0.3996281457641882,0.01886900570974985,0.0022396416573348264,False,1,0.06363344192504883,False,0.0,-12.962670358341398,12.470126667356482,-3.191989461840194,CENTER,0.0,0.9851570001714677,0.02456254167919158,NORMAL,STABLE,NORMAL,NO_ACTION,False,0.0
2026-08-12T01:23:22.476432,0.42227953843721133,0.011701485326219719,0.0022371364653243847,False,1,0.06363344192504883,False,0.0,-12.452211215726464,10.418883232227245,-2.801556391806969,CENTER,0.0,0.9832940832904663,0.02221356225275187,NORMAL,STABLE,NORMAL,NO_ACTION,False,0.0
2026-08-12T01:23:22.509051,0.4286384807571984,0.01266315331029459,0.0022371364653243847,False,1,0.06363344192504883,False,0.0,-13.68162332785468,9.169838630192515,-2.8416366938541557,CENTER,0.0,0.9819924420224624,0.022533948661229028,NORMAL,STABLE,NORMAL,NO_ACTION,False,0.0
2026-08-12T01:23:22.535138,0.40822151896342357,0.006581854768000374,0.0022371364653243847,False,1,0.06363344192504883,False,0.0,-12.978726168782089,7.878363399460568,-2.5484747743755634,CENTER,0.0,0.9819965545696159,0.020642048548577038,NORMAL,STABLE,NORMAL,NO_ACTION,False,0.0
2026-08-12T01:23:22.554640,0.4105876422033559,0.07885020893056058,0.0022346368715083797,False,1,0.06363344192504883,False,0.0,-14.90132547251389,11.481447982890757,-3.6846882926037097,CENTER,0.0,0.9819773716135117,0.026189799761460273,NORMAL,STABLE,NORMAL,NO_ACTION,False,0.0
2026-08-12T01:23:22.578283,0.41327169336460823,0.40523301966754854,0.0022346368715083797,False,1,0.06363344192504883,False,0.0,-13.703302200784492,14.5705533578506,-3.931513806680755,CENTER,0.0,0.9815628750857339,0.02855145603247945,NORMAL,STABLE,NORMAL,NO_ACTION,False,0.0
2026-08-12T01:23:22.604918,0.41750371258300834,0.6291435228612626,0.0022346368715083797,False,1,0.06363344192504883,False,0.0,-14.177713941818752,15.815676007528708,-3.887733054035124,CENTER,0.0,0.9823504747513717,0.10881878903848188,NORMAL,STABLE,NORMAL,NO_ACTION,False,0.0
2026-08-12T01:23:22.652551,0.4334705639236832,0.3642006929471115,0.0022346368715083797,False,1,0.06363344192504883,False,0.0,-13.124073964608982,18.163457648938845,-3.746907190081629,CENTER,0.0,0.9824472200788753,0.029364182747269013,NORMAL,STABLE,NORMAL,NO_ACTION,False,0.0
2026-08-12T01:23:22.686646,0.4115849768491149,0.23512659887197074,0.0022371364653243847,False,1,0.06363344192504883,False,0.0,-13.500870001809858,15.701659237551041,-3.0607974415459864,CENTER,0.0,0.9823124839248971,0.02728835957998138,NORMAL,STABLE,NORMAL,NO_ACTION,False,0.0
2026-08-12T01:23:22.716594,0.41168906157671836,0.269415361713214,0.0022346368715083797,False,1,0.06363344192504883,False,0.0,-13.322997386124882,13.562699413949389,-2.567619993880953,CENTER,0.0,0.9817292524005488,0.025097358905635733,NORMAL,STABLE,NORMAL,NO_ACTION,False,0.0
2026-08-12T01:23:22.749973,0.41009479188280606,0.3000051967842511,0.0022371364653243847,False,1,0.06363344192504883,False,0.0,-14.324830728447097,14.159000086536793,-2.5871845883470996,CENTER,0.0,0.9810220684370713,0.02651158888607839,NORMAL,STABLE,NORMAL,NO_ACTION,False,0.0
2026-08-12T01:23:22.782509,0.4107162971161761,0.20496636304902766,0.0022371364653243847,False,1,0.06363344192504883,False,0.0,-14.53195654283374,11.240841060365284,-2.062926125117599,CENTER,0.0,0.9806149798525378,0.024098642594216957,NORMAL,STABLE,NORMAL,NO_ACTION,False,0.0
2026-08-12T01:23:22.844966,0.43000082616085283,0.02088062463917355,0.0022346368715083797,False,1,0.06363344192504883,False,0.0,-13.680383021176823,14.438697926790383,-2.256576231638917,CENTER,0.0,0.9809025098593965,0.025774650005393397,NORMAL,STABLE,NORMAL,NO_ACTION,False,0.0
2026-08-12T01:23:22.879106,0.4065967335235659,0.020963999592015496,0.0022371364653243847,False,1,0.06363344192504883,False,0.0,-14.343676875111584,12.272825244815351,-2.510918120950805,CENTER,0.0,0.9811464629415294,0.025094057858204503,NORMAL,STABLE,NORMAL,NO_ACTION,False,0.0
2026-08-12T01:23:22.909433,0.4242376707094807,0.005452132392777486,0.0022371364653243847,False,1,0.06363344192504883,False,0.0,-13.064015970209113,12.969860644682456,-2.2442185721753276,CENTER,0.0,0.9797162074545611,0.024108384469381603,NORMAL,STABLE,NORMAL,NO_ACTION,False,0.0
2026-08-12T01:23:22.940901,0.41722566885409273,0.016984149560207575,0.0022346368715083797,False,1,0.06363344192504883,False,0.0,-13.193045488503145,12.883890613322677,-2.195024740074473,CENTER,0.0,0.9782891134044924,0.024123173811215193,NORMAL,STABLE,NORMAL,NO_ACTION,False,0.0
2026-08-12T01:23:22.975055,0.4253010836016571,0.030688631325650213,0.0022371364653243847,False,1,0.06363344192504883,False,0.0,-13.69583534121,15.378717943569256,-2.4144546688351056,CENTER,0.0,0.9797027713477365,0.026620464450399003,NORMAL,STABLE,NORMAL,NO_ACTION,False,0.0
2026-08-12T01:23:23.005838,0.3934403162490099,0.3417993526377176,0.0022396416573348264,False,1,0.06363344192504883,False,0.0,-14.126144468320433,18.649567642235326,-3.5570902256727095,CENTER,0.0,0.9821579486025378,0.030497432261755948,NORMAL,STABLE,NORMAL,NO_ACTION,False,0.0
2026-08-12T01:23:23.037769,0.39582596097475314,0.4705151175498227,0.0022396416573348264,False,1,0.06363344192504883,False,0.0,-14.742972018012608,21.24733866354825,-4.101273768882379,CENTER,0.0,0.9836737236368311,0.04759463441361123,NORMAL,STABLE,NORMAL,NO_ACTION,False,0.0
2026-08-12T01:23:23.066442,0.4255139869918767,0.508866141137695,0.0022371364653243847,False,1,0.06363344192504883,False,0.0,-14.192035774788394,21.480122724508107,-4.0597982103201105,CENTER,0.0,0.9835861009302126,0.054862490329047484,NORMAL,STABLE,NORMAL,NO_ACTION,False,0.0
2026-08-12T01:23:23.086265,0.40684711827903053,0.8406082324268301,0.0022371364653243847,False,1,0.06363344192504883,False,0.0,-13.336091714903063,22.251928608269623,-3.429314689336053,CENTER,0.0,0.9826687751843279,0.11221530275449906,NORMAL,STABLE,NORMAL,NO_ACTION,False,0.0
2026-08-12T01:23:23.119481,0.4114864389021863,0.9932617468911962,0.0022371364653243847,False,1,0.06363344192504883,False,0.0,-13.369611548458664,20.274319421688517,-2.6967667774374604,CENTER,0.0,0.9827698741855281,0.1101138913035639,NORMAL,STABLE,NORMAL,NO_ACTION,False,0.0
2026-08-12T01:23:23.140821,0.4229452239592063,0.43179551279527684,0.0022346368715083797,False,1,0.06363344192504883,False,0.0,-13.819830187313585,17.36894892021462,-2.774520275443365,CENTER,0.0,0.9823119614840534,0.03488308833593928,NORMAL,STABLE,NORMAL,NO_ACTION,False,0.0
2026-08-12T01:23:23.181041,0.39667467166515546,0.025624100385851983,0.0022346368715083797,False,1,0.06363344192504883,False,0.0,-15.505865772305015,13.384382606511736,-2.2202200935266774,CENTER,0.0,0.9817074572402265,0.026736062716244555,NORMAL,STABLE,NORMAL,NO_ACTION,False,0.0
2026-08-12T01:23:23.244868,0.40206028350795664,0.004143408423281603,0.0022346368715083797,False,1,0.06363344192504883,False,0.0,-12.243455014989934,7.023382422473389,-0.4756771542370757,CENTER,0.0,0.9826585674939986,0.017320496060671604,NORMAL,STABLE,NORMAL,NO_ACTION,False,0.0
2026-08-12T01:23:23.276263,0.4102837648217721,0.030897463540429437,0.0022346368715083797,False,1,0.06363344192504883,False,0.0,-13.874759383221317,3.407896145359132,0.014772456816359636,CENTER,0.0,0.981868623542524,0.015836363062054912,NORMAL,STABLE,NORMAL,NO_ACTION,False,0.0
2026-08-12T01:23:23.309303,0.38625180395639763,0.019799464023588204,0.0022346368715083797,False,1,0.06363344192504883,False,0.0,-15.508180343562117,-0.5028065350255417,-21.620573943671445,CENTER,0.0,0.9815001553926611,0.03611675329263224,NORMAL,STABLE,NORMAL,NO_ACTION,False,0.0
2026-08-12T01:23:23.340949,0.3981153859753879,0.002626310785740107,0.0022346368715083797,False,1,0.06363344192504883,False,0.0,-17.79294011540418,5.521905605879766,-1.4379429224255489,CENTER,0.0,0.9820386847350823,0.02250667104808253,NORMAL,STABLE,NORMAL,NO_ACTION,False,0.0
2026-08-12T01:23:23.376120,0.3522938776658111,0.004445416732786993,0.0022371364653243847,False,1,0.06363344192504883,False,0.0,-16.863801321845983,6.818654793126711,-0.6786656537281885,CENTER,0.0,0.980961009837963,0.021817329993737016,NORMAL,STABLE,NORMAL,NO_ACTION,False,0.0
2026-08-12T01:23:23.404529,0.38341020142666726,0.02422119721756399,0.0022346368715083797,False,1,0.06363344192504883,False,0.0,-19.28795408584824,8.222610853105152,-0.16392790159292758,CENTER,0.0,0.979856502914952,0.0246699941966304,NORMAL,STABLE,NORMAL,NO_ACTION,False,0.0
2026-08-12T01:23:23.437545,0.3563707910445175,0.02453248586973083,0.002232142857142857,False,1,0.06363344192504883,False,0.0,-19.367296063640367,9.773575279537596,0.32726973561622685,CENTER,0.0,0.980286578896605,0.026023830693764984,NORMAL,STABLE,NORMAL,NO_ACTION,False,0.0
2026-08-12T01:23:23.468361,0.39157947760645045,0.006484980482367426,0.002229654403567447,False,1,0.06363344192504883,False,0.0,-2.358871500978836,23.082764019426918,-175.74016410768556,CENTER,0.0,0.9483142236082533,0.049238283259231644,NORMAL,STABLE,NORMAL,NO_ACTION,False,0.0
2026-08-12T01:23:23.501407,0.4259916009773742,0.02202728083473373,0.002229654403567447,False,1,0.06363344192504883,False,0.0,-14.711776701256525,6.565329399822588,0.993550761486631,CENTER,0.0,0.9806130642361112,0.0198652754565875,NORMAL,STABLE,NORMAL,NO_ACTION,False,0.0
2026-08-12T01:23:23.539312,0.3939009302995753,0.4866218161823053,0.002232142857142857,False,1,0.06363344192504883,False,0.0,-15.448969505150842,8.014615256588115,-0.1737517982175234,CENTER,0.0,0.9800483592678326,0.03815679847316646,NORMAL,STABLE,NORMAL,NO_ACTION,False,0.0
2026-08-12T01:23:23.566176,0.39080713934749206,0.34161070413056027,0.002229654403567447,False,1,0.06363344192504883,False,0.0,-16.651877627262706,3.3985450939556756,1.1207150956504393,CENTER,0.0,0.9812972741983883,0.01956885333806954,NORMAL,STABLE,NORMAL,NO_ACTION,False,0.0
2026-08-12T01:23:23.586678,0.3927476298977216,0.3490571801533404,0.002229654403567447,False,1,0.06363344192504883,False,0.0,-16.004465874465808,2.372773221084259,1.4081546959209277,CENTER,0.0,0.9812829539609054,0.018481378245970303,NORMAL,STABLE,NORMAL,NO_ACTION,False,0.0
2026-08-12T01:23:23.628348,0.3685364463315069,0.27838472575447576,0.0022271714922048997,False,1,0.06363344192504883,False,0.0,-15.426807309964289,-1.440745209115363,2.8002101740817977,CENTER,0.0,0.9821165150248629,0.018592480968998067,NORMAL,STABLE,NORMAL,NO_ACTION,False,0.0
2026-08-12T01:23:23.661519,0.3767951112840294,0.2868163988814957,0.0022271714922048997,False,1,0.06363344192504883,False,0.0,-15.39936087277971,1.617569027103798,1.9447474204803257,CENTER,0.0,0.9797951897933814,0.017869978209380927,NORMAL,STABLE,NORMAL,NO_ACTION,False,0.0
2026-08-12T01:23:23.709634,0.37599770327864823,0.2934199350635998,0.0022271714922048997,False,1,0.06363344192504883,False,0.0,-13.784383363686146,6.004008219626712,1.2698385020622425,CENTER,0.0,0.9791670819401576,0.01883288625156218,NORMAL,STABLE,NORMAL,NO_ACTION,False,0.0
2026-08-12T01:23:23.741191,0.3583472924440728,0.24028531670018657,0.002229654403567447,False,1,0.06363344192504883,False,0.0,-16.196977139771406,6.415201824116366,0.9801477433924504,CENTER,0.0,0.979777199074074,0.02117413639009368,NORMAL,STABLE,NORMAL,NO_ACTION,False,0.0
2026-08-12T01:23:23.772452,0.37266630769300285,0.22370801393076314,0.0022271714922048997,False,1,0.06363344192504883,False,0.0,-14.480944039069527,2.494476792044793,1.992993437982335,CENTER,0.0,0.9821511166838134,0.017665358216600813,NORMAL,STABLE,NORMAL,NO_ACTION,False,0.0
2026-08-12T01:23:23.804677,0.3731235525659536,0.25429444798594175,0.0022271714922048997,False,1,0.06363344192504883,False,0.0,-13.302156095536333,5.5418279707726015,0.7859628317889644,CENTER,0.0,0.9845393143432783,0.017568768057056428,NORMAL,STABLE,NORMAL,NO_ACTION,False,0.0
2026-08-12T01:23:23.836408,0.4030607857291856,0.26664474355322887,0.0022271714922048997,False,1,0.06363344192504883,False,0.0,-12.860725504590363,3.0097702775424864,1.1450773183127012,CENTER,0.0,0.9865948645404663,0.015660792363242894,NORMAL,STABLE,NORMAL,NO_ACTION,False,0.0
2026-08-12T01:23:23.869786,0.40049199364350635,0.3113995100542518,0.0022271714922048997,False,1,0.06363344192504883,False,0.0,-12.258235151306167,5.608799580531837,0.10674311685784232,CENTER,0.0,0.9878023324974279,0.01595781580713463,NORMAL,STABLE,NORMAL,NO_ACTION,False,0.0
2026-08-12T01:23:23.902417,0.4216222831482791,0.3813155555110053,0.002229654403567447,False,1,0.06363344192504883,False,0.0,-12.117150066269602,5.353545678313196,-0.31701946408489334,CENTER,0.0,0.9889845625428669,0.01584009438949349,NORMAL,STABLE,NORMAL,NO_ACTION,False,0.0
2026-08-12T01:23:23.932385,0.388445866822293,0.4479441842460091,0.0022271714922048997,False,1,0.06363344192504883,False,0.0,-12.097079640830373,2.6418799156730586,-0.04266022830685756,CENTER,0.0,0.9882894884902262,0.023186981106727476,NORMAL,STABLE,NORMAL,NO_ACTION,False,0.0
2026-08-12T01:23:23.965514,0.38991088758750747,0.34738515915316237,0.002229654403567447,False,1,0.06363344192504883,False,0.0,-12.702276847548006,1.6006132372485808,0.12443116858085546,CENTER,0.0,0.9866068940757887,0.013507643205396214,NORMAL,STABLE,NORMAL,NO_ACTION,False,0.0
2026-08-12T01:23:23.998217,0.4095736368123333,0.4013575448661065,0.002229654403567447,False,1,0.06363344192504883,False,0.0,-12.130038902181042,-7.274058072065571,2.0809252553255533,CENTER,0.0,0.9856103984482167,0.019209627510275,NORMAL,STABLE,NORMAL,NO_ACTION,False,0.0
2026-08-12T01:23:24.029972,0.4206325157264765,0.30196936489654114,0.0022271714922048997,False,1,0.06363344192504883,False,0.0,-13.41028152261893,-5.345680155501668,1.1517026956056498,CENTER,0.0,0.9854857360253773,0.017883420470597097,NORMAL,STABLE,NORMAL,NO_ACTION,False,0.0
2026-08-12T01:23:24.062782,0.41484579006178063,0.2542256102163204,0.0022271714922048997,False,1,0.06363344192504883,False,0.0,-13.36554650800042,-7.8884360233786595,2.2720700157876195,CENTER,0.0,0.9843822605881345,0.020755649336087888,NORMAL,STABLE,NORMAL,NO_ACTION,False,0.0
2026-08-12T01:23:24.093253,0.43420634595122265,0.22180586386527565,0.0022271714922048997,False,1,0.06363344192504883,False,0.0,-12.609882020489778,-8.034619453741186,2.8543318608091397,CENTER,0.0,0.9843866946373457,0.020694245935619443,NORMAL,STABLE,NORMAL,NO_ACTION,False,0.0
2026-08-12T01:23:24.125394,0.39299073014707653,0.2270379399215398,0.0022271714922048997,False,1,0.06363344192504883,False,0.0,-13.705477188344076,-6.905166059974903,2.851434585851649,CENTER,0.0,0.9863062494641632,0.020930757196244428,NORMAL,STABLE,NORMAL,NO_ACTION,False,0.0
2026-08-12T01:23:24.157267,0.4058437651052433,0.22339346354931824,0.0022271714922048997,False,1,0.06363344192504883,False,0.0,-12.985348293192828,-6.601981118142845,3.026946610039971,CENTER,0.0,0.9870054896476337,0.020187344418068083,NORMAL,STABLE,NORMAL,NO_ACTION,False,0.0
2026-08-12T01:23:24.189409,0.4086736960624535,0.2214766536052727,0.0022271714922048997,False,1,0.06363344192504883,False,0.0,-13.721670871396213,-5.348483323625885,3.20217859829026,CENTER,0.0,0.9877257212362826,0.020159833741576042,NORMAL,STABLE,NORMAL,NO_ACTION,False,0.0
2026-08-12T01:23:24.237587,0.3994282617554145,0.25351050800718267,0.002229654403567447,False,1,0.06363344192504883,False,0.0,-13.517722942456544,-4.892638532387338,2.6300541952729475,CENTER,0.0,0.9880149525248628,0.019083283591204443,NORMAL,STABLE,NORMAL,NO_ACTION,False,0.0
2026-08-12T01:23:24.268292,0.39813566569662073,0.20855822339047492,0.0022271714922048997,False,1,0.06363344192504883,False,0.0,-12.39947873563176,-1.1618815321067189,1.9773436310152306,CENTER,0.0,0.9876511997385116,0.014683484126255659,NORMAL,STABLE,NORMAL,NO_ACTION,False,0.0
2026-08-12T01:23:24.300260,0.4404062764594292,0.31263188852227414,0.0022271714922048997,False,1,0.06363344192504883,False,0.0,-11.34191197550183,1.878013916507797,0.4723412370230733,CENTER,0.0,0.9855111346879285,0.012733031662872204,NORMAL,STABLE,NORMAL,NO_ACTION,False,0.0
2026-08-12T01:23:24.333357,0.4142483001260735,0.49079755088383203,0.002229654403567447,False,1,0.06363344192504883,False,0.0,-13.813735061411052,4.438865702620802,-1.0122798327747375,CENTER,0.0,0.984724566508059,0.03564226086009738,NORMAL,STABLE,NORMAL,NO_ACTION,False,0.0
2026-08-12T01:23:24.365454,0.43401665454392496,0.2647956565865496,0.002229654403567447,False,1,0.06363344192504883,False,0.0,-8.083952593026282,10.490753159508245,-1.529074603463357,CENTER,0.0,0.9852366389103224,0.016833644211820053,NORMAL,STABLE,NORMAL,NO_ACTION,False,0.0
2026-08-12T01:23:24.396046,0.43077257604573604,0.04496211862988791,0.0022271714922048997,False,1,0.06363344192504883,False,0.0,-10.597664780811499,-22.001879732292537,4.404341883821957,CENTER,0.0,0.9859590004501028,0.03033662326148794,NORMAL,STABLE,NORMAL,NO_ACTION,False,0.0
2026-08-12T01:23:24.428538,0.4273227145772929,0.019883867839709253,0.0022271714922048997,False,1,0.06363344192504883,False,0.0,-10.50914078783515,-11.264183143678565,2.9138552627058516,CENTER,0.0,0.987267420053155,0.021061091430214743,NORMAL,STABLE,NORMAL,NO_ACTION,False,0.0
2026-08-12T01:23:24.460805,0.4375200658499159,0.010087609310248888,0.002229654403567447,False,1,0.06363344192504883,False,0.0,-11.862938551960582,-6.29774090649056,1.7604652645711383,CENTER,0.0,0.988218865204904,0.01766720173727373,NORMAL,STABLE,NORMAL,NO_ACTION,False,0.0
2026-08-12T01:23:24.494113,0.4147867899077693,0.13615704684333196,0.002229654403567447,False,1,0.06363344192504883,False,0.0,-13.492419606756215,-7.840958840115945,2.035111123877698,CENTER,0.0,0.9868771835348079,0.02061535171773121,NORMAL,STABLE,NORMAL,NO_ACTION,False,0.0
2026-08-12T01:23:24.525154,0.41221046352115825,0.22873366101697223,0.0022271714922048997,False,1,0.06363344192504883,False,0.0,-13.677067136561845,-5.247227394745494,1.5581812542762066,CENTER,0.0,0.9852781796553499,0.018460644161456534,NORMAL,STABLE,NORMAL,NO_ACTION,False,0.0
2026-08-12T01:23:24.557271,0.39897524875787893,0.26803380286268985,0.002229654403567447,False,1,0.06363344192504883,False,0.0,-14.036805870905937,-9.255105414006294,2.870605423287543,CENTER,0.0,0.9844737949031206,0.022965453674894564,NORMAL,STABLE,NORMAL,NO_ACTION,False,0.0
2026-08-12T01:23:24.588477,0.4176715085259598,0.2795135548068742,0.0022271714922048997,False,1,0.06363344192504883,False,0.0,-13.370746420310752,-4.729103358831765,1.9207086750618885,CENTER,0.0,0.9846882501714678,0.01814056844358919,NORMAL,STABLE,NORMAL,NO_ACTION,False,0.0
2026-08-12T01:23:24.621339,0.40927552937050393,0.36893008907528346,0.002229654403567447,False,1,0.06363344192504883,False,0.0,-13.914972096024997,-6.132223484862578,2.0636813146659847,CENTER,0.0,0.9843686637302813,0.019815679504917996,NORMAL,STABLE,NORMAL,NO_ACTION,False,0.0
2026-08-12T01:23:24.652760,0.4228366980921162,0.23480577231452496,0.0022271714922048997,False,1,0.06363344192504883,False,0.0,-13.203826161618423,-8.259640993905407,2.7220755591128807,CENTER,0.0,0.9850574015132031,0.021301349782228498,NORMAL,STABLE,NORMAL,NO_ACTION,False,0.0
2026-08-12T01:23:24.684768,0.43344130403962067,0.025839112597109897,0.0022271714922048997,False,1,0.06363344192504883,False,0.0,-12.228661525462115,-2.916787733924849,1.2463956638163154,CENTER,0.0,0.9860759200317215,0.015082549916028658,NORMAL,STABLE,NORMAL,NO_ACTION,False,0.0
2026-08-12T01:23:24.717631,0.4440375669115916,0.008438561943321161,0.0022271714922048997,False,1,0.06363344192504883,False,0.0,-11.146565846056177,-7.188359362500478,1.8024271930989357,CENTER,0.0,0.986669319058642,0.017660993577288602,NORMAL,STABLE,NORMAL,NO_ACTION,False,0.0
2026-08-12T01:23:24.766065,0.43692619898115803,0.018618153092256878,0.002229654403567447,False,1,0.06363344192504883,False,0.0,-11.899019058573657,-9.93548705197216,2.357504537970499,CENTER,0.0,0.9866514087148491,0.020904133741615007,NORMAL,STABLE,NORMAL,NO_ACTION,False,0.0
2026-08-12T01:23:24.797028,0.42564995437029474,0.49780540021626213,0.0022271714922048997,False,1,0.06363344192504883,False,0.0,-13.299740351730804,0.10617413148227683,0.4401706630058868,CENTER,0.0,0.9868541693458504,0.032868786782032366,NORMAL,STABLE,NORMAL,NO_ACTION,False,0.0
2026-08-12T01:23:24.828709,0.40298940985674925,0.8590166948336863,0.002229654403567447,False,1,0.06363344192504883,False,0.0,-12.593887926756366,18.259019428738043,-2.673231218763192,CENTER,0.0,0.986875200938786,0.10788873987570001,NORMAL,RISING,NORMAL,NO_ACTION,False,0.0
2026-08-12T01:23:24.861463,0.4119139190355997,0.8384407657392554,0.002229654403567447,False,1,0.06363344192504883,False,0.0,-12.60462564272268,9.031395370406642,-1.0320987508919188,CENTER,0.0,0.9863485269847393,0.09965433496136701,NORMAL,STABLE,NORMAL,NO_ACTION,False,0.0
2026-08-12T01:23:24.893246,0.4254601013740905,0.8140157422755229,0.0022271714922048997,False,1,0.06363344192504883,False,0.0,-11.126648175996792,14.738088445875718,-2.363796324317093,CENTER,0.0,0.9861913392704047,0.10363497339639768,NORMAL,STABLE,NORMAL,NO_ACTION,False,0.0
2026-08-12T01:23:24.941526,0.4095535527477563,0.6761915548263419,0.002229654403567447,False,1,0.06363344192504883,False,0.0,-12.425269207155793,-0.6440717322093406,0.24540631938836555,CENTER,0.0,0.9861097849151234,0.09266655416549001,NORMAL,STABLE,NORMAL,NO_ACTION,False,0.0
2026-08-12T01:23:24.974690,0.4017101953445192,0.36233613870308806,0.002229654403567447,False,1,0.06363344192504883,False,0.0,-13.505749945021364,-7.325202577035952,1.5415906449775036,CENTER,0.0,0.9856951142403977,0.019780455762673024,NORMAL,STABLE,NORMAL,NO_ACTION,False,0.0
2026-08-12T01:23:24.997653,0.39981765755323617,0.268441200399784,0.002229654403567447,False,1,0.06363344192504883,False,0.0,-12.939805812124234,-8.65180851050954,1.8702327723586052,CENTER,0.0,0.9853307452417696,0.020510047005610734,NORMAL,STABLE,NORMAL,NO_ACTION,False,0.0
2026-08-12T01:23:25.021207,0.39919969206913136,0.2196835363932883,0.002229654403567447,False,1,0.06363344192504883,False,0.0,-12.34633278379684,-7.997626328307433,1.6605191392748395,CENTER,0.0,0.9859428449717077,0.019264143088957728,NORMAL,STABLE,NORMAL,NO_ACTION,False,0.0
2026-08-12T01:23:25.053826,0.3774395304015563,0.006296801082082157,0.0022271714922048997,False,1,0.06363344192504883,False,0.0,-13.045085609421221,-3.647614703128454,1.1969261416926145,CENTER,0.0,0.9868843101637517,0.0163489182311098,NORMAL,STABLE,NORMAL,NO_ACTION,False,0.0
2026-08-12T01:23:25.085453,0.41696770260756194,0.00759187780912963,0.002229654403567447,False,1,0.06363344192504883,False,0.0,-13.152556521567107,-2.5514674682362966,0.5260197482700733,CENTER,0.0,0.9869308073988341,0.015014688838754607,NORMAL,STABLE,NORMAL,NO_ACTION,False,0.0
2026-08-12T01:23:25.117290,0.39680270649882576,0.007358833511035874,0.0022271714922048997,False,1,0.06363344192504883,False,0.0,-12.342058486143088,-0.627907719378527,0.1548763720662123,CENTER,0.0,0.9857141900291495,0.01248757432745641,NORMAL,STABLE,NORMAL,NO_ACTION,False,0.0
2026-08-12T01:23:25.148742,0.39367007387450403,0.00997869297882302,0.0022271714922048997,False,1,0.06363344192504883,False,0.0,-13.044356977868517,-0.7757696517588499,0.5037883880210359,CENTER,0.0,0.985398796510631,0.013606640286015777,NORMAL,STABLE,NORMAL,NO_ACTION,False,0.0
2026-08-12T01:23:25.180767,0.3657057627715811,0.012010085467883347,0.0022271714922048997,False,1,0.06363344192504883,False,0.0,-12.387744554543701,-3.0324503925259876,1.3904788194893172,CENTER,0.0,0.9847396101251716,0.015458021865893156,NORMAL,STABLE,NORMAL,NO_ACTION,False,0.0
2026-08-12T01:23:25.212753,0.39273188256340186,0.01993945888895828,0.0022271714922048997,False,1,0.06363344192504883,False,0.0,-13.069304046161278,-1.5129095678082933,0.5208509453663055,CENTER,0.0,0.9848790214549039,0.014179472827851073,NORMAL,STABLE,NORMAL,NO_ACTION,False,0.0
2026-08-12T01:23:25.244784,0.37713093112090246,0.009039563998735147,0.0022271714922048997,False,1,0.06363344192504883,False,0.0,-12.118458821991169,3.657682843231271,-1.231240115783521,CENTER,0.0,0.9850947761274007,0.015496925475005622,NORMAL,STABLE,NORMAL,NO_ACTION,False,0.0
2026-08-12T01:23:25.292653,0.3910230401146567,0.023229541602871755,0.0022271714922048997,False,1,0.06363344192504883,False,0.0,-11.115829877814548,0.16787495911100336,-0.3724311654597443,CENTER,0.0,0.9853101155264061,0.011184012919548006,NORMAL,STABLE,NORMAL,NO_ACTION,False,0.0
2026-08-12T01:23:25.326113,0.38630040491639195,0.39863412305946466,0.002229654403567447,False,1,0.06363344192504883,False,0.0,-10.611191213424462,-3.222814873096837,0.592197071025339,CENTER,0.0,0.9842762318887175,0.013116036497077155,NORMAL,STABLE,NORMAL,NO_ACTION,False,0.0
2026-08-12T01:23:25.357260,0.37408309762096104,0.694130102827796,0.002229654403567447,False,1,0.06363344192504883,False,0.0,-10.750163268718012,1.2290014314950781,-0.31598669903755194,CENTER,0.0,0.9838370064943416,0.09154390470651107,NORMAL,STABLE,NORMAL,NO_ACTION,False,0.0
2026-08-12T01:23:25.389496,0.39452694779149117,0.7922410972153247,0.002229654403567447,False,1,0.06363344192504883,False,0.0,-11.867516775734316,9.413885215534663,-1.4097489389040447,CENTER,0.0,0.9848474874614197,0.09958443223272309,NORMAL,STABLE,NORMAL,NO_ACTION,False,0.0
2026-08-12T01:23:25.421037,0.425293420990351,0.6114423563053569,0.0022271714922048997,False,1,0.06363344192504883,False,0.0,-12.467502331140992,-3.688014070535843,0.21892811474600649,CENTER,0.0,0.985086484053498,0.0948801283692041,NORMAL,STABLE,NORMAL,NO_ACTION,False,0.0
2026-08-12T01:23:25.452716,0.38167117534027084,0.4892178972618449,0.0022271714922048997,False,1,0.06363344192504883,False,0.0,-11.898617357161953,-11.667966745328073,1.6982237309120762,CENTER,0.0,0.9855498221021948,0.03936369870510313,NORMAL,STABLE,NORMAL,NO_ACTION,False,0.0
2026-08-12T01:23:25.485568,0.40684590960627015,0.35006794066712743,0.002229654403567447,False,1,0.06363344192504883,False,0.0,-12.749189210968837,-2.230105330624241,-0.4851399502070137,CENTER,0.0,0.9857410622427984,0.014354800449546103,NORMAL,STABLE,NORMAL,NO_ACTION,False,0.0
2026-08-12T01:23:25.523830,0.39475135375519443,0.33609886574878833,0.002229654403567447,False,1,0.06363344192504883,False,0.0,-13.675451225201897,-6.1084729443368815,0.204030460699812,CENTER,0.0,0.9847182302383402,0.017777101712889393,NORMAL,STABLE,NORMAL,NO_ACTION,False,0.0
2026-08-12T01:23:25.550709,0.38319198495459106,0.35450812266209897,0.002229654403567447,False,1,0.06363344192504883,False,0.0,-12.590397263287088,-5.580802736570661,-0.0850967131897562,CENTER,0.0,0.9831201104895406,0.016236610990797252,NORMAL,STABLE,NORMAL,NO_ACTION,False,0.0
2026-08-12T01:23:25.591423,0.38514786877850504,0.32783333961644817,0.002229654403567447,False,1,0.06363344192504883,False,0.0,-14.122382148548468,-9.770946849684577,0.7674628238130481,CENTER,0.0,0.981852253729424,0.02139516417963884,NORMAL,STABLE,NORMAL,NO_ACTION,False,0.0
2026-08-12T01:23:25.644873,0.39419679249342277,0.25970730678100756,0.002232142857142857,False,1,0.06363344192504883,False,0.0,-13.70835750285832,-8.380577038615598,1.0098358780018941,CENTER,0.0,0.9815042545438958,0.02022571407982851,NORMAL,STABLE,NORMAL,NO_ACTION,False,0.0
2026-08-12T01:23:25.677018,0.3932639715895261,0.3189641347590621,0.002229654403567447,False,1,0.06363344192504883,False,0.0,-12.977328177833868,-4.276318140328016,0.1840644496919026,CENTER,0.0,0.9823447145061728,0.01576238563155801,NORMAL,STABLE,NORMAL,NO_ACTION,False,0.0
2026-08-12T01:23:25.712458,0.40130645807108095,0.33916040879047427,0.002229654403567447,False,1,0.06363344192504883,False,0.0,-12.936120075020966,-4.443061997307439,0.3339347943865789,CENTER,0.0,0.9823492155349793,0.015987449464892268,NORMAL,STABLE,NORMAL,NO_ACTION,False,0.0
2026-08-12T01:23:25.752878,0.3802308560919733,0.2118733880334177,0.002229654403567447,False,1,0.06363344192504883,False,0.0,-13.267054697490892,-7.7044812730698595,1.3843384390872018,CENTER,0.0,0.9828732103052127,0.01967309653244047,NORMAL,STABLE,NORMAL,NO_ACTION,False,0.0
2026-08-12T01:23:25.776171,0.39699008304733074,0.06264602276044132,0.002229654403567447,False,1,0.06363344192504883,False,0.0,-14.61992828915507,-1.8875209804546387,0.2323475354197626,CENTER,0.0,0.9820500980581274,0.015665401131770784,NORMAL,STABLE,NORMAL,NO_ACTION,False,0.0
2026-08-12T01:23:25.800962,0.39206550641215754,0.029328567129240157,0.002229654403567447,False,1,0.06363344192504883,False,0.0,-14.60520003458248,-0.5078363905197989,-0.6523134568324451,CENTER,0.0,0.9814078307184501,0.015059191125626821,NORMAL,STABLE,NORMAL,NO_ACTION,False,0.0
2026-08-12T01:23:25.822020,0.37476815691467713,0.24710642834906413,0.002229654403567447,False,1,0.06363344192504883,False,0.0,-12.981914776967841,2.085644233788827,-0.7570615715989106,CENTER,0.0,0.9807784234610768,0.01473642398598584,NORMAL,STABLE,NORMAL,NO_ACTION,False,0.0
2026-08-12T01:23:25.853966,0.3994478241875302,0.44021528874389976,0.002229654403567447,False,1,0.06363344192504883,False,0.0,-12.662451755510261,-4.60110081224974,0.44673995553145573,CENTER,0.0,0.9810391616298011,0.02398974109418567,NORMAL,STABLE,NORMAL,NO_ACTION,False,0.0
2026-08-12T01:23:25.884783,0.38245192969067676,0.6051860194121457,0.002229654403567447,False,1,0.06363344192504883,False,0.0,-12.304620045111164,-1.3192499287029875,0.25715881698107523,CENTER,0.0,0.9820736614797669,0.09304931940830025,NORMAL,STABLE,NORMAL,NO_ACTION,False,0.0
2026-08-12T01:23:25.917928,0.41335191603602667,0.699562391207272,0.002229654403567447,False,1,0.06363344192504883,False,0.0,-12.515566752149908,3.1046591361916,-0.32316378397572976,CENTER,0.0,0.9828126741469478,0.09460547581833344,NORMAL,STABLE,NORMAL,NO_ACTION,False,0.0
2026-08-12T01:23:25.950306,0.3983127582799168,0.5430352392188929,0.002229654403567447,False,1,0.06363344192504883,False,0.0,-10.847946834373403,4.818907800742238,-0.5704896886084612,CENTER,0.0,0.9840469205461249,0.04308290161088976,NORMAL,STABLE,NORMAL,NO_ACTION,False,0.0
2026-08-12T01:23:25.982696,0.37579363283692496,0.18582277843846598,0.002229654403567447,False,1,0.06363344192504883,False,0.0,-11.72078593699024,-8.629793366250965,1.670265185428633,CENTER,0.0,0.9843238811728394,0.01912771480832535,NORMAL,STABLE,NORMAL,NO_ACTION,False,0.0
2026-08-12T01:23:26.044356,0.35770069437873403,0.0022207042378982965,0.0022271714922048997,False,1,0.06363344192504883,False,0.0,-13.642992620696504,-6.9581748745487175,0.6103697223214226,CENTER,0.0,0.9839186814128944,0.018750808554524673,NORMAL,STABLE,NORMAL,NO_ACTION,False,0.0
2026-08-12T01:23:26.076324,0.33094443633442494,0.004846418652411113,0.0022271714922048997,False,1,0.06363344192504883,False,0.0,-14.162152582620479,-5.571697697588576,1.4141724756447331,CENTER,0.0,0.9844584163880317,0.019023428022884176,NORMAL,STABLE,NORMAL,NO_ACTION,False,0.0
2026-08-12T01:23:26.109046,0.22002752688406382,0.005154185921862387,0.002229654403567447,False,1,0.06363344192504883,False,0.0,-13.947295255414218,-3.368844945875651,0.6334831808980539,CENTER,0.0,0.9833642377186214,0.12310376844305174,NORMAL,STABLE,NORMAL,NO_ACTION,False,0.0
2026-08-12T01:23:26.141516,0.09347361371259995,0.005400500046092473,0.0033444816053511705,True,1,0.06363344192504883,False,0.0,-15.722913583156753,-2.9826922717331854,0.9432688819008206,UP,0.0,0.9830746581361455,0.24420308308852942,LOW,STABLE,NORMAL,NO_ACTION,False,0.0
2026-08-12T01:23:26.172614,0.16522245022415366,0.0015606958123473703,0.004459308807134894,True,1,0.06363344192504883,False,0.031097412109375,-15.032279689891425,-1.3194046820345875,0.45098164503235694,UP,0.031097412109375,0.9847433609825103,0.221566110294006,LOW,STABLE,NORMAL,NO_ACTION,False,0.031097412109375
2026-08-12T01:23:26.205708,0.27898465294250274,0.003778283458673144,0.004464285714285714,False,2,0.06419134140014648,False,0.0,-14.005472380983662,-1.3568885500821182,0.4791628631878382,UP,0.06419134140014648,0.9852810463820302,0.06894860507944302,NORMAL,STABLE,NORMAL,NO_ACTION,False,0.0
2026-08-12T01:23:26.224124,0.2593009342797793,0.0014902469176755557,0.004459308807134894,False,2,0.06419134140014648,False,0.0,-14.190787473678029,-2.0491253820879365,0.5368240367016313,UP,0.08260798454284668,0.9852648239240398,0.09592748926476041,NORMAL,STABLE,NORMAL,NO_ACTION,False,0.0
2026-08-12T01:23:26.249210,0.2607811061610235,0.005345060915662731,0.004454342984409799,False,2,0.06419134140014648,False,0.0,-14.495199250388481,-3.365455033001666,0.9937881867576834,UP,0.10769414901733398,0.9865464918767147,0.09563778610046246,NORMAL,STABLE,NORMAL,NO_ACTION,False,0.0
2026-08-12T01:23:26.275305,0.3052592916366294,0.0053144392020144215,0.004454342984409799,False,2,0.06419134140014648,False,0.0,-14.59409271992888,-3.3008958824020453,1.6547568002263233,UP,0.1337888240814209,0.9878818908607683,0.04403102063818057,NORMAL,STABLE,NORMAL,NO_ACTION,False,0.0
2026-08-12T01:23:26.300375,0.31602898470288987,0.009751083272276367,0.004454342984409799,False,2,0.06419134140014648,False,0.0,-15.222652012161177,-2.877938893841872,1.6425196139790899,UP,0.1588592529296875,0.9884387324245543,0.04431904706331717,NORMAL,STABLE,NORMAL,NO_ACTION,False,0.0
2026-08-12T01:23:26.348855,0.3307258913808,0.004431363467233259,0.004454342984409799,False,2,0.06419134140014648,False,0.0,-15.27416572563277,-1.2642611824556411,0.8630541419007614,UP,0.20733904838562012,0.9869500305426955,0.04245262257828729,NORMAL,STABLE,NORMAL,NO_ACTION,False,0.0
2026-08-12T01:23:26.381863,0.3450740926581112,0.014645873191458632,0.004454342984409799,False,2,0.06419134140014648,False,0.0,-14.005192710196155,0.532020319479301,0.8162859802988294,UP,0.24034714698791504,0.9857292470421811,0.04065677193269319,NORMAL,STABLE,NORMAL,NO_ACTION,False,0.0
2026-08-12T01:23:26.444556,0.3349293328792542,0.007047730809728076,0.004454342984409799,False,2,0.06419134140014648,False,0.0,-15.46347231190012,-2.5360195439637607,1.0326339677537817,UP,0.3030400276184082,0.9853975506901577,0.043716709051047964,NORMAL,STABLE,NORMAL,NO_ACTION,False,0.0
2026-08-12T01:23:26.476125,0.36040497153101647,0.004257229009550728,0.004454342984409799,False,2,0.06419134140014648,False,0.0,-14.928720810273177,-1.1038172049008494,1.1970920293563267,CENTER,0.0,0.9867092522933814,0.016325761826886432,NORMAL,STABLE,NORMAL,NO_ACTION,False,0.0
2026-08-12T01:23:26.508435,0.3508963563957559,0.007087398069284922,0.004454342984409799,False,2,0.06419134140014648,False,0.0,-14.788521444931092,-4.158692984121075,1.5449940975970833,CENTER,0.0,0.9886135089806241,0.01873207101096643,NORMAL,STABLE,NORMAL,NO_ACTION,False,0.0
2026-08-12T01:23:26.540715,0.34903376828257665,0.0097561486495419,0.004454342984409799,False,2,0.06419134140014648,False,0.0,-13.917138371728527,-2.5714858826077034,1.4006532884481828,CENTER,0.0,0.9883777408050411,0.016607650291683138,NORMAL,STABLE,NORMAL,NO_ACTION,False,0.0
2026-08-12T01:23:26.574261,0.3522658179444017,0.015851431912070908,0.004459308807134894,False,2,0.06419134140014648,False,0.0,-13.53195250825027,-0.8037315169143824,1.0843641865436098,CENTER,0.0,0.9877951120970507,0.01465544439423968,NORMAL,STABLE,NORMAL,NO_ACTION,False,0.0
2026-08-12T01:23:26.604998,0.3391509666298569,0.23498511978870962,0.004454342984409799,False,2,0.06419134140014648,False,0.0,-14.614580664599714,-3.7785115538874265,1.1944699495957707,CENTER,0.0,0.9868971032664609,0.017952455232218056,NORMAL,STABLE,NORMAL,NO_ACTION,False,0.0
2026-08-12T01:23:26.637339,0.3449640402825716,0.3797564139193923,0.004459308807134894,False,2,0.06419134140014648,False,0.0,-12.44141214279631,-0.7551119766866918,1.1468834020033114,CENTER,0.0,0.9868504050925926,0.013630383989265952,NORMAL,STABLE,NORMAL,NO_ACTION,False,0.0
2026-08-12T01:23:26.669208,0.37546593655870064,0.49822605389305696,0.004459308807134894,False,2,0.06419134140014648,False,0.0,-12.703313716930182,6.090834366124994,-0.4617420121394957,CENTER,0.0,0.9867205584490742,0.036721607782139135,NORMAL,STABLE,NORMAL,NO_ACTION,False,0.0
2026-08-12T01:23:26.700922,0.36890986964820416,0.5664580409644799,0.004459308807134894,False,2,0.06419134140014648,False,0.0,-12.531071669022452,-0.24548359493871885,0.6540886760509466,CENTER,0.0,0.9871007882158779,0.04616572297338537,NORMAL,STABLE,NORMAL,NO_ACTION,False,0.0
2026-08-12T01:23:26.732934,0.35426990565481853,0.49298253736143754,0.004459308807134894,False,2,0.06419134140014648,False,0.0,-11.471343322313231,-2.59072581351532,1.634565390770149,CENTER,0.0,0.9881061519418723,0.033088091913165904,NORMAL,STABLE,NORMAL,NO_ACTION,False,0.0
2026-08-12T01:23:26.752123,0.35843872885053185,0.4739485019711359,0.004459308807134894,False,2,0.06419134140014648,False,0.0,-11.437731941533144,-2.3279229989490204,1.4808694229581931,CENTER,0.0,0.9881010079089506,0.028911112762978315,NORMAL,STABLE,NORMAL,NO_ACTION,False,0.0
2026-08-12T01:23:26.777681,0.3610850823795878,0.27354919508040154,0.004454342984409799,False,2,0.06419134140014648,False,0.0,-11.95692816416863,-1.085121160024869,0.7035098778866313,CENTER,0.0,0.9878733978480796,0.012975231544960065,NORMAL,STABLE,NORMAL,NO_ACTION,False,0.0
2026-08-12T01:23:26.828579,0.32836273067880306,0.008283580292791517,0.004454342984409799,False,2,0.06419134140014648,False,0.0,-13.868945553487976,-4.3014825302564645,1.2254314574782086,CENTER,0.0,0.9883512838648834,0.017641952282411923,NORMAL,STABLE,NORMAL,NO_ACTION,False,0.0
2026-08-12T01:23:26.877488,0.3493677534300344,0.053312402632016705,0.004459308807134894,False,2,0.06419134140014648,False,0.0,-13.167208067550007,-2.4420448113828854,0.9094433946242475,CENTER,0.0,0.9889355602709191,0.01531899303105544,NORMAL,STABLE,NORMAL,NO_ACTION,False,0.0
2026-08-12T01:23:26.908321,0.3528527484723135,0.003739358454380302,0.004454342984409799,False,2,0.06419134140014648,False,0.0,-14.521737238554067,-1.4802885088012658,1.4533402809223617,CENTER,0.0,0.988383701989026,0.01645250523807451,NORMAL,STABLE,NORMAL,NO_ACTION,False,0.0
2026-08-12T01:23:26.941329,0.37712116611497815,0.003471370705795372,0.004454342984409799,False,2,0.06419134140014648,False,0.0,-14.697438130410575,-2.0373920974484463,1.6058690978319987,CENTER,0.0,0.9879029626414609,0.01717093088276117,NORMAL,STABLE,NORMAL,NO_ACTION,False,0.0
2026-08-12T01:23:26.972509,0.3638722414800336,0.0020566352172104673,0.004454342984409799,False,2,0.06419134140014648,False,0.0,-14.496322921732599,0.5577168245103792,2.002567706397116,CENTER,0.0,0.987996653699417,0.016290616089234256,NORMAL,STABLE,NORMAL,NO_ACTION,False,0.0
2026-08-12T01:23:27.005717,0.35605512969955644,0.0027722834819748346,0.004459308807134894,False,2,0.06419134140014648,False,0.0,-13.634148471438408,-0.4415344699834236,2.2286770916203977,CENTER,0.0,0.9875150838048696,0.01559419951126688,NORMAL,STABLE,NORMAL,NO_ACTION,False,0.0
2026-08-12T01:23:27.036279,0.349314457282492,0.002957786975863684,0.004454342984409799,False,2,0.06419134140014648,False,0.0,-12.681111379164292,-0.009194627658587251,2.240672341427114,CENTER,0.0,0.9874853716563787,0.014375765628693297,NORMAL,STABLE,NORMAL,NO_ACTION,False,0.0
2026-08-12T01:23:27.069781,0.3646496524307528,0.004595393670654793,0.004459308807134894,False,2,0.06419134140014648,False,0.0,-13.94848415183202,-2.517906695197837,2.2890845285440378,CENTER,0.0,0.9883536281507201,0.017454665416523532,NORMAL,STABLE,NORMAL,NO_ACTION,False,0.0
2026-08-12T01:23:27.100387,0.3665744216522987,0.002364566145030476,0.004454342984409799,False,2,0.06419134140014648,False,0.0,-12.56561798010938,-2.415354882487577,2.621838620103148,CENTER,0.0,0.9892318512088478,0.016369381178297535,NORMAL,STABLE,NORMAL,NO_ACTION,False,0.0
2026-08-12T01:23:27.133038,0.3588429118214447,0.004076459763871232,0.004459308807134894,False,2,0.06419134140014648,False,0.0,-12.495225725782802,-1.4495752833977917,2.113791372399959,CENTER,0.0,0.9889225394375858,0.015114857873296621,NORMAL,STABLE,NORMAL,NO_ACTION,False,0.0
2026-08-12T01:23:27.164312,0.3784266575647209,0.0053813367544289226,0.004454342984409799,False,2,0.06419134140014648,False,0.0,-12.278940659056445,-2.7878653098437383,2.029927190657702,CENTER,0.0,0.9880373906893005,0.015792368060537805,NORMAL,STABLE,NORMAL,NO_ACTION,False,0.0
2026-08-12T01:23:27.197671,0.3627014895230717,0.001440935694705335,0.004459308807134894,False,2,0.06419134140014648,False,0.0,-13.483599431218607,-2.4297409709209035,2.1485477613556725,CENTER,0.0,0.9874291757758915,0.016807991701477367,NORMAL,STABLE,NORMAL,NO_ACTION,False,0.0
2026-08-12T01:23:27.228439,0.35219407009974124,0.006276112673020337,0.004454342984409799,False,2,0.06419134140014648,False,0.0,-12.856685469538291,-0.3712419944472174,1.539684354224704,CENTER,0.0,0.9864835042652605,0.01413129015961328,NORMAL,STABLE,NORMAL,NO_ACTION,False,0.0
2026-08-12T01:23:27.261590,0.34721985067923933,0.018711865670977792,0.004459308807134894,False,2,0.06419134140014648,False,0.0,-13.01627873190776,-0.9160310197813999,1.41000521478216,CENTER,0.0,0.9871087587877229,0.014553555092580566,NORMAL,STABLE,NORMAL,NO_ACTION,False,0.0
2026-08-12T01:23:27.293265,0.33824268633416404,0.011254842433408753,0.004454342984409799,False,2,0.06419134140014648,False,0.0,-14.71251548925153,-0.9534045266285318,1.2928029540755688,CENTER,0.0,0.988171832133059,0.016101098807250407,NORMAL,STABLE,NORMAL,NO_ACTION,False,0.0
2026-08-12T01:23:27.325277,0.3660918827490066,0.012439613566277442,0.004454342984409799,False,2,0.06419134140014648,False,0.0,-14.352284026336207,1.099262731116255,1.1916269157121633,CENTER,0.0,0.9888159615054869,0.015762122509260172,NORMAL,STABLE,NORMAL,NO_ACTION,False,0.0
2026-08-12T01:23:27.357718,0.36103359976268456,0.3534456167746683,0.004454342984409799,False,2,0.06419134140014648,False,0.0,-12.73140150729327,2.3708752454229227,0.6664536363895763,CENTER,0.0,0.9875907305598421,0.014613937074870409,NORMAL,STABLE,NORMAL,NO_ACTION,False,0.0
2026-08-12T01:23:27.405535,0.3544902094266532,0.4453333638624799,0.004459308807134894,False,2,0.06419134140014648,False,0.0,-11.28269686594993,2.9483462295180516,0.6287709651012676,CENTER,0.0,0.9877296596364883,0.02266633629408609,NORMAL,STABLE,NORMAL,NO_ACTION,False,0.0
2026-08-12T01:23:27.436166,0.3708704009941611,0.6216210291000565,0.004454342984409799,False,2,0.06419134140014648,False,0.0,-12.44609679638765,5.950812360359237,-0.10029405389371959,CENTER,0.0,0.988074403613683,0.09637951863460448,NORMAL,STABLE,NORMAL,NO_ACTION,False,0.0
2026-08-12T01:23:27.469392,0.37085332287996303,0.6530472547850557,0.004459308807134894,False,2,0.06419134140014648,False,0.0,-12.064246268788736,3.3630071629473264,0.2829446951744785,CENTER,0.0,0.9876148432141632,0.09431872610150062,NORMAL,STABLE,NORMAL,NO_ACTION,False,0.0
2026-08-12T01:23:27.500592,0.39362315252716373,0.6976917088665282,0.004454342984409799,False,2,0.06419134140014648,False,0.0,-12.781703430378457,9.823674855796725,-0.9466908758062402,CENTER,0.0,0.9870396760330932,0.10031481154254956,NORMAL,RISING,NORMAL,NO_ACTION,False,0.0
2026-08-12T01:23:27.536091,0.37455351584298,0.47331854580162636,0.004459308807134894,False,2,0.06419134140014648,False,0.0,-10.90809677921564,7.157812638048654,-0.35566492828880314,CENTER,0.0,0.9879001227066186,0.030679825857994315,NORMAL,STABLE,NORMAL,NO_ACTION,False,0.0
2026-08-12T01:23:27.564177,0.3766995932889575,0.13822773406560776,0.004454342984409799,False,2,0.06419134140014648,False,0.0,-11.443353569380548,6.563394441365546,-0.4346027079903081,CENTER,0.0,0.9873848620756174,0.016178261289565572,NORMAL,STABLE,NORMAL,NO_ACTION,False,0.0
2026-08-12T01:23:27.597542,0.3670887687050276,0.0030049110644239925,0.004459308807134894,False,2,0.06419134140014648,False,0.0,-12.557262553658035,-4.593555702405439,2.1228722580989654,CENTER,0.0,0.9867738072273662,0.017453994122318073,NORMAL,STABLE,NORMAL,NO_ACTION,False,0.0
2026-08-12T01:23:27.628736,0.3616255094345282,0.001954936700061497,0.004454342984409799,False,2,0.06419134140014648,False,0.0,-12.957689012650775,-2.466230852012444,1.4933145323094834,CENTER,0.0,0.9869792738340192,0.015696947917896647,NORMAL,STABLE,NORMAL,NO_ACTION,False,0.0
2026-08-12T01:23:27.661032,0.34224859544665653,0.002205093939632373,0.004454342984409799,False,2,0.06419134140014648,False,0.0,-12.80656932131825,1.1542145129824064,0.6622706783359433,CENTER,0.0,0.9875456131044239,0.01380359344422837,NORMAL,STABLE,NORMAL,NO_ACTION,False,0.0
2026-08-12T01:23:27.692463,0.32666034506053265,0.0023557805591998583,0.004454342984409799,False,2,0.06419134140014648,False,0.0,-13.172479403433499,-5.149408723522782,1.8965170193781944,CENTER,0.0,0.9877865253129287,0.01822990285562216,NORMAL,STABLE,NORMAL,NO_ACTION,False,0.0
2026-08-12T01:23:27.724760,0.34774449673306684,0.0042496772266557015,0.004454342984409799,False,2,0.06419134140014648,False,0.0,-13.070969683817054,-3.560716535777175,1.6931726601436594,CENTER,0.0,0.9882510422025034,0.016788950866319756,NORMAL,STABLE,NORMAL,NO_ACTION,False,0.0
2026-08-12T01:23:27.757831,0.35969133099949396,0.0030706441582141523,0.004459308807134894,False,2,0.06419134140014648,False,0.0,-13.29863620228025,-0.9350817238280911,1.5926733652513008,CENTER,0.0,0.9886901202417696,0.015015116384091412,NORMAL,STABLE,NORMAL,NO_ACTION,False,0.0
2026-08-12T01:23:27.793133,0.3640108818336536,0.011543433092002266,0.004459308807134894,False,2,0.06419134140014648,False,0.0,-13.704048264340742,-2.6200813504758287,2.014178828193508,CENTER,0.0,0.9874269118655693,0.017028351508895156,NORMAL,STABLE,NORMAL,NO_ACTION,False,0.0
2026-08-12T01:23:27.824794,0.35667920229194855,0.0031110262318231586,0.004454342984409799,False,2,0.06419134140014648,False,0.0,-13.260979403294044,-2.4987015544990356,1.9598596598316647,CENTER,0.0,0.986913647226509,0.016461722072370354,NORMAL,STABLE,NORMAL,NO_ACTION,False,0.0
2026-08-12T01:23:27.860236,0.35937860026762747,0.0017959974097040041,0.004454342984409799,False,2,0.06419134140014648,False,0.0,-12.484496791158193,-0.18378623117911275,1.4232754720660807,CENTER,0.0,0.9869678873028122,0.013525404087104585,NORMAL,STABLE,NORMAL,NO_ACTION,False,0.0
2026-08-12T01:23:27.890277,0.3556404590462223,0.0053164400737872805,0.004454342984409799,False,2,0.06419134140014648,False,0.0,-13.306100527622732,-0.8894805811297033,1.0156873009427727,CENTER,0.0,0.9872286388674555,0.014433753884249348,NORMAL,STABLE,NORMAL,NO_ACTION,False,0.0
2026-08-12T01:23:27.932104,0.37320383102103644,0.010150624441327574,0.004454342984409799,False,2,0.06419134140014648,False,0.0,-14.23418958248135,-1.3065491857617815,1.3975947695869024,CENTER,0.0,0.9870488522376543,0.015996448232449233,NORMAL,STABLE,NORMAL,NO_ACTION,False,0.0
2026-08-12T01:23:27.964522,0.35938872863903804,0.005071989702344224,0.004454342984409799,False,2,0.06419134140014648,False,0.0,-12.871648120489084,-2.2355419884506205,0.9087518832309058,CENTER,0.0,0.9875158339763374,0.01488457292116692,NORMAL,STABLE,NORMAL,NO_ACTION,False,0.0
2026-08-12T01:23:28.001292,0.3458670481622709,0.005896224554141177,0.004459308807134894,False,2,0.06419134140014648,False,0.0,-13.411407207687432,0.1373666960397486,0.48529352887752,CENTER,0.0,0.9875224247685185,0.013481217397165327,NORMAL,STABLE,NORMAL,NO_ACTION,False,0.0
2026-08-12T01:23:28.035309,0.3634731858360155,0.006081171930762275,0.004459308807134894,False,2,0.06419134140014648,False,0.0,-14.56212087866632,0.6768878017814473,0.3408118314409876,CENTER,0.0,0.9873873805084019,0.014839835651760303,NORMAL,STABLE,NORMAL,NO_ACTION,False,0.0
2026-08-12T01:23:28.060575,0.37308640292467943,0.006644270504400628,0.004454342984409799,False,2,0.06419134140014648,False,0.0,-13.130093888250144,1.3186182574049496,0.42649647485527,CENTER,0.0,0.9872109026706105,0.014006829831856936,NORMAL,STABLE,NORMAL,NO_ACTION,False,0.0
2026-08-12T01:23:28.092161,0.3732389545799489,0.0038555497187643386,0.004454342984409799,False,2,0.06419134140014648,False,0.0,-12.860502072006028,1.2160639422301927,0.02792498080609107,CENTER,0.0,0.9872535686728394,0.013289346305429774,NORMAL,STABLE,NORMAL,NO_ACTION,False,0.0
2026-08-12T01:23:28.125834,0.3642536743883015,0.00832021666969032,0.004459308807134894,False,2,0.06419134140014648,False,0.0,-12.398424134080528,2.0958902060601474,0.14488153953297456,CENTER,0.0,0.9871471782836077,0.013592437278967556,NORMAL,STABLE,NORMAL,NO_ACTION,False,0.0
2026-08-12T01:23:28.157412,0.3470095670470914,0.012949984586413483,0.004459308807134894,False,2,0.06419134140014648,False,0.0,-12.547424499767004,1.1718824267431955,0.45323043937011676,CENTER,0.0,0.9874444605195473,0.013365508731076203,NORMAL,STABLE,NORMAL,NO_ACTION,False,0.0
2026-08-12T01:23:28.188951,0.3422880834709004,0.34966683065504295,0.004454342984409799,False,2,0.06419134140014648,False,0.0,-13.291683729496754,1.6802233088729395,0.3439500204326009,CENTER,0.0,0.9878135314857682,0.014344104889673534,NORMAL,STABLE,NORMAL,NO_ACTION,False,0.0
2026-08-12T01:23:28.220771,0.40351220810087995,0.40290083089863943,0.004454342984409799,False,2,0.06419134140014648,False,0.0,-11.378783126488884,9.323732439830621,-0.6257415915182207,CENTER,0.0,0.9892838943544239,0.018873885633242025,NORMAL,STABLE,NORMAL,NO_ACTION,False,0.0
2026-08-12T01:23:28.253660,0.3416814127986202,0.4724702456273292,0.004459308807134894,False,2,0.06419134140014648,False,0.0,-11.77988909600478,4.303632291541959,-0.3023662443641797,CENTER,0.0,0.9892925347222221,0.02923699240452736,NORMAL,STABLE,NORMAL,NO_ACTION,False,0.0
2026-08-12T01:23:28.285898,0.3800755189746474,0.5646958657204281,0.004459308807134894,False,2,0.06419134140014648,False,0.0,-11.38650454370628,7.356450298802855,-1.155812590073026,CENTER,0.0,0.989127657750343,0.05032995189611959,NORMAL,STABLE,NORMAL,NO_ACTION,False,0.0
2026-08-12T01:23:28.317843,0.3738082435299269,0.5575261016721511,0.004454342984409799,False,2,0.06419134140014648,False,0.0,-12.317297532606176,11.663406983750065,-1.6826317694139163,CENTER,0.0,0.9897340642146776,0.05341020544686165,NORMAL,STABLE,NORMAL,NO_ACTION,False,0.0
2026-08-12T01:23:28.349239,0.321140811623146,0.45905372933777694,0.004454342984409799,False,2,0.06419134140014648,False,0.0,-13.245233958857199,6.492377423486886,-0.8801866889002667,CENTER,0.0,0.9896872320816186,0.030101942037914213,NORMAL,STABLE,NORMAL,NO_ACTION,False,0.0
2026-08-12T01:23:28.380888,0.30896912495298356,0.42854476341038406,0.004454342984409799,False,2,0.06419134140014648,False,0.0,-12.285341400714202,13.2482588249066,-1.8209518473742605,CENTER,0.0,0.988982566550926,0.028860977553779723,NORMAL,STABLE,NORMAL,NO_ACTION,False,0.0
2026-08-12T01:23:28.413791,0.29831395729141996,0.34191325220048846,0.004454342984409799,False,2,0.06419134140014648,False,0.0,-12.112724531100298,3.7985963918359573,-0.3302050796482092,CENTER,0.0,0.9884819610553841,0.01697356803811642,NORMAL,STABLE,NORMAL,NO_ACTION,False,0.0
2026-08-12T01:23:28.460364,0.2468004077773372,0.2276910155627881,0.004454342984409799,False,2,0.06419134140014648,False,0.0,-13.639717162590927,4.220342547119174,-0.5446051852493099,CENTER,0.0,0.9885553171081962,0.08763979187883447,NORMAL,STABLE,NORMAL,NO_ACTION,False,0.0
2026-08-12T01:23:28.493205,0.19416503453936776,0.1903532442434635,0.005567928730512249,True,2,0.06419134140014648,False,0.0,-11.700674509626651,3.2676129411353827,0.3259054237902035,UP,0.0,0.9882207272376542,0.1810543810075459,NORMAL,STABLE,NORMAL,NO_ACTION,False,0.0
2026-08-12T01:23:28.524429,0.27924851495173714,0.1394114127734062,0.005567928730512249,False,3,0.031224727630615234,False,0.0,-11.724501955643149,2.502798545308167,0.203567694009962,UP,0.031224727630615234,0.9886558266889576,0.0669625127504427,NORMAL,STABLE,NORMAL,NO_ACTION,False,0.0
2026-08-12T01:23:28.557096,0.2097216281379103,0.08717927517535232,0.0066815144766146995,True,3,0.031224727630615234,False,0.0,-11.55231711219298,3.496918853029996,-0.04276157539788983,UP,0.06389117240905762,0.9891293590320644,0.16006234631654362,NORMAL,STABLE,NORMAL,NO_ACTION,False,0.0
2026-08-12T01:23:28.589478,0.2642118274971591,0.18449614433373723,0.006688963210702341,False,4,0.03238272666931152,False,0.0,-12.032695626562628,6.394334949440889,-0.5559581398272542,UP,0.09627389907836914,0.9882792272162207,0.09045810146453727,NORMAL,STABLE,NORMAL,NO_ACTION,False,0.0
2026-08-12T01:23:28.621273,0.2029890263191228,0.09460222983543021,0.007803790412486065,True,4,0.03238272666931152,False,0.0,-11.712443307099335,4.50636350322867,-0.1651926809447275,UP,0.128068208694458,0.9875674082647462,0.17004028431532162,NORMAL,STABLE,NORMAL,NO_ACTION,False,0.0
2026-08-12T01:23:28.653580,0.2503976862232271,0.15749845396620835,0.007803790412486065,False,5,0.03230762481689453,False,0.0,-13.380535150113275,7.285494691242377,-0.9686709770699622,UP,0.16037583351135254,0.9873031737611454,0.11121591858332644,NORMAL,STABLE,NORMAL,NO_ACTION,False,0.0
2026-08-12T01:23:28.686270,0.29316952097382676,0.19646564448583748,0.007803790412486065,False,5,0.03230762481689453,False,0.0,-13.48745781038204,6.57012839919372,-0.4243971930156931,UP,0.19306516647338867,0.9872180159036352,0.053248999215365,NORMAL,STABLE,NORMAL,NO_ACTION,False,0.0
2026-08-12T01:23:28.716666,0.26496890134201284,0.16969970560367595,0.0077951002227171495,False,5,0.03230762481689453,False,0.0,-10.20613991576019,5.1531270856400795,0.03205370034572752,UP,0.22346091270446777,0.9866582272376542,0.08628883569912121,NORMAL,STABLE,NORMAL,NO_ACTION,False,0.0
2026-08-12T01:23:28.748623,0.3144530336034912,0.07975871646654542,0.0077951002227171495,False,5,0.03230762481689453,False,0.0,-11.206540196614242,13.620529273750435,-1.5550306225031818,UP,0.255418062210083,0.987259047603738,0.048125968967969876,NORMAL,STABLE,NORMAL,NO_ACTION,False,0.0
2026-08-12T01:23:28.781235,0.3192355706164235,0.15431290964890262,0.0077951002227171495,False,5,0.03230762481689453,False,0.0,-11.337547132812034,11.874352342592744,-1.514190737920245,CENTER,0.0,0.9873016600222908,0.020951668715540658,NORMAL,STABLE,NORMAL,NO_ACTION,False,0.0
2026-08-12T01:23:28.844934,0.3025147715719483,0.22155825773204219,0.007803790412486065,False,5,0.03230762481689453,False,0.0,-11.759382387156649,9.25321878018778,-0.7078231815030449,CENTER,0.0,0.9857588252314814,0.01868833744440051,NORMAL,STABLE,NORMAL,NO_ACTION,False,0.0
2026-08-12T01:23:28.875140,0.3071256724479794,0.22010836307031514,0.007803790412486065,False,5,0.03230762481689453,False,0.0,-11.865874331230657,7.363212868336802,-0.2601662173718182,CENTER,0.0,0.9857645452889232,0.016994803896156745,NORMAL,STABLE,NORMAL,NO_ACTION,False,0.0
2026-08-12T01:23:28.893259,0.3146068050214221,0.2563672252999088,0.0077951002227171495,False,5,0.03230762481689453,False,0.0,-11.252140620693467,9.019561286366041,-0.7944790047648098,CENTER,0.0,0.9856304655349793,0.01811457612392789,NORMAL,STABLE,NORMAL,NO_ACTION,False,0.0
2026-08-12T01:23:28.917390,0.279690702765302,0.24385817135393154,0.0077951002227171495,False,5,0.03230762481689453,False,0.0,-9.558868467052093,10.371251528106228,-1.2249537939257493,CENTER,0.0,0.9851106368955761,0.044953832741949,NORMAL,STABLE,NORMAL,NO_ACTION,False,0.0
2026-08-12T01:23:28.940984,0.30478383697590283,0.230718918123091,0.0077951002227171495,False,5,0.03230762481689453,False,0.0,-9.456917189260594,14.385455741702913,-1.9473559735430683,UP,0.0,0.984912886338306,0.04737138848874452,NORMAL,STABLE,NORMAL,NO_ACTION,False,0.0
2026-08-12T01:23:28.988796,0.27018506745401377,0.28868828254308027,0.0077951002227171495,False,5,0.03230762481689453,False,0.0,-9.189451473373396,11.52822386705887,-1.3993291558822705,CENTER,0.0,0.984951386209705,0.05827578642310367,NORMAL,STABLE,NORMAL,NO_ACTION,False,0.0
2026-08-12T01:23:29.020619,0.23813570778927318,0.2174997521389065,0.007803790412486065,False,5,0.03230762481689453,False,0.0,-7.803930240587562,10.171777315416193,-1.4209174848252246,UP,0.0,0.9850666045096022,0.12471519326287088,NORMAL,STABLE,NORMAL,NO_ACTION,False,0.0
2026-08-12T01:23:29.052917,0.2510873961557338,0.2449561235545937,0.0077951002227171495,False,5,0.03230762481689453,False,0.0,-8.860007074922379,8.092170339357239,-1.2225778528296871,UP,0.032297372817993164,0.9844694010416666,0.10677030622713346,NORMAL,STABLE,NORMAL,NO_ACTION,False,0.0
2026-08-12T01:23:29.084386,0.28251509998042057,0.24583261477250218,0.007803790412486065,False,5,0.03230762481689453,False,0.0,-7.545890782006893,8.843569135284923,-0.9680298421220073,UP,0.0637667179107666,0.9839615483539095,0.06389881241000987,NORMAL,STABLE,NORMAL,NO_ACTION,False,0.0
2026-08-12T01:23:29.117190,0.25025840136556676,0.20529932544172327,0.007803790412486065,False,5,0.03230762481689453,False,0.0,-6.908445452638944,4.030779281286357,-0.6901214725054956,UP,0.09657073020935059,0.9839776234567902,0.10255038840290503,NORMAL,STABLE,NORMAL,NO_ACTION,False,0.0
2026-08-12T01:23:29.149644,0.2392140209703275,0.19642528259229802,0.007803790412486065,False,5,0.03230762481689453,False,0.0,-8.199971297441948,4.034816635700594,-0.7569462330672536,UP,0.12902450561523438,0.9835316599151235,0.11858718612065225,NORMAL,STABLE,NORMAL,NO_ACTION,False,0.0
2026-08-12T01:23:29.182036,0.2628624853424919,0.1602244030322102,0.007803790412486065,False,5,0.03230762481689453,False,0.0,-7.987248630154056,5.445460743009306,-1.043552961414349,UP,0.16141700744628906,0.9840025666580933,0.0881458464273982,NORMAL,STABLE,NORMAL,NO_ACTION,False,0.0
2026-08-12T01:23:29.244785,0.2777187382107836,0.1206091053284505,0.0077951002227171495,False,5,0.03230762481689453,False,0.0,-8.05624994789153,8.39552610559491,-1.8068186275544633,UP,0.224165678024292,0.9842298284250687,0.07126955431231435,NORMAL,STABLE,NORMAL,NO_ACTION,False,0.0
2026-08-12T01:23:29.277524,0.2315913492420406,0.11986466924890189,0.007803790412486065,False,5,0.03230762481689453,False,0.0,-6.275601036223975,8.267295185205626,-1.9033016269267193,UP,0.25690531730651855,0.9842121458118999,0.1310583389866654,NORMAL,STABLE,NORMAL,NO_ACTION,False,0.0
2026-08-12T01:23:29.309841,0.2706256514087316,0.06265566529174564,0.007803790412486065,False,5,0.03230762481689453,False,0.0,-7.331306893932606,10.25286199558704,-1.845132923695303,UP,0.28922200202941895,0.9846300315072017,0.08140721457251608,NORMAL,STABLE,NORMAL,NO_ACTION,False,0.0
2026-08-12T01:23:29.340979,0.3009322958918583,0.014391783231918219,0.007803790412486065,False,5,0.03230762481689453,False,0.0,-8.630770433427273,10.535350087206325,-1.9094921506562343,CENTER,0.0,0.9862684729723936,0.017758746440247945,NORMAL,STABLE,NORMAL,NO_ACTION,False,0.0
2026-08-12T01:23:29.374337,0.2841302788009375,0.03800337292532083,0.0078125,False,5,0.03230762481689453,False,0.0,-7.670661305383447,9.465429779058582,-2.2324261891431263,CENTER,0.0,0.9866779326346021,0.03753207847094753,NORMAL,STABLE,NORMAL,NO_ACTION,False,0.0
2026-08-12T01:23:29.395362,0.2809443651358795,0.0627878056214017,0.007803790412486065,False,5,0.03230762481689453,False,0.0,-7.58237754870899,8.946806260791334,-2.1486259114517736,CENTER,0.0,0.9866529224537037,0.041239691376220314,NORMAL,STABLE,NORMAL,NO_ACTION,False,0.0
2026-08-12T01:23:29.417274,0.23400573695067606,0.03190511160086397,0.0077951002227171495,False,5,0.03230762481689453,False,0.0,-7.1243749236989515,11.4467180940145,-2.469712946329679,CENTER,0.0,0.9864574090149176,0.10549817619369219,NORMAL,STABLE,NORMAL,NO_ACTION,False,0.0
2026-08-12T01:23:29.445905,0.2866391019749763,0.03757229405478172,0.0077951002227171495,False,5,0.03230762481689453,False,0.0,-7.183097028266417,11.311366805828527,-2.1145191051038523,CENTER,0.0,0.9869301777906377,0.03493711115119026,NORMAL,STABLE,NORMAL,NO_ACTION,False,0.0
2026-08-12T01:23:29.468505,0.207883223097992,0.07521612393641258,0.008908685968819599,True,5,0.03230762481689453,False,0.0,-8.292942008210787,9.356798183004912,-1.7955751794723653,UP,0.0,0.9876323516803841,0.16529492518224612,NORMAL,STABLE,NORMAL,NO_ACTION,False,0.0
2026-08-12T01:23:29.517664,0.2384090869372233,0.04973338563244239,0.008918617614269788,False,6,0.049158334732055664,False,0.0,-8.454385539545143,9.871924501838322,-2.2075419870400026,UP,0.049158334732055664,0.9875221568501372,0.1255179819902601,NORMAL,STABLE,NORMAL,NO_ACTION,False,0.0
2026-08-12T01:23:29.549042,0.28651067670362657,0.08700328063505822,0.008908685968819599,False,6,0.049158334732055664,False,0.0,-7.617881425796895,13.581237215216873,-2.8957577595135717,UP,0.0805361270904541,0.988303567601166,0.06391868085867572,NORMAL,STABLE,NORMAL,NO_ACTION,False,0.0
2026-08-12T01:23:29.582319,0.24425715867864736,0.1265427391895133,0.008918617614269788,False,6,0.049158334732055664,False,0.0,-7.482677950116141,10.343820697472893,-2.6666293225840434,UP,0.11381340026855469,0.9899476219564471,0.1175677326022082,NORMAL,STABLE,NORMAL,NO_ACTION,False,0.0
2026-08-12T01:23:29.645638,0.24795326013377017,0.009553408726934897,0.008908685968819599,False,6,0.049158334732055664,False,0.0,-7.1994043016601665,13.059472638673043,-2.655543368657675,UP,0.17713284492492676,0.9900155124742799,0.11431744411358007,NORMAL,STABLE,NORMAL,NO_ACTION,False,0.0
2026-08-12T01:23:29.676547,0.27999425941653494,0.03860949877162231,0.008918617614269788,False,6,0.049158334732055664,False,0.0,-7.095894917823017,10.748875903234108,-2.4028255394305518,UP,0.20804142951965332,0.9902053460433813,0.06958431381505184,NORMAL,STABLE,NORMAL,NO_ACTION,False,0.0
2026-08-12T01:23:29.709493,0.28787352659731147,0.0946419393815984,0.008918617614269788,False,6,0.049158334732055664,False,0.0,-7.863987675615618,11.086493886691017,-2.4095413878379475,UP,0.24098801612854004,0.9898584721150551,0.060068571442113125,NORMAL,STABLE,NORMAL,NO_ACTION,False,0.0
2026-08-12T01:23:29.741995,0.284326960188352,0.08084029022654018,0.008918617614269788,False,6,0.049158334732055664,False,0.0,-6.738007155172085,11.126089170547885,-2.3350120719677534,UP,0.27348971366882324,0.9889513808513374,0.06366987673891283,NORMAL,STABLE,NORMAL,NO_ACTION,False,0.0
2026-08-12T01:23:29.793002,0.2776013760265808,0.07395314067927888,0.008918617614269788,False,6,0.049158334732055664,False,0.0,-7.2508533503010995,13.660811881110561,-3.261184559832543,CENTER,0.0,0.9897433609825104,0.04985367705141561,NORMAL,STABLE,NORMAL,NO_ACTION,False,0.0
2026-08-12T01:23:29.843599,0.2535592470286283,0.022203859597013983,0.008928571428571428,False,6,0.049158334732055664,False,0.0,-6.757448391016197,14.286546158737508,-2.4978914980666502,UP,0.0,0.9905737472136489,0.10715161459929319,NORMAL,STABLE,NORMAL,NO_ACTION,False,0.0
2026-08-12T01:23:29.876570,0.2704913566977305,0.018646495672664944,0.008938547486033519,False,6,0.049158334732055664,False,0.0,-7.900540940443989,13.181442908018369,-2.673094832316508,UP,0.03297066688537598,0.9903221182698901,0.08504680835851233,NORMAL,STABLE,NORMAL,NO_ACTION,False,0.0
2026-08-12T01:23:29.906118,0.2348416344897462,0.12891061647886762,0.008938547486033519,False,6,0.049158334732055664,False,0.0,-7.494473044800145,13.690266370605599,-3.1299103553528482,UP,0.06251883506774902,0.990776306905864,0.13299612299999716,NORMAL,STABLE,NORMAL,NO_ACTION,False,0.0
2026-08-12T01:23:29.932250,0.22526015445804942,0.210416344468396,0.008928571428571428,False,6,0.049158334732055664,False,0.0,-7.785578146809968,15.260423822215358,-3.145146451614039,UP,0.08865094184875488,0.9914385475608711,0.14720042754083126,NORMAL,STABLE,NORMAL,NO_ACTION,False,0.0
2026-08-12T01:23:29.956629,0.23081639312495847,0.2121902208946088,0.008928571428571428,False,6,0.049158334732055664,False,0.0,-8.022918084474668,14.822013834021789,-3.201019918908912,UP,0.11303019523620605,0.9914777038323047,0.13975783353158863,NORMAL,STABLE,NORMAL,NO_ACTION,False,0.0
2026-08-12T01:23:29.980897,0.2836785666116124,0.18039433353840387,0.008918617614269788,False,6,0.049158334732055664,False,0.0,-5.91265983167753,14.468809105896753,-2.846711842873532,UP,0.1372981071472168,0.9907830584490741,0.06664655715130621,NORMAL,STABLE,NORMAL,NO_ACTION,False,0.0
2026-08-12T01:23:30.004634,0.27106190274245523,0.2110723237284346,0.008918617614269788,False,6,0.049158334732055664,False,0.0,-7.609519554810134,15.18188863014936,-3.4548621938199346,UP,0.16103506088256836,0.991645568094136,0.08620341685273725,NORMAL,STABLE,NORMAL,NO_ACTION,False,0.0
2026-08-12T01:23:30.044107,0.2644256908749735,0.09907406472008783,0.008908685968819599,False,6,0.049158334732055664,False,0.0,-6.95334178534614,14.925491189646834,-3.6226836552774557,UP,0.20050787925720215,0.9912873478223594,0.09439625437612154,NORMAL,STABLE,NORMAL,NO_ACTION,False,0.0
2026-08-12T01:23:30.077330,0.2245163003819949,0.047397760294443404,0.008918617614269788,False,6,0.049158334732055664,False,0.0,-6.155237371308033,11.660117349727983,-3.4969290466161453,UP,0.23373055458068848,0.9908888728137859,0.14436080746051508,NORMAL,STABLE,NORMAL,NO_ACTION,False,0.0
2026-08-12T01:23:30.109624,0.2362778726230752,0.016110611760675065,0.008918617614269788,False,6,0.049158334732055664,False,0.0,-7.009245928814806,9.85366954413712,-2.674876732662142,UP,0.2660250663757324,0.9912027124056928,0.12740482706956915,NORMAL,STABLE,NORMAL,NO_ACTION,False,0.0
2026-08-12T01:23:30.141049,0.2896346445386788,0.011702466943066318,0.008918617614269788,False,6,0.049158334732055664,False,0.0,-6.792472564523848,9.237714665890735,-2.235727891482668,UP,0.29744982719421387,0.9920370906207133,0.05518597942402226,NORMAL,STABLE,NORMAL,NO_ACTION,False,0.0
2026-08-12T01:23:30.172798,0.2869197371623344,0.00744755480503191,0.008908685968819599,False,6,0.049158334732055664,False,0.0,-6.986748905026872,10.042798890217142,-2.6613083262568864,UP,0.32919931411743164,0.99174345207476,0.05998420476031756,NORMAL,STABLE,NORMAL,NO_ACTION,False,0.0
2026-08-12T01:23:30.205692,0.26022842722398426,0.004609485617246098,0.008918617614269788,False,6,0.049158334732055664,False,0.0,-5.673652700108846,8.696222066978834,-2.0752815085654674,UP,0.3620924949645996,0.9919414705504115,0.09277130517289578,NORMAL,STABLE,NORMAL,NO_ACTION,False,0.0
2026-08-12T01:23:30.238768,0.2667814118978544,0.0007336280449917771,0.008918617614269788,False,6,0.049158334732055664,False,0.0,-6.486983353989785,8.937454944880017,-2.9655493641021167,UP,0.3951687812805176,0.9919164871613511,0.08584871828788113,NORMAL,STABLE,NORMAL,NO_ACTION,False,0.0
2026-08-12T01:23:30.270218,0.30432330414677855,0.0033449591875347124,0.007803790412486065,False,6,0.049158334732055664,False,0.0,-8.085153568118159,12.455149728831316,-3.3352169215581284,CENTER,0.0,0.9917489042138203,0.019992779720140526,NORMAL,STABLE,NORMAL,NO_ACTION,False,0.0
2026-08-12T01:23:30.302092,0.2827956784118982,0.004288613146546255,0.006688963210702341,False,6,0.049158334732055664,False,0.0,-5.85764128116449,9.401015351996534,-2.132298210710104,CENTER,0.0,0.9907060721021947,0.03742273345645693,NORMAL,STABLE,NORMAL,NO_ACTION,False,0.0
2026-08-12T01:23:30.332406,0.2964103577792635,0.003509420377406262,0.006688963210702341,False,6,0.049158334732055664,False,0.0,-7.64886174290308,12.137747849336819,-3.2635837721356893,CENTER,0.0,0.9907766150120028,0.02406062171850332,NORMAL,STABLE,NORMAL,NO_ACTION,False,0.0
2026-08-12T01:23:30.364203,0.26059579537687755,0.0009581271676167827,0.006688963210702341,False,6,0.049158334732055664,False,0.0,-6.3833990685411095,10.135261632148172,-2.838589887854738,CENTER,0.0,0.991483973122428,0.06873928448613295,NORMAL,STABLE,NORMAL,NO_ACTION,False,0.0
2026-08-12T01:23:30.398256,0.30076998658846865,0.00038018143706551453,0.006688963210702341,False,6,0.049158334732055664,False,0.0,-6.9051564365669265,10.700255788351598,-3.227227013353115,CENTER,0.0,0.9921806948731139,0.017485072502621376,NORMAL,STABLE,NORMAL,NO_ACTION,False,0.0
2026-08-12T01:23:30.430291,0.2537132674190347,0.003688800786233786,0.006688963210702341,False,6,0.049158334732055664,False,0.0,-6.413581808659984,9.555725072841966,-2.3220269001125757,UP,0.0,0.9919628370413237,0.10302906808382427,NORMAL,STABLE,NORMAL,NO_ACTION,False,0.0
2026-08-12T01:23:30.462251,0.27394791174590394,0.008569191286144938,0.0066815144766146995,False,6,0.049158334732055664,False,0.0,-7.850110648240872,11.179320574394751,-3.3203513757392784,UP,0.03195929527282715,0.9921256510416667,0.07956681262857924,NORMAL,STABLE,NORMAL,NO_ACTION,False,0.0
2026-08-12T01:23:30.493266,0.29890437687715177,0.008341560889222967,0.0066815144766146995,False,6,0.049158334732055664,False,0.0,-6.136386233789381,11.23711432156594,-2.8169461050383973,UP,0.06297421455383301,0.9913288081918724,0.04419825194454052,NORMAL,STABLE,NORMAL,NO_ACTION,False,0.0
2026-08-12T01:23:30.524349,0.2746684153141939,0.004883921499330335,0.0066815144766146995,False,6,0.049158334732055664,False,0.0,-8.29869077325634,11.98942332658774,-3.359632946840179,UP,0.09405755996704102,0.9906501307441701,0.07966100815851815,NORMAL,STABLE,NORMAL,NO_ACTION,False,0.0
2026-08-12T01:23:30.573634,0.2881385535709282,0.005299549993997026,0.006688963210702341,False,6,0.049158334732055664,False,0.0,-6.819618049015105,13.172451348153515,-3.4169808575217075,UP,0.1433429718017578,0.9906613833161865,0.06118616460390869,NORMAL,STABLE,NORMAL,NO_ACTION,False,0.0
2026-08-12T01:23:30.604964,0.28603280832583755,0.0018663611122715057,0.0066815144766146995,False,6,0.049158334732055664,False,0.0,-7.315975756835229,14.728894557306376,-3.462217862345625,UP,0.17467212677001953,0.9913821373456789,0.06563945845318608,NORMAL,STABLE,NORMAL,NO_ACTION,False,0.0
2026-08-12T01:23:30.637754,0.23269897446168925,0.001245049217976933,0.006688963210702341,False,6,0.049158334732055664,False,0.0,-8.031673881675346,14.281433592802188,-3.5026919513083214,CENTER,0.0,0.9907493543167009,0.11115623652208907,NORMAL,STABLE,NORMAL,NO_ACTION,False,0.0
2026-08-12T01:23:30.669004,0.23467485969569862,0.002696078805002484,0.0066815144766146995,False,6,0.049158334732055664,False,0.0,-7.713158701532592,13.217276825895567,-3.255962402893033,CENTER,0.0,0.9911027520576132,0.10720885547314368,NORMAL,STABLE,NORMAL,NO_ACTION,False,0.0
2026-08-12T01:23:30.701136,0.2572581018037706,0.00559776151963245,0.0066815144766146995,False,6,0.049158334732055664,False,0.0,-6.103314148308954,12.382289168798081,-3.173254267247046,CENTER,0.0,0.9921996099108368,0.07486495380223246,NORMAL,STABLE,NORMAL,NO_ACTION,False,0.0
2026-08-12T01:23:30.732314,0.3016043894216401,0.0016052392522512562,0.0066815144766146995,False,6,0.049158334732055664,False,0.0,-6.635109508143273,15.645924522006993,-3.6220246035620676,CENTER,0.0,0.9920258380486968,0.021177074632721306,NORMAL,STABLE,NORMAL,NO_ACTION,False,0.0
2026-08-12T01:23:30.764645,0.2525651543383017,0.0050945377512226445,0.0066815144766146995,False,6,0.049158334732055664,False,0.0,-7.875250940992743,11.829696938881199,-3.3417553603308363,CENTER,0.0,0.9912667448988339,0.0825916925171754,NORMAL,STABLE,NORMAL,NO_ACTION,False,0.0
2026-08-12T01:23:30.796962,0.3061595841160887,0.00271632297698184,0.0066815144766146995,False,6,0.049158334732055664,False,0.0,-7.959490983220945,12.649574545789818,-3.4910436335119925,CENTER,0.0,0.9917992192858367,0.02016224458066511,NORMAL,STABLE,NORMAL,NO_ACTION,False,0.0
2026-08-12T01:23:30.828564,0.17025239391910033,0.008695083435631197,0.0077951002227171495,True,6,0.049158334732055664,False,0.0,-7.901602576687736,12.607403169213256,-3.0314635664349794,CENTER,0.0,0.9918904187028463,0.1926302926086384,NORMAL,STABLE,NORMAL,NO_ACTION,False,0.0
2026-08-12T01:23:30.860835,0.2731042252562157,0.004300576667848559,0.0077951002227171495,False,7,0.03227114677429199,False,0.0,-8.094302147304717,13.813093812010749,-3.5877348710181423,CENTER,0.0,0.9904526748971193,0.05708652528099402,NORMAL,STABLE,NORMAL,NO_ACTION,False,0.0
2026-08-12T01:23:30.894012,0.21723957654291956,0.0032610093929654866,0.007803790412486065,False,7,0.03227114677429199,False,0.0,-8.34426963612961,15.731856685337817,-3.8372744098716396,CENTER,0.0,0.9906458172582304,0.13343950351907463,NORMAL,STABLE,NORMAL,NO_ACTION,False,0.0
2026-08-12T01:23:30.924113,0.2053970862269459,0.0017804970599652392,0.008908685968819599,True,7,0.03227114677429199,False,0.0,-7.690229632726272,14.563827315433713,-3.6997634619941095,CENTER,0.0,0.9917114626200274,0.14762367959050496,NORMAL,STABLE,NORMAL,NO_ACTION,False,0.0
2026-08-12T01:23:30.956455,0.2575817810885195,0.0027926914708997514,0.008908685968819599,False,8,0.03234148025512695,False,0.0,-7.596468358700491,14.939215740310232,-3.545919662856278,CENTER,0.0,0.9927815956147119,0.07807676578925274,NORMAL,STABLE,NORMAL,NO_ACTION,False,0.0
2026-08-12T01:23:30.995613,0.16528341239913097,0.0014047685914090392,0.01002227171492205,True,8,0.03234148025512695,False,0.0,-9.585205571193285,15.545853646079934,-3.914512880901725,CENTER,0.0,0.9934981031378601,0.20384940664756718,LOW,STABLE,NORMAL,NO_ACTION,False,0.0
2026-08-12T01:23:31.032149,0.078883214502059,0.0013806818836074937,0.011135857461024499,True,8,0.03234148025512695,False,0.03653669357299805,-9.223279689011008,11.302514979016962,-3.034918872579965,UP,0.0,0.993330680941358,0.2459671186923036,LOW,STABLE,NORMAL,NO_ACTION,False,0.03653669357299805
2026-08-12T01:23:31.063564,0.05131341502362799,0.004771053776325111,0.012249443207126948,True,8,0.03234148025512695,False,0.06795096397399902,-10.117629570696153,11.883147955898153,-3.4832347529417405,UP,0.03141427040100098,0.9924714532964678,0.24767940213165185,LOW,STABLE,NORMAL,NO_ACTION,False,0.06795096397399902
2026-08-12T01:23:31.100103,0.06263667338778998,0.005163328065683248,0.013363028953229399,True,8,0.03234148025512695,False,0.10449004173278809,-9.447373297018686,11.075252007796337,-3.3844376493933908,UP,0.06795334815979004,0.991421146262003,0.24635535180587936,LOW,STABLE,NORMAL,NO_ACTION,False,0.10449004173278809
2026-08-12T01:23:31.132282,0.07340637807534531,0.008261307569169435,0.014476614699331848,True,8,0.03234148025512695,False,0.13666892051696777,-11.136017381141727,12.493632156265619,-4.172034673216473,UP,0.10013222694396973,0.9910774605624143,0.24976426594298123,LOW,STABLE,NORMAL,NO_ACTION,False,0.13666892051696777
2026-08-12T01:23:31.172013,0.07021363715745962,0.00816530615289982,0.01560758082497213,True,8,0.03234148025512695,False,0.17640018463134766,-10.909938874232836,12.418723055777122,-3.9342193161698447,UP,0.1398634910583496,0.991973460005144,0.24926345231622682,LOW,RISING,NORMAL,NO_ACTION,False,0.17640018463134766
2026-08-12T01:23:31.200796,0.053368242448301975,0.002044379820954612,0.016722408026755852,True,8,0.03234148025512695,False,0.205183744430542,-9.15385241180283,11.660136124380102,-3.4847792356810032,UP,0.16864705085754395,0.9919758042909809,0.2465917436022219,LOW,STABLE,NORMAL,NO_ACTION,False,0.205183744430542
2026-08-12T01:23:31.229423,0.04041564495140987,0.005842923301467349,0.017837235228539576,True,8,0.03234148025512695,False,0.2338106632232666,-9.435223493600574,12.822614885225533,-3.99127134005883,UP,0.19727396965026855,0.8789667321918478,0.10498808888611298,NORMAL,STABLE,NORMAL,NO_ACTION,False,0.2338106632232666
2026-08-12T01:23:31.260841,0.07208994443910974,0.0012633475398571396,0.01893095768374165,True,8,0.03234148025512695,False,0.2652287483215332,-11.366487223450207,11.428812863262067,-3.9967982527734023,UP,0.22869205474853516,0.991828542952675,0.2490484175264972,LOW,STABLE,NORMAL,NO_ACTION,False,0.2652287483215332
2026-08-12T01:23:31.292357,0.06574886122302706,0.0021966916142740515,0.0200445434298441,True,8,0.03234148025512695,False,0.29674434661865234,-10.499217663001758,12.667703579721177,-4.043664891727417,UP,0.2602076530456543,0.9912489551183128,0.24915315430472304,LOW,STABLE,NORMAL,NO_ACTION,False,0.29674434661865234
2026-08-12T01:23:31.325256,0.07031633397415019,0.004271284902592934,0.021181716833890748,True,8,0.03234148025512695,False,0.32964301109313965,-11.950379474482304,12.0975983504473,-4.144830251919927,UP,0.2931063175201416,0.9907832192001029,0.25023624521185855,LOW,STABLE,NORMAL,NO_ACTION,False,0.32964301109313965
2026-08-12T01:23:31.357403,0.07763790245921572,0.0004882605350949819,0.022271714922048998,True,8,0.03234148025512695,False,0.36179018020629883,-11.992703296547916,11.82076865104466,-3.8483556054598864,UP,0.3252534866333008,0.9900528870884772,0.24979157482028053,LOW,STABLE,NORMAL,NO_ACTION,False,0.36179018020629883
2026-08-12T01:23:31.388781,0.04915664720719831,0.007083613092098952,0.02338530066815145,True,8,0.03234148025512695,False,0.39316868782043457,-11.69375976996119,12.204264337046595,-4.248521122762554,UP,0.3566319942474365,0.8774922384044925,0.10734049637492178,NORMAL,STABLE,NORMAL,NO_ACTION,False,0.39316868782043457
2026-08-12T01:23:31.420305,0.0587789154756337,0.0020066628489399376,0.024526198439241916,True,8,0.03234148025512695,False,0.42469239234924316,-11.486510427769957,12.111644884800967,-4.062187962958035,UP,0.3881556987762451,0.9905065398876886,0.24972011975602026,LOW,STABLE,NORMAL,NO_ACTION,False,0.42469239234924316
2026-08-12T01:23:31.453468,0.07474418468927826,0.0030499942660834442,0.02564102564102564,True,8,0.03234148025512695,False,0.457855224609375,-10.576506769241035,11.16822583217251,-3.279609599738592,UP,0.42131853103637695,0.9895817392189643,0.2474088677526235,LOW,STABLE,NORMAL,NO_ACTION,False,0.457855224609375
2026-08-12T01:23:31.485050,0.13234652238780295,0.0036210922950246447,0.026726057906458798,True,8,0.03234148025512695,False,0.4894375801086426,-10.035360002771966,11.792236160020195,-4.319143859169941,UP,0.45290088653564453,0.9893435731738683,0.24833947057521788,LOW,STABLE,NORMAL,NO_ACTION,False,0.4894375801086426
2026-08-12T01:23:31.517704,0.0664039754197693,0.005567785029115049,0.02783964365256125,True,8,0.03234148025512695,False,0.5220916271209717,-11.685397345315124,11.840326296920267,-3.7185394841999653,UP,0.48555493354797363,0.9888360419881688,0.24938476742064214,LOW,STABLE,NORMAL,NO_ACTION,False,0.5220916271209717
2026-08-12T01:23:31.548389,0.05538366017391466,0.006937615271252462,0.028953229398663696,True,8,0.03234148025512695,False,0.5527768135070801,-10.068613523358806,11.390574331816339,-3.502130219425993,UP,0.516240119934082,0.9881087507501715,0.24366505470761848,LOW,STABLE,NORMAL,NO_ACTION,False,0.5527768135070801
2026-08-12T01:23:31.580236,0.043236135648540855,0.002025420613656254,0.030066815144766147,True,8,0.03234148025512695,False,0.5846233367919922,-10.84586948251578,12.151638346107433,-3.989943455067049,UP,0.5480866432189941,0.8758306223820547,0.10334874147674036,NORMAL,STABLE,NORMAL,NO_ACTION,False,0.5846233367919922
2026-08-12T01:23:31.629807,0.04492089845678904,0.006920200115008443,0.03121516164994426,True,8,0.03234148025512695,False,0.6341943740844727,-10.876521246386801,15.148175074422056,-4.500315704394893,UP,0.5976576805114746,0.8760413440163874,0.109102586458112,NORMAL,STABLE,NORMAL,NO_ACTION,False,0.6341943740844727
2026-08-12T01:23:31.661157,0.0632906788848551,0.008270183979024417,0.03229398663697105,True,8,0.03234148025512695,False,0.6655447483062744,-10.82236877725444,13.13926537849315,-4.53370221633773,UP,0.6290080547332764,0.9875362225651578,0.2515338127685906,LOW,STABLE,NORMAL,NO_ACTION,False,0.6655447483062744
2026-08-12T01:23:31.693543,0.08147486510612971,0.0010159004241624566,0.033444816053511704,True,8,0.03234148025512695,False,0.6979305744171143,-10.263318572201598,13.949185463995889,-4.107894249911823,UP,0.6613938808441162,0.9867328559027778,0.25257375890779576,LOW,STABLE,NORMAL,NO_ACTION,False,0.6979305744171143
2026-08-12T01:23:31.725636,0.06379326906307857,0.002521818939341891,0.03455964325529543,True,8,0.03234148025512695,False,0.7300233840942383,-11.404332254646704,13.773038713784274,-4.278743731016931,UP,0.6934866905212402,0.9866222457990397,0.255100505868737,LOW,STABLE,NORMAL,NO_ACTION,False,0.7300233840942383
2026-08-12T01:23:31.757687,0.048601524581479864,0.0054328994016068785,0.03567447045707915,True,8,0.03234148025512695,False,0.7620747089385986,-10.676887254204615,13.335134822737672,-4.480891748982344,UP,0.7255380153656006,0.8736701086523858,0.11388963232380946,NORMAL,STABLE,NORMAL,NO_ACTION,False,0.7620747089385986
2026-08-12T01:23:31.789398,0.06382427239939349,0.0017492063864070584,0.03678929765886288,True,8,0.03234148025512695,False,0.793785810470581,-12.795999043179421,12.784056394401773,-4.599787772317256,UP,0.757249116897583,0.9867138336977023,0.25879855643199706,LOW,STABLE,NORMAL,NO_ACTION,False,0.793785810470581
2026-08-12T01:23:31.822100,0.05433019258883604,0.0018824072839753578,0.0379041248606466,True,8,0.03234148025512695,False,0.8264877796173096,-11.557322492314512,10.98173851224746,-4.22241223124351,UP,0.7899510860443115,0.9871893888245885,0.25735776942493255,LOW,STABLE,NORMAL,NO_ACTION,False,0.8264877796173096
2026-08-12T01:23:31.853435,0.054746139098762955,0.0019841977336121676,0.03901895206243032,True,8,0.03234148025512695,False,0.8578221797943115,-11.439639718414213,12.436063319835114,-4.333643492868191,UP,0.8212854862213135,0.9867760577417695,0.25975972655959495,LOW,STABLE,NORMAL,NO_ACTION,False,0.8578221797943115
2026-08-12T01:23:31.884352,0.06631650409205944,0.005317210114536878,0.0400890868596882,True,8,0.03234148025512695,False,0.8887395858764648,-11.607935637539612,13.613778084385018,-3.9962315777924857,UP,0.8522028923034668,0.9850335701731824,0.26178720015700735,LOW,STABLE,NORMAL,NO_ACTION,False,0.8887395858764648
2026-08-12T01:23:31.916235,0.15138735829600777,0.0037136543842178783,0.04120267260579064,True,8,0.03234148025512695,False,0.9206223487854004,-9.228658147398477,14.470741926488358,-4.2918393818579545,UP,0.8840856552124023,0.9840672019675926,0.2599313970840526,LOW,STABLE,NORMAL,NO_ACTION,False,0.9206223487854004
2026-08-12T01:23:31.949225,0.35747427449049607,0.0021303052062796807,0.04124860646599777,False,8,0.9536120891571045,False,0.0,-8.557257659782465,14.4976641811065,-4.346531359515751,UP,0.9170753955841064,0.9841652065114884,0.14263633995802721,NORMAL,STABLE,NORMAL,NO_ACTION,False,0.0
2026-08-12T01:23:31.981337,0.41306146083865825,0.0002993012684937352,0.04124860646599777,False,8,0.9536120891571045,False,0.0,-7.320913710584222,18.36645461756484,-4.593205911838993,UP,0.9491877555847168,0.9841645769032923,0.14586898700961617,NORMAL,STABLE,NORMAL,NO_ACTION,False,0.0
2026-08-12T01:23:32.012977,0.4623860388607798,0.0041362403956387616,0.04120267260579064,False,8,0.9536120891571045,False,0.0,-9.567831470080051,16.81789538708543,-4.125734650451278,UP,0.9808275699615479,0.9856636606224279,0.14783518281618488,NORMAL,STABLE,NORMAL,NO_ACTION,False,0.0
2026-08-12T01:23:32.045408,0.43558468392246474,0.006492132178538257,0.04120267260579064,False,8,0.9536120891571045,False,0.0,-7.99662932027104,15.86863690670262,-3.962866546881372,CENTER,0.0,0.9869424752443415,0.10297723378617274,NORMAL,STABLE,NORMAL,NO_ACTION,False,0.0
2026-08-12T01:23:32.077097,0.44748515297487934,0.003050864823891415,0.04120267260579064,False,8,0.9536120891571045,False,0.0,-8.155366303828146,17.089592244548953,-4.134196396564278,CENTER,0.0,0.9870835342721194,0.1041768769992188,NORMAL,STABLE,NORMAL,NO_ACTION,False,0.0
2026-08-12T01:23:32.108055,0.46522300132727856,0.0034615844406756975,0.04120267260579064,False,8,0.9536120891571045,False,0.0,-8.679896780251255,17.035537626152006,-4.234680854577931,CENTER,0.0,0.9873264290766463,0.10473970378576011,NORMAL,STABLE,NORMAL,NO_ACTION,False,0.0
2026-08-12T01:23:32.157425,0.44247800395199,0.0033293540862180445,0.04124860646599777,False,8,0.9536120891571045,False,0.0,-8.007006180410286,17.240241908862146,-4.151985414566838,CENTER,0.0,0.9871988463434498,0.10415994439600804,NORMAL,STABLE,NORMAL,NO_ACTION,False,0.0
2026-08-12T01:23:32.188959,0.43570162814472324,0.006868004967878165,0.04120267260579064,False,8,0.9536120891571045,False,0.0,-8.47502291009718,17.300897014553243,-4.2102683556209115,CENTER,0.0,0.9880453612611453,0.10471055795157255,NORMAL,STABLE,NORMAL,NO_ACTION,False,0.0
2026-08-12T01:23:32.220364,0.47213030943808876,0.0063616348824074385,0.04120267260579064,False,8,0.9536120891571045,False,0.0,-7.706594352122153,16.68835643570941,-4.094584424305822,CENTER,0.0,0.9877386616941015,0.10341679995123929,NORMAL,STABLE,NORMAL,NO_ACTION,False,0.0
2026-08-12T01:23:32.253641,0.4299116822717147,0.012959160651618703,0.04124860646599777,False,8,0.9536120891571045,False,0.0,-8.812920711494627,17.86797209868763,-4.540246262273428,CENTER,0.0,0.9881826828275037,0.10576325174971771,NORMAL,STABLE,NORMAL,NO_ACTION,False,0.0
2026-08-12T01:23:32.284050,0.44951093726835323,0.005224391876283448,0.04120267260579064,False,8,0.9536120891571045,False,0.0,-7.944231592184849,16.49759366317386,-4.17132292568192,CENTER,0.0,0.988389663173011,0.10358175903320097,NORMAL,STABLE,NORMAL,NO_ACTION,False,0.0
2026-08-12T01:23:32.317060,0.45069536769656127,0.006869446384591038,0.04124860646599777,False,8,0.9536120891571045,False,0.0,-8.923823644042727,14.608867564021665,-3.7932950940329135,CENTER,0.0,0.9884947273662552,0.10279696313660701,NORMAL,STABLE,NORMAL,NO_ACTION,False,0.0
2026-08-12T01:23:32.349697,0.41915751004359514,0.010661601945502353,0.04124860646599777,False,8,0.9536120891571045,False,0.0,-8.766641232579445,15.29517581374202,-4.441579750233927,CENTER,0.0,0.9881976862568588,0.1037655434785599,NORMAL,STABLE,NORMAL,NO_ACTION,False,0.0
2026-08-12T01:23:32.388118,0.4580089661185598,0.0020674080522822343,0.04124860646599777,False,8,0.9536120891571045,False,0.0,-8.695473055105964,18.955073571991136,-4.8274662692079175,CENTER,0.0,0.9882463268389917,0.10671186507725883,NORMAL,STABLE,NORMAL,NO_ACTION,False,0.0
2026-08-12T01:23:32.445284,0.44076465353170974,0.20408336075315348,0.04124860646599777,False,8,0.9536120891571045,False,0.0,-7.868722334810883,20.446656297314547,-5.080683273330834,CENTER,0.0,0.9897100989154664,0.10723682754108586,NORMAL,STABLE,NORMAL,NO_ACTION,False,0.0
2026-08-12T01:23:32.484500,0.42637879795080447,0.23465276326248716,0.04124860646599777,False,8,0.9536120891571045,False,0.0,-9.653064992430842,20.18728251718565,-4.904371829979141,CENTER,0.0,0.9896740103094993,0.10859797653584369,NORMAL,STABLE,NORMAL,NO_ACTION,False,0.0
2026-08-12T01:23:32.514251,0.4180022425853521,0.22724361766321147,0.041294642857142856,False,8,0.9536120891571045,False,0.0,-9.732756519087218,20.59433307315365,-4.935485425433683,CENTER,0.0,0.9896642446844993,0.10899865872163109,NORMAL,STABLE,NORMAL,NO_ACTION,False,0.0
2026-08-12T01:23:32.541135,0.4348659407798372,0.1553248222934656,0.041294642857142856,False,8,0.9536120891571045,False,0.0,-8.756723741739336,19.110388246628958,-4.629576771613813,CENTER,0.0,0.9886699727794924,0.106692458672461,NORMAL,STABLE,NORMAL,NO_ACTION,False,0.0
2026-08-12T01:23:32.564386,0.4174478580366138,0.1511237318381269,0.04124860646599777,False,8,0.9536120891571045,False,0.0,-8.765923759405496,19.027094745137248,-4.601524377986095,CENTER,0.0,0.9886645608281892,0.10661414811490214,NORMAL,STABLE,NORMAL,NO_ACTION,False,0.0
2026-08-12T01:23:32.587525,0.4647244452823523,0.00048070409159679806,0.04120267260579064,False,8,0.9536120891571045,False,0.0,-10.406714959014579,14.206071556403373,-3.443292267123212,CENTER,0.0,0.9884373526448904,0.10359698456405364,NORMAL,STABLE,NORMAL,NO_ACTION,False,0.0
2026-08-12T01:23:32.608468,0.4298277389840076,0.0009770892412629961,0.04120267260579064,False,8,0.9536120891571045,False,0.0,-10.056663519866277,12.00246374704082,-2.4382331195637903,CENTER,0.0,0.9889096525634431,0.10070056872935103,NORMAL,STABLE,NORMAL,NO_ACTION,False,0.0
2026-08-12T01:23:32.637139,0.41145191708931916,0.002561966987538815,0.04120267260579064,False,8,0.9536120891571045,False,0.0,-10.223123575089147,11.055479950886706,-2.1720497636126765,CENTER,0.0,0.9896953901963306,0.09992060614253845,NORMAL,STABLE,NORMAL,NO_ACTION,False,0.0
2026-08-12T01:23:32.685518,0.422729255183886,0.0030055479199968486,0.04124860646599777,False,8,0.9536120891571045,False,0.0,-10.577269865933715,7.552435444151797,-1.2732337286367965,CENTER,0.0,0.9888051108110425,0.09686613276369604,NORMAL,STABLE,NORMAL,NO_ACTION,False,0.0
2026-08-12T01:23:32.717640,0.42225385778345603,0.0010273006312554722,0.04124860646599777,False,8,0.9536120891571045,False,0.0,-9.819939410621487,7.633047165397016,-0.9859098079032833,CENTER,0.0,0.9890141139403292,0.0959183888669217,NORMAL,STABLE,NORMAL,NO_ACTION,False,0.0
2026-08-12T01:23:32.748509,0.2407022044832336,0.002414746557061565,0.04120267260579064,False,8,0.9536120891571045,False,0.0,-11.502401371088695,4.820823149767051,-1.1872726447879245,CENTER,0.0,0.9892670824759945,0.1747651190532163,NORMAL,RISING,NORMAL,NO_ACTION,False,0.0
2026-08-12T01:23:32.782405,0.1109138317899265,0.0007147333262917037,0.042363433667781496,True,8,0.9536120891571045,False,0.0,-12.712046066765794,3.1811851836608867,-1.614915796062462,UP,0.0,0.9887981985168037,0.3220938562783305,LOW,STABLE,NORMAL,NO_ACTION,False,0.0
2026-08-12T01:23:32.844567,0.2799042705947787,0.0010629928756591541,0.042316258351893093,False,9,0.06216168403625488,False,0.0,-11.543956755332289,7.204094722480136,-0.9794357491495305,UP,0.06216168403625488,0.9890159089934842,0.07005682632566138,NORMAL,STABLE,NORMAL,NO_ACTION,False,0.0
2026-08-12T01:23:32.877331,0.3462703497631996,0.0050648936185616255,0.042363433667781496,False,9,0.06216168403625488,False,0.0,-11.526918343749543,7.080151120310433,-1.1394191836904497,UP,0.0949258804321289,0.989143799832819,0.04331065639109234,NORMAL,STABLE,NORMAL,NO_ACTION,False,0.0
2026-08-12T01:23:32.909096,0.34113935881528684,0.029750861209511627,0.042316258351893093,False,9,0.06216168403625488,False,0.0,-13.801420241602017,5.342517554876906,-1.271646926239839,UP,0.12669062614440918,0.988414177704904,0.044373290321629184,NORMAL,STABLE,NORMAL,NO_ACTION,False,0.0
2026-08-12T01:23:32.941262,0.3700376032680921,0.007306202862272553,0.042316258351893093,False,9,0.06216168403625488,False,0.0,-13.645966885101046,8.023951896238998,-2.031068496838998,UP,0.1588575839996338,0.9880904653206448,0.046891480811374134,NORMAL,STABLE,NORMAL,NO_ACTION,False,0.0
2026-08-12T01:23:32.973383,0.3850288260463697,0.005707878477813837,0.042316258351893093,False,9,0.06216168403625488,False,0.0,-13.31289802836821,9.208185043620063,-1.7644149903730124,CENTER,0.0,0.9881573645404664,0.021169249882883812,NORMAL,STABLE,NORMAL,NO_ACTION,False,0.0
2026-08-12T01:23:33.005484,0.38073163665329607,0.007087988234015319,0.042363433667781496,False,9,0.06216168403625488,False,0.0,-13.652764387105009,6.28020169333459,-0.9199877754019212,CENTER,0.0,0.9880064996999314,0.018568721823896468,NORMAL,STABLE,NORMAL,NO_ACTION,False,0.0
2026-08-12T01:23:33.038036,0.406475173943503,0.007521003522817965,0.04241071428571429,False,9,0.06216168403625488,False,0.0,-10.857332104848098,7.734658711982462,-0.9703643138196867,CENTER,0.0,0.9886956393604253,0.016975775991445202,NORMAL,STABLE,NORMAL,NO_ACTION,False,0.0
2026-08-12T01:23:33.069667,0.4145821913799179,0.009179798135589922,0.042363433667781496,False,9,0.06216168403625488,False,0.0,-11.197110028744305,6.126972249404048,-0.9527743758123961,CENTER,0.0,0.9886387201003087,0.016124924199327897,NORMAL,STABLE,NORMAL,NO_ACTION,False,0.0
2026-08-12T01:23:33.091228,0.42112692702885685,0.006290888687253111,0.042316258351893093,False,9,0.06216168403625488,False,0.0,-10.626709791059113,6.520389857990722,-1.1584647464948432,CENTER,0.0,0.9886475748028121,0.016057857044711923,NORMAL,STABLE,NORMAL,NO_ACTION,False,0.0
2026-08-12T01:23:33.119451,0.4198494188353169,0.010392260465270276,0.042363433667781496,False,9,0.06216168403625488,False,0.0,-12.134966853745851,2.1807855789642474,-0.16193893867509246,CENTER,0.0,0.9882325290423525,0.013416476644175827,NORMAL,STABLE,NORMAL,NO_ACTION,False,0.0
2026-08-12T01:23:33.141717,0.40273179697683714,0.006382649345149843,0.042316258351893093,False,9,0.06216168403625488,False,0.0,-12.471210147638061,6.3031191841228065,-0.7720181586718127,CENTER,0.0,0.9875123778292181,0.017304991113127832,NORMAL,STABLE,NORMAL,NO_ACTION,False,0.0
2026-08-12T01:23:33.164980,0.4136980861774068,0.010041034288008103,0.042316258351893093,False,9,0.06216168403625488,False,0.0,-13.640172687864435,6.210070766199578,-1.253932223253031,CENTER,0.0,0.9868143566743827,0.018827522504812812,NORMAL,STABLE,NORMAL,NO_ACTION,False,0.0
2026-08-12T01:23:33.245965,0.4323693757258869,0.011861299777204319,0.042363433667781496,False,9,0.06216168403625488,False,0.0,-13.274105653479296,4.804932188506825,-0.8496296168851529,CENTER,0.0,0.9885584115655007,0.01707086276686514,NORMAL,STABLE,NORMAL,NO_ACTION,False,0.0
2026-08-12T01:23:33.279828,0.44706359229179793,0.0062174911874186035,0.042363433667781496,False,9,0.06216168403625488,False,0.0,-11.757812853308252,0.3185528774908448,-0.33660604398824034,CENTER,0.0,0.9887088209447874,0.011876543423732601,NORMAL,STABLE,NORMAL,NO_ACTION,False,0.0
2026-08-12T01:23:33.309225,0.4138830513068532,0.009938784977706111,0.042316258351893093,False,9,0.06216168403625488,False,0.0,-12.926905550675912,2.331705377572348,-0.2943058696915273,CENTER,0.0,0.9887592163923182,0.0144155463626746,NORMAL,STABLE,NORMAL,NO_ACTION,False,0.0
2026-08-12T01:23:33.341754,0.40107448489772546,0.011009524669574656,0.042316258351893093,False,9,0.06216168403625488,False,0.0,-13.01648721093531,7.460374584536794,-1.121994535551977,CENTER,0.0,0.9881759848679698,0.019002882585449514,NORMAL,STABLE,NORMAL,NO_ACTION,False,0.0
2026-08-12T01:23:33.372111,0.41817544264892115,0.2945938948328439,0.042316258351893093,False,9,0.06216168403625488,False,0.0,-11.779484641450523,11.931624034278855,-1.8346153720735288,CENTER,0.0,0.9875188748499657,0.021727158111854186,NORMAL,STABLE,NORMAL,NO_ACTION,False,0.0
2026-08-12T01:23:33.405509,0.4017993060072651,0.41332256137200796,0.042316258351893093,False,9,0.06216168403625488,False,0.0,-12.2042788197991,10.213922851356358,-2.1691349801725437,CENTER,0.0,0.9882782761059671,0.023882299474427948,NORMAL,STABLE,NORMAL,NO_ACTION,False,0.0
2026-08-12T01:23:33.436942,0.40234353841102877,0.49006430111833765,0.042316258351893093,False,9,0.06216168403625488,False,0.0,-12.069494057494722,10.011168371226802,-2.043267528131878,CENTER,0.0,0.9882922882373114,0.03883321520386064,NORMAL,STABLE,NORMAL,NO_ACTION,False,0.0
2026-08-12T01:23:33.468856,0.3998805604725869,0.5207592333678063,0.042363433667781496,False,9,0.06216168403625488,False,0.0,-11.780429842884445,9.204406435775638,-1.965022116413536,CENTER,0.0,0.9875786474408438,0.044035834689834304,NORMAL,STABLE,NORMAL,NO_ACTION,False,0.0
2026-08-12T01:23:33.501073,0.4022452131361536,0.6960542123254445,0.042316258351893093,False,9,0.06216168403625488,False,0.0,-12.720784335727785,7.160387380804508,-1.7047040431272933,CENTER,0.0,0.9876750176826132,0.09906260191762667,NORMAL,STABLE,NORMAL,NO_ACTION,False,0.0
2026-08-12T01:23:33.533922,0.4080124552911003,0.6861409426961397,0.042363433667781496,False,9,0.06216168403625488,False,0.0,-12.846655384426413,12.838810371655313,-2.8819956654721466,CENTER,0.0,0.9883808218664266,0.10441858257572745,NORMAL,STABLE,NORMAL,NO_ACTION,False,0.0
2026-08-12T01:23:33.565372,0.39590037722943694,0.6100617861682718,0.042363433667781496,False,9,0.06216168403625488,False,0.0,-13.383875047451397,13.139554249248192,-2.620888965287037,CENTER,0.0,0.9880305587705761,0.10490167304413109,NORMAL,STABLE,NORMAL,NO_ACTION,False,0.0
2026-08-12T01:23:33.597431,0.39752230105711844,0.49262934610617015,0.042363433667781496,False,9,0.06216168403625488,False,0.0,-12.191229505500985,10.517885844898473,-2.1244924097113653,CENTER,0.0,0.9882632190929355,0.03990763010164297,NORMAL,STABLE,NORMAL,NO_ACTION,False,0.0
2026-08-12T01:23:33.629246,0.4073752706756007,0.3281862311434526,0.042316258351893093,False,9,0.06216168403625488,False,0.0,-12.0434781429216,14.169786268647812,-2.5693774911461276,CENTER,0.0,0.9877900350437242,0.02430537328608864,NORMAL,STABLE,NORMAL,NO_ACTION,False,0.0
2026-08-12T01:23:33.660830,0.41075021892049013,0.3001287541591522,0.042316258351893093,False,9,0.06216168403625488,False,0.0,-12.639347375642956,10.486013259398135,-1.9059265913155627,CENTER,0.0,0.9878088429140947,0.021579791914784634,NORMAL,STABLE,NORMAL,NO_ACTION,False,0.0
2026-08-12T01:23:33.693024,0.39401782292130194,0.1304554024875932,0.042316258351893093,False,9,0.06216168403625488,False,0.0,-13.32852227942712,5.397477384663773,-0.9291839254983358,CENTER,0.0,0.9868975587277091,0.017627821123296496,NORMAL,STABLE,NORMAL,NO_ACTION,False,0.0
2026-08-12T01:23:33.740231,0.39623800870352865,0.17806287218533048,0.042316258351893093,False,9,0.06216168403625488,False,0.0,-13.659658238811119,8.410697659652527,-1.5150880260999884,CENTER,0.0,0.9868584158521949,0.020687111379663448,NORMAL,STABLE,NORMAL,NO_ACTION,False,0.0
2026-08-12T01:23:33.773565,0.3856648510573754,0.15644428187134815,0.042316258351893093,False,9,0.06216168403625488,False,0.0,-12.84617599479705,10.374746429881554,-1.9560142878936233,CENTER,0.0,0.9884863281249999,0.02174683343454251,NORMAL,STABLE,NORMAL,NO_ACTION,False,0.0
2026-08-12T01:23:33.805254,0.3820212850798014,0.10695686739440315,0.042363433667781496,False,9,0.06216168403625488,False,0.0,-12.48517633230918,8.265126550509194,-1.812399202454401,CENTER,0.0,0.9885749823173869,0.01973729376439935,NORMAL,STABLE,NORMAL,NO_ACTION,False,0.0
2026-08-12T01:23:33.837541,0.38238331759212946,0.08082842045010805,0.042363433667781496,False,9,0.06216168403625488,False,0.0,-12.997347380528993,9.562369459256047,-1.8195967793735974,CENTER,0.0,0.9887576490697872,0.02117432417085038,NORMAL,STABLE,NORMAL,NO_ACTION,False,0.0
2026-08-12T01:23:33.889294,0.40769920356458045,0.1546570689787546,0.042363433667781496,False,9,0.06216168403625488,False,0.0,-12.839924437016464,10.451512953345656,-1.815091270127681,CENTER,0.0,0.9891951597865228,0.02166055225836993,NORMAL,STABLE,NORMAL,NO_ACTION,False,0.0
2026-08-12T01:23:33.916913,0.37519633891356124,0.1549586857171799,0.042363433667781496,False,9,0.06216168403625488,False,0.0,-12.322638424973235,7.880921268619375,-1.6502731297575792,CENTER,0.0,0.9879195467892661,0.019147172783743668,NORMAL,STABLE,NORMAL,NO_ACTION,False,0.0
2026-08-12T01:23:33.941179,0.37094373260656655,0.0192126841087864,0.042363433667781496,False,9,0.06216168403625488,False,0.0,-12.490741225794352,5.572037323901611,-1.3421153191642645,CENTER,0.0,0.9863945419667353,0.01734477770314835,NORMAL,STABLE,NORMAL,NO_ACTION,False,0.0
2026-08-12T01:23:33.969958,0.4099152473232204,0.19779962140511714,0.042363433667781496,False,9,0.06216168403625488,False,0.0,-10.735816951997009,10.33063301384908,-2.0279050214810184,CENTER,0.0,0.987092831039952,0.019752004262240216,NORMAL,STABLE,NORMAL,NO_ACTION,False,0.0
2026-08-12T01:23:33.996816,0.3850980288146849,0.08354710052531017,0.042316258351893093,False,9,0.06216168403625488,False,0.0,-11.544925807364052,11.393241791942273,-2.344658361524125,CENTER,0.0,0.9886978228952332,0.021603607530887668,NORMAL,STABLE,NORMAL,NO_ACTION,False,0.0
2026-08-12T01:23:34.029267,0.40678205467960504,0.1402387395025829,0.042363433667781496,False,9,0.06216168403625488,False,0.0,-11.818495478030258,11.292545879652664,-2.001522671587878,CENTER,0.0,0.9891931370027434,0.021463893205307352,NORMAL,STABLE,NORMAL,NO_ACTION,False,0.0
2026-08-12T01:23:34.060103,0.3537271090250733,0.1688851496842256,0.042316258351893093,False,9,0.06216168403625488,False,0.0,-10.666419736413246,11.808556041395349,-2.4084177867531196,CENTER,0.0,0.988725485468107,0.02111898586701981,NORMAL,STABLE,NORMAL,NO_ACTION,False,0.0
2026-08-12T01:23:34.093364,0.22285648988752776,0.019286230595977533,0.042316258351893093,False,9,0.06216168403625488,False,0.0,-11.77867017056306,8.945752059180222,-2.087542600171844,CENTER,0.0,0.9890783741640947,0.12267148374970824,NORMAL,STABLE,NORMAL,NO_ACTION,False,0.0
2026-08-12T01:23:34.124566,0.09040527169751766,0.0142340300903718,0.043429844097995544,True,9,0.06216168403625488,False,0.0,-13.153659057108655,6.829946778285546,-1.7833142227057124,UP,0.0,0.9888716617369683,0.24531649138710157,LOW,STABLE,NORMAL,NO_ACTION,False,0.0
2026-08-12T01:23:34.157415,0.11300960698319479,0.014432435377119156,0.044543429844097995,True,9,0.06216168403625488,False,0.03284931182861328,-12.56588184352563,6.957347982069251,-1.9956965546071217,UP,0.03284931182861328,0.9885670251414609,0.24504701200006676,LOW,STABLE,NORMAL,NO_ACTION,False,0.03284931182861328
2026-08-12T01:23:34.189418,0.07542507727623332,0.008091920672021375,0.045657015590200446,True,9,0.06216168403625488,False,0.06485199928283691,-11.723637155116734,6.708393466124619,-1.4993532631375501,UP,0.06485199928283691,0.9888296253429355,0.24357820086903856,LOW,STABLE,NORMAL,NO_ACTION,False,0.06485199928283691
2026-08-12T01:23:34.221048,0.042127980658520636,0.019804897158303202,0.0467706013363029,True,9,0.06216168403625488,False,0.0964820384979248,-12.160872811639734,8.034540651233755,-1.5519189021264594,UP,0.0964820384979248,0.8763709287888252,0.10119956469387034,NORMAL,STABLE,NORMAL,NO_ACTION,False,0.0964820384979248
2026-08-12T01:23:34.270315,0.0651447679401574,0.0022288166220839336,0.04793756967670011,True,9,0.06216168403625488,False,0.14574885368347168,-12.594574996303038,6.552195285231136,-1.5295107711113758,UP,0.14574885368347168,0.9886083515517833,0.24433311251906598,LOW,STABLE,NORMAL,NO_ACTION,False,0.14574885368347168
2026-08-12T01:23:34.300733,0.05522651444930094,0.0063501250613371574,0.04899777282850779,True,9,0.06216168403625488,False,0.17616724967956543,-10.849725409799959,7.546410495311278,-1.7404149236008095,UP,0.17616724967956543,0.9879804312414266,0.24357402419729593,LOW,STABLE,NORMAL,NO_ACTION,False,0.17616724967956543
2026-08-12T01:23:34.333946,0.13883699241308747,0.005052571745504682,0.05016722408026756,True,9,0.06216168403625488,False,0.2093794345855713,-12.240554250015265,8.865254391679485,-2.133529789674867,UP,0.2093794345855713,0.9882077064043209,0.24624439428406272,LOW,RISING,NORMAL,NO_ACTION,False,0.2093794345855713
2026-08-12T01:23:34.365358,0.05855272859958904,0.003988199135977249,0.051224944320712694,True,9,0.06216168403625488,False,0.24079179763793945,-11.535267414662485,8.441949858395361,-1.9680036531900669,UP,0.24079179763793945,0.9878109326774691,0.24510011370381024,LOW,STABLE,NORMAL,NO_ACTION,False,0.24079179763793945
2026-08-12T01:23:34.397134,0.09330263568325448,0.0023324796475430757,0.05239687848383501,True,9,0.06216168403625488,False,0.2725675106048584,-12.03736013379509,7.058759881900272,-1.9678196045175298,UP,0.2725675106048584,0.9885183711634088,0.24458446262567346,LOW,STABLE,NORMAL,NO_ACTION,False,0.2725675106048584
2026-08-12T01:23:34.428823,0.06579714585821465,0.011644269377820572,0.053452115812917596,True,9,0.06216168403625488,False,0.3042566776275635,-11.756408013404638,7.892746376388914,-1.9677329502675036,UP,0.3042566776275635,0.9893793804655351,0.2449161562738911,LOW,STABLE,NORMAL,NO_ACTION,False,0.3042566776275635
2026-08-12T01:23:34.461086,0.09055495671276495,0.0013640657482375796,0.05456570155902005,True,9,0.06216168403625488,False,0.3365199565887451,-10.858230416892866,7.191651303475339,-1.8063153039679207,UP,0.3365199565887451,0.9890502159422153,0.24338945885778335,LOW,STABLE,NORMAL,NO_ACTION,False,0.3365199565887451
2026-08-12T01:23:34.492353,0.1039233811130999,0.0075727851732056645,0.0556792873051225,True,9,0.06216168403625488,False,0.36778712272644043,-8.091933145225966,8.417883260676888,-1.7515772636091071,UP,0.36778712272644043,0.9880753279320987,0.2415585183041819,LOW,STABLE,NORMAL,NO_ACTION,False,0.36778712272644043
2026-08-12T01:23:34.524708,0.04152489880757067,0.015619691376305795,0.05679287305122494,True,9,0.06216168403625488,False,0.40014219284057617,-10.469117896439883,9.18278529102372,-2.2210984099686186,UP,0.40014219284057617,0.875424259473594,0.10101454749301515,NORMAL,STABLE,NORMAL,NO_ACTION,False,0.40014219284057617
2026-08-12T01:23:34.557452,0.06946472782582679,0.004269118302707515,0.057971014492753624,True,9,0.06216168403625488,False,0.43288636207580566,-10.134460330138438,9.30364356568569,-2.418879701670278,UP,0.43288636207580566,0.9883274123371057,0.2448076996428851,LOW,STABLE,NORMAL,NO_ACTION,False,0.43288636207580566
2026-08-12T01:23:34.589480,0.09027236947926706,0.007112590288780197,0.05902004454342984,True,9,0.06216168403625488,False,0.46491384506225586,-10.649778010319125,11.069562140340452,-2.5983688100099016,UP,0.46491384506225586,0.9879447713048697,0.24675215848389606,LOW,STABLE,NORMAL,NO_ACTION,False,0.46491384506225586
2026-08-12T01:23:34.621151,0.07245317028611398,0.010442760115227285,0.060133630289532294,True,9,0.06216168403625488,False,0.4965848922729492,-10.36227005144599,9.80354420643772,-2.308836364428572,UP,0.4965848922729492,0.9885757592806927,0.24528214366067683,LOW,STABLE,NORMAL,NO_ACTION,False,0.4965848922729492
2026-08-12T01:23:34.653955,0.10799744313831407,0.008614387084735413,0.061247216035634745,True,9,0.06216168403625488,False,0.5293891429901123,-9.606324547071921,12.14336784924123,-2.382917392518266,UP,0.5293891429901123,0.9892069749871399,0.2432556022514067,LOW,STABLE,NORMAL,NO_ACTION,False,0.5293891429901123
2026-08-12T01:23:34.686132,0.07285353436305103,0.018242951496101566,0.062360801781737196,True,9,0.06216168403625488,False,0.5615661144256592,-11.535925123402166,11.321326573719006,-3.381129591770218,UP,0.5615661144256592,0.9895866689171811,0.24687561646888978,LOW,STABLE,NORMAL,NO_ACTION,False,0.5615661144256592
2026-08-12T01:23:34.718731,0.04427423628987055,0.01953195919572472,0.06347438752783964,True,9,0.06216168403625488,False,0.5941650867462158,-11.254479176629104,9.752019077135174,-2.619319064858786,UP,0.5941650867462158,0.8768126018089849,0.10255980060740272,NORMAL,STABLE,NORMAL,NO_ACTION,False,0.5941650867462158
2026-08-12T01:23:34.749616,0.08651049420225015,0.00410266932935252,0.0645879732739421,True,9,0.06216168403625488,False,0.6250500679016113,-10.094088233011206,12.685429931450187,-2.6601851712737528,UP,0.6250500679016113,0.9895457711762689,0.24852909524516936,LOW,STABLE,NORMAL,NO_ACTION,False,0.6250500679016113
2026-08-12T01:23:34.796535,0.04823395180818948,0.010858154985037404,0.06570155902004454,True,9,0.06216168403625488,False,0.6719686985015869,-11.298686904905821,8.17211066941644,-2.256713592366424,UP,0.6719686985015869,0.876690013074417,0.10485008590077408,NORMAL,STABLE,NORMAL,NO_ACTION,False,0.6719686985015869
2026-08-12T01:23:34.830258,0.10193228041547814,0.016979919409374065,0.066815144766147,True,9,0.06216168403625488,False,0.7056918144226074,-10.217993106666455,9.562191782298896,-3.1140364361269235,UP,0.7056918144226074,0.9897260266632373,0.2503242566941447,LOW,STABLE,NORMAL,NO_ACTION,False,0.7056918144226074
2026-08-12T01:23:34.860779,0.07825559583067576,0.022860338988440216,0.06792873051224944,True,9,0.06216168403625488,False,0.736212968826294,-10.208553663389893,11.901465891874949,-2.9800523662958085,UP,0.736212968826294,0.9896994089720508,0.253198204266302,LOW,STABLE,NORMAL,NO_ACTION,False,0.736212968826294
2026-08-12T01:23:34.892410,0.1382074784652107,0.015485753841790323,0.06904231625835189,True,9,0.06216168403625488,False,0.7678439617156982,-10.08717712565874,11.93788021220152,-2.351497354275949,UP,0.7678439617156982,0.9897412310313786,0.2538730235490222,LOW,STABLE,NORMAL,NO_ACTION,False,0.7678439617156982
2026-08-12T01:23:34.926370,0.06414593117874362,0.023477556582633494,0.07015590200445435,True,9,0.06216168403625488,False,0.8018043041229248,-10.873699689216949,11.019231198508407,-2.796315350401983,UP,0.8018043041229248,0.9896888128000686,0.255866905008327,LOW,STABLE,NORMAL,NO_ACTION,False,0.8018043041229248
2026-08-12T01:23:34.958066,0.10720263265440172,0.014213968733379443,0.07126948775055679,True,9,0.06216168403625488,False,0.8335001468658447,-10.016832082400242,9.932812265980402,-2.510193639274007,UP,0.8335001468658447,0.9894430110811042,0.2553550992512292,LOW,STABLE,NORMAL,NO_ACTION,False,0.8335001468658447
2026-08-12T01:23:34.988738,0.10684872514700125,0.016321899791588677,0.07238307349665925,True,9,0.06216168403625488,False,0.8641717433929443,-10.598920831336017,9.985983698317142,-2.4145724985945947,UP,0.8641717433929443,0.989202822252229,0.2571910536468565,LOW,STABLE,NORMAL,NO_ACTION,False,0.8641717433929443
2026-08-12T01:23:35.022535,0.07915104066288633,0.0220828618089062,0.07341490545050056,True,9,0.06216168403625488,False,0.8979692459106445,-10.811176545774174,9.880343388787225,-2.754049441798969,UP,0.8979692459106445,0.990095258380487,0.2591106144249521,LOW,STABLE,NORMAL,NO_ACTION,False,0.8979692459106445
2026-08-12T01:23:35.053001,0.029884463249977206,0.013575108316396436,0.07452725250278086,True,9,0.06216168403625488,False,0.9284353256225586,-9.201978367011833,11.826454076620678,-2.986828331502977,UP,0.9284353256225586,0.8763344677763081,0.11965582714435105,NORMAL,STABLE,NORMAL,NO_ACTION,False,0.9284353256225586
2026-08-12T01:23:35.085119,0.03293490653308696,0.02582997497330342,0.07563959955506118,True,9,0.06216168403625488,False,0.9605526924133301,-10.437999856708359,7.563599773414268,-2.2721639764086206,UP,0.9605526924133301,0.8753980379188713,0.11824519864930406,NORMAL,STABLE,NORMAL,NO_ACTION,False,0.9605526924133301
2026-08-12T01:23:35.116169,0.03450940946666525,0.01692164031770111,0.07675194660734148,True,9,0.06216168403625488,False,0.9916031360626221,-10.448788886744836,10.307292329796638,-2.429238857673539,UP,0.9916031360626221,0.8755142670365471,0.12239843875569577,NORMAL,STABLE,NORMAL,NO_ACTION,False,0.9916031360626221
2026-08-12T01:23:35.150173,0.07577656777775629,0.015558051052170695,0.0778642936596218,True,9,0.06216168403625488,False,1.0256071090698242,-11.797906079649152,11.083034618856857,-3.1848632507270622,UP,1.0256071090698242,0.9879767071759259,0.26687524056552536,LOW,STABLE,NORMAL,NO_ACTION,False,1.0256071090698242
2026-08-12T01:23:35.181075,0.08413365081189647,0.012467175910381344,0.07897664071190211,True,9,0.06216168403625488,False,1.0565087795257568,-11.429555666827468,11.027775162772741,-2.9826519633196256,UP,1.0565087795257568,0.9874943871099109,0.2676249735593714,LOW,STABLE,NORMAL,NO_ACTION,False,1.0565087795257568
2026-08-12T01:23:35.213920,0.04205535273575374,0.012430744719102294,0.08008898776418243,True,9,0.06216168403625488,False,1.0893540382385254,-12.636124585932379,8.728813460436754,-2.0958405778823135,UP,1.0893540382385254,0.8750551881246326,0.12820931135259142,NORMAL,STABLE,NORMAL,NO_ACTION,False,1.0893540382385254
2026-08-12T01:23:35.244757,0.14485421833885226,0.013015653543121983,0.08120133481646273,True,9,0.06216168403625488,False,1.1201913356781006,-9.964781925338258,8.756190548264414,-2.052326533105173,UP,1.1201913356781006,0.9887397923096708,0.26643757030940973,LOW,STABLE,NORMAL,NO_ACTION,False,1.1201913356781006
2026-08-12T01:23:35.276475,0.2910828710171605,0.012694520392643044,0.08120133481646273,False,9,1.1519088745117188,False,0.0,-9.031438898727629,12.861387895771315,-3.183847643183725,UP,1.1519088745117188,0.9167650989231211,0.12797625542508362,NORMAL,STABLE,NORMAL,NO_ACTION,False,0.0
2026-08-12T01:23:35.324428,0.4301953380064284,0.02019261933209264,0.08120133481646273,False,9,1.1519088745117188,False,0.0,-9.476898855180508,14.621463038405722,-3.39018748941254,UP,1.1998615264892578,0.9158452547444517,0.1197338256250294,NORMAL,STABLE,NORMAL,NO_ACTION,False,0.0
2026-08-12T01:23:35.357605,0.45564434936238474,0.01616025050285146,0.08120133481646273,False,9,1.1519088745117188,False,0.0,-9.549623019689989,11.258040832307984,-3.039727119718293,UP,1.233039379119873,0.9160381349282897,0.11842249125867563,NORMAL,STABLE,NORMAL,NO_ACTION,False,0.0
2026-08-12T01:23:35.388683,0.4580054310616801,0.011876412644112712,0.0811111111111111,False,9,1.1519088745117188,False,0.0,-8.45400942860499,13.117756437026145,-3.082597014095853,CENTER,0.0,0.9145632968658142,0.06310756242408301,NORMAL,STABLE,NORMAL,NO_ACTION,False,0.0
2026-08-12T01:23:35.419969,0.47312733639895754,0.0213477536280939,0.08120133481646273,False,9,1.1519088745117188,False,0.0,-8.903282851739647,12.918023611505987,-2.8714708276923773,CENTER,0.0,0.9145895930549433,0.06319618271950615,NORMAL,STABLE,NORMAL,NO_ACTION,False,0.0
2026-08-12T01:23:35.453694,0.4760435371890416,0.0290477203112865,0.08120133481646273,False,9,1.1519088745117188,False,0.0,-8.277513148468557,12.232522421157796,-2.649085839253047,CENTER,0.0,0.9151756846080125,0.06182969756532944,NORMAL,STABLE,NORMAL,NO_ACTION,False,0.0
2026-08-12T01:23:35.484384,0.4511515042254242,0.027219761936801215,0.08120133481646273,False,9,1.1519088745117188,False,0.0,-9.624718198030223,12.84612046330048,-2.572195051333182,CENTER,0.0,0.9149693951091883,0.06356555144744629,NORMAL,STABLE,NORMAL,NO_ACTION,False,0.0
2026-08-12T01:23:35.516239,0.46885462845443016,0.09049722675140642,0.08120133481646273,False,9,1.1519088745117188,False,0.0,-8.043482059429891,12.563512298598397,-2.5444227211498855,CENTER,0.0,0.9141191475143299,0.06173896659404872,NORMAL,STABLE,NORMAL,NO_ACTION,False,0.0
2026-08-12T01:23:35.548617,0.46000579462215535,0.11861428311179492,0.08129175946547884,False,9,1.1519088745117188,False,0.0,-9.771406660677826,10.774886073716317,-2.236806996782917,CENTER,0.0,0.913416551653133,0.06181804913315769,NORMAL,STABLE,NORMAL,NO_ACTION,False,0.0
2026-08-12T01:23:35.581848,0.4486873201134898,0.01931285269174495,0.08129175946547884,False,9,1.1519088745117188,False,0.0,-10.014271188990676,13.839161491879565,-2.664640271798419,CENTER,0.0,0.9141303053580615,0.06479611678519166,NORMAL,STABLE,NORMAL,NO_ACTION,False,0.0
2026-08-12T01:23:35.645340,0.4501591076955983,0.13095781630605294,0.08138238573021182,False,9,1.1519088745117188,False,0.0,-8.26353651477993,15.0109456702138,-2.6622479306067817,CENTER,0.0,0.9144793953541421,0.06391912948106572,NORMAL,STABLE,NORMAL,NO_ACTION,False,0.0
2026-08-12T01:23:35.676471,0.4637143894923769,0.033427739310201585,0.08138238573021182,False,9,1.1519088745117188,False,0.0,-10.985821919954873,16.49943294179613,-2.829821822652974,CENTER,0.0,0.9153222790209191,0.06793771912318011,NORMAL,STABLE,NORMAL,NO_ACTION,False,0.0
2026-08-12T01:23:35.709243,0.4443806983032945,0.11730246196806461,0.08138238573021182,False,9,1.1519088745117188,False,0.0,-8.984308787220215,13.767907444059517,-2.2223571234900703,CENTER,0.0,0.9151850636650621,0.06326572179157516,NORMAL,STABLE,NORMAL,NO_ACTION,False,0.0
2026-08-12T01:23:35.734650,0.44657895069122344,0.11022326933951494,0.08138238573021182,False,9,1.1519088745117188,False,0.0,-8.738027276377409,13.752619830180294,-2.1851725237902144,CENTER,0.0,0.9152249184379898,0.06296987968722506,NORMAL,STABLE,NORMAL,NO_ACTION,False,0.0
2026-08-12T01:23:35.754786,0.43439587140181907,0.031043397147713016,0.08129175946547884,False,9,1.1519088745117188,False,0.0,-10.17881441232717,11.72593767470994,-1.9683599937116583,CENTER,0.0,0.9151450720623897,0.06267292898201594,NORMAL,STABLE,NORMAL,NO_ACTION,False,0.0
2026-08-12T01:23:35.776094,0.4341241210343397,0.0849745996232368,0.08129175946547884,False,9,1.1519088745117188,False,0.0,-10.267938472195254,13.72157541044308,-1.9428953437752625,CENTER,0.0,0.9149290800907555,0.06423813270520345,NORMAL,STABLE,NORMAL,NO_ACTION,False,0.0
2026-08-12T01:23:35.805757,0.4615223933445761,0.01693222228759706,0.08129175946547884,False,9,1.1519088745117188,False,0.0,-10.315846408009804,13.361858818684908,-1.823152704072669,CENTER,0.0,0.9158992776154958,0.06389545616815201,NORMAL,STABLE,NORMAL,NO_ACTION,False,0.0
2026-08-12T01:23:35.853056,0.4566392688596766,0.022883405926830542,0.08138238573021182,False,9,1.1519088745117188,False,0.0,-10.696290041991261,10.206932236466855,-1.3589529407159375,CENTER,0.0,0.9163904466429061,0.06143794352474888,NORMAL,STABLE,NORMAL,NO_ACTION,False,0.0
2026-08-12T01:23:35.884942,0.46954104275655356,0.09421739074231196,0.08138238573021182,False,9,1.1519088745117188,False,0.0,-9.81236761438862,12.734692788079201,-1.7471780683566749,CENTER,0.0,0.9164176384449098,0.06284238800613125,NORMAL,STABLE,NORMAL,NO_ACTION,False,0.0
2026-08-12T01:23:35.917469,0.4610031869760647,0.10248426369095018,0.08129175946547884,False,9,1.1519088745117188,False,0.0,-11.109834742445969,16.119226177274584,-2.20538325126131,CENTER,0.0,0.9162609932652973,0.06714971366872083,NORMAL,STABLE,NORMAL,NO_ACTION,False,0.0
2026-08-12T01:23:35.949336,0.44626004824007137,0.2071512330413754,0.08138238573021182,False,9,1.1519088745117188,False,0.0,-10.138180383808049,8.54610692991352,-1.2595239709991688,CENTER,0.0,0.9158430903466711,0.05952891197369989,NORMAL,STABLE,NORMAL,NO_ACTION,False,0.0
2026-08-12T01:23:35.981598,0.4844785790413254,0.21645109963670758,0.08138238573021182,False,9,1.1519088745117188,False,0.0,-8.118594956473402,7.774110539863216,-0.6474988903974861,CENTER,0.0,0.9159314823617847,0.05630839488989104,NORMAL,STABLE,NORMAL,NO_ACTION,False,0.0
2026-08-12T01:23:36.045964,0.49140466076757006,0.2745134453133941,0.08138238573021182,False,9,1.1519088745117188,False,0.0,-9.37161069799518,9.27941481844482,-1.1814512389658205,CENTER,0.0,0.9176073481974452,0.05923334102317361,NORMAL,STABLE,NORMAL,NO_ACTION,False,0.0
2026-08-12T01:23:36.078189,0.49013859072307575,0.2583887808576094,0.08138238573021182,False,9,1.1519088745117188,False,0.0,-9.421967179515946,6.330136561201272,-0.8620367766949357,CENTER,0.0,0.91739417989418,0.05674466689062144,NORMAL,STABLE,NORMAL,NO_ACTION,False,0.0
2026-08-12T01:23:36.109781,0.450025465934749,0.26025860726037797,0.08138238573021182,False,9,1.1519088745117188,False,0.0,-8.764547079321801,6.485207661392934,-0.500299562703816,CENTER,0.0,0.916628791619207,0.05583902631519399,NORMAL,STABLE,NORMAL,NO_ACTION,False,0.0
2026-08-12T01:23:36.140415,0.4667078926133004,0.264174379980391,0.08129175946547884,False,9,1.1519088745117188,False,0.0,-7.9405635898866365,6.965440006916737,-0.904875878561711,CENTER,0.0,0.9166923428161129,0.055779610583122426,NORMAL,STABLE,NORMAL,NO_ACTION,False,0.0
2026-08-12T01:23:36.172851,0.46390029283686923,0.2768687150068656,0.08138238573021182,False,9,1.1519088745117188,False,0.0,-9.116582369536133,4.998723790311772,-0.18205992597327736,CENTER,0.0,0.9158934810099452,0.054754622438052625,NORMAL,STABLE,NORMAL,NO_ACTION,False,0.0
2026-08-12T01:23:36.205015,0.45983190879572455,0.2461906547322068,0.08138238573021182,False,9,1.1519088745117188,False,0.0,-8.097575928146767,4.194144775410763,0.05533922335254715,CENTER,0.0,0.9151328817760386,0.05300006238655447,NORMAL,STABLE,NORMAL,NO_ACTION,False,0.0
2026-08-12T01:23:36.237311,0.47613018087515946,0.2666212555474726,0.08138238573021182,False,9,1.1519088745117188,False,0.0,-7.996245662488349,6.644607662284471,0.026051763065794376,CENTER,0.0,0.9160660481962203,0.05471256105242882,NORMAL,STABLE,NORMAL,NO_ACTION,False,0.0
2026-08-12T01:23:36.259770,0.4740022539180747,0.2725124243695029,0.08138238573021182,False,9,1.1519088745117188,False,0.0,-8.20756575153959,6.206452950274809,-0.05450950658567422,CENTER,0.0,0.9160666452714702,0.054623448659012946,NORMAL,STABLE,NORMAL,NO_ACTION,False,0.0
2026-08-12T01:23:36.280041,0.4784882802393591,0.27862477644830674,0.08129175946547884,False,9,1.1519088745117188,False,0.0,-8.429750181324493,5.105287101911301,-0.5154812364527004,CENTER,0.0,0.9171556607709312,0.05448028994403849,NORMAL,STABLE,NORMAL,NO_ACTION,False,0.0
2026-08-12T01:23:36.301926,0.4880420704172227,0.2528152320999707,0.08129175946547884,False,9,1.1519088745117188,False,0.0,-8.468079915155812,4.069386768246034,-0.17936044508667237,CENTER,0.0,0.9170183085853296,0.05340225661061351,NORMAL,STABLE,NORMAL,NO_ACTION,False,0.0
2026-08-12T01:23:36.333155,0.4691788270724503,0.2831664060775228,0.08129175946547884,False,9,1.1519088745117188,False,0.0,-8.268950889164074,5.6159791550898035,-0.3798716116286869,CENTER,0.0,0.9164825703783314,0.05456716738213206,NORMAL,STABLE,NORMAL,NO_ACTION,False,0.0
2026-08-12T01:23:36.380678,0.44059709114676526,0.2957250164509239,0.08138238573021182,False,9,1.1519088745117188,False,0.0,-8.47456677796086,1.7144751351794412,0.2629726584886498,CENTER,0.0,0.9168980476787552,0.05172099886125333,NORMAL,STABLE,NORMAL,NO_ACTION,False,0.0
2026-08-12T01:23:36.444522,0.4648059090518679,0.30566615689790855,0.08129175946547884,False,9,1.1519088745117188,False,0.0,-7.310571317940401,0.2517992041606192,0.5804125197061865,CENTER,0.0,0.9160832265487213,0.04977143766434966,NORMAL,STABLE,NORMAL,NO_ACTION,False,0.0
2026-08-12T01:23:36.476535,0.46199724261073993,0.2792272788257046,0.08129175946547884,False,9,1.1519088745117188,False,0.0,-8.615091031446411,4.140527301909884,0.18551893688308496,CENTER,0.0,0.9171854025818147,0.05360941904181364,NORMAL,STABLE,NORMAL,NO_ACTION,False,0.0
2026-08-12T01:23:36.509598,0.44838438421687915,0.2793513918179169,0.08138238573021182,False,9,1.1519088745117188,False,0.0,-8.220301701176709,-2.9729308601146727,1.0346075408740205,CENTER,0.0,0.9171632361631638,0.05318672037289951,NORMAL,STABLE,NORMAL,NO_ACTION,False,0.0
2026-08-12T01:23:36.541472,0.47924703910220834,0.2514327045939564,0.08138238573021182,False,9,1.1519088745117188,False,0.0,-8.276563048074621,-10.028969279913298,2.7401427362007382,CENTER,0.0,0.916611190338404,0.06026231679589,NORMAL,STABLE,NORMAL,NO_ACTION,False,0.0
2026-08-12T01:23:36.572934,0.4742244641515386,0.32364224539662806,0.08129175946547884,False,9,1.1519088745117188,False,0.0,-7.149599552619662,-7.623632356229223,2.0903031628662916,CENTER,0.0,0.9165157204937658,0.056670459164703105,NORMAL,STABLE,NORMAL,NO_ACTION,False,0.0
2026-08-12T01:23:36.607293,0.45516912392331976,0.3260011517432577,0.08138238573021182,False,9,1.1519088745117188,False,0.0,-8.160791036452451,-3.346900295844989,1.8633010356540183,CENTER,0.0,0.9165691711676954,0.054239619970823515,NORMAL,STABLE,NORMAL,NO_ACTION,False,0.0
2026-08-12T01:23:36.637632,0.45646943259025846,0.268295752619336,0.08138238573021182,False,9,1.1519088745117188,False,0.0,-7.626457434211005,4.338210863398871,0.2294460009285615,CENTER,0.0,0.9157893908913872,0.05281051701967233,NORMAL,STABLE,NORMAL,NO_ACTION,False,0.0
2026-08-12T01:23:36.669627,0.46681965659883484,0.26387915529105227,0.08138238573021182,False,9,1.1519088745117188,False,0.0,-7.8850549123733344,-2.078239463704307,1.417204246091984,CENTER,0.0,0.9159394558041838,0.052561126838824544,NORMAL,STABLE,NORMAL,NO_ACTION,False,0.0
2026-08-12T01:23:36.701681,0.46375935051346995,0.22418869193763385,0.08138238573021182,False,9,1.1519088745117188,False,0.0,-7.967506383202789,-7.162927434446118,2.4207870025857687,CENTER,0.0,0.9166080681324099,0.05747579911273927,NORMAL,STABLE,NORMAL,NO_ACTION,False,0.0
2026-08-12T01:23:36.733701,0.45847353198152385,0.3049420227558642,0.08138238573021182,False,9,1.1519088745117188,False,0.0,-8.001361750785264,-5.26917414535194,1.7864707472632233,CENTER,0.0,0.916115356660604,0.055448786295664486,NORMAL,STABLE,NORMAL,NO_ACTION,False,0.0
2026-08-12T01:23:36.765947,0.45488389901275145,0.2665634229770965,0.08138238573021182,False,9,1.1519088745117188,False,0.0,-9.234636880393651,1.130052997461945,1.0713931417370475,CENTER,0.0,0.9158726953278096,0.05285466103495008,NORMAL,STABLE,NORMAL,NO_ACTION,False,0.0
2026-08-12T01:23:36.797835,0.45889717788955653,0.2535791643241296,0.08138238573021182,False,9,1.1519088745117188,False,0.0,-8.7401626615044,1.466154938077068,1.196601516981758,CENTER,0.0,0.9158522579395699,0.052737109951124336,NORMAL,STABLE,NORMAL,NO_ACTION,False,0.0
2026-08-12T01:23:36.828522,0.4806086866510825,0.24604876982087687,0.08129175946547884,False,9,1.1519088745117188,False,0.0,-8.532565507350228,-0.6495008358733116,1.7965339971431433,CENTER,0.0,0.9160887619338502,0.052516275208964396,NORMAL,STABLE,NORMAL,NO_ACTION,False,0.0
2026-08-12T01:23:36.860656,0.44785174392005056,0.23800293236367911,0.08129175946547884,False,9,1.1519088745117188,False,0.0,-8.950087056447472,0.5685853914198162,1.5543270444680957,CENTER,0.0,0.9164680166691161,0.0526312570122103,NORMAL,STABLE,NORMAL,NO_ACTION,False,0.0
2026-08-12T01:23:36.907575,0.46198318932096727,0.24945256640030813,0.08129175946547884,False,9,1.1519088745117188,False,0.0,-8.63099817042459,1.2039718557825267,1.3433796630774282,CENTER,0.0,0.9163948749510091,0.05257759548066403,NORMAL,STABLE,NORMAL,NO_ACTION,False,0.0
2026-08-12T01:23:36.944818,0.45093448006724957,0.22984786407374416,0.08138238573021182,False,9,1.1519088745117188,False,0.0,-8.73355524244974,-0.2891870627584012,1.7373515459667033,CENTER,0.0,0.9170363701116379,0.05238745078019354,NORMAL,RISING,NORMAL,NO_ACTION,False,0.0
2026-08-12T01:23:36.972565,0.4711035589172264,0.19205572742488963,0.08129175946547884,False,9,1.1519088745117188,False,0.0,-7.8972564973293515,8.013146170794101,0.7628081615185351,CENTER,0.0,0.9166057793439523,0.05638186849770564,NORMAL,STABLE,NORMAL,NO_ACTION,False,0.0
2026-08-12T01:23:37.005301,0.46095137801838254,0.2677118103331346,0.08129175946547884,False,9,1.1519088745117188,False,0.0,-7.759655058104187,8.143076558723067,0.2970839776974117,CENTER,0.0,0.916089396326303,0.05587442931427243,NORMAL,STABLE,NORMAL,NO_ACTION,False,0.0
2026-08-12T01:23:37.036569,0.44821869488261695,0.23580241617386186,0.08129175946547884,False,9,1.1519088745117188,False,0.0,-9.258110161424327,3.6873262154406063,0.6428422285724764,CENTER,0.0,0.9166807122878087,0.054372207690625333,NORMAL,STABLE,NORMAL,NO_ACTION,False,0.0
2026-08-12T01:23:37.070585,0.4312277186825282,0.25050913612699327,0.08138238573021182,False,9,1.1519088745117188,False,0.0,-8.942614998236678,3.161188661570918,1.093761761933763,CENTER,0.0,0.9174217573072825,0.05411222896084353,NORMAL,STABLE,NORMAL,NO_ACTION,False,0.0
2026-08-12T01:23:37.102917,0.4562810417488355,0.22316571927201068,0.08138238573021182,False,9,1.1519088745117188,False,0.0,-8.102852915587363,1.8072061827340065,1.4399872211922116,CENTER,0.0,0.9169664874292696,0.05259854799844067,NORMAL,STABLE,NORMAL,NO_ACTION,False,0.0
2026-08-12T01:23:37.142229,0.4456361376496095,0.27839471268456645,0.08138238573021182,False,9,1.1519088745117188,False,0.0,-8.555341353660339,4.079638206867628,1.0847042951496348,CENTER,0.0,0.9164098018322556,0.054405637804898835,NORMAL,STABLE,NORMAL,NO_ACTION,False,0.0
2026-08-12T01:23:37.169159,0.47787348018178943,0.23485390613069143,0.08138238573021182,False,9,1.1519088745117188,False,0.0,-8.030363500904173,2.4010212303403478,1.7407936838815203,CENTER,0.0,0.9168663902514452,0.05327430558626793,NORMAL,STABLE,NORMAL,NO_ACTION,False,0.0
2026-08-12T01:23:37.199292,0.48051856491029254,0.24510819431588962,0.08138238573021182,False,9,1.1519088745117188,False,0.0,-8.469814455977058,0.4456840813604117,1.561812019896763,CENTER,0.0,0.9163217207938344,0.052064549689785786,NORMAL,STABLE,NORMAL,NO_ACTION,False,0.0
2026-08-12T01:23:37.235008,0.46658740195181864,0.24853697815252312,0.08138238573021182,False,9,1.1519088745117188,False,0.0,-7.9464837291018,1.3303957395430075,1.141386430618951,CENTER,0.0,0.9164790003659,0.05178346223278658,NORMAL,STABLE,NORMAL,NO_ACTION,False,0.0
2026-08-12T01:23:37.264560,0.45173860263633336,0.25775281800362615,0.08138238573021182,False,9,1.1519088745117188,False,0.0,-8.136938203507981,0.8401621534696915,1.7690995426066252,CENTER,0.0,0.9169629920512445,0.05223534503825766,NORMAL,STABLE,NORMAL,NO_ACTION,False,0.0
2026-08-12T01:23:37.293299,0.43289483596147893,0.231058163629962,0.08129175946547884,False,9,1.1519088745117188,False,0.0,-7.180268078217409,-3.1881211338427704,2.0062074688013922,CENTER,0.0,0.916981998946698,0.053279966293689154,NORMAL,STABLE,NORMAL,NO_ACTION,False,0.0
2026-08-12T01:23:37.325823,0.3910804592188192,0.23185960145627765,0.08129175946547884,False,9,1.1519088745117188,False,0.0,-8.325129372263802,-1.3047240004210892,1.348889765536768,CENTER,0.0,0.9159817735125172,0.05235210708298711,NORMAL,STABLE,NORMAL,NO_ACTION,False,0.0
2026-08-12T01:23:37.357924,0.4288332759515504,0.22865670923671877,0.08120133481646273,False,9,1.1519088745117188,False,0.0,-8.323833034531248,0.6987098263653309,1.1696068885711384,CENTER,0.0,0.9156792678249926,0.05171505708390378,NORMAL,STABLE,NORMAL,NO_ACTION,False,0.0
2026-08-12T01:23:37.389019,0.43098459920956156,0.23499168013547897,0.08120133481646273,False,9,1.1519088745117188,False,0.0,-8.216816236479588,-3.8823658076762797,2.0578913611937537,CENTER,0.0,0.9159959913669043,0.054893847638472,NORMAL,STABLE,NORMAL,NO_ACTION,False,0.0
2026-08-12T01:23:37.436282,0.4130082102439444,0.2527850489201565,0.08120133481646273,False,9,1.1519088745117188,False,0.0,-9.4984949321547,1.1713304304359156,1.2080522650532828,CENTER,0.0,0.9155632113233023,0.053287467998491815,NORMAL,STABLE,NORMAL,NO_ACTION,False,0.0
2026-08-12T01:23:37.468584,0.4236188834641171,0.2602773885936198,0.08120133481646273,False,9,1.1519088745117188,False,0.0,-8.299694788615454,2.6746459792722135,0.8143560710683175,CENTER,0.0,0.9160062411586934,0.052821023107545766,NORMAL,STABLE,NORMAL,NO_ACTION,False,0.0
2026-08-12T01:23:37.500695,0.4251183560226652,0.23670309917699536,0.08120133481646273,False,9,1.1519088745117188,False,0.0,-7.909196658459592,-5.318662682054736,1.925801328843903,CENTER,0.0,0.9163735170717594,0.05553332831674222,NORMAL,STABLE,NORMAL,NO_ACTION,False,0.0
2026-08-12T01:23:37.532546,0.3915700520688179,0.28520414569519326,0.08129175946547884,False,9,1.1519088745117188,False,0.0,-8.747577621946931,2.074921525322708,0.808679082017278,CENTER,0.0,0.9155447268686924,0.05281341219316599,NORMAL,STABLE,NORMAL,NO_ACTION,False,0.0
2026-08-12T01:23:37.565146,0.3820458098290064,0.23487402047587425,0.08129175946547884,False,9,1.1519088745117188,False,0.0,-7.264601850532699,4.77806924112528,0.3574910712642918,CENTER,0.0,0.9146413893328679,0.052906896842926876,NORMAL,STABLE,NORMAL,NO_ACTION,False,0.0
2026-08-12T01:23:37.597315,0.24132147718850144,0.23121064424836446,0.08120133481646273,False,9,1.1519088745117188,False,0.0,-10.04006056729503,4.214920542224007,0.11579420424243381,CENTER,0.0,0.9144933022318366,0.1365227621854664,NORMAL,STABLE,NORMAL,NO_ACTION,False,0.0
2026-08-12T01:23:37.645576,0.17074033043480208,0.233495929805603,0.08231368186874305,True,9,1.1519088745117188,False,0.0,-11.667619816891516,1.4162537975435612,0.4190727518188453,CENTER,0.0,0.9147650087877228,0.23438345139605302,LOW,STABLE,NORMAL,NO_ACTION,False,0.0
2026-08-12T01:23:37.673356,0.1776569819944777,0.2817488254072828,0.08342602892102335,True,9,1.1519088745117188,False,0.027779340744018555,-12.745505931107289,3.2053640321551597,-0.3997834368788631,UP,0.0,0.914190634836432,0.2542681624380196,LOW,STABLE,NORMAL,NO_ACTION,False,0.027779340744018555
2026-08-12T01:23:37.696415,0.09766500114145342,0.2779852669791512,0.08444444444444445,True,9,1.1519088745117188,False,0.05083870887756348,-12.001153049643307,2.177392737900078,-0.07803937433979513,UP,0.023059368133544922,0.9150681364286326,0.2908378920298076,LOW,STABLE,NORMAL,NO_ACTION,False,0.05083870887756348
2026-08-12T01:23:37.727318,0.14048391405735752,0.2795330323353535,0.08555555555555555,True,9,1.1519088745117188,False,0.0817418098449707,-11.76345938677423,6.745943874882499,-1.0096996581703763,UP,0.05396246910095215,0.915698672770613,0.29497098922564696,LOW,STABLE,NORMAL,NO_ACTION,False,0.0817418098449707
2026-08-12T01:23:37.756746,0.20431482403589024,0.25248999764733177,0.08657047724750278,True,9,1.1519088745117188,False,0.11117005348205566,-12.230450875361242,6.712160719463128,-1.1509755476836858,UP,0.08339071273803711,0.9154358725872037,0.22011846279848188,LOW,STABLE,NORMAL,NO_ACTION,False,0.11117005348205566
2026-08-12T01:23:37.789071,0.31639848632440926,0.21112245820253656,0.08657047724750278,False,10,0.1434943675994873,False,0.0,-10.479134497039212,-3.6252627863091504,0.8298630355890566,UP,0.11571502685546875,0.9849811653377916,0.03950839111782828,NORMAL,STABLE,NORMAL,NO_ACTION,False,0.0
2026-08-12T01:23:37.820263,0.3929688142034532,0.18135959232183144,0.08657047724750278,False,10,0.1434943675994873,False,0.0,-9.63312554770036,7.723810313240875,-1.2356165014879252,UP,0.14690732955932617,0.9845498837234226,0.042044503495818245,NORMAL,STABLE,NORMAL,NO_ACTION,False,0.0
2026-08-12T01:23:37.853039,0.4127342131775611,0.18653883058311835,0.08657047724750278,False,10,0.1434943675994873,False,0.0,-10.335196806593984,0.3408398091940512,-0.0951967244673142,UP,0.17968344688415527,0.9840055539480452,0.036290244743958436,NORMAL,STABLE,NORMAL,NO_ACTION,False,0.0
2026-08-12T01:23:37.886184,0.39717675763801363,0.21719085516468872,0.08657047724750278,False,10,0.1434943675994873,False,0.0,-8.54246489687776,-6.006105854104874,1.4319462942136454,CENTER,0.0,0.9824875551911865,0.01394273167123784,NORMAL,STABLE,NORMAL,NO_ACTION,False,0.0
2026-08-12T01:23:37.917912,0.4424936489703887,0.1445121789845583,0.08657047724750278,False,10,0.1434943675994873,False,0.0,-10.090506572584587,4.4286232060898385,-0.30457744175703283,CENTER,0.0,0.9811253509730796,0.013208530995986444,NORMAL,STABLE,NORMAL,NO_ACTION,False,0.0
2026-08-12T01:23:37.965881,0.392208199992818,0.047765688302563405,0.08657047724750278,False,10,0.1434943675994873,False,0.0,-9.916738723891797,4.850309415681636,-0.25571752065584974,CENTER,0.0,0.9801383530521262,0.013298699850519655,NORMAL,STABLE,NORMAL,NO_ACTION,False,0.0
2026-08-12T01:23:37.997880,0.42103434914890475,0.09011027955771704,0.08657047724750278,False,10,0.1434943675994873,False,0.0,-10.950148407123407,5.502535691506807,-0.28163635289988065,CENTER,0.0,0.9804801767189643,0.014789846286851418,NORMAL,STABLE,NORMAL,NO_ACTION,False,0.0
2026-08-12T01:23:38.028853,0.38187552496646116,0.0025196873567558046,0.08657047724750278,False,10,0.1434943675994873,False,0.0,-9.470015495043839,-0.1155117241323751,1.1006540548708301,CENTER,0.0,0.9809815189900549,0.010262588404383806,NORMAL,STABLE,NORMAL,NO_ACTION,False,0.0
2026-08-12T01:23:38.060401,0.4113266710908037,0.004193815298844596,0.08657047724750278,False,10,0.1434943675994873,False,0.0,-9.061858663506882,1.6333618056781063,0.612015558414015,CENTER,0.0,0.9834435281635804,0.010495232777061719,NORMAL,STABLE,NORMAL,NO_ACTION,False,0.0
2026-08-12T01:23:38.093419,0.4416302271567152,0.003096550091959048,0.08657047724750278,False,10,0.1434943675994873,False,0.0,-8.144788727540686,0.35150072642335317,1.0103461300732306,CENTER,0.0,0.9856119925625857,0.0090699174245636,NORMAL,STABLE,NORMAL,NO_ACTION,False,0.0
2026-08-12T01:23:38.124362,0.4583718710865883,0.008559373710390046,0.08657047724750278,False,10,0.1434943675994873,False,0.0,-8.777153031366396,0.09950202815804232,1.051421746450302,CENTER,0.0,0.986211125042867,0.009536416065641332,NORMAL,STABLE,NORMAL,NO_ACTION,False,0.0
2026-08-12T01:23:38.157834,0.47549677533609175,0.01438690121249458,0.08666666666666667,False,10,0.1434943675994873,False,0.0,-7.849372232575206,5.115040922619755,0.25381930150192034,CENTER,0.0,0.9866949186599794,0.011497269551003352,NORMAL,STABLE,NORMAL,NO_ACTION,False,0.0
2026-08-12T01:23:38.189056,0.44525927629121453,0.006830162863705311,0.08666666666666667,False,10,0.1434943675994873,False,0.0,-8.710784876414067,0.8260322093967147,0.7351320349836499,CENTER,0.0,0.9868289850180041,0.009692646954799133,NORMAL,STABLE,NORMAL,NO_ACTION,False,0.0
2026-08-12T01:23:38.222368,0.44294012576065456,0.010145728059204313,0.08666666666666667,False,10,0.1434943675994873,False,0.0,-8.689655909656125,0.9796974921672472,0.9726701472536945,CENTER,0.0,0.9853243018046982,0.01001202142877469,NORMAL,STABLE,NORMAL,NO_ACTION,False,0.0
2026-08-12T01:23:38.254305,0.4344641724165284,0.022043001637722204,0.08666666666666667,False,10,0.1434943675994873,False,0.0,-10.598559458667353,3.912779013907709,-0.0008585062169288449,CENTER,0.0,0.9841222859867971,0.013032742883636728,NORMAL,STABLE,NORMAL,NO_ACTION,False,0.0
2026-08-12T01:23:38.285792,0.44572646685755146,0.022832854226557366,0.08666666666666667,False,10,0.1434943675994873,False,0.0,-8.563441674841158,1.538038613631926,0.41920713047878166,CENTER,0.0,0.9834517666538065,0.009760763774227445,NORMAL,STABLE,NORMAL,NO_ACTION,False,0.0
2026-08-12T01:23:38.317301,0.448750387746646,0.013626367213340547,0.08657047724750278,False,10,0.1434943675994873,False,0.0,-7.851322128706357,-4.320567915694426,1.4341299296710588,CENTER,0.0,0.9829139205032579,0.012061956587920522,NORMAL,STABLE,NORMAL,NO_ACTION,False,0.0
2026-08-12T01:23:38.348744,0.45850297723876987,0.005726106522736863,0.08657047724750278,False,10,0.1434943675994873,False,0.0,-8.433966269937713,7.379828470861355,-0.8734822258886652,CENTER,0.0,0.9833568297753772,0.014292604299010454,NORMAL,STABLE,NORMAL,NO_ACTION,False,0.0
2026-08-12T01:23:38.380933,0.4599824668961068,0.15640012246652302,0.08657047724750278,False,10,0.1434943675994873,False,0.0,-8.794663853663707,7.674282561759043,-1.752795857298679,CENTER,0.0,0.984983241705247,0.01569935046071568,NORMAL,STABLE,NORMAL,NO_ACTION,False,0.0
2026-08-12T01:23:38.413073,0.47074594926167557,0.2932553151809846,0.08657047724750278,False,10,0.1434943675994873,False,0.0,-8.06162528228154,8.35250479237041,-1.93187422887695,CENTER,0.0,0.9881034727580591,0.015655734471901623,NORMAL,STABLE,NORMAL,NO_ACTION,False,0.0
2026-08-12T01:23:38.444868,0.46495644862562213,0.3282311193055348,0.08657047724750278,False,10,0.1434943675994873,False,0.0,-6.677624414362697,16.294655632247412,-2.758339354140844,CENTER,0.0,0.9895026631087106,0.02085484602999691,NORMAL,STABLE,NORMAL,NO_ACTION,False,0.0
2026-08-12T01:23:38.493214,0.4734497715422372,0.3666911251251612,0.08657047724750278,False,10,0.1434943675994873,False,0.0,-7.969593496411051,19.576203559166345,-3.506208971867835,CENTER,0.0,0.9900305694873115,0.025189141984407214,NORMAL,STABLE,NORMAL,NO_ACTION,False,0.0
2026-08-12T01:23:38.524856,0.44639605335267096,0.0638819104472632,0.08657047724750278,False,10,0.1434943675994873,False,0.0,-10.439326480956879,4.586333730915499,-1.6598632290701403,CENTER,0.0,0.9894517586162552,0.01496342371161314,NORMAL,STABLE,NORMAL,NO_ACTION,False,0.0
2026-08-12T01:23:38.558035,0.4675840555610614,0.004789301822520267,0.08666666666666667,False,10,0.1434943675994873,False,0.0,-9.509940449688543,19.11232178195891,-3.651393753233549,CENTER,0.0,0.98724910783179,0.026477220889784197,NORMAL,STABLE,NORMAL,NO_ACTION,False,0.0
2026-08-12T01:23:38.588806,0.4385200925729907,0.006166485477184425,0.08666666666666667,False,10,0.1434943675994873,False,0.0,-10.690252179484588,-10.656295939457948,1.6656163386189462,CENTER,0.0,0.9857195216049384,0.019594457492226738,NORMAL,STABLE,NORMAL,NO_ACTION,False,0.0
2026-08-12T01:23:38.621335,0.43204970317995267,0.0033224146881179026,0.08666666666666667,False,10,0.1434943675994873,False,0.0,-9.130279049543304,4.309824340916663,-0.6260768444362554,CENTER,0.0,0.9851108914180383,0.012507660292271983,NORMAL,STABLE,NORMAL,NO_ACTION,False,0.0
2026-08-12T01:23:38.653149,0.3563151707258769,0.0032305838061455457,0.08666666666666667,False,10,0.1434943675994873,False,0.0,-11.390391812000956,-3.4175728654483635,0.6358793365500048,CENTER,0.0,0.9860164957347394,0.014049100768095115,NORMAL,STABLE,NORMAL,NO_ACTION,False,0.0
2026-08-12T01:23:38.685930,0.3532294949875205,0.003859054630566718,0.08666666666666667,False,10,0.1434943675994873,False,0.0,-11.208435031469861,3.460729640367333,-0.6240644201204475,CENTER,0.0,0.9867091451260288,0.013893674582537444,NORMAL,STABLE,NORMAL,NO_ACTION,False,0.0
2026-08-12T01:23:38.716936,0.331606868016484,0.003335848399572098,0.08666666666666667,False,10,0.1434943675994873,False,0.0,-11.319538770629947,6.327755193932518,-1.2554403592504855,CENTER,0.0,0.9874130202974966,0.016679284579947235,NORMAL,STABLE,NORMAL,NO_ACTION,False,0.0
2026-08-12T01:23:38.750461,0.327890455893048,0.002707491385345638,0.08666666666666667,False,10,0.1434943675994873,False,0.0,-10.110763819584776,1.734380753763645,0.15148710634517215,CENTER,0.0,0.9876731288580247,0.011134775880465545,NORMAL,STABLE,NORMAL,NO_ACTION,False,0.0
2026-08-12T01:23:38.782246,0.18360749802311208,0.05011500585379897,0.08777777777777777,True,10,0.1434943675994873,False,0.0,-12.829677433443607,1.707032678930375,0.05174878768619351,CENTER,0.0,0.9867313957475995,0.1688271959317216,NORMAL,STABLE,NORMAL,NO_ACTION,False,0.0
2026-08-12T01:23:38.845642,0.04121655215294035,0.00608976543928859,0.08898776418242492,True,10,0.1434943675994873,False,0.06339573860168457,-12.823109022740908,3.6790183612673104,-0.5682391277880185,UP,0.0,0.8723263073651528,0.09708623941615804,NORMAL,STABLE,NORMAL,NO_ACTION,False,0.06339573860168457
2026-08-12T01:23:38.877317,0.16186094941761545,0.0029820753202922214,0.09010011123470522,True,10,0.1434943675994873,False,0.09507131576538086,-9.610924310078758,1.5364804807576036,-0.26495701650659953,UP,0.03167557716369629,0.9846908489797668,0.2208051890678458,LOW,STABLE,NORMAL,NO_ACTION,False,0.09507131576538086
2026-08-12T01:23:38.900275,0.13771869154025868,0.0010548825676097969,0.09111111111111111,True,10,0.1434943675994873,False,0.11802911758422852,-10.163501506829675,1.0612989387246614,-0.15325386724612144,UP,0.054633378982543945,0.9846807886445473,0.2367011470011519,LOW,STABLE,NORMAL,NO_ACTION,False,0.11802911758422852
2026-08-12T01:23:38.929771,0.23838848629465345,0.005340591133752818,0.09111111111111111,False,11,0.14752507209777832,False,0.0,-11.280974644259118,2.2243099799472077,-0.11094180353458682,UP,0.08412933349609375,0.9853675840192044,0.12072512465348455,NORMAL,STABLE,NORMAL,NO_ACTION,False,0.0
2026-08-12T01:23:38.952880,0.2937698787364753,0.0007645312732871239,0.09100998890122086,False,11,0.14752507209777832,False,0.0,-11.53823331261168,1.3058206782120294,0.28476716770430244,UP,0.1072385311126709,0.9850276223851167,0.04663503263704588,NORMAL,STABLE,NORMAL,NO_ACTION,False,0.0
2026-08-12T01:23:38.977544,0.32555250731261653,0.007951622544228047,0.09100998890122086,False,11,0.14752507209777832,False,0.0,-10.81507364314993,3.6261689598801183,-0.1549568905996921,UP,0.13190197944641113,0.9853578317901235,0.039182632910931575,NORMAL,STABLE,NORMAL,NO_ACTION,False,0.0
2026-08-12T01:23:39.021870,0.3622282891469223,0.0023509724196887137,0.09111111111111111,False,11,0.14752507209777832,False,0.0,-11.736373121389448,2.405380061492764,-0.18366840947618357,UP,0.17622828483581543,0.9854688303755144,0.039215777444504274,NORMAL,STABLE,NORMAL,NO_ACTION,False,0.0
2026-08-12T01:23:39.052984,0.3643849793820414,0.0030195055893201712,0.09100998890122086,False,11,0.14752507209777832,False,0.0,-11.603772338337649,8.391149348236041,-1.2371891688726464,CENTER,0.0,0.985336398319616,0.018425644869558166,NORMAL,STABLE,NORMAL,NO_ACTION,False,0.0
2026-08-12T01:23:39.084787,0.35510340135358215,0.0070837876169745915,0.09111111111111111,False,11,0.14752507209777832,False,0.0,-10.159317806466476,7.8916166254967095,-1.043697370578201,CENTER,0.0,0.9857010218407065,0.016487589585198054,NORMAL,STABLE,NORMAL,NO_ACTION,False,0.0
2026-08-12T01:23:39.117010,0.40576083127359674,0.005437411263308136,0.09111111111111111,False,11,0.14752507209777832,False,0.0,-10.97189933794948,10.381252440396139,-1.772094290630065,CENTER,0.0,0.9863599670996228,0.01976956507151085,NORMAL,STABLE,NORMAL,NO_ACTION,False,0.0
2026-08-12T01:23:39.148233,0.3787467830845424,0.00884593228843863,0.09100998890122086,False,11,0.14752507209777832,False,0.0,-11.521568769283874,11.620210990876558,-2.348250591608661,CENTER,0.0,0.9853486957733196,0.02174849695204811,NORMAL,STABLE,NORMAL,NO_ACTION,False,0.0
2026-08-12T01:23:39.181282,0.3875382463233952,0.26742848457640045,0.09111111111111111,False,11,0.14752507209777832,False,0.0,-10.659774196378976,13.034594160222866,-2.1384624727972152,CENTER,0.0,0.9844205863125856,0.021738101463812106,NORMAL,STABLE,NORMAL,NO_ACTION,False,0.0
2026-08-12T01:23:39.244706,0.4025763861294712,0.49389925483380204,0.09100998890122086,False,11,0.14752507209777832,False,0.0,-11.404977047413041,13.422779906093979,-2.629133238277973,CENTER,0.0,0.9844781619727366,0.041988409322197405,NORMAL,STABLE,NORMAL,NO_ACTION,False,0.0
2026-08-12T01:23:39.285732,0.40214505184712546,0.46003648257771734,0.09111111111111111,False,11,0.14752507209777832,False,0.0,-10.125324963735096,16.450701518554666,-2.701453181706654,CENTER,0.0,0.9846431461119683,0.03624007101159167,NORMAL,STABLE,NORMAL,NO_ACTION,False,0.0
2026-08-12T01:23:39.322520,0.4017959552940601,0.4502216594093027,0.09111111111111111,False,11,0.14752507209777832,False,0.0,-10.06391146276627,15.601682427635382,-2.242456383324594,CENTER,0.0,0.9855860580632717,0.033162790079536555,NORMAL,STABLE,NORMAL,NO_ACTION,False,0.0
2026-08-12T01:23:39.360750,0.3923321122117921,0.38660151887211175,0.09121245828698554,False,11,0.14752507209777832,False,0.0,-10.992866553352485,16.307388181912273,-2.0562385667459466,CENTER,0.0,0.9858392945173182,0.024343363061846247,NORMAL,STABLE,NORMAL,NO_ACTION,False,0.0
2026-08-12T01:23:39.380997,0.38261620939002194,0.3343708271601642,0.09111111111111111,False,11,0.14752507209777832,False,0.0,-10.288465665508596,12.712672503600032,-1.2374413162566498,CENTER,0.0,0.9845578141075102,0.020280396123929522,NORMAL,STABLE,NORMAL,NO_ACTION,False,0.0
2026-08-12T01:23:39.406327,0.3640191941940121,0.3004560939705025,0.09111111111111111,False,11,0.14752507209777832,False,0.0,-9.424969539638937,7.169762802451572,0.37534753566365,CENTER,0.0,0.9834683641975308,0.014615504392802701,NORMAL,STABLE,NORMAL,NO_ACTION,False,0.0
2026-08-12T01:23:39.431741,0.3740469595180273,0.28810447588867377,0.09111111111111111,False,11,0.14752507209777832,False,0.0,-9.094381490743075,7.836728109441566,0.18402883140606718,CENTER,0.0,0.9834902665252058,0.014594624685555118,NORMAL,STABLE,NORMAL,NO_ACTION,False,0.0
2026-08-12T01:23:39.471190,0.34486068823200383,0.21671765226103937,0.09111111111111111,False,11,0.14752507209777832,False,0.0,-10.23919859923052,2.209320969060201,1.3700204647403496,CENTER,0.0,0.9834479488168725,0.012774868687404316,NORMAL,STABLE,NORMAL,NO_ACTION,False,0.0
2026-08-12T01:23:39.494131,0.14118587778025726,0.2467531114387502,0.09222222222222222,True,11,0.14752507209777832,False,0.0,-11.368824537867738,-0.7583130314874609,1.6067064680225087,CENTER,0.0,0.9818452476637518,0.21304262630619084,LOW,STABLE,NORMAL,NO_ACTION,False,0.0
2026-08-12T01:23:39.518081,0.06238625000822711,0.2288094117219886,0.09333333333333334,True,11,0.14752507209777832,False,0.023949861526489258,-11.25374150451313,1.608431083342225,1.6424136283432347,UP,0.0,0.9811816540209192,0.23958016442886812,LOW,STABLE,NORMAL,NO_ACTION,False,0.023949861526489258
2026-08-12T01:23:39.552792,0.19797121558377123,0.2513660177118145,0.09444444444444444,True,11,0.14752507209777832,False,0.05866074562072754,-12.852956883871741,5.056252268834612,1.2597677953223183,UP,0.03471088409423828,0.9819107001243141,0.1792801481439095,NORMAL,STABLE,NORMAL,NO_ACTION,False,0.05866074562072754
2026-08-12T01:23:39.585791,0.2751385596690315,0.2742373774042655,0.09444444444444444,False,12,0.0916597843170166,False,0.0,-10.667470846629357,5.387558404880764,1.548721630161367,UP,0.06770992279052734,0.9817765132030178,0.07480334241505923,NORMAL,STABLE,NORMAL,NO_ACTION,False,0.0
2026-08-12T01:23:39.646506,0.39828139842592225,0.1994820442643346,0.09444444444444444,False,12,0.0916597843170166,False,0.0,-9.168149299614527,6.975804978886231,1.6669154777329425,UP,0.12842488288879395,0.9806857772848078,0.04147184745553022,NORMAL,STABLE,NORMAL,NO_ACTION,False,0.0
2026-08-12T01:23:39.678203,0.3451509091167526,0.28597861248141326,0.09444444444444444,False,12,0.0916597843170166,False,0.0,-9.219517975168941,5.388391525774864,2.4623901958579495,UP,0.16012239456176758,0.9807404728223593,0.04114086100738182,NORMAL,STABLE,NORMAL,NO_ACTION,False,0.0
2026-08-12T01:23:39.708760,0.4067869876325073,0.3114446687953632,0.09433962264150944,False,12,0.0916597843170166,False,0.0,-9.493611498834582,12.001906549248218,1.562372440893398,UP,0.19067859649658203,0.9803714420438957,0.04531454667197287,NORMAL,STABLE,NORMAL,NO_ACTION,False,0.0
2026-08-12T01:23:39.740726,0.3952376109006923,0.2992898109641874,0.09433962264150944,False,12,0.0916597843170166,False,0.0,-10.21764552695089,13.54225142401819,0.8678073350482975,CENTER,0.0,0.9806504924339849,0.020455395451123463,NORMAL,STABLE,NORMAL,NO_ACTION,False,0.0
2026-08-12T01:23:39.773180,0.39393286425562607,0.3406140835690954,0.09444444444444444,False,12,0.0916597843170166,False,0.0,-11.475712614815706,12.669352666265866,0.6871670029351264,CENTER,0.0,0.9815612943672841,0.020862490631618744,NORMAL,STABLE,NORMAL,NO_ACTION,False,0.0
2026-08-12T01:23:39.806786,0.3992581630078158,0.43298919803015684,0.09444444444444444,False,12,0.0916597843170166,False,0.0,-10.251525651279508,17.575385153540907,0.3736262661356875,CENTER,0.0,0.9816753070344651,0.029522801100358875,NORMAL,STABLE,NORMAL,NO_ACTION,False,0.0
2026-08-12T01:23:39.837407,0.3758038654783132,0.5011471144250157,0.09444444444444444,False,12,0.0916597843170166,False,0.0,-11.797499199057143,17.79382911129366,-0.07187121392760787,CENTER,0.0,0.9821485982510288,0.04451028578899684,NORMAL,STABLE,NORMAL,NO_ACTION,False,0.0
2026-08-12T01:23:39.869104,0.3897498355987055,0.924350487614071,0.09444444444444444,False,12,0.0916597843170166,False,0.0,-13.334938896306284,22.040710940132954,-0.8352099156952875,CENTER,0.0,0.9837875889489027,0.1095636197201716,NORMAL,STABLE,NORMAL,NO_ACTION,False,0.0
2026-08-12T01:23:39.902296,0.4184781625021442,0.8913774000342481,0.09444444444444444,False,12,0.0916597843170166,False,0.0,-13.013973866877734,22.241543681257326,-1.4677477234127707,CENTER,0.0,0.9843560045867628,0.11000869863452115,NORMAL,STABLE,NORMAL,NO_ACTION,False,0.0
2026-08-12T01:23:39.933571,0.42504314620081324,0.9917188602147382,0.09444444444444444,False,12,0.0916597843170166,False,0.0,-10.940125923429008,22.841566266781314,-1.3069139679115267,CENTER,0.0,0.9842817510073731,0.10829013256952183,NORMAL,STABLE,NORMAL,NO_ACTION,False,0.0
2026-08-12T01:23:39.951633,0.42852487394524486,0.9299173275937725,0.09444444444444444,False,12,0.0916597843170166,False,0.0,-10.986378476071565,23.286889683566073,-1.0520931305323131,CENTER,0.0,0.984231690457819,0.10841091150374961,NORMAL,STABLE,NORMAL,NO_ACTION,False,0.0
2026-08-12T01:23:39.974858,0.433097172400737,0.9820138347454057,0.09433962264150944,False,12,0.0916597843170166,False,0.0,-10.84156177542232,23.11131948921306,-1.3639374630469945,CENTER,0.0,0.9827408720207476,0.10844495223110581,NORMAL,STABLE,NORMAL,NO_ACTION,False,0.0
2026-08-12T01:23:40.030039,0.40567542200283846,0.683922899447431,0.09433962264150944,False,12,0.0916597843170166,False,0.0,-11.68716469045242,19.915578628241832,-1.2690659148796044,CENTER,0.0,0.9821176670739026,0.10685984366627216,NORMAL,STABLE,NORMAL,NO_ACTION,False,0.0
2026-08-12T01:23:40.077148,0.38152224944745994,0.14808892745028227,0.09433962264150944,False,12,0.0916597843170166,False,0.0,-7.998183829607228,16.85670293948465,-0.2583096064096253,CENTER,0.0,0.9820987520361797,0.02012498283912552,NORMAL,STABLE,NORMAL,NO_ACTION,False,0.0
2026-08-12T01:23:40.109018,0.38518441354398725,0.10772898318409349,0.09444444444444444,False,12,0.0916597843170166,False,0.0,-10.846948498022982,13.468118239067508,-0.5715735007766227,CENTER,0.0,0.982739947702332,0.020722588060392823,NORMAL,STABLE,NORMAL,NO_ACTION,False,0.0
2026-08-12T01:23:40.140681,0.3866659968901972,0.2778808027450961,0.09433962264150944,False,12,0.0916597843170166,False,0.0,-11.680384910621598,10.424878089036298,-1.1432348014629667,CENTER,0.0,0.9825811390817901,0.01987774945371876,NORMAL,STABLE,NORMAL,NO_ACTION,False,0.0
2026-08-12T01:23:40.174463,0.3796906238891047,0.030404974290907435,0.09444444444444444,False,12,0.0916597843170166,False,0.0,-11.088010882980257,12.955261364085203,-2.131202861485633,CENTER,0.0,0.9821796231995885,0.022086190887250914,NORMAL,STABLE,NORMAL,NO_ACTION,False,0.0
2026-08-12T01:23:40.206275,0.37784632033791066,0.011825743543128256,0.09433962264150944,False,12,0.0916597843170166,False,0.0,-11.419097672273438,12.911370481480787,-1.7353164525935085,CENTER,0.0,0.9828263245884773,0.021992092282793183,NORMAL,STABLE,NORMAL,NO_ACTION,False,0.0
2026-08-12T01:23:40.237569,0.3881913892210056,0.021272346828742267,0.09444444444444444,False,12,0.0916597843170166,False,0.0,-11.917007006291612,11.747082610308297,-1.7118499525570599,CENTER,0.0,0.983496455439815,0.021608088586336196,NORMAL,STABLE,NORMAL,NO_ACTION,False,0.0
2026-08-12T01:23:40.269338,0.3948581380247174,0.02707967098755895,0.09433962264150944,False,12,0.0916597843170166,False,0.0,-10.015896186667021,13.51143661261176,-2.2130555673383867,CENTER,0.0,0.9830552340534979,0.021534287390743333,NORMAL,STABLE,NORMAL,NO_ACTION,False,0.0
2026-08-12T01:23:40.302042,0.38336721852644273,0.02365011082101113,0.09444444444444444,False,12,0.0916597843170166,False,0.0,-11.133776958814337,11.582070543870628,-2.1404899204573553,CENTER,0.0,0.982860939643347,0.02114745609135338,NORMAL,STABLE,NORMAL,NO_ACTION,False,0.0
2026-08-12T01:23:40.340233,0.38137140079067355,0.011250733032050176,0.09433962264150944,False,12,0.0916597843170166,False,0.0,-11.387848290230096,10.091050279884684,-2.500765207031094,CENTER,0.0,0.9820803460433813,0.02066220116246453,NORMAL,STABLE,NORMAL,NO_ACTION,False,0.0
2026-08-12T01:23:40.365353,0.3742109464186463,0.06239394251263808,0.09433962264150944,False,12,0.0916597843170166,False,0.0,-8.259091199898933,15.209392194756163,-3.396935017157574,CENTER,0.0,0.9800053985553839,0.022208882571896828,NORMAL,STABLE,NORMAL,NO_ACTION,False,0.0
2026-08-12T01:23:40.398065,0.3889011169586064,0.026863725089723324,0.09444444444444444,False,12,0.0916597843170166,False,0.0,-10.595328649735421,11.842446177141142,-2.698816680583292,CENTER,0.0,0.9780220523619685,0.02135464737194588,NORMAL,STABLE,NORMAL,NO_ACTION,False,0.0
2026-08-12T01:23:40.430534,0.41193541175464793,0.0341408167943783,0.09444444444444444,False,12,0.0916597843170166,False,0.0,-7.595567671254344,15.801291710950693,-3.39549654790099,CENTER,0.0,0.9773979230967077,0.021996031780058416,NORMAL,STABLE,NORMAL,NO_ACTION,False,0.0
2026-08-12T01:23:40.461040,0.37195533765182,0.03814090196793954,0.09444444444444444,False,12,0.0916597843170166,False,0.0,-9.91061770674429,12.403815607559238,-2.555051752923731,CENTER,0.0,0.9780274241255145,0.020962289270324952,NORMAL,STABLE,NORMAL,NO_ACTION,False,0.0
2026-08-12T01:23:40.492623,0.4052997348001468,0.07385530137399378,0.09433962264150944,False,12,0.0916597843170166,False,0.0,-6.810635408728643,17.981670674894985,-2.7793443377478297,CENTER,0.0,0.9783026164909121,0.02222155746551261,NORMAL,STABLE,NORMAL,NO_ACTION,False,0.0
2026-08-12T01:23:40.524682,0.37353601490323685,0.0419198742303556,0.09433962264150944,False,12,0.0916597843170166,False,0.0,-7.792188845769772,13.951120459629777,-2.2706891834885994,CENTER,0.0,0.9781130642361111,0.01976598806383327,NORMAL,STABLE,NORMAL,NO_ACTION,False,0.0
2026-08-12T01:23:40.556801,0.3940615564282258,0.014460154207324613,0.09433962264150944,False,12,0.0916597843170166,False,0.0,-16.00907585430116,-0.21067582336331725,0.904995007659636,CENTER,0.0,0.9777172818072702,0.016439778554317237,NORMAL,STABLE,NORMAL,NO_ACTION,False,0.0
2026-08-12T01:23:40.605613,0.3665522950747708,0.07859651026537758,0.09444444444444444,False,12,0.0916597843170166,False,0.0,-15.899090847187864,-0.189199367401244,4.086590003045444,CENTER,0.0,0.9773715599279836,0.019382114435940383,NORMAL,STABLE,NORMAL,NO_ACTION,False,0.0
2026-08-12T01:23:40.639985,0.3801163988640566,0.09828282342889144,0.09444444444444444,False,12,0.0916597843170166,False,0.0,-38.10753241985864,-72.75232706733546,11.224777718116485,CENTER,0.0,0.9449756381815844,0.07182144998600655,NORMAL,STABLE,NORMAL,NO_ACTION,False,0.0
2026-08-12T01:23:40.668994,0.4159630147867903,0.0390606015965187,0.09444444444444444,False,12,0.0916597843170166,False,0.0,-5.411638009949684,11.514736695318703,-1.2647195103160414,CENTER,0.0,0.9782396824631343,0.014745283743911984,NORMAL,STABLE,NORMAL,NO_ACTION,False,0.0
2026-08-12T01:23:40.701270,0.40771130336738887,0.03355745648059441,0.09444444444444444,False,12,0.0916597843170166,False,0.0,-15.937076819362176,-0.2885035102485176,-10.435292623273028,CENTER,0.0,0.9800247824502744,0.025603978665124497,NORMAL,STABLE,NORMAL,NO_ACTION,False,0.0
2026-08-12T01:23:40.737566,0.40567247656772976,0.012245471977712013,0.09444444444444444,False,12,0.0916597843170166,False,0.0,-6.738668119750372,16.527048821903293,-2.6419438049438497,CENTER,0.0,0.9808663676697531,0.020969383780339405,NORMAL,STABLE,NORMAL,NO_ACTION,False,0.0
2026-08-12T01:23:40.766481,0.3849682387197114,0.8003305135940959,0.09444444444444444,False,12,0.0916597843170166,False,0.0,-10.946072594126434,16.658566446388676,-4.146155004880683,CENTER,0.0,0.981397047003601,0.10656444308439868,NORMAL,STABLE,NORMAL,NO_ACTION,False,0.0
2026-08-12T01:23:40.797060,0.37649090934408563,0.5113804126306415,0.09444444444444444,False,12,0.0916597843170166,False,0.0,-10.938929142198134,15.713073565981688,-3.772427093700088,CENTER,0.0,0.981361654985425,0.04779090462501706,NORMAL,STABLE,NORMAL,NO_ACTION,False,0.0
2026-08-12T01:23:40.829878,0.37971330955639915,0.3509684130133473,0.09444444444444444,False,12,0.0916597843170166,False,0.0,-12.168073372709898,15.75122722856753,-4.397240177807618,CENTER,0.0,0.9798028120713305,0.02732766975076008,NORMAL,STABLE,NORMAL,NO_ACTION,False,0.0
2026-08-12T01:23:40.861379,0.40281228395908314,0.2518008215174589,0.09444444444444444,False,12,0.0916597843170166,False,0.0,-10.161060974637223,14.316701120244147,-3.934248820366463,CENTER,0.0,0.9803312810785323,0.02391310098203173,NORMAL,STABLE,NORMAL,NO_ACTION,False,0.0
2026-08-12T01:23:40.892443,0.4221228956503996,0.2224617654880746,0.09433962264150944,False,12,0.0916597843170166,False,0.0,-10.12264249376014,15.326649495386363,-3.7392301299192923,CENTER,0.0,0.9807307205932784,0.024417716791692565,NORMAL,STABLE,NORMAL,NO_ACTION,False,0.0
2026-08-12T01:23:40.925702,0.43600250263331763,0.03738186702161944,0.09444444444444444,False,12,0.0916597843170166,False,0.0,-10.56139990681504,13.544368942570344,-3.5728370457422045,CENTER,0.0,0.9807552485210905,0.02339279093135593,NORMAL,STABLE,NORMAL,NO_ACTION,False,0.0
2026-08-12T01:23:40.957494,0.4051786695630579,0.01141227418665404,0.09444444444444444,False,12,0.0916597843170166,False,0.0,-9.552600951593178,12.96915891898712,-3.898203520418832,CENTER,0.0,0.9797104472093622,0.02231924130342819,NORMAL,STABLE,NORMAL,NO_ACTION,False,0.0
2026-08-12T01:23:40.989927,0.4047639819368308,0.011185346432179846,0.09444444444444444,False,12,0.0916597843170166,False,0.0,-10.443788869906996,12.585226710973217,-3.897458630584538,CENTER,0.0,0.9797487863297325,0.02289942058802806,NORMAL,STABLE,NORMAL,NO_ACTION,False,0.0
2026-08-12T01:23:41.020468,0.41571054995835266,0.011731816678542145,0.09433962264150944,False,12,0.0916597843170166,False,0.0,-10.34635475478251,15.749241473000382,-3.7331983988665343,CENTER,0.0,0.9834061669453018,0.024932540396977135,NORMAL,STABLE,NORMAL,NO_ACTION,False,0.0
2026-08-12T01:23:41.055533,0.41990030567619085,0.00796868881701416,0.09433962264150944,False,12,0.0916597843170166,False,0.0,-10.490047098678588,17.830149221233313,-4.226495949547882,CENTER,0.0,0.9856203382201647,0.027048815891405106,NORMAL,STABLE,NORMAL,NO_ACTION,False,0.0
2026-08-12T01:23:41.085914,0.4228391691182787,0.008427356074848718,0.09433962264150944,False,12,0.0916597843170166,False,0.0,-10.47111341893114,17.675659031237927,-4.442063713037612,CENTER,0.0,0.9858024021562072,0.027126590982975082,NORMAL,STABLE,NORMAL,NO_ACTION,False,0.0
2026-08-12T01:23:41.135572,0.4459937423424849,0.008733335596502238,0.09444444444444444,False,12,0.0916597843170166,False,0.0,-11.07791940720847,19.071731786909965,-5.177969138743379,CENTER,0.0,0.9855994003986626,0.02942784711257379,NORMAL,STABLE,NORMAL,NO_ACTION,False,0.0
2026-08-12T01:23:41.167445,0.42985656542608774,0.011202257788225105,0.09444444444444444,False,12,0.0916597843170166,False,0.0,-10.533985263562101,20.493381904698538,-6.10600283523371,CENTER,0.0,0.9845638958547669,0.030824468063344913,NORMAL,STABLE,NORMAL,NO_ACTION,False,0.0
2026-08-12T01:23:41.203538,0.4361453457554021,0.34196629012673213,0.09444444444444444,False,12,0.0916597843170166,False,0.0,-9.984358499964372,23.03292156732772,-6.951521810339358,CENTER,0.0,0.9838543140217764,0.03294351328262176,NORMAL,STABLE,NORMAL,NO_ACTION,False,0.0
2026-08-12T01:23:41.228877,0.4669967845315194,0.3656199012446181,0.09433962264150944,False,12,0.0916597843170166,False,0.0,-9.472206277468729,22.767360474553072,-7.647457919038175,CENTER,0.0,0.9845486780907065,0.03292869623566535,NORMAL,STABLE,NORMAL,NO_ACTION,False,0.0
2026-08-12T01:23:41.261545,0.4473075860825118,0.35867353458849915,0.09444444444444444,False,12,0.0916597843170166,False,0.0,-8.903871861366582,22.722571577817803,-7.818082012331075,CENTER,0.0,0.9859211167909808,0.032513368388280964,NORMAL,STABLE,NORMAL,NO_ACTION,False,0.0
2026-08-12T01:23:41.292848,0.43099426933862633,0.36995851593829454,0.09444444444444444,False,12,0.0916597843170166,False,0.0,-9.253155522763166,18.77897714809737,-7.012585210832611,CENTER,0.0,0.9861385727451989,0.029225900498569966,NORMAL,STABLE,NORMAL,NO_ACTION,False,0.0
2026-08-12T01:23:41.324783,0.44540883939161463,0.21863518105392568,0.09433962264150944,False,12,0.0916597843170166,False,0.0,-8.746715469873891,19.565253541839752,-7.136659527863742,CENTER,0.0,0.9873530601637517,0.029425562741001988,NORMAL,STABLE,NORMAL,NO_ACTION,False,0.0
2026-08-12T01:23:41.356932,0.43638519977800744,0.2063979455309238,0.09433962264150944,False,12,0.0916597843170166,False,0.0,-7.77395473432631,17.177890668812523,-6.256752475299834,CENTER,0.0,0.9881014633701989,0.025917305758967554,NORMAL,STABLE,NORMAL,NO_ACTION,False,0.0
2026-08-12T01:23:41.389527,0.4512434222217238,0.12919084538495068,0.09433962264150944,False,12,0.0916597843170166,False,0.0,-8.74911793738923,16.626884164177,-6.030952258831206,CENTER,0.0,0.9874215534979426,0.026240965418636405,NORMAL,STABLE,NORMAL,NO_ACTION,False,0.0
2026-08-12T01:23:41.421398,0.4623461977287284,0.0628732759548082,0.09444444444444444,False,12,0.0916597843170166,False,0.0,-9.23488827349692,13.823660373690927,-5.9822557954436775,CENTER,0.0,0.986250388481653,0.02463730085479365,NORMAL,STABLE,NORMAL,NO_ACTION,False,0.0
2026-08-12T01:23:41.452553,0.4539471186497701,0.02496200730566858,0.09433962264150944,False,12,0.0916597843170166,False,0.0,-9.674627646014926,15.254544181037431,-5.651512523178724,CENTER,0.0,0.9854825879843965,0.025775676145528326,NORMAL,STABLE,NORMAL,NO_ACTION,False,0.0
2026-08-12T01:23:41.485538,0.43072569314821363,0.0011077146529056832,0.09444444444444444,False,12,0.0916597843170166,False,0.0,-9.642814827483392,15.192227977329736,-5.149165197479022,CENTER,0.0,0.9862383053626542,0.025216293563220468,NORMAL,STABLE,NORMAL,NO_ACTION,False,0.0
2026-08-12T01:23:41.516701,0.44398232716791164,0.003095591808764507,0.09433962264150944,False,12,0.0916597843170166,False,0.0,-9.367713188143483,16.994904753541903,-4.5419907330701506,CENTER,0.0,0.9867705118312757,0.025668627579467466,NORMAL,STABLE,NORMAL,NO_ACTION,False,0.0
2026-08-12T01:23:41.548674,0.4134998955971911,0.0014481949825463497,0.09433962264150944,False,12,0.0916597843170166,False,0.0,-10.608018521573229,18.767596240574562,-4.650712548896223,CENTER,0.0,0.9871323891889574,0.02824796794531147,NORMAL,STABLE,NORMAL,NO_ACTION,False,0.0
2026-08-12T01:23:41.598864,0.4213888745593608,0.011185193263232094,0.09444444444444444,False,12,0.0916597843170166,False,0.0,-10.399097818639746,18.22708745828993,-4.612547478007713,CENTER,0.0,0.9877319771304871,0.027619666042573616,NORMAL,STABLE,NORMAL,NO_ACTION,False,0.0
2026-08-12T01:23:41.639522,0.43748327234121653,0.012069446580195856,0.09444444444444444,False,12,0.0916597843170166,False,0.0,-10.318920279318775,18.98945470355892,-4.464098901677659,CENTER,0.0,0.9877991174768519,0.027950106126863192,NORMAL,STABLE,NORMAL,NO_ACTION,False,0.0
2026-08-12T01:23:41.668761,0.42618396062720254,0.016285010410315267,0.09433962264150944,False,12,0.0916597843170166,False,0.0,-10.483026761269315,18.699490156528242,-5.0894795546647345,CENTER,0.0,0.9877271010159464,0.028500934158021702,NORMAL,STABLE,NORMAL,NO_ACTION,False,0.0
2026-08-12T01:23:41.692457,0.4527776689494044,0.027922048372678504,0.09433962264150944,False,12,0.0916597843170166,False,0.0,-10.33697462206436,19.78441553697806,-5.832786789302901,CENTER,0.0,0.9877837791495198,0.029859625913578557,NORMAL,STABLE,NORMAL,NO_ACTION,False,0.0
2026-08-12T01:23:41.731311,0.440612171878765,0.4831558549274644,0.09433962264150944,False,12,0.0916597843170166,False,0.0,-9.547791903915055,22.40112264787558,-5.5125120071853075,CENTER,0.0,0.98819077396262,0.047312274441870035,NORMAL,STABLE,NORMAL,NO_ACTION,False,0.0
2026-08-12T01:23:41.757154,0.44448572058235436,0.5263994540238369,0.09433962264150944,False,12,0.0916597843170166,False,0.0,-10.414807231326108,24.365588779169173,-5.993987355995387,CENTER,0.0,0.9875918960048011,0.058678321933069516,NORMAL,STABLE,NORMAL,NO_ACTION,False,0.0
2026-08-12T01:23:41.788935,0.42906461142288177,0.5633549225674223,0.09433962264150944,False,12,0.0916597843170166,False,0.0,-9.88473690918903,26.51946682772501,-6.418137045849562,CENTER,0.0,0.9869159781164266,0.0675229965865082,NORMAL,STABLE,NORMAL,NO_ACTION,False,0.0
2026-08-12T01:23:41.820708,0.4367789927362561,0.5346648040840113,0.09433962264150944,False,12,0.0916597843170166,False,0.0,-10.287900646209494,26.044797333342615,-6.4767459477590705,CENTER,0.0,0.9876187146347737,0.06188682598137128,NORMAL,STABLE,NORMAL,NO_ACTION,False,0.0
2026-08-12T01:23:41.852502,0.46148525579813315,0.455554373915302,0.09433962264150944,False,12,0.0916597843170166,False,0.0,-8.292982308996415,23.100776223283532,-6.247547468685838,CENTER,0.0,0.987096809627915,0.041796760359866604,NORMAL,STABLE,NORMAL,NO_ACTION,False,0.0
2026-08-12T01:23:41.885915,0.44182429751508323,0.3356593946145788,0.09433962264150944,False,12,0.0916597843170166,False,0.0,-7.652433236225249,21.348904071178254,-6.136925037236864,CENTER,0.0,0.9856375787680041,0.028697294240666332,NORMAL,STABLE,NORMAL,NO_ACTION,False,0.0
2026-08-12T01:23:41.916554,0.4723277894662061,0.2689460882252852,0.0942350332594235,False,12,0.0916597843170166,False,0.0,-7.974700817107021,18.0729835131163,-5.3392033652964415,CENTER,0.0,0.9849222098979767,0.025873506935120666,NORMAL,STABLE,NORMAL,NO_ACTION,False,0.0
2026-08-12T01:23:41.950006,0.46931176604769675,0.2607225665924185,0.0942350332594235,False,12,0.0916597843170166,False,0.0,-7.645475816132432,21.82123431993844,-5.632343669339718,CENTER,0.0,0.9863389756944445,0.028545828735595392,NORMAL,STABLE,NORMAL,NO_ACTION,False,0.0
2026-08-12T01:23:41.981947,0.45525264355797945,0.24474824037427012,0.0942350332594235,False,12,0.0916597843170166,False,0.0,-8.564626868030274,19.77762247291031,-4.972557869218974,CENTER,0.0,0.9859157986111111,0.02731964597741598,NORMAL,STABLE,NORMAL,NO_ACTION,False,0.0
2026-08-12T01:23:42.047654,0.4590166033783907,0.17096608525605736,0.09444444444444444,False,12,0.0916597843170166,False,0.0,-9.510923898280566,17.635586658010425,-4.735439076622441,CENTER,0.0,0.9860074400934499,0.02645553248809931,NORMAL,STABLE,NORMAL,NO_ACTION,False,0.0
2026-08-12T01:23:42.088029,0.4647419698093443,0.14354904197049126,0.09444444444444444,False,12,0.0916597843170166,False,0.0,-9.310120980261104,18.093157093038258,-4.804339879850005,CENTER,0.0,0.9860460873199587,0.02665898317322722,NORMAL,STABLE,NORMAL,NO_ACTION,False,0.0
2026-08-12T01:23:42.121228,0.44014072864985715,0.08309483294057436,0.09444444444444444,False,12,0.0916597843170166,False,0.0,-9.186488213438224,16.987182447704924,-4.47487910232141,CENTER,0.0,0.9864717292524006,0.025423911405185053,NORMAL,STABLE,NORMAL,NO_ACTION,False,0.0
2026-08-12T01:23:42.164524,0.4451157250227912,0.11793396852466032,0.09444444444444444,False,12,0.0916597843170166,False,0.0,-8.917275317597074,16.770500404620776,-4.2192008731657324,CENTER,0.0,0.9868807602451989,0.024761968105553263,NORMAL,STABLE,NORMAL,NO_ACTION,False,0.0
2026-08-12T01:23:42.184072,0.4504857469026289,0.16640850518455555,0.09444444444444444,False,12,0.0916597843170166,False,0.0,-9.377306178520513,15.045967835896505,-3.893263429540724,CENTER,0.0,0.988555705589849,0.023645599355910152,NORMAL,STABLE,NORMAL,NO_ACTION,False,0.0
2026-08-12T01:23:42.209041,0.4717769927164864,0.14484098755318559,0.09444444444444444,False,12,0.0916597843170166,False,0.0,-10.349719970129826,18.018965935757905,-4.506986006887985,CENTER,0.0,0.9893708740569274,0.02732015522776823,NORMAL,STABLE,NORMAL,NO_ACTION,False,0.0
2026-08-12T01:23:42.232893,0.4505255385233101,0.23953198439808587,0.09444444444444444,False,12,0.0916597843170166,False,0.0,-8.10558293228101,19.063711807678345,-4.896372124998663,CENTER,0.0,0.9885531737611454,0.026288637471814785,NORMAL,STABLE,NORMAL,NO_ACTION,False,0.0
2026-08-12T01:23:42.257678,0.44583494603789553,0.16266344599050211,0.09444444444444444,False,12,0.0916597843170166,False,0.0,-8.630497895670118,16.46690558276515,-4.70048815245346,CENTER,0.0,0.9880136799125514,0.024730010967227167,NORMAL,STABLE,NORMAL,NO_ACTION,False,0.0
2026-08-12T01:23:42.284713,0.4598511667824453,0.0023964303049715716,0.09444444444444444,False,12,0.0916597843170166,False,0.0,-9.76820043078797,20.771830262520808,-5.529126569343077,CENTER,0.0,0.9881820264274691,0.029732636745280115,NORMAL,STABLE,NORMAL,NO_ACTION,False,0.0
2026-08-12T01:23:42.318297,0.46265548427786973,0.029947819235824208,0.09444444444444444,False,12,0.0916597843170166,False,0.0,-10.132364750439592,20.751774299780323,-5.3480976327585665,CENTER,0.0,0.9872866030092592,0.029894504474402533,NORMAL,STABLE,NORMAL,NO_ACTION,False,0.0
2026-08-12T01:23:42.348919,0.4669587078110494,0.01700442026486499,0.09433962264150944,False,12,0.0916597843170166,False,0.0,-9.86729455330152,20.142023997037228,-5.27016361562039,CENTER,0.0,0.9868853014617628,0.0291238289012665,NORMAL,STABLE,NORMAL,NO_ACTION,False,0.0
2026-08-12T01:23:42.380024,0.4513597239763931,0.18543746875322503,0.09433962264150944,False,12,0.0916597843170166,False,0.0,-9.812825088600675,19.823323942214273,-5.470016810801297,CENTER,0.0,0.9872760872127916,0.029033655787319614,NORMAL,STABLE,NORMAL,NO_ACTION,False,0.0
2026-08-12T01:23:42.446672,0.4788127507537145,0.25243844612222877,0.09444444444444444,False,12,0.0916597843170166,False,0.0,-9.82016997624629,20.300588528297737,-5.657723451270073,CENTER,0.0,0.9856800974151234,0.02956617427471227,NORMAL,STABLE,NORMAL,NO_ACTION,False,0.0
2026-08-12T01:23:42.478531,0.4471657418427643,0.2325411308284939,0.09433962264150944,False,12,0.0916597843170166,False,0.0,-9.811227647702879,22.024124106148236,-6.347954407775973,CENTER,0.0,0.9862854456018518,0.03146700568564225,NORMAL,STABLE,NORMAL,NO_ACTION,False,0.0
2026-08-12T01:23:42.508733,0.44525324933184707,0.029401477290642297,0.09444444444444444,False,12,0.0916597843170166,False,0.0,-9.614995098764268,21.748557169369946,-6.4762692681884175,CENTER,0.0,0.9866435185185185,0.031202582901610508,NORMAL,STABLE,NORMAL,NO_ACTION,False,0.0
2026-08-12T01:23:42.540104,0.44839831492406856,0.015278949848287579,0.09444444444444444,False,12,0.0916597843170166,False,0.0,-9.359449616998859,20.965456037573972,-5.75919587129502,CENTER,0.0,0.9865663178369342,0.02970041390475309,NORMAL,STABLE,NORMAL,NO_ACTION,False,0.0
2026-08-12T01:23:42.572952,0.4731641884881162,0.0678567244650604,0.09444444444444444,False,12,0.0916597843170166,False,0.0,-10.658237501235845,19.17105798727755,-5.241256519934382,CENTER,0.0,0.9863474553112139,0.02915638797416067,NORMAL,STABLE,NORMAL,NO_ACTION,False,0.0
2026-08-12T01:23:42.600744,0.46616959114459927,0.044385330141484755,0.09444444444444444,False,12,0.0916597843170166,False,0.0,-10.703381679718007,20.09192065915289,-5.287420941860063,CENTER,0.0,0.9863683663408779,0.02990938225979671,NORMAL,STABLE,NORMAL,NO_ACTION,False,0.0
2026-08-12T01:23:42.619787,0.44674059783793496,0.013393634837307778,0.09433962264150944,False,12,0.0916597843170166,False,0.0,-10.561760513396365,20.775498984221798,-5.334310679464977,CENTER,0.0,0.9857790798611111,0.030311854859508148,NORMAL,STABLE,NORMAL,NO_ACTION,False,0.0
2026-08-12T01:23:42.644109,0.45920992452435627,0.02765217113040179,0.09433962264150944,False,12,0.0916597843170166,False,0.0,-9.706867950151775,18.729377374736856,-5.139856594640804,CENTER,0.0,0.9838599938914611,0.027823618406369474,NORMAL,STABLE,NORMAL,NO_ACTION,False,0.0
2026-08-12T01:23:42.670159,0.5032242038992896,0.16605352802300913,0.09433962264150944,False,12,0.0916597843170166,False,0.0,-10.580008907693838,18.92615827136592,-4.62816958951359,CENTER,0.0,0.9834488999271261,0.02831380471181587,NORMAL,STABLE,NORMAL,NO_ACTION,False,0.0
2026-08-12T01:23:42.717935,0.4646301674269616,0.023729965168619527,0.09444444444444444,False,12,0.0916597843170166,False,0.0,-9.780242621948958,19.196041139326837,-4.317504709371576,CENTER,0.0,0.9829123665766462,0.027439416030785452,NORMAL,STABLE,NORMAL,NO_ACTION,False,0.0
2026-08-12T01:23:42.752692,0.4620809885900873,0.10832512229305363,0.09444444444444444,False,12,0.0916597843170166,False,0.0,-10.464524680884125,17.704705110997963,-4.559999739160418,CENTER,0.0,0.9833583167223937,0.027254792021689574,NORMAL,STABLE,NORMAL,NO_ACTION,False,0.0
2026-08-12T01:23:42.781113,0.4576365534863832,0.029423283610648204,0.09444444444444444,False,12,0.0916597843170166,False,0.0,-10.01073829435694,19.499487874225963,-4.935624823995113,CENTER,0.0,0.9834413446287723,0.028475757578687397,NORMAL,STABLE,NORMAL,NO_ACTION,False,0.0
2026-08-12T01:23:42.846399,0.4535197293432783,0.012411805265370624,0.09433962264150944,False,12,0.0916597843170166,False,0.0,-9.856100350480517,17.60385234544657,-4.132388195792203,CENTER,0.0,0.9828046365955074,0.026184289738492548,NORMAL,STABLE,NORMAL,NO_ACTION,False,0.0
2026-08-12T01:23:42.883710,0.4573871774711332,0.012692753346969982,0.09444444444444444,False,12,0.0916597843170166,False,0.0,-10.203440642701509,18.293830592583816,-4.418867303151643,CENTER,0.0,0.9820496559927985,0.027292951968428382,NORMAL,STABLE,NORMAL,NO_ACTION,False,0.0
2026-08-12T01:23:42.913508,0.488524621897381,0.0014342214240984925,0.09444444444444444,False,12,0.0916597843170166,False,0.0,-9.842467323886268,17.66176667147721,-4.055012074986507,CENTER,0.0,0.9814141134044926,0.026138478313499917,NORMAL,STABLE,NORMAL,NO_ACTION,False,0.0
2026-08-12T01:23:42.951804,0.4616081975108328,0.003213648530653723,0.09444444444444444,False,12,0.0916597843170166,False,0.0,-9.363298853953012,18.617943527875468,-4.304469156077232,CENTER,0.0,0.9811748890817901,0.02660784692793918,NORMAL,STABLE,NORMAL,NO_ACTION,False,0.0
2026-08-12T01:23:42.972787,0.46660520179548726,0.0019038357830827054,0.09433962264150944,False,12,0.0916597843170166,False,0.0,-9.150605169491485,17.155104813685256,-4.32856639989302,CENTER,0.0,0.9812267848722565,0.02536974091373554,NORMAL,STABLE,NORMAL,NO_ACTION,False,0.0
2026-08-12T01:23:43.005100,0.45982575473347354,0.007717059918675776,0.09444444444444444,False,12,0.0916597843170166,False,0.0,-9.55302989203986,17.07045978917327,-4.576758828301308,CENTER,0.0,0.9805531710819615,0.025935128615472192,NORMAL,STABLE,NORMAL,NO_ACTION,False,0.0
2026-08-12T01:23:43.038138,0.4250516031516287,0.0048399010942558425,0.09444444444444444,False,12,0.0916597843170166,False,0.0,-10.345575187669738,17.659727789513227,-4.886616235817627,CENTER,0.0,0.9801376966520919,0.027422284033562203,NORMAL,STABLE,NORMAL,NO_ACTION,False,0.0
2026-08-12T01:23:43.069765,0.46312742797401635,0.004069230295834028,0.09454949944382647,False,12,0.0916597843170166,False,0.0,-8.768516752793715,17.10222990370761,-4.591241270387883,CENTER,0.0,0.9809780628429356,0.02521656265648222,NORMAL,STABLE,NORMAL,NO_ACTION,False,0.0
2026-08-12T01:23:43.101057,0.4586031744641679,0.018982660127740792,0.09444444444444444,False,12,0.0916597843170166,False,0.0,-9.924078357599683,22.000678763970654,-5.74683950697252,CENTER,0.0,0.9808480420524691,0.030979892606529818,NORMAL,STABLE,NORMAL,NO_ACTION,False,0.0
2026-08-12T01:23:43.133489,0.46208566965125064,0.013638141268700851,0.09444444444444444,False,12,0.0916597843170166,False,0.0,-9.944380972576226,20.986256964670275,-5.56980303329874,CENTER,0.0,0.9807998569315843,0.030096325739400725,NORMAL,STABLE,NORMAL,NO_ACTION,False,0.0
2026-08-12T01:23:43.153426,0.44397700163485304,0.3269823890911192,0.09444444444444444,False,12,0.0916597843170166,False,0.0,-9.784944269760018,23.935473111624873,-5.949433211998041,CENTER,0.0,0.9819226760759602,0.03243835334082943,NORMAL,STABLE,NORMAL,NO_ACTION,False,0.0
2026-08-12T01:23:43.177189,0.4375459920303403,0.3994524286281012,0.09433962264150944,False,12,0.0916597843170166,False,0.0,-10.036190066264112,24.001508070119826,-6.54694540890614,CENTER,0.0,0.9829571223422497,0.03330336776747271,NORMAL,STABLE,NORMAL,NO_ACTION,False,0.0
2026-08-12T01:23:43.246119,0.4594092484546411,0.3345267435042232,0.09444444444444444,False,12,0.0916597843170166,False,0.0,-8.429807929376409,23.208521759594845,-6.536560887937725,CENTER,0.0,0.9835487798996914,0.031173769020824707,NORMAL,STABLE,NORMAL,NO_ACTION,False,0.0
2026-08-12T01:23:43.280700,0.471254582469936,0.2005207302833154,0.09444444444444444,False,12,0.0916597843170166,False,0.0,-7.5093237225599125,20.478257625517898,-6.416951825572852,CENTER,0.0,0.9833719805598422,0.028200340294409293,NORMAL,STABLE,NORMAL,NO_ACTION,False,0.0
2026-08-12T01:23:43.309207,0.45176321210231807,0.12125576275993044,0.09444444444444444,False,12,0.0916597843170166,False,0.0,-7.341039460072324,17.39465370243218,-5.76206861639389,CENTER,0.0,0.9844893207733196,0.025180613229094408,NORMAL,STABLE,NORMAL,NO_ACTION,False,0.0
2026-08-12T01:23:43.341454,0.4687827428781302,0.1815441781017052,0.09433962264150944,False,12,0.0916597843170166,False,0.0,-6.70899041081563,17.60439691642702,-5.830390339611597,CENTER,0.0,0.9840337925454389,0.024789245903016104,NORMAL,STABLE,NORMAL,NO_ACTION,False,0.0
2026-08-12T01:23:43.373682,0.4473863661132936,0.15021015657304446,0.09444444444444444,False,12,0.0916597843170166,False,0.0,-8.579671437742718,16.89832232231643,-5.832913127983744,CENTER,0.0,0.9845401314943416,0.02608312903681698,NORMAL,STABLE,NORMAL,NO_ACTION,False,0.0
2026-08-12T01:23:43.404962,0.45852243831455897,0.1358643351868458,0.09444444444444444,False,12,0.0916597843170166,False,0.0,-8.36821190926591,16.67813556096783,-5.485132303316817,CENTER,0.0,0.9857798434284979,0.025385577517260137,NORMAL,STABLE,NORMAL,NO_ACTION,False,0.0
2026-08-12T01:23:43.436413,0.4466480703830794,0.06870612509798704,0.09444444444444444,False,12,0.0916597843170166,False,0.0,-8.186623263683657,17.548255864001362,-5.21745367113536,CENTER,0.0,0.9857231518990055,0.025581369987160034,NORMAL,STABLE,NORMAL,NO_ACTION,False,0.0
2026-08-12T01:23:43.469196,0.4318210817636149,0.020674981486267768,0.09444444444444444,False,12,0.0916597843170166,False,0.0,-8.796257449841988,16.842663376166712,-4.836136239226136,CENTER,0.0,0.9852080386231139,0.025291635990778598,NORMAL,STABLE,NORMAL,NO_ACTION,False,0.0
2026-08-12T01:23:43.500471,0.4462139932685675,0.006368792196824534,0.09433962264150944,False,12,0.0916597843170166,False,0.0,-8.866450694956939,13.967584831779135,-4.409984933896993,CENTER,0.0,0.9850957138417352,0.02287241594703316,NORMAL,STABLE,NORMAL,NO_ACTION,False,0.0
2026-08-12T01:23:43.533382,0.460918288853004,0.015251476653590059,0.09433962264150944,False,12,0.0916597843170166,False,0.0,-9.069445273120124,16.67638197216624,-4.199521464435719,CENTER,0.0,0.9851672480495541,0.024821577171618283,NORMAL,STABLE,NORMAL,NO_ACTION,False,0.0
2026-08-12T01:23:43.564980,0.44170464929422376,0.006192610383466299,0.09444444444444444,False,12,0.0916597843170166,False,0.0,-8.614905911338155,16.540208153973936,-4.445384502642867,CENTER,0.0,0.9850464436514061,0.024522281843185126,NORMAL,STABLE,NORMAL,NO_ACTION,False,0.0
2026-08-12T01:23:43.599239,0.44903870467285517,0.0026323783354732203,0.09444444444444444,False,12,0.0916597843170166,False,0.0,-9.599007274603792,16.04605976270298,-4.170250272109286,CENTER,0.0,0.9858177538794581,0.024848105984712897,NORMAL,STABLE,NORMAL,NO_ACTION,False,0.0
2026-08-12T01:23:43.628796,0.40107641838264485,0.002460011822146557,0.09444444444444444,False,12,0.0916597843170166,False,0.0,-9.976444813527024,16.432916254688905,-4.761276333016326,CENTER,0.0,0.9873729531035667,0.026060096917650398,NORMAL,STABLE,NORMAL,NO_ACTION,False,0.0
2026-08-12T01:23:43.661248,0.30612394745071003,0.003433342891883829,0.09433962264150944,False,12,0.0916597843170166,False,0.0,-9.853037244222605,14.783908205714908,-4.235339297146908,CENTER,0.0,0.9868692665466393,0.02424385185507585,NORMAL,STABLE,NORMAL,NO_ACTION,False,0.0
2026-08-12T01:23:43.692281,0.1624542117067917,0.004512332605869543,0.09544950055493896,True,12,0.0916597843170166,False,0.0,-13.049370615045888,12.126375846450287,-4.054874871779333,CENTER,0.0,0.9861928396133403,0.20862307741550873,LOW,STABLE,NORMAL,NO_ACTION,False,0.0
2026-08-12T01:23:43.726402,0.12428394964406594,0.0028766284287537087,0.09655937846836848,True,12,0.0916597843170166,False,0.034120798110961914,-11.235088708765744,11.955729925317712,-3.9683099131714243,UP,0.0,0.9857711628729424,0.24927500361903934,LOW,STABLE,NORMAL,NO_ACTION,False,0.034120798110961914
2026-08-12T01:23:43.773504,0.09227468010354951,0.005472670181274704,0.09777777777777778,True,12,0.0916597843170166,False,0.0812227725982666,-11.839127086482847,12.493611365920913,-3.7209764317140355,UP,0.04710197448730469,0.9866913017618313,0.2500069671521695,LOW,STABLE,NORMAL,NO_ACTION,False,0.0812227725982666
2026-08-12T01:23:43.806001,0.19826979678940998,0.0005233047681946045,0.09888888888888889,True,12,0.0916597843170166,False,0.11371994018554688,-12.095081533741904,13.443581781971488,-3.80935225957748,UP,0.07959914207458496,0.9867885829260974,0.1866649051465181,NORMAL,STABLE,NORMAL,NO_ACTION,False,0.11371994018554688
2026-08-12T01:23:43.837351,0.09182855371169317,0.0018830771132581387,0.1,True,12,0.0916597843170166,False,0.14507055282592773,-11.926168305586572,13.078818918003975,-4.1013705618372285,UP,0.11094975471496582,0.9871570510759603,0.25087973997978136,LOW,STABLE,NORMAL,NO_ACTION,False,0.14507055282592773
2026-08-12T01:23:43.873938,0.04965191623844725,0.0023171878587958743,0.10111111111111111,True,12,0.0916597843170166,False,0.181657075881958,-10.957448528041965,13.940670988838946,-3.869276119489598,UP,0.1475362777709961,0.8751319662606554,0.10821595789762699,NORMAL,STABLE,NORMAL,NO_ACTION,False,0.181657075881958
2026-08-12T01:23:43.904799,0.07494453093887256,0.002264874601476846,0.10222222222222223,True,12,0.0916597843170166,False,0.21251821517944336,-11.736413914757804,13.16945892790227,-4.119848367373066,UP,0.17839741706848145,0.9875662294238683,0.2518913803122036,LOW,STABLE,NORMAL,NO_ACTION,False,0.21251821517944336
2026-08-12T01:23:43.943970,0.07414781898841942,0.004790967528898407,0.10333333333333333,True,12,0.0916597843170166,False,0.25168943405151367,-12.3034352442495,13.19415694633176,-4.007443796520846,UP,0.21756863594055176,0.9874679971493485,0.2529025524264259,LOW,STABLE,NORMAL,NO_ACTION,False,0.25168943405151367
2026-08-12T01:23:43.965223,0.10270160182707004,0.0028257732337155584,0.10432852386237514,True,12,0.0916597843170166,False,0.27294254302978516,-10.341851633467542,14.801041776435227,-4.3417240090651035,UP,0.23882174491882324,0.9876188887817214,0.2529936427217926,LOW,STABLE,NORMAL,NO_ACTION,False,0.27294254302978516
2026-08-12T01:23:43.997546,0.13337537526274748,0.0006998658939396009,0.10555555555555556,True,12,0.0916597843170166,False,0.3052651882171631,-11.487289908697448,15.322024511692831,-4.552620291801134,UP,0.27114439010620117,0.9875385400591563,0.2552895238218879,LOW,STABLE,NORMAL,NO_ACTION,False,0.3052651882171631
2026-08-12T01:23:44.029115,0.08403715594999792,0.0035201958887648467,0.10654827968923418,True,12,0.0916597843170166,False,0.3368339538574219,-10.369020289060273,14.292995970645705,-4.570932586399238,UP,0.30271315574645996,0.9875939053926613,0.25398348044422964,LOW,STABLE,NORMAL,NO_ACTION,False,0.3368339538574219
2026-08-12T01:23:44.060250,0.10003545529926025,0.007236630507849344,0.1076581576026637,True,12,0.0916597843170166,False,0.3679695129394531,-10.991331717376028,14.799208921222629,-4.344627101681112,UP,0.3338487148284912,0.9879297946673525,0.25528535669982544,LOW,STABLE,NORMAL,NO_ACTION,False,0.3679695129394531
2026-08-12T01:23:44.092150,0.10710188603960426,0.0006334327783974538,0.10876803551609324,True,12,0.0916597843170166,False,0.399869441986084,-12.159406986924836,13.379177446792653,-4.609695663636558,UP,0.36574864387512207,0.9882531051740397,0.25619478179978933,LOW,STABLE,NORMAL,NO_ACTION,False,0.399869441986084
2026-08-12T01:23:44.125468,0.1041622655111793,0.000722525154091045,0.11,True,12,0.0916597843170166,False,0.43318724632263184,-11.921390386032073,13.507989972211249,-4.606168602867228,UP,0.3990664482116699,0.986982234332133,0.25667119770998154,LOW,STABLE,NORMAL,NO_ACTION,False,0.43318724632263184
2026-08-12T01:23:44.157116,0.06747053965110764,0.004405523665454067,0.11098779134295228,True,12,0.0916597843170166,False,0.46483564376831055,-11.156960450051457,15.44443041493031,-4.729936441415816,UP,0.43071484565734863,0.9871571850351508,0.257946699829598,LOW,STABLE,NORMAL,NO_ACTION,False,0.46483564376831055
2026-08-12T01:23:44.189615,0.07704290582309224,0.004682102997855162,0.1120976692563818,True,12,0.0916597843170166,False,0.49733424186706543,-11.490044768249703,12.514258104066897,-4.350802026167145,UP,0.4632134437561035,0.9877645560056585,0.25634105869056656,LOW,STABLE,NORMAL,NO_ACTION,False,0.49733424186706543
2026-08-12T01:23:44.222195,0.06889184864230842,0.007135184572389466,0.11320754716981132,True,12,0.0916597843170166,False,0.529914379119873,-13.131210141260539,14.237422952033938,-5.069216004321248,UP,0.49579358100891113,0.9881069289051782,0.2604126931163793,LOW,STABLE,NORMAL,NO_ACTION,False,0.529914379119873
2026-08-12T01:23:44.253095,0.07591780131207662,0.003162861644267445,0.11431742508324085,True,12,0.0916597843170166,False,0.560814619064331,-10.247479525050153,15.346284868049025,-4.676206096823847,UP,0.5266938209533691,0.9884327578446502,0.255436495934625,LOW,STABLE,NORMAL,NO_ACTION,False,0.560814619064331
2026-08-12T01:23:44.300545,0.06768774759127896,0.0022898614593480863,0.11542730299667037,True,12,0.0916597843170166,False,0.608264684677124,-11.307351609022533,13.352379983422736,-4.328840463710094,UP,0.5741438865661621,0.9878489368998628,0.25729367930760194,LOW,STABLE,NORMAL,NO_ACTION,False,0.608264684677124
2026-08-12T01:23:44.333920,0.12139050934862633,0.015319479999484154,0.11653718091009989,True,12,0.0916597843170166,False,0.641639232635498,-11.495561823566703,13.976933081220807,-4.827886480165773,UP,0.6075184345245361,0.988324692965535,0.2604077170985521,LOW,STABLE,NORMAL,NO_ACTION,False,0.641639232635498
2026-08-12T01:23:44.364164,0.08871348190306161,0.0021841637081394007,0.11764705882352941,True,12,0.0916597843170166,False,0.6718828678131104,-10.381982277446838,13.610172788319403,-4.440324713436951,UP,0.6377620697021484,0.9871239765517832,0.26056278765942104,LOW,STABLE,NORMAL,NO_ACTION,False,0.6718828678131104
2026-08-12T01:23:44.397450,0.11129368540508172,0.0011135947569075222,0.11888888888888889,True,12,0.0916597843170166,False,0.705169677734375,-11.023156275228501,12.881079307008775,-4.620601871074939,UP,0.6710488796234131,0.9870863474151234,0.2628905906462946,LOW,STABLE,NORMAL,NO_ACTION,False,0.705169677734375
2026-08-12T01:23:44.428663,0.11557307991660269,0.0027610005694838303,0.11986681465038845,True,12,0.0916597843170166,False,0.7363824844360352,-11.048655960442318,14.64684075670371,-4.852086394703747,UP,0.7022616863250732,0.9881646385245197,0.26625484691741114,LOW,STABLE,NORMAL,NO_ACTION,False,0.7363824844360352
2026-08-12T01:23:44.461488,0.05955565008760634,0.0022791267099891094,0.12111111111111111,True,12,0.0916597843170166,False,0.7692077159881592,-10.615399207726597,12.786649208797883,-4.076787023950175,UP,0.7350869178771973,0.9887103346836419,0.26579215538931394,LOW,STABLE,NORMAL,NO_ACTION,False,0.7692077159881592
2026-08-12T01:23:44.493202,0.0866661506211377,0.005536997315787799,0.12222222222222222,True,12,0.0916597843170166,False,0.8009212017059326,-10.576362869017998,14.458758579022657,-4.239973085872663,UP,0.7668004035949707,0.9883296360596707,0.2690491481231191,LOW,STABLE,NORMAL,NO_ACTION,False,0.8009212017059326
2026-08-12T01:23:44.524851,0.07097357675386644,0.009503332703520611,0.12319644839067703,True,12,0.0916597843170166,False,0.8325703144073486,-10.953150582399957,15.527701548912972,-4.652996871662282,UP,0.7984495162963867,0.9883596697102195,0.2724402963463087,LOW,STABLE,NORMAL,NO_ACTION,False,0.8325703144073486
2026-08-12T01:23:44.558385,0.03603445442093051,0.0013837359337460179,0.12444444444444444,True,12,0.0916597843170166,False,0.8661046028137207,-11.20920551957144,13.76730036755194,-4.832804592472542,UP,0.8319838047027588,0.874988554526749,0.13531638763591863,NORMAL,STABLE,NORMAL,NO_ACTION,False,0.8661046028137207
2026-08-12T01:23:44.588990,0.07561340363277838,0.009152440987147412,0.12541620421753608,True,12,0.0916597843170166,False,0.8967094421386719,-11.301296160266673,15.286305662771184,-5.230508556119474,UP,0.86258864402771,0.9870363270533264,0.27704656864811983,LOW,STABLE,NORMAL,NO_ACTION,False,0.8967094421386719
2026-08-12T01:23:44.621355,0.12557337950450376,0.010160746354807324,0.12666666666666668,True,12,0.0916597843170166,False,0.9290742874145508,-11.877499807726707,14.379700631382633,-4.885341276560325,UP,0.8949534893035889,0.9871164614411866,0.2786419856662453,LOW,STABLE,NORMAL,NO_ACTION,False,0.9290742874145508
2026-08-12T01:23:44.652667,0.04206732341350513,0.005300798102616875,0.12763596004439512,True,12,0.0916597843170166,False,0.9603865146636963,-12.187569815087215,13.282147141616122,-4.684846303658219,UP,0.9262657165527344,0.8745297959686704,0.1426146841849616,NORMAL,STABLE,NORMAL,NO_ACTION,False,0.9603865146636963
2026-08-12T01:23:44.686183,0.07097462140197767,0.005633922054398116,0.1288888888888889,True,12,0.0916597843170166,False,0.9939024448394775,-11.559301229456707,12.887371330962793,-4.672648993945273,UP,0.9597816467285156,0.9870291870284637,0.2809732953123922,LOW,STABLE,NORMAL,NO_ACTION,False,0.9939024448394775
2026-08-12T01:23:44.720709,0.059263938598783886,0.001776166210606766,0.12985571587125416,True,12,0.0916597843170166,False,1.0284278392791748,-10.631972101542289,12.428048050778841,-4.3529435946154535,UP,0.9943070411682129,0.9865287288880316,0.28142022768589,LOW,STABLE,NORMAL,NO_ACTION,False,1.0284278392791748
2026-08-12T01:23:44.749703,0.1181878979190163,0.0046598858590788115,0.1309655937846837,True,12,0.0916597843170166,False,1.0574226379394531,-11.374791654878948,13.885103826819858,-4.594176350663815,UP,1.0233018398284912,0.9865221246999315,0.2852315319059135,LOW,STABLE,NORMAL,NO_ACTION,False,1.0574226379394531
2026-08-12T01:23:44.780235,0.04172847368190917,0.007930967946813815,0.1320754716981132,True,12,0.0916597843170166,False,1.087953805923462,-12.48137460517421,11.98936331272509,-5.117839259995776,UP,1.0538330078125,0.8740758427181314,0.1515597721409926,NORMAL,STABLE,NORMAL,NO_ACTION,False,1.087953805923462
2026-08-12T01:23:44.830552,0.04793215236207661,0.00041227012107574335,0.13318534961154274,True,12,0.0916597843170166,False,1.1382708549499512,-11.49738838910605,12.84425538265262,-4.396125572916361,UP,1.1041500568389893,0.8740109295389967,0.15359577289381626,NORMAL,STABLE,NORMAL,NO_ACTION,False,1.1382708549499512
2026-08-12T01:23:44.860676,0.10888175813547565,0.0013451859328714646,0.13429522752497225,True,12,0.0916597843170166,False,1.1683952808380127,-11.371589145476975,14.3714775475068,-4.628222455576605,UP,1.1342744827270508,0.9865412540723594,0.29208613445116854,LOW,STABLE,NORMAL,NO_ACTION,False,1.1683952808380127
2026-08-12T01:23:44.893322,0.09184132411949997,0.004657109516617103,0.13555555555555557,True,12,0.0916597843170166,False,1.2010409832000732,-11.993883447883462,15.296685762440603,-4.871820401104401,UP,1.1669201850891113,0.9865319840963649,0.2956329736665014,LOW,STABLE,NORMAL,NO_ACTION,False,1.2010409832000732
2026-08-12T01:23:44.924035,0.07255193358381251,0.0052334221982870965,0.1365149833518313,True,12,0.0916597843170166,False,1.2317540645599365,-10.823353369493844,11.60655687258307,-3.9944028060932624,UP,1.1976332664489746,0.9853160231267147,0.29280639691020954,LOW,STABLE,NORMAL,NO_ACTION,False,1.2317540645599365
2026-08-12T01:23:44.956963,0.053296248805975055,0.004809702678108316,0.13762486126526083,True,12,0.0916597843170166,False,1.2646820545196533,-10.814187663695463,13.09931894812982,-4.6976560835947225,UP,1.2305612564086914,0.9844374651706105,0.2965347019998988,LOW,STABLE,NORMAL,NO_ACTION,False,1.2646820545196533
2026-08-12T01:23:44.989666,0.07037011544291602,0.004433140985830618,0.1388888888888889,True,12,0.0916597843170166,False,1.2973854541778564,-11.26520826272349,14.285031494388903,-4.8640060148088935,UP,1.2632646560668945,0.9847935420953361,0.300034716035359,LOW,STABLE,NORMAL,NO_ACTION,False,1.2973854541778564
2026-08-12T01:23:45.021832,0.09859884694643517,0.0040716850854961815,0.14,True,12,0.0916597843170166,False,1.3295509815216064,-10.449704901470454,14.184490655345144,-4.744087397547787,UP,1.2954301834106445,0.9856724617412551,0.3010107215608948,LOW,STABLE,NORMAL,NO_ACTION,False,1.3295509815216064
2026-08-12T01:23:45.052529,0.08497376456842927,0.005231361895027535,0.14095449500554938,True,12,0.0916597843170166,False,1.3602485656738281,-10.86070724303778,13.64021423386572,-4.64125387832982,UP,1.3261277675628662,0.9863999271262003,0.3027218643459041,LOW,STABLE,NORMAL,NO_ACTION,False,1.3602485656738281
2026-08-12T01:23:45.085516,0.08437310806760859,0.017673955439740707,0.14222222222222222,True,12,0.0916597843170166,False,1.393235683441162,-11.679271883269706,13.522144321016896,-4.928688269507234,UP,1.3591148853302002,0.9858087250300069,0.3057649331136431,LOW,STABLE,NORMAL,NO_ACTION,False,1.393235683441162
2026-08-12T01:23:45.117100,0.08553114452704931,0.01562597274413229,0.14317425083240842,True,12,0.0916597843170166,False,1.424818754196167,-11.9390750110814,11.703028490124268,-4.528484436681026,UP,1.390697956085205,0.9859686321159122,0.30616054059468334,LOW,STABLE,NORMAL,NO_ACTION,False,1.424818754196167
2026-08-12T01:23:45.148425,0.06519841465892437,0.004523909183037108,0.14444444444444443,True,12,0.0916597843170166,False,1.4561443328857422,-11.183181204250019,13.769826050617866,-4.552973996225063,UP,1.4220235347747803,0.9845202653463649,0.30894145106984794,LOW,STABLE,NORMAL,NO_ACTION,False,1.4561443328857422
2026-08-12T01:23:45.181459,0.08064363285336737,0.007694719475180554,0.14555555555555555,True,12,0.0916597843170166,False,1.4891784191131592,-10.78143328572665,13.847151409725342,-4.8983874643402885,UP,1.4550576210021973,0.9834209962277092,0.31093008179866505,LOW,STABLE,NORMAL,NO_ACTION,False,1.4891784191131592
2026-08-12T01:23:45.214593,0.036137684354525884,0.002445732118666783,0.14666666666666667,True,12,0.0916597843170166,True,1.5223124027252197,-12.234876384178932,13.820427471078432,-5.112541682812889,UP,1.4881916046142578,0.8710714813896238,0.2926746682205183,LOW,STABLE,HIGH,STRONG_WARNING,True,1.5223124027252197
2026-08-12T01:23:46.105579,0.05733098365463115,0.005268321228996664,0.15182648401826485,True,12,0.0916597843170166,True,2.4132981300354004,-12.470029504842103,11.551224140645814,-5.02577745685204,UP,2.3791773319244385,0.9869854895404664,0.49899917907415403,MODERATE,RISING,HIGH,STRONG_WARNING,False,2.4132981300354004
2026-08-12T01:23:46.134782,0.17299576660634977,0.0016748823275971388,0.15296803652968036,True,12,0.0916597843170166,True,2.4425015449523926,-12.451624289257808,15.883240342080313,-5.481842990522125,UP,2.4083807468414307,0.9863212127057613,0.4754767484405291,MODERATE,STABLE,HIGH,STRONG_WARNING,False,2.4425015449523926
2026-08-12T01:23:46.163145,0.3412625333109348,0.008707385383650519,0.15279361459521096,False,12,2.4708638191223145,False,0.0,-10.652817269816126,17.653856462229243,-5.753355426731389,UP,2.4367430210113525,0.9166350111530593,0.20889328019839257,LOW,STABLE,HIGH,STRONG_WARNING,False,0.0
2026-08-12T01:23:46.185429,0.4222441431599333,0.0035226985330157447,0.15279361459521096,False,12,2.4708638191223145,False,0.0,-10.130954336586171,18.425525510085862,-5.279051206575957,UP,2.4590275287628174,0.915950165841478,0.20948047443120113,LOW,STABLE,HIGH,STRONG_WARNING,False,0.0
2026-08-12T01:23:46.218603,0.42900068771557753,0.0014954523083082262,0.15279361459521096,False,12,2.4708638191223145,False,0.0,-10.240003675400942,19.24521454530222,-5.270956420999596,UP,2.492201089859009,0.9157513273442094,0.21169582246567115,LOW,STABLE,HIGH,STRONG_WARNING,False,0.0
2026-08-12T01:23:46.245336,0.4350028488021028,0.0022848333645143614,0.15279361459521096,False,12,2.4708638191223145,False,0.0,-10.176372671652246,16.52945630427081,-5.019415591563558,CENTER,0.0,0.916714546551967,0.09684138463781788,NORMAL,STABLE,HIGH,STRONG_WARNING,False,0.0
2026-08-12T01:23:46.277348,0.4155194922268074,0.002545372199347041,0.15279361459521096,False,12,2.4708638191223145,False,0.0,-10.603571282748561,18.439955892007816,-5.173431896483692,CENTER,0.0,0.9165087794939865,0.09886169057058405,NORMAL,STABLE,HIGH,STRONG_WARNING,False,0.0
2026-08-12T01:23:46.312611,0.4244064751415261,0.002214024231649158,0.15279361459521096,False,12,2.4708638191223145,False,0.0,-10.793437143316595,17.863724790183596,-5.14078840927877,CENTER,0.0,0.9165154717124119,0.09858589100352651,NORMAL,STABLE,HIGH,STRONG_WARNING,False,0.0
2026-08-12T01:23:46.348613,0.4288505989698934,0.0013337316555316614,0.15296803652968036,False,12,2.4708638191223145,False,0.0,-10.613358234143448,18.78991705098315,-4.942732102887163,CENTER,0.0,0.9163177900484397,0.0989942216206656,NORMAL,STABLE,HIGH,STRONG_WARNING,False,0.0
2026-08-12T01:23:46.373359,0.4601468061417731,0.004591621752342251,0.15296803652968036,False,12,2.4708638191223145,False,0.0,-10.931381640682474,18.682219923625382,-5.069801612009655,CENTER,0.0,0.9163923000639941,0.0993596661354697,NORMAL,STABLE,HIGH,STRONG_WARNING,False,0.0
2026-08-12T01:23:46.398284,0.43042897601456775,0.002972653572317017,0.15296803652968036,False,12,2.4708638191223145,False,0.0,-10.981398301785191,17.743372343889405,-5.043090725747959,CENTER,0.0,0.9167897780334485,0.09867673489862616,NORMAL,STABLE,HIGH,STRONG_WARNING,False,0.0
2026-08-12T01:23:46.444710,0.4260853875693852,0.0033122923116003845,0.15279361459521096,False,12,2.4708638191223145,False,0.0,-11.20026421247266,17.46745437697399,-4.782173370366365,CENTER,0.0,0.9170181593165172,0.09833613173380229,NORMAL,STABLE,HIGH,STRONG_WARNING,False,0.0
2026-08-12T01:23:46.471324,0.4210248950359702,0.0027273904443045464,0.15279361459521096,False,12,2.4708638191223145,False,0.0,-11.011960220834652,17.586055723393997,-4.713379989529159,CENTER,0.0,0.917012810517404,0.09816746640088696,NORMAL,STABLE,HIGH,STRONG_WARNING,False,0.0
2026-08-12T01:23:46.509187,0.41846255650004355,0.002128914562605251,0.15279361459521096,False,12,2.4708638191223145,False,0.0,-10.350789169342676,19.407282733255784,-4.817298777075308,CENTER,0.0,0.9162674367023688,0.09897863028320614,NORMAL,STABLE,HIGH,STRONG_WARNING,False,0.0
2026-08-12T01:23:46.542178,0.42725066735306494,0.012999309828883815,0.15279361459521096,False,12,2.4708638191223145,False,0.0,-9.936777686245165,19.858905442704952,-4.844354764484507,CENTER,0.0,0.9162689418295609,0.0989302429354578,NORMAL,STABLE,HIGH,STRONG_WARNING,False,0.0
2026-08-12T01:23:46.573080,0.4280104947374211,0.16421217758044246,0.15296803652968036,False,12,2.4708638191223145,False,0.0,-9.462016572511004,21.758923412715177,-5.638943605647711,CENTER,0.0,0.9161681480639452,0.10077131421029156,NORMAL,STABLE,HIGH,STRONG_WARNING,False,0.0
2026-08-12T01:23:46.605556,0.4362165883747927,0.26372105172969357,0.15279361459521096,False,12,2.4708638191223145,False,0.0,-9.127964880107186,21.206868507108965,-5.419399936924009,CENTER,0.0,0.9168690148947309,0.09970984637989133,NORMAL,STABLE,HIGH,STRONG_WARNING,False,0.0
2026-08-12T01:23:46.637954,0.4258635836180812,0.2825774607636086,0.15296803652968036,False,12,2.4708638191223145,False,0.0,-8.653757654649894,19.538107361044638,-5.37365942682581,CENTER,0.0,0.9165005697093009,0.09802370489233887,NORMAL,STABLE,HIGH,STRONG_WARNING,False,0.0
2026-08-12T01:23:46.669758,0.4133370318064623,0.22992456532709227,0.15296803652968036,False,12,2.4708638191223145,False,0.0,-8.74256763536107,19.30425285875367,-5.535936488196114,CENTER,0.0,0.9158024767906133,0.09809963468784215,NORMAL,STABLE,HIGH,STRONG_WARNING,False,0.0
2026-08-12T01:23:46.700525,0.4058716733227624,0.2146267718785865,0.15279361459521096,False,12,2.4708638191223145,False,0.0,-8.106037938656357,18.77889280414135,-5.704224180355595,CENTER,0.0,0.9159236333100627,0.09714386658219194,NORMAL,STABLE,HIGH,STRONG_WARNING,False,0.0
2026-08-12T01:23:46.733420,0.44409063566305307,0.2314853456507407,0.15296803652968036,False,12,2.4708638191223145,False,0.0,-8.568080005891773,18.461309016010944,-5.427869650905592,CENTER,0.0,0.9156146468682638,0.09718204899844252,NORMAL,STABLE,HIGH,STRONG_WARNING,False,0.0
2026-08-12T01:23:46.764259,0.4062701259316994,0.1754344968203067,0.15279361459521096,False,12,2.4708638191223145,False,0.0,-9.642950499332642,18.653892720357163,-5.486239952741727,CENTER,0.0,0.9153920621907455,0.09837282626683048,NORMAL,STABLE,HIGH,STRONG_WARNING,False,0.0
2026-08-12T01:23:46.803927,0.3944226950534062,0.20768148038787237,0.15296803652968036,False,12,2.4708638191223145,False,0.0,-9.777630982624743,18.09055092134713,-4.4627927649723915,CENTER,0.0,0.9163267959334583,0.09714835083157713,NORMAL,STABLE,HIGH,STRONG_WARNING,False,0.0
2026-08-12T01:23:46.864246,0.3926346192173293,0.2355842523831057,0.15296803652968036,False,12,2.4708638191223145,False,0.0,-9.485022783387905,19.12736932384857,-4.604584650038106,CENTER,0.0,0.9163577692120443,0.09777708287942932,NORMAL,STABLE,HIGH,STRONG_WARNING,False,0.0
2026-08-12T01:23:46.890477,0.4447193715837878,0.17715191739263259,0.15296803652968036,False,12,2.4708638191223145,False,0.0,-9.788621836926069,18.43851067557665,-4.30264578603547,CENTER,0.0,0.916050362531844,0.09726050962659837,NORMAL,STABLE,HIGH,STRONG_WARNING,False,0.0
2026-08-12T01:23:46.908952,0.41727376755412654,0.13236782011717457,0.15279361459521096,False,12,2.4708638191223145,False,0.0,-10.748237176101242,16.512348513876418,-3.8285536633102026,CENTER,0.0,0.915836584714261,0.09620760628397514,NORMAL,STABLE,HIGH,STRONG_WARNING,False,0.0
2026-08-12T01:23:46.942196,0.4361202937532138,0.10186793469562934,0.15296803652968036,False,12,2.4708638191223145,False,0.0,-11.769293985086307,18.982173966918765,-3.7774635849490608,CENTER,0.0,0.9162868292089213,0.09912949777494291,NORMAL,STABLE,HIGH,STRONG_WARNING,False,0.0
2026-08-12T01:23:46.972683,0.4361594843564246,0.01442781830520928,0.15279361459521096,False,12,2.4708638191223145,False,0.0,-11.106842995072128,13.816275564218188,-3.022558981109512,CENTER,0.0,0.916080539710097,0.09373054096907119,NORMAL,STABLE,HIGH,STRONG_WARNING,False,0.0
2026-08-12T01:23:47.004924,0.4468214408328792,0.019000681736621942,0.15279361459521096,False,12,2.4708638191223145,False,0.0,-9.670298188783391,15.25188530618641,-2.7603515215131154,CENTER,0.0,0.9165665589634775,0.0931065761178122,NORMAL,STABLE,HIGH,STRONG_WARNING,False,0.0
2026-08-12T01:23:47.038185,0.4464063330712104,0.014452944972641046,0.15296803652968036,False,12,2.4708638191223145,False,0.0,-10.458761995835488,14.203562633715364,-2.41809547564705,CENTER,0.0,0.9169861660343793,0.09285633714377627,NORMAL,STABLE,HIGH,STRONG_WARNING,False,0.0
2026-08-12T01:23:47.068933,0.42359238199886906,0.06006168744795017,0.15279361459521096,False,12,2.4708638191223145,False,0.0,-10.536746577768753,16.66928186365925,-3.203538391262441,CENTER,0.0,0.917181160859727,0.09548658188933311,NORMAL,STABLE,HIGH,STRONG_WARNING,False,0.0
2026-08-12T01:23:47.101460,0.4278667732351206,0.2629753408784825,0.15279361459521096,False,12,2.4708638191223145,False,0.0,-9.959647841428165,20.31437999743642,-4.0539861621537625,CENTER,0.0,0.916959969357792,0.09850303592123796,NORMAL,STABLE,HIGH,STRONG_WARNING,False,0.0
2026-08-12T01:23:47.132747,0.43500706485642304,0.3450304390724687,0.15279361459521096,False,12,2.4708638191223145,False,0.0,-9.346745718534635,18.4717529897961,-3.8690200983800196,CENTER,0.0,0.9171779888974623,0.0963164695824133,NORMAL,STABLE,HIGH,STRONG_WARNING,False,0.0
2026-08-12T01:23:47.165383,0.44925285899471723,0.46933879158411207,0.15296803652968036,False,12,2.4708638191223145,False,0.0,-10.035209952066225,20.60446550264595,-3.5089692954485088,CENTER,0.0,0.9177732480434303,0.11278679419143013,NORMAL,STABLE,HIGH,STRONG_WARNING,False,0.0
2026-08-12T01:23:47.197435,0.4376808241175516,0.6740374040727187,0.15296803652968036,False,12,2.4708638191223145,False,0.0,-10.804555342194845,23.54308161492156,-4.281952975063263,CENTER,0.0,0.9177133041761586,0.18543239972570855,NORMAL,STABLE,HIGH,STRONG_WARNING,False,0.0
2026-08-12T01:23:47.229262,0.4275650964192773,0.6344289605311202,0.15296803652968036,False,12,2.4708638191223145,False,0.0,-10.993558620665652,23.430150002775633,-3.3666034888976526,CENTER,0.0,0.9172520013503087,0.18461885158385244,NORMAL,STABLE,HIGH,STRONG_WARNING,False,0.0
2026-08-12T01:23:47.261200,0.4141162239936501,0.6468138885118183,0.15279361459521096,False,12,2.4708638191223145,False,0.0,-11.13605937464854,24.760022005617458,-3.815120211359897,CENTER,0.0,0.9160883390055482,0.1861213308403205,NORMAL,STABLE,HIGH,STRONG_WARNING,False,0.0
2026-08-12T01:23:47.294625,0.40822502124316185,0.5051637217414392,0.15296803652968036,False,12,2.4708638191223145,False,0.0,-9.427003231364239,23.609864240432387,-3.3388281488697373,CENTER,0.0,0.914501561772793,0.12173057712688932,NORMAL,STABLE,HIGH,STRONG_WARNING,False,0.0
2026-08-12T01:23:47.324370,0.3798306062416298,0.39816816648471337,0.15279361459521096,False,12,2.4708638191223145,False,0.0,-9.510998910697708,20.172460362596496,-2.406691499080381,CENTER,0.0,0.9131369338501862,0.09629385512192168,NORMAL,STABLE,HIGH,STRONG_WARNING,False,0.0
2026-08-12T01:23:47.356156,0.40451720634322585,0.3143773498113268,0.15279361459521096,False,12,2.4708638191223145,False,0.0,-10.410411991948735,18.391540992300577,-2.465438569837488,CENTER,0.0,0.9120191467871228,0.09591516053208529,NORMAL,STABLE,HIGH,STRONG_WARNING,False,0.0
2026-08-12T01:23:47.389664,0.37560949306667135,0.2769001064981019,0.15279361459521096,False,12,2.4708638191223145,False,0.0,-9.7265220333054,18.687427566657078,-1.2696282217557382,CENTER,0.0,0.910875075973998,0.09425225853459684,NORMAL,STABLE,HIGH,STRONG_WARNING,False,0.0
2026-08-12T01:23:47.421063,0.3983483109322219,0.2949644546008743,0.15279361459521096,False,12,2.4708638191223145,False,0.0,-10.417407955258966,13.51094196594346,-0.6795875276965262,CENTER,0.0,0.9098689419826572,0.09045906820710216,NORMAL,STABLE,HIGH,STRONG_WARNING,False,0.0
2026-08-12T01:23:47.469791,0.3466889151955511,0.3227345206621121,0.15296803652968036,False,12,2.4708638191223145,False,0.0,-10.495292484541977,16.774193442069333,-0.9626452187456493,CENTER,0.0,0.9098172825344771,0.09336696163412482,NORMAL,STABLE,HIGH,STRONG_WARNING,False,0.0
2026-08-12T01:23:47.500586,0.12120518253945914,0.30275955905365043,0.15393386545039908,True,12,2.4708638191223145,False,0.0,-12.451632216681958,12.534573763857395,-1.468918565803591,CENTER,0.0,0.9106255607148982,0.3014840159074163,LOW,STABLE,HIGH,STRONG_WARNING,False,0.0
2026-08-12T01:23:47.532280,0.07321862430061335,0.28434409754559525,0.15507411630558723,True,12,2.4708638191223145,False,0.03169417381286621,-12.491834888794529,12.548609750369451,-0.4415662572316137,UP,0.0,0.91115954501335,0.32818159298049043,LOW,STABLE,HIGH,STRONG_WARNING,False,0.03169417381286621
2026-08-12T01:23:47.564176,0.23163327766868472,0.26653287563161543,0.15507411630558723,False,13,0.06359028816223145,False,0.0,-11.398041858891787,12.499868112411377,-0.31154945832975045,UP,0.031896114349365234,0.9809293954689645,0.16499627320342813,NORMAL,STABLE,HIGH,STRONG_WARNING,False,0.0
2026-08-12T01:23:47.597311,0.3006839104343044,0.21515400649184052,0.15507411630558723,False,13,0.06359028816223145,False,0.0,-12.588518760707416,15.52113989298988,-0.9180835373277034,UP,0.06503057479858398,0.981145980688443,0.07775312806620902,NORMAL,STABLE,HIGH,STRONG_WARNING,False,0.0
2026-08-12T01:23:47.628465,0.3253632608422493,0.05746432312712448,0.15507411630558723,False,13,0.06359028816223145,False,0.0,-12.3151453481467,16.903205781743424,-1.4149753669576626,UP,0.09618449211120605,0.9818611084319272,0.07896652672081991,NORMAL,STABLE,HIGH,STRONG_WARNING,False,0.0
2026-08-12T01:23:47.661764,0.3577173365317827,0.05914136329967616,0.15507411630558723,False,13,0.06359028816223145,False,0.0,-11.157811576266738,18.35525520097991,-1.2736769412124431,UP,0.12948393821716309,0.980800593707133,0.07876469437033314,NORMAL,STABLE,HIGH,STRONG_WARNING,False,0.0
2026-08-12T01:23:47.701544,0.36962366332621643,0.33038330361914026,0.1552511415525114,False,13,0.06359028816223145,False,0.0,-10.574543072631855,19.357509726346365,-2.1124187975992186,CENTER,0.0,0.9797263079775377,0.053823068861061696,NORMAL,STABLE,HIGH,STRONG_WARNING,False,0.0
2026-08-12T01:23:47.727397,0.3882646808072917,0.6871348660301413,0.1552511415525114,False,13,0.06359028816223145,False,0.0,-12.191771623280175,19.87456594632522,-2.7601571439803365,CENTER,0.0,0.9803146567429699,0.13637757758744515,NORMAL,STABLE,HIGH,STRONG_WARNING,False,0.0
2026-08-12T01:23:47.756321,0.3941370849193294,0.6326822406160812,0.15507411630558723,False,13,0.06359028816223145,False,0.0,-12.426290803329294,20.719637602666296,-3.1455030186321835,CENTER,0.0,0.9794839624056928,0.13749630158327478,NORMAL,STABLE,HIGH,STRONG_WARNING,False,0.0
2026-08-12T01:23:47.789616,0.35317475073754007,1.0000009487671473,0.15507411630558723,False,13,0.06359028816223145,False,0.0,-14.168325384797896,21.02209228451366,-3.4052001728660173,CENTER,0.0,0.9797247138631686,0.13964233459898912,NORMAL,STABLE,HIGH,STRONG_WARNING,False,0.0
2026-08-12T01:23:47.820969,0.39530689556305476,1.1550199958153557,0.15507411630558723,False,13,0.06359028816223145,False,0.0,-14.776536818062766,23.02393170488324,-3.9943097327709154,CENTER,0.0,0.980014400612997,0.14224108328490098,NORMAL,STABLE,HIGH,STRONG_WARNING,False,0.0
2026-08-12T01:23:47.854173,0.4047945690363518,1.2232102554302386,0.1552511415525114,False,13,0.06359028816223145,False,0.0,-15.37441128218515,21.226025886605015,-4.1894843694254575,CENTER,0.0,0.9807872647676612,0.14179478528479916,NORMAL,STABLE,HIGH,STRONG_WARNING,False,0.0
2026-08-12T01:23:47.885068,0.39071042534595746,1.3320853904161964,0.15507411630558723,False,13,0.06359028816223145,False,0.0,-14.743886260417213,23.270238976218423,-4.480263509184454,CENTER,0.0,0.979208394954561,0.14285548608041965,NORMAL,STABLE,HIGH,STRONG_WARNING,False,0.0
2026-08-12T01:23:47.917996,0.3958941572873064,1.1185697604517626,0.15507411630558723,False,13,0.06359028816223145,False,0.0,-13.421474886098395,19.247446985495145,-3.397883162896079,CENTER,0.0,0.9779356352880659,0.137634410948757,NORMAL,STABLE,HIGH,STRONG_WARNING,False,0.0
2026-08-12T01:23:47.949087,0.38533597031838274,1.2835702933215054,0.15507411630558723,False,13,0.06359028816223145,False,0.0,-13.480113687734104,20.980608118540914,-3.798615890166815,CENTER,0.0,0.9777516021519205,0.13932849620231108,NORMAL,STABLE,HIGH,STRONG_WARNING,False,0.0
2026-08-12T01:23:47.996619,0.39614592644951796,1.2110518415960037,0.15507411630558723,False,13,0.06359028816223145,False,0.0,-11.814716293777138,23.694713999806396,-4.452402955417625,CENTER,0.0,0.976515667866941,0.14031454050373024,NORMAL,STABLE,HIGH,STRONG_WARNING,False,0.0
2026-08-12T01:23:48.028517,0.41286818768472155,0.8913590573595932,0.15507411630558723,False,13,0.06359028816223145,False,0.0,-13.181204217850649,19.6564461292121,-3.2139341608458665,CENTER,0.0,0.9763604225608711,0.13752129138856195,NORMAL,STABLE,HIGH,STRONG_WARNING,False,0.0
2026-08-12T01:23:48.062623,0.37471337605642957,1.20270340597382,0.1552511415525114,False,13,0.06359028816223145,False,0.0,-13.562862558106701,19.808015387664113,-4.273592720123844,CENTER,0.0,0.9764919838820302,0.13910720549082772,NORMAL,STABLE,HIGH,STRONG_WARNING,False,0.0
2026-08-12T01:23:48.092640,0.37755380697973157,1.1413335587769335,0.15507411630558723,False,13,0.06359028816223145,False,0.0,-13.671358108727532,23.296099084354182,-5.121033138605014,CENTER,0.0,0.9761195237482854,0.14245839535929558,NORMAL,STABLE,HIGH,STRONG_WARNING,False,0.0
2026-08-12T01:23:48.131865,0.36656620771204773,0.6233001715401038,0.1552511415525114,False,13,0.06359028816223145,False,0.0,-12.981309999655252,20.894978274951086,-4.117213305157151,CENTER,0.0,0.9748007624957135,0.13918163308316936,NORMAL,STABLE,HIGH,STRONG_WARNING,False,0.0
2026-08-12T01:23:48.160880,0.39009594534859726,0.7392845197328796,0.1552511415525114,False,13,0.06359028816223145,False,0.0,-11.664010402004124,21.105153414643183,-3.614835358505843,CENTER,0.0,0.9741919983496228,0.13758114415991501,NORMAL,STABLE,HIGH,STRONG_WARNING,False,0.0
2026-08-12T01:23:48.189108,0.3865657433191329,0.7478209484537606,0.15507411630558723,False,13,0.06359028816223145,False,0.0,-12.490264671149959,20.3346854712363,-3.2732081203960206,CENTER,0.0,0.9751646358453361,0.137402860347953,NORMAL,STABLE,HIGH,STRONG_WARNING,False,0.0
2026-08-12T01:23:48.220621,0.4151981474574148,0.2690232422609881,0.15507411630558723,False,13,0.06359028816223145,False,0.0,-9.99800095431948,22.692819397393322,-3.2523765213692855,CENTER,0.0,0.9756420664008917,0.05668593936083353,NORMAL,STABLE,HIGH,STRONG_WARNING,False,0.0
2026-08-12T01:23:48.252867,0.4155723946948636,0.45476686033217006,0.15507411630558723,False,13,0.06359028816223145,False,0.0,-8.87577345808387,20.33315852098943,-3.1044004137123125,CENTER,0.0,0.9772838568458504,0.06471195287944964,NORMAL,STABLE,HIGH,STRONG_WARNING,False,0.0
2026-08-12T01:23:48.284908,0.3902981010795898,0.8473811366351649,0.15507411630558723,False,13,0.06359028816223145,False,0.0,-10.36654553566592,23.20299975790965,-4.381875008152264,CENTER,0.0,0.9790014547968108,0.1384969629460718,NORMAL,STABLE,HIGH,STRONG_WARNING,False,0.0
2026-08-12T01:23:48.317290,0.4138995662713829,0.5377986365760639,0.1552511415525114,False,13,0.06359028816223145,False,0.0,-12.052444919666243,21.44856534497444,-2.9429548893909896,CENTER,0.0,0.9794746790337792,0.08511594324933845,NORMAL,STABLE,HIGH,STRONG_WARNING,False,0.0
2026-08-12T01:23:48.356627,0.39720532267645225,0.4243396886722506,0.1552511415525114,False,13,0.06359028816223145,False,0.0,-9.794551264264896,24.730272039985834,-3.107479179909461,CENTER,0.0,0.979647044324417,0.06277843800434497,NORMAL,STABLE,HIGH,STRONG_WARNING,False,0.0
2026-08-12T01:23:48.391453,0.39733690545111033,0.5567909980470331,0.1552511415525114,False,13,0.06359028816223145,False,0.0,-10.714157649393115,25.55493685308747,-3.9178144403361443,CENTER,0.0,0.9798141316229423,0.09153016086596479,NORMAL,STABLE,HIGH,STRONG_WARNING,False,0.0
2026-08-12T01:23:48.416264,0.39648712046468576,0.8034297810615342,0.15507411630558723,False,13,0.06359028816223145,False,0.0,-12.321455363997757,24.726017233941633,-3.402848611092594,CENTER,0.0,0.9801102484139232,0.14053665961257922,NORMAL,STABLE,HIGH,STRONG_WARNING,False,0.0
2026-08-12T01:23:48.446245,0.3910521688730629,0.8091410494300779,0.15507411630558723,False,13,0.06359028816223145,False,0.0,-12.220846200796103,25.074927667475833,-3.9272749281575443,CENTER,0.0,0.9801567188571674,0.14119677070348152,NORMAL,STABLE,HIGH,STRONG_WARNING,False,0.0
2026-08-12T01:23:48.476671,0.4033466038101756,0.43134364647370455,0.15507411630558723,False,13,0.06359028816223145,False,0.0,-13.47589294324382,25.866962243039296,-3.784398936666719,CENTER,0.0,0.9793655022933814,0.0691085042111249,NORMAL,STABLE,HIGH,STRONG_WARNING,False,0.0
2026-08-12T01:23:48.524812,0.41438185880154127,0.5626163934227584,0.15507411630558723,False,13,0.06359028816223145,False,0.0,-11.852541958502826,26.54066946645912,-3.044504211378438,CENTER,0.0,0.9800644209747942,0.09357390183782179,NORMAL,STABLE,HIGH,STRONG_WARNING,False,0.0
2026-08-12T01:23:48.556516,0.3994880710519628,0.361128975212362,0.15507411630558723,False,13,0.06359028816223145,False,0.0,-12.157704216437793,28.25985256260003,-2.9662906652080494,CENTER,0.0,0.9803181664737656,0.06251079859329334,NORMAL,STABLE,HIGH,STRONG_WARNING,False,0.0
2026-08-12T01:23:48.589524,0.40280299992572055,0.6831459379208453,0.15507411630558723,False,13,0.06359028816223145,False,0.0,-12.286330708420252,26.64641278683095,-3.994519337555687,CENTER,0.0,0.9812589216820988,0.142459545209778,NORMAL,STABLE,HIGH,STRONG_WARNING,False,0.0
2026-08-12T01:23:48.621134,0.3886683977511839,1.0066350206003984,0.15507411630558723,False,13,0.06359028816223145,False,0.0,-12.756588116997904,25.6394415803924,-4.617937768370524,CENTER,0.0,0.9820209217463993,0.14278545755417255,NORMAL,STABLE,HIGH,STRONG_WARNING,False,0.0
2026-08-12T01:23:48.652794,0.42763230102229355,0.9144183256333307,0.1552511415525114,False,13,0.06359028816223145,False,0.0,-11.900242739243907,28.705499743600114,-4.784672784382593,CENTER,0.0,0.9834160531335734,0.14442427628049612,NORMAL,STABLE,HIGH,STRONG_WARNING,False,0.0
2026-08-12T01:23:48.686737,0.3986932636034838,1.041636155809381,0.1552511415525114,False,13,0.06359028816223145,False,0.0,-14.125715936383813,28.026654042439276,-3.8342019938377234,CENTER,0.0,0.9830333183299041,0.1451617789248974,NORMAL,STABLE,HIGH,STRONG_WARNING,False,0.0
2026-08-12T01:23:48.716982,0.3913795110931723,1.249664745030248,0.15507411630558723,False,13,0.06359028816223145,False,0.0,-12.749747594897684,27.91819212297932,-4.425321000491152,CENTER,0.0,0.9823746811771261,0.14423915185198644,NORMAL,STABLE,HIGH,STRONG_WARNING,False,0.0
2026-08-12T01:23:48.750198,0.4050062367778636,1.231227890602177,0.15507411630558723,False,13,0.06359028816223145,False,0.0,-12.788658944532472,26.731148293205138,-3.678749074766017,CENTER,0.0,0.9823447546939299,0.14270039149424774,NORMAL,STABLE,HIGH,STRONG_WARNING,False,0.0
2026-08-12T01:23:48.782764,0.3941593489040093,1.32080042838119,0.15507411630558723,False,13,0.06359028816223145,False,0.0,-13.187871697766155,27.366370228647355,-4.778733598360105,CENTER,0.0,0.981003863383059,0.14460283434382717,NORMAL,STABLE,HIGH,STRONG_WARNING,False,0.0
2026-08-12T01:23:48.846171,0.37599371621341093,0.6542731377602823,0.15542857142857142,False,13,0.06359028816223145,False,0.0,-15.330339948581695,23.580714516984102,-4.217140399822995,CENTER,0.0,0.9829008594821673,0.14356830134908985,NORMAL,STABLE,HIGH,STRONG_WARNING,False,0.0
2026-08-12T01:23:48.877465,0.3943596105453714,0.5290282479539532,0.1552511415525114,False,13,0.06359028816223145,False,0.0,-14.10229844907505,26.648501014573583,-4.172771166193314,CENTER,0.0,0.9843693603180727,0.09027557517375605,NORMAL,STABLE,HIGH,STRONG_WARNING,False,0.0
2026-08-12T01:23:48.909393,0.3840043067059344,0.41632344385019765,0.1552511415525114,False,13,0.06359028816223145,False,0.0,-13.29353726060225,24.907888840610127,-3.3373736528426434,CENTER,0.0,0.9840943287037037,0.06489424162560874,NORMAL,STABLE,HIGH,STRONG_WARNING,False,0.0
2026-08-12T01:23:48.936262,0.38992125345990425,0.4231948150595317,0.1552511415525114,False,13,0.06359028816223145,False,0.0,-13.298373599395546,25.244654338919872,-3.4737855447467894,CENTER,0.0,0.9840552260159464,0.06664775220877826,NORMAL,STABLE,HIGH,STRONG_WARNING,False,0.0
2026-08-12T01:23:48.962896,0.40588167152269083,0.3758990657838527,0.1552511415525114,False,13,0.06359028816223145,False,0.0,-13.694409156021266,21.52365911671552,-3.2189970802661207,CENTER,0.0,0.984395335005144,0.05945741947697514,NORMAL,STABLE,HIGH,STRONG_WARNING,False,0.0
2026-08-12T01:23:48.986014,0.3727406719964128,0.3121303517527814,0.15507411630558723,False,13,0.06359028816223145,False,0.0,-13.604460847030168,22.015870461932053,-3.4714190494277375,CENTER,0.0,0.9842734187457134,0.059880848942259556,NORMAL,STABLE,HIGH,STRONG_WARNING,False,0.0
2026-08-12T01:23:49.006230,0.3649059141020335,0.28992688800433025,0.15507411630558723,False,13,0.06359028816223145,False,0.0,-14.449861934777061,21.439453673414874,-3.3136854084227707,CENTER,0.0,0.9823159400720165,0.060126746210378265,NORMAL,STABLE,HIGH,STRONG_WARNING,False,0.0
2026-08-12T01:23:49.052552,0.41019890299084627,0.22990474001973096,0.15507411630558723,False,13,0.06359028816223145,False,0.0,-16.17430132065391,19.299333845202142,-3.601623523803795,CENTER,0.0,0.9819897360468107,0.06051894911343591,NORMAL,STABLE,HIGH,STRONG_WARNING,False,0.0
2026-08-12T01:23:49.085788,0.39416975579713287,0.2653973480275714,0.1552511415525114,False,13,0.06359028816223145,False,0.0,-14.525628643990757,21.06122206821172,-3.6164859554270947,CENTER,0.0,0.9833401652520577,0.06030663781014432,NORMAL,STABLE,NORMAL,NO_ACTION,False,0.0
2026-08-12T01:23:49.122002,0.4098329875058644,0.20458938441430324,0.1552511415525114,False,13,0.06359028816223145,False,0.0,-14.63674525360986,21.3239939906353,-3.896867077564451,CENTER,0.0,0.9841692654749655,0.060873415347660165,NORMAL,STABLE,NORMAL,NO_ACTION,False,0.0
2026-08-12T01:23:49.148495,0.4330663871518893,0.19338714491090722,0.1552511415525114,False,13,0.06359028816223145,False,0.0,-13.940068728135117,20.61135954982862,-4.3522828928145145,CENTER,0.0,0.9848800797325102,0.06012640978982416,NORMAL,STABLE,NORMAL,NO_ACTION,False,0.0
2026-08-12T01:23:49.181173,0.3976736138166509,0.242728476816168,0.1552511415525114,False,13,0.06359028816223145,False,0.0,-14.10701749512242,22.527304350252905,-5.031790849410186,CENTER,0.0,0.9857951951517491,0.062325254175803084,NORMAL,STABLE,NORMAL,NO_ACTION,False,0.0
2026-08-12T01:23:49.247798,0.4548285376709443,0.7159520546346234,0.1552511415525114,False,13,0.06359028816223145,False,0.0,-13.648396066691163,25.448396822139813,-5.7314660204955885,CENTER,0.0,0.9891404776448903,0.1446670578984254,NORMAL,STABLE,NORMAL,NO_ACTION,False,0.0
2026-08-12T01:23:49.279151,0.43977930408347327,0.5898337447509535,0.1552511415525114,False,13,0.06359028816223145,False,0.0,-13.291491304329554,24.548726901516716,-5.243577185104584,CENTER,0.0,0.9894307806069959,0.1011705402932932,NORMAL,STABLE,NORMAL,NO_ACTION,False,0.0
2026-08-12T01:23:49.309349,0.46820429661065105,0.5769222402829519,0.1552511415525114,False,13,0.06359028816223145,False,0.0,-12.892593247677468,24.35773638205228,-5.374917383426748,CENTER,0.0,0.9880279867541153,0.0981926534942805,NORMAL,STABLE,NORMAL,NO_ACTION,False,0.0
2026-08-12T01:23:49.340415,0.4413635344408283,0.3627363262494479,0.15507411630558723,False,13,0.06359028816223145,False,0.0,-13.30869321636871,22.589189770770957,-4.659653244009661,CENTER,0.0,0.9855569085433814,0.06115432513427033,NORMAL,STABLE,NORMAL,NO_ACTION,False,0.0
2026-08-12T01:23:49.373025,0.4355781740020005,0.30179924617330484,0.1552511415525114,False,13,0.06359028816223145,False,0.0,-12.538641851419356,19.80263561540562,-3.8577093715039155,CENTER,0.0,0.9833945258916323,0.05771655323167847,NORMAL,STABLE,NORMAL,NO_ACTION,False,0.0
2026-08-12T01:23:49.404642,0.42288384558762077,0.2546592895243743,0.1552511415525114,False,13,0.06359028816223145,False,0.0,-12.41201094927274,18.068278374440467,-3.601405170490409,CENTER,0.0,0.9826218492798352,0.05609520956941981,NORMAL,STABLE,NORMAL,NO_ACTION,False,0.0
2026-08-12T01:23:49.438606,0.39785370636075,0.2337631707069625,0.15542857142857142,False,13,0.06359028816223145,False,0.0,-12.556626922723524,18.163517439565226,-2.997363684000163,CENTER,0.0,0.9841980399091221,0.05581029852340933,NORMAL,STABLE,NORMAL,NO_ACTION,False,0.0
2026-08-12T01:23:49.468000,0.40804716061719515,0.20827068537255514,0.1552511415525114,False,13,0.06359028816223145,False,0.0,-12.75874389677952,18.512240384123317,-2.9140125575420655,CENTER,0.0,0.9842739813743142,0.05608780615783962,NORMAL,STABLE,NORMAL,NO_ACTION,False,0.0
2026-08-12T01:23:49.486457,0.4134683868422555,0.2298396278498746,0.1552511415525114,False,13,0.06359028816223145,False,0.0,-12.251623875829267,19.777800470112,-2.683227744236035,CENTER,0.0,0.9859441577717764,0.05629124674991799,NORMAL,STABLE,NORMAL,NO_ACTION,False,0.0
2026-08-12T01:23:49.508899,0.4115330286164999,0.15985620541882034,0.15507411630558723,False,13,0.06359028816223145,False,0.0,-13.379346896907009,18.680810585494612,-2.5973833536099846,CENTER,0.0,0.9863334029921125,0.05641375418725979,NORMAL,STABLE,NORMAL,NO_ACTION,False,0.0
2026-08-12T01:23:49.532705,0.41706783221243193,0.11348788346623698,0.15507411630558723,False,13,0.06359028816223145,False,0.0,-12.503872316762909,19.152406538031073,-2.3734002518297643,CENTER,0.0,0.9863408779149522,0.05569561423705345,NORMAL,STABLE,NORMAL,NO_ACTION,False,0.0
2026-08-12T01:23:49.581328,0.4024200827199027,0.018958796488174497,0.15507411630558723,False,13,0.06359028816223145,False,0.0,-13.829986963264219,21.035404732196724,-2.3812612632326307,CENTER,0.0,0.9851067520790467,0.058340126529340064,NORMAL,STABLE,NORMAL,NO_ACTION,False,0.0
2026-08-12T01:23:49.647964,0.3734914703656034,0.018470736464709724,0.1552511415525114,False,13,0.06359028816223145,False,0.0,-14.145554499873867,16.696485444032675,-1.4563174151853957,CENTER,0.0,0.9837276957947532,0.05470816840404008,NORMAL,STABLE,NORMAL,NO_ACTION,False,0.0
2026-08-12T01:23:49.691419,0.42175664397310736,0.016078215697943776,0.1552511415525114,False,13,0.06359028816223145,False,0.0,-14.942271446089848,19.38507698338725,-2.199252348122201,CENTER,0.0,0.9850431348593964,0.05813255669572105,NORMAL,STABLE,NORMAL,NO_ACTION,False,0.0
2026-08-12T01:23:49.717011,0.37970612619921884,0.016222593725118906,0.1552511415525114,False,13,0.06359028816223145,False,0.0,-15.17426481017094,18.38421058075079,-1.6222793573917613,CENTER,0.0,0.9844182956104254,0.05707750613482128,NORMAL,STABLE,NORMAL,NO_ACTION,False,0.0
2026-08-12T01:23:49.740842,0.3941659917078926,0.02054376275023175,0.15507411630558723,False,13,0.06359028816223145,False,0.0,-14.537996406690297,19.73479980503464,-2.0822827612948913,CENTER,0.0,0.9838451780049725,0.057794682395971034,NORMAL,STABLE,NORMAL,NO_ACTION,False,0.0
2026-08-12T01:23:49.773151,0.38287721394460744,0.0230861278743897,0.15507411630558723,False,13,0.06359028816223145,False,0.0,-14.21479807322467,18.024849083207812,-1.622975074256459,CENTER,0.0,0.984202219435871,0.055806193669721824,NORMAL,STABLE,NORMAL,NO_ACTION,False,0.0
2026-08-12T01:23:49.805733,0.41027241315827645,0.019884196055505912,0.1552511415525114,False,13,0.06359028816223145,False,0.0,-12.869964871984223,16.383511737078152,-1.3297501314945066,CENTER,0.0,0.9841511407964677,0.05313190666379167,NORMAL,STABLE,NORMAL,NO_ACTION,False,0.0
2026-08-12T01:23:49.838177,0.39269700084334785,0.024601311543165565,0.1552511415525114,False,13,0.06359028816223145,False,0.0,-13.127699658452656,18.52277776208416,-1.9965634036531128,CENTER,0.0,0.9848105951003088,0.055567237664233146,NORMAL,STABLE,NORMAL,NO_ACTION,False,0.0
2026-08-12T01:23:49.869786,0.4260080073019117,0.02302155771606684,0.1552511415525114,False,13,0.06359028816223145,False,0.0,-13.13906939942234,20.50098330863102,-3.2014490191108393,CENTER,0.0,0.9859445328575103,0.058167150531817466,NORMAL,STABLE,NORMAL,NO_ACTION,False,0.0
2026-08-12T01:23:49.901055,0.4474282934893241,0.013902683793455571,0.1552511415525114,False,13,0.06359028816223145,False,0.0,-13.143625039881044,21.657783763502948,-3.121960736878549,CENTER,0.0,0.9858668633187586,0.05893046016825781,NORMAL,STABLE,NORMAL,NO_ACTION,False,0.0
2026-08-12T01:23:49.933985,0.41828907677300614,0.007584559932888546,0.1552511415525114,False,13,0.06359028816223145,False,0.0,-13.853195730008878,18.982236646444704,-2.698727598201515,CENTER,0.0,0.9849387404621057,0.057273853040668364,NORMAL,STABLE,NORMAL,NO_ACTION,False,0.0
2026-08-12T01:23:49.965364,0.4181807074592937,0.01665588327881567,0.1552511415525114,False,13,0.06359028816223145,False,0.0,-13.361421265976901,18.983588129270572,-2.2287166241562772,CENTER,0.0,0.9847404138803155,0.0563486653564127,NORMAL,STABLE,NORMAL,NO_ACTION,False,0.0
2026-08-12T01:23:49.987344,0.42608639519175107,0.02552085457449444,0.1552511415525114,False,13,0.06359028816223145,False,0.0,-13.397634430564608,19.595115001126317,-2.3697439029079135,CENTER,0.0,0.9847240306712963,0.056960999635227876,NORMAL,STABLE,NORMAL,NO_ACTION,False,0.0
2026-08-12T01:23:50.029034,0.4091078812558517,0.18917218388387994,0.15507411630558723,False,13,0.06359028816223145,False,0.0,-13.112243208703234,17.01573317240053,-1.2510360012698243,CENTER,0.0,0.98430879736797,0.053657504683205084,NORMAL,STABLE,NORMAL,NO_ACTION,False,0.0
2026-08-12T01:23:50.062161,0.39210446090733414,0.22975935382171525,0.15507411630558723,False,13,0.06359028816223145,False,0.0,-13.482715732643328,18.068225724081344,-1.3502249609427963,CENTER,0.0,0.9851414207175926,0.05486990480660196,NORMAL,STABLE,NORMAL,NO_ACTION,False,0.0
2026-08-12T01:23:50.111538,0.39558104902697633,0.21470630659258233,0.1552511415525114,False,13,0.06359028816223145,False,0.0,-13.691611823842948,17.841607849023205,-1.2528297736657805,CENTER,0.0,0.986297635888203,0.05490212020555864,NORMAL,STABLE,NORMAL,NO_ACTION,False,0.0
2026-08-12T01:23:50.146516,0.3873634241826185,0.23903277069929374,0.1552511415525114,False,13,0.06359028816223145,False,0.0,-13.515956806390705,19.22503636912964,-1.1523294886893893,CENTER,0.0,0.9861757598165296,0.055635335697370905,NORMAL,STABLE,NORMAL,NO_ACTION,False,0.0
2026-08-12T01:23:50.180717,0.4205914453001613,0.19803378223126414,0.1552511415525114,False,13,0.06359028816223145,False,0.0,-13.405915915170766,17.272695259553075,-0.5892820985323795,CENTER,0.0,0.9855718583890604,0.05357715247690632,NORMAL,STABLE,NORMAL,NO_ACTION,False,0.0
2026-08-12T01:23:50.204718,0.40132626840650454,0.20680697299049347,0.15507411630558723,False,13,0.06359028816223145,False,0.0,-13.390692090843999,18.189464838068744,-1.1801546437111483,CENTER,0.0,0.98553093385631,0.05470507961356304,NORMAL,STABLE,NORMAL,NO_ACTION,False,0.0
2026-08-12T01:23:50.236880,0.4258619453546145,0.22717190264186213,0.15507411630558723,False,13,0.06359028816223145,False,0.0,-13.209188804086608,17.923495532083678,-1.0853355510920153,CENTER,0.0,0.9857301579646774,0.054246902453174206,NORMAL,STABLE,NORMAL,NO_ACTION,False,0.0
2026-08-12T01:23:50.268713,0.4095141203450986,0.019071982180410556,0.15507411630558723,False,13,0.06359028816223145,False,0.0,-13.663051352724324,14.934803287613192,-0.8766834265897216,CENTER,0.0,0.985347985789609,0.05232453105540927,NORMAL,STABLE,NORMAL,NO_ACTION,False,0.0
2026-08-12T01:23:50.300928,0.38883293538786756,0.029153200087453285,0.1552511415525114,False,13,0.06359028816223145,False,0.0,-12.679454934076915,18.420704987263832,-1.60335451514527,CENTER,0.0,0.9855411817343965,0.05468322977371576,NORMAL,STABLE,NORMAL,NO_ACTION,False,0.0
2026-08-12T01:23:50.332390,0.38994083247332806,0.0790960803889656,0.15507411630558723,False,13,0.06359028816223145,False,0.0,-12.39200362002154,19.001990981003672,-1.744888768018427,CENTER,0.0,0.9853848915466392,0.054874022086816236,NORMAL,STABLE,NORMAL,NO_ACTION,False,0.0
2026-08-12T01:23:50.364673,0.4037454871247216,0.2766247201357702,0.15507411630558723,False,13,0.06359028816223145,False,0.0,-12.737338598428494,19.11505347214441,-2.1787121418566926,CENTER,0.0,0.9844811224708506,0.05570597896591328,NORMAL,STABLE,NORMAL,NO_ACTION,False,0.0
2026-08-12T01:23:50.397533,0.39110498390584764,0.3109244243830073,0.1552511415525114,False,13,0.06359028816223145,False,0.0,-13.306213678840464,23.9291377647846,-3.3545300958789426,CENTER,0.0,0.9839132024819959,0.060951405019070676,NORMAL,STABLE,NORMAL,NO_ACTION,False,0.0
2026-08-12T01:23:50.428076,0.4201639617877042,0.4642403301063698,0.15507411630558723,False,13,0.06359028816223145,False,0.0,-12.20201916793502,25.6515831654292,-3.3896421072505802,CENTER,0.0,0.9831654288837449,0.07392545991038961,NORMAL,STABLE,NORMAL,NO_ACTION,False,0.0
2026-08-12T01:23:50.480949,0.4212332483831308,0.6525495558441061,0.1552511415525114,False,13,0.06359028816223145,False,0.0,-12.12055577863643,26.452558657689366,-2.9646501322660583,CENTER,0.0,0.9840023657193072,0.14125669105434485,NORMAL,STABLE,NORMAL,NO_ACTION,False,0.0
2026-08-12T01:23:50.527703,0.3942749075789184,0.47646010590369214,0.1552511415525114,False,13,0.06359028816223145,False,0.0,-13.45337987554268,24.344910880472895,-2.3602754093296596,CENTER,0.0,0.9839962437842935,0.0757279919412868,NORMAL,STABLE,NORMAL,NO_ACTION,False,0.0
2026-08-12T01:23:50.553835,0.4100833083722541,0.27376370584031334,0.1552511415525114,False,13,0.06359028816223145,False,0.0,-12.508245696735031,19.171470313034433,-1.0729680841722882,CENTER,0.0,0.9839063973551099,0.05454983853209873,NORMAL,STABLE,NORMAL,NO_ACTION,False,0.0
2026-08-12T01:23:50.576197,0.4053193079381364,0.198320029248683,0.1552511415525114,False,13,0.06359028816223145,False,0.0,-13.583589364029848,15.252940984712751,-0.17938756470701378,CENTER,0.0,0.9833770576131687,0.0518948207521467,NORMAL,STABLE,NORMAL,NO_ACTION,False,0.0
2026-08-12T01:23:50.601660,0.4050366376091586,0.21545816454951813,0.15507411630558723,False,13,0.06359028816223145,False,0.0,-14.856889151837493,13.8768288168053,0.03904011762116966,CENTER,0.0,0.9828715492112483,0.05190344048366875,NORMAL,STABLE,NORMAL,NO_ACTION,False,0.0
2026-08-12T01:23:50.636217,0.38266317158652396,0.22333736778553043,0.15507411630558723,False,13,0.06359028816223145,False,0.0,-14.677702859645933,15.164005213117065,-0.044007627301994034,CENTER,0.0,0.9820279947916666,0.052665301645994686,NORMAL,STABLE,NORMAL,NO_ACTION,False,0.0
2026-08-12T01:23:50.676781,0.3738116095468831,0.20573185776959274,0.1552511415525114,False,13,0.06359028816223145,False,0.0,-14.39504385045592,13.679104338999906,-0.20199587308687228,CENTER,0.0,0.9829118307398834,0.0515613325326487,NORMAL,STABLE,NORMAL,NO_ACTION,False,0.0
2026-08-12T01:23:50.711875,0.3898527711201188,0.21469020206092876,0.15507411630558723,False,13,0.06359028816223145,False,0.0,-13.783361092194866,15.035148602903632,-0.3159820601210299,CENTER,0.0,0.9841690645361797,0.0519729218460097,NORMAL,STABLE,NORMAL,NO_ACTION,False,0.0
2026-08-12T01:23:50.752199,0.3950898186489811,0.12924238714691236,0.15507411630558723,False,13,0.06359028816223145,False,0.0,-15.183263817748525,14.332804871503868,-0.5197065432121235,CENTER,0.0,0.9839992444701646,0.05300990720387889,NORMAL,STABLE,NORMAL,NO_ACTION,False,0.0
2026-08-12T01:23:50.771921,0.38184565462469655,0.15698119304303468,0.1548974943052392,False,13,0.06359028816223145,False,0.0,-13.672895161193196,15.427787745187004,-0.7402067571681528,CENTER,0.0,0.9831675856267148,0.05247032163071373,NORMAL,STABLE,NORMAL,NO_ACTION,False,0.0
2026-08-12T01:23:50.796692,0.35749055876901004,0.16878630060786967,0.1548974943052392,False,13,0.06359028816223145,False,0.0,-13.957425687607923,9.825011460612302,0.09507193723837304,CENTER,0.0,0.9826089891975308,0.0480766235129138,NORMAL,STABLE,NORMAL,NO_ACTION,False,0.0
2026-08-12T01:23:50.829019,0.413391444294693,0.022633108112932804,0.15507411630558723,False,13,0.06359028816223145,False,0.0,-14.726939848183463,10.774489426502328,-0.5140114873300377,CENTER,0.0,0.9814107376328876,0.04999510550613237,NORMAL,STABLE,NORMAL,NO_ACTION,False,0.0
2026-08-12T01:23:50.860168,0.40110680593310866,0.04922771818335937,0.15507411630558723,False,13,0.06359028816223145,False,0.0,-12.262923708115153,12.51968625402452,-0.8662191129898531,CENTER,0.0,0.9806785434885116,0.04922193205287541,NORMAL,STABLE,NORMAL,NO_ACTION,False,0.0
2026-08-12T01:23:50.893349,0.39173609610209037,0.030426647712872883,0.15507411630558723,False,13,0.06359028816223145,False,0.0,-12.068178809790368,12.907946327690865,-0.6654249443353422,CENTER,0.0,0.9806852950317216,0.04912145263417289,NORMAL,STABLE,NORMAL,NO_ACTION,False,0.0
2026-08-12T01:23:50.924338,0.4093007845017792,0.25846211985587914,0.15507411630558723,False,13,0.06359028816223145,False,0.0,-12.582193457775617,14.683526701622753,-1.506279586915099,CENTER,0.0,0.9815205439814815,0.05170850518403815,NORMAL,STABLE,NORMAL,NO_ACTION,False,0.0
2026-08-12T01:23:50.957151,0.39289668456571225,0.40417693742038263,0.15507411630558723,False,13,0.06359028816223145,False,0.0,-12.97621982525743,16.514473924289945,-1.8926045902403814,CENTER,0.0,0.9805459372856653,0.05461769290822558,NORMAL,STABLE,NORMAL,NO_ACTION,False,0.0
2026-08-12T01:23:50.989115,0.4159383125859767,0.5219265226643586,0.15507411630558723,False,13,0.06359028816223145,False,0.0,-13.522850462089792,18.112744622137114,-2.2371212684621753,CENTER,0.0,0.9801509854038066,0.08018005843107365,NORMAL,STABLE,NORMAL,NO_ACTION,False,0.0
2026-08-12T01:23:51.022416,0.40983004940760426,0.5008266806052759,0.15507411630558723,False,13,0.06359028816223145,False,0.0,-12.61693839849093,19.378858145626936,-2.389029671056363,CENTER,0.0,0.9806792132844651,0.07614842774229158,NORMAL,STABLE,NORMAL,NO_ACTION,False,0.0
2026-08-12T01:23:51.052938,0.409602228436055,0.3860047819427203,0.15507411630558723,False,13,0.06359028816223145,False,0.0,-13.888262891657178,14.885860940949442,-1.0708124963737475,CENTER,0.0,0.9797332202717763,0.05269299328010169,NORMAL,STABLE,NORMAL,NO_ACTION,False,0.0
2026-08-12T01:23:51.085208,0.3896444150784446,0.1974893789913496,0.15507411630558723,False,13,0.06359028816223145,False,0.0,-13.490181742618773,10.297335472048047,0.07867355247222463,CENTER,0.0,0.9791887029535322,0.04804032775936039,NORMAL,STABLE,NORMAL,NO_ACTION,False,0.0
2026-08-12T01:23:51.117382,0.38441257101348913,0.21178386848695738,0.15507411630558723,False,13,0.06359028816223145,False,0.0,-13.40598023326973,10.427629912392717,0.3839106111896058,CENTER,0.0,0.9799251436042524,0.0483472783471492,NORMAL,STABLE,NORMAL,NO_ACTION,False,0.0
2026-08-12T01:23:51.166077,0.3785789394743796,0.21371238433213346,0.1552511415525114,False,13,0.06359028816223145,False,0.0,-13.043446513580676,12.138474993847694,0.2995836728651966,CENTER,0.0,0.9793370359653635,0.04924109104394543,NORMAL,STABLE,NORMAL,NO_ACTION,False,0.0
2026-08-12T01:23:51.202476,0.3964176579283931,0.17301859902874098,0.1552511415525114,False,13,0.06359028816223145,False,0.0,-14.415236105741002,10.315333982067727,1.0319884439479665,CENTER,0.0,0.9786959340706447,0.04995063932967177,NORMAL,STABLE,NORMAL,NO_ACTION,False,0.0
2026-08-12T01:23:51.235203,0.36151951684463557,0.15144514060929862,0.1552511415525114,False,13,0.06359028816223145,False,0.0,-14.278479717467462,6.465665382592874,1.863173854509398,CENTER,0.0,0.9789761365097737,0.04783903254780976,NORMAL,STABLE,NORMAL,NO_ACTION,False,0.0
2026-08-12T01:23:51.263867,0.36764032065322433,0.11903974182750239,0.1552511415525114,False,13,0.06359028816223145,False,0.0,-15.035605437565351,7.996506079425558,0.8870018454437911,CENTER,0.0,0.9799668049125515,0.048733706254294074,NORMAL,STABLE,NORMAL,NO_ACTION,False,0.0
2026-08-12T01:23:51.293012,0.361309590390539,0.11178098765451495,0.15507411630558723,False,13,0.06359028816223145,False,0.0,-13.873024267036072,9.693017739681721,0.424171487764994,CENTER,0.0,0.9800311589077503,0.0483052409508907,NORMAL,STABLE,NORMAL,NO_ACTION,False,0.0
2026-08-12T01:23:51.325312,0.37430183079596613,0.10875070150387989,0.15507411630558723,False,13,0.06359028816223145,False,0.0,-14.20361812465353,8.941389322747398,0.4024549787746423,CENTER,0.0,0.9814899075145748,0.048059835652153125,NORMAL,STABLE,NORMAL,NO_ACTION,False,0.0
2026-08-12T01:23:51.358180,0.39671016506883716,0.012742875527270443,0.15507411630558723,False,13,0.06359028816223145,False,0.0,-12.103399254311483,6.443627147109709,0.7265310944741543,CENTER,0.0,0.9825564771947874,0.04454553661342568,NORMAL,STABLE,NORMAL,NO_ACTION,False,0.0
2026-08-12T01:23:51.388391,0.35757583919579017,0.03430286044455099,0.15507411630558723,False,13,0.06359028816223145,False,0.0,-13.001382497561735,7.703332127020332,0.026351638601596505,CENTER,0.0,0.9827505974579905,0.045645801264539654,NORMAL,STABLE,NORMAL,NO_ACTION,False,0.0
2026-08-12T01:23:51.421494,0.3779286838346918,0.2074731796757805,0.15507411630558723,False,13,0.06359028816223145,False,0.0,-11.971117917493757,11.242057776910713,-0.7052048793200072,CENTER,0.0,0.9831150602280522,0.04786315146267942,NORMAL,STABLE,NORMAL,NO_ACTION,False,0.0
2026-08-12T01:23:51.454732,0.35947238106350665,0.3515541175020964,0.1552511415525114,False,13,0.06359028816223145,False,0.0,-12.161780831869805,10.710735133712262,-1.0260854951632155,CENTER,0.0,0.9831717517575447,0.048060528539598205,NORMAL,STABLE,NORMAL,NO_ACTION,False,0.0
2026-08-12T01:23:51.485231,0.38241760265518543,0.5458178978189626,0.1552511415525114,False,13,0.06359028816223145,False,0.0,-12.232229456332448,18.233094743631455,-2.0192293124902108,CENTER,0.0,0.9843913832090193,0.08368112350635201,NORMAL,STABLE,NORMAL,NO_ACTION,False,0.0
2026-08-12T01:23:51.516402,0.3866418237592235,0.6154425209225762,0.1552511415525114,False,13,0.06359028816223145,False,0.0,-11.831733813162913,19.30594361559372,-2.6604975482070756,CENTER,0.0,0.9844917454346707,0.13552423432809635,NORMAL,STABLE,NORMAL,NO_ACTION,False,0.0
2026-08-12T01:23:51.549345,0.3836077014140449,0.42882178751182726,0.15507411630558723,False,13,0.06359028816223145,False,0.0,-11.44811940622293,13.981215451318121,-1.709931304922236,CENTER,0.0,0.9833720609353566,0.056069675647398974,NORMAL,STABLE,NORMAL,NO_ACTION,False,0.0
2026-08-12T01:23:51.581872,0.39328594716608184,0.3677175603359545,0.15507411630558723,False,13,0.06359028816223145,False,0.0,-10.61010406772084,15.36975555098806,-1.8985149696911208,CENTER,0.0,0.9823883450145747,0.05068277401268169,NORMAL,STABLE,NORMAL,NO_ACTION,False,0.0
2026-08-12T01:23:51.612565,0.36655803033336676,0.2668607703033407,0.15507411630558723,False,13,0.06359028816223145,False,0.0,-10.88009003061589,6.21737614936913,-0.4102287343360729,CENTER,0.0,0.981253791045096,0.04289954418247691,NORMAL,STABLE,NORMAL,NO_ACTION,False,0.0
2026-08-12T01:23:51.645351,0.37960680188045026,0.24679312604492712,0.15507411630558723,False,13,0.06359028816223145,False,0.0,-12.315760995682922,-0.14481631015041785,1.1768432711319292,CENTER,0.0,0.9807937617884088,0.04063452589298321,NORMAL,STABLE,NORMAL,NO_ACTION,False,0.0
2026-08-12T01:23:51.693665,0.38680151601118506,0.171641995622534,0.1552511415525114,False,13,0.06359028816223145,False,0.0,-11.154936854165356,2.0777482320199567,1.2157714901869952,CENTER,0.0,0.9812305223336762,0.041038700682831636,NORMAL,STABLE,NORMAL,NO_ACTION,False,0.0
2026-08-12T01:23:51.724972,0.38456143450726227,0.211091971515714,0.1552511415525114,False,13,0.06359028816223145,False,0.0,-11.896923484931762,4.094051987163255,0.7763790382558682,CENTER,0.0,0.9836223636831276,0.04278630704857281,NORMAL,STABLE,NORMAL,NO_ACTION,False,0.0
2026-08-12T01:23:51.756616,0.3669355970834182,0.15205459531843152,0.15507411630558723,False,13,0.06359028816223145,False,0.0,-11.473731000790508,4.318127914461741,0.9766182054822821,CENTER,0.0,0.9833605404449587,0.042644931252612005,NORMAL,STABLE,NORMAL,NO_ACTION,False,0.0
2026-08-12T01:23:51.789348,0.38443444496107226,0.10441665313070442,0.1552511415525114,False,13,0.06359028816223145,False,0.0,-11.22551685804234,0.9709701422858075,1.2918150234233394,CENTER,0.0,0.9833813978909465,0.04038055398709574,NORMAL,STABLE,NORMAL,NO_ACTION,False,0.0
2026-08-12T01:23:51.821366,0.39008732661124834,0.009800499451094657,0.1552511415525114,False,13,0.06359028816223145,False,0.0,-9.328532935652987,6.918603055214845,0.32934238907151325,CENTER,0.0,0.9841473497513717,0.04192251588809002,NORMAL,STABLE,NORMAL,NO_ACTION,False,0.0
2026-08-12T01:23:51.852952,0.38144721433725004,0.010927004012173043,0.15507411630558723,False,13,0.06359028816223145,False,0.0,-10.606434638237772,-0.08172162913021452,1.279960801955923,CENTER,0.0,0.9831348058127573,0.039042237901426025,NORMAL,STABLE,NORMAL,NO_ACTION,False,0.0
2026-08-12T01:23:51.885670,0.39503130658016145,0.0179310393162593,0.1552511415525114,False,13,0.06359028816223145,False,0.0,-10.290715110710266,4.096852110699217,0.9694221041542903,CENTER,0.0,0.9833824159807956,0.04142750350755618,NORMAL,STABLE,NORMAL,NO_ACTION,False,0.0
2026-08-12T01:23:51.916466,0.38538681181437484,0.23373819572918972,0.15507411630558723,False,13,0.06359028816223145,False,0.0,-11.368992574678487,8.593873571766807,-0.25045851348247083,CENTER,0.0,0.9855552876371741,0.04493284566915057,NORMAL,STABLE,NORMAL,NO_ACTION,False,0.0
2026-08-12T01:23:51.949728,0.37290523286411464,0.3376659908421498,0.1552511415525114,False,13,0.06359028816223145,False,0.0,-10.254286612353951,8.795785883680736,-0.6807268880077686,CENTER,0.0,0.9854505449459877,0.04450809580370678,NORMAL,STABLE,NORMAL,NO_ACTION,False,0.0
2026-08-12T01:23:51.981597,0.3786175937936215,0.44694272559794834,0.1552511415525114,False,13,0.06359028816223145,False,0.0,-11.548132719284666,13.360696392520367,-1.2631066478445803,CENTER,0.0,0.9836713257673182,0.05900025675508638,NORMAL,STABLE,NORMAL,NO_ACTION,False,0.0
2026-08-12T01:23:52.044399,0.3920058580676208,0.7619731949305139,0.1552511415525114,False,13,0.06359028816223145,False,0.0,-12.186964767862435,18.475896855112893,-2.424029729503303,CENTER,0.0,0.9839349440586419,0.13503912061352277,NORMAL,STABLE,NORMAL,NO_ACTION,False,0.0
2026-08-12T01:23:52.078130,0.4106608618799066,0.5561544575266651,0.15542857142857142,False,13,0.06359028816223145,False,0.0,-10.653856568301507,14.653344796981145,-1.2085699419446314,CENTER,0.0,0.9834459394290123,0.08095122584211992,NORMAL,STABLE,NORMAL,NO_ACTION,False,0.0
2026-08-12T01:23:52.098041,0.4064833594338949,0.5744550610466301,0.1552511415525114,False,13,0.06359028816223145,False,0.0,-10.302893637492616,12.321136733945707,-0.8353562371438272,CENTER,0.0,0.983437299061214,0.08214090383937761,NORMAL,STABLE,NORMAL,NO_ACTION,False,0.0
2026-08-12T01:23:52.122470,0.39762881633197805,0.3228449554343271,0.15507411630558723,False,13,0.06359028816223145,False,0.0,-11.94809550464879,11.767778786049092,-0.31474336905802147,CENTER,0.0,0.9840672823431069,0.04784466915443563,NORMAL,STABLE,NORMAL,NO_ACTION,False,0.0
2026-08-12T01:23:52.142852,0.3810813998554775,0.1745472867506774,0.15507411630558723,False,13,0.06359028816223145,False,0.0,-11.646875720065424,5.63324004115853,1.1643165203756212,CENTER,0.0,0.9840008519804527,0.043942212932573554,NORMAL,STABLE,NORMAL,NO_ACTION,False,0.0
2026-08-12T01:23:52.172845,0.3846483079471466,0.15848669693806,0.15507411630558723,False,13,0.06359028816223145,False,0.0,-11.632483871853765,0.014425987781436334,2.1987132189260024,CENTER,0.0,0.9837131076388889,0.04086640745360887,NORMAL,STABLE,NORMAL,NO_ACTION,False,0.0
2026-08-12T01:23:52.221469,0.38544547412188224,0.23370051854304955,0.1552511415525114,False,13,0.06359028816223145,False,0.0,-10.965320212428196,-1.6049922965159737,1.9394535919751945,CENTER,0.0,0.9838739658350478,0.04121155109835013,NORMAL,STABLE,NORMAL,NO_ACTION,False,0.0
2026-08-12T01:23:52.254796,0.4218806663419596,0.21634752369202814,0.1552511415525114,False,13,0.06359028816223145,False,0.0,-10.563591990963744,1.6255344624011343,1.268287668072844,CENTER,0.0,0.9835697177211935,0.040193229781876935,NORMAL,STABLE,NORMAL,NO_ACTION,False,0.0
2026-08-12T01:23:52.284222,0.40526194887384603,0.16122662919308325,0.15507411630558723,False,13,0.06359028816223145,False,0.0,-12.331495125909498,0.049057839819028004,1.5046127888098795,CENTER,0.0,0.983921574931413,0.04089614828831861,NORMAL,STABLE,NORMAL,NO_ACTION,False,0.0
2026-08-12T01:23:52.317585,0.3868555098259949,0.10579309061213688,0.1552511415525114,False,13,0.06359028816223145,False,0.0,-12.293835710351829,-2.180743832488929,2.0923478440630845,CENTER,0.0,0.9841500959147805,0.043053914374341695,NORMAL,STABLE,NORMAL,NO_ACTION,False,0.0
2026-08-12T01:23:52.349307,0.416496619234075,0.07317562972282532,0.1552511415525114,False,13,0.06359028816223145,False,0.0,-10.898845352055503,-0.6328383074253736,1.375861583869181,CENTER,0.0,0.983768325617284,0.039902708825471866,NORMAL,STABLE,NORMAL,NO_ACTION,False,0.0
2026-08-12T01:23:52.380350,0.4207178261114079,0.05106963998437621,0.15507411630558723,False,13,0.06359028816223145,False,0.0,-10.78758113849716,-2.1256819818517556,1.4744887780900058,CENTER,0.0,0.9844988050840193,0.04088019209640012,NORMAL,STABLE,NORMAL,NO_ACTION,False,0.0
2026-08-12T01:23:52.444246,0.4238468542242193,0.2769122632154896,0.15507411630558723,False,13,0.06359028816223145,False,0.0,-10.58634025738013,3.6220662544668585,-0.20752744043986127,CENTER,0.0,0.9828090170610425,0.040547089712253744,NORMAL,STABLE,NORMAL,NO_ACTION,False,0.0
2026-08-12T01:23:52.476973,0.42153937176497314,0.37638337355509793,0.1552511415525114,False,13,0.06359028816223145,False,0.0,-10.124733520416726,10.580113852531298,-1.3893947810967404,CENTER,0.0,0.9830512152777777,0.046354443219356084,NORMAL,STABLE,NORMAL,NO_ACTION,False,0.0
2026-08-12T01:23:52.509018,0.43658220723535446,0.39085176217500317,0.15507411630558723,False,13,0.06359028816223145,False,0.0,-9.934482500561217,-8.624131098152617,2.205283095176725,CENTER,0.0,0.9841965797539439,0.045455741926984816,NORMAL,STABLE,NORMAL,NO_ACTION,False,0.0
2026-08-12T01:23:52.541103,0.4241591679472376,0.5080909713673577,0.1552511415525114,False,13,0.06359028816223145,False,0.0,-11.422179135535146,11.57396197012423,-2.082316212531623,CENTER,0.0,0.9844213900677297,0.07060706643739978,NORMAL,STABLE,NORMAL,NO_ACTION,False,0.0
2026-08-12T01:23:52.572911,0.4737383805570672,0.49497514100589296,0.1552511415525114,False,13,0.06359028816223145,False,0.0,-9.964594637904924,15.199660101114716,-2.660606682705918,CENTER,0.0,0.98410515260631,0.06975573254438314,NORMAL,STABLE,NORMAL,NO_ACTION,False,0.0
2026-08-12T01:23:52.606739,0.4458301881156195,0.43498869753666725,0.15542857142857142,False,13,0.06359028816223145,False,0.0,-10.874932598709307,12.704215336384578,-2.584425565020979,CENTER,0.0,0.9841319042566872,0.05684815527037792,NORMAL,STABLE,NORMAL,NO_ACTION,False,0.0
2026-08-12T01:23:52.634603,0.425796005468831,0.39065816081872146,0.1552511415525114,False,13,0.06359028816223145,False,0.0,-10.812215793297838,12.36526473726093,-2.1618414724002264,CENTER,0.0,0.9841366330161179,0.04904957637939414,NORMAL,STABLE,NORMAL,NO_ACTION,False,0.0
2026-08-12T01:23:52.661827,0.4510554713578341,0.29266748629056105,0.1552511415525114,False,13,0.06359028816223145,False,0.0,-10.427076524843898,7.707663362442901,-1.727797771331808,CENTER,0.0,0.9838188952117627,0.04489691030470773,NORMAL,STABLE,NORMAL,NO_ACTION,False,0.0
2026-08-12T01:23:52.688666,0.42908542444979014,0.291755342569237,0.1552511415525114,False,13,0.06359028816223145,False,0.0,-10.126590907046648,1.08683900247118,-0.475747865822882,CENTER,0.0,0.9835287797925242,0.03862016961487777,NORMAL,STABLE,NORMAL,NO_ACTION,False,0.0
2026-08-12T01:23:52.715843,0.4443172777727944,0.23353133847138777,0.15507411630558723,False,13,0.06359028816223145,False,0.0,-12.087316007077163,-1.5733368851219325,0.20406386173735314,CENTER,0.0,0.9842143695344651,0.040509500591647506,NORMAL,STABLE,NORMAL,NO_ACTION,False,0.0
2026-08-12T01:23:52.748460,0.4412791068639996,0.1778476762011822,0.15507411630558723,False,13,0.06359028816223145,False,0.0,-10.762710448713392,3.449585548305379,-0.12972568029283593,CENTER,0.0,0.9854253338263034,0.04051743806190905,NORMAL,STABLE,NORMAL,NO_ACTION,False,0.0
2026-08-12T01:23:52.780199,0.4515483856237581,0.12419016457810877,0.15507411630558723,False,13,0.06359028816223145,False,0.0,-9.746808697625056,5.716555325966283,-0.618800244522987,CENTER,0.0,0.9847778286822703,0.041647378943615525,NORMAL,STABLE,NORMAL,NO_ACTION,False,0.0
2026-08-12T01:23:52.844912,0.4323150813515016,0.15810659932579338,0.15507411630558723,False,13,0.06359028816223145,False,0.0,-12.401579262487758,6.0836505114608315,-0.4587469959157886,CENTER,0.0,0.9848767977323387,0.044314823622866886,NORMAL,STABLE,NORMAL,NO_ACTION,False,0.0
2026-08-12T01:23:52.876142,0.4482903771046323,0.13578129571823663,0.15507411630558723,False,13,0.06359028816223145,False,0.0,-10.688774371925405,4.294624542512139,0.5087065657081382,CENTER,0.0,0.9844977468064128,0.041421490854921715,NORMAL,STABLE,NORMAL,NO_ACTION,False,0.0
2026-08-12T01:23:52.908626,0.44944415467601934,0.03085817544252436,0.15507411630558723,False,13,0.06359028816223145,False,0.0,-9.19254212941675,2.9791212991409566,0.6470576276158226,CENTER,0.0,0.9847043118784294,0.03916381589413049,NORMAL,STABLE,NORMAL,NO_ACTION,False,0.0
2026-08-12T01:23:52.941921,0.42794770264189874,0.013620814102741768,0.1552511415525114,False,13,0.06359028816223145,False,0.0,-9.86195984271879,3.8771999332184066,0.2664819872944122,CENTER,0.0,0.9856994545181755,0.040179085082852076,NORMAL,STABLE,NORMAL,NO_ACTION,False,0.0
2026-08-12T01:23:52.974733,0.4355254784095758,0.26532028265361574,0.15507411630558723,False,13,0.06359028816223145,False,0.0,-9.879496021997113,5.094664507748178,0.2023609594707807,CENTER,0.0,0.9860104273834018,0.040924992946099345,NORMAL,STABLE,NORMAL,NO_ACTION,False,0.0
2026-08-12T01:23:53.005861,0.43027098290614885,0.42757894977204425,0.1552511415525114,False,13,0.06359028816223145,False,0.0,-10.11721776702987,13.925217161422381,-1.8174715447053984,CENTER,0.0,0.9845108480152607,0.05469112579558504,NORMAL,STABLE,NORMAL,NO_ACTION,False,0.0
2026-08-12T01:23:53.037063,0.471755236034451,0.5975400076850494,0.15507411630558723,False,13,0.06359028816223145,False,0.0,-11.92021229413183,19.026902947611035,-2.416812110886127,CENTER,0.0,0.9837615338863168,0.0945927353197621,NORMAL,STABLE,NORMAL,NO_ACTION,False,0.0
2026-08-12T01:23:53.078411,0.4684164452315739,0.7105133757520115,0.1552511415525114,False,13,0.06359028816223145,False,0.0,-11.944685546038244,20.199230087626972,-2.5526689602540387,CENTER,0.0,0.9839297598379628,0.13617431906782332,NORMAL,STABLE,NORMAL,NO_ACTION,False,0.0
2026-08-12T01:23:53.118876,0.4746154592633465,0.5167264054431627,0.1552511415525114,False,13,0.06359028816223145,False,0.0,-11.825761063302537,20.828579792301326,-2.1409673683274093,CENTER,0.0,0.9827688159079218,0.07946315724163841,NORMAL,STABLE,NORMAL,NO_ACTION,False,0.0
2026-08-12T01:23:53.161019,0.45903210670638256,0.3463889389518489,0.15542857142857142,False,13,0.06359028816223145,False,0.0,-11.093375326959233,14.375117361176706,-0.7659632493474078,CENTER,0.0,0.982265825938786,0.0495164187338012,NORMAL,STABLE,NORMAL,NO_ACTION,False,0.0
2026-08-12T01:23:53.195464,0.4375028765281325,0.33036902036817095,0.15542857142857142,False,13,0.06359028816223145,False,0.0,-11.428557051350595,13.41467953077543,-0.7102560580371176,CENTER,0.0,0.9822950558341905,0.04909189281407095,NORMAL,STABLE,NORMAL,NO_ACTION,False,0.0
2026-08-12T01:23:53.221348,0.47635962499740875,0.26802809564724933,0.1552511415525114,False,13,0.06359028816223145,False,0.0,-11.07837430709614,13.478188518194258,-0.5254728982213521,CENTER,0.0,0.9822571855709876,0.048533893125998026,NORMAL,STABLE,NORMAL,NO_ACTION,False,0.0
2026-08-12T01:23:53.252573,0.4576846891754801,0.2219689299778538,0.1552511415525114,False,13,0.06359028816223145,False,0.0,-11.03417273765632,10.102577450332404,0.3864158258966768,CENTER,0.0,0.9790467330032578,0.04591948051454681,NORMAL,STABLE,NORMAL,NO_ACTION,False,0.0
2026-08-12T01:23:53.282084,0.4376144924868319,0.17364421793121396,0.1552511415525114,False,13,0.06359028816223145,False,0.0,-10.16621111046419,9.612300177870253,0.12150105661751809,CENTER,0.0,0.977566564321845,0.044474473361907345,NORMAL,STABLE,NORMAL,NO_ACTION,False,0.0
2026-08-12T01:23:53.308980,0.46263114806667904,0.25245055662332505,0.15507411630558723,False,13,0.06359028816223145,False,0.0,-11.921087177630426,12.76263615751185,0.1546587010613507,CENTER,0.0,0.9785267034250686,0.04838301363121833,NORMAL,STABLE,NORMAL,NO_ACTION,False,0.0
2026-08-12T01:23:53.340918,0.4574155050363039,0.1898221773262211,0.15507411630558723,False,13,0.06359028816223145,False,0.0,-10.983724827217486,9.715502062397917,1.1471736859126054,CENTER,0.0,0.9780746581361454,0.046235415617909975,NORMAL,STABLE,NORMAL,NO_ACTION,False,0.0
2026-08-12T01:23:53.374003,0.441908861981434,0.2257622323199572,0.15507411630558723,False,13,0.06359028816223145,False,0.0,-10.992139309632506,10.08529279959194,0.672344957028173,CENTER,0.0,0.9784053363983196,0.04605334706113512,NORMAL,STABLE,NORMAL,NO_ACTION,False,0.0
2026-08-12T01:23:53.405242,0.44858376680559375,0.23404103603864015,0.1552511415525114,False,13,0.06359028816223145,False,0.0,-10.904416145766902,13.141139334311589,0.5334094713758759,CENTER,0.0,0.9782638754929699,0.04813059607495156,NORMAL,STABLE,NORMAL,NO_ACTION,False,0.0
2026-08-12T01:23:53.438617,0.44028647242621943,0.0828394923061646,0.1552511415525114,False,13,0.06359028816223145,False,0.0,-11.536766436884108,14.324045910268012,-0.22389910773958377,CENTER,0.0,0.9777043145576132,0.04929580038404986,NORMAL,STABLE,NORMAL,NO_ACTION,False,0.0
2026-08-12T01:23:53.469982,0.43134980415679924,0.24546373730534654,0.1552511415525114,False,13,0.06359028816223145,False,0.0,-12.04642797030047,15.1914956353111,-0.8406639441478774,CENTER,0.0,0.9781722875943073,0.05100699872678249,NORMAL,STABLE,NORMAL,NO_ACTION,False,0.0
2026-08-12T01:23:53.501824,0.4383573071306335,0.46709517480338725,0.1552511415525114,False,13,0.06359028816223145,False,0.0,-9.978420675394801,17.760528721756515,-0.814069172608896,CENTER,0.0,0.978630441422325,0.06426442225998308,NORMAL,STABLE,NORMAL,NO_ACTION,False,0.0
2026-08-12T01:23:53.533758,0.43106596235802624,0.5547859767533645,0.15507411630558723,False,13,0.06359028816223145,False,0.0,-12.810627076045108,14.920804230339172,-0.8392775143454969,CENTER,0.0,0.9794894279406721,0.0824147424605691,NORMAL,STABLE,NORMAL,NO_ACTION,False,0.0
2026-08-12T01:23:53.566269,0.4289910864701353,0.7237455119894253,0.1552511415525114,False,13,0.06359028816223145,False,0.0,-14.146024427756771,16.235930215476913,-1.217010339330301,CENTER,0.0,0.9793665471750685,0.13414555385573954,NORMAL,STABLE,NORMAL,NO_ACTION,False,0.0
2026-08-12T01:23:53.597140,0.4161860497455698,0.9728929043955382,0.1552511415525114,False,13,0.06359028816223145,False,0.0,-15.175119056079211,15.20630728593352,-1.5228540572784652,CENTER,0.0,0.9778903570816186,0.13468743348081139,NORMAL,STABLE,NORMAL,NO_ACTION,False,0.0
2026-08-12T01:23:53.629226,0.4068429276604163,0.9481487938965244,0.1552511415525114,False,13,0.06359028816223145,False,0.0,-15.759415693480207,19.55463049776273,-2.587792176328378,CENTER,0.0,0.9762170058513375,0.1394160411214926,NORMAL,STABLE,NORMAL,NO_ACTION,False,0.0
2026-08-12T01:23:53.661542,0.4069607565133224,1.1126150548157157,0.1552511415525114,False,13,0.06359028816223145,False,0.0,-14.905162607217619,20.405939212955616,-2.496825993325757,CENTER,0.0,0.9753240338863168,0.13912066404539505,NORMAL,STABLE,NORMAL,NO_ACTION,False,0.0
2026-08-12T01:23:53.693142,0.43547536547751897,1.0903669678656802,0.15507411630558723,False,13,0.06359028816223145,False,0.0,-13.396717134843527,19.245350701866613,-1.7680773655384883,CENTER,0.0,0.9746305405521262,0.13603961354895402,NORMAL,STABLE,NORMAL,NO_ACTION,False,0.0
2026-08-12T01:23:53.724250,0.41050262668053394,1.064545673558921,0.15507411630558723,False,13,0.06359028816223145,False,0.0,-13.167178597507501,17.849694391258367,-2.0309988281925087,CENTER,0.0,0.9750799870327505,0.13506378606752467,NORMAL,STABLE,NORMAL,NO_ACTION,False,0.0
2026-08-12T01:23:53.757561,0.4501416866137572,0.9737196410546958,0.15507411630558723,False,13,0.06359028816223145,False,0.0,-12.90309231955331,16.896289846827074,-0.9948386888896152,CENTER,0.0,0.9762865172753772,0.1331231269762249,NORMAL,STABLE,NORMAL,NO_ACTION,False,0.0
2026-08-12T01:23:53.805214,0.4195696272942754,1.0186198226965124,0.1552511415525114,False,13,0.06359028816223145,False,0.0,-12.207199336614678,19.571372639916547,-1.3978819699669884,CENTER,0.0,0.9762010379158095,0.13486164042253335,NORMAL,STABLE,NORMAL,NO_ACTION,False,0.0
2026-08-12T01:23:53.837148,0.42815076117213446,1.1968483089565543,0.1552511415525114,False,13,0.06359028816223145,False,0.0,-11.72987254714505,21.44486953318247,-1.9147644919075901,CENTER,0.0,0.9759965893990055,0.1362528122174567,NORMAL,STABLE,NORMAL,NO_ACTION,False,0.0
2026-08-12T01:23:53.870026,0.4422338193711912,1.0156308404897145,0.1552511415525114,False,13,0.06359028816223145,False,0.0,-10.529399261825318,21.0600256019182,-1.2582347165121632,CENTER,0.0,0.9775953923396775,0.13418664420863272,NORMAL,STABLE,NORMAL,NO_ACTION,False,0.0
2026-08-12T01:23:53.900313,0.41529277409919485,1.263831202068047,0.15507411630558723,False,13,0.06359028816223145,False,0.0,-10.601010981134948,24.463602099624296,-1.9614539960109596,CENTER,0.0,0.9780938276963305,0.13730240372125535,NORMAL,STABLE,NORMAL,NO_ACTION,False,0.0
2026-08-12T01:23:53.934682,0.42772095683486333,1.2435280537450852,0.1552511415525114,False,13,0.06359028816223145,False,0.0,-11.523381431071527,21.358426289355293,-1.140890986228868,CENTER,0.0,0.9787210782107338,0.13524632616485713,NORMAL,STABLE,NORMAL,NO_ACTION,False,0.0
2026-08-12T01:23:53.965935,0.4162361032208488,1.2331880454139044,0.1552511415525114,False,13,0.06359028816223145,False,0.0,-11.072563062433971,23.760847363207972,-1.6309429781067593,CENTER,0.0,0.9796220073516804,0.1370191885776118,NORMAL,STABLE,NORMAL,NO_ACTION,False,0.0
2026-08-12T01:23:53.998053,0.42246750782291587,1.2631331159802393,0.15507411630558723,False,13,0.06359028816223145,False,0.0,-10.573125957927772,23.025058587459966,-0.7182256311566562,CENTER,0.0,0.9794409347136489,0.1350394205147071,NORMAL,STABLE,NORMAL,NO_ACTION,False,0.0
2026-08-12T01:23:54.029330,0.4023063954261211,1.0547516920793258,0.15507411630558723,False,13,0.06359028816223145,False,0.0,-8.966824445465647,23.89498083768487,-0.29498199379094103,CENTER,0.0,0.978545725630144,0.1337133208844798,NORMAL,STABLE,NORMAL,NO_ACTION,False,0.0
2026-08-12T01:23:54.060790,0.4263294642150384,1.154772986778056,0.15507411630558723,False,13,0.06359028816223145,False,0.0,-9.98669066024246,22.139362105376563,0.1673246109725426,CENTER,0.0,0.978471163944616,0.13330453808266152,NORMAL,STABLE,NORMAL,NO_ACTION,False,0.0
2026-08-12T01:23:54.094416,0.4091722150506249,1.1382186509951067,0.1552511415525114,False,13,0.06359028816223145,False,0.0,-8.754551045034788,22.815248721136925,0.010925171925123323,CENTER,0.0,0.9795942911951302,0.13254407935785303,NORMAL,STABLE,NORMAL,NO_ACTION,False,0.0
2026-08-12T01:23:54.125905,0.4125259273962043,0.9921567215541869,0.1552511415525114,False,13,0.06359028816223145,False,0.0,-8.190819932028631,21.683076853075193,-0.03278714083157297,CENTER,0.0,0.980537323709705,0.13120459975882354,NORMAL,STABLE,NORMAL,NO_ACTION,False,0.0
2026-08-12T01:23:54.156214,0.41923289787036644,1.0633123014875696,0.15507411630558723,False,13,0.06359028816223145,False,0.0,-9.07149095702178,24.22310235679751,-0.7392822038777638,CENTER,0.0,0.9817620991941016,0.1344789321580136,NORMAL,STABLE,NORMAL,NO_ACTION,False,0.0
2026-08-12T01:23:54.189196,0.4284845051872178,1.0123918913107872,0.15507411630558723,False,13,0.06359028816223145,False,0.0,-9.98107428717259,25.593800610705642,-0.825310977798182,CENTER,0.0,0.9821433738425925,0.13642761847864546,NORMAL,STABLE,NORMAL,NO_ACTION,False,0.0
2026-08-12T01:23:54.220725,0.45896579055510994,0.8088715662589813,0.15507411630558723,False,13,0.06359028816223145,False,0.0,-7.7968446930116215,28.145470246410127,-0.27689401041683936,CENTER,0.0,0.9817707395618999,0.1356390535636876,NORMAL,STABLE,NORMAL,NO_ACTION,False,0.0
2026-08-12T01:23:54.253443,0.44423589643865646,0.8948208910483665,0.15507411630558723,False,13,0.06359028816223145,False,0.0,-7.830607369174885,25.803076767929667,0.2974005673090687,CENTER,0.0,0.9811737638245884,0.1339995842018014,NORMAL,STABLE,NORMAL,NO_ACTION,False,0.0
2026-08-12T01:23:54.285223,0.451735119136931,0.5473529706617238,0.15507411630558723,False,13,0.06359028816223145,False,0.0,-8.470450198283544,24.65363038340385,0.7598574500082691,CENTER,0.0,0.9804657225222908,0.08370149640854438,NORMAL,STABLE,NORMAL,NO_ACTION,False,0.0
2026-08-12T01:23:54.334058,0.4237984765743341,0.29797878289413493,0.1552511415525114,False,13,0.06359028816223145,False,0.0,-9.117369763934903,23.15408151295864,1.6542005222794103,CENTER,0.0,0.9810367771562072,0.05472058621863591,NORMAL,STABLE,NORMAL,NO_ACTION,False,0.0
2026-08-12T01:23:54.370708,0.4371300487376245,0.46968046937994673,0.1552511415525114,False,13,0.06359028816223145,False,0.0,-9.366407649530004,23.105280011740064,1.6314168108451383,CENTER,0.0,0.9812088343407064,0.06883930895590004,NORMAL,STABLE,NORMAL,NO_ACTION,False,0.0
2026-08-12T01:23:54.401627,0.45192169090735285,1.167989237873335,0.1552511415525114,False,13,0.06359028816223145,False,0.0,-13.247013985097169,23.511437180432296,0.375806030948894,CENTER,0.0,0.9812915407450274,0.13772432431090856,NORMAL,STABLE,NORMAL,NO_ACTION,False,0.0
2026-08-12T01:23:54.429401,0.4619195302974993,1.0583790925021745,0.1552511415525114,False,13,0.06359028816223145,False,0.0,-10.778197347262164,24.41509621407249,1.1197471407963917,CENTER,0.0,0.9816484616126543,0.13671597569714222,NORMAL,STABLE,NORMAL,NO_ACTION,False,0.0
2026-08-12T01:23:54.459866,0.46381671831985505,1.1125459133470583,0.15507411630558723,False,13,0.06359028816223145,False,0.0,-11.80547132971435,22.330488556719473,0.2950772875818757,CENTER,0.0,0.9818765137388547,0.1353170133715244,NORMAL,STABLE,NORMAL,NO_ACTION,False,0.0
2026-08-12T01:23:54.493562,0.4511431973031536,0.9812272215958211,0.15507411630558723,False,13,0.06359028816223145,False,0.0,-12.675159464783803,21.557793508847567,1.802055071522176,CENTER,0.0,0.9820233598036694,0.137047597092293,NORMAL,STABLE,NORMAL,NO_ACTION,False,0.0
2026-08-12T01:23:54.524976,0.4526568865862475,1.2267380499067193,0.15507411630558723,False,13,0.06359028816223145,False,0.0,-14.851897334316874,22.7882285200549,0.1513070234759084,CENTER,0.0,0.98226462030607,0.13844275331737446,NORMAL,STABLE,NORMAL,NO_ACTION,False,0.0
2026-08-12T01:23:54.556597,0.42831427209106054,1.259334060629636,0.15507411630558723,False,13,0.06359028816223145,False,0.0,-14.769641051516658,24.150468272703506,0.014467436465906758,CENTER,0.0,0.9824985264489027,0.13921561193076637,NORMAL,STABLE,NORMAL,NO_ACTION,False,0.0
2026-08-12T01:23:54.589026,0.4227971627967264,1.1246244651645796,0.1552511415525114,False,13,0.06359028816223145,False,0.0,-16.027946642986848,18.56515165898122,1.1733942786389946,CENTER,0.0,0.9808674929269549,0.13759799008412257,NORMAL,STABLE,NORMAL,NO_ACTION,False,0.0
2026-08-12T01:23:54.636077,0.4352340388954461,1.1707473876114305,0.1552511415525114,False,13,0.06359028816223145,False,0.0,-16.245681010308488,20.458161914826462,0.7029957482338318,CENTER,0.0,0.9803470882630315,0.1387218579266711,NORMAL,STABLE,NORMAL,NO_ACTION,False,0.0
2026-08-12T01:23:54.661250,0.46068589908800384,1.3123850997932778,0.1552511415525114,False,13,0.06359028816223145,False,0.0,-17.1932637654821,19.13856777790957,0.01400238239813234,CENTER,0.0,0.9802275028935185,0.1380178297212232,NORMAL,STABLE,NORMAL,NO_ACTION,False,0.0
2026-08-12T01:23:54.685774,0.4105278770318247,1.0882668451884832,0.1552511415525114,False,13,0.06359028816223145,False,0.0,-18.22345286825484,16.642132724221028,0.16259636085689522,CENTER,0.0,0.9799785799254115,0.13734997329770812,NORMAL,STABLE,NORMAL,NO_ACTION,False,0.0
2026-08-12T01:23:54.717021,0.4075139482056711,0.7554681245875556,0.15507411630558723,False,13,0.06359028816223145,False,0.0,-18.213901319117298,17.458686490268263,0.770662574688231,CENTER,0.0,0.9810007287379973,0.1384275414046149,NORMAL,STABLE,NORMAL,NO_ACTION,False,0.0
2026-08-12T01:23:54.749414,0.41806482351533897,0.5832381700057132,0.15507411630558723,False,13,0.06359028816223145,False,0.0,-15.635665978714457,19.0229939771408,1.1298850826077853,CENTER,0.0,0.98183076667524,0.09406812586314453,NORMAL,STABLE,NORMAL,NO_ACTION,False,0.0
2026-08-12T01:23:54.785038,0.4406127665496856,0.6353230203644665,0.15507411630558723,False,13,0.06359028816223145,False,0.0,-17.73243889902801,19.757040714332646,0.7363293497029701,CENTER,0.0,0.981306370027435,0.13959077179710813,NORMAL,STABLE,NORMAL,NO_ACTION,False,0.0
2026-08-12T01:23:54.814305,0.40048831851604577,0.676812860724182,0.15507411630558723,False,13,0.06359028816223145,False,0.0,-17.067494729906826,20.53460771280345,1.1717172939730176,CENTER,0.0,0.9806148191015088,0.13993129382022113,NORMAL,STABLE,NORMAL,NO_ACTION,False,0.0
2026-08-12T01:23:54.862447,0.3986461653032072,0.6259740251481545,0.1552511415525114,False,13,0.06359028816223145,False,0.0,-16.024841555927708,19.886968453094624,1.2045254708208404,CENTER,0.0,0.9809683106138545,0.13857962364776708,NORMAL,STABLE,NORMAL,NO_ACTION,False,0.0
2026-08-12T01:23:54.894092,0.37807125465612207,0.7261286830986826,0.1552511415525114,False,13,0.06359028816223145,False,0.0,-16.4959792670102,20.880448322423973,1.0678805680844619,CENTER,0.0,0.9809031528635117,0.13961924107254195,NORMAL,STABLE,NORMAL,NO_ACTION,False,0.0
2026-08-12T01:23:54.924575,0.416628249435608,0.9492241686585321,0.15507411630558723,False,13,0.06359028816223145,False,0.0,-17.387577195268193,19.559353503733064,0.4076217803997224,CENTER,0.0,0.9801723786865567,0.1387993754376144,NORMAL,STABLE,NORMAL,NO_ACTION,False,0.0
2026-08-12T01:23:54.956263,0.3817924247482192,0.9239654931216716,0.15507411630558723,False,13,0.06359028816223145,False,0.0,-16.245088754326645,22.496909331918175,-0.3590814235994344,CENTER,0.0,0.980181742433985,0.13977402691570037,NORMAL,STABLE,NORMAL,NO_ACTION,False,0.0
2026-08-12T01:23:54.988873,0.4026971459072004,0.7832853374517789,0.15507411630558723,False,13,0.06359028816223145,False,0.0,-16.81721135742262,22.001661714986227,-0.7196245744966632,CENTER,0.0,0.9807514708719136,0.1403144706591689,NORMAL,STABLE,NORMAL,NO_ACTION,False,0.0
2026-08-12T01:23:55.021261,0.3711666353207135,0.5855516209796456,0.1552511415525114,False,13,0.06359028816223145,False,0.0,-15.795703113376533,21.374000766490553,-0.37156140446143127,CENTER,0.0,0.9811334822959534,0.09574115024664234,NORMAL,STABLE,NORMAL,NO_ACTION,False,0.0
2026-08-12T01:23:55.053934,0.3902301841271415,0.6184953739514328,0.1552511415525114,False,13,0.06359028816223145,False,0.0,-15.278027448660367,18.091808107335083,0.02275421962576729,CENTER,0.0,0.980526727537723,0.13542596268249546,NORMAL,STABLE,NORMAL,NO_ACTION,False,0.0
2026-08-12T01:23:55.084317,0.40229472279875955,0.5703695974300805,0.15507411630558723,False,13,0.06359028816223145,False,0.0,-14.677520600082062,15.737963328943863,1.0903800624139706,CENTER,0.0,0.9800217951603223,0.08816118882915425,NORMAL,STABLE,NORMAL,NO_ACTION,False,0.0
2026-08-12T01:23:55.118287,0.4084373389222733,0.6320900222555216,0.1552511415525114,False,13,0.06359028816223145,False,0.0,-14.118381373895318,15.392566137174242,1.02425311867799,CENTER,0.0,0.9802168799296982,0.13332422027558177,NORMAL,STABLE,NORMAL,NO_ACTION,False,0.0
2026-08-12T01:23:55.148412,0.40683404314858057,0.5501825746761918,0.15507411630558723,False,13,0.06359028816223145,False,0.0,-15.099728247701705,16.584248056921837,0.8578404707355674,CENTER,0.0,0.979681525420096,0.08491763322837807,NORMAL,STABLE,NORMAL,NO_ACTION,False,0.0
2026-08-12T01:23:55.180076,0.3982631503569889,0.3498051969052733,0.15507411630558723,False,13,0.06359028816223145,False,0.0,-13.74240048484728,16.90553095292097,0.15112244859079738,CENTER,0.0,0.9806618387774348,0.053125556295436166,NORMAL,STABLE,NORMAL,NO_ACTION,False,0.0
2026-08-12T01:23:55.244678,0.3912549887032848,0.2734252145744316,0.1552511415525114,False,13,0.06359028816223145,False,0.0,-15.814993972691184,15.542660393382448,0.5651709785585695,CENTER,0.0,0.980857780885631,0.05462431768008723,NORMAL,STABLE,NORMAL,NO_ACTION,False,0.0
2026-08-12T01:23:55.277636,0.3898570564060052,0.26773696262237434,0.1552511415525114,False,13,0.06359028816223145,False,0.0,-15.985548696383177,14.861490067761281,0.5789404725136649,CENTER,0.0,0.9808559054569617,0.05430985872857655,NORMAL,STABLE,NORMAL,NO_ACTION,False,0.0
2026-08-12T01:23:55.309613,0.4017999784876426,0.21330864021087506,0.1552511415525114,False,13,0.06359028816223145,False,0.0,-13.987737482344471,13.072378513869609,1.0489322471701428,CENTER,0.0,0.9817294801311729,0.05154648907210153,NORMAL,STABLE,NORMAL,NO_ACTION,False,0.0
2026-08-12T01:23:55.338367,0.4011086912459289,0.24751157679113478,0.1552511415525114,False,13,0.06359028816223145,False,0.0,-14.223352284347925,14.247345633792833,0.7404297792306522,CENTER,0.0,0.9826930619855967,0.0523248883137373,NORMAL,STABLE,NORMAL,NO_ACTION,False,0.0
2026-08-12T01:23:55.359476,0.4151903088488704,0.24276065099738323,0.1552511415525114,False,13,0.06359028816223145,False,0.0,-14.240305025138667,17.331416175639134,0.17438902303112513,CENTER,0.0,0.984986831811557,0.054023521171714134,NORMAL,STABLE,NORMAL,NO_ACTION,False,0.0
2026-08-12T01:23:55.394493,0.38391685295978917,0.7000307305685765,0.1552511415525114,False,13,0.06359028816223145,False,0.0,-16.22654884300175,14.949001631870402,-0.0453702877452713,CENTER,0.0,0.9859296901791839,0.13409132741406665,NORMAL,STABLE,NORMAL,NO_ACTION,False,0.0
2026-08-12T01:23:55.422009,0.38250303169129235,0.9096254463081647,0.1552511415525114,False,13,0.06359028816223145,False,0.0,-16.335762320546223,18.649559377722653,-0.5558927571037202,CENTER,0.0,0.9853972291881001,0.137360735216422,NORMAL,STABLE,NORMAL,NO_ACTION,False,0.0
2026-08-12T01:23:55.486582,0.36160563274027435,0.9700408953430703,0.15542857142857142,False,13,0.06359028816223145,False,0.0,-15.682704519611121,21.610834294237463,-1.1609295933669728,CENTER,0.0,0.9855471295224623,0.13954190629484353,NORMAL,STABLE,NORMAL,NO_ACTION,False,0.0
2026-08-12T01:23:55.513606,0.36711004551668724,0.7757628679459797,0.1552511415525114,False,13,0.06359028816223145,False,0.0,-15.426969269854908,20.48504853868124,-1.200735591017974,CENTER,0.0,0.9850029069144376,0.13843219199429196,NORMAL,STABLE,NORMAL,NO_ACTION,False,0.0
2026-08-12T01:23:55.536744,0.376889093530541,0.6599858833976094,0.1552511415525114,False,13,0.06359028816223145,False,0.0,-14.804358216799159,20.80632531269174,-0.5392034940853989,CENTER,0.0,0.984368221664952,0.13742764292738488,NORMAL,STABLE,NORMAL,NO_ACTION,False,0.0
2026-08-12T01:23:55.559582,0.3933505327972872,0.6511608342192889,0.1552511415525114,False,13,0.06359028816223145,False,0.0,-15.206077267498785,17.391137090615842,-0.40507329437821227,CENTER,0.0,0.9841224199459876,0.1352187962531376,NORMAL,STABLE,NORMAL,NO_ACTION,False,0.0
2026-08-12T01:23:55.584567,0.39989385684464923,0.5530309179153384,0.15507411630558723,False,13,0.06359028816223145,False,0.0,-15.758710706523601,16.16059494236228,-0.008649014004589617,CENTER,0.0,0.9838064905907064,0.0849981659621501,NORMAL,STABLE,NORMAL,NO_ACTION,False,0.0
2026-08-12T01:23:55.645876,0.3829721388300969,0.35905515076276745,0.1552511415525114,False,13,0.06359028816223145,False,0.0,-14.329796955213169,15.475622249816809,-0.1388034913381091,CENTER,0.0,0.9818597688400205,0.05273513542372833,NORMAL,STABLE,NORMAL,NO_ACTION,False,0.0
2026-08-12T01:23:55.677588,0.3882845834668044,0.3293762577777451,0.1552511415525114,False,13,0.06359028816223145,False,0.0,-14.115499884987685,13.967764138584783,0.3539190217653072,CENTER,0.0,0.9827825601208848,0.051646914934699445,NORMAL,STABLE,NORMAL,NO_ACTION,False,0.0
2026-08-12T01:23:55.710237,0.3867289172975112,0.252403600326695,0.15507411630558723,False,13,0.06359028816223145,False,0.0,-14.976032971611119,11.095856443474503,1.0900852597632138,CENTER,0.0,0.9830736668381344,0.05102180906625604,NORMAL,STABLE,NORMAL,NO_ACTION,False,0.0
2026-08-12T01:23:55.742043,0.3888051706732456,0.21672859368475694,0.15507411630558723,False,13,0.06359028816223145,False,0.0,-15.040127525379148,10.433270116742335,0.37607679594540855,CENTER,0.0,0.9831693270961933,0.0499174314724571,NORMAL,STABLE,NORMAL,NO_ACTION,False,0.0
2026-08-12T01:23:55.774240,0.3764582169742705,0.24230965569074153,0.15507411630558723,False,13,0.06359028816223145,False,0.0,-15.913022414292044,8.650400081593375,0.4776656089887865,CENTER,0.0,0.9836002604166667,0.04956819482673333,NORMAL,STABLE,NORMAL,NO_ACTION,False,0.0
2026-08-12T01:23:55.797765,0.3779686192540229,0.2559393855155408,0.15507411630558723,False,13,0.06359028816223145,False,0.0,-15.521853662342181,8.395976571667575,0.56995330786512,CENTER,0.0,0.9836216135116598,0.04909663312956797,NORMAL,STABLE,NORMAL,NO_ACTION,False,0.0
2026-08-12T01:23:55.816476,0.37645442809686436,0.2862000412032635,0.15507411630558723,False,13,0.06359028816223145,False,0.0,-16.79211854140749,7.585139924658222,0.7274872958548428,CENTER,0.0,0.98311106824417,0.04988594631204014,NORMAL,STABLE,NORMAL,NO_ACTION,False,0.0
2026-08-12T01:23:55.839846,0.3692246090795215,0.28378586826752117,0.15507411630558723,False,13,0.06359028816223145,False,0.0,-16.451124031838447,6.920095485490435,1.0370275310875172,CENTER,0.0,0.9804087362825789,0.04937534713809504,NORMAL,STABLE,NORMAL,NO_ACTION,False,0.0
2026-08-12T01:23:55.868876,0.37773575009580274,0.19592782181554794,0.15507411630558723,False,13,0.06359028816223145,False,0.0,-15.588088171704243,10.235242375197885,0.0980798029896448,CENTER,0.0,0.9783597634816529,0.05003437643643806,NORMAL,STABLE,NORMAL,NO_ACTION,False,0.0
2026-08-12T01:23:55.917532,0.3866609906387472,0.2010755160646355,0.15507411630558723,False,13,0.06359028816223145,False,0.0,-15.946479209356227,8.977301803884274,0.6797036967458894,CENTER,0.0,0.9781110548482511,0.05003106336517874,NORMAL,STABLE,NORMAL,NO_ACTION,False,0.0
2026-08-12T01:23:55.950262,0.4073552655248902,0.24765254455837574,0.15507411630558723,False,13,0.06359028816223145,False,0.0,-14.449695284033083,8.379159044665272,1.1838545352466667,CENTER,0.0,0.9777103159293551,0.048643202473987915,NORMAL,STABLE,NORMAL,NO_ACTION,False,0.0
2026-08-12T01:23:55.981236,0.39471900365130874,0.22175731584789762,0.15507411630558723,False,13,0.06359028816223145,False,0.0,-14.463126153663126,6.798363149402917,0.7582350173721295,CENTER,0.0,0.9791798482510288,0.047104594147618556,NORMAL,STABLE,NORMAL,NO_ACTION,False,0.0
2026-08-12T01:23:56.046613,0.38413239859732823,0.4964111192346352,0.1552511415525114,False,13,0.06359028816223145,False,0.0,-14.562220112360393,10.193470157377703,-0.15291745006186375,CENTER,0.0,0.9804266600222907,0.0684398777599177,NORMAL,STABLE,NORMAL,NO_ACTION,False,0.0
2026-08-12T01:23:56.077210,0.3901792610043706,0.6005756821739209,0.1552511415525114,False,13,0.06359028816223145,False,0.0,-15.0720973651799,14.373573492486685,-1.2036827971188018,CENTER,0.0,0.9797677415552126,0.13367945845489485,NORMAL,STABLE,NORMAL,NO_ACTION,False,0.0
2026-08-12T01:23:56.109279,0.38769356364672725,0.6239011235575715,0.1552511415525114,False,13,0.06359028816223145,False,0.0,-17.613836637780963,12.90288092735716,-1.3009082405330048,CENTER,0.0,0.9783719269761659,0.13515851688439007,NORMAL,STABLE,NORMAL,NO_ACTION,False,0.0
2026-08-12T01:23:56.141374,0.37506598990464846,0.9875749020544411,0.15507411630558723,False,13,0.06359028816223145,False,0.0,-17.358123272943317,20.368532958244657,-2.4982656713559663,CENTER,0.0,0.9777389028206447,0.1413686324208511,NORMAL,STABLE,NORMAL,NO_ACTION,False,0.0
2026-08-12T01:23:56.173165,0.3880733655232913,0.7292463094497207,0.15296803652968036,False,13,0.06359028816223145,False,0.0,-17.838819234467422,13.937374610095162,-1.4720932678815473,CENTER,0.0,0.9761562419624485,0.1351455934484672,NORMAL,STABLE,NORMAL,NO_ACTION,False,0.0
2026-08-12T01:23:56.205193,0.4137874883061624,0.9246187467575363,0.15279361459521096,False,13,0.06359028816223145,False,0.0,-17.34528867077651,18.08065150483091,-1.943832868267151,CENTER,0.0,0.9757727301954733,0.1380297652368402,NORMAL,STABLE,NORMAL,NO_ACTION,False,0.0
2026-08-12T01:23:56.238040,0.4188080825351089,0.7734650420982442,0.15296803652968036,False,13,0.06359028816223145,False,0.0,-16.539601337492996,18.26546469174076,-2.0049804199158245,CENTER,0.0,0.9752107312028464,0.13753348816045405,NORMAL,STABLE,NORMAL,NO_ACTION,False,0.0
2026-08-12T01:23:56.268929,0.42515686811728426,0.6689246245748518,0.15296803652968036,False,13,0.06359028816223145,False,0.0,-14.971071475566106,18.81042903348984,-2.058824108510862,CENTER,0.0,0.9752088155864197,0.13646848683295326,NORMAL,STABLE,NORMAL,NO_ACTION,False,0.0
2026-08-12T01:23:56.301149,0.4171805590563884,0.41754143077875383,0.15314285714285714,False,13,0.06359028816223145,False,0.0,-15.418115329551483,15.790145473988076,-0.802153515306884,CENTER,0.0,0.9760104139874828,0.05710322682751581,NORMAL,STABLE,NORMAL,NO_ACTION,False,0.0
2026-08-12T01:23:56.336193,0.3956682494338521,0.43524545742609616,0.15296803652968036,False,13,0.06359028816223145,False,0.0,-15.43822722802014,14.893065604078402,-0.5398256180793055,CENTER,0.0,0.9760701999742799,0.059675485797396975,NORMAL,STABLE,NORMAL,NO_ACTION,False,0.0
2026-08-12T01:23:56.377880,0.4121496836562901,0.3628497085412025,0.15296803652968036,False,13,0.06359028816223145,False,0.0,-17.401551732659158,9.717873798101778,0.4326010360842929,CENTER,0.0,0.9777518566743827,0.05067611126670367,NORMAL,STABLE,NORMAL,NO_ACTION,False,0.0
2026-08-12T01:23:56.405751,0.395842520556429,0.3338197717920804,0.15296803652968036,False,13,0.06359028816223145,False,0.0,-17.398714173605924,7.864407299212274,1.2035041771252395,CENTER,0.0,0.9796436283650548,0.05007711528164202,NORMAL,STABLE,NORMAL,NO_ACTION,False,0.0
2026-08-12T01:23:56.445347,0.3914976729663918,0.15904878134966172,0.15296803652968036,False,13,0.06359028816223145,False,0.0,-15.004443993578292,3.120238893666567,1.6202813729248362,CENTER,0.0,0.9787372738768861,0.04474651892986163,NORMAL,STABLE,NORMAL,NO_ACTION,False,0.0
2026-08-12T01:23:56.476032,0.3761133739332011,0.020711159211142794,0.15279361459521096,False,13,0.06359028816223145,False,0.0,-15.490459074914497,6.371461057708984,1.018755489538023,CENTER,0.0,0.9786199122299383,0.04689618023468291,NORMAL,STABLE,NORMAL,NO_ACTION,False,0.0
2026-08-12T01:23:56.508267,0.36427344268712053,0.18878426935258288,0.15279361459521096,False,13,0.06359028816223145,False,0.0,-16.69076406281991,4.918779928253144,1.2543382673076167,CENTER,0.0,0.9774770527906379,0.0472297283785037,NORMAL,STABLE,NORMAL,NO_ACTION,False,0.0
2026-08-12T01:23:56.541780,0.38196196201405647,0.17524152366834445,0.15296803652968036,False,13,0.06359028816223145,False,0.0,-16.790200165509276,4.538879911292696,1.7648354753954436,CENTER,0.0,0.9768766209062072,0.047629910299422776,NORMAL,STABLE,NORMAL,NO_ACTION,False,0.0
2026-08-12T01:23:56.571939,0.3838945697319388,0.18813224286612423,0.15279361459521096,False,13,0.06359028816223145,False,0.0,-16.390754266724997,1.54304510086331,2.287789259112458,CENTER,0.0,0.978114604766804,0.04549797437681319,NORMAL,STABLE,NORMAL,NO_ACTION,False,0.0
2026-08-12T01:23:56.605978,0.38628755940765097,0.20775770364863566,0.15296803652968036,False,13,0.06359028816223145,False,0.0,-15.098629399613003,3.2607096551674317,2.296399772273503,CENTER,0.0,0.9796984310699587,0.045589744070203664,NORMAL,STABLE,NORMAL,NO_ACTION,False,0.0
2026-08-12T01:23:56.637301,0.39681297554595163,0.2345194413285168,0.15279361459521096,False,13,0.06359028816223145,False,0.0,-15.858164769767228,5.582641365641564,1.1663969294435503,CENTER,0.0,0.9810565361368313,0.046822737327586614,NORMAL,STABLE,NORMAL,NO_ACTION,False,0.0
2026-08-12T01:23:56.669377,0.4104417088794511,0.19404491328824772,0.15296803652968036,False,13,0.06359028816223145,False,0.0,-14.648044663928317,4.097649884254935,1.227695417130036,CENTER,0.0,0.9809723963691701,0.04473118177782123,NORMAL,STABLE,NORMAL,NO_ACTION,False,0.0
2026-08-12T01:23:56.701815,0.37943430580220333,0.060433148297914435,0.15296803652968036,False,13,0.06359028816223145,False,0.0,-14.656317579652011,1.7411483907058027,1.4551163172961594,CENTER,0.0,0.9815272821287723,0.04325622844778149,NORMAL,STABLE,NORMAL,NO_ACTION,False,0.0
2026-08-12T01:23:56.735172,0.3755169588014673,0.09462797216786892,0.15296803652968036,False,13,0.06359028816223145,False,0.0,-15.58049747244263,4.8096398865634455,1.0265411662300892,CENTER,0.0,0.9807097827717763,0.04594961020533936,NORMAL,STABLE,NORMAL,NO_ACTION,False,0.0
2026-08-12T01:23:56.764067,0.3990409778631759,0.29813537580626565,0.15296803652968036,False,13,0.06359028816223145,False,0.0,-15.19743477937024,8.026461127699633,0.21701593811820885,CENTER,0.0,0.9795817526148834,0.04712445199242693,NORMAL,STABLE,NORMAL,NO_ACTION,False,0.0
2026-08-12T01:23:56.798138,0.35067358829855255,0.31767448680887994,0.15296803652968036,False,13,0.06359028816223145,False,0.0,-12.82796952197998,16.193367615020918,-1.030731647519076,CENTER,0.0,0.979873261209705,0.051524644150021046,NORMAL,STABLE,NORMAL,NO_ACTION,False,0.0
2026-08-12T01:23:56.833659,0.37827304814618923,0.4784094848737126,0.15296803652968036,False,13,0.06359028816223145,False,0.0,-15.902439628588667,18.158342398905233,-2.0188081279760013,CENTER,0.0,0.9804035252700617,0.0725377714784469,NORMAL,STABLE,NORMAL,NO_ACTION,False,0.0
2026-08-12T01:23:56.861245,0.34499263482859066,0.378925102315335,0.15279361459521096,False,13,0.06359028816223145,False,0.0,-17.320745414986874,16.98182241571965,-2.0030529065000167,CENTER,0.0,0.9796759929055213,0.05726955890742741,NORMAL,STABLE,NORMAL,NO_ACTION,False,0.0
2026-08-12T01:23:56.894109,0.3717999673123536,0.03553693114039689,0.15279361459521096,False,13,0.06359028816223145,False,0.0,-15.945700586056574,11.662806649525379,0.16461306040545765,CENTER,0.0,0.9795251280649863,0.05033358079663354,NORMAL,STABLE,NORMAL,NO_ACTION,False,0.0
2026-08-12T01:23:56.924345,0.3677135139059056,0.04969342490748607,0.15279361459521096,False,13,0.06359028816223145,False,0.0,-17.120390096435273,11.922449399778316,0.7995688699610639,CENTER,0.0,0.980374670460391,0.0522637219799011,NORMAL,STABLE,NORMAL,NO_ACTION,False,0.0
2026-08-12T01:23:56.973758,0.37271199987878134,0.008896538751286064,0.15296803652968036,False,13,0.06359028816223145,False,0.0,-15.362379943662603,10.28128620950784,1.2612571984291492,CENTER,0.0,0.9807222409765088,0.049917338515943446,NORMAL,STABLE,NORMAL,NO_ACTION,False,0.0
2026-08-12T01:23:57.013193,0.38212868601129046,0.0166783965224409,0.15296803652968036,False,13,0.06359028816223145,False,0.0,-16.751638634286905,6.141382193579204,2.1507433829260663,CENTER,0.0,0.9816355345507544,0.049121754754556164,NORMAL,STABLE,NORMAL,NO_ACTION,False,0.0
2026-08-12T01:23:57.037294,0.36674566849232904,0.0024682628627883617,0.15296803652968036,False,13,0.06359028816223145,False,0.0,-15.390234524727646,2.3589041845660574,2.97230261046019,CENTER,0.0,0.9829105313357339,0.04587011445424469,NORMAL,STABLE,NORMAL,NO_ACTION,False,0.0
2026-08-12T01:23:57.070638,0.38066945793191187,0.011005395174812166,0.15296803652968036,False,13,0.06359028816223145,False,0.0,-16.24700006954717,2.3531214532210925,3.048125948586545,CENTER,0.0,0.981502097800926,0.0467639865911101,NORMAL,STABLE,NORMAL,NO_ACTION,False,0.0
2026-08-12T01:23:57.102071,0.37048455791850377,0.008199430596530237,0.15296803652968036,False,13,0.06359028816223145,False,0.0,-14.539579812668592,2.7818008200956683,2.472805049108956,CENTER,0.0,0.9798380567343965,0.04487539316847283,NORMAL,STABLE,NORMAL,NO_ACTION,False,0.0
2026-08-12T01:23:57.133594,0.38149377266416973,0.016661530883270166,0.15296803652968036,False,13,0.06359028816223145,False,0.0,-15.138299031089758,0.6611454638535577,2.790168162258709,CENTER,0.0,0.9795349070859053,0.04422596210084774,NORMAL,STABLE,NORMAL,NO_ACTION,False,0.0
2026-08-12T01:23:57.166598,0.38388330397660797,0.013724901216722476,0.15296803652968036,False,13,0.06359028816223145,False,0.0,-15.423742661960063,5.4541373446877515,1.602956321548561,CENTER,0.0,0.9798005347650892,0.046819197960863715,NORMAL,STABLE,NORMAL,NO_ACTION,False,0.0
2026-08-12T01:23:57.197150,0.38768177516302227,0.016523826093989495,0.15279361459521096,False,13,0.06359028816223145,False,0.0,-14.576815554163773,-0.4761797927408793,2.5764441156889575,CENTER,0.0,0.9794444176526061,0.04325866868185059,NORMAL,STABLE,NORMAL,NO_ACTION,False,0.0
2026-08-12T01:23:57.229336,0.3671926605210312,0.01486370722473135,0.15296803652968036,False,13,0.06359028816223145,False,0.0,-16.10747079478216,-0.6309489017782255,2.335564680128982,CENTER,0.0,0.9805253879458162,0.04469966366974258,NORMAL,STABLE,NORMAL,NO_ACTION,False,0.0
2026-08-12T01:23:57.261011,0.3863468745063546,0.026584593943854484,0.15279361459521096,False,13,0.06359028816223145,False,0.0,-14.460416157867286,-0.9471867092969717,2.3360110359679993,CENTER,0.0,0.9811837705761317,0.04325522388542061,NORMAL,STABLE,NORMAL,NO_ACTION,False,0.0
2026-08-12T01:23:57.293188,0.40296014672890057,0.03346540579541793,0.15279361459521096,False,13,0.06359028816223145,False,0.0,-14.670917574206953,0.7041699680169984,1.379404967579518,CENTER,0.0,0.9805908002186214,0.0423612406480788,NORMAL,STABLE,NORMAL,NO_ACTION,False,0.0
2026-08-12T01:23:57.324568,0.4283648635261852,0.02427313951665459,0.15279361459521096,False,13,0.06359028816223145,False,0.0,-13.316219616423211,-7.533271341531304,3.3821715822599288,CENTER,0.0,0.9799521229852538,0.04791743553188778,NORMAL,STABLE,NORMAL,NO_ACTION,False,0.0
2026-08-12T01:23:57.357087,0.38906136574145267,0.01455280506842201,0.15279361459521096,False,13,0.06359028816223145,False,0.0,-14.97552543171281,1.0419668243255273,1.8989622164078241,CENTER,0.0,0.9796523491083675,0.04339884551706785,NORMAL,STABLE,NORMAL,NO_ACTION,False,0.0
2026-08-12T01:23:57.393320,0.4105171252727705,0.0012252968933842304,0.15279361459521096,False,13,0.06359028816223145,False,0.0,-14.777049476130912,-4.344116928620082,3.3206745844516377,CENTER,0.0,0.9801201479981139,0.04696166306365132,NORMAL,STABLE,NORMAL,NO_ACTION,False,0.0
2026-08-12T01:23:57.420259,0.36143521201355344,0.0031886702011153963,0.15279361459521096,False,13,0.06359028816223145,False,0.0,-16.09936975366523,1.3041364314138093,1.8678714106607401,CENTER,0.0,0.9802825601208847,0.04464047139705157,NORMAL,STABLE,NORMAL,NO_ACTION,False,0.0
2026-08-12T01:23:57.452256,0.3518856779130951,0.1519283552946531,0.15279361459521096,False,13,0.06359028816223145,False,0.0,-15.845492795304494,0.8105358310297959,2.239799038753034,CENTER,0.0,0.9794835873199588,0.044397660497256464,NORMAL,STABLE,NORMAL,NO_ACTION,False,0.0
2026-08-12T01:23:57.500479,0.39876846230196167,0.027393135481057967,0.15279361459521096,False,13,0.06359028816223145,False,0.0,-15.15457407351596,-2.0745570558259487,2.400973111344939,CENTER,0.0,0.9797578955546982,0.04480044023816064,NORMAL,STABLE,NORMAL,NO_ACTION,False,0.0
2026-08-12T01:23:57.533966,0.3884125874703456,0.13032669408810008,0.15279361459521096,False,13,0.06359028816223145,False,0.0,-15.692294236425397,1.7568553165795038,1.5322846441470688,CENTER,0.0,0.9800488683127572,0.04425227876309379,NORMAL,STABLE,NORMAL,NO_ACTION,False,0.0
2026-08-12T01:23:57.565024,0.3957707656466535,0.10281303642179158,0.15296803652968036,False,13,0.06359028816223145,False,0.0,-13.84704081878877,-0.7858518496794318,2.385923214939112,CENTER,0.0,0.9802649310913922,0.04268332107764291,NORMAL,STABLE,NORMAL,NO_ACTION,False,0.0
2026-08-12T01:23:57.598420,0.4041883141926834,0.025636409088842606,0.15296803652968036,False,13,0.06359028816223145,False,0.0,-14.403620462912272,-2.562399213706101,3.4199629485283083,CENTER,0.0,0.9810426177769205,0.04549809061168181,NORMAL,STABLE,NORMAL,NO_ACTION,False,0.0
2026-08-12T01:23:57.633888,0.37745624644026077,0.1392419465502267,0.15296803652968036,False,13,0.06359028816223145,False,0.0,-15.399621064432552,-0.12557271929668445,2.4806904707000683,CENTER,0.0,0.9811481240354938,0.04379278744779327,NORMAL,STABLE,NORMAL,NO_ACTION,False,0.0
2026-08-12T01:23:57.673172,0.40816649349849926,0.06113674529065103,0.15296803652968036,False,13,0.06359028816223145,False,0.0,-15.736836038271065,-2.5981150468487044,3.05147677525639,CENTER,0.0,0.9808755840620714,0.04645288406355364,NORMAL,STABLE,NORMAL,NO_ACTION,False,0.0
2026-08-12T01:23:57.698558,0.36365967216116557,0.14062850015066194,0.15296803652968036,False,13,0.06359028816223145,False,0.0,-16.74649679215659,-2.0217388008527735,3.2537602371779712,CENTER,0.0,0.9802651990097738,0.0472036697233338,NORMAL,STABLE,NORMAL,NO_ACTION,False,0.0
2026-08-12T01:23:57.724413,0.41560069025400054,0.23793815263832369,0.15279361459521096,False,13,0.06359028816223145,False,0.0,-14.665093691206522,-1.8390601808465306,2.9124057733102404,CENTER,0.0,0.9805682950745885,0.044651498394047806,NORMAL,STABLE,NORMAL,NO_ACTION,False,0.0
2026-08-12T01:23:57.756577,0.3846007737700815,0.4812258535960649,0.15279361459521096,False,13,0.06359028816223145,False,0.0,-14.343448921661064,3.345659810365248,1.843445284332546,CENTER,0.0,0.9800558073988339,0.060645667485631646,NORMAL,STABLE,NORMAL,NO_ACTION,False,0.0
2026-08-12T01:23:57.789983,0.3819006711288345,0.39208193170259,0.15279361459521096,False,13,0.06359028816223145,False,0.0,-14.31666401748464,-3.1125734217938827,3.5021269934802035,CENTER,0.0,0.9811776620370368,0.045803612779459796,NORMAL,STABLE,NORMAL,NO_ACTION,False,0.0
2026-08-12T01:23:57.821084,0.3854845881387776,0.24020196289561102,0.15279361459521096,False,13,0.06359028816223145,False,0.0,-13.950095816210478,8.703283600029295,1.1114349535190513,CENTER,0.0,0.9827145356438614,0.04718620841662544,NORMAL,STABLE,NORMAL,NO_ACTION,False,0.0
2026-08-12T01:23:57.853736,0.3822820170123013,0.19822840007517867,0.15279361459521096,False,13,0.06359028816223145,False,0.0,-13.150715609337482,-1.2357960212981425,3.0992020464732093,CENTER,0.0,0.9831908677340534,0.042937395500064424,NORMAL,STABLE,NORMAL,NO_ACTION,False,0.0
2026-08-12T01:23:57.886021,0.39884060036523095,0.17526497572020108,0.15279361459521096,False,13,0.06359028816223145,False,0.0,-14.722828903790628,-2.12560410766946,2.991887509959952,CENTER,0.0,0.9825774418081277,0.04499058162564509,NORMAL,STABLE,NORMAL,NO_ACTION,False,0.0
2026-08-12T01:23:57.917939,0.39031047643278927,0.19436398646087624,0.15279361459521096,False,13,0.06359028816223145,False,0.0,-12.783145842682671,0.5392346077838681,2.3509584095031926,CENTER,0.0,0.9817784020276064,0.04135983638681355,NORMAL,STABLE,NORMAL,NO_ACTION,False,0.0
2026-08-12T01:23:57.950209,0.37740788570894696,0.21110359386185726,0.15279361459521096,False,13,0.06359028816223145,False,0.0,-13.858141732019845,-0.041090239521736294,2.4328112568100266,CENTER,0.0,0.98204977655607,0.04211406794131846,NORMAL,STABLE,NORMAL,NO_ACTION,False,0.0
2026-08-12T01:23:57.980509,0.3901862152902966,0.1751480796723407,0.15279361459521096,False,13,0.06359028816223145,False,0.0,-14.64295023141625,0.20768204738408258,2.3344666985339586,CENTER,0.0,0.9821995697230796,0.04289542359770529,NORMAL,STABLE,NORMAL,NO_ACTION,False,0.0
2026-08-12T01:23:58.029188,0.38986117700123335,0.11618722766060474,0.15279361459521096,False,13,0.06359028816223145,False,0.0,-14.323397908205152,0.5448007142816493,2.0405458886331758,CENTER,0.0,0.9832651882930384,0.04254814628450505,NORMAL,STABLE,NORMAL,NO_ACTION,False,0.0
2026-08-12T01:23:58.061967,0.3767732794982891,0.17770295901045574,0.15296803652968036,False,13,0.06359028816223145,False,0.0,-15.150215307093731,-0.38611630051374846,1.6467976388245518,CENTER,0.0,0.9844219928840878,0.04293778139276215,NORMAL,STABLE,NORMAL,NO_ACTION,False,0.0
2026-08-12T01:23:58.092929,0.39849725514817935,0.23619326934088083,0.15296803652968036,False,13,0.06359028816223145,False,0.0,-14.61084388867306,0.20876120416266986,1.7737909225120916,CENTER,0.0,0.9842612418552813,0.042412586730469284,NORMAL,STABLE,NORMAL,NO_ACTION,False,0.0
2026-08-12T01:23:58.143876,0.3945638191702596,0.2005117044268804,0.15296803652968036,False,13,0.06359028816223145,False,0.0,-13.749623483538954,0.8348900387326239,1.6782945025641993,CENTER,0.0,0.9839722382973252,0.041943508020172326,NORMAL,STABLE,NORMAL,NO_ACTION,False,0.0
2026-08-12T01:23:58.179141,0.358347327812779,0.2240428899213024,0.15296803652968036,False,13,0.06359028816223145,False,0.0,-14.93226939389686,-3.253616933405624,2.1800489361354494,CENTER,0.0,0.9831967753343621,0.045312381478997577,NORMAL,STABLE,NORMAL,NO_ACTION,False,0.0
2026-08-12T01:23:58.204631,0.39929359913644924,0.233714180596522,0.15296803652968036,False,13,0.06359028816223145,False,0.0,-13.914674272114553,-6.0745313768012466,2.5596783980532223,CENTER,0.0,0.9820564477237654,0.046735371274913756,NORMAL,STABLE,NORMAL,NO_ACTION,False,0.0
2026-08-12T01:23:58.226924,0.37383664528730365,0.4803665353886469,0.15296803652968036,False,13,0.06359028816223145,False,0.0,-13.597061897432042,9.09200443636621,-0.5357194388775781,CENTER,0.0,0.9801884403935185,0.06273311798157663,NORMAL,STABLE,NORMAL,NO_ACTION,False,0.0
2026-08-12T01:23:58.255609,0.37392047119823,0.6518112521919817,0.15296803652968036,False,13,0.06359028816223145,False,0.0,-15.014159371299172,6.585402164725622,0.1754718518023708,CENTER,0.0,0.9798249421296296,0.12586719433938795,NORMAL,STABLE,NORMAL,NO_ACTION,False,0.0
2026-08-12T01:23:58.285423,0.40006507021420934,0.8875935063572928,0.15279361459521096,False,13,0.06359028816223145,False,0.0,-15.29700618113921,13.674623980660982,-1.2368978180458043,CENTER,0.0,0.9796544254758229,0.13219446180137212,NORMAL,STABLE,NORMAL,NO_ACTION,False,0.0
2026-08-12T01:23:58.317235,0.3992571701863682,0.7144432435633606,0.15279361459521096,False,13,0.06359028816223145,False,0.0,-15.82240593752806,10.693292733262496,-0.0028625240124711127,CENTER,0.0,0.9798287197788066,0.12935888834570447,NORMAL,STABLE,NORMAL,NO_ACTION,False,0.0
2026-08-12T01:23:58.350061,0.37141100000203403,0.3949555909570742,0.15296803652968036,False,13,0.06359028816223145,False,0.0,-16.1599169382566,7.318992494929375,1.1858433564872541,CENTER,0.0,0.9801051445687586,0.0484732820172277,NORMAL,STABLE,NORMAL,NO_ACTION,False,0.0
2026-08-12T01:23:58.381429,0.3608086471684247,0.20204142085586008,0.15296803652968036,False,13,0.06359028816223145,False,0.0,-13.44036308261272,3.7601452277721137,2.708088971827351,CENTER,0.0,0.9809076003086419,0.044750039944728995,NORMAL,STABLE,NORMAL,NO_ACTION,False,0.0
2026-08-12T01:23:58.412490,0.35801569208854245,0.2280421177568091,0.15279361459521096,False,13,0.06359028816223145,False,0.0,-13.868305682160326,6.783318630956131,1.5859305908754777,CENTER,0.0,0.9819149868184157,0.046177727905108275,NORMAL,STABLE,NORMAL,NO_ACTION,False,0.0
2026-08-12T01:23:58.444907,0.36353271427396294,0.21325330201804601,0.15279361459521096,False,13,0.06359028816223145,False,0.0,-15.1169614644067,3.1951749984462765,2.4842816395174907,CENTER,0.0,0.9808949277692045,0.045653778896558486,NORMAL,STABLE,NORMAL,NO_ACTION,False,0.0
2026-08-12T01:23:58.477421,0.3838765200033659,0.18426829559665311,0.15279361459521096,False,13,0.06359028816223145,False,0.0,-14.211182273464573,2.628882688102294,1.6848498404033876,CENTER,0.0,0.979224135159465,0.04360273497829295,NORMAL,STABLE,NORMAL,NO_ACTION,False,0.0
2026-08-12T01:23:58.508372,0.3748370170235381,0.24266319151754986,0.1516533637400228,False,13,0.06359028816223145,False,0.0,-13.907240300286759,4.073474206813387,1.2696339549688105,CENTER,0.0,0.9786633685913924,0.04338340326517828,NORMAL,STABLE,NORMAL,NO_ACTION,False,0.0
2026-08-12T01:23:58.556646,0.38877571553520823,0.10656897212821956,0.1516533637400228,False,13,0.06359028816223145,False,0.0,-14.352346290898879,0.6702306953712309,1.589277090031743,CENTER,0.0,0.9772877148705419,0.04166193025756455,NORMAL,STABLE,NORMAL,NO_ACTION,False,0.0
2026-08-12T01:23:58.589652,0.3678623591542748,0.08368129743868694,0.1506849315068493,False,13,0.06359028816223145,False,0.0,-14.429600240149881,2.4040397644368454,0.8965188323126654,CENTER,0.0,0.9769895351080246,0.041837201727148526,NORMAL,STABLE,NORMAL,NO_ACTION,False,0.0
2026-08-12T01:23:58.621143,0.39400438630832746,0.013001689486452885,0.15051311288483465,False,13,0.06359028816223145,False,0.0,-14.285544301272324,2.49034285759339,0.6282622929926163,CENTER,0.0,0.9781038880315501,0.04141658078219361,NORMAL,STABLE,NORMAL,NO_ACTION,False,0.0
2026-08-12T01:23:58.653179,0.375309939729938,0.003195526675849127,0.14937286202964653,False,13,0.06359028816223145,False,0.0,-12.874503483410734,0.8120266130911773,0.9052934240155253,CENTER,0.0,0.9782913237311386,0.038542328738836625,NORMAL,STABLE,NORMAL,NO_ACTION,False,0.0
2026-08-12T01:23:58.685306,0.39046759341868786,0.018966951951991256,0.14937286202964653,False,13,0.06359028816223145,False,0.0,-14.461913272101071,6.1791171153687685,-0.642400023337018,CENTER,0.0,0.9771991678455076,0.043694020993752206,NORMAL,STABLE,NORMAL,NO_ACTION,False,0.0
2026-08-12T01:23:58.717277,0.38125200877672005,0.40699419784143204,0.1495433789954338,False,13,0.06359028816223145,False,0.0,-13.90009516697478,4.783788064124906,-0.7326370037117442,CENTER,0.0,0.9764666521990742,0.043716266239643496,NORMAL,STABLE,NORMAL,NO_ACTION,False,0.0
2026-08-12T01:23:58.749147,0.3826200297829101,0.7189754879028645,0.1495433789954338,False,13,0.06359028816223145,False,0.0,-14.665601816177201,11.077506776702137,-1.97359664672598,CENTER,0.0,0.9764635711376884,0.12879504291183447,NORMAL,STABLE,NORMAL,NO_ACTION,False,0.0
2026-08-12T01:23:58.782208,0.3809910821568741,0.6442486903243787,0.1495433789954338,False,13,0.06359028816223145,False,0.0,-14.394929870771023,15.515174912189849,-2.6293418232105807,CENTER,0.0,0.9759141375171468,0.13237083671368813,NORMAL,STABLE,NORMAL,NO_ACTION,False,0.0
2026-08-12T01:23:58.846084,0.38185849216237844,0.003851455627006486,0.1495433789954338,False,13,0.06359028816223145,False,0.0,-12.87391552594221,4.601955245198695,0.39285677372188843,CENTER,0.0,0.976395694015775,0.04087073420411101,NORMAL,STABLE,NORMAL,NO_ACTION,False,0.0
2026-08-12T01:23:58.876370,0.375444942207662,0.0035262433541918933,0.1495433789954338,False,13,0.06359028816223145,False,0.0,-13.12690501746141,3.194096419155642,0.5654775846413713,CENTER,0.0,0.9771545192472565,0.040263794232094946,NORMAL,STABLE,NORMAL,NO_ACTION,False,0.0
2026-08-12T01:23:58.908293,0.3682171956095665,0.0031129069361404524,0.1495433789954338,False,13,0.06359028816223145,False,0.0,-14.352869073721877,-0.3663597840950388,1.406610242374427,CENTER,0.0,0.9770199170524692,0.04021207757210049,NORMAL,STABLE,NORMAL,NO_ACTION,False,0.0
2026-08-12T01:23:58.942823,0.37201933492742373,0.07938609652928529,0.14971428571428572,False,13,0.06359028816223145,False,0.0,-15.533275060442861,6.193885370892531,0.554573725812304,CENTER,0.0,0.9765366458762003,0.04482250704881095,NORMAL,STABLE,NORMAL,NO_ACTION,False,0.0
2026-08-12T01:23:58.961685,0.3690203952050479,0.07072023313072948,0.1495433789954338,False,13,0.06359028816223145,False,0.0,-15.585906188457585,6.133013197442949,0.38181764921375816,CENTER,0.0,0.9765107381687242,0.04457741457659069,NORMAL,STABLE,NORMAL,NO_ACTION,False,0.0
2026-08-12T01:23:58.985668,0.37505922535048153,0.018785565601547313,0.14937286202964653,False,13,0.06359028816223145,False,0.0,-14.913704433522952,4.829018366386379,0.4296946574689571,CENTER,0.0,0.9761740183470508,0.042949180441131565,NORMAL,STABLE,NORMAL,NO_ACTION,False,0.0
2026-08-12T01:23:59.005971,0.38275962209808334,0.00722859766057063,0.14937286202964653,False,13,0.06359028816223145,False,0.0,-13.716696526596309,5.058054146085055,0.3271893434786932,CENTER,0.0,0.9752600549768518,0.04186321206929025,NORMAL,STABLE,NORMAL,NO_ACTION,False,0.0
2026-08-12T01:23:59.038054,0.37981827801077855,0.016972164866911665,0.14937286202964653,False,13,0.06359028816223145,False,0.0,-15.163386549709713,4.433173007199031,0.10025118967033109,CENTER,0.0,0.9750228132501715,0.04258648489868483,NORMAL,STABLE,NORMAL,NO_ACTION,False,0.0
2026-08-12T01:23:59.085183,0.4001264959497937,0.019735783696080516,0.1495433789954338,False,13,0.06359028816223145,False,0.0,-16.11089439964161,7.495997177774456,-0.45099082225928555,CENTER,0.0,0.9756097688400206,0.04613394730275486,NORMAL,STABLE,NORMAL,NO_ACTION,False,0.0
2026-08-12T01:23:59.116557,0.3919434416230528,0.011761916162630651,0.14937286202964653,False,13,0.06359028816223145,False,0.0,-14.12521679914147,7.726136997038282,-0.036507636972061164,CENTER,0.0,0.9756487643604252,0.043903634969682456,NORMAL,STABLE,NORMAL,NO_ACTION,False,0.0
2026-08-12T01:23:59.148592,0.376108636452002,0.0056007024313635976,0.14937286202964653,False,13,0.06359028816223145,False,0.0,-13.5949224762563,7.632744899180267,0.42632244667026953,CENTER,0.0,0.9768360580632717,0.043700908552975336,NORMAL,STABLE,NORMAL,NO_ACTION,False,0.0
2026-08-12T01:23:59.182255,0.38582274584628706,0.011951832090572566,0.1495433789954338,False,13,0.06359028816223145,False,0.0,-14.876058140916314,5.409831336965425,0.4090721041380334,CENTER,0.0,0.9779621324159808,0.04339780421779982,NORMAL,STABLE,NORMAL,NO_ACTION,False,0.0
2026-08-12T01:23:59.246114,0.39298224223589096,0.5966037021055061,0.1495433789954338,False,13,0.06359028816223145,False,0.0,-14.429727721704126,14.023627744445434,-1.993553155815448,CENTER,0.0,0.9794735269847393,0.09003561672741792,NORMAL,STABLE,NORMAL,NO_ACTION,False,0.0
2026-08-12T01:23:59.277538,0.3937562046711569,0.6450157130144593,0.1495433789954338,False,13,0.06359028816223145,False,0.0,-14.628840100998985,14.177294713699439,-1.5638574432142889,CENTER,0.0,0.9791522392618314,0.13060381479648298,NORMAL,STABLE,NORMAL,NO_ACTION,False,0.0
2026-08-12T01:23:59.308722,0.4123992607836958,0.5134837217396426,0.14937286202964653,False,13,0.06359028816223145,False,0.0,-13.985548931437421,17.226647504048913,-1.9752057677983146,CENTER,0.0,0.9794363131215705,0.07519425864086597,NORMAL,STABLE,NORMAL,NO_ACTION,False,0.0
2026-08-12T01:23:59.341271,0.4260362685566622,0.30344946223592967,0.1495433789954338,False,13,0.06359028816223145,False,0.0,-12.366865706265457,15.284935469645234,-0.9321050050965027,CENTER,0.0,0.9791372224365569,0.04861722579969812,NORMAL,STABLE,NORMAL,NO_ACTION,False,0.0
2026-08-12T01:23:59.374497,0.4274131135633924,0.16901323414333527,0.1495433789954338,False,13,0.06359028816223145,False,0.0,-13.371442195373362,9.526559391310343,-0.01728518059778139,CENTER,0.0,0.9791291313014404,0.044544830975709535,NORMAL,STABLE,NORMAL,NO_ACTION,False,0.0
2026-08-12T01:23:59.406470,0.4148224933643758,0.21408466141787097,0.1495433789954338,False,13,0.06359028816223145,False,0.0,-14.082538615713531,10.677075278976218,-0.10905933398316847,CENTER,0.0,0.9804992525077161,0.0461488937433521,NORMAL,STABLE,NORMAL,NO_ACTION,False,0.0
2026-08-12T01:23:59.437880,0.4267763348802914,0.2563879947062823,0.1495433789954338,False,13,0.06359028816223145,False,0.0,-14.226064988961411,10.864893807316548,0.047652882339122016,CENTER,0.0,0.9826639124657065,0.04636361890129047,NORMAL,STABLE,NORMAL,NO_ACTION,False,0.0
2026-08-12T01:23:59.471192,0.4130910448817441,0.22283688608823687,0.14857142857142858,False,13,0.06359028816223145,False,0.0,-13.960638231348753,10.175354593849534,0.17492815882820878,CENTER,0.0,0.9844857574588477,0.045246608386627876,NORMAL,STABLE,NORMAL,NO_ACTION,False,0.0
2026-08-12T01:23:59.497724,0.4101641639204994,0.2500573200933795,0.14840182648401826,False,13,0.06359028816223145,False,0.0,-14.151585597163717,9.365097595757163,-0.08938875312534833,CENTER,0.0,0.9845018325617285,0.044678125694778775,NORMAL,STABLE,NORMAL,NO_ACTION,False,0.0
2026-08-12T01:23:59.525229,0.4113290532956174,0.18495124582357536,0.14840182648401826,False,13,0.06359028816223145,False,0.0,-13.69869199261646,8.80876962524195,0.2641661719615058,CENTER,0.0,0.9847131665809327,0.044008517685388576,NORMAL,STABLE,NORMAL,NO_ACTION,False,0.0
2026-08-12T01:23:59.554375,0.41916105311659635,0.04595232276086966,0.14840182648401826,False,13,0.06359028816223145,False,0.0,-13.893283266323522,10.523938909540618,-0.13182524310633426,CENTER,0.0,0.9842870289994856,0.045307195833906105,NORMAL,STABLE,NORMAL,NO_ACTION,False,0.0
2026-08-12T01:23:59.580076,0.4119264928710893,0.01474150484573267,0.14823261117445838,False,13,0.06359028816223145,False,0.0,-12.790146123438149,9.004131988949837,-0.47574702596693896,CENTER,0.0,0.9815326404963993,0.04339385357497193,NORMAL,STABLE,NORMAL,NO_ACTION,False,0.0
2026-08-12T01:23:59.645623,0.39853062687130103,0.00951467296028615,0.14823261117445838,False,13,0.06359028816223145,False,0.0,-13.16999430305603,9.504071326945223,-0.3939591963983844,CENTER,0.0,0.9799524176954731,0.04404194195246054,NORMAL,STABLE,NORMAL,NO_ACTION,False,0.0
2026-08-12T01:23:59.685366,0.3892912167584461,0.010926457957366647,0.14840182648401826,False,13,0.06359028816223145,False,0.0,-14.136026347003877,7.396245817312348,-0.5023822058610392,CENTER,0.0,0.9808048937971536,0.04363889160541945,NORMAL,STABLE,NORMAL,NO_ACTION,False,0.0
2026-08-12T01:23:59.710284,0.39264967568330955,0.014153996895483434,0.14840182648401826,False,13,0.06359028816223145,False,0.0,-13.646366576374362,11.632093837001605,-0.35485108566768986,CENTER,0.0,0.9813149836033949,0.04608452394699522,NORMAL,STABLE,NORMAL,NO_ACTION,False,0.0
2026-08-12T01:23:59.740970,0.4042287523598071,0.4481594252721688,0.14823261117445838,False,13,0.06359028816223145,False,0.0,-13.306423512032922,16.95261839281048,-1.7711631595637982,CENTER,0.0,0.9824794372642318,0.060510905905415496,NORMAL,STABLE,NORMAL,NO_ACTION,False,0.0
2026-08-12T01:23:59.772447,0.4044031341718312,0.7705362367244957,0.14823261117445838,False,13,0.06359028816223145,False,0.0,-14.224047265484586,19.649160456187275,-2.8594430231706554,CENTER,0.0,0.9835082706404321,0.13475813434281023,NORMAL,STABLE,NORMAL,NO_ACTION,False,0.0
2026-08-12T01:23:59.805156,0.42207894932929235,0.8126723486230127,0.14823261117445838,False,13,0.06359028816223145,False,0.0,-14.36379304118634,22.7490762706623,-4.094911441896784,CENTER,0.0,0.9826557409550754,0.1383212427664172,NORMAL,STABLE,NORMAL,NO_ACTION,False,0.0
2026-08-12T01:23:59.837114,0.4372696671821851,0.7919418262106197,0.1480637813211845,False,13,0.06359028816223145,False,0.0,-13.448703050353174,23.096415694920324,-3.7976062715156615,CENTER,0.0,0.9819101107038752,0.1373201924539084,NORMAL,STABLE,NORMAL,NO_ACTION,False,0.0
2026-08-12T01:23:59.868802,0.4036158437293009,0.4400892873667255,0.1480637813211845,False,13,0.06359028816223145,False,0.0,-13.99567670216129,20.03533897767312,-3.6597347896342853,CENTER,0.0,0.9824333017189643,0.06352122253583774,NORMAL,STABLE,NORMAL,NO_ACTION,False,0.0
2026-08-12T01:23:59.901750,0.44210955011034625,0.08341308862809647,0.1480637813211845,False,13,0.06359028816223145,False,0.0,-12.76967435588196,14.81636416761441,-2.2933560347515254,CENTER,0.0,0.9808236480838477,0.049237738491146016,NORMAL,STABLE,NORMAL,NO_ACTION,False,0.0
2026-08-12T01:23:59.935792,0.4249443287571898,0.18501536313342917,0.14823261117445838,False,13,0.06359028816223145,False,0.0,-10.858494745692042,14.350084310813315,-2.7607738440558194,CENTER,0.0,0.9806220662937244,0.04759510660183304,NORMAL,STABLE,NORMAL,NO_ACTION,False,0.0
2026-08-12T01:23:59.964338,0.4195809177357769,0.25181518501795574,0.14823261117445838,False,13,0.06359028816223145,False,0.0,-9.302457884653649,14.059946113066445,-2.9967987532906193,CENTER,0.0,0.9800529942558299,0.046114439727649434,NORMAL,STABLE,NORMAL,NO_ACTION,False,0.0
2026-08-12T01:23:59.996036,0.4226719675191425,0.2854497038787694,0.14823261117445838,False,13,0.06359028816223145,False,0.0,-8.512503782835324,15.032860323639312,-3.006832005024961,CENTER,0.0,0.9798158864883402,0.046066065098167484,NORMAL,STABLE,NORMAL,NO_ACTION,False,0.0
2026-08-12T01:24:00.029390,0.42007691532356006,0.18461923907082858,0.14823261117445838,False,13,0.06359028816223145,False,0.0,-7.1127532581026,13.867294047941414,-2.258561888176871,CENTER,0.0,0.9789659556112825,0.043155802910863406,NORMAL,STABLE,NORMAL,NO_ACTION,False,0.0
2026-08-12T01:24:00.059936,0.41747036389422243,0.16402801949782983,0.14823261117445838,False,13,0.06359028816223145,False,0.0,-5.317209104573152,13.299918122017402,-1.924001804081371,CENTER,0.0,0.9795713707776063,0.04069481992072389,NORMAL,STABLE,NORMAL,NO_ACTION,False,0.0
2026-08-12T01:24:00.093557,0.39765111809466414,0.16773210744620903,0.14823261117445838,False,13,0.06359028816223145,False,0.0,-5.04059661061433,12.963272230995358,-1.2780324219265538,CENTER,0.0,0.9808331591863855,0.03956327460020965,NORMAL,STABLE,NORMAL,NO_ACTION,False,0.0
2026-08-12T01:24:00.141268,0.4258821583953508,0.02129076180040522,0.14840182648401826,False,13,0.06359028816223145,False,0.0,-4.654211402885863,16.995690531620028,-1.391808849541917,CENTER,0.0,0.9815622320816187,0.04229767220236886,NORMAL,STABLE,NORMAL,NO_ACTION,False,0.0
2026-08-12T01:24:00.178129,0.43061979700942826,0.12077491821254296,0.14840182648401826,False,13,0.06359028816223145,False,0.0,-4.43801444207088,18.810086205305254,-1.9242719143747706,CENTER,0.0,0.9823251028806584,0.04391262162241799,NORMAL,STABLE,NORMAL,NO_ACTION,False,0.0
2026-08-12T01:24:00.205007,0.38244621791866595,0.16621100072995762,0.14823261117445838,False,13,0.06359028816223145,False,0.0,-6.325776428007742,20.464882650373198,-2.4255090083264577,CENTER,0.0,0.9832753022119343,0.04732366236600573,NORMAL,STABLE,NORMAL,NO_ACTION,False,0.0
2026-08-12T01:24:00.236938,0.43981281361368785,0.3961739938607066,0.14823261117445838,False,13,0.06359028816223145,False,0.0,-6.7434277814831205,21.962736110847402,-2.55586740387173,CENTER,0.0,0.9849122567301097,0.04893315851244217,NORMAL,STABLE,NORMAL,NO_ACTION,False,0.0
2026-08-12T01:24:00.270013,0.4193217106900156,0.43439203170464497,0.14823261117445838,False,13,0.06359028816223145,False,0.0,-6.776096028209736,18.499386006352637,-2.4081720908662305,CENTER,0.0,0.9853205911351166,0.053199489640004524,NORMAL,STABLE,NORMAL,NO_ACTION,False,0.0
2026-08-12T01:24:00.301396,0.4261425257313418,0.26564093405345623,0.14823261117445838,False,13,0.06359028816223145,False,0.0,-6.0203124381980615,17.54979456905292,-1.6615689858257383,CENTER,0.0,0.9853852130486969,0.04418852451764218,NORMAL,STABLE,NORMAL,NO_ACTION,False,0.0
2026-08-12T01:24:00.333503,0.4253899231048395,0.13841002676530062,0.14840182648401826,False,13,0.06359028816223145,False,0.0,-8.528361319809932,21.309217267729792,-2.9381133368724477,CENTER,0.0,0.9867729766803841,0.050632693901063675,NORMAL,STABLE,NORMAL,NO_ACTION,False,0.0
2026-08-12T01:24:00.365563,0.43716850458364154,0.27066280288453687,0.14840182648401826,False,13,0.06359028816223145,False,0.0,-8.50429811712064,17.519253902440624,-1.4756976537322544,CENTER,0.0,0.986745072980967,0.04646407402496348,NORMAL,STABLE,NORMAL,NO_ACTION,False,0.0
2026-08-12T01:24:00.398212,0.40786354298571764,0.061125921086975975,0.14823261117445838,False,13,0.06359028816223145,False,0.0,-7.411604297078014,15.005266561010188,-1.3546243414808146,CENTER,0.0,0.9853596402391975,0.04339499605175616,NORMAL,STABLE,NORMAL,NO_ACTION,False,0.0
2026-08-12T01:24:00.428600,0.4242821944103906,0.029558519225704086,0.14823261117445838,False,13,0.06359028816223145,False,0.0,-11.617964531114467,14.632035017205851,-1.0735218817080465,CENTER,0.0,0.9841001023448216,0.046905317793484724,NORMAL,STABLE,NORMAL,NO_ACTION,False,0.0
2026-08-12T01:24:00.461542,0.42344861687898777,0.04116638648295381,0.14823261117445838,False,13,0.06359028816223145,False,0.0,-9.604264705187632,14.609394311205449,-1.033020517077773,CENTER,0.0,0.9827189429012345,0.044910846507503516,NORMAL,STABLE,NORMAL,NO_ACTION,False,0.0
2026-08-12T01:24:00.492360,0.4227514222643953,0.031288194197006715,0.14823261117445838,False,13,0.06359028816223145,False,0.0,-10.44500594552187,15.209058823013578,-0.47365701145156436,CENTER,0.0,0.9814241335519548,0.045614893880935634,NORMAL,STABLE,NORMAL,NO_ACTION,False,0.0
2026-08-12T01:24:00.524897,0.4361478034954617,0.09906966547752506,0.14840182648401826,False,13,0.06359028816223145,False,0.0,-10.776373571663186,16.319670327773736,-1.119545666139743,CENTER,0.0,0.981401280114026,0.04744267144847075,NORMAL,STABLE,NORMAL,NO_ACTION,False,0.0
2026-08-12T01:24:00.557807,0.4287835079163649,0.016432013109885957,0.14823261117445838,False,13,0.06359028816223145,False,0.0,-7.845381453945407,13.814703894995944,0.7401004657133967,CENTER,0.0,0.9827172014317559,0.04236109284143474,NORMAL,STABLE,NORMAL,NO_ACTION,False,0.0
2026-08-12T01:24:00.588871,0.4094806355242502,0.10139928989176605,0.14823261117445838,False,13,0.06359028816223145,False,0.0,-10.755421731083402,11.895969372593754,0.18086053350754128,CENTER,0.0,0.9826855334790808,0.04323907379630114,NORMAL,STABLE,NORMAL,NO_ACTION,False,0.0
2026-08-12T01:24:00.621781,0.39490325121967584,0.40257196093269254,0.14823261117445838,False,13,0.06359028816223145,False,0.0,-13.06912920798706,14.602865936400406,-0.36287557449381325,CENTER,0.0,0.9833188255529836,0.04811173518503846,NORMAL,STABLE,NORMAL,NO_ACTION,False,0.0
2026-08-12T01:24:00.669398,0.38884315755824794,0.2636043342763884,0.14840182648401826,False,13,0.06359028816223145,False,0.0,-11.425234933605054,13.819699960918115,-0.2091008790266926,CENTER,0.0,0.9843087705761319,0.04538524214446574,NORMAL,STABLE,NORMAL,NO_ACTION,False,0.0
2026-08-12T01:24:00.700406,0.3955995199518711,0.12573002041827985,0.14823261117445838,False,13,0.06359028816223145,False,0.0,-11.63892425052066,20.125557070044522,-2.1563507629544745,CENTER,0.0,0.9836043327760632,0.05193576903968184,NORMAL,STABLE,NORMAL,NO_ACTION,False,0.0
2026-08-12T01:24:00.734138,0.3894203045418967,0.023930089562774887,0.14840182648401826,False,13,0.06359028816223145,False,0.0,-11.422602504457558,15.931905358945357,0.07680470808827522,CENTER,0.0,0.981518454218107,0.04678079257629157,NORMAL,STABLE,NORMAL,NO_ACTION,False,0.0
2026-08-12T01:24:00.766274,0.3780665332339918,0.07642949969592328,0.14840182648401826,False,13,0.06359028816223145,False,0.0,-12.361729765143139,18.045320970782626,-1.7434740601838996,CENTER,0.0,0.9807354493527092,0.05081643392307447,NORMAL,STABLE,NORMAL,NO_ACTION,False,0.0
2026-08-12T01:24:00.797995,0.3874506776807303,0.034522961372423534,0.14840182648401826,False,13,0.06359028816223145,False,0.0,-12.363206889828092,18.71605292449479,-1.0005124521632922,CENTER,0.0,0.9799385529192388,0.050586829350135955,NORMAL,STABLE,NORMAL,NO_ACTION,False,0.0
2026-08-12T01:24:00.828568,0.39941776610522184,0.19245201804006365,0.14726027397260275,False,13,0.06359028816223145,False,0.0,-11.462406046904277,18.618332310554592,-2.1661948027246467,CENTER,0.0,0.9793768084490742,0.05020054817690013,NORMAL,STABLE,NORMAL,NO_ACTION,False,0.0
2026-08-12T01:24:00.860319,0.4132330503742692,0.08927492661316033,0.14709236031927023,False,13,0.06359028816223145,False,0.0,-11.426638125065011,20.376745606598774,-2.7820410335503425,CENTER,0.0,0.9796376135973937,0.05194515043566012,NORMAL,STABLE,NORMAL,NO_ACTION,False,0.0
2026-08-12T01:24:00.892380,0.3893324824041864,0.3608103812729398,0.14709236031927023,False,13,0.06359028816223145,False,0.0,-10.000225048991325,22.074111700810334,-2.3781807570473745,CENTER,0.0,0.9804094864540467,0.05140854049751688,NORMAL,STABLE,NORMAL,NO_ACTION,False,0.0
2026-08-12T01:24:00.925257,0.3687110950573701,1.005550217958605,0.1461187214611872,False,13,0.06359028816223145,False,0.0,-11.92357806293046,16.984551511120458,-3.113090724666421,CENTER,0.0,0.9799964768732854,0.12980573639519982,NORMAL,STABLE,NORMAL,NO_ACTION,False,0.0
2026-08-12T01:24:00.956125,0.37626141225955856,0.8112754884905258,0.1459521094640821,False,13,0.06359028816223145,False,0.0,-12.842179621643055,18.53916159350254,-4.247890213276378,CENTER,0.0,0.980442239476166,0.13282255350171532,NORMAL,STABLE,NORMAL,NO_ACTION,False,0.0
2026-08-12T01:24:00.988887,0.38326121888203113,0.5134623391637133,0.1459521094640821,False,13,0.06359028816223145,False,0.0,-15.07019418186971,17.33366540222974,-3.7983413569085087,CENTER,0.0,0.9804999089077503,0.07635698180003236,NORMAL,STABLE,NORMAL,NO_ACTION,False,0.0
2026-08-12T01:24:01.021026,0.382529922129638,0.36761224004726933,0.14481185860889395,False,13,0.06359028816223145,False,0.0,-13.909367102643671,17.387352614113382,-3.292098449415789,CENTER,0.0,0.9808098636831275,0.05152783598328982,NORMAL,STABLE,NORMAL,NO_ACTION,False,0.0
2026-08-12T01:24:01.053979,0.373648845809306,0.17641042640318752,0.14367160775370583,False,13,0.06359028816223145,False,0.0,-14.44264367749605,17.664550649971005,-3.2854219287727062,CENTER,0.0,0.980028734246399,0.05166500548564633,NORMAL,STABLE,NORMAL,NO_ACTION,False,0.0
2026-08-12T01:24:01.085468,0.3962092597082484,0.2394521278608432,0.14253135689851767,False,13,0.06359028816223145,False,0.0,-14.232099379803628,16.35290181772305,-3.5950617203532147,CENTER,0.0,0.9785451763974622,0.0502430034140617,NORMAL,STABLE,NORMAL,NO_ACTION,False,0.0
2026-08-12T01:24:01.117134,0.36125556641838785,0.22800750469570494,0.14139110604332952,False,13,0.06359028816223145,False,0.0,-14.16287120095015,17.63772922874807,-3.745576871060109,CENTER,0.0,0.9758656442901235,0.050679085237696396,NORMAL,STABLE,NORMAL,NO_ACTION,False,0.0
2026-08-12T01:24:01.149924,0.3587673490726319,0.27372491702516294,0.1402508551881414,False,13,0.06359028816223145,False,0.0,-14.077976194415868,16.26209676154076,-3.4482063343911022,CENTER,0.0,0.9732019461591221,0.048747339912553145,NORMAL,STABLE,NORMAL,NO_ACTION,False,0.0
2026-08-12T01:24:01.197405,0.36038319937196805,0.21214503220288042,0.13911060433295325,False,13,0.06359028816223145,False,0.0,-15.624089622659426,13.8670366776187,-3.1848804548670273,CENTER,0.0,0.9728939739797668,0.047682725767560045,NORMAL,STABLE,NORMAL,NO_ACTION,False,0.0
2026-08-12T01:24:01.228275,0.37755103048071387,0.23072781805225806,0.1379703534777651,False,13,0.06359028816223145,False,0.0,-14.949349046762364,15.994427684657808,-3.1169741121931906,CENTER,0.0,0.975570183899177,0.04793390792346298,NORMAL,STABLE,NORMAL,NO_ACTION,False,0.0
2026-08-12T01:24:01.260572,0.38574966924736315,0.2855943400576708,0.13683010262257697,False,13,0.06359028816223145,False,0.0,-14.353306088301764,15.49899194387686,-3.4373174773548953,CENTER,0.0,0.9781875187542868,0.046740479296943,NORMAL,STABLE,NORMAL,NO_ACTION,False,0.0
2026-08-12T01:24:01.292765,0.38550768457644324,0.4390861461356387,0.13470319634703196,False,13,0.06359028816223145,False,0.0,-12.777819775786384,18.983731745097003,-4.783207674992582,CENTER,0.0,0.9790011065029149,0.05578991935433425,NORMAL,STABLE,NORMAL,NO_ACTION,False,0.0
2026-08-12T01:24:01.325380,0.3886207278467263,0.6338697612834561,0.13356164383561644,False,13,0.06359028816223145,False,0.0,-13.01450650392735,20.436828105340197,-5.113506145055084,CENTER,0.0,0.9796108217592593,0.1289973581003148,NORMAL,STABLE,NORMAL,NO_ACTION,False,0.0
2026-08-12T01:24:01.356270,0.3885586335529309,0.5348343648178142,0.13340935005701254,False,13,0.06359028816223145,False,0.0,-12.85564977483466,19.649866100345832,-4.925904468688401,CENTER,0.0,0.9802434842249658,0.0749860961138596,NORMAL,STABLE,NORMAL,NO_ACTION,False,0.0
2026-08-12T01:24:01.389232,0.4042256693012245,0.5584564722373517,0.1312785388127854,False,13,0.06359028816223145,False,0.0,-13.969351173546727,20.67900340132411,-4.954068240297033,CENTER,0.0,0.980387811856996,0.08048795167185407,NORMAL,STABLE,NORMAL,NO_ACTION,False,0.0
2026-08-12T01:24:01.420757,0.3932866776612651,0.5925282537117652,0.13013698630136986,False,13,0.06359028816223145,False,0.0,-14.79280399630079,21.648920865964413,-5.235954273141999,CENTER,0.0,0.9809985719950275,0.08849642803717939,NORMAL,STABLE,NORMAL,NO_ACTION,False,0.0
2026-08-12T01:24:01.453892,0.40888936970379774,0.43036834196358625,0.12899543378995434,False,13,0.06359028816223145,False,0.0,-15.718079211998145,19.52871571930058,-4.697795196902973,CENTER,0.0,0.982697281700103,0.05433518866390887,NORMAL,STABLE,NORMAL,NO_ACTION,False,0.0
2026-08-12T01:24:01.485672,0.40253814302664725,0.23531147661195742,0.1278538812785388,False,13,0.06359028816223145,False,0.0,-14.884023412299655,14.188039100773466,-3.139684262454182,CENTER,0.0,0.9818273373199589,0.041530020713665045,NORMAL,STABLE,NORMAL,NO_ACTION,False,0.0
2026-08-12T01:24:01.517226,0.36864838366841274,0.24462064515156132,0.12770809578107184,False,13,0.06359028816223145,False,0.0,-14.360021540972326,15.605829379417258,-3.454241539419712,CENTER,0.0,0.9805194803455075,0.04227940022345553,NORMAL,STABLE,NORMAL,NO_ACTION,False,0.0
2026-08-12T01:24:01.548424,0.3960388516818304,0.25354082987639076,0.12557077625570776,False,13,0.06359028816223145,False,0.0,-14.88368941022901,11.690082915498351,-2.758198192988033,CENTER,0.0,0.9799857467421125,0.038216710147700575,NORMAL,STABLE,NORMAL,NO_ACTION,False,0.0
2026-08-12T01:24:01.580444,0.374293615800099,0.1877740683222262,0.12442922374429223,False,13,0.06359028816223145,False,0.0,-14.484196068724202,9.75274862483991,-2.008724960456078,CENTER,0.0,0.979766026877572,0.03514033575892632,NORMAL,STABLE,NORMAL,NO_ACTION,False,0.0
2026-08-12T01:24:01.612489,0.3721824158598012,0.1801468829031451,0.12428734321550741,False,13,0.06359028816223145,False,0.0,-14.551110462430984,8.867593863946922,-1.8307991266709962,CENTER,0.0,0.9801065645361796,0.03432321715085061,NORMAL,STABLE,NORMAL,NO_ACTION,False,0.0
2026-08-12T01:24:01.644858,0.3735569455409888,0.21773712488570499,0.12314709236031927,False,13,0.06359028816223145,False,0.0,-14.516886784146806,9.462185762490236,-2.373323486685308,CENTER,0.0,0.9815364449374142,0.03467199393609277,NORMAL,STABLE,NORMAL,NO_ACTION,False,0.0
2026-08-12T01:24:01.678029,0.3704500621167659,0.06612297929717216,0.12200684150513112,False,13,0.06359028816223145,False,0.0,-13.909996469920145,10.527167564511643,-2.3050286237090063,CENTER,0.0,0.9824073404278121,0.034220843713392776,NORMAL,STABLE,NORMAL,NO_ACTION,False,0.0
2026-08-12T01:24:01.724537,0.3758131487750535,0.018315798830133744,0.12086659064994298,False,13,0.06359028816223145,False,0.0,-14.573663237553973,10.062818355452237,-2.66244332335782,CENTER,0.0,0.9821610698516804,0.034298618603305756,NORMAL,STABLE,NORMAL,NO_ACTION,False,0.0
2026-08-12T01:24:01.756389,0.37971349232662754,0.008146296008406646,0.11972633979475485,False,13,0.06359028816223145,False,0.0,-12.995882153647045,11.702275546402717,-3.0637317273500457,CENTER,0.0,0.9819652081189986,0.03377962671444325,NORMAL,STABLE,NORMAL,NO_ACTION,False,0.0
2026-08-12T01:24:01.788899,0.3619475794028859,0.007744139632256052,0.11858608893956671,False,13,0.06359028816223145,False,0.0,-13.385852823898233,10.139636262066745,-2.6966321602634196,CENTER,0.0,0.981424388074417,0.03210295249565388,NORMAL,STABLE,NORMAL,NO_ACTION,False,0.0
2026-08-12T01:24:01.821675,0.37205224115552393,0.0024837347444254653,0.11744583808437856,False,13,0.06359028816223145,False,0.0,-14.941660754734073,10.503371876617479,-3.08327293964507,CENTER,0.0,0.9814904433513375,0.03366603117729662,NORMAL,STABLE,NORMAL,NO_ACTION,False,0.0
2026-08-12T01:24:01.857268,0.40169119842864265,0.008121360900987527,0.11529680365296803,False,13,0.06359028816223145,False,0.0,-13.878924193694246,14.602414530068899,-4.07018450324432,CENTER,0.0,0.9808598974408437,0.03547891699154869,NORMAL,STABLE,NORMAL,NO_ACTION,False,0.0
2026-08-12T01:24:01.886044,0.3813535546375028,0.12185768083582718,0.1141552511415525,False,13,0.06359028816223145,False,0.0,-13.637877775747171,15.09496679552737,-3.8078041590142675,CENTER,0.0,0.981233857917524,0.034779091601019996,NORMAL,STABLE,NORMAL,NO_ACTION,False,0.0
2026-08-12T01:24:01.917206,0.3728611539259997,0.33944741383988564,0.11301369863013698,False,13,0.06359028816223145,False,0.0,-12.376728019202716,12.882770041772801,-2.980301476296205,CENTER,0.0,0.9830045304998285,0.030599322748310766,NORMAL,STABLE,NORMAL,NO_ACTION,False,0.0
2026-08-12T01:24:01.949918,0.3798167687171604,0.4621198468866436,0.11301369863013698,False,13,0.06359028816223145,False,0.0,-13.775109237611957,15.84001631748805,-3.8914395129549746,CENTER,0.0,0.9841069878472223,0.047383062607425246,NORMAL,STABLE,NORMAL,NO_ACTION,False,0.0
2026-08-12T01:24:01.980212,0.3480866454519514,0.3064900791158001,0.11288483466362599,False,13,0.06359028816223145,False,0.0,-13.30482253569889,13.92467977371632,-3.047806504905708,CENTER,0.0,0.9837068517446845,0.03224610661489402,NORMAL,STABLE,NORMAL,NO_ACTION,False,0.0
2026-08-12T01:24:02.055125,0.387354129466124,0.16090109657456764,0.11314285714285714,False,13,0.06359028816223145,False,0.0,-14.257281894834904,11.886618370675706,-2.0340629716769456,CENTER,0.0,0.9828349247685185,0.030844170229113177,NORMAL,STABLE,NORMAL,NO_ACTION,False,0.0
2026-08-12T01:24:02.102460,0.3476644952223682,0.09438748010783474,0.11314285714285714,False,13,0.06359028816223145,False,0.0,-15.213427733105249,12.053861029711214,-2.0743670318123577,CENTER,0.0,0.9824244470164609,0.031924500940585104,NORMAL,STABLE,NORMAL,NO_ACTION,False,0.0
2026-08-12T01:24:02.125328,0.37328346857473726,0.1712973123006855,0.11314285714285714,False,13,0.06359028816223145,False,0.0,-15.968357799741625,10.507357057281752,-2.4027784044652947,CENTER,0.0,0.9810281233924897,0.0318507990872202,NORMAL,STABLE,NORMAL,NO_ACTION,False,0.0
2026-08-12T01:24:02.149793,0.3741829443417384,0.1520384625986923,0.11301369863013698,False,13,0.06359028816223145,False,0.0,-14.99586283283,9.969368353405258,-2.211050610292034,CENTER,0.0,0.9810409030992798,0.030276569034052764,NORMAL,STABLE,NORMAL,NO_ACTION,False,0.0
2026-08-12T01:24:02.170252,0.36702744659360836,0.17960126787926126,0.11301369863013698,False,13,0.06359028816223145,False,0.0,-14.35275916318534,12.840603386621467,-2.2857542799653743,CENTER,0.0,0.9812168718921468,0.031802890632143935,NORMAL,STABLE,NORMAL,NO_ACTION,False,0.0
2026-08-12T01:24:02.204616,0.38013077925963257,0.015347024061206447,0.11301369863013698,False,13,0.06359028816223145,False,0.0,-13.152136981604599,9.722899398875825,-1.4345273141504435,CENTER,0.0,0.9808669838820301,0.027575360795354033,NORMAL,STABLE,NORMAL,NO_ACTION,False,0.0
2026-08-12T01:24:02.230496,0.3722012837187832,0.013980899822464072,0.11301369863013698,False,13,0.06359028816223145,False,0.0,-12.542941024913091,6.971396995817486,-0.8516535104131719,CENTER,0.0,0.9821550015003429,0.02444024558680641,NORMAL,STABLE,NORMAL,NO_ACTION,False,0.0
2026-08-12T01:24:02.261228,0.3819784599211642,0.021472645547851582,0.11301369863013698,False,13,0.06359028816223145,False,0.0,-12.780506548559316,8.636491910362793,-2.0852062567830956,CENTER,0.0,0.9840660767103909,0.02705944654436394,NORMAL,STABLE,NORMAL,NO_ACTION,False,0.0
2026-08-12T01:24:02.291880,0.3770844200657102,0.013063706362107753,0.11301369863013698,False,13,0.06359028816223145,False,0.0,-13.473464750258188,9.218137344415823,-2.442425531578806,CENTER,0.0,0.9845097361539781,0.028490805816693315,NORMAL,STABLE,NORMAL,NO_ACTION,False,0.0
2026-08-12T01:24:02.319176,0.37954357728555055,0.018547723537774362,0.11301369863013698,False,13,0.06359028816223145,False,0.0,-14.229238503124662,11.548111055092676,-3.402364224898122,CENTER,0.0,0.9825057468492798,0.031825732148509214,NORMAL,STABLE,NORMAL,NO_ACTION,False,0.0
2026-08-12T01:24:02.347903,0.3940375075291214,0.4447155821041562,0.11288483466362599,False,13,0.06359028816223145,False,0.0,-14.285462011071502,14.389632254518148,-3.970267235506867,CENTER,0.0,0.9821960332004458,0.04335763706279761,NORMAL,STABLE,NORMAL,NO_ACTION,False,0.0
2026-08-12T01:24:02.380470,0.41352915246158595,0.7096535787416104,0.11288483466362599,False,13,0.06359028816223145,False,0.0,-13.849397785737153,20.895701075899865,-4.765663640145959,CENTER,0.0,0.9824198924039779,0.11945937170414664,NORMAL,STABLE,NORMAL,NO_ACTION,False,0.0
2026-08-12T01:24:02.446822,0.4032468857552942,0.37950618809090403,0.11301369863013698,False,13,0.06359028816223145,False,0.0,-12.572650783683656,18.10598280566714,-3.4004408994235575,CENTER,0.0,0.983178396133402,0.03496488814733874,NORMAL,STABLE,NORMAL,NO_ACTION,False,0.0
2026-08-12T01:24:02.492605,0.3934659475045217,0.25752385164536357,0.11301369863013698,False,13,0.06359028816223145,False,0.0,-13.599438131274042,11.448569430063827,-1.21282087239436,CENTER,0.0,0.9858486180769889,0.029038917388461934,NORMAL,STABLE,NORMAL,NO_ACTION,False,0.0
2026-08-12T01:24:02.517330,0.4115518424757456,0.20101943609568956,0.11301369863013698,False,13,0.06359028816223145,False,0.0,-13.519691993445036,11.402736472291878,-0.8646832841982928,CENTER,0.0,0.9871018732853223,0.028593779627232127,NORMAL,STABLE,NORMAL,NO_ACTION,False,0.0
2026-08-12T01:24:02.549973,0.3937709926378481,0.28138910637217435,0.11301369863013698,False,13,0.06359028816223145,False,0.0,-13.122285322947647,12.150231377451405,-1.1863581932202294,CENTER,0.0,0.9875148560742455,0.029060710177315423,NORMAL,STABLE,NORMAL,NO_ACTION,False,0.0
2026-08-12T01:24:02.578893,0.425279411590169,0.2730115857463786,0.11301369863013698,False,13,0.06359028816223145,False,0.0,-12.311160010178014,12.137801483196114,-1.717444965493513,CENTER,0.0,0.9874120289994855,0.028782066288764188,NORMAL,STABLE,NORMAL,NO_ACTION,False,0.0
2026-08-12T01:24:02.606959,0.3933349646884079,0.23060253633252042,0.11301369863013698,False,13,0.06359028816223145,False,0.0,-13.63687632015214,7.701318096292965,-1.2439598335642472,CENTER,0.0,0.9863115810399521,0.02639860645856252,NORMAL,STABLE,NORMAL,NO_ACTION,False,0.0
2026-08-12T01:24:02.636868,0.38023442622353104,0.1848551751147496,0.11301369863013698,False,13,0.06359028816223145,False,0.0,-12.95333727102448,8.043158499594739,-1.3963578049400382,CENTER,0.0,0.9842760577417694,0.02613402200829719,NORMAL,STABLE,NORMAL,NO_ACTION,False,0.0
2026-08-12T01:24:02.662635,0.3772442021076,0.2626029923048233,0.11301369863013698,False,13,0.06359028816223145,False,0.0,-13.24883893252192,9.239626834356955,-1.6070266009168108,CENTER,0.0,0.9843666275505829,0.027485561431341364,NORMAL,STABLE,NORMAL,NO_ACTION,False,0.0
2026-08-12T01:24:02.681497,0.37854814337262893,0.03138618752493023,0.11288483466362599,False,13,0.06359028816223145,False,0.0,-13.542820500120342,9.55262284935597,-1.5535869613116517,CENTER,0.0,0.983352797603738,0.02787881509328237,NORMAL,STABLE,NORMAL,NO_ACTION,False,0.0
2026-08-12T01:24:02.711309,0.3898761758851651,0.017757982453551747,0.11288483466362599,False,13,0.06359028816223145,False,0.0,-12.799063036143224,8.801163047362763,-1.681275101853572,CENTER,0.0,0.9829418643904321,0.02674284218409042,NORMAL,STABLE,NORMAL,NO_ACTION,False,0.0
2026-08-12T01:24:02.732467,0.404943231620592,0.009090618319973902,0.11288483466362599,False,13,0.06359028816223145,False,0.0,-13.29985034349977,9.091610322010297,-1.6811815317932997,CENTER,0.0,0.9827466054741082,0.027434759185028572,NORMAL,STABLE,NORMAL,NO_ACTION,False,0.0
2026-08-12T01:24:02.780407,0.3967707944105963,0.01871801019840298,0.11288483466362599,False,13,0.06359028816223145,False,0.0,-13.48971079689781,9.668049929668257,-2.455897926752783,CENTER,0.0,0.9832636879501029,0.02877992845934805,NORMAL,STABLE,NORMAL,NO_ACTION,False,0.0
2026-08-12T01:24:02.845685,0.37404313296433134,0.35905626146574426,0.11187214611872145,False,13,0.06359028816223145,False,0.0,-11.932555595359844,13.29108140652275,-2.863803724154593,CENTER,0.0,0.9863910456318588,0.029783533419900313,NORMAL,STABLE,NORMAL,NO_ACTION,False,0.0
2026-08-12T01:24:02.877230,0.3917907139342921,0.8459746779479148,0.11174458380843785,False,13,0.06359028816223145,False,0.0,-14.182821940905285,16.198413235326058,-4.0165459585380745,CENTER,0.0,0.9867073768647119,0.11509646314401098,NORMAL,STABLE,NORMAL,NO_ACTION,False,0.0
2026-08-12T01:24:02.908378,0.41559050758362,0.9840585066363213,0.11174458380843785,False,13,0.06359028816223145,False,0.0,-13.48696943036748,19.611919539614632,-4.539880158382232,CENTER,0.0,0.985530947252229,0.11739564450903292,NORMAL,STABLE,NORMAL,NO_ACTION,False,0.0
2026-08-12T01:24:02.940615,0.3968913921884492,0.9781623605289285,0.11174458380843785,False,13,0.06359028816223145,False,0.0,-14.100935231967014,19.57988547962063,-4.7669664184068665,CENTER,0.0,0.9845142103909466,0.11818241078430497,NORMAL,STABLE,NORMAL,NO_ACTION,False,0.0
2026-08-12T01:24:02.974203,0.40732312457519093,0.7346874823088035,0.11187214611872145,False,13,0.06359028816223145,False,0.0,-11.821415458223441,23.953707029072774,-4.415063485397667,CENTER,0.0,0.983368939686214,0.11887110045199287,NORMAL,STABLE,NORMAL,NO_ACTION,False,0.0
2026-08-12T01:24:03.004828,0.39989828269107375,0.5928735016385058,0.11174458380843785,False,13,0.06359028816223145,False,0.0,-11.607535587481465,19.68159939658048,-3.6121952521165497,CENTER,0.0,0.9834361871999313,0.07331751778980408,NORMAL,STABLE,NORMAL,NO_ACTION,False,0.0
2026-08-12T01:24:03.037913,0.39585236166509163,0.24168207716499904,0.11174458380843785,False,13,0.06359028816223145,False,0.0,-11.870220648004192,14.756073968066573,-3.05592352274806,CENTER,0.0,0.9856221466692386,0.030902780452991396,NORMAL,STABLE,NORMAL,NO_ACTION,False,0.0
2026-08-12T01:24:03.070022,0.4037182669271282,0.013615082735569517,0.11187214611872145,False,13,0.06359028816223145,False,0.0,-14.058123645123004,6.779276991232763,-2.352484894231111,CENTER,0.0,0.9859235548482511,0.02663502577611057,NORMAL,STABLE,NORMAL,NO_ACTION,False,0.0
2026-08-12T01:24:03.101359,0.3877167587292446,0.00817023564183526,0.11187214611872145,False,13,0.06359028816223145,False,0.0,-14.772435181436975,7.733937497125396,-1.9691751360895182,CENTER,0.0,0.9850178969478739,0.027643245261199025,NORMAL,STABLE,NORMAL,NO_ACTION,False,0.0
2026-08-12T01:24:03.132721,0.4020409874612514,0.005986045377883472,0.11187214611872145,False,13,0.06359028816223145,False,0.0,-15.643198839628582,8.370086378518238,-1.4450363223663771,CENTER,0.0,0.9844027965320644,0.028436473007248678,NORMAL,STABLE,NORMAL,NO_ACTION,False,0.0
2026-08-12T01:24:03.166092,0.3702250305289236,0.007187560842051889,0.112,False,13,0.06359028816223145,False,0.0,-15.113764658885884,10.884167990535644,-1.705801144663667,CENTER,0.0,0.9848502470207476,0.030057406915101236,NORMAL,STABLE,NORMAL,NO_ACTION,False,0.0
2026-08-12T01:24:03.190779,0.3448848535260044,0.005176224217440176,0.11187214611872145,False,13,0.06359028816223145,False,0.0,-14.978378399524303,7.5354038760719675,-1.1862098150334077,CENTER,0.0,0.984902142811214,0.026944208954246054,NORMAL,STABLE,NORMAL,NO_ACTION,False,0.0
2026-08-12T01:24:03.228561,0.36502156626741905,0.003627538372554608,0.11174458380843785,False,13,0.06359028816223145,False,0.0,-16.69414753547835,5.7500970378798115,-0.575438764117564,CENTER,0.0,0.9832229375643003,0.02665511175711337,NORMAL,STABLE,NORMAL,NO_ACTION,False,0.0
2026-08-12T01:24:03.261636,0.3633028700187893,0.008880919761837849,0.11174458380843785,False,13,0.06359028816223145,False,0.0,-16.030062507745157,6.167422815933946,-0.856789693998735,CENTER,0.0,0.9834991212277092,0.02658795494703571,NORMAL,STABLE,NORMAL,NO_ACTION,False,0.0
2026-08-12T01:24:03.308387,0.39623079566290653,0.0052270646426171435,0.11174458380843785,False,13,0.06359028816223145,False,0.0,-15.500259703246627,3.6347881295211835,-0.05569311006487965,CENTER,0.0,0.9827368666409465,0.02347722307724716,NORMAL,STABLE,NORMAL,NO_ACTION,False,0.0
2026-08-12T01:24:03.341444,0.3868545832706092,0.01377697439829373,0.11174458380843785,False,13,0.06359028816223145,False,0.0,-16.62939505693143,6.847389109671468,-0.3392148389739873,CENTER,0.0,0.9835144863468794,0.027157771346149835,NORMAL,STABLE,NORMAL,NO_ACTION,False,0.0
2026-08-12T01:24:03.373184,0.383368774423731,0.0037100419880200957,0.11187214611872145,False,13,0.06359028816223145,False,0.0,-14.434624015670693,2.3471034883587265,0.03917346671809696,CENTER,0.0,0.9847031598293896,0.021568934265475678,NORMAL,STABLE,NORMAL,NO_ACTION,False,0.0
2026-08-12T01:24:03.404884,0.368332773403951,0.004824859133048821,0.11174458380843785,False,13,0.06359028816223145,False,0.0,-14.731988083874654,4.558717440494121,-0.18823728034226406,CENTER,0.0,0.9845221005872771,0.023532323369377266,NORMAL,STABLE,NORMAL,NO_ACTION,False,0.0
2026-08-12T01:24:03.437588,0.38914802389458186,0.010065741607753498,0.11187214611872145,False,13,0.06359028816223145,False,0.0,-16.96586394609605,2.1743743567920433,-0.1288225602975217,CENTER,0.0,0.984259420010288,0.023968004508385824,NORMAL,STABLE,NORMAL,NO_ACTION,False,0.0
2026-08-12T01:24:03.469113,0.37521456962288025,0.009924124638014842,0.11187214611872145,False,13,0.06359028816223145,False,0.0,-16.334860793836555,6.58329309907063,-1.129935938939127,CENTER,0.0,0.9840278581532923,0.027508626040251286,NORMAL,STABLE,NORMAL,NO_ACTION,False,0.0
2026-08-12T01:24:03.502347,0.39670746796652984,0.26907138072142134,0.11187214611872145,False,13,0.06359028816223145,False,0.0,-17.249146924320684,9.106281475543682,-1.953282043052127,CENTER,0.0,0.9841231701174555,0.031004059797316092,NORMAL,STABLE,NORMAL,NO_ACTION,False,0.0
2026-08-12T01:24:03.532668,0.3754530220577449,0.5031350248755612,0.11174458380843785,False,13,0.06359028816223145,False,0.0,-14.769363462923394,9.069335331490237,-1.1122226813581335,CENTER,0.0,0.9829198414994854,0.04834275164656743,NORMAL,STABLE,NORMAL,NO_ACTION,False,0.0
2026-08-12T01:24:03.565101,0.38781943283474407,0.5855311835624001,0.11174458380843785,False,13,0.06359028816223145,False,0.0,-13.759083357087604,9.509185584515507,-1.3081681928985915,CENTER,0.0,0.9828514017489712,0.06435547895735425,NORMAL,STABLE,NORMAL,NO_ACTION,False,0.0
2026-08-12T01:24:03.596530,0.37704187607685224,0.657389327767143,0.11174458380843785,False,13,0.06359028816223145,False,0.0,-14.665287720011122,8.181671606662576,-1.2697134396361207,CENTER,0.0,0.9834497974537039,0.1071260928849874,NORMAL,STABLE,NORMAL,NO_ACTION,False,0.0
2026-08-12T01:24:03.629253,0.37912227166499235,0.49730477243283067,0.11187214611872145,False,13,0.06359028816223145,False,0.0,-13.244582720352042,12.248874260692986,-1.8666548385489534,CENTER,0.0,0.9841929360639574,0.048794998827961636,NORMAL,STABLE,NORMAL,NO_ACTION,False,0.0
2026-08-12T01:24:03.661644,0.4021352578783127,0.16219982664410984,0.11187214611872145,False,13,0.06359028816223145,False,0.0,-11.989278657393214,12.252119629136558,-1.8409879387452577,CENTER,0.0,0.9840760030864197,0.028102860624833435,NORMAL,STABLE,NORMAL,NO_ACTION,False,0.0
2026-08-12T01:24:03.693117,0.3827287997288962,0.008252820342569921,0.11187214611872145,False,13,0.06359028816223145,False,0.0,-13.663802587401108,8.13234238266989,-1.0260344587130135,CENTER,0.0,0.9841507523148147,0.025955200454213685,NORMAL,STABLE,NORMAL,NO_ACTION,False,0.0
2026-08-12T01:24:03.724462,0.39484604687392255,0.000421693103431211,0.11174458380843785,False,13,0.06359028816223145,False,0.0,-12.982116120010033,6.636475221012148,-0.36570687606752017,CENTER,0.0,0.9843672169710219,0.023518760967469046,NORMAL,STABLE,NORMAL,NO_ACTION,False,0.0
2026-08-12T01:24:03.757140,0.3827956188905805,0.0028589294418406514,0.11174458380843785,False,13,0.06359028816223145,False,0.0,-14.173674907582296,3.544263871736092,0.011726625584060457,CENTER,0.0,0.9836846547067901,0.02209205432500333,NORMAL,STABLE,NORMAL,NO_ACTION,False,0.0
2026-08-12T01:24:03.789389,0.37401209681918024,0.005187284818899804,0.11174458380843785,False,13,0.06359028816223145,False,0.0,-15.291095515026228,2.0615529927714817,-0.018593501636189558,CENTER,0.0,0.9831995214977709,0.02210385478541399,NORMAL,STABLE,NORMAL,NO_ACTION,False,0.0
2026-08-12T01:24:03.839177,0.37050974220883137,0.0015535523991501844,0.11187214611872145,False,13,0.06359028816223145,False,0.0,-14.742308050568681,3.1650992566517857,0.12148852492916262,CENTER,0.0,0.9840465186685527,0.022535263669273827,NORMAL,STABLE,NORMAL,NO_ACTION,False,0.0
2026-08-12T01:24:03.869757,0.37116229418073987,0.00225109268938791,0.11174458380843785,False,13,0.06359028816223145,False,0.0,-14.386041002811595,3.7516189647928115,-0.3893111169580834,CENTER,0.0,0.9832234867969821,0.022809911345977124,NORMAL,STABLE,NORMAL,NO_ACTION,False,0.0
2026-08-12T01:24:03.900998,0.3505028955676683,0.004596787654558587,0.11174458380843785,False,13,0.06359028816223145,False,0.0,-14.020206351185152,5.035850102361223,-0.5894703021748455,CENTER,0.0,0.9823428792652606,0.02357787227397462,NORMAL,STABLE,NORMAL,NO_ACTION,False,0.0
2026-08-12T01:24:03.934217,0.38570332026283927,0.0029979192463767293,0.11174458380843785,False,13,0.06359028816223145,False,0.0,-17.035252153652664,2.8132035519687406,0.2496513182464355,CENTER,0.0,0.9825750841263716,0.024548771886914,NORMAL,STABLE,NORMAL,NO_ACTION,False,0.0
2026-08-12T01:24:03.966995,0.3959145791080317,0.006809642103393838,0.11174458380843785,False,13,0.06359028816223145,False,0.0,-17.404466761976494,3.7804474422099474,-0.32345127138933094,CENTER,0.0,0.9836575145747599,0.025673943533500606,NORMAL,STABLE,NORMAL,NO_ACTION,False,0.0
2026-08-12T01:24:03.998258,0.3892240799555131,0.006362555875020482,0.11187214611872145,False,13,0.06359028816223145,False,0.0,-16.657268895429354,1.349867657440143,0.13016558576893544,CENTER,0.0,0.9837919024348423,0.02307665512718437,NORMAL,STABLE,NORMAL,NO_ACTION,False,0.0
2026-08-12T01:24:04.029189,0.388894418271311,0.005582066843178252,0.11174458380843785,False,13,0.06359028816223145,False,0.0,-17.875689920175432,5.7442972999609765,-0.834191948621168,CENTER,0.0,0.9842891991383745,0.02803787434636524,NORMAL,STABLE,NORMAL,NO_ACTION,False,0.0
2026-08-12T01:24:04.066823,0.3845077587865412,0.006966688408584444,0.11187214611872145,False,13,0.06359028816223145,False,0.0,-17.15984153912399,6.892901314842533,-0.9777302684092319,CENTER,0.0,0.9848310908564816,0.028380089453260475,NORMAL,STABLE,NORMAL,NO_ACTION,False,0.0
2026-08-12T01:24:04.093832,0.3611190455619524,0.005851698191464352,0.11187214611872145,False,13,0.06359028816223145,False,0.0,-18.683129543546784,3.5592015004208974,-0.4242512652834307,CENTER,0.0,0.9840833038623114,0.026906307514464173,NORMAL,STABLE,NORMAL,NO_ACTION,False,0.0
2026-08-12T01:24:04.125136,0.37047673406265436,0.008025429596084167,0.11073059360730593,False,13,0.06359028816223145,False,0.0,-17.03750156646069,5.099602693123643,-0.8873362559298528,CENTER,0.0,0.9834315790037722,0.026309298133210934,NORMAL,STABLE,NORMAL,NO_ACTION,False,0.0
2026-08-12T01:24:04.156929,0.3983225048965774,0.009779022220659113,0.11060433295324971,False,13,0.06359028816223145,False,0.0,-17.44304886391319,5.127972505094846,-1.29263973038897,CENTER,0.0,0.9838624587405693,0.027047476376669512,NORMAL,STABLE,NORMAL,NO_ACTION,False,0.0
2026-08-12T01:24:04.188797,0.3806555837209286,0.007238724287054077,0.10946408209806158,False,13,0.06359028816223145,False,0.0,-17.567199471913625,3.892948043602047,-0.5634533141588349,CENTER,0.0,0.9843171028377915,0.025002761763405747,NORMAL,STABLE,NORMAL,NO_ACTION,False,0.0
2026-08-12T01:24:04.221207,0.3660689547230338,0.007337121275633207,0.10730593607305935,False,13,0.06359028816223145,False,0.0,-18.442771609141346,4.302342283278222,-1.1331970079860127,CENTER,0.0,0.9846553899819959,0.02561114798353844,NORMAL,STABLE,NORMAL,NO_ACTION,False,0.0
2026-08-12T01:24:04.253716,0.3626631055939209,0.009022956487242786,0.10718358038768529,False,13,0.06359028816223145,False,0.0,-19.935260015927156,5.070216433797356,-1.2136810842436319,CENTER,0.0,0.985636788408779,0.02761926015915705,NORMAL,STABLE,NORMAL,NO_ACTION,False,0.0
2026-08-12T01:24:04.286015,0.37962944542484817,0.00830014255889113,0.10604332953249715,False,13,0.06359028816223145,False,0.0,-17.977935444099955,5.647540084689098,-1.182723002628677,CENTER,0.0,0.9849031876929012,0.02555144814648494,NORMAL,STABLE,NORMAL,NO_ACTION,False,0.0
2026-08-12T01:24:04.316672,0.3637393108397411,0.012097020196725792,0.10490307867730901,False,13,0.06359028816223145,False,0.0,-18.958719057868336,3.873278313456069,-1.4088632229693019,CENTER,0.0,0.9830687371399177,0.02486213439103124,NORMAL,STABLE,NORMAL,NO_ACTION,False,0.0
2026-08-12T01:24:04.364987,0.3655480410230186,0.0125294866710124,0.10376282782212087,False,13,0.06359028816223145,False,0.0,-19.027054570836725,4.667933879258555,-1.0961775687567865,CENTER,0.0,0.981776700745885,0.024630626736059435,NORMAL,STABLE,NORMAL,NO_ACTION,False,0.0
2026-08-12T01:24:04.397144,0.3553725253584066,0.008142447671098917,0.10159817351598173,False,13,0.06359028816223145,False,0.0,-18.46272146908268,3.515361110435606,-1.0542432244481006,CENTER,0.0,0.9815302560228052,0.022132072820409184,NORMAL,STABLE,NORMAL,NO_ACTION,False,0.0
2026-08-12T01:24:04.428836,0.3617549191109293,0.00551094575515858,0.1004566210045662,False,13,0.06359028816223145,False,0.0,-16.228460601029724,4.322694428057787,-0.9078965390115172,CENTER,0.0,0.9815875369727367,0.019851933724068255,NORMAL,STABLE,NORMAL,NO_ACTION,False,0.0
2026-08-12T01:24:04.471124,0.38666469707390755,0.2984276815035522,0.09931506849315068,False,13,0.06359028816223145,False,0.0,-17.18854672258999,7.313220703438276,-1.7048395578463271,CENTER,0.0,0.9821978550454389,0.023475401741051505,NORMAL,STABLE,NORMAL,NO_ACTION,False,0.0
2026-08-12T01:24:04.502118,0.37149993226555655,0.28651438074661256,0.09817351598173515,False,13,0.06359028816223145,False,0.0,-14.711444950774705,8.782955696738071,-1.5283106373266833,CENTER,0.0,0.9835586259002058,0.021981528939889944,NORMAL,STABLE,NORMAL,NO_ACTION,False,0.0
2026-08-12T01:24:04.542912,0.36967371053980413,0.32231155476653817,0.09703196347031963,False,13,0.06359028816223145,False,0.0,-16.199575295635185,9.915249557662946,-2.113297308583526,CENTER,0.0,0.9840316224065501,0.02479563163274496,NORMAL,STABLE,NORMAL,NO_ACTION,False,0.0
2026-08-12T01:24:04.572272,0.37783472983693284,0.5623958223533653,0.0958904109589041,False,13,0.06359028816223145,False,0.0,-16.85768980006688,11.918091303980702,-2.2786515106636216,CENTER,0.0,0.9832530381944444,0.05951426278573293,NORMAL,STABLE,NORMAL,NO_ACTION,False,0.0
2026-08-12T01:24:04.608143,0.4006499797217711,0.6934475612765041,0.09474885844748858,False,13,0.06359028816223145,False,0.0,-16.815929871929967,11.735617988014639,-2.023406577153793,CENTER,0.0,0.9823412047753772,0.10661730734972086,NORMAL,STABLE,NORMAL,NO_ACTION,False,0.0
2026-08-12T01:24:04.634740,0.39087129828842276,0.515290051606926,0.09360730593607305,False,13,0.06359028816223145,False,0.0,-16.19192517311305,13.092097634779122,-2.9217633880711276,CENTER,0.0,0.982089227537723,0.050919188338754875,NORMAL,STABLE,NORMAL,NO_ACTION,False,0.0
2026-08-12T01:24:04.668880,0.36244451610241657,0.4073671071930118,0.09246575342465753,False,13,0.06359028816223145,False,0.0,-16.57175717426938,11.409880825888877,-1.7394764415359987,CENTER,0.0,0.9818587909379286,0.0273469307021495,NORMAL,STABLE,NORMAL,NO_ACTION,False,0.0
2026-08-12T01:24:04.690892,0.3703859688850023,0.23965037597727437,0.091324200913242,False,13,0.06359028816223145,False,0.0,-16.352018453876724,5.438055344346367,-1.096436901847369,CENTER,0.0,0.9827490703232167,0.020729700683836318,NORMAL,STABLE,NORMAL,NO_ACTION,False,0.0
2026-08-12T01:24:04.716236,0.38147262215462474,0.20886669888433806,0.09122006841505131,False,13,0.06359028816223145,False,0.0,-15.754799939514015,4.640683281895207,-0.38951278993050664,CENTER,0.0,0.9824702342678326,0.018897979813426447,NORMAL,STABLE,NORMAL,NO_ACTION,False,0.0
2026-08-12T01:24:04.749826,0.4072856535260154,0.028205554638175617,0.08904109589041095,False,13,0.06359028816223145,False,0.0,-16.312623558337577,2.262009977667219,-0.16971689232610743,CENTER,0.0,0.9825500337577159,0.01750555726969506,NORMAL,STABLE,NORMAL,NO_ACTION,False,0.0
2026-08-12T01:24:04.781578,0.36934676549073475,0.005465693972990753,0.08893956670467502,False,13,0.06359028816223145,False,0.0,-15.395108369152894,2.314188116087678,-0.15809280413552074,CENTER,0.0,0.9822051424254116,0.016648514769229943,NORMAL,STABLE,NORMAL,NO_ACTION,False,0.0
2026-08-12T01:24:04.813191,0.36001294033127673,0.1362809218151335,0.08779931584948689,False,13,0.06359028816223145,False,0.0,-16.6158690139483,0.8885963948864344,-0.18912577901684813,CENTER,0.0,0.9821427174425583,0.01682435164138442,NORMAL,STABLE,NORMAL,NO_ACTION,False,0.0
2026-08-12T01:24:04.845492,0.38186031038007096,0.008224147024511236,0.08665906499429875,False,13,0.06359028816223145,False,0.0,-15.393459903588365,3.675661175357021,-0.8178802885680341,CENTER,0.0,0.9835115526406035,0.018265564367241787,NORMAL,STABLE,NORMAL,NO_ACTION,False,0.0
2026-08-12T01:24:04.892573,0.40809979077289626,0.011681348280138382,0.08447488584474885,False,13,0.06359028816223145,False,0.0,-18.302077975036724,3.3887325078522963,-1.2613468177738127,CENTER,0.0,0.983354003236454,0.021286271426525692,NORMAL,STABLE,NORMAL,NO_ACTION,False,0.0
2026-08-12T01:24:04.925929,0.4044437080401822,0.004866314832153897,0.08437856328392246,False,13,0.06359028816223145,False,0.0,-16.578916640682507,3.90157330615952,-1.5152101901879291,CENTER,0.0,0.9837721166623801,0.020241776928620073,NORMAL,STABLE,NORMAL,NO_ACTION,False,0.0
2026-08-12T01:24:04.957600,0.40364268069057635,0.010668713065675885,0.08323831242873432,False,13,0.06359028816223145,False,0.0,-16.11245811217546,4.2640362161504015,-0.7544927547740485,CENTER,0.0,0.9849286935228052,0.019321830694652594,NORMAL,STABLE,NORMAL,NO_ACTION,False,0.0
2026-08-12T01:24:04.990228,0.38999468514143887,0.011724455455309087,0.08105022831050228,False,13,0.06359028816223145,False,0.0,-17.329153070964253,1.841238708411936,-0.4294681182920499,CENTER,0.0,0.9856252947102195,0.01843067799017395,NORMAL,STABLE,NORMAL,NO_ACTION,False,0.0
2026-08-12T01:24:05.020489,0.3869055657458468,0.013048002052051927,0.08095781071835804,False,13,0.06359028816223145,False,0.0,-15.149878949151514,3.101039344621796,-0.8141563878074862,CENTER,0.0,0.9851728877314816,0.017612414295594778,NORMAL,STABLE,NORMAL,NO_ACTION,False,0.0
2026-08-12T01:24:05.053593,0.3914943187043499,0.008920807689214846,0.07876712328767123,False,13,0.06359028816223145,False,0.0,-14.29057370339774,0.65274528176937,-0.6015620041018792,CENTER,0.0,0.9842556557570301,0.01481200227368492,NORMAL,STABLE,NORMAL,NO_ACTION,False,0.0
2026-08-12T01:24:05.086359,0.38657773094106573,0.00899912633812679,0.0776255707762557,False,13,0.06359028816223145,False,0.0,-15.28668428891828,5.277788455743547,-1.3193153449186354,CENTER,0.0,0.9839481926225994,0.01980269871728737,NORMAL,STABLE,NORMAL,NO_ACTION,False,0.0
2026-08-12T01:24:05.117661,0.35677322578818305,0.03646626548876775,0.07648401826484018,False,13,0.06359028816223145,False,0.0,-16.418447087307555,0.4478049963242654,-0.9904569788395463,CENTER,0.0,0.982882051611797,0.017087544561042514,NORMAL,STABLE,NORMAL,NO_ACTION,False,0.0
2026-08-12T01:24:05.149400,0.4068362632234808,0.3277473339511594,0.07639680729760548,False,13,0.06359028816223145,False,0.0,-14.978892529463565,2.4291797739870162,-1.1975272777449106,CENTER,0.0,0.9820575060013716,0.017331700762228414,NORMAL,STABLE,NORMAL,NO_ACTION,False,0.0
2026-08-12T01:24:05.181115,0.385977700809248,0.49879320132032623,0.07420091324200913,False,13,0.06359028816223145,False,0.0,-14.563831012630402,4.57727948369984,-1.048500026114823,CENTER,0.0,0.982319034529321,0.03809854978034387,NORMAL,STABLE,NORMAL,NO_ACTION,False,0.0
2026-08-12T01:24:05.245815,0.39658956709889065,0.7242408720829653,0.072,False,13,0.06359028816223145,False,0.0,-15.383351879325176,8.9113552537857,-1.8069398528382123,CENTER,0.0,0.9826017286093964,0.10298959305500256,NORMAL,STABLE,NORMAL,NO_ACTION,False,0.0
2026-08-12T01:24:05.280756,0.4052740995662899,0.7271982613554261,0.072,False,13,0.06359028816223145,False,0.0,-14.178808176449195,9.348102853801436,-1.546178226025063,CENTER,0.0,0.9835702133701989,0.10189398711531329,NORMAL,STABLE,NORMAL,NO_ACTION,False,0.0
2026-08-12T01:24:05.304359,0.40518522067697493,0.7230531497735123,0.07191780821917808,False,13,0.06359028816223145,False,0.0,-14.20120194515556,9.68159422417392,-1.729172113530467,CENTER,0.0,0.9835362145276063,0.10233262269989735,NORMAL,STABLE,NORMAL,NO_ACTION,False,0.0
2026-08-12T01:24:05.332771,0.39859620050512956,0.5727762648579946,0.07191780821917808,False,13,0.06359028816223145,False,0.0,-14.05010023678102,6.302703422724676,-1.2204795355463318,CENTER,0.0,0.9843661051097394,0.05381220818728938,NORMAL,STABLE,NORMAL,NO_ACTION,False,0.0
2026-08-12T01:24:05.354171,0.4076870942857785,0.4699991281556914,0.07183580387685291,False,13,0.06359028816223145,False,0.0,-13.817475663690857,9.337351989900668,-1.6630636539261445,CENTER,0.0,0.9830800968792868,0.03565065474451254,NORMAL,STABLE,NORMAL,NO_ACTION,False,0.0
2026-08-12T01:24:05.375843,0.3799497682763898,0.36939359391563253,0.07183580387685291,False,13,0.06359028816223145,False,0.0,-12.605272174785284,7.401235131388233,-1.4450416158422854,CENTER,0.0,0.9825165439600481,0.018875268282162495,NORMAL,STABLE,NORMAL,NO_ACTION,False,0.0
2026-08-12T01:24:05.421839,0.39941133768768455,0.26550393673133044,0.07191780821917808,False,13,0.06359028816223145,False,0.0,-13.178158531764694,6.528485632606078,-0.7736249186881992,CENTER,0.0,0.9828620515046296,0.018150068131392364,NORMAL,STABLE,NORMAL,NO_ACTION,False,0.0
2026-08-12T01:24:05.461668,0.3751850257947984,0.2618190035766899,0.07191780821917808,False,13,0.06359028816223145,False,0.0,-13.115696413424786,1.103065052402485,0.6043377153280858,CENTER,0.0,0.982497401191701,0.014008542809978633,NORMAL,STABLE,NORMAL,NO_ACTION,False,0.0
2026-08-12T01:24:05.485371,0.3607652306025212,0.2074685433681041,0.07191780821917808,False,13,0.06359028816223145,False,0.0,-13.576516240117712,1.0014669315770846,0.33789367059586084,CENTER,0.0,0.9829742289308985,0.014122343068307628,NORMAL,STABLE,NORMAL,NO_ACTION,False,0.0
2026-08-12T01:24:05.516658,0.3543585099375699,0.2525005504710053,0.07191780821917808,False,13,0.06359028816223145,False,0.0,-12.47812071362489,1.176077126295496,0.5246566915203914,CENTER,0.0,0.9834749148019549,0.013370582092464429,NORMAL,STABLE,NORMAL,NO_ACTION,False,0.0
2026-08-12T01:24:05.549276,0.396346868795743,0.31431088295213144,0.07191780821917808,False,13,0.06359028816223145,False,0.0,-13.11759004619421,4.2925810093478844,-0.10316090193762761,CENTER,0.0,0.9838772076474623,0.015831290901248574,NORMAL,STABLE,NORMAL,NO_ACTION,False,0.0
2026-08-12T01:24:05.582208,0.38734620093133854,0.3286671747965952,0.07191780821917808,False,13,0.06359028816223145,False,0.0,-13.047825160291609,-0.3402010563060003,0.4495005195578017,CENTER,0.0,0.9835327449845679,0.013243125491631544,NORMAL,STABLE,NORMAL,NO_ACTION,False,0.0
2026-08-12T01:24:05.647895,0.39066384661839765,0.3809024655747184,0.07191780821917808,False,13,0.06359028816223145,False,0.0,-13.983297098618323,1.3991696705898562,0.7490717000447944,CENTER,0.0,0.9839436915937929,0.015197236938583086,NORMAL,STABLE,NORMAL,NO_ACTION,False,0.0
2026-08-12T01:24:05.682803,0.3772646079939486,0.3819066842466147,0.07191780821917808,False,13,0.06359028816223145,False,0.0,-12.472969959023317,-0.3752661000968942,0.9875942890979275,CENTER,0.0,0.9833370975865912,0.013233050348260805,NORMAL,STABLE,NORMAL,NO_ACTION,False,0.0
2026-08-12T01:24:05.709211,0.3929899379780697,0.3434206532073455,0.07183580387685291,False,13,0.06359028816223145,False,0.0,-12.990507124918253,1.241607468302476,0.4144128398213809,CENTER,0.0,0.9821500048225308,0.013805157952412177,NORMAL,STABLE,NORMAL,NO_ACTION,False,0.0
2026-08-12T01:24:05.742356,0.37733890668318576,0.3439642464240587,0.07191780821917808,False,13,0.06359028816223145,False,0.0,-13.78190685128314,2.4334911069449277,0.25583197466613683,CENTER,0.0,0.9813841869212963,0.01527534392815212,NORMAL,STABLE,NORMAL,NO_ACTION,False,0.0
2026-08-12T01:24:05.773401,0.3701421144621597,0.3434859506557062,0.07191780821917808,False,13,0.06359028816223145,False,0.0,-14.365847991724905,1.9878550616534767,0.4168302014247729,CENTER,0.0,0.981388527199074,0.015670844693486462,NORMAL,STABLE,NORMAL,NO_ACTION,False,0.0
2026-08-12T01:24:05.806622,0.3847024165932348,0.3304632665452339,0.072,False,13,0.06359028816223145,False,0.0,-13.180719182084687,0.5665735220589454,0.5269497542138879,CENTER,0.0,0.9811703344693072,0.013609169482367126,NORMAL,STABLE,NORMAL,NO_ACTION,False,0.0
2026-08-12T01:24:05.837645,0.3947494206341059,0.29912664678294976,0.07191780821917808,False,13,0.06359028816223145,False,0.0,-12.188308331758037,3.998590947524093,0.07338108122900167,CENTER,0.0,0.9811599124442729,0.014695424007940106,NORMAL,STABLE,NORMAL,NO_ACTION,False,0.0
2026-08-12T01:24:05.872240,0.39127989592847534,0.3212813635304563,0.07191780821917808,False,13,0.06359028816223145,False,0.0,-13.07971654516004,4.187539522763274,-0.22346181804985576,CENTER,0.0,0.9818179601766118,0.015834802153234854,NORMAL,STABLE,NORMAL,NO_ACTION,False,0.0
2026-08-12T01:24:05.890659,0.41224066860641884,0.38169084802548514,0.07191780821917808,False,13,0.06359028816223145,False,0.0,-13.665905130917338,3.5367376914633155,-0.04070091254430963,CENTER,0.0,0.9830531710819617,0.01575326452272361,NORMAL,STABLE,NORMAL,NO_ACTION,False,0.0
2026-08-12T01:24:05.916480,0.3895212853416035,0.4097709194855519,0.07183580387685291,False,13,0.06359028816223145,False,0.0,-13.090451827467461,1.1889586681139406,0.01828305935316621,CENTER,0.0,0.9817844837748628,0.015436102455834752,NORMAL,STABLE,NORMAL,NO_ACTION,False,0.0
2026-08-12T01:24:05.950145,0.3797155834759851,0.3339444333785485,0.07191780821917808,False,13,0.06359028816223145,False,0.0,-13.857431578983011,5.210265678444358,-0.30373605405031867,CENTER,0.0,0.9809364283264747,0.017399649599575247,NORMAL,STABLE,NORMAL,NO_ACTION,False,0.0
2026-08-12T01:24:05.980322,0.35713069206176445,0.36341113971238065,0.07183580387685291,False,13,0.06359028816223145,False,0.0,-13.866036312717512,-3.858248601981046,1.0978070741584816,CENTER,0.0,0.9809577546296296,0.017196139844348382,NORMAL,STABLE,NORMAL,NO_ACTION,False,0.0
2026-08-12T01:24:06.048240,0.39364754464843077,0.31957168077357384,0.07191780821917808,False,13,0.06359028816223145,False,0.0,-13.838356419294001,0.4739212279099263,0.18880839144713946,CENTER,0.0,0.9785015324931413,0.013849916630500492,NORMAL,STABLE,NORMAL,NO_ACTION,False,0.0
2026-08-12T01:24:06.080968,0.366680733419155,0.2842879899380635,0.07191780821917808,False,13,0.06359028816223145,False,0.0,-14.394678836629055,0.8052116914543888,-0.19138049699583348,CENTER,0.0,0.9787411452974967,0.014627376691022506,NORMAL,STABLE,NORMAL,NO_ACTION,False,0.0
2026-08-12T01:24:06.110198,0.37250306807596645,0.35264512673471526,0.07191780821917808,False,13,0.06359028816223145,False,0.0,-13.892568623621116,1.4422843816871591,-0.44572744432946365,CENTER,0.0,0.9792699090149177,0.014848897896652396,NORMAL,STABLE,NORMAL,NO_ACTION,False,0.0
2026-08-12T01:24:06.140285,0.3755657783303773,0.32302362581528077,0.07183580387685291,False,13,0.06359028816223145,False,0.0,-14.266673731408133,-1.6592031179351636,0.6652310937398909,CENTER,0.0,0.9778931568287037,0.015577184676058679,NORMAL,STABLE,NORMAL,NO_ACTION,False,0.0
2026-08-12T01:24:06.173418,0.36926568932197096,0.2848036816520682,0.07191780821917808,False,13,0.06359028816223145,False,0.0,-14.882063985062814,-4.92266668947525,0.9728258451814895,CENTER,0.0,0.9775560753172153,0.018822930964115532,NORMAL,STABLE,NORMAL,NO_ACTION,False,0.0
2026-08-12T01:24:06.204825,0.37636210415154137,0.1937031393896305,0.07183580387685291,False,13,0.06359028816223145,False,0.0,-13.863826394203159,-2.9912791209292493,0.6599898134330147,CENTER,0.0,0.9779331034593621,0.01614626534283929,NORMAL,STABLE,NORMAL,NO_ACTION,False,0.0
2026-08-12T01:24:06.237602,0.3737546542870299,0.2507561149936098,0.07191780821917808,False,13,0.06359028816223145,False,0.0,-14.172249045607344,-1.9114831799179512,0.6691931497709334,CENTER,0.0,0.9774215401020233,0.015672274781045752,NORMAL,STABLE,NORMAL,NO_ACTION,False,0.0
2026-08-12T01:24:06.269099,0.3818432843253162,0.29250144954938156,0.07191780821917808,False,13,0.06359028816223145,False,0.0,-14.278975302945526,-3.4510417669343383,0.6040864681575044,CENTER,0.0,0.9774301000943072,0.016824256314959197,NORMAL,STABLE,NORMAL,NO_ACTION,False,0.0
2026-08-12T01:24:06.301276,0.36841632144121267,0.28431651452551493,0.07191780821917808,False,13,0.06359028816223145,False,0.0,-13.165543861143448,2.68240598643078,-0.7600922474746881,CENTER,0.0,0.9778401759687929,0.015347165020721178,NORMAL,STABLE,NORMAL,NO_ACTION,False,0.0
2026-08-12T01:24:06.334183,0.36112144959001036,0.26915817112667073,0.072,False,13,0.06359028816223145,False,0.0,-13.612606496999916,1.748518257584493,-0.6866103101388603,CENTER,0.0,0.9771135813185872,0.015032434926240954,NORMAL,STABLE,NORMAL,NO_ACTION,False,0.0
2026-08-12T01:24:06.360042,0.3708308076564689,0.2826302541414129,0.07191780821917808,False,13,0.06359028816223145,False,0.0,-13.835882255533022,2.1370482890791322,-0.7040404479508311,CENTER,0.0,0.9771951088820302,0.015544830812134196,NORMAL,STABLE,NORMAL,NO_ACTION,False,0.0
2026-08-12T01:24:06.384459,0.3668333542259207,0.2836512812957259,0.07191780821917808,False,13,0.06359028816223145,False,0.0,-15.794200558694598,1.1977241018859957,-0.262580934647076,CENTER,0.0,0.975849783521948,0.01632710884495039,NORMAL,STABLE,NORMAL,NO_ACTION,False,0.0
2026-08-12T01:24:06.429770,0.3613277296704416,0.2771399551252717,0.07183580387685291,False,13,0.06359028816223145,False,0.0,-16.319641891424368,4.364077626383647,-0.9853368446734976,CENTER,0.0,0.9754483882030177,0.01981588743900095,NORMAL,STABLE,NORMAL,NO_ACTION,False,0.0
2026-08-12T01:24:06.489297,0.3760175441948744,0.2962856127224285,0.07191780821917808,False,13,0.06359028816223145,False,0.0,-15.406606980298164,5.797731168469568,-0.613852826252554,CENTER,0.0,0.9751508782364541,0.019614359731684267,NORMAL,STABLE,NORMAL,NO_ACTION,False,0.0
2026-08-12T01:24:06.539145,0.38161895596741,0.17249770834248843,0.07191780821917808,False,13,0.06359028816223145,False,0.0,-14.331652613289009,10.829598785091662,-1.303642907728289,CENTER,0.0,0.9768310479895405,0.022877587402064338,NORMAL,STABLE,NORMAL,NO_ACTION,False,0.0
2026-08-12T01:24:06.567585,0.3707048395347518,0.1414980054494211,0.07191780821917808,False,13,0.06359028816223145,False,0.0,-14.675701247225732,7.175441976626985,-0.736061516603371,CENTER,0.0,0.9782145249271261,0.02002322038532529,NORMAL,STABLE,NORMAL,NO_ACTION,False,0.0
2026-08-12T01:24:06.591801,0.3889470939942281,0.1579672962172792,0.07191780821917808,False,13,0.06359028816223145,False,0.0,-14.315662159949,-2.6626858959049855,0.37567583184065256,CENTER,0.0,0.9769471236282579,0.016070265287284377,NORMAL,STABLE,NORMAL,NO_ACTION,False,0.0
2026-08-12T01:24:06.621698,0.3729089393422201,0.09635304018355162,0.07191780821917808,False,13,0.06359028816223145,False,0.0,-14.15851017918581,3.197585475665761,-0.7407430089480727,CENTER,0.0,0.9743841896004801,0.016656796283961606,NORMAL,STABLE,NORMAL,NO_ACTION,False,0.0
2026-08-12T01:24:06.648146,0.3794484623641964,0.02204843659514381,0.07191780821917808,False,13,0.06359028816223145,False,0.0,-15.96704754792276,4.639105089304081,-1.1558606103958482,CENTER,0.0,0.9727806445044581,0.019839191161396794,NORMAL,STABLE,NORMAL,NO_ACTION,False,0.0
2026-08-12T01:24:06.672254,0.3853168586297451,0.011475375365823383,0.07191780821917808,False,13,0.06359028816223145,False,0.0,-14.854183471894117,0.33656935431702095,0.1621390800920608,CENTER,0.0,0.9725353652263375,0.01470324032447491,NORMAL,STABLE,NORMAL,NO_ACTION,False,0.0
2026-08-12T01:24:06.700840,0.39414342182787054,0.013684989685966173,0.07183580387685291,False,13,0.06359028816223145,False,0.0,-14.648119584158621,3.6064301586793874,-0.2935195911987307,CENTER,0.0,0.9730238340192043,0.016992889135316266,NORMAL,STABLE,NORMAL,NO_ACTION,False,0.0
2026-08-12T01:24:06.735145,0.4461231128680012,0.0026727841838953548,0.07191780821917808,False,13,0.06359028816223145,False,0.0,-14.012837549491053,0.6579623285032881,-0.05717537745721302,CENTER,0.0,0.9745020602923525,0.014024096352091448,NORMAL,STABLE,NORMAL,NO_ACTION,False,0.0
2026-08-12T01:24:06.765420,0.41952610108203925,0.0034695493143749637,0.07183580387685291,False,13,0.06359028816223145,False,0.0,-13.958285509418062,2.1054182532691357,0.18651479559795803,CENTER,0.0,0.9759212507501716,0.015141498661820916,NORMAL,STABLE,NORMAL,NO_ACTION,False,0.0
2026-08-12T01:24:06.797833,0.43452516037390254,0.010409919126977503,0.07183580387685291,False,13,0.06359028816223145,False,0.0,-13.058219403163122,2.294508897578055,0.3822122751925576,CENTER,0.0,0.9770001312800068,0.014599783227408136,NORMAL,STABLE,NORMAL,NO_ACTION,False,0.0
2026-08-12T01:24:06.829326,0.43469185295716617,0.008655590570302359,0.07191780821917808,False,13,0.06359028816223145,False,0.0,-12.970427698150047,1.1603048406029757,0.5732266585934838,CENTER,0.0,0.9794270833333334,0.013880035469151477,NORMAL,STABLE,NORMAL,NO_ACTION,False,0.0
2026-08-12T01:24:06.865578,0.4328468653112476,0.0025430649826403,0.07191780821917808,False,13,0.06359028816223145,False,0.0,-13.709803241483343,2.608732540746928,0.4001664506307918,CENTER,0.0,0.9828759430727023,0.015471462834797502,NORMAL,STABLE,NORMAL,NO_ACTION,False,0.0
2026-08-12T01:24:06.892355,0.4340250070363744,0.0169026006239146,0.07183580387685291,False,13,0.06359028816223145,False,0.0,-13.367457213771075,-2.122739210425891,1.1768136849108544,CENTER,0.0,0.9835855249056927,0.01553868362848278,NORMAL,STABLE,NORMAL,NO_ACTION,False,0.0
2026-08-12T01:24:06.925308,0.4417183175265767,0.022137184012473225,0.07183580387685291,False,13,0.06359028816223145,False,0.0,-13.733622181425858,1.0172441256688387,0.8844530390049101,CENTER,0.0,0.9805560913923184,0.014811341340064529,NORMAL,STABLE,NORMAL,NO_ACTION,False,0.0
2026-08-12T01:24:06.957258,0.44487054695404327,0.009108431263652643,0.07183580387685291,False,13,0.06359028816223145,False,0.0,-13.491530049013647,-1.369786044261275,0.42428253925487525,CENTER,0.0,0.9766050856267148,0.014389702042891724,NORMAL,STABLE,NORMAL,NO_ACTION,False,0.0
2026-08-12T01:24:07.005712,0.43997895339048815,0.00963023544199276,0.07191780821917808,False,13,0.06359028816223145,False,0.0,-13.40269097764542,1.3097660909024,0.30934011018749175,CENTER,0.0,0.9751831757973252,0.014150120261342687,NORMAL,STABLE,NORMAL,NO_ACTION,False,0.0
2026-08-12T01:24:07.036642,0.43422265102496005,0.2617493174921577,0.07191780821917808,False,13,0.06359028816223145,False,0.0,-14.079052399367129,9.436735732861905,-1.0329103487746636,CENTER,0.0,0.9745219264403292,0.02136768067564792,NORMAL,STABLE,NORMAL,NO_ACTION,False,0.0
2026-08-12T01:24:07.069438,0.4550573331527701,0.4487912881112268,0.07183580387685291,False,13,0.06359028816223145,False,0.0,-10.106404326352646,8.744664290053862,-1.002337706072126,CENTER,0.0,0.9765861437971536,0.026771155640730338,NORMAL,STABLE,NORMAL,NO_ACTION,False,0.0
2026-08-12T01:24:07.102858,0.4480903923526044,0.5550023684194098,0.07183580387685291,False,13,0.06359028816223145,False,0.0,-11.563735401780662,12.59856825828291,-1.4853162097804784,CENTER,0.0,0.9806491260502401,0.05266519305192292,NORMAL,STABLE,NORMAL,NO_ACTION,False,0.0
2026-08-12T01:24:07.133677,0.45605601039579635,0.6383976113469478,0.07183580387685291,False,13,0.06359028816223145,False,0.0,-13.819262840970339,12.075040375873812,-1.728157190498905,CENTER,0.0,0.984440144354424,0.10369245215362,NORMAL,STABLE,NORMAL,NO_ACTION,False,0.0
2026-08-12T01:24:07.165423,0.4785769751072071,0.5279735326906746,0.07183580387685291,False,13,0.06359028816223145,False,0.0,-11.977799695026675,9.058821249334244,-0.6686328192813562,CENTER,0.0,0.986069650741598,0.0443152346764322,NORMAL,STABLE,NORMAL,NO_ACTION,False,0.0
2026-08-12T01:24:07.197297,0.4811095562613675,0.45488637048171177,0.07183580387685291,False,13,0.06359028816223145,False,0.0,-11.349378770555774,14.57667808053273,-1.7869654797100907,CENTER,0.0,0.9875293504586763,0.034154687914020154,NORMAL,STABLE,NORMAL,NO_ACTION,False,0.0
2026-08-12T01:24:07.228434,0.4343010476252763,0.24575107965240509,0.07183580387685291,False,13,0.06359028816223145,False,0.0,-11.861444832087017,5.344041104240887,-0.686940152724759,CENTER,0.0,0.9880875450102881,0.015943215227326054,NORMAL,STABLE,NORMAL,NO_ACTION,False,0.0
2026-08-12T01:24:07.260615,0.43924686814394953,0.0026318161619936224,0.07183580387685291,False,13,0.06359028816223145,False,0.0,-10.930695731295259,4.672240965053419,-0.1808220002600649,CENTER,0.0,0.9846304333847737,0.014074376290332596,NORMAL,STABLE,NORMAL,NO_ACTION,False,0.0
2026-08-12T01:24:07.292485,0.4358291167747993,0.0034288774281249165,0.07183580387685291,False,13,0.06359028816223145,False,0.0,-11.85755954646416,2.058782089246364,0.4452022452707922,CENTER,0.0,0.9806623076346022,0.013334002123163442,NORMAL,STABLE,NORMAL,NO_ACTION,False,0.0
2026-08-12T01:24:07.324404,0.4337728965315124,0.005069550407633018,0.07183580387685291,False,13,0.06359028816223145,False,0.0,-13.569385420729475,0.8053729109920198,0.8633639969401941,CENTER,0.0,0.9780196812842936,0.0144798613564354,NORMAL,STABLE,NORMAL,NO_ACTION,False,0.0
2026-08-12T01:24:07.356788,0.40488134567449663,0.0018174390920683737,0.07183580387685291,False,13,0.06359028816223145,False,0.0,-13.498965854733711,-0.34596292962916664,1.4938376833119946,CENTER,0.0,0.9764179446373457,0.014687376633961373,NORMAL,STABLE,NORMAL,NO_ACTION,False,0.0
2026-08-12T01:24:07.389522,0.44251944759851713,0.0002548657425223261,0.07191780821917808,False,13,0.06359028816223145,False,0.0,-11.979419730786134,1.2838584889153992,1.1214213972304208,CENTER,0.0,0.9774111716606653,0.01354285592082521,NORMAL,STABLE,NORMAL,NO_ACTION,False,0.0
2026-08-12T01:24:07.420569,0.43878194811501703,0.002206208957397922,0.07183580387685291,False,13,0.06359028816223145,False,0.0,-12.160516575448526,3.979770175522276,0.21186038070004543,CENTER,0.0,0.9807039823388202,0.014788419232686936,NORMAL,STABLE,NORMAL,NO_ACTION,False,0.0
2026-08-12T01:24:07.453968,0.44782754674291025,0.0019720932775497274,0.07183580387685291,False,13,0.06359028816223145,False,0.0,-11.886855143447377,3.2903513265508195,0.9073367154234973,CENTER,0.0,0.9840902697402262,0.014696697748088287,NORMAL,STABLE,NORMAL,NO_ACTION,False,0.0
2026-08-12T01:24:07.500932,0.4157795211721505,0.0031570139217014428,0.07191780821917808,False,13,0.06359028816223145,False,0.0,-12.14614723371534,3.488702036914219,0.4290698634131047,CENTER,0.0,0.9857647730195473,0.014629086453524696,NORMAL,STABLE,NORMAL,NO_ACTION,False,0.0
2026-08-12T01:24:07.534300,0.4304039764312304,0.0018431931634901328,0.07191780821917808,False,13,0.06359028816223145,False,0.0,-11.979414372090616,0.02407807021421604,1.266188582417442,CENTER,0.0,0.9866158559456446,0.012772414784680991,NORMAL,STABLE,NORMAL,NO_ACTION,False,0.0
2026-08-12T01:24:07.565974,0.446285147276933,0.0153391407741767,0.07191780821917808,False,13,0.06359028816223145,False,0.0,-11.70007813623397,0.47072996869493977,1.2063404170746423,CENTER,0.0,0.9861081238211592,0.012768374695391672,NORMAL,STABLE,NORMAL,NO_ACTION,False,0.0
2026-08-12T01:24:07.598840,0.43937929417286437,0.004107565406136279,0.07191780821917808,False,13,0.06359028816223145,False,0.0,-11.33411207940236,0.6530037017424206,1.1155523220072325,CENTER,0.0,0.9833976873285323,0.012460179504467652,NORMAL,STABLE,NORMAL,NO_ACTION,False,0.0
2026-08-12T01:24:07.630192,0.41397667055774534,0.006923366623500785,0.07183580387685291,False,13,0.06359028816223145,False,0.0,-12.798320542756954,3.3502811838739603,0.2290333865241223,CENTER,0.0,0.9811085524905693,0.014964506860994452,NORMAL,STABLE,NORMAL,NO_ACTION,False,0.0
2026-08-12T01:24:07.660427,0.44576015372883593,0.0035538081635979905,0.07069555302166476,False,13,0.06359028816223145,False,0.0,-11.946257820005457,0.7365228541479212,0.9709912535832927,CENTER,0.0,0.9826522848079561,0.012970765613673774,NORMAL,STABLE,NORMAL,NO_ACTION,False,0.0
2026-08-12T01:24:07.693624,0.4565145458751191,0.005693138423887248,0.06955530216647662,False,13,0.06359028816223145,False,0.0,-12.72815806927943,1.6463867214189065,0.6727011279416502,CENTER,0.0,0.9848992626886146,0.014093588155385807,NORMAL,STABLE,NORMAL,NO_ACTION,False,0.0
2026-08-12T01:24:07.724851,0.45182539872016914,0.005881128433285955,0.06841505131128849,False,13,0.06359028816223145,False,0.0,-14.952070262625938,1.8157827411417031,0.6774018850375398,CENTER,0.0,0.9848037631815844,0.016362001455241245,NORMAL,STABLE,NORMAL,NO_ACTION,False,0.0
2026-08-12T01:24:07.756650,0.44239625416794937,0.019693577753198632,0.06727480045610035,False,13,0.06359028816223145,False,0.0,-14.785953646696328,1.2233849200958389,0.7987199630456132,CENTER,0.0,0.984638846021948,0.015891019251672567,NORMAL,STABLE,NORMAL,NO_ACTION,False,0.0
2026-08-12T01:24:07.789264,0.4373716545564159,0.017812055405171633,0.06621004566210045,False,13,0.06359028816223145,False,0.0,-13.786091880417843,5.069851404319053,0.12597011189347995,CENTER,0.0,0.9847375739454731,0.01705835978460429,NORMAL,STABLE,NORMAL,NO_ACTION,False,0.0
2026-08-12T01:24:07.821508,0.4308303627469655,0.17024629506999864,0.06621004566210045,False,13,0.06359028816223145,False,0.0,-12.453157841569151,6.96172451079326,-0.27113605586137624,CENTER,0.0,0.9824994239754801,0.01728093589976527,NORMAL,STABLE,NORMAL,NO_ACTION,False,0.0
2026-08-12T01:24:07.853873,0.4267044785883746,0.4491057896527728,0.06621004566210045,False,13,0.06359028816223145,False,0.0,-12.043437303067691,0.19231845249325374,0.9147568939761754,CENTER,0.0,0.980797003600823,0.02243831566932341,NORMAL,STABLE,NORMAL,NO_ACTION,False,0.0
2026-08-12T01:24:07.885679,0.4714579279445047,0.5076182696144967,0.0661345496009122,False,13,0.06359028816223145,False,0.0,-11.222370740924646,7.536252760384315,-0.6645666920619817,CENTER,0.0,0.9812163494513031,0.03841318362975662,NORMAL,STABLE,NORMAL,NO_ACTION,False,0.0
2026-08-12T01:24:07.918026,0.4505895501259446,0.504217575882806,0.06621004566210045,False,13,0.06359028816223145,False,0.0,-11.415979151542558,8.98125565641601,-0.27563473038031816,CENTER,0.0,0.9820186310442386,0.038588568740639234,NORMAL,STABLE,NORMAL,NO_ACTION,False,0.0
2026-08-12T01:24:07.950279,0.43741647485534785,0.5753652636953921,0.0661345496009122,False,13,0.06359028816223145,False,0.0,-10.414938946829096,12.725542897731344,-1.2877530564241795,CENTER,0.0,0.9826807109482167,0.055532981575757916,NORMAL,STABLE,NORMAL,NO_ACTION,False,0.0
2026-08-12T01:24:07.982091,0.42992318557590725,0.5270196482273083,0.0661345496009122,False,13,0.06359028816223145,False,0.0,-12.472719469414415,11.647505434904389,-1.2083811736169423,CENTER,0.0,0.9822573597179355,0.04699041011581169,NORMAL,STABLE,NORMAL,NO_ACTION,False,0.0
2026-08-12T01:24:08.028435,0.4366672910504115,0.45009836207190507,0.0661345496009122,False,13,0.06359028816223145,False,0.0,-11.476812876565162,9.337704261104363,-0.598097498806851,CENTER,0.0,0.9821349478094994,0.028391261408870175,NORMAL,STABLE,NORMAL,NO_ACTION,False,0.0
2026-08-12T01:24:08.060236,0.44271345536558,0.3164188817730892,0.0661345496009122,False,13,0.06359028816223145,False,0.0,-10.068516728866513,0.23852284981424532,1.1015369500134398,CENTER,0.0,0.9813496656378601,0.010928614489713207,NORMAL,STABLE,NORMAL,NO_ACTION,False,0.0
2026-08-12T01:24:08.093388,0.4432453591829355,0.26336303151776963,0.0661345496009122,False,13,0.06359028816223145,False,0.0,-11.726779077442359,-0.9885638776012513,1.2894382016905865,CENTER,0.0,0.9809336821630659,0.013248097958173373,NORMAL,STABLE,NORMAL,NO_ACTION,False,0.0
2026-08-12T01:24:08.125138,0.4652407486791664,0.2027630812013314,0.06621004566210045,False,13,0.06359028816223145,False,0.0,-11.246146747637084,1.5027285546530322,1.352786851183339,CENTER,0.0,0.9805243966478052,0.013217610384632043,NORMAL,STABLE,NORMAL,NO_ACTION,False,0.0
2026-08-12T01:24:08.156162,0.436803390384525,0.22345655332662104,0.0661345496009122,False,13,0.06359028816223145,False,0.0,-12.379361974373666,2.0560664009983896,1.2958939413697692,CENTER,0.0,0.9792429028420783,0.01465370180106659,NORMAL,STABLE,NORMAL,NO_ACTION,False,0.0
2026-08-12T01:24:08.190001,0.45526628461610097,0.21133978771798193,0.06621004566210045,False,13,0.06359028816223145,False,0.0,-11.371568774926487,-3.2595715116303268,2.2831236613966155,CENTER,0.0,0.9786654717506859,0.01550309806745156,NORMAL,STABLE,NORMAL,NO_ACTION,False,0.0
2026-08-12T01:24:08.220736,0.45259265880029576,0.1174028905453252,0.0661345496009122,False,13,0.06359028816223145,False,0.0,-10.894631999568048,0.024101437723345498,1.6686405480902806,CENTER,0.0,0.9792817108196159,0.01211537275091562,NORMAL,STABLE,NORMAL,NO_ACTION,False,0.0
2026-08-12T01:24:08.253229,0.4597513796134447,0.23136281532175268,0.0661345496009122,False,13,0.06359028816223145,False,0.0,-12.289245907532006,0.2848397918121748,1.4129862303913399,CENTER,0.0,0.98069077396262,0.013400459686160908,NORMAL,STABLE,NORMAL,NO_ACTION,False,0.0
2026-08-12T01:24:08.285331,0.4497479303705322,0.26850204848804776,0.0661345496009122,False,13,0.06359028816223145,False,0.0,-11.544859588244407,4.964143602948752,0.2304507232328774,CENTER,0.0,0.9813270667223938,0.014924402531700371,NORMAL,STABLE,NORMAL,NO_ACTION,False,0.0
2026-08-12T01:24:08.316924,0.4567237171903661,0.2871854699113837,0.0661345496009122,False,13,0.06359028816223145,False,0.0,-11.153665942187331,-2.1335685088563423,1.315593771181426,CENTER,0.0,0.982041993527092,0.013548345869269868,NORMAL,STABLE,NORMAL,NO_ACTION,False,0.0
2026-08-12T01:24:08.349451,0.47583131584767047,0.2850427436007617,0.06621004566210045,False,13,0.06359028816223145,False,0.0,-10.809515168901214,1.104661298805297,1.2576748357569159,CENTER,0.0,0.9825238313400206,0.012418067979548694,NORMAL,STABLE,NORMAL,NO_ACTION,False,0.0
2026-08-12T01:24:08.381207,0.4410805019539298,0.29029961843569213,0.06621004566210045,False,13,0.06359028816223145,False,0.0,-9.791900381505599,-2.809089519988902,1.8198505532429863,CENTER,0.0,0.9802562639317559,0.01321047296086099,NORMAL,STABLE,NORMAL,NO_ACTION,False,0.0
2026-08-12T01:24:08.445615,0.43958213268567686,0.30019549893627023,0.06628571428571428,False,13,0.06359028816223145,False,0.0,-11.097458562017465,0.9852643811495909,0.8217955612252865,CENTER,0.0,0.978398022226509,0.012189380097656612,NORMAL,STABLE,NORMAL,NO_ACTION,False,0.0
2026-08-12T01:24:08.472319,0.4465852906604581,0.3083162851326491,0.06621004566210045,False,13,0.06359028816223145,False,0.0,-11.72842900255776,3.3527340405291284,0.4384433648174877,CENTER,0.0,0.9783883235811042,0.014137666494150906,NORMAL,STABLE,NORMAL,NO_ACTION,False,0.0
2026-08-12T01:24:08.498504,0.41970695745843295,0.27994437113559506,0.06621004566210045,False,13,0.06359028816223145,False,0.0,-13.041995927009225,3.461943085852056,0.42303247089651563,CENTER,0.0,0.9782981154621057,0.01546661587109868,NORMAL,STABLE,NORMAL,NO_ACTION,False,0.0
2026-08-12T01:24:08.524014,0.4283036625848025,0.3005515691855068,0.0661345496009122,False,13,0.06359028816223145,False,0.0,-12.049709455006251,7.4421902620110245,-0.3083191428088128,CENTER,0.0,0.9785226444615912,0.017275239024163204,NORMAL,STABLE,NORMAL,NO_ACTION,False,0.0
2026-08-12T01:24:08.543151,0.433263204153421,0.2680427237965188,0.0661345496009122,False,13,0.06359028816223145,False,0.0,-10.469217363005669,1.8591612056647762,0.6368603582703827,CENTER,0.0,0.9799543199159808,0.012037469046801497,NORMAL,STABLE,NORMAL,NO_ACTION,False,0.0
2026-08-12T01:24:08.589473,0.45005963584106523,0.2782056697555796,0.06621004566210045,False,13,0.06359028816223145,False,0.0,-10.829834822738917,7.099361192839069,-0.24396387647971096,CENTER,0.0,0.9809827916023662,0.015790974423705414,NORMAL,STABLE,NORMAL,NO_ACTION,False,0.0
2026-08-12T01:24:08.622551,0.452751963286425,0.274143568969814,0.06621004566210045,False,13,0.06359028816223145,False,0.0,-11.495150363242573,1.0522983535416301,0.5736493333090777,CENTER,0.0,0.9802061631944445,0.012381800370533508,NORMAL,STABLE,NORMAL,NO_ACTION,False,0.0
2026-08-12T01:24:08.653443,0.4750646027419927,0.3349132181571201,0.06621004566210045,False,13,0.06359028816223145,False,0.0,-12.582976502785527,2.9998607694349175,0.2739634204204151,CENTER,0.0,0.979130872770919,0.01454732307434576,NORMAL,STABLE,NORMAL,NO_ACTION,False,0.0
2026-08-12T01:24:08.686471,0.45149351174768876,0.26797198280972095,0.06621004566210045,False,13,0.06359028816223145,False,0.0,-10.73702406319424,-0.22502518215270584,0.9570962799184883,CENTER,0.0,0.9783026834705074,0.011423522961959583,NORMAL,STABLE,NORMAL,NO_ACTION,False,0.0
2026-08-12T01:24:08.717369,0.4593098362394911,0.27268288471448515,0.06621004566210045,False,13,0.06359028816223145,False,0.0,-11.681213497496088,1.084686336732915,0.8296569227642294,CENTER,0.0,0.977537267446845,0.01283088942566889,NORMAL,STABLE,NORMAL,NO_ACTION,False,0.0
2026-08-12T01:24:08.748797,0.4683802928483425,0.3083911941892449,0.0661345496009122,False,13,0.06359028816223145,False,0.0,-10.64153409801682,3.4628156400993078,0.6243933499453078,CENTER,0.0,0.9769009746870713,0.01334959328255377,NORMAL,STABLE,NORMAL,NO_ACTION,False,0.0
2026-08-12T01:24:08.780485,0.45539212552757313,0.24525066273648222,0.0661345496009122,False,13,0.06359028816223145,False,0.0,-12.003703440978967,-1.257654939031255,1.297385855361,CENTER,0.0,0.9773603073559671,0.013716762704294392,NORMAL,STABLE,NORMAL,NO_ACTION,False,0.0
2026-08-12T01:24:08.845441,0.4690953899670908,0.3096233309612029,0.06499429874572406,False,13,0.06359028816223145,False,0.0,-11.475285135835037,1.8586269241021398,0.433061131585049,CENTER,0.0,0.9761434756515774,0.012809638073070886,NORMAL,STABLE,NORMAL,NO_ACTION,False,0.0
2026-08-12T01:24:08.876857,0.4505571845837274,0.2684216217807487,0.06385404789053592,False,13,0.06359028816223145,False,0.0,-10.278210161119858,3.047824539127106,0.6012179863056701,CENTER,0.0,0.9753431364669067,0.012677692975779344,NORMAL,STABLE,NORMAL,NO_ACTION,False,0.0
2026-08-12T01:24:08.909316,0.45280119905151506,0.26937164403768177,0.06164383561643835,False,13,0.06359028816223145,False,0.0,-11.84942712787523,1.0187658146370495,1.0612122884324435,CENTER,0.0,0.975119571973594,0.013168242896645262,NORMAL,STABLE,NORMAL,NO_ACTION,False,0.0
2026-08-12T01:24:08.939878,0.4068535916025657,0.28464810554485764,0.06164383561643835,False,13,0.06359028816223145,False,0.0,-12.305775843845026,0.4246586211137924,0.964566369195154,CENTER,0.0,0.9749446212705761,0.013085545950028282,NORMAL,STABLE,NORMAL,NO_ACTION,False,0.0
2026-08-12T01:24:08.972567,0.3858265595809228,0.3162375402067597,0.06164383561643835,False,13,0.06359028816223145,False,0.0,-11.862919920607823,-0.5158302982263194,0.6514940120859194,CENTER,0.0,0.9748520688657407,0.012423461224646316,NORMAL,STABLE,NORMAL,NO_ACTION,False,0.0
2026-08-12T01:24:08.997071,0.3889736095876749,0.32521604346258265,0.06164383561643835,False,13,0.06359028816223145,False,0.0,-12.150048852585996,2.9574170032223037,0.19110273131434496,CENTER,0.0,0.9748436160408094,0.014019984175712735,NORMAL,STABLE,NORMAL,NO_ACTION,False,0.0
2026-08-12T01:24:09.029336,0.4041931720414582,0.29084097068682535,0.06164383561643835,False,13,0.06359028816223145,False,0.0,-11.16789875970673,2.037655492789213,0.4366145059153155,CENTER,0.0,0.9744211355452675,0.01264635655613196,NORMAL,STABLE,NORMAL,NO_ACTION,False,0.0
2026-08-12T01:24:09.063741,0.4005037566613552,0.2935563835615757,0.06164383561643835,False,13,0.06359028816223145,False,0.0,-12.702726126153664,-2.7634271905057517,1.3449937807497747,CENTER,0.0,0.9737238109782237,0.015523242510901907,NORMAL,STABLE,NORMAL,NO_ACTION,False,0.0
2026-08-12T01:24:09.085887,0.3968248586019848,0.33796856640823547,0.06164383561643835,False,13,0.06359028816223145,False,0.0,-10.944719758782043,-2.057590316274883,1.1526501691661508,CENTER,0.0,0.9727191036522633,0.01313535664051901,NORMAL,STABLE,NORMAL,NO_ACTION,False,0.0
2026-08-12T01:24:09.117380,0.4155214876189643,0.2629156279718621,0.06164383561643835,False,13,0.06359028816223145,False,0.0,-11.884765988818089,4.201220119013215,-0.11952600287966675,CENTER,0.0,0.9720874190886489,0.014593903114996271,NORMAL,STABLE,NORMAL,NO_ACTION,False,0.0
2026-08-12T01:24:09.149281,0.4455348830685054,0.252090732636039,0.06164383561643835,False,13,0.06359028816223145,False,0.0,-11.310173186267463,0.9029179869220059,1.0161795763540056,CENTER,0.0,0.9724760480967077,0.0125219286138199,NORMAL,STABLE,NORMAL,NO_ACTION,False,0.0
2026-08-12T01:24:09.186557,0.47681726099587163,0.24003058121081333,0.06164383561643835,False,13,0.06359028816223145,False,0.0,-12.146070022042977,1.0490431360783532,0.8005219903514558,CENTER,0.0,0.9726800143604253,0.013224730869473449,NORMAL,STABLE,NORMAL,NO_ACTION,False,0.0
2026-08-12T01:24:09.244984,0.45018943115710575,0.2294658439645056,0.06164383561643835,False,13,0.06359028816223145,False,0.0,-12.218499479063638,3.372746512055528,0.32921504995471196,CENTER,0.0,0.9724234021347737,0.014518856842205921,NORMAL,STABLE,NORMAL,NO_ACTION,False,0.0
2026-08-12T01:24:09.277342,0.43169728826776366,0.26600298324819405,0.06157354618015964,False,13,0.06359028816223145,False,0.0,-11.729273885067585,2.6474280959505734,0.5195386311856396,CENTER,0.0,0.9731960385588135,0.013707184196059999,NORMAL,STABLE,NORMAL,NO_ACTION,False,0.0
2026-08-12T01:24:09.308285,0.455397677655918,0.18074462611198128,0.06157354618015964,False,13,0.06359028816223145,False,0.0,-11.89735220148691,-0.3332651365812467,1.5390994737399808,CENTER,0.0,0.9737185999657064,0.013179496804416053,NORMAL,STABLE,NORMAL,NO_ACTION,False,0.0
2026-08-12T01:24:09.341502,0.46089445024463543,0.1954122878979202,0.06157354618015964,False,13,0.06359028816223145,False,0.0,-11.947938929559399,3.804998681754853,0.09505948327824854,CENTER,0.0,0.9748632410622429,0.014345016038074017,NORMAL,STABLE,NORMAL,NO_ACTION,False,0.0
2026-08-12T01:24:09.373416,0.43159951569084143,0.22215578496509966,0.06157354618015964,False,13,0.06359028816223145,False,0.0,-13.940026195255115,0.3930261430221549,0.8944461995837969,CENTER,0.0,0.9761328928755144,0.01456889970573125,NORMAL,STABLE,NORMAL,NO_ACTION,False,0.0
2026-08-12T01:24:09.406889,0.4546853074200782,0.18637124278708347,0.06164383561643835,False,13,0.06359028816223145,False,0.0,-11.762511528021264,3.012926741587137,0.4382009722656619,CENTER,0.0,0.975053610468107,0.013924836906237378,NORMAL,STABLE,NORMAL,NO_ACTION,False,0.0
2026-08-12T01:24:09.437700,0.43234025192740577,0.23431953086923535,0.06164383561643835,False,13,0.06359028816223145,False,0.0,-12.630673588791524,-0.23871900480509112,1.0834980293385286,CENTER,0.0,0.9742947718407065,0.013378647506114097,NORMAL,STABLE,NORMAL,NO_ACTION,False,0.0
2026-08-12T01:24:09.468998,0.464724491059443,0.16891103805996596,0.06157354618015964,False,13,0.06359028816223145,False,0.0,-12.066094024195138,3.187169310549251,0.07866027061493241,CENTER,0.0,0.9747463750643004,0.013996793082250823,NORMAL,STABLE,NORMAL,NO_ACTION,False,0.0
2026-08-12T01:24:09.501759,0.4458371789511521,0.1795481914631355,0.06050228310502283,False,13,0.06359028816223145,False,0.0,-11.677471827001312,3.610803520409121,0.42385467927601894,CENTER,0.0,0.9750495247127915,0.014260931770784758,NORMAL,STABLE,NORMAL,NO_ACTION,False,0.0
2026-08-12T01:24:09.531960,0.4470720935662212,0.19011662764165527,0.0593607305936073,False,13,0.06359028816223145,False,0.0,-11.81474743812231,2.9550762365507808,0.5552750606350969,CENTER,0.0,0.9750368923611111,0.014046095243719735,NORMAL,STABLE,NORMAL,NO_ACTION,False,0.0
2026-08-12T01:24:09.554495,0.44161315892367003,0.12032941234184996,0.05821917808219178,False,13,0.06359028816223145,False,0.0,-11.711662093711425,8.165743192862237,-0.537494213762983,CENTER,0.0,0.9759000851980453,0.017692965046486972,NORMAL,STABLE,NORMAL,NO_ACTION,False,0.0
2026-08-12T01:24:09.582604,0.47664226180575264,0.18121918408662346,0.05815279361459521,False,13,0.06359028816223145,False,0.0,-11.602747292342315,-0.6453309146176309,0.7648335234856631,CENTER,0.0,0.9768974649562756,0.012375594594317453,NORMAL,STABLE,NORMAL,NO_ACTION,False,0.0
2026-08-12T01:24:09.645457,0.44551390355045534,0.20837620675976826,0.05815279361459521,False,13,0.06359028816223145,False,0.0,-12.711286671180517,6.7775887201458715,-0.43140722846081303,CENTER,0.0,0.977986874678498,0.017550852645685896,NORMAL,STABLE,NORMAL,NO_ACTION,False,0.0
2026-08-12T01:24:09.684367,0.44146480079432426,0.20152594761494066,0.05821917808219178,False,13,0.06359028816223145,False,0.0,-10.97596485991042,2.6840891127900193,0.2661049989367257,CENTER,0.0,0.9786406357167353,0.012764205704793748,NORMAL,STABLE,NORMAL,NO_ACTION,False,0.0
2026-08-12T01:24:09.711184,0.4283364085784322,0.18895899470824912,0.05821917808219178,False,13,0.06359028816223145,False,0.0,-14.107992211625913,1.7532259374700914,0.33657847965494625,CENTER,0.0,0.979629133980624,0.015175805324221076,NORMAL,STABLE,NORMAL,NO_ACTION,False,0.0
2026-08-12T01:24:09.740533,0.4386292376122927,0.13868566826629244,0.05815279361459521,False,13,0.06359028816223145,False,0.0,-9.68925524748272,1.2025745947344433,0.6325974546836051,CENTER,0.0,0.9801586880572702,0.010808087957542447,NORMAL,STABLE,NORMAL,NO_ACTION,False,0.0
2026-08-12T01:24:09.772743,0.4377084033497521,0.199827767576341,0.05815279361459521,False,13,0.06359028816223145,False,0.0,-12.235994080290595,0.9841798459075335,0.5873823045296547,CENTER,0.0,0.9811062082047327,0.013059233074093459,NORMAL,STABLE,NORMAL,NO_ACTION,False,0.0
2026-08-12T01:24:09.805824,0.45724288029786,0.013836714535319086,0.05815279361459521,False,13,0.06359028816223145,False,0.0,-11.494920656391457,-2.1033019695998973,1.1912570169037906,CENTER,0.0,0.9806189986282579,0.013735370663439796,NORMAL,STABLE,NORMAL,NO_ACTION,False,0.0
2026-08-12T01:24:09.837608,0.475744014247805,0.11035460326761849,0.05821917808219178,False,13,0.06359028816223145,False,0.0,-11.285803676078416,1.4294359732558064,0.958624705669024,CENTER,0.0,0.9805747385116597,0.012823301459404506,NORMAL,STABLE,NORMAL,NO_ACTION,False,0.0
2026-08-12T01:24:09.869436,0.442801108295175,0.1768882741530372,0.05821917808219178,False,13,0.06359028816223145,False,0.0,-10.785557978626287,5.357244177316687,-0.38459093033628733,CENTER,0.0,0.9797590609996571,0.014625560484840826,NORMAL,STABLE,NORMAL,NO_ACTION,False,0.0
2026-08-12T01:24:09.900669,0.44251667174552783,0.014895973564585384,0.05815279361459521,False,13,0.06359028816223145,False,0.0,-11.854997913047242,2.066432178389533,0.3680301032283637,CENTER,0.0,0.9798998119212963,0.01326274651488006,NORMAL,STABLE,NORMAL,NO_ACTION,False,0.0
2026-08-12T01:24:09.933180,0.4500497625537905,0.1204169206417405,0.05815279361459521,False,13,0.06359028816223145,False,0.0,-10.623681977401361,3.7230558717893985,0.025416722893936594,CENTER,0.0,0.9801231888717421,0.012943561322502631,NORMAL,STABLE,NORMAL,NO_ACTION,False,0.0
2026-08-12T01:24:09.966750,0.46668642076042377,0.18229974954785072,0.05821917808219178,False,13,0.06359028816223145,False,0.0,-10.034199553215558,-5.812136468765317,1.9302975038152113,CENTER,0.0,0.9796109825102881,0.015719021652730508,NORMAL,STABLE,NORMAL,NO_ACTION,False,0.0
2026-08-12T01:24:09.998585,0.44841188261878584,0.05074346467582056,0.05821917808219178,False,13,0.06359028816223145,False,0.0,-11.299824239395747,2.798082564116413,0.44393316706407404,CENTER,0.0,0.9782406335733882,0.013329640835860199,NORMAL,STABLE,NORMAL,NO_ACTION,False,0.0
2026-08-12T01:24:10.029341,0.4585336582481657,0.21115968447307096,0.05815279361459521,False,13,0.06359028816223145,False,0.0,-11.965236579114759,1.2050545530925945,0.4783206466667025,CENTER,0.0,0.978147920417524,0.012853001913171243,NORMAL,STABLE,NORMAL,NO_ACTION,False,0.0
2026-08-12T01:24:10.062224,0.45334345730703574,0.13870992662420445,0.05815279361459521,False,13,0.06359028816223145,False,0.0,-11.165799426181593,0.5116026271388705,0.6189040056724764,CENTER,0.0,0.9780938276963305,0.011717723720644955,NORMAL,STABLE,NORMAL,NO_ACTION,False,0.0
2026-08-12T01:24:10.092866,0.46715516073910324,0.12275487433494582,0.05815279361459521,False,13,0.06359028816223145,False,0.0,-11.615937131437875,0.9554861073870029,0.45332362466373866,CENTER,0.0,0.9780052806712962,0.01231232439824772,NORMAL,STABLE,NORMAL,NO_ACTION,False,0.0
2026-08-12T01:24:10.125736,0.4529317014062646,0.20045832655036339,0.05815279361459521,False,13,0.06359028816223145,False,0.0,-10.91499856286785,2.191541820495246,0.5794358211782082,CENTER,0.0,0.9794668290252057,0.012651494795735362,NORMAL,STABLE,NORMAL,NO_ACTION,False,0.0
2026-08-12T01:24:10.173596,0.46284512069584616,0.22833693775161323,0.05815279361459521,False,13,0.06359028816223145,False,0.0,-10.943732293156756,2.9444595839562737,0.45847069095430015,CENTER,0.0,0.9808637018818587,0.013106453313853142,NORMAL,STABLE,NORMAL,NO_ACTION,False,0.0
2026-08-12T01:24:10.210540,0.4275294343109527,0.18167945737323485,0.05821917808219178,False,13,0.06359028816223145,False,0.0,-11.696109519795499,2.1933062560441385,0.5824101476394503,CENTER,0.0,0.9798332609953704,0.013407814198006273,NORMAL,STABLE,NORMAL,NO_ACTION,False,0.0
2026-08-12T01:24:10.237566,0.4545032257669661,0.18153249511163372,0.05815279361459521,False,13,0.06359028816223145,False,0.0,-10.710155524572912,3.136064039369927,0.6735136427780901,CENTER,0.0,0.9796810967506859,0.013226986930327396,NORMAL,STABLE,NORMAL,NO_ACTION,False,0.0
2026-08-12T01:24:10.268907,0.4774384446970412,0.22479269496740195,0.05815279361459521,False,13,0.06359028816223145,False,0.0,-10.4413043352273,-0.7017132800446575,0.8634231278008428,CENTER,0.0,0.9795538623113854,0.011392826777763059,NORMAL,STABLE,NORMAL,NO_ACTION,False,0.0
2026-08-12T01:24:10.301944,0.4647753437301221,0.04740589632072686,0.05815279361459521,False,13,0.06359028816223145,False,0.0,-11.530730712509666,0.6028091583214916,1.182453613926839,CENTER,0.0,0.9786251366383745,0.012677687817578451,NORMAL,STABLE,NORMAL,NO_ACTION,False,0.0
2026-08-12T01:24:10.335825,0.4465110518977327,0.2227576227635433,0.05815279361459521,False,13,0.06359028816223145,False,0.0,-10.510873964514644,4.045336935424189,0.3418973271625987,CENTER,0.0,0.9783945794753086,0.013372449030532592,NORMAL,STABLE,NORMAL,NO_ACTION,False,0.0
2026-08-12T01:24:10.373926,0.4611741694806124,0.052710083923832786,0.05821917808219178,False,13,0.06359028816223145,False,0.0,-10.119747780673322,-0.2796521381957007,1.010383194186744,CENTER,0.0,0.9787852446630658,0.010919874890413996,NORMAL,STABLE,NORMAL,NO_ACTION,False,0.0
2026-08-12T01:24:10.403464,0.44816893754588505,0.23439970254311449,0.05821917808219178,False,13,0.06359028816223145,False,0.0,-10.74090457628759,3.8279659445437346,0.14240981209323422,CENTER,0.0,0.9783668767146777,0.013244870741352013,NORMAL,STABLE,NORMAL,NO_ACTION,False,0.0
2026-08-12T01:24:10.428975,0.4709413789642508,0.13066503612173358,0.05815279361459521,False,13,0.06359028816223145,False,0.0,-11.634095493116035,0.6177995411638904,0.8363863664441453,CENTER,0.0,0.9784385984653637,0.012454800718565206,NORMAL,STABLE,NORMAL,NO_ACTION,False,0.0
2026-08-12T01:24:10.461360,0.4712782652779886,0.2500189574545945,0.05821917808219178,False,13,0.06359028816223145,False,0.0,-11.158219651038337,3.5919193614225833,0.20999535843671424,CENTER,0.0,0.9799232279878259,0.013541333992373766,NORMAL,STABLE,NORMAL,NO_ACTION,False,0.0
2026-08-12T01:24:10.493282,0.45053116569333396,0.20794877132492007,0.05821917808219178,False,13,0.06359028816223145,False,0.0,-10.58578932616544,4.237176346048187,-0.14178213449460486,CENTER,0.0,0.9814639328275033,0.013390436915744477,NORMAL,STABLE,NORMAL,NO_ACTION,False,0.0
2026-08-12T01:24:10.524546,0.4447879848756803,0.03563408234173445,0.05815279361459521,False,13,0.06359028816223145,False,0.0,-10.901472072859093,-2.7309280011364763,1.3873782326716366,CENTER,0.0,0.9799459608624828,0.013806044591331864,NORMAL,STABLE,NORMAL,NO_ACTION,False,0.0
2026-08-12T01:24:10.558559,0.4554471191525089,0.1859657478313684,0.05821917808219178,False,13,0.06359028816223145,False,0.0,-10.838751574790706,2.517889704720659,-0.21372413266453805,CENTER,0.0,0.979324979638203,0.012461600653181082,NORMAL,STABLE,NORMAL,NO_ACTION,False,0.0
2026-08-12T01:24:10.588169,0.41990653369542597,0.15574803732681103,0.05815279361459521,False,13,0.06359028816223145,False,0.0,-11.351285937595833,2.64172033552083,0.3831977598406411,CENTER,0.0,0.9790454202031894,0.013207782321333501,NORMAL,STABLE,NORMAL,NO_ACTION,False,0.0
2026-08-12T01:24:10.621102,0.44295325959346094,0.13193795002640207,0.05815279361459521,False,13,0.06359028816223145,False,0.0,-11.214035133307704,2.9761122176351194,0.1605115370166459,CENTER,0.0,0.9774819289051784,0.013102681543419183,NORMAL,STABLE,NORMAL,NO_ACTION,False,0.0
2026-08-12T01:24:10.657291,0.451653022220731,0.17801617730563993,0.05815279361459521,False,13,0.06359028816223145,False,0.0,-12.71453259171156,1.7817751034089895,0.5415689802490533,CENTER,0.0,0.9774686267575445,0.014051972421757453,NORMAL,STABLE,NORMAL,NO_ACTION,False,0.0
2026-08-12T01:24:10.702343,0.46871103293925664,0.16759785295932342,0.05821917808219178,False,13,0.06359028816223145,False,0.0,-11.64624741496084,4.657984025729945,0.07336052053938147,CENTER,0.0,0.977356087641461,0.014649647956471841,NORMAL,STABLE,NORMAL,NO_ACTION,False,0.0
2026-08-12T01:24:10.734669,0.45058881995016886,0.021059117013116337,0.05815279361459521,False,13,0.06359028816223145,False,0.0,-10.301593356867926,5.447045985266271,-0.5671986643524463,CENTER,0.0,0.9785499051568932,0.01440022182460822,NORMAL,STABLE,NORMAL,NO_ACTION,False,0.0
2026-08-12T01:24:10.765984,0.4591714218384534,0.05415981476971418,0.05815279361459521,False,13,0.06359028816223145,False,0.0,-10.6676922085569,1.6138641611314313,0.6017916213335752,CENTER,0.0,0.9791305780606996,0.012017664100711676,NORMAL,STABLE,NORMAL,NO_ACTION,False,0.0
2026-08-12T01:24:10.799170,0.449421002746775,0.20882909011766007,0.05821917808219178,False,13,0.06359028816223145,False,0.0,-11.679787933532367,4.207860663869241,0.12298433467159953,CENTER,0.0,0.9794235066229424,0.014404643034027902,NORMAL,STABLE,NORMAL,NO_ACTION,False,0.0
2026-08-12T01:24:10.830018,0.4599658125377831,0.14999772542401854,0.05821917808219178,False,13,0.06359028816223145,False,0.0,-10.35895843743279,4.961015664347997,0.06791886272446845,CENTER,0.0,0.9791061305084019,0.013623652416995358,NORMAL,STABLE,NORMAL,NO_ACTION,False,0.0
2026-08-12T01:24:10.860636,0.4417565216949653,0.17386624662227895,0.05815279361459521,False,13,0.06359028816223145,False,0.0,-10.758154284351832,0.07668693010896277,1.0523554045938397,CENTER,0.0,0.9788303755144032,0.011428468409248604,NORMAL,STABLE,NORMAL,NO_ACTION,False,0.0
2026-08-12T01:24:10.893197,0.44378974995979714,0.20901924353719994,0.05821917808219178,False,13,0.06359028816223145,False,0.0,-11.741672335245312,6.539671362241251,-0.5895583216517082,CENTER,0.0,0.9778315891846707,0.01659761439418618,NORMAL,STABLE,NORMAL,NO_ACTION,False,0.0
2026-08-12T01:24:10.925195,0.44447716396663745,0.1097235684169626,0.05815279361459521,False,13,0.06359028816223145,False,0.0,-11.36625293709244,7.1973130769108025,-0.4675260523666509,CENTER,0.0,0.9780166939943417,0.01659355032317397,NORMAL,STABLE,NORMAL,NO_ACTION,False,0.0
2026-08-12T01:24:10.957784,0.4369661821626649,0.1498386411863226,0.05821917808219178,False,13,0.06359028816223145,False,0.0,-12.070497422165545,11.656760565400134,-1.5410776874324483,CENTER,0.0,0.9789023919753087,0.021526214217587054,NORMAL,STABLE,NORMAL,NO_ACTION,False,0.0
2026-08-12T01:24:10.990187,0.47470621037132965,0.1695908143989922,0.05821917808219178,False,13,0.06359028816223145,False,0.0,-9.574742506119208,7.871677339414475,-0.42612045401062915,CENTER,0.0,0.9784704539609054,0.015315560928961408,NORMAL,STABLE,NORMAL,NO_ACTION,False,0.0
2026-08-12T01:24:11.021283,0.45673307111262407,0.21184760794349666,0.05821917808219178,False,13,0.06359028816223145,False,0.0,-12.529508651936908,8.59099706553377,-0.7447349654666198,CENTER,0.0,0.9787544474451302,0.018987213956681494,NORMAL,STABLE,NORMAL,NO_ACTION,False,0.0
2026-08-12T01:24:11.052933,0.4598365789088604,0.27211987015206646,0.05815279361459521,False,13,0.06359028816223145,False,0.0,-10.218001511990508,4.836336648940829,0.052412290925190064,CENTER,0.0,0.9805408602323389,0.013382937908524236,NORMAL,STABLE,NORMAL,NO_ACTION,False,0.0
2026-08-12T01:24:11.085950,0.4628460627220337,0.20355044303537623,0.05821917808219178,False,13,0.06359028816223145,False,0.0,-11.832144206404138,11.249960197596465,-1.492089665475902,CENTER,0.0,0.9805039946630659,0.020955714982296744,NORMAL,STABLE,NORMAL,NO_ACTION,False,0.0
2026-08-12T01:24:11.116900,0.45073478482169865,0.26558627163727716,0.05815279361459521,False,13,0.06359028816223145,False,0.0,-11.881515789194736,11.614802022083126,-1.4021457354654672,CENTER,0.0,0.9804489910193759,0.021180142187843937,NORMAL,STABLE,NORMAL,NO_ACTION,False,0.0
2026-08-12T01:24:11.149358,0.4504446225868708,0.26981839676993896,0.05815279361459521,False,13,0.06359028816223145,False,0.0,-11.237616042154997,12.676453399263721,-1.865179283160785,CENTER,0.0,0.9810636225780177,0.02177272295347603,NORMAL,STABLE,NORMAL,NO_ACTION,False,0.0
2026-08-12T01:24:11.181811,0.4636481507297564,0.24074666507967227,0.05815279361459521,False,13,0.06359028816223145,False,0.0,-11.122672666928821,11.659525529613234,-1.4311653500318187,CENTER,0.0,0.9810992021390603,0.020509649491423507,NORMAL,STABLE,NORMAL,NO_ACTION,False,0.0
2026-08-12T01:24:11.229358,0.464754003187953,0.27914007183939843,0.05821917808219178,False,13,0.06359028816223145,False,0.0,-9.895511638534913,9.211656513964584,-0.7958423419222243,CENTER,0.0,0.9797288264103223,0.016948240944970185,NORMAL,STABLE,NORMAL,NO_ACTION,False,0.0
2026-08-12T01:24:11.261177,0.41650424836402616,0.2026160920414819,0.05815279361459521,False,13,0.06359028816223145,False,0.0,-11.627276361099234,9.438979114312872,-1.2944093743181497,CENTER,0.0,0.9793139547968107,0.01926014525370196,NORMAL,STABLE,NORMAL,NO_ACTION,False,0.0
2026-08-12T01:24:11.293661,0.4396602983486531,0.2244915052301795,0.05821917808219178,False,13,0.06359028816223145,False,0.0,-12.021190371368476,7.958851933537915,-1.2405890060227307,CENTER,0.0,0.9803500085733882,0.01851866209319114,NORMAL,STABLE,NORMAL,NO_ACTION,False,0.0
2026-08-12T01:24:11.325310,0.45928957762079625,0.2652834897746649,0.05821917808219178,False,13,0.06359028816223145,False,0.0,-11.0615201164714,12.14933185909129,-2.087954203587742,CENTER,0.0,0.9818182414909122,0.0214369742064377,NORMAL,STABLE,NORMAL,NO_ACTION,False,0.0
2026-08-12T01:24:11.356467,0.45018824952453085,0.2802630384670907,0.05815279361459521,False,13,0.06359028816223145,False,0.0,-10.37153357300113,11.478188499918701,-2.084562570716429,CENTER,0.0,0.9843721868569959,0.02028456205500264,NORMAL,STABLE,NORMAL,NO_ACTION,False,0.0
2026-08-12T01:24:11.388109,0.43357245206859385,0.27692301455783325,0.05815279361459521,False,13,0.06359028816223145,False,0.0,-10.672061430363897,14.317932669362477,-2.2824937789339117,CENTER,0.0,0.9871996233067558,0.022815486018307827,NORMAL,STABLE,NORMAL,NO_ACTION,False,0.0
2026-08-12T01:24:11.423965,0.45313518520202345,0.26927522906888995,0.05821917808219178,False,13,0.06359028816223145,False,0.0,-11.58301589483375,9.1500107501966,-2.299169693592461,CENTER,0.0,0.9888917690114883,0.019976371663996854,NORMAL,STABLE,NORMAL,NO_ACTION,False,0.0
2026-08-12T01:24:11.453280,0.4916496738993984,0.24925642873173676,0.05821917808219178,False,13,0.06359028816223145,False,0.0,-9.172959772752193,10.534192179318723,-2.088423301936416,CENTER,0.0,0.9906338948902605,0.018452322497726627,NORMAL,STABLE,NORMAL,NO_ACTION,False,0.0
2026-08-12T01:24:11.485710,0.42465991298206285,0.22432194329544977,0.05821917808219178,False,13,0.06359028816223145,False,0.0,-12.62511430389145,11.224095741610427,-2.59370105900598,CENTER,0.0,0.9915347302597736,0.02276144690358283,NORMAL,STABLE,NORMAL,NO_ACTION,False,0.0
2026-08-12T01:24:11.517071,0.4322570800731541,0.26319141926963463,0.05821917808219178,False,13,0.06359028816223145,False,0.0,-11.21588842297598,10.86188740923194,-2.7085572559344087,CENTER,0.0,0.99151266718107,0.021253421930803443,NORMAL,STABLE,NORMAL,NO_ACTION,False,0.0
2026-08-12T01:24:11.550217,0.4357253488214231,0.2950531494362383,0.05821917808219178,False,13,0.06359028816223145,False,0.0,-12.288567777001361,8.962370017334962,-3.4012420489187605,CENTER,0.0,0.9879768813228738,0.021581528548590925,NORMAL,STABLE,NORMAL,NO_ACTION,False,0.0
2026-08-12T01:24:11.580926,0.454013380972054,0.26245303370900824,0.05815279361459521,False,13,0.06359028816223145,False,0.0,-11.657489172779975,16.46012441008429,-5.042165778415836,CENTER,0.0,0.9800630277992113,0.02796901684176796,NORMAL,STABLE,NORMAL,NO_ACTION,False,0.0
2026-08-12T01:24:11.613372,0.46016372744986467,0.010227810266042265,0.05815279361459521,False,13,0.06359028816223145,False,0.0,-10.589618837344773,14.528265106271249,-5.301939756361946,CENTER,0.0,0.9713721975737312,0.025795618259580155,NORMAL,STABLE,NORMAL,NO_ACTION,False,0.0
2026-08-12T01:24:11.645918,0.4086360323157796,0.0163661245833532,0.05815279361459521,False,13,0.06359028816223145,False,0.0,-13.937043997535,16.21740532484091,-5.974266139307673,CENTER,0.0,0.9650744277263374,0.030886424718233604,NORMAL,STABLE,NORMAL,NO_ACTION,False,0.0
2026-08-12T01:24:11.677151,0.3870298987223047,0.0026484817110961744,0.05815279361459521,False,13,0.06359028816223145,False,0.0,-13.565928746561696,11.657422837845104,-4.860821073316487,CENTER,0.0,0.9639942879801098,0.026163527431659714,NORMAL,STABLE,NORMAL,NO_ACTION,False,0.0
2026-08-12T01:24:11.709484,0.38289875488356684,0.005332741546630198,0.05815279361459521,False,13,0.06359028816223145,False,0.0,-12.967307107449159,9.918317027126506,-5.028446809083448,CENTER,0.0,0.9657597495498971,0.024492473476252392,NORMAL,STABLE,NORMAL,NO_ACTION,False,0.0
2026-08-12T01:24:11.758808,0.3907081338302085,0.011175016312051783,0.05821917808219178,False,13,0.06359028816223145,False,0.0,-10.012187131163586,9.86852283234714,-4.835653555012215,CENTER,0.0,0.9702779787165637,0.021425187150790365,NORMAL,STABLE,NORMAL,NO_ACTION,False,0.0
2026-08-12T01:24:11.788125,0.4058331084998045,0.00039730871768531404,0.05815279361459521,False,13,0.06359028816223145,False,0.0,-10.614116227520043,12.455715847615181,-5.189727840673555,CENTER,0.0,0.9760574336634089,0.024214311288945543,NORMAL,STABLE,NORMAL,NO_ACTION,False,0.0
2026-08-12T01:24:11.820012,0.38544613334632205,0.004756857686610167,0.05815279361459521,False,13,0.06359028816223145,False,0.0,-10.57962029551777,12.736017348194764,-5.501539966586677,CENTER,0.0,0.9793619791666667,0.024683796485352353,NORMAL,STABLE,NORMAL,NO_ACTION,False,0.0
2026-08-12T01:24:11.853622,0.38268859410305167,0.0017945468562545897,0.05821917808219178,False,13,0.06359028816223145,False,0.0,-12.399809240020147,12.45915917582795,-5.29590305483319,CENTER,0.0,0.9810487932956106,0.026038597170178954,NORMAL,STABLE,NORMAL,NO_ACTION,False,0.0
2026-08-12T01:24:11.885602,0.384573488497126,0.005051180017628521,0.05815279361459521,False,13,0.06359028816223145,False,0.0,-11.667674637406833,14.211209718772352,-5.719394521109706,CENTER,0.0,0.9781348460005143,0.027006755097684847,NORMAL,STABLE,NORMAL,NO_ACTION,False,0.0
2026-08-12T01:24:11.916609,0.38278259086110533,0.0005621044321791908,0.05821917808219178,False,13,0.06359028816223145,False,0.0,-12.461808297779157,14.806951923733124,-5.61897708375281,CENTER,0.0,0.9732775259344993,0.02810503638639359,NORMAL,STABLE,NORMAL,NO_ACTION,False,0.0
2026-08-12T01:24:11.949350,0.3694882991988958,0.0031603062901551984,0.05815279361459521,False,13,0.06359028816223145,False,0.0,-13.758287852254767,15.86080033194736,-6.212976703389899,CENTER,0.0,0.9704618511016804,0.030686610552582778,NORMAL,STABLE,NORMAL,NO_ACTION,False,0.0
2026-08-12T01:24:11.980968,0.37835533430754564,0.0068923388543076424,0.05815279361459521,False,13,0.06359028816223145,False,0.0,-13.066872171702443,13.825757835660198,-5.8669401210478895,CENTER,0.0,0.9695261997385117,0.028217829533588243,NORMAL,STABLE,NORMAL,NO_ACTION,False,0.0
2026-08-12T01:24:12.047782,0.36259967586323616,0.0011764871635998506,0.05821917808219178,False,13,0.06359028816223145,False,0.0,-11.333998408902062,15.805671705827308,-6.048236178701586,CENTER,0.0,0.9730606460048011,0.02815365546449361,NORMAL,STABLE,NORMAL,NO_ACTION,False,0.0
2026-08-12T01:24:12.077761,0.3720786663209145,0.007337559966191231,0.05815279361459521,False,13,0.06359028816223145,False,0.0,-12.34387058813536,16.863102588320487,-6.292454458276154,CENTER,0.0,0.9769128032836077,0.030124998210331443,NORMAL,STABLE,NORMAL,NO_ACTION,False,0.0
2026-08-12T01:24:12.109957,0.3639449463766763,0.021152873189040994,0.05815279361459521,False,13,0.06359028816223145,False,0.0,-11.943150517555068,15.259158071686215,-6.4872548088657425,CENTER,0.0,0.9791152933170439,0.028768300773511942,NORMAL,STABLE,NORMAL,NO_ACTION,False,0.0
