timestamp,ear,mar,perclos,eyes_closed,blink_count,blink_duration,microsleep,microsleep_duration,pitch,yaw,roll,gaze_direction,gaze_away_duration,reliability,fatigue_risk,risk_level,temporal_state,intervention_level,intervention_action,alert_triggered,eye_closure_duration
2026-08-12T00:40:04.061460,0.35811660676126134,0.012124907350227447,0.0,False,0,0.0,False,0.0,-5.6254243669610275,6.738908344266548,2.12764244033184,CENTER,0.0,0.6597613053902117,0.015339434756901249,NORMAL,STABLE,NORMAL,NO_ACTION,False,0.0
2026-08-12T00:40:04.124998,0.3844443013005471,0.01245143620966404,0.0,False,0,0.0,False,0.0,-4.149114482688361,10.669158682456185,2.2925127388794238,CENTER,0.0,0.6658723039756026,0.016879310592801962,NORMAL,STABLE,NORMAL,NO_ACTION,False,0.0
2026-08-12T00:40:04.153873,0.4459748393382513,0.07153786189366028,0.0,False,0,0.0,False,0.0,5.839737204787497,19.969977867441884,-174.79474899626945,CENTER,0.0,0.6945192115340648,0.059718539642239214,NORMAL,STABLE,NORMAL,NO_ACTION,False,0.0
2026-08-12T00:40:04.184353,0.4947049183300368,0.012034570050629986,0.0,False,0,0.0,False,0.0,-2.56476723639895,10.408904705826387,2.9199381391926806,CENTER,0.0,0.7334071563296101,0.01481378521643506,NORMAL,STABLE,NORMAL,NO_ACTION,False,0.0
2026-08-12T00:40:04.210645,0.5227109530556515,0.016934384603192867,0.0,False,0,0.0,False,0.0,-2.5134411557981764,12.623163815958947,2.97857481663911,CENTER,0.0,0.8608669222608024,0.01629563053856917,NORMAL,STABLE,NORMAL,NO_ACTION,False,0.0
2026-08-12T00:40:04.233197,0.518781146599312,0.008966307810784429,0.0,False,0,0.0,False,0.0,-2.5837621234592234,12.042996511231507,2.6002162701032603,CENTER,0.0,0.8625862482853224,0.015143472230483407,NORMAL,STABLE,NORMAL,NO_ACTION,False,0.0
2026-08-12T00:40:04.258135,0.4040155055051572,0.012073716616838426,0.0,False,0,0.0,False,0.0,6.871214156468795,21.507814934141095,-174.6498038890165,CENTER,0.0,0.8942186816170227,0.05617754716113476,NORMAL,STABLE,NORMAL,NO_ACTION,False,0.0
2026-08-12T00:40:04.285029,0.19433806744044468,0.07037958872455834,0.125,True,0,0.0,False,0.0,-3.1701419629711154,8.586176742749586,2.080559154068993,UP,0.0,0.93605279752719,0.1993007787064756,NORMAL,STABLE,NORMAL,NO_ACTION,False,0.0
2026-08-12T00:40:04.311237,0.234747816200064,0.009979050811826637,0.1111111111111111,False,1,0.026207447052001953,False,0.0,-3.703119324569542,8.968546453968628,2.1457120152406333,UP,0.026207447052001953,0.9763917290151014,0.13276775840835786,NORMAL,STABLE,NORMAL,NO_ACTION,False,0.0
2026-08-12T00:40:04.343557,0.406999513452037,0.011794463744900858,0.1,False,1,0.026207447052001953,False,0.0,-4.598669795871615,12.451088956417948,2.0237934616583573,UP,0.05852770805358887,0.9877804703575104,0.04136963997577516,NORMAL,STABLE,NORMAL,NO_ACTION,False,0.0
2026-08-12T00:40:04.375629,0.48865595576842635,0.00900729206310879,0.09090909090909091,False,1,0.026207447052001953,False,0.0,-2.7545393993120513,12.541208726699182,2.2740670106328764,UP,0.09060025215148926,0.9876187280306927,0.03989990136404453,NORMAL,STABLE,NORMAL,NO_ACTION,False,0.0
2026-08-12T00:40:04.407386,0.5027599059124431,0.0040304915106403535,0.08333333333333333,False,1,0.026207447052001953,False,0.0,-1.4729807265340469,11.899340504449242,2.7537282858442325,UP,0.12235689163208008,0.9871489599408436,0.038664132376244276,NORMAL,STABLE,NORMAL,NO_ACTION,False,0.0
2026-08-12T00:40:04.439749,0.5394810473319483,0.008047954719953463,0.07692307692307693,False,1,0.026207447052001953,False,0.0,-1.4908820729497165,10.706500581402395,2.874849047068807,UP,0.15472030639648438,0.9876826399605624,0.03793651001695661,NORMAL,STABLE,NORMAL,NO_ACTION,False,0.0
2026-08-12T00:40:04.504473,0.5115429466120462,0.004816910326128104,0.07142857142857142,False,1,0.026207447052001953,False,0.0,-1.847280387204961,10.13496685557405,2.890883861803303,CENTER,0.0,0.9885327449845679,0.011882374968811438,NORMAL,STABLE,NORMAL,NO_ACTION,False,0.0
2026-08-12T00:40:04.535724,0.4857779528920747,0.006196579861765018,0.06666666666666667,False,1,0.026207447052001953,False,0.0,-2.5077042308332977,12.598998929805646,2.568028547309922,CENTER,0.0,0.9883517929098079,0.013987019680108662,NORMAL,STABLE,NORMAL,NO_ACTION,False,0.0
2026-08-12T00:40:04.562955,0.48285236228320005,0.008909478106614688,0.0625,False,1,0.026207447052001953,False,0.0,-2.7813589082464034,10.759741824575968,2.6893622835894178,CENTER,0.0,0.9882727167995542,0.01303902653951714,NORMAL,STABLE,NORMAL,NO_ACTION,False,0.0
2026-08-12T00:40:04.591573,0.4690391810753314,0.009296290786896493,0.058823529411764705,False,1,0.026207447052001953,False,0.0,-2.6869551971913097,9.788447552417097,2.7708216171029107,CENTER,0.0,0.9870185506687242,0.012325071275695673,NORMAL,STABLE,NORMAL,NO_ACTION,False,0.0
2026-08-12T00:40:04.616779,0.42528860386973466,0.006080856905093374,0.05555555555555555,False,1,0.026207447052001953,False,0.0,-3.9515387381749747,12.322740435092982,2.063567634979478,CENTER,0.0,0.9869289051783265,0.014692081636530702,NORMAL,STABLE,NORMAL,NO_ACTION,False,0.0
2026-08-12T00:40:04.646752,0.43754424972419037,0.006320926794190671,0.05263157894736842,False,1,0.026207447052001953,False,0.0,-2.596440273143571,12.732797124309144,2.4021173755058953,CENTER,0.0,0.987178149648491,0.014009334918107946,NORMAL,STABLE,NORMAL,NO_ACTION,False,0.0
2026-08-12T00:40:04.678412,0.459412838289022,0.010519316488124321,0.05,False,1,0.026207447052001953,False,0.0,-2.8118075743914517,10.26875804781426,2.6609428571703972,CENTER,0.0,0.9873087196716392,0.012686381227888377,NORMAL,STABLE,NORMAL,NO_ACTION,False,0.0
2026-08-12T00:40:04.711964,0.42882443964337924,0.00915566161770543,0.047619047619047616,False,1,0.026207447052001953,False,0.0,-2.1409230745589127,9.956492584755381,2.702391242546355,CENTER,0.0,0.987474119084362,0.011854732505461738,NORMAL,STABLE,NORMAL,NO_ACTION,False,0.0
2026-08-12T00:40:04.742496,0.42806505109916004,0.005969173756876657,0.045454545454545456,False,1,0.026207447052001953,False,0.0,-3.6089122903475754,11.797217352000587,2.3009894196429173,CENTER,0.0,0.9879431236068245,0.014211228993472753,NORMAL,STABLE,NORMAL,NO_ACTION,False,0.0
2026-08-12T00:40:04.774537,0.4376030942269734,0.007641184278833839,0.043478260869565216,False,1,0.026207447052001953,False,0.0,-3.4138715894301015,10.921190202116861,2.215233415682235,CENTER,0.0,0.9875744143304184,0.01330814589163702,NORMAL,STABLE,NORMAL,NO_ACTION,False,0.0
2026-08-12T00:40:04.807813,0.45590109090379,0.009981324575524282,0.041666666666666664,False,1,0.026207447052001953,False,0.0,-3.466831011870113,8.812523880750746,2.4280007415097202,CENTER,0.0,0.9862745949074074,0.012041105231945006,NORMAL,STABLE,NORMAL,NO_ACTION,False,0.0
2026-08-12T00:40:04.839783,0.4431729230857134,0.00929120639464264,0.04,False,1,0.026207447052001953,False,0.0,-2.6437758614330846,10.70859110230046,2.1381288232243776,CENTER,0.0,0.9865823929398149,0.012338779566516777,NORMAL,STABLE,NORMAL,NO_ACTION,False,0.0
2026-08-12T00:40:04.903251,0.43732112588370387,0.010020523655997635,0.038461538461538464,False,1,0.026207447052001953,False,0.0,-2.9623548091630596,9.73268411957244,0.9079541441002164,CENTER,0.0,0.9872499785665295,0.010756124930241027,NORMAL,STABLE,NORMAL,NO_ACTION,False,0.0
2026-08-12T00:40:04.934712,0.457410644113202,0.0047072471698442475,0.037037037037037035,False,1,0.026207447052001953,False,0.0,-4.022909156162399,9.936197371805918,0.7619547897514565,CENTER,0.0,0.9869053685485254,0.011783789309036135,NORMAL,STABLE,NORMAL,NO_ACTION,False,0.0
2026-08-12T00:40:04.967398,0.43312704893563925,0.007419479699557425,0.03571428571428571,False,1,0.026207447052001953,False,0.0,-3.2379452612554758,9.321694723279307,0.3562442810196842,CENTER,0.0,0.986954518175583,0.010193406489003727,NORMAL,STABLE,NORMAL,NO_ACTION,False,0.0
2026-08-12T00:40:04.999996,0.43156710615359795,0.00575433174401788,0.034482758620689655,False,1,0.026207447052001953,False,0.0,-2.6490033054864455,11.209241310736274,-0.3056311538595935,CENTER,0.0,0.9860232874657064,0.01094076672230942,NORMAL,STABLE,NORMAL,NO_ACTION,False,0.0
2026-08-12T00:40:05.031383,0.4375680029143769,0.01213039062445134,0.03333333333333333,False,1,0.026207447052001953,False,0.0,-3.0108142004369824,10.833995195559396,-0.6743704639102646,CENTER,0.0,0.9852626135973936,0.011373248429127283,NORMAL,STABLE,NORMAL,NO_ACTION,False,0.0
2026-08-12T00:40:05.064392,0.4365806581679059,0.02270107645551949,0.03225806451612903,False,1,0.026207447052001953,False,0.0,-2.803804144826614,11.458262135797156,-1.0699498187764505,CENTER,0.0,0.9854132239154664,0.012005693137100898,NORMAL,STABLE,NORMAL,NO_ACTION,False,0.0
2026-08-12T00:40:05.090693,0.45681460519658557,0.018670342813786708,0.03125,False,1,0.026207447052001953,False,0.0,-3.9713691098704373,12.25249809324518,-1.103020570938611,CENTER,0.0,0.9853130894204389,0.013735475722937643,NORMAL,STABLE,NORMAL,NO_ACTION,False,0.0
2026-08-12T00:40:05.114540,0.45034413019325004,0.036041715591207175,0.030303030303030304,False,1,0.026207447052001953,False,0.0,-2.393816626339941,12.224580416366166,-1.408055069005286,CENTER,0.0,0.9855241019375859,0.012489925266596896,NORMAL,STABLE,NORMAL,NO_ACTION,False,0.0
2026-08-12T00:40:05.138185,0.4692729626314816,0.02273025515149533,0.029411764705882353,False,1,0.026207447052001953,False,0.0,-2.379221225470701,14.896771715723588,-2.332234894322056,CENTER,0.0,0.9851488286608368,0.015295737317452653,NORMAL,STABLE,NORMAL,NO_ACTION,False,0.0
2026-08-12T00:40:05.174345,0.4388655364380438,0.056822345017489,0.02857142857142857,False,1,0.026207447052001953,False,0.0,-2.931675940377545,17.82245365211739,-2.5676637015576205,CENTER,0.0,0.9853707052683471,0.01816743247802235,NORMAL,STABLE,NORMAL,NO_ACTION,False,0.0
2026-08-12T00:40:05.208114,0.4168353659343734,0.031498526335317245,0.027777777777777776,False,1,0.026207447052001953,False,0.0,-3.4709900092196904,18.836366548964378,-3.1629989153337874,CENTER,0.0,0.9844413901748972,0.01999232813863688,NORMAL,STABLE,NORMAL,NO_ACTION,False,0.0
2026-08-12T00:40:05.239198,0.4227313999378055,0.012378445099683588,0.02702702702702703,False,1,0.026207447052001953,False,0.0,-3.336135012942094,19.9146042133151,-3.857079071069677,CENTER,0.0,0.983594312628601,0.021309568457183355,NORMAL,STABLE,NORMAL,NO_ACTION,False,0.0
2026-08-12T00:40:05.303518,0.46181525751374813,0.0076985053300467985,0.02631578947368421,False,1,0.026207447052001953,False,0.0,-5.3613554283898,21.449891808951065,-5.429847919905342,CENTER,0.0,0.9841601294581619,0.025883117678897016,NORMAL,STABLE,NORMAL,NO_ACTION,False,0.0
2026-08-12T00:40:05.334857,0.44070548690838934,0.01681845330446386,0.02564102564102564,False,1,0.026207447052001953,False,0.0,-4.004066714522651,20.34669887497961,-5.769211315316198,CENTER,0.0,0.9845932597093621,0.02410614284584861,NORMAL,STABLE,NORMAL,NO_ACTION,False,0.0
2026-08-12T00:40:05.367937,0.4193374046621769,0.011931602785709766,0.025,False,1,0.026207447052001953,False,0.0,-3.8123033199392182,19.787379667646718,-5.955988004127789,CENTER,0.0,0.984654840749314,0.0236973880720316,NORMAL,STABLE,NORMAL,NO_ACTION,False,0.0
2026-08-12T00:40:05.398776,0.43598938471604093,0.012029988962462226,0.024390243902439025,False,1,0.026207447052001953,False,0.0,-4.499536602795985,19.463053973465406,-6.062182693402292,CENTER,0.0,0.9849450767318244,0.02422719459939743,NORMAL,STABLE,NORMAL,NO_ACTION,False,0.0
2026-08-12T00:40:05.431096,0.4202775224209119,0.01782995666851328,0.023809523809523808,False,1,0.026207447052001953,False,0.0,-4.981279775838033,19.71891629409194,-6.493018564516916,CENTER,0.0,0.9852006038880315,0.02529076387348228,NORMAL,STABLE,NORMAL,NO_ACTION,False,0.0
2026-08-12T00:40:05.463528,0.4145861900003961,0.014099991640856579,0.023255813953488372,False,1,0.026207447052001953,False,0.0,-4.693000746886071,19.72070607891135,-6.649054327216419,CENTER,0.0,0.985012766310871,0.025164711128349483,NORMAL,STABLE,NORMAL,NO_ACTION,False,0.0
2026-08-12T00:40:05.494600,0.431824176374208,0.011553214886496478,0.022727272727272728,False,1,0.026207447052001953,False,0.0,-5.11950177645457,19.713883702322903,-7.177749613833157,CENTER,0.0,0.9849975485468108,0.026079602531213983,NORMAL,STABLE,NORMAL,NO_ACTION,False,0.0
2026-08-12T00:40:05.527172,0.4432369141926268,0.038876565600131,0.022222222222222223,False,1,0.026207447052001953,False,0.0,-5.06989952713775,17.95914932772442,-7.084496023444245,CENTER,0.0,0.9856092865869341,0.02467472948910215,NORMAL,STABLE,NORMAL,NO_ACTION,False,0.0
2026-08-12T00:40:05.558478,0.41700743776993765,0.00537066391519986,0.021739130434782608,False,1,0.026207447052001953,False,0.0,-4.68575645554418,18.30119936459539,-7.052619391688978,CENTER,0.0,0.9859844526963306,0.024521154060654526,NORMAL,STABLE,NORMAL,NO_ACTION,False,0.0
2026-08-12T00:40:05.591931,0.4187111607383418,0.00411403267497781,0.02127659574468085,False,1,0.026207447052001953,False,0.0,-4.998020858593492,18.849521014370993,-7.606311436490529,CENTER,0.0,0.9862061015732166,0.025751048127867365,NORMAL,STABLE,NORMAL,NO_ACTION,False,0.0
2026-08-12T00:40:05.618392,0.3990546169752002,0.00520923637690201,0.020833333333333332,False,1,0.026207447052001953,False,0.0,-5.0443545329979145,19.490333316757557,-7.89363627714161,CENTER,0.0,0.9862235430598423,0.026535157805199997,NORMAL,STABLE,NORMAL,NO_ACTION,False,0.0
2026-08-12T00:40:05.640640,0.417074042497354,0.0026001622316594837,0.02040816326530612,False,1,0.026207447052001953,False,0.0,-4.095614657016199,19.837843999710884,-8.234976590722226,CENTER,0.0,0.986689855002572,0.02620123446057634,NORMAL,STABLE,NORMAL,NO_ACTION,False,0.0
2026-08-12T00:40:05.707141,0.4277177073541118,0.0032130191448949018,0.02,False,1,0.026207447052001953,False,0.0,-4.235479669688004,19.648278147796816,-9.384833777122424,CENTER,0.0,0.9877215685013717,0.027306280499967004,NORMAL,STABLE,NORMAL,NO_ACTION,False,0.0
2026-08-12T00:40:05.735254,0.46404380904103937,0.005758025690907879,0.0196078431372549,False,1,0.026207447052001953,False,0.0,-4.577695494782432,19.350424955669013,-10.10984060321988,CENTER,0.0,0.9882601514274691,0.028118860191985402,NORMAL,STABLE,NORMAL,NO_ACTION,False,0.0
2026-08-12T00:40:05.767686,0.44447471683270723,0.004150085347887841,0.019230769230769232,False,1,0.026207447052001953,False,0.0,-3.9099050597222913,17.74971795191314,-9.99732623969112,CENTER,0.0,0.9880854686428326,0.026211389401742776,NORMAL,STABLE,NORMAL,NO_ACTION,False,0.0
2026-08-12T00:40:05.799810,0.43676928486165295,0.014563627948941157,0.018867924528301886,False,1,0.026207447052001953,False,0.0,-3.99119113365947,18.593194585467074,-10.0519060445489,CENTER,0.0,0.9875268588177297,0.026951400779630576,NORMAL,STABLE,NORMAL,NO_ACTION,False,0.0
2026-08-12T00:40:05.832542,0.4221754800917651,0.006890785512222424,0.018518518518518517,False,1,0.026207447052001953,False,0.0,-4.501048593342887,19.619181426692762,-9.841288072667197,CENTER,0.0,0.9878304505315499,0.02798054781988041,NORMAL,STABLE,NORMAL,NO_ACTION,False,0.0
2026-08-12T00:40:05.863271,0.42551835328952636,0.007834539173145144,0.01818181818181818,False,1,0.026207447052001953,False,0.0,-3.8175297505725894,20.29977462762929,-9.739410483973217,CENTER,0.0,0.9883991340877916,0.027715779679146745,NORMAL,STABLE,NORMAL,NO_ACTION,False,0.0
2026-08-12T00:40:05.895699,0.4319006493023563,0.011370470410038013,0.017857142857142856,False,1,0.026207447052001953,False,0.0,-3.909739550255779,18.653160688496854,-9.36650583163015,CENTER,0.0,0.9886069449802812,0.026256259753878623,NORMAL,STABLE,NORMAL,NO_ACTION,False,0.0
2026-08-12T00:40:05.928504,0.4125542316712939,0.005604688048939561,0.017543859649122806,False,1,0.026207447052001953,False,0.0,-4.154851576703379,20.000942218944942,-9.80617982598605,CENTER,0.0,0.988101516953875,0.027889081101457464,NORMAL,STABLE,NORMAL,NO_ACTION,False,0.0
2026-08-12T00:40:05.959555,0.4346344436948481,0.012327516809079715,0.017241379310344827,False,1,0.026207447052001953,False,0.0,-4.117075326594119,20.219163948355003,-9.851008703464714,CENTER,0.0,0.9882305732381688,0.028053477102757487,NORMAL,STABLE,NORMAL,NO_ACTION,False,0.0
2026-08-12T00:40:05.991591,0.44325053465693787,0.024890888319174985,0.01694915254237288,False,1,0.026207447052001953,False,0.0,-4.057304973294492,20.127659448729304,-9.667648056307115,CENTER,0.0,0.9884339902692044,0.027753264371106045,NORMAL,STABLE,NORMAL,NO_ACTION,False,0.0
2026-08-12T00:40:06.023695,0.4564042980019939,0.0005503419830475029,0.016666666666666666,False,1,0.026207447052001953,False,0.0,-4.50304412304726,19.48871798402925,-9.29301170604134,CENTER,0.0,0.9878460165895062,0.027360276009069404,NORMAL,STABLE,NORMAL,NO_ACTION,False,0.0
2026-08-12T00:40:06.054926,0.44572950703980596,0.010710592656811346,0.01639344262295082,False,1,0.026207447052001953,False,0.0,-5.259276988746876,18.792041975330875,-9.392609239326418,CENTER,0.0,0.9887914067858368,0.027681254090698437,NORMAL,STABLE,NORMAL,NO_ACTION,False,0.0
2026-08-12T00:40:06.088058,0.4550963409195934,0.0050609153999006,0.016129032258064516,False,1,0.026207447052001953,False,0.0,-6.357052703826724,19.119339318634474,-9.358653327103582,CENTER,0.0,0.9894919731652949,0.028942054574724454,NORMAL,STABLE,NORMAL,NO_ACTION,False,0.0
2026-08-12T00:40:06.120173,0.4590315199671211,0.0068866312461488355,0.015873015873015872,False,1,0.026207447052001953,False,0.0,-5.741017663207259,18.984108489858954,-8.84113404443724,CENTER,0.0,0.9894059177812071,0.027752817035222466,NORMAL,STABLE,NORMAL,NO_ACTION,False,0.0
2026-08-12T00:40:06.151614,0.4497816643728443,0.001692748125774473,0.015625,False,1,0.026207447052001953,False,0.0,-4.888492111290049,19.051332341276662,-8.525496984144723,CENTER,0.0,0.9891699486668382,0.02667647026430367,NORMAL,STABLE,NORMAL,NO_ACTION,False,0.0
2026-08-12T00:40:06.183324,0.445149260861231,0.0013631311519234552,0.015384615384615385,False,1,0.026207447052001953,False,0.0,-6.468674640280625,18.320272772836574,-8.643606624524637,CENTER,0.0,0.9893623676483195,0.027783875257601853,NORMAL,STABLE,NORMAL,NO_ACTION,False,0.0
2026-08-12T00:40:06.231095,0.446732707504109,0.0027892200536126116,0.015151515151515152,False,1,0.026207447052001953,False,0.0,-6.31275911974933,17.331208196124095,-8.353084400486779,CENTER,0.0,0.9888830884559328,0.02663964782779847,NORMAL,STABLE,NORMAL,NO_ACTION,False,0.0
2026-08-12T00:40:06.262788,0.44242064728197483,0.004006367847121245,0.014925373134328358,False,1,0.026207447052001953,False,0.0,-6.735975858659685,16.591418744699553,-7.963011227917718,CENTER,0.0,0.9889195119598766,0.02613727147306125,NORMAL,STABLE,NORMAL,NO_ACTION,False,0.0
2026-08-12T00:40:06.296082,0.46274729035255946,0.002219806778963267,0.014705882352941176,False,1,0.026207447052001953,False,0.0,-6.264939931512771,17.920598417634608,-7.686679370409138,CENTER,0.0,0.9902479584619341,0.026377547073846087,NORMAL,STABLE,NORMAL,NO_ACTION,False,0.0
2026-08-12T00:40:06.326819,0.4785933798156536,0.0036634955818120574,0.014492753623188406,False,1,0.026207447052001953,False,0.0,-5.620351298200774,17.519740989422104,-7.280460187913178,CENTER,0.0,0.9909202728480796,0.025076149923433107,NORMAL,STABLE,NORMAL,NO_ACTION,False,0.0
2026-08-12T00:40:06.358588,0.4732586828844631,0.005649387319744946,0.014285714285714285,False,1,0.026207447052001953,False,0.0,-6.021694757678603,17.02624543423289,-6.810181400799166,CENTER,0.0,0.99077449845679,0.0246533542995542,NORMAL,STABLE,NORMAL,NO_ACTION,False,0.0
2026-08-12T00:40:06.392139,0.48596021953025065,0.0031771223376080514,0.014084507042253521,False,1,0.026207447052001953,False,0.0,-6.8784412237021115,16.1226855422139,-6.815601768011476,CENTER,0.0,0.9914412937242798,0.024831017994730538,NORMAL,STABLE,NORMAL,NO_ACTION,False,0.0
2026-08-12T00:40:06.423569,0.4859516997358082,0.008103977859029325,0.013888888888888888,False,1,0.026207447052001953,False,0.0,-7.83079601816533,16.37521532277549,-6.517518348278799,CENTER,0.0,0.9914035708161865,0.025643439715617385,NORMAL,STABLE,NORMAL,NO_ACTION,False,0.0
2026-08-12T00:40:06.455118,0.4697706930680816,0.005653356851952346,0.0136986301369863,False,1,0.026207447052001953,False,0.0,-8.93804022571814,15.37402496833775,-6.2181952577079755,CENTER,0.0,0.9913951447830934,0.025698355905617223,NORMAL,STABLE,NORMAL,NO_ACTION,False,0.0
2026-08-12T00:40:06.487749,0.45139862521951635,0.002690245458024431,0.013513513513513514,False,1,0.026207447052001953,False,0.0,-9.329004125422273,17.35267858971514,-6.196077146771813,CENTER,0.0,0.9923351096322016,0.027482568354684874,NORMAL,STABLE,NORMAL,NO_ACTION,False,0.0
2026-08-12T00:40:06.520379,0.4711462648623524,0.006237345071478347,0.013333333333333334,False,1,0.026207447052001953,False,0.0,-9.584823916632217,18.67499216532542,-6.230456571055413,CENTER,0.0,0.9933690066658094,0.02871702370013793,NORMAL,STABLE,NORMAL,NO_ACTION,False,0.0
2026-08-12T00:40:06.551449,0.45827880482315025,0.006173694941916069,0.013157894736842105,False,1,0.026207447052001953,False,0.0,-10.47989527720884,17.23483185594054,-6.363845773322595,CENTER,0.0,0.9937973545739027,0.028667277352024366,NORMAL,STABLE,NORMAL,NO_ACTION,False,0.0
2026-08-12T00:40:06.583891,0.4705202299106118,0.0032515566236254517,0.012987012987012988,False,1,0.026207447052001953,False,0.0,-10.088001114470842,16.26099597334536,-6.350011346444234,CENTER,0.0,0.9930418381344307,0.02757324983200098,NORMAL,STABLE,NORMAL,NO_ACTION,False,0.0
2026-08-12T00:40:06.615237,0.44161777129257057,0.008912697963857748,0.01282051282051282,False,1,0.026207447052001953,False,0.0,-9.876875886283898,15.430389399678972,-6.091966718951994,CENTER,0.0,0.9921001586076816,0.026521574112217523,NORMAL,STABLE,NORMAL,NO_ACTION,False,0.0
2026-08-12T00:40:06.648276,0.4325718431867794,0.00809518763413148,0.012658227848101266,False,1,0.026207447052001953,False,0.0,-9.922858056904658,15.902830560929715,-5.994187099548526,CENTER,0.0,0.9916364454732509,0.026812902592811567,NORMAL,STABLE,NORMAL,NO_ACTION,False,0.0
2026-08-12T00:40:06.678737,0.42997526903672434,0.00796805260692712,0.0125,False,1,0.026207447052001953,False,0.0,-9.54778099748276,15.451147490189356,-5.9222174155778475,CENTER,0.0,0.9916793124142659,0.02605619758512105,NORMAL,STABLE,NORMAL,NO_ACTION,False,0.0
2026-08-12T00:40:06.711683,0.4199104202499645,0.0072361692033603995,0.012345679012345678,False,1,0.026207447052001953,False,0.0,-9.980948806736393,14.712959082068409,-6.077637760213207,CENTER,0.0,0.9920133530521262,0.0260898501052231,NORMAL,STABLE,NORMAL,NO_ACTION,False,0.0
2026-08-12T00:40:06.759399,0.4108197782365224,0.006505646969820552,0.012195121951219513,False,1,0.026207447052001953,False,0.0,-9.853336897283327,15.58821451316959,-6.094070916867366,CENTER,0.0,0.9928721788194446,0.0266149180064713,NORMAL,STABLE,NORMAL,NO_ACTION,False,0.0
2026-08-12T00:40:06.790806,0.4308678792427063,0.0020721262455455193,0.012048192771084338,False,1,0.026207447052001953,False,0.0,-9.565890842634587,16.84788588734733,-6.086298291545745,CENTER,0.0,0.9927427206575788,0.027240396010813392,NORMAL,STABLE,NORMAL,NO_ACTION,False,0.0
2026-08-12T00:40:06.823251,0.4193185720601297,0.0038247688043510386,0.011904761904761904,False,1,0.026207447052001953,False,0.0,-9.91605772423415,16.491110210452092,-6.198148789814724,CENTER,0.0,0.9917282343106997,0.027427630313669876,NORMAL,STABLE,NORMAL,NO_ACTION,False,0.0
2026-08-12T00:40:06.855842,0.3999323750363125,0.006102299800525983,0.011764705882352941,False,1,0.026207447052001953,False,0.0,-10.391909887536457,15.033995799193974,-6.23520408138242,CENTER,0.0,0.9919053819444444,0.026869180788006413,NORMAL,STABLE,NORMAL,NO_ACTION,False,0.0
2026-08-12T00:40:06.887372,0.41247326645180493,0.002933671940394107,0.011627906976744186,False,1,0.026207447052001953,False,0.0,-9.698061546100234,16.922123216361086,-6.459662752757907,CENTER,0.0,0.9921397971322017,0.027780823499605662,NORMAL,STABLE,NORMAL,NO_ACTION,False,0.0
2026-08-12T00:40:06.919797,0.39899662384778467,0.004199470530091069,0.011494252873563218,False,1,0.026207447052001953,False,0.0,-9.181420083682923,17.080942781353713,-6.217693806904151,CENTER,0.0,0.9919498965835049,0.02716501279228375,NORMAL,STABLE,NORMAL,NO_ACTION,False,0.0
2026-08-12T00:40:06.950814,0.3807488553495908,0.0031208464892646926,0.011363636363636364,False,1,0.026207447052001953,False,0.0,-10.31871572198287,16.106782207105255,-6.3653391484081965,CENTER,0.0,0.9928653602966392,0.02769880295069334,NORMAL,STABLE,NORMAL,NO_ACTION,False,0.0
2026-08-12T00:40:06.982758,0.39092827199335417,0.0013042311139076766,0.011235955056179775,False,1,0.026207447052001953,False,0.0,-10.013426728609033,15.45362012670114,-6.533524520905274,CENTER,0.0,0.9931746720679012,0.027095049072520153,NORMAL,STABLE,NORMAL,NO_ACTION,False,0.0
2026-08-12T00:40:07.015663,0.3916264403920998,0.0035106980597376398,0.011111111111111112,False,1,0.026207447052001953,False,0.0,-9.955508433994453,15.345446354086334,-6.569846353689826,CENTER,0.0,0.9925583928112142,0.026996126977202772,NORMAL,STABLE,NORMAL,NO_ACTION,False,0.0
2026-08-12T00:40:07.047324,0.3715807267006924,0.005613556206731524,0.01098901098901099,False,1,0.026207447052001953,False,0.0,-9.265824094119779,16.8378193995172,-6.621706379227703,CENTER,0.0,0.9918244705932785,0.027459750762874813,NORMAL,STABLE,NORMAL,NO_ACTION,False,0.0
2026-08-12T00:40:07.078621,0.37501830936601493,0.002567676484801739,0.010869565217391304,False,1,0.026207447052001953,False,0.0,-8.83988874039386,15.489428665272783,-6.486577200078585,CENTER,0.0,0.9920071105538408,0.02594562864537418,NORMAL,STABLE,NORMAL,NO_ACTION,False,0.0
2026-08-12T00:40:07.110763,0.3753633352939859,0.005259034504249041,0.010752688172043012,False,1,0.026207447052001953,False,0.0,-8.569910234359412,15.771571468120186,-6.364389716569065,CENTER,0.0,0.992183494620199,0.02577175712416608,NORMAL,STABLE,NORMAL,NO_ACTION,False,0.0
2026-08-12T00:40:07.142453,0.3044774517528316,0.003369106776641751,0.010638297872340425,False,1,0.026207447052001953,False,0.0,-8.36633781952034,16.711694828559928,-6.564189307391473,CENTER,0.0,0.9920720405735597,0.026447102016912066,NORMAL,STABLE,NORMAL,NO_ACTION,False,0.0
2026-08-12T00:40:07.174974,0.06395961005879854,0.002014266627493881,0.021052631578947368,True,1,0.026207447052001953,False,0.0,-8.449492572767412,11.556917524556638,-5.911725550588557,UP,0.0,0.9925251441400892,0.2481759838124485,LOW,STABLE,NORMAL,NO_ACTION,False,0.0
2026-08-12T00:40:07.206872,0.049883361093937775,0.00935266975898827,0.03125,True,1,0.026207447052001953,False,0.03189826011657715,-8.923361800716776,11.120700556321623,-5.688550291028292,UP,0.03189826011657715,0.8787981667493386,0.10488374670342344,NORMAL,STABLE,NORMAL,NO_ACTION,False,0.03189826011657715
2026-08-12T00:40:07.239168,0.07159662307751906,0.005560781530129414,0.041237113402061855,True,1,0.026207447052001953,False,0.0641937255859375,-8.788505088445902,11.856765566914532,-6.09023163088338,UP,0.0641937255859375,0.9916555480538409,0.24889089197249611,LOW,STABLE,NORMAL,NO_ACTION,False,0.0641937255859375
2026-08-12T00:40:07.288086,0.05272213693383196,0.006494176520912371,0.05102040816326531,True,1,0.026207447052001953,False,0.11311173439025879,-9.742879142080142,11.381877440119638,-5.813646903002763,UP,0.11311173439025879,0.9919742369684499,0.24920060323164772,LOW,STABLE,NORMAL,NO_ACTION,False,0.11311173439025879
2026-08-12T00:40:07.319446,0.04955205538958315,0.0012370982672224543,0.06060606060606061,True,1,0.026207447052001953,False,0.1444714069366455,-9.519051281563549,11.053479336317707,-5.972012787998551,UP,0.1444714069366455,0.8785823431835441,0.10583379686361596,NORMAL,STABLE,NORMAL,NO_ACTION,False,0.1444714069366455
2026-08-12T00:40:07.351490,0.04656904610251468,0.0033090302922562614,0.07,True,1,0.026207447052001953,False,0.1765155792236328,-8.907764901565486,9.81347658217689,-5.723358403968149,UP,0.1765155792236328,0.8786784849292083,0.10378183418414128,NORMAL,STABLE,NORMAL,NO_ACTION,False,0.1765155792236328
2026-08-12T00:40:07.382571,0.042516623331671846,0.0040548776074112,0.07920792079207921,True,1,0.026207447052001953,False,0.2075972557067871,-8.53590046626482,10.546128980570671,-5.495875864112918,UP,0.2075972557067871,0.8783602667854693,0.10372467811776673,NORMAL,STABLE,NORMAL,NO_ACTION,False,0.2075972557067871
2026-08-12T00:40:07.415765,0.04952905645491906,0.004817420870794936,0.08823529411764706,True,1,0.026207447052001953,False,0.24079108238220215,-8.261845205509388,9.551079085307236,-5.581002023760647,UP,0.24079108238220215,0.878710116904272,0.10265256041113369,NORMAL,STABLE,NORMAL,NO_ACTION,False,0.24079108238220215
2026-08-12T00:40:07.446800,0.06205293755430148,0.00566970303425328,0.0970873786407767,True,1,0.026207447052001953,False,0.27182602882385254,-8.442096659420343,11.209050041971182,-5.919980932666562,UP,0.27182602882385254,0.9918759109224966,0.2479255738226925,LOW,STABLE,NORMAL,NO_ACTION,False,0.27182602882385254
2026-08-12T00:40:07.478569,0.04436861606611413,0.00433486070607301,0.10576923076923077,True,1,0.026207447052001953,False,0.30359435081481934,-8.030347552668388,10.680542352869992,-5.715223105417493,UP,0.30359435081481934,0.8783229040362286,0.10694620936401292,NORMAL,STABLE,NORMAL,NO_ACTION,False,0.30359435081481934
2026-08-12T00:40:07.511996,0.05516347713037475,0.0017977092283394246,0.11428571428571428,True,1,0.026207447052001953,False,0.3370215892791748,-8.347673396187815,10.354116306225393,-5.884305099846841,UP,0.3370215892791748,0.9919475790895061,0.2543256982120533,LOW,STABLE,NORMAL,NO_ACTION,False,0.3370215892791748
2026-08-12T00:40:07.542666,0.05839140059368489,0.004102175419234488,0.12264150943396226,True,1,0.026207447052001953,False,0.367692232131958,-8.013083530489098,10.813012939339387,-5.759222747607453,UP,0.367692232131958,0.992115162037037,0.2583923738113377,LOW,STABLE,NORMAL,NO_ACTION,False,0.367692232131958
2026-08-12T00:40:07.575518,0.04935894029363227,0.004146058903904239,0.1308411214953271,True,1,0.026207447052001953,False,0.4005439281463623,-8.169429900359575,11.466888942128577,-5.792090535871381,UP,0.4005439281463623,0.8784966781948117,0.12279360696210001,NORMAL,STABLE,NORMAL,NO_ACTION,False,0.4005439281463623
2026-08-12T00:40:07.607714,0.06775588070165092,0.001216265588220361,0.1388888888888889,True,1,0.026207447052001953,False,0.4327394962310791,-7.822905952118276,11.14395774276565,-6.014117879134659,UP,0.4327394962310791,0.9916593524948559,0.26681739983690766,LOW,STABLE,NORMAL,NO_ACTION,False,0.4327394962310791
2026-08-12T00:40:07.639139,0.04827108191383661,0.001796298192801686,0.14678899082568808,True,1,0.026207447052001953,False,0.46416449546813965,-8.678854692257772,11.720864108558573,-5.860651370532935,UP,0.46416449546813965,0.8785929860498726,0.13316734496897,NORMAL,STABLE,NORMAL,NO_ACTION,False,0.46416449546813965
2026-08-12T00:40:07.704962,0.04560472393664093,0.003814294821271685,0.15454545454545454,True,1,0.026207447052001953,False,0.5299875736236572,-8.093658302865805,11.991364469992249,-5.52689563567273,UP,0.5299875736236572,0.8786467343045758,0.13335163611420486,NORMAL,STABLE,NORMAL,NO_ACTION,False,0.5299875736236572
2026-08-12T00:40:07.732487,0.04793378004101076,0.003201759302277124,0.16216216216216217,True,1,0.026207447052001953,False,0.5575129985809326,-8.150373571505412,10.924877580296283,-5.393660785560172,UP,0.5575129985809326,0.8786664894577944,0.1383006791723264,NORMAL,STABLE,NORMAL,NO_ACTION,False,0.5575129985809326
2026-08-12T00:40:07.755764,0.049334106720561904,0.0048905597062191405,0.16964285714285715,True,1,0.026207447052001953,False,0.58078932762146,-7.292289496672538,11.342050165956692,-5.610301007049628,UP,0.58078932762146,0.8789105872158535,0.14357757566484178,NORMAL,STABLE,NORMAL,NO_ACTION,False,0.58078932762146
2026-08-12T00:40:07.775940,0.06045237318584325,0.002933259568746903,0.17699115044247787,True,1,0.026207447052001953,False,0.6009659767150879,-8.02968389202914,12.411737313260375,-5.585438993421462,UP,0.6009659767150879,0.9917472833076131,0.28661232579112583,LOW,STABLE,NORMAL,NO_ACTION,False,0.6009659767150879
2026-08-12T00:40:07.815300,0.04818512565193007,0.002314213926841473,0.18421052631578946,True,1,0.026207447052001953,False,0.6403255462646484,-7.836514421442615,11.492611584462452,-5.565772295474886,UP,0.6403255462646484,0.877870196606163,0.1560224151203558,NORMAL,STABLE,NORMAL,NO_ACTION,False,0.6403255462646484
2026-08-12T00:40:07.847048,0.04520963505847523,0.003702070485705771,0.19130434782608696,True,1,0.026207447052001953,False,0.6720740795135498,-7.939979889225043,9.243014474193586,-5.4843871986780925,UP,0.6720740795135498,0.8779538089573534,0.15997388426875148,NORMAL,STABLE,NORMAL,NO_ACTION,False,0.6720740795135498
2026-08-12T00:40:07.879343,0.04894341613327557,0.0026208579343755716,0.19827586206896552,True,1,0.026207447052001953,False,0.704369068145752,-7.593685003639592,8.832613145341071,-5.290774218432148,UP,0.704369068145752,0.8784345532805456,0.1648178061626799,NORMAL,STABLE,NORMAL,NO_ACTION,False,0.704369068145752
2026-08-12T00:40:07.910725,0.059541719705807836,0.0034621898019763443,0.20512820512820512,True,1,0.026207447052001953,False,0.7357504367828369,-8.437965227335212,10.36906502515572,-4.901004619927335,UP,0.7357504367828369,0.9916941684885117,0.3047803246031871,LOW,STABLE,NORMAL,NO_ACTION,False,0.7357504367828369
2026-08-12T00:40:07.943442,0.057832215706541054,0.0023823629496406164,0.211864406779661,True,1,0.026207447052001953,False,0.768467903137207,-7.434259578881949,9.919000675440486,-5.221589288269968,UP,0.768467903137207,0.9917972902734912,0.30858331562640723,LOW,STABLE,NORMAL,NO_ACTION,False,0.768467903137207
2026-08-12T00:40:07.975760,0.052934876884354234,0.002913252040049197,0.2184873949579832,True,1,0.026207447052001953,False,0.8007857799530029,-7.155824362977853,9.63913086985255,-4.751073027740489,UP,0.8007857799530029,0.9917037465706448,0.31237191031846623,LOW,STABLE,NORMAL,NO_ACTION,False,0.8007857799530029
2026-08-12T00:40:08.007630,0.06479755512764165,0.002339501139600342,0.225,True,1,0.026207447052001953,False,0.8326559066772461,-8.164019027341169,9.987723450356299,-5.434003086824106,UP,0.8326559066772461,0.9913719296553498,0.3188895034467638,LOW,STABLE,NORMAL,NO_ACTION,False,0.8326559066772461
2026-08-12T00:40:08.038781,0.04640536200091378,0.005862601260668972,0.23140495867768596,True,1,0.026207447052001953,False,0.863806962966919,-8.05135894066703,9.646169012527082,-5.455364763662459,UP,0.863806962966919,0.8779179174627669,0.19417531749898148,NORMAL,STABLE,NORMAL,NO_ACTION,False,0.863806962966919
2026-08-12T00:40:08.103009,0.04243179510968601,0.0026543381612695208,0.23770491803278687,True,1,0.026207447052001953,False,0.9280352592468262,-7.952842861578802,9.577160536348742,-5.460669956975437,UP,0.9280352592468262,0.8786800155086468,0.20107246959888095,LOW,STABLE,NORMAL,NO_ACTION,False,0.9280352592468262
2026-08-12T00:40:08.136131,0.04951535112242423,0.0004072001183456117,0.24390243902439024,True,1,0.026207447052001953,False,0.9611568450927734,-8.191387978639938,12.31912558235527,-5.771134464210803,UP,0.9611568450927734,0.8784656157376788,0.20945700916921783,LOW,STABLE,NORMAL,NO_ACTION,False,0.9611568450927734
2026-08-12T00:40:08.168341,0.0591008818511415,0.0009750526140498899,0.25,True,1,0.026207447052001953,False,0.9933669567108154,-7.223652391869848,11.661462829637827,-5.624185896876611,UP,0.9933669567108154,0.9922995568629972,0.33884006148285184,LOW,STABLE,NORMAL,NO_ACTION,False,0.9933669567108154
2026-08-12T00:40:08.198587,0.05433489812729325,0.0028124496949613245,0.256,True,1,0.026207447052001953,False,1.0236124992370605,-7.623781430748409,9.84285361896923,-5.385633104952348,UP,1.0236124992370605,0.9916409465020577,0.3419928536150178,LOW,STABLE,NORMAL,NO_ACTION,False,1.0236124992370605
2026-08-12T00:40:08.232522,0.04457012497915315,0.0029468913876603805,0.2619047619047619,True,1,0.026207447052001953,False,1.0575480461120605,-8.13183029104502,10.489561107698023,-5.431741063589499,UP,1.0575480461120605,0.8784317412857634,0.2231148499332454,LOW,STABLE,NORMAL,NO_ACTION,False,1.0575480461120605
2026-08-12T00:40:08.254307,0.04222610255987912,0.0043636104493300805,0.2677165354330709,True,1,0.026207447052001953,False,1.0793325901031494,-8.266569042295998,10.304690935112177,-5.443572362253349,UP,1.0793325901031494,0.8784107521770282,0.2277071211869538,LOW,STABLE,NORMAL,NO_ACTION,False,1.0793325901031494
2026-08-12T00:40:08.276589,0.049672628919003384,0.003568659331300899,0.2734375,True,1,0.026207447052001953,False,1.1016147136688232,-7.819844519381746,11.334972205751654,-5.505335450266472,UP,1.1016147136688232,0.8786425934346218,0.23270644189662848,LOW,STABLE,NORMAL,NO_ACTION,False,1.1016147136688232
2026-08-12T00:40:08.296303,0.060081310565572366,0.00694282549585534,0.27906976744186046,True,1,0.026207447052001953,False,1.121328353881836,-7.873484897291235,9.880571514582215,-5.327693416973773,UP,1.121328353881836,0.9924889349708504,0.357973993156004,MODERATE,STABLE,NORMAL,NO_ACTION,False,1.121328353881836
2026-08-12T00:40:08.342886,0.053181953341593466,0.005754605503228576,0.2846153846153846,True,1,0.026207447052001953,False,1.1679117679595947,-7.5226164714492825,10.89898613415599,-5.275378822345573,UP,1.1679117679595947,0.9927116287294238,0.36311268770648614,MODERATE,STABLE,NORMAL,NO_ACTION,False,1.1679117679595947
2026-08-12T00:40:08.375759,0.04726299986003797,0.0071563123503709915,0.2900763358778626,True,1,0.026207447052001953,False,1.200784683227539,-8.151603163112128,9.618697280102595,-5.171286444145267,UP,1.200784683227539,0.8784492895570007,0.2462481631604082,LOW,STABLE,NORMAL,NO_ACTION,False,1.200784683227539
2026-08-12T00:40:08.407811,0.05296836992449239,0.0024573051434734427,0.29545454545454547,True,1,0.026207447052001953,False,1.232837200164795,-7.884047157954797,10.291142635255,-5.6045845137947765,UP,1.232837200164795,0.9914041870284637,0.37157176269193093,MODERATE,STABLE,NORMAL,NO_ACTION,False,1.232837200164795
2026-08-12T00:40:08.441165,0.04606261946263939,0.002076927443132797,0.3007518796992481,True,1,0.026207447052001953,False,1.266190528869629,-7.637698520423328,9.27270704745439,-5.3272376729104565,UP,1.266190528869629,0.8783162240655008,0.25526893400217615,LOW,STABLE,NORMAL,NO_ACTION,False,1.266190528869629
2026-08-12T00:40:08.503791,0.05914321935503235,0.0025513288737736136,0.30597014925373134,True,1,0.026207447052001953,False,1.3288166522979736,-7.916663023860991,9.669795340673971,-5.303826381672877,UP,1.3288166522979736,0.991716151191701,0.3802817122889269,MODERATE,STABLE,NORMAL,NO_ACTION,False,1.3288166522979736
2026-08-12T00:40:08.536557,0.07967322114132955,0.004631829235062571,0.3111111111111111,True,1,0.026207447052001953,False,1.3615827560424805,-8.142180472883865,10.626433615225778,-5.384460057516151,UP,1.3615827560424805,0.9920407343106995,0.3852577753280373,MODERATE,STABLE,NORMAL,NO_ACTION,False,1.3615827560424805
2026-08-12T00:40:08.567181,0.0593309237055502,0.0071648541536272255,0.3161764705882353,True,1,0.026207447052001953,False,1.3922066688537598,-7.404160505735234,8.881353166354245,-5.2530008464827915,UP,1.3922066688537598,0.9923452637388545,0.38701987916302416,MODERATE,STABLE,NORMAL,NO_ACTION,False,1.3922066688537598
2026-08-12T00:40:08.598911,0.04990249277017732,0.0008607617796096127,0.32116788321167883,True,1,0.026207447052001953,False,1.4239370822906494,-7.579155020370621,10.738438050227984,-5.487689040296885,UP,1.4239370822906494,0.8779879681682344,0.27693608012321536,LOW,STABLE,NORMAL,NO_ACTION,False,1.4239370822906494
2026-08-12T00:40:08.632023,0.054132338602379454,0.002596252675022135,0.32608695652173914,True,1,0.026207447052001953,False,1.4570491313934326,-7.233471889008285,10.968824196780474,-6.010816110011376,UP,1.4570491313934326,0.991930807398834,0.39685796135501944,MODERATE,STABLE,NORMAL,NO_ACTION,False,1.4570491313934326
2026-08-12T00:40:08.662829,0.05209313582015779,0.0022516256662652315,0.33093525179856115,True,1,0.026207447052001953,False,1.4878551959991455,-7.73829885044259,10.947767743245095,-5.813371799355025,UP,1.4878551959991455,0.9923601600008574,0.4008978291291701,MODERATE,STABLE,NORMAL,NO_ACTION,False,1.4878551959991455
2026-08-12T00:40:08.695789,0.04988186576498344,0.003175031983789477,0.3357142857142857,True,1,0.026207447052001953,True,1.5208146572113037,-8.048172698294337,9.945991394271488,-5.321462476451188,UP,1.5208146572113037,0.878724758261072,0.3988877027113788,MODERATE,STABLE,HIGH,STRONG_WARNING,True,1.5208146572113037
2026-08-12T00:40:09.590228,0.06348659609853041,0.01908248317018967,0.3404255319148936,True,1,0.026207447052001953,True,2.4152541160583496,-5.948470307460639,11.376592426872492,-5.850845766312432,UP,2.4152541160583496,0.9924358201517489,0.589367756847999,HIGH,INCREASING,HIGH,STRONG_WARNING,False,2.4152541160583496
2026-08-12T00:40:09.615181,0.06458542177355756,0.006728762819958279,0.34507042253521125,True,1,0.026207447052001953,True,2.440207004547119,-7.393963283658422,10.220189057046213,-5.975708719897199,UP,2.440207004547119,0.9925989690500685,0.594945681689506,HIGH,INCREASING,HIGH,STRONG_WARNING,False,2.440207004547119
2026-08-12T00:40:09.639642,0.05676974199116827,0.006050031630564588,0.34965034965034963,True,1,0.026207447052001953,True,2.464667797088623,-7.5212479151708465,10.053074126360741,-5.80887883178454,UP,2.464667797088623,0.9917478057484568,0.5996044857422909,HIGH,INCREASING,HIGH,STRONG_WARNING,False,2.464667797088623
2026-08-12T00:40:09.662676,0.05085579215873783,0.009826496994952024,0.3541666666666667,True,1,0.026207447052001953,True,2.487701416015625,-7.208155353692604,9.827780980625079,-5.3509281789517615,UP,2.487701416015625,0.9915768068415638,0.6033375870983162,HIGH,INCREASING,HIGH,STRONG_WARNING,False,2.487701416015625
2026-08-12T00:40:09.685391,0.0527947826631628,0.004081490363662905,0.3586206896551724,True,1,0.026207447052001953,True,2.5104172229766846,-7.173458047145999,10.1421099597124,-5.867396491741658,UP,2.5104172229766846,0.9923348283179013,0.6086028416546388,HIGH,INCREASING,HIGH,STRONG_WARNING,False,2.5104172229766846
2026-08-12T00:40:09.704273,0.05059231014379649,0.004235118719065721,0.363013698630137,True,1,0.026207447052001953,True,2.5292985439300537,-7.318604241115793,9.992526493549036,-5.619041403185975,UP,2.5292985439300537,0.992549430941358,0.6125429971276946,HIGH,INCREASING,HIGH,STRONG_WARNING,False,2.5292985439300537
2026-08-12T00:40:09.731748,0.05724354670438698,0.004679795619767367,0.3673469387755102,True,1,0.026207447052001953,True,2.556774139404297,-6.469332384213089,10.644178951029062,-5.806384416954302,UP,2.556774139404297,0.9923986866640947,0.6173819869919553,HIGH,INCREASING,HIGH,STRONG_WARNING,False,2.556774139404297
2026-08-12T00:40:09.756370,0.058895464136075465,0.014261162403983911,0.3716216216216216,True,1,0.026207447052001953,True,2.5813956260681152,-7.517486098194752,10.811851049583197,-5.891104736204397,UP,2.5813956260681152,0.9925392500428669,0.6232755609549328,HIGH,INCREASING,HIGH,STRONG_WARNING,False,2.5813956260681152
2026-08-12T00:40:09.784838,0.05354690155579271,0.0033398496782669636,0.37583892617449666,True,1,0.026207447052001953,True,2.6098639965057373,-5.529511817814921,9.462479527163282,-5.57395578296871,UP,2.6098639965057373,0.9922556852280522,0.6251316504446952,HIGH,INCREASING,HIGH,STRONG_WARNING,False,2.6098639965057373
2026-08-12T00:40:09.815334,0.07806237279135873,0.006093671656231478,0.38,True,1,0.026207447052001953,True,2.640359401702881,-6.405388082471205,11.906212938048611,-5.9173887860100365,UP,2.640359401702881,0.991154728223594,0.6333024474675369,HIGH,INCREASING,HIGH,STRONG_WARNING,False,2.640359401702881
2026-08-12T00:40:09.846827,0.24157586205449544,0.006142058859125779,0.37748344370860926,False,1,2.6718530654907227,False,0.0,-6.117261219807858,14.519771058271658,-6.291323376182987,UP,2.6718530654907227,0.9214528735394619,0.4113087298557328,MODERATE,INCREASING,HIGH,STRONG_WARNING,False,0.0
2026-08-12T00:40:09.878983,0.38599212103273306,0.003445866661769963,0.375,False,1,2.6718530654907227,False,0.0,-6.752986622522286,16.005230370328604,-6.627734003473535,UP,2.7040083408355713,0.921587004006528,0.33241475645350765,LOW,INCREASING,HIGH,STRONG_WARNING,False,0.0
2026-08-12T00:40:09.926551,0.4507514716353036,0.003475561268135733,0.37254901960784315,False,1,2.6718530654907227,False,0.0,-5.959721553755514,14.687474681919156,-5.945133502092347,UP,2.7515766620635986,0.921372902773185,0.33081359749497535,LOW,INCREASING,HIGH,STRONG_WARNING,False,0.0
2026-08-12T00:40:09.958622,0.4723225520257931,0.029270454355575716,0.37012987012987014,False,1,2.6718530654907227,False,0.0,-5.872615904062684,15.818263259264825,-6.218794498901332,UP,2.7836475372314453,0.9214227585565476,0.332039107613687,LOW,INCREASING,HIGH,STRONG_WARNING,False,0.0
2026-08-12T00:40:09.990625,0.4998677457659229,0.006377800498092875,0.36774193548387096,False,1,2.6718530654907227,False,0.0,-6.19085549064971,15.192573827885354,-5.856347348518199,CENTER,0.0,0.9215064983603395,0.20462957532771556,LOW,INCREASING,HIGH,STRONG_WARNING,False,0.0
2026-08-12T00:40:10.024414,0.49739895308350324,0.004609008209383388,0.36538461538461536,False,1,2.6718530654907227,False,0.0,-6.2871772696837525,14.182643645703791,-5.934262418562355,CENTER,0.0,0.9212523930852561,0.20281679362183372,LOW,INCREASING,HIGH,STRONG_WARNING,False,0.0
2026-08-12T00:40:10.055871,0.4879399685796447,0.0033572472291496726,0.3630573248407643,False,1,2.6718530654907227,False,0.0,-5.466557973928474,16.053903119212777,-5.858498971216022,CENTER,0.0,0.9212336598492923,0.20211328999802175,LOW,INCREASING,HIGH,STRONG_WARNING,False,0.0
2026-08-12T00:40:10.086606,0.49565975889635644,0.0044785459446888025,0.36075949367088606,False,1,2.6718530654907227,False,0.0,-5.860238295806909,14.398856132615037,-5.664683822865584,CENTER,0.0,0.9217801080935846,0.19987186860449224,NORMAL,INCREASING,HIGH,STRONG_WARNING,False,0.0
2026-08-12T00:40:10.123164,0.47776823049203054,0.0059321173001060405,0.3584905660377358,False,1,2.6718530654907227,False,0.0,-4.819836393464698,12.833164868764243,-5.2157619434447895,CENTER,0.0,0.9219821931875245,0.19601832226890364,NORMAL,INCREASING,HIGH,STRONG_WARNING,False,0.0
2026-08-12T00:40:10.155555,0.502074144113059,0.010378508370157073,0.35625,False,1,2.6718530654907227,False,0.0,-5.547959609097688,14.091945288515177,-5.449599621221921,CENTER,0.0,0.9214600757596635,0.1967632898578069,NORMAL,INCREASING,HIGH,STRONG_WARNING,False,0.0
2026-08-12T00:40:10.182690,0.5196427043790898,0.007983062207264675,0.35403726708074534,False,1,2.6718530654907227,False,0.0,-4.463896794560185,12.717585752463492,-5.462079995391008,CENTER,0.0,0.9209818682408021,0.193501983962262,NORMAL,INCREASING,HIGH,STRONG_WARNING,False,0.0
2026-08-12T00:40:10.215102,0.5383531273680471,0.006164338324096448,0.35185185185185186,False,1,2.6718530654907227,False,0.0,-5.715179992213507,13.423807945858442,-5.578419450832598,CENTER,0.0,0.9212076746368557,0.1942668919931882,NORMAL,INCREASING,HIGH,STRONG_WARNING,False,0.0
2026-08-12T00:40:10.247684,0.518200718111431,0.005007091439941451,0.3496932515337423,False,1,2.6718530654907227,False,0.0,-5.7666857195079615,13.607947251585529,-5.488407803099307,CENTER,0.0,0.9213162801369904,0.1932425269559887,NORMAL,INCREASING,HIGH,STRONG_WARNING,False,0.0
2026-08-12T00:40:10.279028,0.5296677587795355,0.005753463237455286,0.3475609756097561,False,1,2.6718530654907227,False,0.0,-5.556151575000314,15.692518830551904,-5.616064483597057,CENTER,0.0,0.9209549749764232,0.19361708740165895,NORMAL,INCREASING,HIGH,STRONG_WARNING,False,0.0
2026-08-12T00:40:10.310517,0.5188080450844377,0.006507240690914609,0.34545454545454546,False,1,2.6718530654907227,False,0.0,-5.779928009272737,14.185951432804956,-5.350194939902565,CENTER,0.0,0.9211506166332918,0.19134435236321828,NORMAL,INCREASING,HIGH,STRONG_WARNING,False,0.0
2026-08-12T00:40:10.343683,0.5487419476971092,0.007215694732414669,0.3433734939759036,False,1,2.6718530654907227,False,0.0,-6.376393261446481,14.40944860774232,-5.514549590440737,CENTER,0.0,0.9208976433133695,0.1911917797328218,NORMAL,INCREASING,HIGH,STRONG_WARNING,False,0.0
2026-08-12T00:40:10.375189,0.555642999578263,0.006987861237305357,0.3413173652694611,False,1,2.6718530654907227,False,0.0,-6.213322270255816,15.085152408227287,-5.6922403508651485,CENTER,0.0,0.9198861854010507,0.1906438862363928,NORMAL,INCREASING,HIGH,STRONG_WARNING,False,0.0
2026-08-12T00:40:10.407641,0.5359168324288498,0.002925992478478044,0.3392857142857143,False,1,2.6718530654907227,False,0.0,-5.30067412305246,14.203397148741516,-5.483231487659054,CENTER,0.0,0.9207851195069077,0.18779725822284343,NORMAL,INCREASING,HIGH,STRONG_WARNING,False,0.0
2026-08-12T00:40:10.455132,0.5220248845311083,0.004867593718556004,0.33727810650887574,False,1,2.6718530654907227,False,0.0,-4.942893818880634,14.446558174355147,-5.36759839002471,CENTER,0.0,0.9213475021969307,0.1864596882600805,NORMAL,INCREASING,HIGH,STRONG_WARNING,False,0.0
2026-08-12T00:40:10.487035,0.5116168562994912,0.005748131089907783,0.3352941176470588,False,1,2.6718530654907227,False,0.0,-6.183002644917281,13.487237882330902,-5.56038667308718,CENTER,0.0,0.9211426058736896,0.18614196949108264,NORMAL,INCREASING,HIGH,STRONG_WARNING,False,0.0
2026-08-12T00:40:10.519550,0.4829345772770296,0.0025148475023216536,0.3333333333333333,False,1,2.6718530654907227,False,0.0,-5.961680789109323,13.729384873440296,-5.677792870021165,CENTER,0.0,0.9212316074031207,0.18519866204357555,NORMAL,INCREASING,HIGH,STRONG_WARNING,False,0.0
2026-08-12T00:40:10.553284,0.43152107589361294,0.0045398321844952105,0.3313953488372093,False,1,2.6718530654907227,False,0.0,-5.151383338987387,13.481712826636283,-5.704617209473241,CENTER,0.0,0.9209497381289192,0.18321707653093014,NORMAL,INCREASING,HIGH,STRONG_WARNING,False,0.0
2026-08-12T00:40:10.582707,0.4402666520626767,0.005195755816166259,0.32947976878612717,False,1,2.6718530654907227,False,0.0,-5.767968585625823,12.291589971623068,-5.544529813241155,CENTER,0.0,0.9208055942123506,0.18178193832677111,NORMAL,INCREASING,HIGH,STRONG_WARNING,False,0.0
2026-08-12T00:40:10.615446,0.4340525051397164,0.003836601527893476,0.3275862068965517,False,1,2.6718530654907227,False,0.0,-6.328061187800614,12.665045821435996,-5.5805527824796,CENTER,0.0,0.920169833461934,0.18167461997873208,NORMAL,INCREASING,HIGH,STRONG_WARNING,False,0.0
2026-08-12T00:40:10.651389,0.40787725377670336,0.0041517330568108125,0.32571428571428573,False,1,2.6718530654907227,False,0.0,-6.4040362161367455,13.193904160142552,-5.693616454751833,CENTER,0.0,0.9207688865235523,0.1812871511461705,NORMAL,INCREASING,HIGH,STRONG_WARNING,False,0.0
2026-08-12T00:40:10.686005,0.403963340238471,0.004858391948202155,0.32386363636363635,False,1,2.6718530654907227,False,0.0,-6.153081202308982,12.606301577741789,-5.745942794482801,CENTER,0.0,0.9210514026292744,0.17968196742251702,NORMAL,INCREASING,HIGH,STRONG_WARNING,False,0.0
2026-08-12T00:40:10.710845,0.41078831976490093,0.002791948201196167,0.3220338983050847,False,1,2.6718530654907227,False,0.0,-6.03536983500581,12.377135581176503,-5.666211503840543,CENTER,0.0,0.9207111443712644,0.17835852182722184,NORMAL,INCREASING,HIGH,STRONG_WARNING,False,0.0
2026-08-12T00:40:10.743496,0.3961466245753358,0.0024206218760893694,0.3202247191011236,False,1,2.6718530654907227,False,0.0,-5.095991332042928,11.530515018705955,-5.205082309373012,CENTER,0.0,0.9212183100397437,0.1753744855480999,NORMAL,INCREASING,HIGH,STRONG_WARNING,False,0.0
2026-08-12T00:40:10.776542,0.41903458064242516,0.004639715806214519,0.31843575418994413,False,1,2.6718530654907227,False,0.0,-6.985141509250894,11.393760308755901,-5.447972614885487,CENTER,0.0,0.9209604357271458,0.17647847125048344,NORMAL,INCREASING,HIGH,STRONG_WARNING,False,0.0
2026-08-12T00:40:10.807507,0.4211768409711907,0.0033852399241415757,0.31666666666666665,False,1,2.6718530654907227,False,0.0,-6.721641546482573,11.748951507138855,-5.355970986458601,CENTER,0.0,0.9200276176008598,0.17546768828108325,NORMAL,INCREASING,HIGH,STRONG_WARNING,False,0.0
2026-08-12T00:40:10.840325,0.4112099232965429,0.002070746502648562,0.3149171270718232,False,1,2.6718530654907227,False,0.0,-6.346239584750123,13.81687236102968,-5.317933948165887,CENTER,0.0,0.9201603922095459,0.17569748219002732,NORMAL,INCREASING,HIGH,STRONG_WARNING,False,0.0
2026-08-12T00:40:10.871672,0.4240167130047256,0.005992381497137049,0.3131868131868132,False,1,2.6718530654907227,False,0.0,-6.618500291903757,11.044043267737464,-5.027715533952659,CENTER,0.0,0.9208970835553227,0.17269222350366997,NORMAL,INCREASING,HIGH,STRONG_WARNING,False,0.0
2026-08-12T00:40:10.902647,0.39444296265919,0.006544278603344907,0.3114754098360656,False,1,2.6718530654907227,False,0.0,-6.8807687494958145,14.173442946666796,-5.228143673274758,CENTER,0.0,0.9210401452730012,0.17461928600458806,NORMAL,INCREASING,HIGH,STRONG_WARNING,False,0.0
2026-08-12T00:40:10.941247,0.3973273021957965,0.0038137571028246933,0.30978260869565216,False,1,2.6718530654907227,False,0.0,-6.30813354912226,13.330905853787584,-4.810707205433317,CENTER,0.0,0.921229953007116,0.1721106381619833,NORMAL,INCREASING,HIGH,STRONG_WARNING,False,0.0
2026-08-12T00:40:10.983071,0.4076775022402328,0.006869513265046241,0.3081081081081081,False,1,2.6718530654907227,False,0.0,-7.388171600330423,11.515490055193453,-4.854695165771602,CENTER,0.0,0.9214997688247107,0.17100023346660434,NORMAL,INCREASING,HIGH,STRONG_WARNING,False,0.0
2026-08-12T00:40:11.015558,0.40454695164317295,0.0008463726833635419,0.3064516129032258,False,1,2.6718530654907227,False,0.0,-7.5439947313693665,14.64628716558488,-4.800752464699315,CENTER,0.0,0.9213410711989269,0.17259501547145986,NORMAL,INCREASING,HIGH,STRONG_WARNING,False,0.0
2026-08-12T00:40:11.046729,0.4082924771824462,0.0018969983193357935,0.3048128342245989,False,1,2.6718530654907227,False,0.0,-7.367614596782829,15.093213423643931,-4.906461125639993,CENTER,0.0,0.9208353982185724,0.17200682455926447,NORMAL,INCREASING,HIGH,STRONG_WARNING,False,0.0
2026-08-12T00:40:11.078607,0.40394543802906197,0.0023717582401760274,0.30319148936170215,False,1,2.6718530654907227,False,0.0,-8.251056847944284,14.988639938581883,-4.630819539651952,CENTER,0.0,0.921615029226068,0.17169337852094244,NORMAL,INCREASING,HIGH,STRONG_WARNING,False,0.0
2026-08-12T00:40:11.110528,0.407381382213734,0.003067281408678859,0.30158730158730157,False,1,2.6718530654907227,False,0.0,-8.950017542475337,15.039436528468656,-4.60816459023394,CENTER,0.0,0.9220835591502548,0.17157447219074654,NORMAL,INCREASING,HIGH,STRONG_WARNING,False,0.0
2026-08-12T00:40:11.142866,0.3834319140114901,0.0030643925040029028,0.3,False,1,2.6718530654907227,False,0.0,-9.342598905608668,13.504400290512876,-3.991072985910023,CENTER,0.0,0.9219871812536743,0.16936771893690147,NORMAL,INCREASING,HIGH,STRONG_WARNING,False,0.0
2026-08-12T00:40:11.175380,0.3912342113954198,0.002450103581011459,0.29842931937172773,False,1,2.6718530654907227,False,0.0,-9.701512900563614,14.545293463186084,-4.0894239595405395,CENTER,0.0,0.9215818044762273,0.16979141174433493,NORMAL,INCREASING,HIGH,STRONG_WARNING,False,0.0
2026-08-12T00:40:11.207201,0.40170604120072884,0.0029347861244971318,0.296875,False,1,2.6718530654907227,False,0.0,-9.108003648633911,15.556674021471707,-4.110359486596536,CENTER,0.0,0.9214230695332402,0.16916840605457906,NORMAL,INCREASING,HIGH,STRONG_WARNING,False,0.0
2026-08-12T00:40:11.239066,0.3771574330120112,0.003027394184438739,0.29533678756476683,False,1,2.6718530654907227,False,0.0,-9.224143239826276,14.896621998767984,-3.775856667859159,CENTER,0.0,0.9218982419195817,0.16765164964120943,NORMAL,INCREASING,HIGH,STRONG_WARNING,False,0.0
2026-08-12T00:40:11.303085,0.379194184462364,0.0031329063744657748,0.29381443298969073,False,1,2.6718530654907227,False,0.0,-10.8765729759497,14.25893093815833,-3.588107475349233,CENTER,0.0,0.9224726283099401,0.16784821336376096,NORMAL,INCREASING,HIGH,STRONG_WARNING,False,0.0
2026-08-12T00:40:11.341760,0.3872596275247648,0.0026957786324687963,0.2923076923076923,False,1,2.6718530654907227,False,0.0,-10.364537591510043,13.656708557623205,-3.365164481944248,CENTER,0.0,0.9226432923188567,0.16587314494356906,NORMAL,INCREASING,HIGH,STRONG_WARNING,False,0.0
2026-08-12T00:40:11.377954,0.39661182329832567,0.0033755049494996626,0.29081632653061223,False,1,2.6718530654907227,False,0.0,-8.668749825272414,13.08703248822377,-3.0118716409084243,CENTER,0.0,0.922394436330345,0.16261241125788312,NORMAL,INCREASING,HIGH,STRONG_WARNING,False,0.0
2026-08-12T00:40:11.399144,0.4104856637029578,0.004261577389672911,0.2893401015228426,False,1,2.6718530654907227,False,0.0,-9.328926564436728,14.193481838484047,-3.150845399109812,CENTER,0.0,0.9214505101165981,0.1634775593156259,NORMAL,INCREASING,HIGH,STRONG_WARNING,False,0.0
2026-08-12T00:40:11.421229,0.38905142262351755,0.00584155275501062,0.2878787878787879,False,1,2.6718530654907227,False,0.0,-9.715144171001327,13.217426123420353,-2.8552332893546577,CENTER,0.0,0.9214274107678693,0.1620730424282249,NORMAL,INCREASING,HIGH,STRONG_WARNING,False,0.0
2026-08-12T00:40:11.445100,0.4036098265701417,0.003371286524587727,0.2864321608040201,False,1,2.6718530654907227,False,0.0,-8.923995286362526,14.10254164721411,-2.97001865258639,CENTER,0.0,0.9215131657006295,0.16130702528501614,NORMAL,INCREASING,HIGH,STRONG_WARNING,False,0.0
2026-08-12T00:40:11.470272,0.4075553469430884,0.005849792930935721,0.285,False,1,2.6718530654907227,False,0.0,-9.328190942303621,15.134684249116589,-3.3483955720023744,CENTER,0.0,0.9216235997437169,0.16212259229281362,NORMAL,INCREASING,HIGH,STRONG_WARNING,False,0.0
2026-08-12T00:40:11.511860,0.4142844609958175,0.002104997659907432,0.2835820895522388,False,1,2.6718530654907227,False,0.0,-8.450967350706549,15.846974487910188,-3.270075798682825,CENTER,0.0,0.9211534403016609,0.16096147119419738,NORMAL,INCREASING,HIGH,STRONG_WARNING,False,0.0
2026-08-12T00:40:11.542644,0.39925102226510256,0.0024298796762736545,0.28217821782178215,False,1,2.6718530654907227,False,0.0,-8.209337337199543,14.660850128915854,-3.2609785622032064,CENTER,0.0,0.9219101958636464,0.15908644797424343,NORMAL,INCREASING,HIGH,STRONG_WARNING,False,0.0
2026-08-12T00:40:11.574652,0.38983449891383926,0.003471524972668233,0.28078817733990147,False,1,2.6718530654907227,False,0.0,-8.13488157778815,13.93108978051967,-3.0576443067770356,CENTER,0.0,0.9216452561605918,0.15753481164380778,NORMAL,INCREASING,HIGH,STRONG_WARNING,False,0.0
2026-08-12T00:40:11.606848,0.38814887121785213,0.002637484004480503,0.27941176470588236,False,1,2.6718530654907227,False,0.0,-7.679717453757462,13.804403163262435,-3.217066350565119,CENTER,0.0,0.9209926031562317,0.1564259669801472,NORMAL,INCREASING,NORMAL,NO_ACTION,False,0.0
2026-08-12T00:40:11.640282,0.3954969016748083,0.0009976973434367967,0.2780487804878049,False,1,2.6718530654907227,False,0.0,-8.811172224618446,13.91285940291749,-3.215908116005693,CENTER,0.0,0.9209447998190404,0.15693145770827488,NORMAL,INCREASING,NORMAL,NO_ACTION,False,0.0
2026-08-12T00:40:11.703975,0.3874347119207554,0.004230657834840706,0.2766990291262136,False,1,2.6718530654907227,False,0.0,-7.989844873681392,14.444912702464478,-3.4576136453081006,CENTER,0.0,0.9211403792805702,0.15604732300909208,NORMAL,INCREASING,NORMAL,NO_ACTION,False,0.0
2026-08-12T00:40:11.734854,0.3892606559504629,0.0018795178036392164,0.2753623188405797,False,1,2.6718530654907227,False,0.0,-8.711245511917753,14.83838688770254,-3.3060281081160667,CENTER,0.0,0.9213912379589825,0.15621870998375403,NORMAL,INCREASING,NORMAL,NO_ACTION,False,0.0
2026-08-12T00:40:11.767724,0.40546129925462293,0.003795069379260692,0.27403846153846156,False,1,2.6718530654907227,False,0.0,-7.876790042340673,13.285675568107337,-3.123377432884439,CENTER,0.0,0.9216754706560479,0.15334082788206702,NORMAL,INCREASING,NORMAL,NO_ACTION,False,0.0
2026-08-12T00:40:11.798549,0.37990288404409855,0.004698007636422313,0.2727272727272727,False,1,2.6718530654907227,False,0.0,-8.478071386667693,12.603604467558654,-2.8623340769069046,CENTER,0.0,0.9212974847056878,0.1524860729548038,NORMAL,INCREASING,NORMAL,NO_ACTION,False,0.0
2026-08-12T00:40:11.830971,0.4054116291335329,0.004420246805818236,0.2714285714285714,False,1,2.6718530654907227,False,0.0,-8.092337130720836,13.686986387710874,-3.3030599272313452,CENTER,0.0,0.9206831440298598,0.15267987161855065,NORMAL,INCREASING,NORMAL,NO_ACTION,False,0.0
2026-08-12T00:40:11.863271,0.38076857223125515,0.002514480963657711,0.27014218009478674,False,1,2.6718530654907227,False,0.0,-8.529666021067413,13.749820981767158,-3.51554449296421,CENTER,0.0,0.9213550775891631,0.15270896658136196,NORMAL,INCREASING,NORMAL,NO_ACTION,False,0.0
2026-08-12T00:40:11.896103,0.38617745894181643,0.0024966285175429463,0.2688679245283019,False,1,2.6718530654907227,False,0.0,-7.925817175509422,14.513220753232474,-3.525193029147914,CENTER,0.0,0.9214294383359053,0.15202357450390427,NORMAL,INCREASING,NORMAL,NO_ACTION,False,0.0
2026-08-12T00:40:11.928018,0.396066099789827,0.001089968859864406,0.2676056338028169,False,1,2.6718530654907227,False,0.0,-8.55040618565559,14.162351761772669,-3.694840028988125,CENTER,0.0,0.9214634343079439,0.15189885483307602,NORMAL,INCREASING,NORMAL,NO_ACTION,False,0.0
2026-08-12T00:40:11.947896,0.3826797500570801,0.002231938675860921,0.26635514018691586,False,1,2.6718530654907227,False,0.0,-8.34947302783769,13.136349271032344,-3.5337042163678234,CENTER,0.0,0.9214941214879726,0.15011249273371288,NORMAL,INCREASING,NORMAL,NO_ACTION,False,0.0
2026-08-12T00:40:11.971864,0.380473635315435,0.004775056316858531,0.2651162790697674,False,1,2.6718530654907227,False,0.0,-8.668247359904143,11.738435527011688,-3.4854095908044656,CENTER,0.0,0.921751311651847,0.1486868958694835,NORMAL,INCREASING,NORMAL,NO_ACTION,False,0.0
2026-08-12T00:40:11.997000,0.370258979264632,0.005105100311937874,0.2638888888888889,False,1,2.6718530654907227,False,0.0,-8.632226765610312,14.132098889000872,-3.5764236043196433,CENTER,0.0,0.9217843373766046,0.14990358171117654,NORMAL,INCREASING,NORMAL,NO_ACTION,False,0.0
2026-08-12T00:40:12.072367,0.3903447374070531,0.002779217491454842,0.2626728110599078,False,1,2.6718530654907227,False,0.0,-8.25315471875362,13.48890108070023,-3.4238085195148074,CENTER,0.0,0.9210547860556904,0.1482529924605474,NORMAL,INCREASING,NORMAL,NO_ACTION,False,0.0
2026-08-12T00:40:12.102474,0.36650998226048237,0.002607613154872875,0.26146788990825687,False,1,2.6718530654907227,False,0.0,-9.18189464522061,11.86611693070617,-3.5221539491266753,CENTER,0.0,0.9216648228140922,0.14743484017605196,NORMAL,INCREASING,NORMAL,NO_ACTION,False,0.0
2026-08-12T00:40:12.135449,0.37899256093252565,0.002062667037196947,0.2602739726027397,False,1,2.6718530654907227,False,0.0,-8.596643181204314,12.5149548908999,-3.4624050137047107,CENTER,0.0,0.9219338922876249,0.14665414751455128,NORMAL,INCREASING,NORMAL,NO_ACTION,False,0.0
2026-08-12T00:40:12.166685,0.37066331493790056,0.0035048757003540614,0.2590909090909091,False,1,2.6718530654907227,False,0.0,-8.56547593811095,13.999959962992023,-3.760110252544308,CENTER,0.0,0.9215305182000784,0.1474225205618308,NORMAL,INCREASING,NORMAL,NO_ACTION,False,0.0
2026-08-12T00:40:12.198808,0.3700021881280714,0.002329232999485528,0.2579185520361991,False,1,2.6718530654907227,False,0.0,-8.444799129174726,13.838314300346099,-3.91424123743883,CENTER,0.0,0.9219378230330196,0.14672386693199804,NORMAL,INCREASING,NORMAL,NO_ACTION,False,0.0
2026-08-12T00:40:12.231557,0.39207298721544115,0.0009995466756936506,0.25675675675675674,False,1,2.6718530654907227,False,0.0,-9.563935303795176,13.827673067861213,-4.189776682779183,CENTER,0.0,0.9214600757596635,0.1475097358291066,NORMAL,INCREASING,NORMAL,NO_ACTION,False,0.0
2026-08-12T00:40:12.263481,0.38322640246951606,0.0023241048186000554,0.2556053811659193,False,1,2.6718530654907227,False,0.0,-9.077684647915817,11.077901958283036,-3.642614703417422,CENTER,0.0,0.921777769548856,0.14380476531871503,NORMAL,INCREASING,NORMAL,NO_ACTION,False,0.0
2026-08-12T00:40:12.294349,0.37994009948460516,0.002043039550120622,0.2544642857142857,False,1,2.6718530654907227,False,0.0,-9.576693723028228,13.071088567033115,-4.429717950085603,CENTER,0.0,0.9220902886858833,0.1460000303896976,NORMAL,INCREASING,NORMAL,NO_ACTION,False,0.0
2026-08-12T00:40:12.327658,0.39004797867202007,0.002745472720495373,0.25333333333333335,False,1,2.6718530654907227,False,0.0,-8.962353773684754,12.835386060159777,-5.056731201887089,CENTER,0.0,0.9223503647134651,0.14524638262106418,NORMAL,INCREASING,NORMAL,NO_ACTION,False,0.0
2026-08-12T00:40:12.359794,0.378675205498422,0.0025413752981941137,0.252212389380531,False,1,2.6718530654907227,False,0.0,-9.702277089904868,13.233391187094043,-5.531054837539955,CENTER,0.0,0.9220839820785567,0.14617997742666156,NORMAL,INCREASING,NORMAL,NO_ACTION,False,0.0
2026-08-12T00:40:12.391618,0.3906666466107849,0.0044892670905805334,0.2511013215859031,False,1,2.6718530654907227,False,0.0,-9.065785318633687,11.785593813888255,-5.253533436998026,CENTER,0.0,0.9217284237672693,0.14359526267079234,NORMAL,INCREASING,NORMAL,NO_ACTION,False,0.0
2026-08-12T00:40:12.424438,0.3950922514819524,0.0035925341946985555,0.25,False,1,2.6718530654907227,False,0.0,-9.762561754287958,14.124498708668767,-5.868200083674708,CENTER,0.0,0.9221812182708089,0.14609674122708605,NORMAL,INCREASING,NORMAL,NO_ACTION,False,0.0
2026-08-12T00:40:12.455775,0.3687567052575569,0.0029830264146819244,0.24890829694323144,False,1,2.6718530654907227,False,0.0,-10.425877230739701,14.656724049014798,-6.269083386670616,CENTER,0.0,0.9223517952062512,0.146996030236963,NORMAL,INCREASING,NORMAL,NO_ACTION,False,0.0
2026-08-12T00:40:12.488349,0.39364798463253825,0.0028882729379448835,0.24782608695652175,False,1,2.6718530654907227,False,0.0,-9.62490820925791,14.124224422181669,-6.1304044704610305,CENTER,0.0,0.9223118409207819,0.14508922375842123,NORMAL,INCREASING,NORMAL,NO_ACTION,False,0.0
2026-08-12T00:40:12.518690,0.37939398167103433,0.002002138899957859,0.24675324675324675,False,1,2.6718530654907227,False,0.0,-10.312774320558901,15.133638031188497,-6.057423579408322,CENTER,0.0,0.9230500622718866,0.14590663264568496,NORMAL,INCREASING,NORMAL,NO_ACTION,False,0.0
2026-08-12T00:40:12.567313,0.37638237476294034,0.0008786919842675859,0.24568965517241378,False,1,2.6718530654907227,False,0.0,-11.110852777485121,16.857823181279315,-6.177073320298945,CENTER,0.0,0.9235016128686556,0.14757036942148605,NORMAL,INCREASING,NORMAL,NO_ACTION,False,0.0
2026-08-12T00:40:12.598779,0.388682664239011,0.0027023204579555106,0.2446351931330472,False,1,2.6718530654907227,False,0.0,-10.23976069220717,16.137463683732932,-5.577216399342149,CENTER,0.0,0.9224522904342422,0.14500374434834923,NORMAL,INCREASING,NORMAL,NO_ACTION,False,0.0
2026-08-12T00:40:12.631819,0.38277975111151896,0.0020924182192860867,0.24358974358974358,False,1,2.6718530654907227,False,0.0,-10.94850007870312,14.998579618707964,-5.4137246251485465,CENTER,0.0,0.9217155866493975,0.14414937049870705,NORMAL,INCREASING,NORMAL,NO_ACTION,False,0.0
2026-08-12T00:40:12.663036,0.3751659919734832,0.003281223830023858,0.2425531914893617,False,1,2.6718530654907227,False,0.0,-8.123737087262981,18.582935601555732,-5.0159336345176655,CENTER,0.0,0.9223160328865985,0.1430735635842213,NORMAL,INCREASING,NORMAL,NO_ACTION,False,0.0
2026-08-12T00:40:12.694784,0.3839906416651223,0.003207768369634769,0.24152542372881355,False,1,2.6718530654907227,False,0.0,-8.563929449477968,16.224590348226968,-4.9849158841522865,CENTER,0.0,0.9226423220715756,0.14117448729952914,NORMAL,INCREASING,NORMAL,NO_ACTION,False,0.0
2026-08-12T00:40:12.726464,0.3725519752983122,0.000951642673664232,0.24050632911392406,False,1,2.6718530654907227,False,0.0,-9.035712775438355,16.808104480711165,-4.866107864307594,CENTER,0.0,0.922064602011072,0.14143675991686872,NORMAL,INCREASING,NORMAL,NO_ACTION,False,0.0
2026-08-12T00:40:12.759360,0.3770482432633558,0.002470149058236332,0.23949579831932774,False,1,2.6718530654907227,False,0.0,-9.057065028193591,15.801659048100248,-5.01759893018712,CENTER,0.0,0.9226135380689054,0.14032665477109485,NORMAL,STABLE,NORMAL,NO_ACTION,False,0.0
2026-08-12T00:40:12.793114,0.37097355321993075,0.0037055853456205846,0.2384937238493724,False,1,2.6718530654907227,False,0.0,-8.336462032705924,17.547527747825598,-4.947312689216375,CENTER,0.0,0.9224421650331299,0.1403248536195643,NORMAL,STABLE,NORMAL,NO_ACTION,False,0.0
2026-08-12T00:40:12.823049,0.33395173560502533,0.0020267308367131866,0.2375,False,1,2.6718530654907227,False,0.0,-8.871664708019438,18.82421431294759,-4.882945618404193,CENTER,0.0,0.9213574783292303,0.14124004813231064,NORMAL,STABLE,NORMAL,NO_ACTION,False,0.0
2026-08-12T00:40:12.855396,0.16874162613054317,0.002096730025727099,0.24066390041493776,True,1,2.6718530654907227,False,0.0,-9.203254253262003,16.177058941209225,-4.765794770128167,UP,0.0,0.9221017201891045,0.3504981496475243,MODERATE,STABLE,NORMAL,NO_ACTION,False,0.0
2026-08-12T00:40:12.887920,0.07306555456496966,0.0007336230432786645,0.24380165289256198,True,1,2.6718530654907227,False,0.03252387046813965,-9.411468907014353,14.667743711010104,-4.637776478321058,UP,0.03252387046813965,0.922675347796333,0.3771073956957177,MODERATE,STABLE,NORMAL,NO_ACTION,False,0.03252387046813965
2026-08-12T00:40:12.918747,0.10699736724637829,0.002036445336209004,0.24691358024691357,True,1,2.6718530654907227,False,0.06335067749023438,-8.631109067958647,13.555306519319203,-4.113023129762524,UP,0.06335067749023438,0.9227885308733833,0.3765821468981793,MODERATE,STABLE,NORMAL,NO_ACTION,False,0.06335067749023438
2026-08-12T00:40:12.951207,0.24777214293588262,0.0013613565598389072,0.2459016393442623,False,2,0.0958108901977539,False,0.0,-9.296216234925993,15.640559921730414,-4.281099328778623,UP,0.0958108901977539,0.9928801895790466,0.19295837439206776,NORMAL,STABLE,NORMAL,NO_ACTION,False,0.0
2026-08-12T00:40:12.982635,0.23086456913519143,0.0026892631033924976,0.24489795918367346,False,2,0.0958108901977539,False,0.0,-9.114899370548073,16.35887786794541,-4.198737270310659,UP,0.12723875045776367,0.9932969232253086,0.2152648381925912,LOW,STABLE,NORMAL,NO_ACTION,False,0.0
2026-08-12T00:40:13.014670,0.056268303979449166,0.005682037293238271,0.24796747967479674,True,2,0.0958108901977539,False,0.0,-9.424080936477253,13.229817402520439,-3.508777779543749,UP,0.15927410125732422,0.9931299430941358,0.32199247191020186,LOW,STABLE,NORMAL,NO_ACTION,False,0.0
2026-08-12T00:40:13.047618,0.06167020155327556,0.0013226785778867542,0.25101214574898784,True,2,0.0958108901977539,False,0.03294730186462402,-9.532133038478776,12.083054365116652,-3.551109145088617,UP,0.19222140312194824,0.9931597356181413,0.32283140090755047,LOW,STABLE,NORMAL,NO_ACTION,False,0.03294730186462402
2026-08-12T00:40:13.095185,0.11087546407389322,0.0013176896403864532,0.2540322580645161,True,2,0.0958108901977539,False,0.08051419258117676,-8.672749233027702,14.262773797971562,-3.8023706736024394,UP,0.23978829383850098,0.993913242669753,0.3253300996482888,LOW,STABLE,NORMAL,NO_ACTION,False,0.08051419258117676
2026-08-12T00:40:13.126812,0.25280989843692314,0.003282111499056064,0.25301204819277107,False,3,0.11214208602905273,False,0.0,-8.464649482693858,16.230313564125822,-3.644540444917226,UP,0.27141618728637695,0.9939644284765089,0.1888087540552414,NORMAL,STABLE,NORMAL,NO_ACTION,False,0.0
2026-08-12T00:40:13.159626,0.34090042939233706,0.004430341183602909,0.252,False,3,0.11214208602905273,False,0.0,-7.833442185653496,16.14151095121406,-3.2789245577113775,UP,0.3042299747467041,0.993410614390432,0.12435855551393188,NORMAL,STABLE,NORMAL,NO_ACTION,False,0.0
2026-08-12T00:40:13.190778,0.396087275872009,0.001503956540419729,0.250996015936255,False,3,0.11214208602905273,False,0.0,-8.077018143809681,17.11720705211974,-3.497648496216385,UP,0.33538174629211426,0.992998435356653,0.12500641056653536,NORMAL,STABLE,NORMAL,NO_ACTION,False,0.0
2026-08-12T00:40:13.222949,0.3951991147332165,0.0007944837083491429,0.25,False,3,0.11214208602905273,False,0.0,-8.137486163474705,16.627392892562398,-3.4153309518061405,UP,0.3675525188446045,0.9926919903120712,0.12413360764452847,NORMAL,STABLE,NORMAL,NO_ACTION,False,0.0
2026-08-12T00:40:13.255931,0.4215983128455223,0.0036297581183559074,0.2490118577075099,False,3,0.11214208602905273,False,0.0,-7.651747492153191,15.803615695095885,-3.3592065617528704,CENTER,0.0,0.9933418397419409,0.09652279224101151,NORMAL,STABLE,NORMAL,NO_ACTION,False,0.0
2026-08-12T00:40:13.287630,0.3937450763287572,0.0020866431615018965,0.24803149606299213,False,3,0.11214208602905273,False,0.0,-7.505400221541294,16.284784048478684,-3.4235601888864267,CENTER,0.0,0.9932069562328533,0.09630116505432773,NORMAL,STABLE,NORMAL,NO_ACTION,False,0.0
2026-08-12T00:40:13.318777,0.41534736800391336,0.0028341582843450044,0.24705882352941178,False,3,0.11214208602905273,False,0.0,-6.926843576363979,15.88200159094896,-3.340839209774657,CENTER,0.0,0.993913617755487,0.09488714448556179,NORMAL,STABLE,NORMAL,NO_ACTION,False,0.0
2026-08-12T00:40:13.350514,0.40621745505927287,0.0015739134332150239,0.24609375,False,3,0.11214208602905273,False,0.0,-7.514438896866096,16.422467284844572,-3.617673083303856,CENTER,0.0,0.9935570183899175,0.09562735735329214,NORMAL,STABLE,NORMAL,NO_ACTION,False,0.0
2026-08-12T00:40:13.383927,0.4260852556370783,0.0015828946143615435,0.245136186770428,False,3,0.11214208602905273,False,0.0,-7.594256820496497,18.13149184283384,-3.6537490083230466,CENTER,0.0,0.9928271819272977,0.0964944727364943,NORMAL,STABLE,NORMAL,NO_ACTION,False,0.0
2026-08-12T00:40:13.415894,0.41675937104151095,0.0011009199758160247,0.2441860465116279,False,3,0.11214208602905273,False,0.0,-7.551669769107519,16.795964431397522,-3.327571344735958,CENTER,0.0,0.992769070430384,0.09469974826959847,NORMAL,STABLE,NORMAL,NO_ACTION,False,0.0
2026-08-12T00:40:13.446834,0.41431452855267614,0.00010743460700944495,0.24324324324324326,False,3,0.11214208602905273,False,0.0,-7.644195361094347,18.005323248600348,-3.644231880430681,CENTER,0.0,0.9929417170353224,0.09549580353374598,NORMAL,STABLE,NORMAL,NO_ACTION,False,0.0
2026-08-12T00:40:13.479627,0.387712376363304,0.002943212841821859,0.2423076923076923,False,3,0.11214208602905273,False,0.0,-7.567823152129051,17.582739718555814,-3.5024628868859224,CENTER,0.0,0.9932944315843623,0.09451276695111385,NORMAL,STABLE,NORMAL,NO_ACTION,False,0.0
2026-08-12T00:40:13.510729,0.3860978269134494,0.0032232688470419514,0.2413793103448276,False,3,0.11214208602905273,False,0.0,-7.152867078230344,17.919765094787124,-3.599905560802,CENTER,0.0,0.9932540964720508,0.09398622954142083,NORMAL,STABLE,NORMAL,NO_ACTION,False,0.0
2026-08-12T00:40:13.542825,0.41144347022040556,0.003880442145228554,0.24045801526717558,False,3,0.11214208602905273,False,0.0,-6.911787956393198,17.884989991279923,-3.401479167979744,CENTER,0.0,0.9933439295053155,0.09307723911742687,NORMAL,STABLE,NORMAL,NO_ACTION,False,0.0
2026-08-12T00:40:13.575864,0.4026264788443674,0.006437010524294802,0.23954372623574144,False,3,0.11214208602905273,False,0.0,-7.610044096604327,17.65829080942129,-3.848360377769808,CENTER,0.0,0.9931766948516803,0.0935590922703686,NORMAL,STABLE,NORMAL,NO_ACTION,False,0.0
2026-08-12T00:40:13.623717,0.4141530462572015,0.0038471110962479704,0.23863636363636365,False,3,0.11214208602905273,False,0.0,-7.360513800917829,18.885137834226555,-3.7787365761253113,CENTER,0.0,0.9920634403935183,0.09368413358005366,NORMAL,STABLE,NORMAL,NO_ACTION,False,0.0
2026-08-12T00:40:13.655195,0.41015488059496663,0.0044296950220700055,0.23773584905660378,False,3,0.11214208602905273,False,0.0,-6.341570255785371,16.351501158815694,-3.4936276022500863,CENTER,0.0,0.9919743441358024,0.09014827330259181,NORMAL,STABLE,NORMAL,NO_ACTION,False,0.0
2026-08-12T00:40:13.688316,0.405153632312367,0.0028135142029097073,0.23684210526315788,False,3,0.11214208602905273,False,0.0,-6.6561942456949055,14.852587934243076,-3.4785410063605866,CENTER,0.0,0.9932237413194445,0.08890729638236348,NORMAL,STABLE,NORMAL,NO_ACTION,False,0.0
2026-08-12T00:40:13.718808,0.4315009704411875,0.0018401055392503172,0.23595505617977527,False,3,0.11214208602905273,False,0.0,-6.86426618046994,17.752973625047105,-3.4203574530011167,CENTER,0.0,0.993491110468107,0.09070283179946786,NORMAL,STABLE,NORMAL,NO_ACTION,False,0.0
2026-08-12T00:40:13.750803,0.39791904068974626,0.005850886436562072,0.23507462686567165,False,3,0.11214208602905273,False,0.0,-6.95931777689492,15.849460910528705,-3.3122141041465056,CENTER,0.0,0.9934417197145062,0.0888752510869983,NORMAL,STABLE,NORMAL,NO_ACTION,False,0.0
2026-08-12T00:40:13.783754,0.4051562633484793,0.0026450238634410893,0.2342007434944238,False,3,0.11214208602905273,False,0.0,-7.205332447791449,17.222140329502594,-3.6603849561027175,CENTER,0.0,0.993632638353052,0.09000186763338038,NORMAL,STABLE,NORMAL,NO_ACTION,False,0.0
2026-08-12T00:40:13.814593,0.4136349424546528,0.0017931774972058932,0.23333333333333334,False,3,0.11214208602905273,False,0.0,-7.237570553860422,16.40087709678636,-3.6530612936319926,CENTER,0.0,0.9931128231095679,0.08899901968230137,NORMAL,STABLE,NORMAL,NO_ACTION,False,0.0
2026-08-12T00:40:13.846697,0.404649203356928,0.004693838625247222,0.23247232472324722,False,3,0.11214208602905273,False,0.0,-7.971656402483944,17.480986925353136,-3.5450394150567774,CENTER,0.0,0.9924413392704048,0.08995147111349193,NORMAL,STABLE,NORMAL,NO_ACTION,False,0.0
2026-08-12T00:40:13.880243,0.4044701238751526,0.002772117484510917,0.23161764705882354,False,3,0.11214208602905273,False,0.0,-7.618730221425778,16.418743306729198,-3.3458061726803976,CENTER,0.0,0.9936644536608368,0.08822524726007769,NORMAL,STABLE,NORMAL,NO_ACTION,False,0.0
2026-08-12T00:40:13.911193,0.41090547629019325,0.004490827271114548,0.23076923076923078,False,3,0.11214208602905273,False,0.0,-6.5050699263833,16.615602296476993,-3.302527320118287,CENTER,0.0,0.9940248574674211,0.08682912550277623,NORMAL,STABLE,NORMAL,NO_ACTION,False,0.0
2026-08-12T00:40:13.943552,0.39962229175892605,0.0023023273474990142,0.22992700729927007,False,3,0.11214208602905273,False,0.0,-7.2630266631955465,15.717746779308868,-3.4878476308886945,CENTER,0.0,0.9934996436685528,0.08666790342158737,NORMAL,STABLE,NORMAL,NO_ACTION,False,0.0
2026-08-12T00:40:13.975627,0.40368914940262535,0.0036476240228112775,0.2290909090909091,False,3,0.11214208602905273,False,0.0,-7.187486216174108,16.925275693668596,-3.5473386334583665,CENTER,0.0,0.9937078162508571,0.08710650351275018,NORMAL,STABLE,NORMAL,NO_ACTION,False,0.0
2026-08-12T00:40:14.007212,0.41288439797771925,0.005115036688895303,0.22826086956521738,False,3,0.11214208602905273,False,0.0,-6.569534278250984,15.432241548058897,-3.337549663611213,CENTER,0.0,0.9933367894804527,0.08481609747429629,NORMAL,STABLE,NORMAL,NO_ACTION,False,0.0
2026-08-12T00:40:14.039141,0.41072165851971787,0.002864252482692109,0.22743682310469315,False,3,0.11214208602905273,False,0.0,-6.924518945727698,16.128699715588596,-3.2342140569654703,CENTER,0.0,0.9923061878429357,0.08514940053471695,NORMAL,STABLE,NORMAL,NO_ACTION,False,0.0
2026-08-12T00:40:14.072722,0.3814527425498103,0.0051375113859239326,0.22661870503597123,False,3,0.11214208602905273,False,0.0,-5.693169240097632,15.206175684969423,-3.2259303605969762,CENTER,0.0,0.9926243409207818,0.08288035309113241,NORMAL,STABLE,NORMAL,NO_ACTION,False,0.0
2026-08-12T00:40:14.104645,0.37970788243112463,0.002907944378197857,0.22580645161290322,False,3,0.11214208602905273,False,0.0,-6.740534427780318,15.516964663318248,-3.492847222914662,CENTER,0.0,0.9934592147848079,0.08396429002322105,NORMAL,STABLE,NORMAL,NO_ACTION,False,0.0
2026-08-12T00:40:14.151728,0.3758801382297083,0.0062344932190595255,0.225,False,3,0.11214208602905273,False,0.0,-5.571395344759509,13.339028711702383,-3.0689017742971885,CENTER,0.0,0.993667092656893,0.08045402907309891,NORMAL,STABLE,NORMAL,NO_ACTION,False,0.0
2026-08-12T00:40:14.182675,0.37443979483310036,0.0027712870221684813,0.22419928825622776,False,3,0.11214208602905273,False,0.0,-6.503885701966624,16.403951216375987,-3.4249497410393417,CENTER,0.0,0.9930736668381345,0.08350804302579858,NORMAL,STABLE,NORMAL,NO_ACTION,False,0.0
2026-08-12T00:40:14.215358,0.36115816703364795,0.004636984053532963,0.22340425531914893,False,3,0.11214208602905273,False,0.0,-6.187366832499549,14.564937762479815,-3.371952252997943,CENTER,0.0,0.9936177956747256,0.08142651960740006,NORMAL,STABLE,NORMAL,NO_ACTION,False,0.0
2026-08-12T00:40:14.247601,0.3706411252905634,0.0029443301495919987,0.2226148409893993,False,3,0.11214208602905273,False,0.0,-6.741458809692517,15.273403356393686,-3.6369480870661732,CENTER,0.0,0.9930679467806927,0.08233223326378863,NORMAL,STABLE,NORMAL,NO_ACTION,False,0.0
2026-08-12T00:40:14.279862,0.37593957003674794,0.0031811901918765723,0.22183098591549297,False,3,0.11214208602905273,False,0.0,-7.268491025095159,14.280686922517418,-3.7610934613084908,CENTER,0.0,0.9926324722436556,0.08185040375906442,NORMAL,STABLE,NORMAL,NO_ACTION,False,0.0
2026-08-12T00:40:14.310990,0.3606165458683336,0.0018487437922207893,0.22105263157894736,False,3,0.11214208602905273,False,0.0,-6.727758347047512,16.050477920963687,-4.013103732165405,CENTER,0.0,0.9930963595250342,0.0824613799938562,NORMAL,STABLE,NORMAL,NO_ACTION,False,0.0
2026-08-12T00:40:14.343476,0.3627131374707453,0.001469892372801091,0.2202797202797203,False,3,0.11214208602905273,False,0.0,-6.884592668552671,15.469794464207553,-3.8991565689195227,CENTER,0.0,0.9935607826431756,0.08169684059268698,NORMAL,STABLE,NORMAL,NO_ACTION,False,0.0
2026-08-12T00:40:14.374863,0.3720744710969717,0.0052615393133249805,0.21951219512195122,False,3,0.11214208602905273,False,0.0,-6.646545944971251,14.32486403358888,-3.8262576138019995,CENTER,0.0,0.9933161597650891,0.08018675464183071,NORMAL,STABLE,NORMAL,NO_ACTION,False,0.0
2026-08-12T00:40:14.406742,0.3601772570115721,0.0033452537871786077,0.21875,False,3,0.11214208602905273,False,0.0,-6.86892026383228,14.706613574905163,-3.6711184631351443,CENTER,0.0,0.9931027627743484,0.08014611005969642,NORMAL,STABLE,NORMAL,NO_ACTION,False,0.0
2026-08-12T00:40:14.440223,0.34219691153283094,0.003093391321035204,0.2179930795847751,False,3,0.11214208602905273,False,0.0,-6.921849894253057,17.6119116141588,-4.598801845205884,CENTER,0.0,0.9930133450145748,0.08281021467024047,NORMAL,STABLE,NORMAL,NO_ACTION,False,0.0
2026-08-12T00:40:14.503479,0.3863441611511483,0.004776878571382173,0.21724137931034482,False,3,0.11214208602905273,False,0.0,-7.168840376816917,15.197352446623796,-4.182096341030672,CENTER,0.0,0.992646872856653,0.08052708696529097,NORMAL,STABLE,NORMAL,NO_ACTION,False,0.0
2026-08-12T00:40:14.536663,0.36658622771821836,0.0020595961772977484,0.21649484536082475,False,3,0.11214208602905273,False,0.0,-6.940209779261693,17.08958713480729,-4.559464636480868,UP,0.0,0.993259722758059,0.10766366282626602,NORMAL,STABLE,NORMAL,NO_ACTION,False,0.0
2026-08-12T00:40:14.555216,0.37671676671533505,0.003668933412154675,0.21575342465753425,False,3,0.11214208602905273,False,0.0,-7.1042160222090445,17.137726983390195,-4.514757228457938,UP,0.018552780151367188,0.9932019863468794,0.10744260050259863,NORMAL,STABLE,NORMAL,NO_ACTION,False,0.0
2026-08-12T00:40:14.574067,0.3642890772662153,0.0025208635133640613,0.2150170648464164,False,3,0.11214208602905273,False,0.0,-7.459753428268101,17.69674571378249,-4.9589286648661925,UP,0.03740382194519043,0.9930323538237312,0.10824824634321746,NORMAL,STABLE,NORMAL,NO_ACTION,False,0.0
2026-08-12T00:40:14.600276,0.3754158123929491,0.0016922703116149804,0.21428571428571427,False,3,0.11214208602905273,False,0.0,-7.6417153294556215,17.182887591762693,-5.306079265613079,CENTER,0.0,0.9928046365955076,0.08202096705067782,NORMAL,STABLE,NORMAL,NO_ACTION,False,0.0
2026-08-12T00:40:14.630914,0.3674122020194935,0.0014546819203186529,0.2135593220338983,False,3,0.11214208602905273,False,0.0,-7.112865335188729,15.83018666786532,-4.956465938265438,CENTER,0.0,0.9920848738640261,0.0798348926144744,NORMAL,STABLE,NORMAL,NO_ACTION,False,0.0
2026-08-12T00:40:14.679768,0.36965641669881155,0.0038695890962612005,0.21283783783783783,False,3,0.11214208602905273,False,0.0,-6.712322454656174,14.760969938931623,-4.722217616565672,CENTER,0.0,0.9917157091263717,0.07809065801747204,NORMAL,STABLE,NORMAL,NO_ACTION,False,0.0
2026-08-12T00:40:14.712102,0.3694652729901866,0.004112139152476317,0.21212121212121213,False,3,0.11214208602905273,False,0.0,-6.47845350697591,17.319818539179522,-5.27696576976291,CENTER,0.0,0.992192885159465,0.07988939727205828,NORMAL,STABLE,NORMAL,NO_ACTION,False,0.0
2026-08-12T00:40:14.743134,0.358257672909611,0.0026320451225712556,0.21140939597315436,False,3,0.11214208602905273,False,0.0,-6.487623383185593,16.576389497099655,-5.232817330991622,CENTER,0.0,0.9921723894032922,0.07896288516294943,NORMAL,STABLE,NORMAL,NO_ACTION,False,0.0
2026-08-12T00:40:14.774694,0.3873267014920708,0.0041042469848326804,0.21070234113712374,False,3,0.11214208602905273,False,0.0,-7.188297129276577,17.801519933228064,-5.149281664736094,CENTER,0.0,0.9927226669667354,0.08008845528494249,NORMAL,STABLE,NORMAL,NO_ACTION,False,0.0
2026-08-12T00:40:14.806885,0.3600863425223386,0.0026860855054057194,0.21,False,3,0.11214208602905273,False,0.0,-6.5788029473968095,16.848049997078732,-5.2080727610265285,CENTER,0.0,0.992792379329561,0.07851836086526082,NORMAL,STABLE,NORMAL,NO_ACTION,False,0.0
2026-08-12T00:40:14.840571,0.3930763373989762,0.0034965417611971072,0.20930232558139536,False,3,0.11214208602905273,False,0.0,-7.036307611932443,16.87376688343693,-5.2597905126501985,CENTER,0.0,0.9917188839591906,0.07867845928944467,NORMAL,STABLE,NORMAL,NO_ACTION,False,0.0
2026-08-12T00:40:14.904188,0.3726141381445236,0.0026846030768655237,0.20860927152317882,False,3,0.11214208602905273,False,0.0,-6.137442488216294,15.483890018280306,-4.758970047460792,CENTER,0.0,0.992066923332476,0.07598028692025867,NORMAL,RISING,NORMAL,NO_ACTION,False,0.0
2026-08-12T00:40:14.936000,0.36450550718142477,0.0007177309833902647,0.2079207920792079,False,3,0.11214208602905273,False,0.0,-6.379214447568131,17.080733540988092,-5.182833705863345,CENTER,0.0,0.9921729386359738,0.07743030552251084,NORMAL,STABLE,NORMAL,NO_ACTION,False,0.0
2026-08-12T00:40:14.967204,0.35794257288703796,0.0010522974513326247,0.20723684210526316,False,3,0.11214208602905273,False,0.0,-6.7040133210563795,15.415521980142074,-4.932558377111235,UP,0.0,0.9920359653635117,0.10195744115504374,NORMAL,STABLE,NORMAL,NO_ACTION,False,0.0
2026-08-12T00:40:14.999212,0.34545533143090634,0.0035576787052656114,0.20655737704918034,False,3,0.11214208602905273,False,0.0,-6.13936564948412,15.240971658027263,-5.077266092587621,CENTER,0.0,0.9926704228823731,0.07508725788108635,NORMAL,STABLE,NORMAL,NO_ACTION,False,0.0
2026-08-12T00:40:15.031382,0.3553340295894195,0.002025962048839259,0.20588235294117646,False,3,0.11214208602905273,False,0.0,-5.758665900295341,14.687240163443562,-4.805286834778485,UP,0.0,0.9926311728395062,0.0997213229261093,NORMAL,STABLE,NORMAL,NO_ACTION,False,0.0
2026-08-12T00:40:15.063703,0.3638090211210507,0.002363082312382028,0.20521172638436483,False,3,0.11214208602905273,False,0.0,-6.805736488230309,16.134899695083647,-5.274396103127259,UP,0.03232097625732422,0.9918037203146434,0.10189156657845752,NORMAL,STABLE,NORMAL,NO_ACTION,False,0.0
2026-08-12T00:40:15.084201,0.3637246808460799,0.0024134688003007877,0.20454545454545456,False,3,0.11214208602905273,False,0.0,-6.704280466404612,17.049790672264294,-5.3765371414014,CENTER,0.0,0.9918028763717421,0.07621984489910172,NORMAL,STABLE,NORMAL,NO_ACTION,False,0.0
2026-08-12T00:40:15.112118,0.3650198712339643,0.0019957448990746006,0.20388349514563106,False,3,0.11214208602905273,False,0.0,-6.175542236781126,14.583814012859534,-4.866909501955348,CENTER,0.0,0.9916891852066186,0.07310797418236772,NORMAL,STABLE,NORMAL,NO_ACTION,False,0.0
2026-08-12T00:40:15.136375,0.3724864539207882,0.0015069111691718804,0.2032258064516129,False,3,0.11214208602905273,False,0.0,-6.263778156320541,15.712322703724311,-5.0854982403064355,CENTER,0.0,0.9922247540509259,0.07388962467154442,NORMAL,STABLE,NORMAL,NO_ACTION,False,0.0
2026-08-12T00:40:15.159310,0.361455911055636,0.0026291668729363435,0.20257234726688103,False,3,0.11214208602905273,False,0.0,-6.712349850785728,15.722058518919283,-5.228089454482642,CENTER,0.0,0.9921763679912551,0.07413919448736286,NORMAL,STABLE,NORMAL,NO_ACTION,False,0.0
2026-08-12T00:40:15.223743,0.36386985087808305,0.00374788008253639,0.20192307692307693,False,3,0.11214208602905273,False,0.0,-6.79103483491042,15.94689131432716,-5.019494676655398,CENTER,0.0,0.9926728207518861,0.07385184023672701,NORMAL,STABLE,NORMAL,NO_ACTION,False,0.0
2026-08-12T00:40:15.254745,0.3703539746733957,0.0021077462262825137,0.2012779552715655,False,3,0.11214208602905273,False,0.0,-6.477650606028135,14.863564398210713,-5.115881868618857,CENTER,0.0,0.992987464098937,0.072537916528595,NORMAL,STABLE,NORMAL,NO_ACTION,False,0.0
2026-08-12T00:40:15.304057,0.365253843926958,0.004723265824919888,0.20063694267515925,False,3,0.11214208602905273,False,0.0,-6.119275708023821,15.80288309873896,-5.2193988498595445,CENTER,0.0,0.9921498976551784,0.072650388335001,NORMAL,STABLE,NORMAL,NO_ACTION,False,0.0
2026-08-12T00:40:15.344221,0.36411579097499114,0.002144886080295934,0.2,False,3,0.11214208602905273,False,0.0,-6.260416449502827,15.51566648336356,-4.884882230245751,CENTER,0.0,0.9921492948388203,0.07193826896663158,NORMAL,STABLE,NORMAL,NO_ACTION,False,0.0
2026-08-12T00:40:15.367590,0.3534614021331044,0.003119912331597986,0.19936708860759494,False,3,0.11214208602905273,False,0.0,-6.573155773285123,16.847637743226812,-5.337003958972559,CENTER,0.0,0.9925922576946159,0.07332032537904275,NORMAL,STABLE,NORMAL,NO_ACTION,False,0.0
2026-08-12T00:40:15.398652,0.3737113086293785,0.002876732940865913,0.19873817034700317,False,3,0.11214208602905273,False,0.0,-7.051820360235695,16.39764284163209,-5.22755421487895,CENTER,0.0,0.9923926049168381,0.0730364101499759,NORMAL,STABLE,NORMAL,NO_ACTION,False,0.0
2026-08-12T00:40:15.431246,0.36629900611373856,0.002844420976811936,0.19811320754716982,False,3,0.11214208602905273,False,0.0,-6.2176874129341115,13.997369399002736,-5.037900256274014,CENTER,0.0,0.9930492728695131,0.07000452905802804,NORMAL,STABLE,NORMAL,NO_ACTION,False,0.0
2026-08-12T00:40:15.462858,0.32701989798888764,0.004141125243109608,0.1974921630094044,False,3,0.11214208602905273,False,0.0,-6.247391353345932,16.540629219351672,-5.242522580307394,CENTER,0.0,0.9930109337491427,0.07175645306219643,NORMAL,STABLE,NORMAL,NO_ACTION,False,0.0
2026-08-12T00:40:15.494865,0.3540170055545282,0.0023101269996662816,0.196875,False,3,0.11214208602905273,False,0.0,-6.034604759846104,15.28665519698643,-4.8769122954340105,CENTER,0.0,0.9921092142489712,0.06998524888068586,NORMAL,STABLE,NORMAL,NO_ACTION,False,0.0
2026-08-12T00:40:15.527003,0.3534087078404434,0.006474717641016073,0.19626168224299065,False,3,0.11214208602905273,False,0.0,-5.951964123901064,14.62732478755612,-5.097121523407765,CENTER,0.0,0.9922487461419754,0.06933488038769435,NORMAL,STABLE,NORMAL,NO_ACTION,False,0.0
2026-08-12T00:40:15.559438,0.35019213204547844,0.005272331709806596,0.1956521739130435,False,3,0.11214208602905273,False,0.0,-6.4985926894273405,16.010194925855558,-5.186476663677865,CENTER,0.0,0.9926163435570986,0.070641294520778,NORMAL,STABLE,NORMAL,NO_ACTION,False,0.0
2026-08-12T00:40:15.591399,0.3451987668367902,0.0022867748544290563,0.19504643962848298,False,3,0.11214208602905273,False,0.0,-5.976473022780624,15.200691583675564,-5.232158892607032,CENTER,0.0,0.9926466049382716,0.06929499446912121,NORMAL,STABLE,NORMAL,NO_ACTION,False,0.0
2026-08-12T00:40:15.642327,0.3549087931341151,0.0022292737572951887,0.19444444444444445,False,3,0.11214208602905273,False,0.0,-6.144599358106916,15.159328625509488,-5.256122844279332,CENTER,0.0,0.9926469130444101,0.06914909946146211,NORMAL,STABLE,NORMAL,NO_ACTION,False,0.0
2026-08-12T00:40:15.674562,0.36109831774816376,0.0010075226311298334,0.19384615384615383,False,3,0.11214208602905273,False,0.0,-6.4920001798955695,16.766551499674478,-5.437445027804472,UP,0.0,0.9912195510759603,0.0965198669098863,NORMAL,STABLE,NORMAL,NO_ACTION,False,0.0
2026-08-12T00:40:15.709825,0.3543337437533832,0.004443037893073655,0.19325153374233128,False,3,0.11214208602905273,False,0.0,-6.7399457443445385,15.093426616026903,-5.1629269510191875,UP,0.0352625846862793,0.9877286951303155,0.09498860054123903,NORMAL,STABLE,NORMAL,NO_ACTION,False,0.0
2026-08-12T00:40:15.740332,0.36665239820452344,0.004722817198591973,0.1926605504587156,False,3,0.11214208602905273,False,0.0,-6.355443374066226,14.788186245655368,-5.161479843008635,CENTER,0.0,0.9872340776105968,0.06810100246766247,NORMAL,STABLE,NORMAL,NO_ACTION,False,0.0
2026-08-12T00:40:15.774718,0.29722310760059323,0.002387268394754233,0.19207317073170732,False,3,0.11214208602905273,False,0.0,-5.754687464292886,15.49147979133798,-5.449777348610837,UP,0.0,0.9884927983539095,0.09771688416012146,NORMAL,STABLE,NORMAL,NO_ACTION,False,0.0
2026-08-12T00:40:15.805346,0.33873470570925923,0.002108220866468801,0.19148936170212766,False,3,0.11214208602905273,False,0.0,-6.146028276827337,16.363346079969006,-5.340170365103091,CENTER,0.0,0.9894443372770919,0.06862343689734482,NORMAL,STABLE,NORMAL,NO_ACTION,False,0.0
2026-08-12T00:40:15.833693,0.3368967603721217,0.003047019983741122,0.19090909090909092,False,3,0.11214208602905273,False,0.0,-6.007579419438343,16.679458518788834,-5.339550399804324,CENTER,0.0,0.9895910895704733,0.06842768680331182,NORMAL,STABLE,NORMAL,NO_ACTION,False,0.0
2026-08-12T00:40:15.862793,0.3283673487586187,0.0017807105345991963,0.1903323262839879,False,3,0.11214208602905273,False,0.0,-6.291752005266744,15.704169636316834,-5.158754991285889,CENTER,0.0,0.9888909250685872,0.06753447757971791,NORMAL,STABLE,NORMAL,NO_ACTION,False,0.0
2026-08-12T00:40:15.895456,0.33593336369341886,0.0024033306955151745,0.1897590361445783,False,3,0.11214208602905273,False,0.0,-6.8906480332059346,16.88078460341754,-5.277102661156505,CENTER,0.0,0.9885260872127913,0.06878828910266195,NORMAL,STABLE,NORMAL,NO_ACTION,False,0.0
2026-08-12T00:40:15.931596,0.36106666315764535,0.0036119305832401564,0.1891891891891892,False,3,0.11214208602905273,False,0.0,-5.804457084799026,15.766172547734783,-5.183250314821066,CENTER,0.0,0.9880293397419411,0.06656203004166684,NORMAL,STABLE,NORMAL,NO_ACTION,False,0.0
2026-08-12T00:40:15.964318,0.34292625206495064,0.006340505962012618,0.18862275449101795,False,3,0.11214208602905273,False,0.0,-6.757173732938639,16.460641416383794,-5.2784072554487125,CENTER,0.0,0.9877856813700274,0.06778943699801102,NORMAL,STABLE,NORMAL,NO_ACTION,False,0.0
2026-08-12T00:40:15.990776,0.3266254199432175,0.004602651710706308,0.1880597014925373,False,3,0.11214208602905273,False,0.0,-5.44197806819605,17.122122913793646,-5.3323881823948795,CENTER,0.0,0.9887114331490056,0.06677114405494793,NORMAL,STABLE,NORMAL,NO_ACTION,False,0.0
2026-08-12T00:40:16.022851,0.40622673014932287,0.006575620134651042,0.1875,False,3,0.11214208602905273,False,0.0,-5.376491418477201,17.858399725455456,-5.490953228318801,CENTER,0.0,0.9894838418424211,0.06711267983196584,NORMAL,STABLE,NORMAL,NO_ACTION,False,0.0
2026-08-12T00:40:16.055600,0.410847129004405,0.003461649467833721,0.18694362017804153,False,3,0.11214208602905273,False,0.0,-5.360437640566971,16.67595594078952,-5.196239878513751,CENTER,0.0,0.9891052195859054,0.06568124550907611,NORMAL,STABLE,NORMAL,NO_ACTION,False,0.0
2026-08-12T00:40:16.087353,0.4359744957610632,0.0038571667180024582,0.1863905325443787,False,3,0.11214208602905273,False,0.0,-5.0717453037631515,17.98150690575767,-5.4215585805207525,CENTER,0.0,0.9887074947487997,0.06628657314825069,NORMAL,STABLE,NORMAL,NO_ACTION,False,0.0
2026-08-12T00:40:16.122273,0.4348458656632408,0.0027434715680922984,0.18584070796460178,False,3,0.11214208602905273,False,0.0,-4.837321343105515,18.335863479355737,-5.309578102942481,CENTER,0.0,0.9883481358239026,0.0659340104061781,NORMAL,STABLE,NORMAL,NO_ACTION,False,0.0
2026-08-12T00:40:16.150748,0.43009901912183846,0.002647587007654917,0.18529411764705883,False,3,0.11214208602905273,False,0.0,-5.367902050538362,16.68142998168463,-5.384230256018384,CENTER,0.0,0.988246179483882,0.06504866343883776,NORMAL,STABLE,NORMAL,NO_ACTION,False,0.0
2026-08-12T00:40:16.184365,0.4341803234242905,0.0037427515299036495,0.18475073313782991,False,3,0.11214208602905273,False,0.0,-5.065876512309046,15.523613798392262,-5.2022278673852895,CENTER,0.0,0.9881852012602881,0.0634746696407928,NORMAL,STABLE,NORMAL,NO_ACTION,False,0.0
2026-08-12T00:40:16.214953,0.35823793788875696,0.003917803112735978,0.18421052631578946,False,3,0.11214208602905273,False,0.0,-6.277702624850406,18.072981655129666,-5.828968138704994,CENTER,0.0,0.9890528549382716,0.06681624768113432,NORMAL,STABLE,NORMAL,NO_ACTION,False,0.0
2026-08-12T00:40:16.263180,0.13471026476319684,0.0024508537270510875,0.18658892128279883,True,3,0.11214208602905273,False,0.0,-6.7384603856646095,14.595948770751619,-5.27859257841294,UP,0.0,0.9894634532536007,0.29140795612642434,LOW,STABLE,NORMAL,NO_ACTION,False,0.0
2026-08-12T00:40:16.295226,0.04923391305903756,0.005762501587706539,0.18895348837209303,True,3,0.11214208602905273,False,0.032045841217041016,-6.685332917997101,12.527710671412706,-4.519291135053749,UP,0.032045841217041016,0.875669199643592,0.15513592048038474,NORMAL,STABLE,NORMAL,NO_ACTION,False,0.032045841217041016
2026-08-12T00:40:16.328547,0.07300652873427627,0.004770164631994723,0.19130434782608696,True,3,0.11214208602905273,False,0.06536722183227539,-6.942774071961111,14.367682123354712,-4.916471469398289,UP,0.06536722183227539,0.9882380615569273,0.293448847449368,LOW,STABLE,NORMAL,NO_ACTION,False,0.06536722183227539
2026-08-12T00:40:16.359125,0.12778147599254308,0.002249206093836239,0.1936416184971098,True,3,0.11214208602905273,False,0.09594488143920898,-7.050599052105554,14.812644521413006,-4.983701528485142,UP,0.09594488143920898,0.9881815575703018,0.29510741603607016,LOW,STABLE,NORMAL,NO_ACTION,False,0.09594488143920898
2026-08-12T00:40:16.391399,0.27237408872911517,0.0010786591012608648,0.1930835734870317,False,4,0.1282191276550293,False,0.0,-6.6287524876827035,15.320997106270681,-5.507676753384402,UP,0.1282191276550293,0.9874528195730452,0.132128431543215,NORMAL,STABLE,NORMAL,NO_ACTION,False,0.0
2026-08-12T00:40:16.424076,0.25278699716699754,0.008136754748420606,0.1925287356321839,False,4,0.1282191276550293,False,0.0,-5.427455158521838,15.850805869923988,-5.371835752622474,UP,0.16089558601379395,0.986925033757716,0.15706215967317927,NORMAL,STABLE,NORMAL,NO_ACTION,False,0.0
2026-08-12T00:40:16.455003,0.32145747076847536,0.0022935298556040332,0.19197707736389685,False,4,0.1282191276550293,False,0.0,-5.766759647184244,17.109395520204657,-5.607541118289106,UP,0.19182348251342773,0.9876180850265774,0.09529835470218168,NORMAL,STABLE,NORMAL,NO_ACTION,False,0.0
2026-08-12T00:40:16.486943,0.3094170843677261,0.004744665549770886,0.19142857142857142,False,4,0.1282191276550293,False,0.0,-5.444421982376866,14.914366836941099,-5.165892755928127,UP,0.22376322746276855,0.988569423010974,0.0927031129926665,NORMAL,STABLE,NORMAL,NO_ACTION,False,0.0
2026-08-12T00:40:16.519985,0.3470589385667339,0.0030793415923573257,0.1908831908831909,False,4,0.1282191276550293,False,0.0,-5.929584078720723,16.29476631235923,-5.3897721361326205,UP,0.2568051815032959,0.9887747288665979,0.09411015857778773,NORMAL,STABLE,NORMAL,NO_ACTION,False,0.0
2026-08-12T00:40:16.551849,0.3156056294473877,0.004990052766946911,0.1903409090909091,False,4,0.1282191276550293,False,0.0,-5.336092416018914,15.903765846595832,-5.021599802692776,UP,0.2886691093444824,0.9893698425711591,0.0926305816452739,NORMAL,STABLE,NORMAL,NO_ACTION,False,0.0
2026-08-12T00:40:16.583745,0.3442749911682118,0.006118667084722044,0.18980169971671387,False,4,0.1282191276550293,False,0.0,-5.2299997026062215,15.377122854612736,-4.9785319687123035,UP,0.32056498527526855,0.9886496377743484,0.09183698760351361,NORMAL,STABLE,NORMAL,NO_ACTION,False,0.0
2026-08-12T00:40:16.614620,0.3254914785550728,0.003082465223754917,0.18926553672316385,False,4,0.1282191276550293,False,0.0,-5.637213276041706,16.71875008471619,-5.266315739620126,UP,0.3514397144317627,0.9871681295010288,0.09320711580821797,NORMAL,STABLE,NORMAL,NO_ACTION,False,0.0
2026-08-12T00:40:16.648250,0.3278144777645498,0.002061470656150197,0.18873239436619718,False,4,0.1282191276550293,False,0.0,-6.559732356034317,14.53413890112688,-5.18199084003524,UP,0.3850700855255127,0.9871423691486625,0.09216991983753499,NORMAL,STABLE,NORMAL,NO_ACTION,False,0.0
2026-08-12T00:40:16.678686,0.30135241021533155,0.0026997541439000064,0.18820224719101122,False,4,0.1282191276550293,False,0.0,-5.380925310542864,16.107276494628422,-5.374994899472853,UP,0.41550564765930176,0.9876748569315843,0.09209170941423386,NORMAL,STABLE,NORMAL,NO_ACTION,False,0.0
2026-08-12T00:40:16.710992,0.300869748411289,0.0031656256070874095,0.1876750700280112,False,4,0.1282191276550293,False,0.0,-5.058726901309512,16.42498913574002,-5.34731463118294,UP,0.4478120803833008,0.9879242889446159,0.0917206597544402,NORMAL,STABLE,NORMAL,NO_ACTION,False,0.0
2026-08-12T00:40:16.742731,0.34372235235166476,0.003770230915995737,0.1871508379888268,False,4,0.1282191276550293,False,0.0,-5.860927191821077,14.132066613639466,-4.965310103019789,UP,0.4795510768890381,0.9882078135716735,0.09020717709188866,NORMAL,STABLE,NORMAL,NO_ACTION,False,0.0
2026-08-12T00:40:16.791393,0.34064561378480607,0.0029192506913156765,0.18662952646239556,False,4,0.1282191276550293,False,0.0,-5.707480654104529,16.66068248526483,-5.285475105878277,UP,0.5282132625579834,0.9886451099537037,0.08882252898731102,NORMAL,STABLE,NORMAL,NO_ACTION,False,0.0
2026-08-12T00:40:16.825041,0.33135740264053604,0.0012315890958677477,0.18611111111111112,False,4,0.1282191276550293,False,0.0,-6.4935639832114305,15.414807061510288,-5.153619719531406,UP,0.5618607997894287,0.9877548171724966,0.08975157961942207,NORMAL,STABLE,NORMAL,NO_ACTION,False,0.0
2026-08-12T00:40:16.855223,0.3457134987767607,0.0044521921786855635,0.18559556786703602,False,4,0.1282191276550293,False,0.0,-6.0479958496034385,15.636410496602224,-5.239514041301135,UP,0.5920426845550537,0.9863562698259603,0.09061538403635783,NORMAL,STABLE,NORMAL,NO_ACTION,False,0.0
2026-08-12T00:40:16.887503,0.34402810851355514,0.007340665523694264,0.1850828729281768,False,4,0.1282191276550293,False,0.0,-4.240316396213217,16.249987908799426,-5.136732195155588,UP,0.6243231296539307,0.9872045797968108,0.0903612916230616,NORMAL,STABLE,NORMAL,NO_ACTION,False,0.0
2026-08-12T00:40:16.920276,0.2956105678249053,0.0039201585801856426,0.18457300275482094,False,4,0.1282191276550293,False,0.0,-5.055767864681798,15.74511941598081,-4.913185960920487,UP,0.6570956707000732,0.9877477843149862,0.09758443178851342,NORMAL,STABLE,NORMAL,NO_ACTION,False,0.0
2026-08-12T00:40:16.951493,0.3327799954575051,0.0040494913506288486,0.18406593406593408,False,4,0.1282191276550293,False,0.0,-6.096957966031027,15.059591469142106,-5.0606768048151025,UP,0.6883132457733154,0.9883327573088134,0.0934806350050059,NORMAL,STABLE,NORMAL,NO_ACTION,False,0.0
2026-08-12T00:40:16.983063,0.3371128712025535,0.002364124776306837,0.18356164383561643,False,4,0.1282191276550293,False,0.0,-6.071069365308375,16.708538031833854,-5.41469149980486,UP,0.7198824882507324,0.9891285552769205,0.09610336952399566,NORMAL,STABLE,NORMAL,NO_ACTION,False,0.0
2026-08-12T00:40:17.015849,0.33704139271330524,0.0036379996068621277,0.1830601092896175,False,4,0.1282191276550293,False,0.0,-5.749299986864685,16.66356823751306,-5.2770077809641975,UP,0.7526686191558838,0.9889166720250342,0.09679842008952874,NORMAL,STABLE,NORMAL,NO_ACTION,False,0.0
2026-08-12T00:40:17.047504,0.3250908377550246,0.003103375561047584,0.18256130790190736,False,4,0.1282191276550293,False,0.0,-7.476727635193555,16.496028814676833,-5.369606978724818,UP,0.7843236923217773,0.9882631387174211,0.09955235698297425,NORMAL,STABLE,NORMAL,NO_ACTION,False,0.0
2026-08-12T00:40:17.080554,0.3252560448853148,0.003980398916389926,0.18206521739130435,False,4,0.1282191276550293,False,0.0,-6.4047304253203095,16.18298210273835,-5.03328709350771,CENTER,0.0,0.9873253975908779,0.06373470523242722,NORMAL,STABLE,NORMAL,NO_ACTION,False,0.0
2026-08-12T00:40:17.111742,0.2954799449203152,0.0038213562881631684,0.18157181571815717,False,4,0.1282191276550293,False,0.0,-3.9993968354371816,14.621411959326792,-4.448540631450385,UP,0.0,0.9876839661565501,0.09150760749665642,NORMAL,STABLE,NORMAL,NO_ACTION,False,0.0
2026-08-12T00:40:17.143683,0.32391903817200485,0.002192759469486059,0.1810810810810811,False,4,0.1282191276550293,False,0.0,-5.189394873055136,15.821424740633887,-5.062672430441808,UP,0.03194069862365723,0.9879909202460562,0.08783948618251393,NORMAL,STABLE,NORMAL,NO_ACTION,False,0.0
2026-08-12T00:40:17.174610,0.3460906656896596,0.00686117737253464,0.18059299191374664,False,4,0.1282191276550293,False,0.0,-5.239690370054319,15.568982021429122,-4.654391166670081,UP,0.06286787986755371,0.9883625498328189,0.08706839482252897,NORMAL,STABLE,NORMAL,NO_ACTION,False,0.0
2026-08-12T00:40:17.207416,0.3097632448069483,0.0024896474721520256,0.18010752688172044,False,4,0.1282191276550293,False,0.0,-4.902163272511103,14.660464968507313,-4.597213617114505,UP,0.09567403793334961,0.9891778254672496,0.08578942514516238,NORMAL,STABLE,NORMAL,NO_ACTION,False,0.0
2026-08-12T00:40:17.238578,0.29993726441396984,0.00292717965689112,0.17962466487935658,False,4,0.1282191276550293,False,0.0,-4.82509911458007,16.507918280684294,-4.697947329378934,UP,0.12683606147766113,0.9887008637688615,0.08698870633276581,NORMAL,STABLE,NORMAL,NO_ACTION,False,0.0
2026-08-12T00:40:17.272393,0.3184284642005157,0.0032255005044565395,0.17914438502673796,False,4,0.1282191276550293,False,0.0,-5.0938643086816455,16.258123798466897,-4.654027314477304,UP,0.16065049171447754,0.987518513160151,0.08670102941234073,NORMAL,STABLE,NORMAL,NO_ACTION,False,0.0
2026-08-12T00:40:17.319160,0.34772085415023135,0.002732822491072158,0.17866666666666667,False,4,0.1282191276550293,False,0.0,-5.445587092463313,15.612195916074427,-4.713684555636149,CENTER,0.0,0.9868073907964678,0.06039181048940879,NORMAL,STABLE,NORMAL,NO_ACTION,False,0.0
2026-08-12T00:40:17.351024,0.3216401164506745,0.0027148118749275845,0.17819148936170212,False,4,0.1282191276550293,False,0.0,-5.910411397293387,16.272419223104066,-4.936348065201173,UP,0.0,0.987107379008059,0.0872930750836432,NORMAL,STABLE,NORMAL,NO_ACTION,False,0.0
2026-08-12T00:40:17.382950,0.33992196428441085,0.003362539864256746,0.17771883289124668,False,4,0.1282191276550293,False,0.0,-5.184605802311239,16.146636925198948,-4.809089473422034,CENTER,0.0,0.9873207759987996,0.06014443486082499,NORMAL,STABLE,NORMAL,NO_ACTION,False,0.0
2026-08-12T00:40:17.415562,0.30970715623468276,0.004090577344904078,0.17724867724867724,False,4,0.1282191276550293,False,0.0,-5.362877221331956,15.743259307361683,-4.902004028554359,CENTER,0.0,0.9874564364711934,0.05987917080917554,NORMAL,STABLE,NORMAL,NO_ACTION,False,0.0
2026-08-12T00:40:17.447882,0.3187029244348174,0.003820150338132035,0.17678100263852242,False,4,0.1282191276550293,False,0.0,-5.048095476932701,15.107803566868938,-4.743276063531795,CENTER,0.0,0.9884331865140604,0.05873042093429903,NORMAL,STABLE,NORMAL,NO_ACTION,False,0.0
2026-08-12T00:40:17.479077,0.3115022647277288,0.004082610214395799,0.1763157894736842,False,4,0.1282191276550293,False,0.0,-6.107344931994049,16.011061571107575,-4.905979705661252,UP,0.0,0.9883335744598766,0.08632686293001379,NORMAL,STABLE,NORMAL,NO_ACTION,False,0.0
2026-08-12T00:40:17.512620,0.34231386539801595,0.0017234649178021555,0.17585301837270342,False,4,0.1282191276550293,False,0.0,-5.958464131027,14.948237956116259,-4.800228447805807,CENTER,0.0,0.9876090025934499,0.05908268130464504,NORMAL,STABLE,NORMAL,NO_ACTION,False,0.0
2026-08-12T00:40:17.543863,0.2973358516575311,0.0037011785987630906,0.17539267015706805,False,4,0.1282191276550293,False,0.0,-5.573966976119209,15.258400245048307,-4.909268218015512,CENTER,0.0,0.9876258278677982,0.06236345582500898,NORMAL,STABLE,NORMAL,NO_ACTION,False,0.0
2026-08-12T00:40:17.575455,0.32507909757852443,0.0027126573331345033,0.17493472584856398,False,4,0.1282191276550293,False,0.0,-4.826051584200542,16.42189357165671,-4.864265270875876,CENTER,0.0,0.9878492717978394,0.05865903562351506,NORMAL,STABLE,NORMAL,NO_ACTION,False,0.0
2026-08-12T00:40:17.607790,0.3200438504949486,0.00800335451607276,0.17447916666666666,False,4,0.1282191276550293,False,0.0,-5.368039913388543,15.052543354907783,-4.6081078166350835,UP,0.0,0.9884972324031207,0.08371752542227096,NORMAL,STABLE,NORMAL,NO_ACTION,False,0.0
2026-08-12T00:40:17.639872,0.33572714385787294,0.003832103249615581,0.17402597402597403,False,4,0.1282191276550293,False,0.0,-5.7175515013095435,15.280764430300337,-5.007474149273236,UP,0.03208184242248535,0.9886889414008918,0.08437689713543178,NORMAL,STABLE,NORMAL,NO_ACTION,False,0.0
2026-08-12T00:40:17.705039,0.3129994857446909,0.0038376443483618436,0.17357512953367876,False,4,0.1282191276550293,False,0.0,-5.588762521114859,15.430588389866386,-5.121606539390967,UP,0.09724950790405273,0.987942226080247,0.08424556732889664,NORMAL,STABLE,NORMAL,NO_ACTION,False,0.0
2026-08-12T00:40:17.727309,0.31319771715392164,0.0028957717431995844,0.1731266149870801,False,4,0.1282191276550293,False,0.0,-5.367786393573169,15.520304831130147,-4.90804563472679,UP,0.11951923370361328,0.9879554344564472,0.0836676621951266,NORMAL,STABLE,NORMAL,NO_ACTION,False,0.0
2026-08-12T00:40:17.749402,0.31540094897928095,0.0035985908337879285,0.17268041237113402,False,4,0.1282191276550293,False,0.0,-5.4061072789785385,15.676793506502037,-4.948176537271053,UP,0.14161229133605957,0.9869267082475994,0.08363312665220698,NORMAL,STABLE,NORMAL,NO_ACTION,False,0.0
2026-08-12T00:40:17.777073,0.31679236015450407,0.0031837796214746967,0.17223650385604114,False,4,0.1282191276550293,False,0.0,-5.184516674340728,15.350892536168175,-5.016565366047018,UP,0.16928315162658691,0.9869427431627228,0.08302827183562653,NORMAL,STABLE,NORMAL,NO_ACTION,False,0.0
2026-08-12T00:40:17.799567,0.2818209204493123,0.0028382306120119695,0.1717948717948718,False,4,0.1282191276550293,False,0.0,-5.495637160157031,16.6981488540697,-5.162879372918667,UP,0.19177770614624023,0.9874559140303498,0.10845973946555015,NORMAL,STABLE,NORMAL,NO_ACTION,False,0.0
2026-08-12T00:40:17.847621,0.2715627655634436,0.003299186576030305,0.17135549872122763,False,4,0.1282191276550293,False,0.0,-5.799187579634122,16.929151117716458,-4.927482214439607,UP,0.23983144760131836,0.9883324358067558,0.12215005681088853,NORMAL,STABLE,NORMAL,NO_ACTION,False,0.0
2026-08-12T00:40:17.878717,0.2850731240253677,0.0027391810039042682,0.17091836734693877,False,4,0.1282191276550293,False,0.0,-5.29394665020402,15.822266880448097,-5.293291179424983,UP,0.27092766761779785,0.988462416409465,0.10298399562998249,NORMAL,STABLE,NORMAL,NO_ACTION,False,0.0
2026-08-12T00:40:17.910865,0.2770609242911598,0.0038322696714213015,0.17048346055979643,False,4,0.1282191276550293,False,0.0,-5.754181553889481,16.595481467523825,-5.143905188313113,UP,0.30307483673095703,0.9885923032407407,0.11430724396257336,NORMAL,STABLE,NORMAL,NO_ACTION,False,0.0
2026-08-12T00:40:17.942784,0.3049703322971751,0.002670470717323839,0.1700507614213198,False,4,0.1282191276550293,False,0.0,-5.95346769271174,15.868968039243555,-5.151367315631404,UP,0.3349945545196533,0.9878707052683471,0.08317984689518476,NORMAL,STABLE,NORMAL,NO_ACTION,False,0.0
2026-08-12T00:40:17.975037,0.2998323201798619,0.0023463355186995444,0.16962025316455695,False,4,0.1282191276550293,False,0.0,-4.880619899183131,14.95461635548682,-5.035565017927269,UP,0.3672475814819336,0.9870468160579561,0.0813831747416057,NORMAL,STABLE,NORMAL,NO_ACTION,False,0.0
2026-08-12T00:40:18.008023,0.3093667849383303,0.0027132228973189825,0.1691919191919192,False,4,0.1282191276550293,False,0.0,-5.222882391509955,14.351912895919952,-5.0647177640948655,UP,0.40023326873779297,0.9865933641975309,0.08086780794841013,NORMAL,STABLE,NORMAL,NO_ACTION,False,0.0
2026-08-12T00:40:18.038944,0.3294843220844021,0.0020302584306279787,0.16876574307304787,False,4,0.1282191276550293,False,0.0,-5.618783228742302,15.780814313092435,-5.088910414507154,UP,0.4311544895172119,0.9870679280264062,0.08209123871540498,NORMAL,STABLE,NORMAL,NO_ACTION,False,0.0
2026-08-12T00:40:18.102780,0.32936357753257417,0.0029318612461883375,0.16834170854271358,False,4,0.1282191276550293,False,0.0,-5.709975524882708,15.897360941182342,-4.975442524653317,UP,0.49499011039733887,0.9883972988468793,0.08194194344324539,NORMAL,STABLE,NORMAL,NO_ACTION,False,0.0
2026-08-12T00:40:18.135661,0.30743391145338667,0.004246762766235034,0.16791979949874686,False,4,0.1282191276550293,False,0.0,-5.500919560130825,14.449434646258595,-4.890251251746747,UP,0.5278713703155518,0.9888248831875858,0.0772763412301162,NORMAL,STABLE,NORMAL,NO_ACTION,False,0.0
2026-08-12T00:40:18.166921,0.3044476474538733,0.0030707269015756724,0.1675,False,4,0.1282191276550293,False,0.0,-4.899744004356904,15.640523474702405,-4.528874731133442,UP,0.5591311454772949,0.9884433540166324,0.07835436055881041,NORMAL,STABLE,NORMAL,NO_ACTION,False,0.0
2026-08-12T00:40:18.199426,0.274786317219851,0.0020062928947903783,0.16708229426433915,False,4,0.1282191276550293,False,0.0,-5.38364979632027,16.800432980970868,-4.778480976400317,UP,0.5916366577148438,0.98775749635631,0.11471638094073991,NORMAL,STABLE,NORMAL,NO_ACTION,False,0.0
2026-08-12T00:40:18.231881,0.2917167414820403,0.003042450706807395,0.16666666666666666,False,4,0.1282191276550293,False,0.0,-6.076892318479935,14.181527760060732,-4.301566875420093,UP,0.624091625213623,0.9874106358239025,0.09165793475959529,NORMAL,STABLE,NORMAL,NO_ACTION,False,0.0
2026-08-12T00:40:18.250717,0.2891677573228868,0.007652483349920785,0.1662531017369727,False,4,0.1282191276550293,False,0.0,-5.2904096443778315,14.303144337776217,-4.225874178136138,UP,0.6429274082183838,0.9874130872770918,0.09492360634861906,NORMAL,STABLE,NORMAL,NO_ACTION,False,0.0
2026-08-12T00:40:18.271035,0.28046433831736506,0.003362286468098608,0.16584158415841585,False,4,0.1282191276550293,False,0.0,-4.9359895756885805,14.38373033759163,-4.616311491143904,UP,0.6632449626922607,0.9879920321073387,0.1072957178660777,NORMAL,STABLE,NORMAL,NO_ACTION,False,0.0
2026-08-12T00:40:18.294607,0.33696230556061113,0.003943136279707138,0.1654320987654321,False,4,0.1282191276550293,False,0.0,-6.0002834348738645,14.202068460982844,-4.5415282221333655,UP,0.6868174076080322,0.9883018127357681,0.08288656067800314,NORMAL,STABLE,NORMAL,NO_ACTION,False,0.0
2026-08-12T00:40:18.327159,0.3309048789130429,0.004042548277566945,0.16502463054187191,False,4,0.1282191276550293,False,0.0,-4.512448089187103,14.808608003051859,-4.1596936648935525,UP,0.7193689346313477,0.9889787755058299,0.08273102620368726,NORMAL,STABLE,NORMAL,NO_ACTION,False,0.0
2026-08-12T00:40:18.375164,0.32001729206219953,0.005586931237540039,0.16461916461916462,False,4,0.1282191276550293,False,0.0,-5.161513817091873,13.667887542612874,-4.10742433435675,UP,0.7673745155334473,0.9891888235168038,0.08435937424264707,NORMAL,STABLE,NORMAL,NO_ACTION,False,0.0
2026-08-12T00:40:18.407201,0.2965811548533724,0.003416773599876698,0.1642156862745098,False,4,0.1282191276550293,False,0.0,-5.788368175632257,15.15145042269171,-4.299480435825643,UP,0.7994115352630615,0.9880093128429355,0.09196440864380191,NORMAL,STABLE,NORMAL,NO_ACTION,False,0.0
2026-08-12T00:40:18.438699,0.3209803958247737,0.008311782009581492,0.16381418092909536,False,4,0.1282191276550293,False,0.0,-4.610212289866496,16.075571111723377,-4.462746565038032,UP,0.8309094905853271,0.9873848888674555,0.08826022642347199,NORMAL,STABLE,NORMAL,NO_ACTION,False,0.0
2026-08-12T00:40:18.503953,0.3518021936136828,0.004425908152569449,0.16341463414634147,False,4,0.1282191276550293,False,0.0,-4.571281230038608,16.280597850773177,-4.450677603772135,UP,0.8961632251739502,0.9878778051054526,0.09098707859993659,NORMAL,STABLE,NORMAL,NO_ACTION,False,0.0
2026-08-12T00:40:18.535606,0.3225133120719219,0.0028292569040157534,0.1630170316301703,False,4,0.1282191276550293,False,0.0,-5.042201596101705,16.88847827216867,-4.6461772005583555,UP,0.9278161525726318,0.9878660033007545,0.09324066668658255,NORMAL,STABLE,NORMAL,NO_ACTION,False,0.0
2026-08-12T00:40:18.566902,0.3189942253617578,0.0041882103857893965,0.16262135922330098,False,4,0.1282191276550293,False,0.0,-5.776155595162976,17.32871409381235,-4.710348863625512,UP,0.9591119289398193,0.9887439852323389,0.09548549433822198,NORMAL,STABLE,NORMAL,NO_ACTION,False,0.0
2026-08-12T00:40:18.599776,0.33695823162473415,0.004559191673607894,0.162227602905569,False,4,0.1282191276550293,False,0.0,-5.146570413492157,16.177308955433574,-4.548934102385289,CENTER,0.0,0.9891167132844648,0.05213382523218332,NORMAL,STABLE,NORMAL,NO_ACTION,False,0.0
2026-08-12T00:40:18.630830,0.3626328115242576,0.006349476983642449,0.16183574879227053,False,4,0.1282191276550293,False,0.0,-5.25237505159464,16.227666459425393,-4.6011021039079765,CENTER,0.0,0.988483729316701,0.05212638928509316,NORMAL,STABLE,NORMAL,NO_ACTION,False,0.0
2026-08-12T00:40:18.662740,0.3337834354516883,0.004612071560685685,0.1614457831325301,False,4,0.1282191276550293,False,0.0,-4.864622367517569,15.29660752474777,-4.379251499617709,CENTER,0.0,0.9880505052940672,0.05067194961360204,NORMAL,STABLE,NORMAL,NO_ACTION,False,0.0
2026-08-12T00:40:18.695107,0.34565495058493995,0.003018730147653674,0.16105769230769232,False,4,0.1282191276550293,False,0.0,-5.777158592925218,15.582678293508337,-4.412171551796234,CENTER,0.0,0.9880769622342249,0.051594950245926544,NORMAL,STABLE,NORMAL,NO_ACTION,False,0.0
2026-08-12T00:40:18.726987,0.3441411467593185,0.002594301918406526,0.1606714628297362,False,4,0.1282191276550293,False,0.0,-4.932774935264689,15.347791944108536,-4.18983874932178,CENTER,0.0,0.9882105731310015,0.05020498692262235,NORMAL,STABLE,NORMAL,NO_ACTION,False,0.0
2026-08-12T00:40:18.758964,0.3488973557305943,0.005104089820969407,0.16028708133971292,False,4,0.1282191276550293,False,0.0,-5.636639000017908,18.093566290363754,-4.591250304200599,CENTER,0.0,0.988332074116941,0.05306019491325552,NORMAL,STABLE,NORMAL,NO_ACTION,False,0.0
2026-08-12T00:40:18.785227,0.33914527491453195,0.0059518809857208,0.15990453460620524,False,4,0.1282191276550293,False,0.0,-5.661669380919932,17.757116550094906,-4.622481105280144,CENTER,0.0,0.9883878949116941,0.05268010750191938,NORMAL,STABLE,NORMAL,NO_ACTION,False,0.0
2026-08-12T00:40:18.810219,0.32655580796116385,0.0034379879749011875,0.1595238095238095,False,4,0.1282191276550293,False,0.0,-4.411058429241734,14.751072027134029,-4.108241269759958,UP,0.0,0.9889696796767833,0.0746192268620217,NORMAL,STABLE,NORMAL,NO_ACTION,False,0.0
2026-08-12T00:40:18.833484,0.3610836492191518,0.006214264521414618,0.15914489311163896,False,4,0.1282191276550293,False,0.0,-4.616671203826769,16.357436572504355,-4.372660692336467,UP,0.023265361785888672,0.9886384521819274,0.07604254442485944,NORMAL,STABLE,NORMAL,NO_ACTION,False,0.0
2026-08-12T00:40:18.903551,0.34056114646142177,0.007685965417750029,0.15876777251184834,False,4,0.1282191276550293,False,0.0,-5.058455879619856,16.675556051801493,-4.366847221555361,UP,0.09333252906799316,0.9880133985982511,0.07650356120557916,NORMAL,STABLE,NORMAL,NO_ACTION,False,0.0
2026-08-12T00:40:18.935126,0.337378891122652,0.003665513418402104,0.15839243498817968,False,4,0.1282191276550293,False,0.0,-4.914392378609705,15.471548284919606,-4.4049310918922515,UP,0.1249074935913086,0.9879094998499657,0.07534427681960773,NORMAL,STABLE,NORMAL,NO_ACTION,False,0.0
2026-08-12T00:40:18.966618,0.3933529909903594,0.0028500427837680913,0.1580188679245283,False,4,0.1282191276550293,False,0.0,-4.394251098755717,14.780990998981167,-4.3425224368570525,CENTER,0.0,0.9879041548782579,0.048097783458785064,NORMAL,STABLE,NORMAL,NO_ACTION,False,0.0
2026-08-12T00:40:19.001472,0.381382405148299,0.0054261413713969095,0.15764705882352942,False,4,0.1282191276550293,False,0.0,-4.666435108263244,14.616832973586185,-4.0733478173365825,CENTER,0.0,0.9883721814986283,0.0477962182654879,NORMAL,STABLE,NORMAL,NO_ACTION,False,0.0
2026-08-12T00:40:19.030322,0.35121926844002027,0.0025398340909982,0.1572769953051643,False,4,0.1282191276550293,False,0.0,-5.029434735741489,15.360752186867899,-4.244980860645995,CENTER,0.0,0.988814220036008,0.04866329295443396,NORMAL,STABLE,NORMAL,NO_ACTION,False,0.0
2026-08-12T00:40:19.063512,0.3599377689871443,0.004339542193177886,0.15690866510538642,False,4,0.1282191276550293,False,0.0,-4.681713006630446,15.929619195673922,-4.5834046710735095,CENTER,0.0,0.9884721150548696,0.048881022698468925,NORMAL,STABLE,NORMAL,NO_ACTION,False,0.0
2026-08-12T00:40:19.095212,0.3742149377210543,0.0038194339722786162,0.15654205607476634,False,4,0.1282191276550293,False,0.0,-4.928698981275602,15.491512296377039,-4.539152977643255,CENTER,0.0,0.9880961719821674,0.048576533248910675,NORMAL,STABLE,NORMAL,NO_ACTION,False,0.0
2026-08-12T00:40:19.127146,0.35620231312977413,0.002317252643380352,0.1561771561771562,False,4,0.1282191276550293,False,0.0,-5.879936505381579,16.222663029302055,-4.902312163204243,CENTER,0.0,0.9883232328103565,0.05018785195726777,NORMAL,STABLE,NORMAL,NO_ACTION,False,0.0
2026-08-12T00:40:19.158783,0.37374656580716653,0.0019529799793440625,0.1558139534883721,False,4,0.1282191276550293,False,0.0,-5.0376274873208615,13.259370141706853,-4.2815778872312364,CENTER,0.0,0.9881392532578873,0.04645723813313561,NORMAL,STABLE,NORMAL,NO_ACTION,False,0.0
2026-08-12T00:40:19.191398,0.37869559133069153,0.0026832242612649364,0.1554524361948956,False,4,0.1282191276550293,False,0.0,-5.02269949540576,14.867768649062782,-4.352028997056607,CENTER,0.0,0.9878295396090534,0.04749156733673468,NORMAL,STABLE,NORMAL,NO_ACTION,False,0.0
2026-08-12T00:40:19.223142,0.38571478562345746,0.0032618212432850933,0.1550925925925926,False,4,0.1282191276550293,False,0.0,-5.255771218810025,14.733095348514695,-4.305494189161095,CENTER,0.0,0.9882221338091564,0.04739400962604762,NORMAL,STABLE,NORMAL,NO_ACTION,False,0.0
2026-08-12T00:40:19.255695,0.3685337598186546,0.004011019570920965,0.15473441108545036,False,4,0.1282191276550293,False,0.0,-4.110143878137791,15.795188741049316,-4.068943995753671,CENTER,0.0,0.9886097447273663,0.0466510005490822,NORMAL,STABLE,NORMAL,NO_ACTION,False,0.0
2026-08-12T00:40:19.288027,0.3648605949765297,0.0029057042506335385,0.1543778801843318,False,4,0.1282191276550293,False,0.0,-5.350599355240689,15.05483715063096,-4.388589027691154,CENTER,0.0,0.9886511113254459,0.04744035573637077,NORMAL,STABLE,NORMAL,NO_ACTION,False,0.0
2026-08-12T00:40:19.319597,0.36707112216660237,0.0032772729729678702,0.15402298850574714,False,4,0.1282191276550293,False,0.0,-5.151280449474484,14.971082675890926,-4.507190578440685,CENTER,0.0,0.9885150489754801,0.047124692730861256,NORMAL,STABLE,NORMAL,NO_ACTION,False,0.0
2026-08-12T00:40:19.352312,0.37977448243749196,0.003677283708084028,0.1536697247706422,False,4,0.1282191276550293,False,0.0,-4.934799583638124,15.282144235583758,-4.161051855051255,CENTER,0.0,0.9882837148491083,0.04663093460753617,NORMAL,STABLE,NORMAL,NO_ACTION,False,0.0
2026-08-12T00:40:19.383524,0.35347258680446436,0.0036424953634100607,0.15331807780320367,False,4,0.1282191276550293,False,0.0,-4.691293682089366,12.774921913184556,-3.8877751457739578,CENTER,0.0,0.9882366014017491,0.04414669693239981,NORMAL,STABLE,NORMAL,NO_ACTION,False,0.0
2026-08-12T00:40:19.432278,0.2676761445416654,0.0025965268095084646,0.15296803652968036,False,4,0.1282191276550293,False,0.0,-5.474944520057704,15.298959072992204,-4.556785717177775,CENTER,0.0,0.9877741876714677,0.090291925101563,NORMAL,STABLE,NORMAL,NO_ACTION,False,0.0
2026-08-12T00:40:19.463995,0.07103594776483135,0.0012771777055334281,0.1548974943052392,True,4,0.1282191276550293,False,0.0,-5.627082163854965,13.99639951307222,-4.105679189886217,UP,0.0,0.9880667679398147,0.2729295466230707,LOW,STABLE,NORMAL,NO_ACTION,False,0.0
2026-08-12T00:40:19.495551,0.05976238500176917,0.0031639645927865868,0.15681818181818183,True,4,0.1282191276550293,False,0.03155660629272461,-5.945605206619717,10.431640726150533,-3.152533896585112,UP,0.03155660629272461,0.9891953205375514,0.2707042246440265,LOW,STABLE,NORMAL,NO_ACTION,False,0.03155660629272461
2026-08-12T00:40:19.527839,0.10362210351029182,0.009517831869069671,0.15873015873015872,True,4,0.1282191276550293,False,0.06384420394897461,-4.6276168894356715,11.17137223228238,-3.5093418061524346,UP,0.06384420394897461,0.9885577417695472,0.27126888249896075,LOW,STABLE,NORMAL,NO_ACTION,False,0.06384420394897461
2026-08-12T00:40:19.559981,0.21316598998689143,0.0038798656218807653,0.1583710407239819,False,5,0.09598588943481445,False,0.0,-4.964961506314012,13.689575316303063,-4.016696564286065,UP,0.09598588943481445,0.9886503343621399,0.1895001199536732,NORMAL,STABLE,NORMAL,NO_ACTION,False,0.0
2026-08-12T00:40:19.591046,0.3073217180328018,0.003718315681098505,0.1580135440180587,False,5,0.09598588943481445,False,0.0,-5.403039535869368,16.548664387522706,-4.264259639572714,UP,0.12705087661743164,0.9881690189900549,0.07626783623562886,NORMAL,STABLE,NORMAL,NO_ACTION,False,0.0
2026-08-12T00:40:19.623080,0.33067706777993494,0.008946805181763802,0.15765765765765766,False,5,0.09598588943481445,False,0.0,-4.790422046119062,16.485792885346456,-4.344012403212872,UP,0.15908527374267578,0.9874003879458162,0.0755313568638987,NORMAL,STABLE,NORMAL,NO_ACTION,False,0.0
2026-08-12T00:40:19.655116,0.367238490172202,0.0030845101840205977,0.15730337078651685,False,5,0.09598588943481445,False,0.0,-4.818316534322037,15.623735401308323,-3.9804619010964473,UP,0.19112133979797363,0.9871974129801098,0.07440839204682853,NORMAL,STABLE,NORMAL,NO_ACTION,False,0.0
2026-08-12T00:40:19.687359,0.366100378354402,0.002833237016482159,0.15695067264573992,False,5,0.09598588943481445,False,0.0,-4.789894752704527,14.896447504432984,-3.869857648110127,UP,0.22336459159851074,0.9886155585562414,0.07357290257315234,NORMAL,STABLE,NORMAL,NO_ACTION,False,0.0
2026-08-12T00:40:19.719970,0.3717618302151836,0.003737830258911635,0.15659955257270694,False,5,0.09598588943481445,False,0.0,-4.585803863925378,16.070589869229934,-4.237269214193844,CENTER,0.0,0.9892557361325446,0.048402606007875076,NORMAL,STABLE,NORMAL,NO_ACTION,False,0.0
2026-08-12T00:40:19.751870,0.36687296954890286,0.003610560031220073,0.15625,False,5,0.09598588943481445,False,0.0,-4.687075613001753,15.405200782461833,-4.1494882869805565,CENTER,0.0,0.9889975030006859,0.047760262098427625,NORMAL,STABLE,NORMAL,NO_ACTION,False,0.0
2026-08-12T00:40:19.782862,0.3586704291599508,0.004995367122190556,0.155902004454343,False,5,0.09598588943481445,False,0.0,-5.199680312729413,16.136200872792642,-4.01758902852697,CENTER,0.0,0.9890703098208162,0.048480814075027884,NORMAL,STABLE,NORMAL,NO_ACTION,False,0.0
2026-08-12T00:40:19.815782,0.3729638000150337,0.005585586585582826,0.15555555555555556,False,5,0.09598588943481445,False,0.0,-4.928379419357356,14.594757101144125,-3.888312337929108,CENTER,0.0,0.9882413703489369,0.04680858330228735,NORMAL,STABLE,NORMAL,NO_ACTION,False,0.0
2026-08-12T00:40:19.846988,0.3773794613450969,0.0032387318509595996,0.15521064301552107,False,5,0.09598588943481445,False,0.0,-5.017846268772047,15.81812430117472,-3.86016797792621,CENTER,0.0,0.9875999067644032,0.04757872129617022,NORMAL,STABLE,NORMAL,NO_ACTION,False,0.0
2026-08-12T00:40:19.878832,0.38418888845814725,0.0022441638693809587,0.15486725663716813,False,5,0.09598588943481445,False,0.0,-4.737389336124153,16.155260959969297,-4.178851455363883,CENTER,0.0,0.9883759725437242,0.047687326440735554,NORMAL,STABLE,NORMAL,NO_ACTION,False,0.0
2026-08-12T00:40:19.910410,0.36674450513085866,0.00228904828661518,0.1545253863134658,False,5,0.09598588943481445,False,0.0,-4.497913944482065,14.762671788984306,-3.897242470355394,CENTER,0.0,0.9888940463177297,0.04600884747787985,NORMAL,STABLE,NORMAL,NO_ACTION,False,0.0
2026-08-12T00:40:19.960191,0.3676569151638557,0.005529629184268326,0.15418502202643172,False,5,0.09598588943481445,False,0.0,-4.0071859326854735,13.96678876911173,-3.835488280118028,CENTER,0.0,0.9890358287251372,0.04473184103286659,NORMAL,STABLE,NORMAL,NO_ACTION,False,0.0
2026-08-12T00:40:19.991029,0.3609112933149646,0.0028574621592218153,0.15384615384615385,False,5,0.09598588943481445,False,0.0,-4.670177161815843,14.870928077864136,-3.991289054073178,CENTER,0.0,0.988570816186557,0.0460038628168349,NORMAL,STABLE,NORMAL,NO_ACTION,False,0.0
2026-08-12T00:40:20.024086,0.3794062164573826,0.003485514022322739,0.15350877192982457,False,5,0.09598588943481445,False,0.0,-4.6369156399492795,14.303834654755775,-4.031221727813119,CENTER,0.0,0.9884495295353224,0.04543202845859969,NORMAL,STABLE,NORMAL,NO_ACTION,False,0.0
2026-08-12T00:40:20.054906,0.36207963075244803,0.002604383563138064,0.15317286652078774,False,5,0.09598588943481445,False,0.0,-4.550990347269902,14.55843900775119,-3.9298128449980823,CENTER,0.0,0.9878725806970164,0.04526756080299075,NORMAL,STABLE,NORMAL,NO_ACTION,False,0.0
2026-08-12T00:40:20.088041,0.3562141236541296,0.002139458897943479,0.15283842794759825,False,5,0.09598588943481445,False,0.0,-5.028650750617459,14.82999322787316,-3.9489987291590296,CENTER,0.0,0.9881089918767147,0.04577490858186265,NORMAL,STABLE,NORMAL,NO_ACTION,False,0.0
2026-08-12T00:40:20.120338,0.34213446239116907,0.0034458684642743173,0.15250544662309368,False,5,0.09598588943481445,False,0.0,-4.391342122472253,13.677668682201187,-3.78131599589571,CENTER,0.0,0.9888269863468793,0.0440010066589724,NORMAL,STABLE,NORMAL,NO_ACTION,False,0.0
2026-08-12T00:40:20.150250,0.35437525499217193,0.003878354032905191,0.15217391304347827,False,5,0.09598588943481445,False,0.0,-4.928530549928894,13.589671174681513,-3.9059184844605284,CENTER,0.0,0.9891542620456104,0.04440896625508782,NORMAL,STABLE,NORMAL,NO_ACTION,False,0.0
2026-08-12T00:40:20.183032,0.37602243187778006,0.003634309864886806,0.15184381778741865,False,5,0.09598588943481445,False,0.0,-4.6960119680854575,14.214741809717992,-3.9445866376898664,CENTER,0.0,0.9889395790466392,0.04450868774703004,NORMAL,STABLE,NORMAL,NO_ACTION,False,0.0
2026-08-12T00:40:20.215755,0.3699288691522318,0.004005494556332393,0.15151515151515152,False,5,0.09598588943481445,False,0.0,-4.912151901750178,12.807395125866236,-3.8967099230201256,CENTER,0.0,0.988332877872085,0.04348996880936907,NORMAL,STABLE,NORMAL,NO_ACTION,False,0.0
2026-08-12T00:40:20.247590,0.3691580395289179,0.003355120114090481,0.1511879049676026,False,5,0.09598588943481445,False,0.0,-5.112445204763702,13.872421250044567,-3.630398864057355,CENTER,0.0,0.9878005910279493,0.04403195841584635,NORMAL,STABLE,NORMAL,NO_ACTION,False,0.0
2026-08-12T00:40:20.279207,0.37617051607982266,0.0021943051152528495,0.15086206896551724,False,5,0.09598588943481445,False,0.0,-4.5883330584783835,13.311434775097126,-4.1129351133816385,CENTER,0.0,0.9880346311299727,0.043423847467305085,NORMAL,STABLE,NORMAL,NO_ACTION,False,0.0
2026-08-12T00:40:20.311553,0.3426343089338079,0.0032094111391408778,0.15053763440860216,False,5,0.09598588943481445,False,0.0,-4.406735356366852,14.166376559153179,-4.027282301563616,CENTER,0.0,0.9878371216992455,0.043621735797252155,NORMAL,STABLE,NORMAL,NO_ACTION,False,0.0
2026-08-12T00:40:20.343345,0.37068488381890685,0.004725322131419239,0.15021459227467812,False,5,0.09598588943481445,False,0.0,-4.375688166577248,12.932525935628831,-3.8257295561102467,CENTER,0.0,0.9881722206147119,0.04234511526825154,NORMAL,STABLE,NORMAL,NO_ACTION,False,0.0
2026-08-12T00:40:20.374632,0.36388100646372873,0.0024396062569785873,0.14989293361884368,False,5,0.09598588943481445,False,0.0,-4.931421453938526,12.270914624037147,-4.112755907470984,CENTER,0.0,0.9878032836076818,0.04251800186739857,NORMAL,STABLE,NORMAL,NO_ACTION,False,0.0
2026-08-12T00:40:20.407204,0.38507903321425463,0.005975314998835809,0.14957264957264957,False,5,0.09598588943481445,False,0.0,-4.409170406837745,12.856430766943646,-3.879879009339021,CENTER,0.0,0.9869459983710562,0.042053572370620976,NORMAL,STABLE,NORMAL,NO_ACTION,False,0.0
2026-08-12T00:40:20.439010,0.37581852254297365,0.0027908353625213946,0.14925373134328357,False,5,0.09598588943481445,False,0.0,-4.191292921351618,13.253012413645905,-3.7189399956527893,CENTER,0.0,0.9869512361754117,0.04181574707564955,NORMAL,STABLE,NORMAL,NO_ACTION,False,0.0
2026-08-12T00:40:20.486774,0.38149393742195825,0.002264266030978424,0.14893617021276595,False,5,0.09598588943481445,False,0.0,-4.626117822008553,13.16788830677092,-3.9741078914238415,CENTER,0.0,0.9870686915937928,0.042259925496430206,NORMAL,STABLE,NORMAL,NO_ACTION,False,0.0
2026-08-12T00:40:20.519114,0.35905030794898485,0.004583040134886436,0.14861995753715498,False,5,0.09598588943481445,False,0.0,-4.659997419694918,13.69720759017764,-4.0126731753809395,CENTER,0.0,0.9868743837877229,0.04255386704563068,NORMAL,STABLE,NORMAL,NO_ACTION,False,0.0
2026-08-12T00:40:20.551955,0.3680403090820383,0.002904624016845787,0.1483050847457627,False,5,0.09598588943481445,False,0.0,-4.996311669226344,15.550247368222898,-4.583204263832812,CENTER,0.0,0.9870423284250686,0.04460799562991411,NORMAL,STABLE,NORMAL,NO_ACTION,False,0.0
2026-08-12T00:40:20.583857,0.3783705630240596,0.002951030285339142,0.14799154334038056,False,5,0.09598588943481445,False,0.0,-3.386938163515424,13.441470785758725,-3.8172131027934313,CENTER,0.0,0.9872309295696159,0.04064083142005418,NORMAL,STABLE,NORMAL,NO_ACTION,False,0.0
2026-08-12T00:40:20.614778,0.3903916533834581,0.004061613450607673,0.14767932489451477,False,5,0.09598588943481445,False,0.0,-4.025910878601621,14.266077361887483,-4.051657504445842,CENTER,0.0,0.9866062778635116,0.04192133972562923,NORMAL,STABLE,NORMAL,NO_ACTION,False,0.0
2026-08-12T00:40:20.647907,0.3834113399093849,0.005654999000074847,0.14736842105263157,False,5,0.09598588943481445,False,0.0,-4.6694727639271605,13.465650565071627,-4.061086000540172,CENTER,0.0,0.9860664759087792,0.04181660733724346,NORMAL,STABLE,NORMAL,NO_ACTION,False,0.0
2026-08-12T00:40:20.679404,0.3623626952999168,0.0020997102300702904,0.14705882352941177,False,5,0.09598588943481445,False,0.0,-4.261231955729471,13.308435470806216,-3.8815769150213555,CENTER,0.0,0.9872940243484225,0.04098228296175191,NORMAL,STABLE,NORMAL,NO_ACTION,False,0.0
2026-08-12T00:40:20.711218,0.3837177460834078,0.0030468454045698527,0.14675052410901468,False,5,0.09598588943481445,False,0.0,-4.8911505379303435,13.711001460705916,-3.813224217445992,CENTER,0.0,0.9878595464677641,0.04165964250352771,NORMAL,STABLE,NORMAL,NO_ACTION,False,0.0
2026-08-12T00:40:20.743720,0.4032813948693583,0.005472246117006744,0.14644351464435146,False,5,0.09598588943481445,False,0.0,-4.249680424981619,13.303405253267584,-3.6140849317015125,CENTER,0.0,0.9878678251457476,0.04040228701523052,NORMAL,STABLE,NORMAL,NO_ACTION,False,0.0
2026-08-12T00:40:20.774804,0.4133084538687464,0.007262067673395948,0.14613778705636743,False,5,0.09598588943481445,False,0.0,-3.7029266113373467,12.246918682985495,-3.430402549364487,CENTER,0.0,0.9881507469564472,0.03878302213916389,NORMAL,STABLE,NORMAL,NO_ACTION,False,0.0
2026-08-12T00:40:20.806984,0.3861317107560185,0.004016696109052027,0.14583333333333334,False,5,0.09598588943481445,False,0.0,-4.706443756848216,12.84623493501158,-3.582201515942046,CENTER,0.0,0.987899801204561,0.04017616141945454,NORMAL,STABLE,NORMAL,NO_ACTION,False,0.0
2026-08-12T00:40:20.839019,0.2738709082871228,0.007404199442642231,0.14553014553014554,False,5,0.09598588943481445,False,0.0,-4.011880345520012,12.142219560330489,-3.439500875075936,CENTER,0.0,0.9873682377400549,0.07354864664749937,NORMAL,STABLE,NORMAL,NO_ACTION,False,0.0
2026-08-12T00:40:20.871576,0.11750055416138219,0.005292417101119478,0.14730290456431536,True,5,0.09598588943481445,False,0.0,-5.681651938003569,13.011852207507218,-3.7220456539984355,UP,0.0,0.9872485585991084,0.2681043135946926,LOW,STABLE,NORMAL,NO_ACTION,False,0.0
2026-08-12T00:40:20.903353,0.07714482329522918,0.0030816165793456844,0.14906832298136646,True,5,0.09598588943481445,False,0.03177762031555176,-4.605136535146897,9.257079788868538,-2.8990919122609284,UP,0.03177762031555176,0.9876540932570302,0.2644461242875551,LOW,STABLE,NORMAL,NO_ACTION,False,0.03177762031555176
2026-08-12T00:40:20.936037,0.06386118625991788,0.0030121908277142106,0.15082644628099173,True,5,0.09598588943481445,False,0.06446075439453125,-5.052843629381016,10.952234715307611,-3.0896678045802446,UP,0.06446075439453125,0.9882644247256517,0.26716410737129187,LOW,STABLE,NORMAL,NO_ACTION,False,0.06446075439453125
2026-08-12T00:40:20.968396,0.13337162158690588,0.002413322037793386,0.15257731958762888,True,5,0.09598588943481445,False,0.09682011604309082,-4.501519175059656,12.373066107266027,-3.460815231758744,UP,0.09682011604309082,0.9877084940843621,0.26889219622599836,LOW,STABLE,NORMAL,NO_ACTION,False,0.09682011604309082
2026-08-12T00:40:21.016042,0.26853604118707375,0.0028398143926830857,0.1522633744855967,False,6,0.14446640014648438,False,0.0,-5.313882526180123,16.20478667148987,-4.187824640221521,UP,0.14446640014648438,0.9877711601937585,0.11493688145338501,NORMAL,STABLE,NORMAL,NO_ACTION,False,0.0
2026-08-12T00:40:21.046919,0.3480911447247437,0.002993197461121338,0.15195071868583163,False,6,0.14446640014648438,False,0.0,-4.926313040933508,16.824952889785834,-4.587421800781982,UP,0.17534303665161133,0.987856934263546,0.07328808849978347,NORMAL,STABLE,NORMAL,NO_ACTION,False,0.0
2026-08-12T00:40:21.078348,0.40233596807208716,0.006228791134555755,0.15163934426229508,False,6,0.14446640014648438,False,0.0,-4.4540959040320445,15.528568777119176,-4.131801075387983,UP,0.2067725658416748,0.9880823473936899,0.07130265037628623,NORMAL,STABLE,NORMAL,NO_ACTION,False,0.0
2026-08-12T00:40:21.112139,0.4115753927080183,0.004635892476600893,0.15132924335378323,False,6,0.14446640014648438,False,0.0,-5.012362632394428,17.860211840157348,-4.46428526592365,UP,0.24056315422058105,0.9876522312242798,0.07368932450057081,NORMAL,STABLE,NORMAL,NO_ACTION,False,0.0
2026-08-12T00:40:21.143717,0.4221958901646372,0.003605144618744032,0.1510204081632653,False,6,0.14446640014648438,False,0.0,-5.025336469953629,18.162377506907262,-4.528957806112402,CENTER,0.0,0.9881719393004117,0.04782790825061074,NORMAL,STABLE,NORMAL,NO_ACTION,False,0.0
2026-08-12T00:40:21.175806,0.4232270091265276,0.0029312917191939955,0.15071283095723015,False,6,0.14446640014648438,False,0.0,-4.777455467189014,17.63216502867479,-4.219852554958891,CENTER,0.0,0.9879994266546639,0.04675483127991152,NORMAL,STABLE,NORMAL,NO_ACTION,False,0.0
2026-08-12T00:40:21.206740,0.4259890986313538,0.0059734535567947085,0.15040650406504066,False,6,0.14446640014648438,False,0.0,-4.467670915086842,16.819292785914428,-4.078903352626554,CENTER,0.0,0.9877105972436558,0.04558055352458995,NORMAL,STABLE,NORMAL,NO_ACTION,False,0.0
2026-08-12T00:40:21.238920,0.4234578664416091,0.0030628048671698885,0.15010141987829614,False,6,0.14446640014648438,False,0.0,-4.56882626342059,16.57670832715911,-3.7775921093634963,CENTER,0.0,0.9883775666580933,0.04506006883070321,NORMAL,STABLE,NORMAL,NO_ACTION,False,0.0
2026-08-12T00:40:21.304528,0.40744207148873124,0.00643697309923599,0.14979757085020243,False,6,0.14446640014648438,False,0.0,-4.432763590796668,14.94847623481104,-2.898226303345524,CENTER,0.0,0.9881459110296639,0.042754378900157215,NORMAL,STABLE,NORMAL,NO_ACTION,False,0.0
2026-08-12T00:40:21.337726,0.4277163586787328,0.002622338170972327,0.1494949494949495,False,6,0.14446640014648438,False,0.0,-4.814525380270709,12.382395478157605,-2.498846435718548,CENTER,0.0,0.9885467035322358,0.040732822119318966,NORMAL,STABLE,NORMAL,NO_ACTION,False,0.0
2026-08-12T00:40:21.366850,0.4155801468020574,0.0017920170080941687,0.14919354838709678,False,6,0.14446640014648438,False,0.0,-4.209187756879089,11.667482269741498,-1.8192805896206607,CENTER,0.0,0.9890414818029836,0.0388284809072133,NORMAL,STABLE,NORMAL,NO_ACTION,False,0.0
2026-08-12T00:40:21.398738,0.4480109988721599,0.0032631937338822303,0.1488933601609658,False,6,0.14446640014648438,False,0.0,-5.886114263764824,12.467875816496303,-1.8167856829822142,CENTER,0.0,0.9889988559885117,0.04086886441519034,NORMAL,STABLE,NORMAL,NO_ACTION,False,0.0
2026-08-12T00:40:21.422465,0.40684045070907254,0.002932759813121136,0.14859437751004015,False,6,0.14446640014648438,False,0.0,-5.740012188275358,9.320515277480524,-1.4022435680179512,CENTER,0.0,0.9890526807913238,0.037906399776297714,NORMAL,STABLE,NORMAL,NO_ACTION,False,0.0
2026-08-12T00:40:21.445083,0.43567352052194086,0.006091384361060898,0.14829659318637275,False,6,0.14446640014648438,False,0.0,-5.884612079530285,8.929530363110757,-0.8084543379516163,CENTER,0.0,0.9893120659722222,0.0370425769241193,NORMAL,STABLE,NORMAL,NO_ACTION,False,0.0
2026-08-12T00:40:21.472073,0.3952462137793449,0.004300474746724859,0.148,False,6,0.14446640014648438,False,0.0,-7.185399757404468,10.966119326874292,-1.1488786223867749,CENTER,0.0,0.9904273834019204,0.039945576472171146,NORMAL,STABLE,NORMAL,NO_ACTION,False,0.0
2026-08-12T00:40:21.495229,0.41147298228829343,0.0023800292569747406,0.14770459081836326,False,6,0.14446640014648438,False,0.0,-7.884546060633767,7.754085116789099,-0.14487510830022643,CENTER,0.0,0.9907542840149176,0.037184503193243526,NORMAL,STABLE,NORMAL,NO_ACTION,False,0.0
2026-08-12T00:40:21.542691,0.38886948280711275,0.0021607644204310037,0.14741035856573706,False,6,0.14446640014648438,False,0.0,-7.338490077580417,7.440252687303115,0.5838139657901138,CENTER,0.0,0.9906924618484225,0.03670758048768499,NORMAL,STABLE,NORMAL,NO_ACTION,False,0.0
2026-08-12T00:40:21.575514,0.3730015770298891,0.003245588073910498,0.147117296222664,False,6,0.14446640014648438,False,0.0,-7.900079921539174,10.800726535053087,0.05762250930010282,CENTER,0.0,0.9908482697830931,0.039022145542271125,NORMAL,STABLE,NORMAL,NO_ACTION,False,0.0
2026-08-12T00:40:21.607793,0.38777610854123284,0.003193621176616409,0.14682539682539683,False,6,0.14446640014648438,False,0.0,-6.1712684327324325,4.2194150856579995,1.3910728845797564,CENTER,0.0,0.9900748429998286,0.03374230835419648,NORMAL,STABLE,NORMAL,NO_ACTION,False,0.0
2026-08-12T00:40:21.640275,0.4067204178914837,0.005125172601995805,0.14653465346534653,False,6,0.14446640014648438,False,0.0,-7.636386723429723,9.808482809000537,0.34816942417529617,CENTER,0.0,0.9898664292909807,0.038040062829459965,NORMAL,STABLE,NORMAL,NO_ACTION,False,0.0
2026-08-12T00:40:21.703773,0.39273344539278443,0.002182192077793052,0.14624505928853754,False,6,0.14446640014648438,False,0.0,-6.24910141260068,6.944500221695932,0.6280838152573835,CENTER,0.0,0.9904974172668038,0.03476047669046804,NORMAL,STABLE,NORMAL,NO_ACTION,False,0.0
2026-08-12T00:40:21.735197,0.38638603766836976,0.002484552591336268,0.14595660749506903,False,6,0.14446640014648438,False,0.0,-6.126610677790978,6.733408914445192,0.2754744848137989,CENTER,0.0,0.9901568126286009,0.03400629219417916,NORMAL,STABLE,NORMAL,NO_ACTION,False,0.0
2026-08-12T00:40:21.767944,0.38917382628670005,0.004816657073659531,0.14566929133858267,False,6,0.14446640014648438,False,0.0,-6.822566418223886,9.330795231896843,-0.26550090681402594,CENTER,0.0,0.989784553433642,0.03639909964977186,NORMAL,STABLE,NORMAL,NO_ACTION,False,0.0
2026-08-12T00:40:21.798781,0.39698075136025124,0.002791010581525321,0.14538310412573674,False,6,0.14446640014648438,False,0.0,-6.004535707128412,7.458985252083949,0.006859718251320146,CENTER,0.0,0.9896985650291494,0.03386734811751689,NORMAL,STABLE,NORMAL,NO_ACTION,False,0.0
2026-08-12T00:40:21.830749,0.38925015318078837,0.0031099676800143616,0.1450980392156863,False,6,0.14446640014648438,False,0.0,-6.98699125032573,9.703742493989182,-0.6961951430984925,CENTER,0.0,0.9894052613811729,0.03695590201013273,NORMAL,STABLE,NORMAL,NO_ACTION,False,0.0
2026-08-12T00:40:21.863215,0.3853562464540411,0.005735615150550109,0.14481409001956946,False,6,0.14446640014648438,False,0.0,-6.279925278710749,10.211554609015593,-0.4019874327976538,CENTER,0.0,0.9891162042395406,0.03621649113478556,NORMAL,STABLE,NORMAL,NO_ACTION,False,0.0
2026-08-12T00:40:21.895744,0.37446337681670844,0.0059929039338747995,0.14453125,False,6,0.14446640014648438,False,0.0,-6.477368969176268,9.783958835288388,-0.5066077683744368,CENTER,0.0,0.9898743462791495,0.03605712842460896,NORMAL,STABLE,NORMAL,NO_ACTION,False,0.0
2026-08-12T00:40:21.927782,0.37947197583362746,0.00014189436402603563,0.1442495126705653,False,6,0.14446640014648438,False,0.0,-6.011197660440899,5.094528988012172,0.10779283075839885,CENTER,0.0,0.990754324202675,0.031696499595927796,NORMAL,STABLE,NORMAL,NO_ACTION,False,0.0
2026-08-12T00:40:21.949154,0.38804784407905946,0.0015171197707136298,0.14396887159533073,False,6,0.14446640014648438,False,0.0,-5.886384000560639,5.516377584065339,0.24542161299098098,CENTER,0.0,0.9908046794624485,0.03187318797698448,NORMAL,STABLE,NORMAL,NO_ACTION,False,0.0
2026-08-12T00:40:21.975394,0.3967386142963826,0.004422127345639485,0.1436893203883495,False,6,0.14446640014648438,False,0.0,-5.717668440140329,10.046064282792031,-0.7030771124804289,CENTER,0.0,0.9902508117926955,0.03528309122686305,NORMAL,STABLE,NORMAL,NO_ACTION,False,0.0
2026-08-12T00:40:21.999614,0.3871118461597716,0.005585258500583153,0.1434108527131783,False,6,0.14446640014648438,False,0.0,-6.5769648100929885,9.661401929560355,-0.5313863119513087,CENTER,0.0,0.9899372133273319,0.03552818438620317,NORMAL,STABLE,NORMAL,NO_ACTION,False,0.0
2026-08-12T00:40:22.025737,0.362211402802893,0.006928038243239957,0.14313346228239845,False,6,0.14446640014648438,False,0.0,-6.640363464780705,9.030958518430396,-0.40772226446284776,CENTER,0.0,0.9896638026191702,0.03487613558822608,NORMAL,STABLE,NORMAL,NO_ACTION,False,0.0
2026-08-12T00:40:22.104002,0.39805506248477796,0.007679912626471632,0.14285714285714285,False,6,0.14446640014648438,False,0.0,-5.899954243635847,4.053287608088198,0.8541382234052435,CENTER,0.0,0.9900368521733538,0.030859886706378393,NORMAL,STABLE,NORMAL,NO_ACTION,False,0.0
2026-08-12T00:40:22.136530,0.40315287162619273,0.0014698851716364386,0.14258188824662812,False,6,0.14446640014648438,False,0.0,-5.021540456100809,-1.5217464477398437,2.104713842630815,CENTER,0.0,0.9908006472908094,0.02925230217879366,NORMAL,STABLE,NORMAL,NO_ACTION,False,0.0
2026-08-12T00:40:22.168239,0.4019539295998284,0.006384660925864132,0.1423076923076923,False,6,0.14446640014648438,False,0.0,-4.198851523680958,-4.041960895099891,2.6026829772477527,CENTER,0.0,0.9911528393990056,0.03062266594934964,NORMAL,STABLE,NORMAL,NO_ACTION,False,0.0
2026-08-12T00:40:22.220165,0.4194092876186508,0.004723821572443165,0.1420345489443378,False,6,0.14446640014648438,False,0.0,-4.145508796353482,-2.9864593015861374,2.7641482699386586,CENTER,0.0,0.9908729316700962,0.029827905587151322,NORMAL,STABLE,NORMAL,NO_ACTION,False,0.0
2026-08-12T00:40:22.278065,0.4216759310585835,0.005347717779977067,0.1417624521072797,False,6,0.14446640014648438,False,0.0,-4.474430210023627,-4.734939169096748,3.747982971621667,CENTER,0.0,0.9904181938014404,0.03221878370253481,NORMAL,STABLE,NORMAL,NO_ACTION,False,0.0
2026-08-12T00:40:22.311982,0.4162076107799801,0.003195754459768734,0.14149139579349904,False,6,0.14446640014648438,False,0.0,-3.798106385384017,-4.943128660157214,4.1066043560405205,CENTER,0.0,0.990954392253944,0.03192767893934595,NORMAL,STABLE,NORMAL,NO_ACTION,False,0.0
2026-08-12T00:40:22.337278,0.40123889891630415,0.00446821578754371,0.14122137404580154,False,6,0.14446640014648438,False,0.0,-3.4381575644210045,-8.721073396300795,5.058798859290846,CENTER,0.0,0.9911084587191359,0.03509149436528498,NORMAL,STABLE,NORMAL,NO_ACTION,False,0.0
2026-08-12T00:40:22.363939,0.40632484592768414,0.0045196182144903235,0.14095238095238094,False,6,0.14446640014648438,False,0.0,-3.5764144166553535,-9.829659916684818,5.447922240772186,CENTER,0.0,0.9911316470550411,0.036265491271318985,NORMAL,STABLE,NORMAL,NO_ACTION,False,0.0
2026-08-12T00:40:22.395506,0.41869163708721746,0.0034033106372966444,0.14068441064638784,False,6,0.14446640014648438,False,0.0,-3.717472903454876,-10.055719321997316,5.729862290186759,CENTER,0.0,0.9916489036779834,0.03670210316814318,NORMAL,STABLE,NORMAL,NO_ACTION,False,0.0
2026-08-12T00:40:22.429696,0.3962893683514789,0.0030824627788349256,0.14041745730550284,False,6,0.14446640014648438,False,0.0,-3.0316839503268795,-13.27778602679598,6.48372600114439,CENTER,0.0,0.9915149578832304,0.03896122814389122,NORMAL,STABLE,NORMAL,NO_ACTION,False,0.0
2026-08-12T00:40:22.463523,0.37681556271352556,0.0048128224836955,0.14015151515151514,False,6,0.14446640014648438,False,0.0,-3.2834415477471453,-14.926129476701874,7.1345923725167495,CENTER,0.0,0.9904000691229424,0.040887920787703785,NORMAL,STABLE,NORMAL,NO_ACTION,False,0.0
2026-08-12T00:40:22.486954,0.39044806443874847,0.005608191466548445,0.13988657844990549,False,6,0.14446640014648438,False,0.0,-3.368522957815969,-14.636258945898419,7.602095587175512,CENTER,0.0,0.9909814118227024,0.0410782200255008,NORMAL,STABLE,NORMAL,NO_ACTION,False,0.0
2026-08-12T00:40:22.510840,0.37941738053824503,0.007976962219690163,0.13962264150943396,False,6,0.14446640014648438,False,0.0,-3.4801290630441315,-16.32835816135048,8.001609021435286,CENTER,0.0,0.9917048450360083,0.04266051239704287,NORMAL,STABLE,NORMAL,NO_ACTION,False,0.0
2026-08-12T00:40:22.536965,0.3861112117903963,0.004928926282551554,0.1393596986817326,False,6,0.14446640014648438,False,0.0,-4.290533895598827,-12.895811679434274,8.535260719296701,CENTER,0.0,0.9916702835648147,0.04134425629406081,NORMAL,STABLE,NORMAL,NO_ACTION,False,0.0
2026-08-12T00:40:22.558667,0.3899320139243047,0.0037095567177224324,0.13909774436090225,False,6,0.14446640014648438,False,0.0,-4.221530935152202,-16.05804357709448,9.554374297095535,CENTER,0.0,0.9922509430727022,0.04441203461718385,NORMAL,STABLE,NORMAL,NO_ACTION,False,0.0
2026-08-12T00:40:22.598689,0.18384474492228198,0.004065647759513427,0.14071294559099437,True,6,0.14446640014648438,False,0.0,-5.442745362483095,-13.031484397849283,9.618989719296223,UP,0.0,0.9927243682484568,0.2251456668948369,LOW,STABLE,NORMAL,NO_ACTION,False,0.0
2026-08-12T00:40:22.630417,0.05804215329772072,0.002607344924055827,0.14232209737827714,True,6,0.14446640014648438,False,0.031728506088256836,-6.9108483365677955,-10.672279023245494,10.481907281525338,UP,0.031728506088256836,0.9925576560356653,0.2716173852455722,LOW,STABLE,NORMAL,NO_ACTION,False,0.031728506088256836
2026-08-12T00:40:22.662900,0.05289127436808802,0.003613039648403733,0.14392523364485982,True,6,0.14446640014648438,False,0.06421113014221191,-6.240463646320649,-12.812567896402982,11.470544723452036,UP,0.06421113014221191,0.9927719773448217,0.27427118317776134,LOW,STABLE,NORMAL,NO_ACTION,False,0.06421113014221191
2026-08-12T00:40:22.694573,0.13607600629823963,0.0037241045364295755,0.1455223880597015,True,6,0.14446640014648438,False,0.09588408470153809,-5.631513503143168,-14.249135846803114,12.505971085262956,UP,0.09588408470153809,0.9936852709190672,0.2765179624858219,LOW,STABLE,NORMAL,NO_ACTION,False,0.09588408470153809
2026-08-12T00:40:22.728670,0.24133756731895423,0.0058385091472478905,0.1452513966480447,False,7,0.12998127937316895,False,0.0,-6.006936688417085,-14.434326365937608,12.756512575296483,UP,0.12998127937316895,0.9937803417566872,0.1553355731947625,NORMAL,STABLE,NORMAL,NO_ACTION,False,0.0
2026-08-12T00:40:22.758544,0.29735167878247165,0.0030700752165261727,0.1449814126394052,False,7,0.12998127937316895,False,0.0,-5.192142938578343,-15.642529516118742,14.05167810937985,UP,0.15985536575317383,0.9935536828060698,0.08185027063978588,NORMAL,STABLE,NORMAL,NO_ACTION,False,0.0
2026-08-12T00:40:22.792809,0.3394642416941678,0.005403945960548679,0.14471243042671614,False,7,0.12998127937316895,False,0.0,-6.1834609699051555,-14.524478263988925,14.454864217500926,UP,0.19412016868591309,0.9938339254329561,0.07872005895485222,NORMAL,STABLE,NORMAL,NO_ACTION,False,0.0
2026-08-12T00:40:22.823793,0.3512965435555834,0.0030848198617768998,0.14444444444444443,False,7,0.12998127937316895,False,0.0,-5.576237057072092,-14.167880141667041,15.013178476483063,UP,0.22510433197021484,0.9936629533179012,0.07828142469018301,NORMAL,STABLE,NORMAL,NO_ACTION,False,0.0
2026-08-12T00:40:22.855198,0.34014207046732814,0.0032435818247381156,0.14417744916820702,False,7,0.12998127937316895,False,0.0,-5.087333646720566,-14.069703685063644,15.1127627932334,UP,0.25650906562805176,0.9935895168895748,0.07770212196549403,NORMAL,STABLE,NORMAL,NO_ACTION,False,0.0
2026-08-12T00:40:22.886916,0.34980097705782565,0.0010597587759743838,0.14391143911439114,False,7,0.12998127937316895,False,0.0,-5.708431482611616,-12.622967008147896,15.405938021086968,CENTER,0.0,0.994066478587963,0.051404662659234344,NORMAL,STABLE,NORMAL,NO_ACTION,False,0.0
2026-08-12T00:40:22.919746,0.340934747927363,0.0033194957332771465,0.143646408839779,False,7,0.12998127937316895,False,0.0,-6.440536843026308,-12.819757373511067,15.697425564979397,CENTER,0.0,0.9945760861411179,0.05239995595291224,NORMAL,STABLE,NORMAL,NO_ACTION,False,0.0
2026-08-12T00:40:22.952732,0.3472447479861951,0.002379283403813117,0.14338235294117646,False,7,0.12998127937316895,False,0.0,-6.119362193383807,-11.408118792627391,15.71635663151352,CENTER,0.0,0.9942829164523319,0.050957361874423956,NORMAL,STABLE,NORMAL,NO_ACTION,False,0.0
2026-08-12T00:40:22.982503,0.3422038008453188,0.005187478161559431,0.14311926605504588,False,7,0.12998127937316895,False,0.0,-6.26872944913535,-13.176987363096629,16.194450397831872,CENTER,0.0,0.9939514344350139,0.0527075563460982,NORMAL,STABLE,NORMAL,NO_ACTION,False,0.0
2026-08-12T00:40:23.015761,0.3365896918374513,0.004783564978050768,0.14285714285714285,False,7,0.12998127937316895,False,0.0,-6.087937202634379,-12.879281215070847,16.210602654019397,CENTER,0.0,0.9939313137645749,0.05220294253845585,NORMAL,STABLE,NORMAL,NO_ACTION,False,0.0
2026-08-12T00:40:23.047704,0.3262729612961517,0.003481371825903536,0.1425959780621572,False,7,0.12998127937316895,False,0.0,-5.526944376783007,-14.778518848478427,16.769448133838353,CENTER,0.0,0.9935569112225652,0.05344196395039285,NORMAL,STABLE,NORMAL,NO_ACTION,False,0.0
2026-08-12T00:40:23.079629,0.3269912293154903,0.0034337234191997293,0.14233576642335766,False,7,0.12998127937316895,False,0.0,-5.392060307450606,-14.539477357467092,16.901070997611924,CENTER,0.0,0.9934574733153293,0.053136076633983786,NORMAL,STABLE,NORMAL,NO_ACTION,False,0.0
2026-08-12T00:40:23.127880,0.32261737156756776,0.002685500843479919,0.14207650273224043,False,7,0.12998127937316895,False,0.0,-6.387250125631681,-12.415214888146437,16.325106578362266,CENTER,0.0,0.9937583054698216,0.05187595375955348,NORMAL,STABLE,NORMAL,NO_ACTION,False,0.0
2026-08-12T00:40:23.158871,0.31583097331429344,0.004387371733421599,0.14181818181818182,False,7,0.12998127937316895,False,0.0,-6.347689106712835,-11.113557966799306,16.44592372747735,CENTER,0.0,0.9943756564000343,0.05088495439211058,NORMAL,STABLE,NORMAL,NO_ACTION,False,0.0
2026-08-12T00:40:23.190784,0.3311189549712854,0.003597004660282543,0.14156079854809436,False,7,0.12998127937316895,False,0.0,-6.415631075827179,-11.57028578939051,16.334247316205676,CENTER,0.0,0.993833885245199,0.05104400709204604,NORMAL,STABLE,NORMAL,NO_ACTION,False,0.0
2026-08-12T00:40:23.224326,0.3404467147960158,0.004251017000686769,0.14130434782608695,False,7,0.12998127937316895,False,0.0,-7.175994941439399,-7.571940312797466,15.58361891408697,CENTER,0.0,0.993101918831447,0.048037462666496666,NORMAL,STABLE,NORMAL,NO_ACTION,False,0.0
2026-08-12T00:40:23.254943,0.32979444313483797,0.004815588739096365,0.1410488245931284,False,7,0.12998127937316895,False,0.0,-7.7740751993634944,-6.812711376632279,15.230244038934899,CENTER,0.0,0.9933634339634774,0.04759701126101189,NORMAL,STABLE,NORMAL,NO_ACTION,False,0.0
2026-08-12T00:40:23.287736,0.3336835388100129,0.0033550623344959824,0.1407942238267148,False,7,0.12998127937316895,False,0.0,-7.22120437859607,-6.380723765821784,14.643297155493428,CENTER,0.0,0.9938503086419752,0.046060117591870425,NORMAL,STABLE,NORMAL,NO_ACTION,False,0.0
2026-08-12T00:40:23.318569,0.3291378415923637,0.0029323502565680045,0.14054054054054055,False,7,0.12998127937316895,False,0.0,-7.500350469610737,-8.186924111454545,14.417021173043281,CENTER,0.0,0.9935961746613512,0.0472886659325802,NORMAL,STABLE,NORMAL,NO_ACTION,False,0.0
2026-08-12T00:40:23.351084,0.32664254229742506,0.00242687647655343,0.14028776978417265,False,7,0.12998127937316895,False,0.0,-6.834711459487579,-6.7287499868222085,13.536991930699912,CENTER,0.0,0.9941076040594993,0.04462073351756439,NORMAL,STABLE,NORMAL,NO_ACTION,False,0.0
2026-08-12T00:40:23.382493,0.34755822623096594,0.004891029218606825,0.1400359066427289,False,7,0.12998127937316895,False,0.0,-7.721720054844411,-6.816233341212779,12.717467687058644,CENTER,0.0,0.9938463970336077,0.04462296930073959,NORMAL,STABLE,NORMAL,NO_ACTION,False,0.0
2026-08-12T00:40:23.415565,0.34722553752759977,0.003656731637445674,0.13978494623655913,False,7,0.12998127937316895,False,0.0,-7.689373059303591,-6.013332750295433,11.660239606451654,CENTER,0.0,0.9926975630144034,0.042868396004960944,NORMAL,STABLE,NORMAL,NO_ACTION,False,0.0
2026-08-12T00:40:23.446916,0.3380785558881316,0.003855415750840876,0.13953488372093023,False,7,0.12998127937316895,False,0.0,-7.13533601931519,-5.547021816530048,10.194320484063354,CENTER,0.0,0.9919543440286352,0.04046144165713837,NORMAL,STABLE,NORMAL,NO_ACTION,False,0.0
2026-08-12T00:40:23.478734,0.33721891311506424,0.0026737993305321344,0.1392857142857143,False,7,0.12998127937316895,False,0.0,-6.763063518943909,-7.211767379749546,9.333942583426989,CENTER,0.0,0.9924643936471194,0.04035217649718156,NORMAL,STABLE,NORMAL,NO_ACTION,False,0.0
2026-08-12T00:40:23.510482,0.33170181850627634,0.00313534193074195,0.13903743315508021,False,7,0.12998127937316895,False,0.0,-7.301260572640615,-4.121647615160612,7.433790744322096,UP,0.0,0.9919147055041153,0.06268477075297205,NORMAL,STABLE,NORMAL,NO_ACTION,False,0.0
2026-08-12T00:40:23.543428,0.35435921132933235,0.004819727750052839,0.1387900355871886,False,7,0.12998127937316895,False,0.0,-6.642740775179419,-4.471797169398997,5.694476429344206,CENTER,0.0,0.991389116619513,0.0345049323165904,NORMAL,STABLE,NORMAL,NO_ACTION,False,0.0
2026-08-12T00:40:23.575028,0.37433174773746286,0.003807732751224775,0.13854351687388988,False,7,0.12998127937316895,False,0.0,-6.8574853031055625,1.8278873021094455,3.5842501833907647,CENTER,0.0,0.9913910322359396,0.030646903808798226,NORMAL,STABLE,NORMAL,NO_ACTION,False,0.0
2026-08-12T00:40:23.607180,0.36232142113381705,0.00894326517142059,0.13829787234042554,False,7,0.12998127937316895,False,0.0,-6.674282959059269,2.4144089212572055,1.9065326411648869,CENTER,0.0,0.9909738833161865,0.029155683561706974,NORMAL,STABLE,NORMAL,NO_ACTION,False,0.0
2026-08-12T00:40:23.656458,0.3570251612488931,0.0018476675901014257,0.13805309734513274,False,7,0.12998127937316895,False,0.0,-6.756236602620987,3.5980210047517573,0.3089972570910504,CENTER,0.0,0.9897982038751714,0.02842867792979497,NORMAL,STABLE,NORMAL,NO_ACTION,False,0.0
2026-08-12T00:40:23.686538,0.34716736608754695,0.004296439543189414,0.13780918727915195,False,7,0.12998127937316895,False,0.0,-7.41441332077963,7.314469065388636,-1.5553888094476633,CENTER,0.0,0.9896953500085734,0.032824852978871825,NORMAL,STABLE,NORMAL,NO_ACTION,False,0.0
2026-08-12T00:40:23.719801,0.35316334222025725,0.006988684542942348,0.13756613756613756,False,7,0.12998127937316895,False,0.0,-7.676314021545437,4.595413659277767,-2.208637341963936,CENTER,0.0,0.99012752914952,0.03162082070185249,NORMAL,STABLE,NORMAL,NO_ACTION,False,0.0
2026-08-12T00:40:23.751581,0.36323837481360555,0.0048641450754772836,0.13732394366197184,False,7,0.12998127937316895,False,0.0,-7.747792878620203,5.762813772017012,-2.8648938257549332,CENTER,0.0,0.9897703403635116,0.033043628233507594,NORMAL,STABLE,NORMAL,NO_ACTION,False,0.0
2026-08-12T00:40:23.782950,0.36949433863476155,0.007616986275738288,0.13708260105448156,False,7,0.12998127937316895,False,0.0,-7.138207043776248,7.189680879641799,-4.125998697405322,CENTER,0.0,0.989710808899177,0.03458086076515692,NORMAL,STABLE,NORMAL,NO_ACTION,False,0.0
2026-08-12T00:40:23.815530,0.34002688757953936,0.007889914595184372,0.1368421052631579,False,7,0.12998127937316895,False,0.0,-8.122200017621935,9.056171928470263,-5.416866284987066,CENTER,0.0,0.9900222372256515,0.037999240649097626,NORMAL,STABLE,NORMAL,NO_ACTION,False,0.0
2026-08-12T00:40:23.847436,0.3678068956908641,0.03619954468280962,0.13660245183887915,False,7,0.12998127937316895,False,0.0,-6.983368080477845,10.081090349662531,-6.085325623502371,CENTER,0.0,0.9893305791323731,0.038166681405436054,NORMAL,STABLE,NORMAL,NO_ACTION,False,0.0
2026-08-12T00:40:23.879824,0.3626708782815068,0.0039618756267652995,0.13636363636363635,False,7,0.12998127937316895,False,0.0,-7.308345828653671,11.22786821906783,-6.830152121541204,CENTER,0.0,0.9885795905135459,0.03990568399577704,NORMAL,STABLE,NORMAL,NO_ACTION,False,0.0
2026-08-12T00:40:23.910649,0.35865065328664486,0.0049240118132591534,0.13612565445026178,False,7,0.12998127937316895,False,0.0,-7.711747990109728,12.05101653668163,-7.655926798953857,CENTER,0.0,0.9892513824588477,0.04156484081701774,NORMAL,STABLE,NORMAL,NO_ACTION,False,0.0
2026-08-12T00:40:23.943458,0.3689837299915245,0.0036493842788572826,0.13588850174216027,False,7,0.12998127937316895,False,0.0,-7.113484828478164,10.733976963275865,-8.080997572750931,CENTER,0.0,0.9894088380915639,0.04032829136055553,NORMAL,STABLE,NORMAL,NO_ACTION,False,0.0
2026-08-12T00:40:23.974449,0.3666427747850577,0.004151272400699397,0.1356521739130435,False,7,0.12998127937316895,False,0.0,-7.279219759711765,12.220689529021314,-8.80209911576381,CENTER,0.0,0.9889435442386831,0.04213785497793954,NORMAL,STABLE,NORMAL,NO_ACTION,False,0.0
2026-08-12T00:40:24.007958,0.35521581994179807,0.001930180872275564,0.13541666666666666,False,7,0.12998127937316895,False,0.0,-7.641370401416481,12.356104276359133,-9.088982165529586,CENTER,0.0,0.9889635041580933,0.04274289630109632,NORMAL,STABLE,NORMAL,NO_ACTION,False,0.0
2026-08-12T00:40:24.040038,0.361903414340305,0.0022476625680419317,0.13518197573656845,False,7,0.12998127937316895,False,0.0,-7.376116938708805,13.525137841303831,-9.417793906103611,CENTER,0.0,0.9885515394590192,0.04353105712274895,NORMAL,STABLE,NORMAL,NO_ACTION,False,0.0
2026-08-12T00:40:24.073043,0.3440683183171662,0.0021118160287850393,0.13494809688581316,False,7,0.12998127937316895,False,0.0,-6.239834952518862,14.501776798801927,-9.177489069233076,CENTER,0.0,0.9884399514531893,0.042793865929654284,NORMAL,STABLE,NORMAL,NO_ACTION,False,0.0
2026-08-12T00:40:24.103175,0.3466525013899018,0.003931946993928216,0.13471502590673576,False,7,0.12998127937316895,False,0.0,-6.561786300147389,12.925061455561774,-9.032756521409794,CENTER,0.0,0.988327291773834,0.041709246721662,NORMAL,STABLE,NORMAL,NO_ACTION,False,0.0
2026-08-12T00:40:24.136174,0.3418840934541832,0.004097367080503643,0.13448275862068965,False,7,0.12998127937316895,False,0.0,-7.038484546957648,12.151314218781891,-8.658005366493938,CENTER,0.0,0.9889941272290811,0.04113246690352956,NORMAL,STABLE,NORMAL,NO_ACTION,False,0.0
2026-08-12T00:40:24.182561,0.3650724150200468,0.0037859552887748375,0.1342512908777969,False,7,0.12998127937316895,False,0.0,-5.725518652748036,11.42073635612752,-8.158935463984193,CENTER,0.0,0.9891807993612828,0.03874417010480677,NORMAL,STABLE,NORMAL,NO_ACTION,False,0.0
2026-08-12T00:40:24.216530,0.3711300348268025,0.0024770853210995614,0.13402061855670103,False,7,0.12998127937316895,False,0.0,-6.964112489657225,12.176075638030142,-8.295695304147102,CENTER,0.0,0.9883544051140261,0.04049877141096163,NORMAL,STABLE,NORMAL,NO_ACTION,False,0.0
2026-08-12T00:40:24.247656,0.3748831478608143,0.002973798186822333,0.13379073756432247,False,7,0.12998127937316895,False,0.0,-6.372284586778477,12.58305985945006,-8.437188624486879,CENTER,0.0,0.9883978078918039,0.04024410843964921,NORMAL,STABLE,NORMAL,NO_ACTION,False,0.0
2026-08-12T00:40:24.280646,0.36181654421527976,0.002462109692559192,0.13356164383561644,False,7,0.12998127937316895,False,0.0,-6.638092416644469,13.129587617591824,-8.463082440163731,CENTER,0.0,0.988412583590535,0.04080517394818058,NORMAL,STABLE,NORMAL,NO_ACTION,False,0.0
2026-08-12T00:40:24.311056,0.38028594775215696,0.004312039437413714,0.13333333333333333,False,7,0.12998127937316895,False,0.0,-7.011285333960899,11.879471426980047,-8.284631934620876,CENTER,0.0,0.9883737488211591,0.03997568673367544,NORMAL,STABLE,NORMAL,NO_ACTION,False,0.0
2026-08-12T00:40:24.343425,0.3610501125614527,0.002382090803839893,0.13310580204778158,False,7,0.12998127937316895,False,0.0,-6.321622854999987,11.986840413163236,-8.18515249818492,CENTER,0.0,0.98887278699417,0.03917955092164971,NORMAL,STABLE,NORMAL,NO_ACTION,False,0.0
2026-08-12T00:40:24.375235,0.37989177121153694,0.0015526403310464037,0.13287904599659284,False,7,0.12998127937316895,False,0.0,-6.286093067633317,11.976144830880258,-7.907425245217922,CENTER,0.0,0.9893333654835391,0.03875679338112224,NORMAL,STABLE,NORMAL,NO_ACTION,False,0.0
2026-08-12T00:40:24.407943,0.37249689226656646,0.0026770833284967582,0.1326530612244898,False,7,0.12998127937316895,False,0.0,-6.795233485503786,12.779181638278402,-7.883649415722232,CENTER,0.0,0.9888702417695475,0.03969116014477472,NORMAL,STABLE,NORMAL,NO_ACTION,False,0.0
2026-08-12T00:40:24.440690,0.3701261160053067,0.004388169199119776,0.13242784380305603,False,7,0.12998127937316895,False,0.0,-6.814745417223747,11.783342698563644,-7.559982774698909,CENTER,0.0,0.9880985296639232,0.03856644470197172,NORMAL,STABLE,NORMAL,NO_ACTION,False,0.0
2026-08-12T00:40:24.503685,0.3832862587778383,0.0018467698215635841,0.13220338983050847,False,7,0.12998127937316895,False,0.0,-7.540560891050774,14.520181323780065,-7.606257228255998,CENTER,0.0,0.9894569696287723,0.041174317393613026,NORMAL,STABLE,NORMAL,NO_ACTION,False,0.0
2026-08-12T00:40:24.535059,0.37546533494975154,0.0029761979343764272,0.1319796954314721,False,7,0.12998127937316895,False,0.0,-5.72021411801839,10.770952440919388,-6.757290080583715,CENTER,0.0,0.9890468937542867,0.035784243336535404,NORMAL,STABLE,NORMAL,NO_ACTION,False,0.0
2026-08-12T00:40:24.567355,0.37357147504025534,0.0024733871996901902,0.13175675675675674,False,7,0.12998127937316895,False,0.0,-6.7196486447519135,13.60268005660032,-7.123368155657403,CENTER,0.0,0.9892862252443415,0.03903284867150238,NORMAL,STABLE,NORMAL,NO_ACTION,False,0.0
2026-08-12T00:40:24.594951,0.36764090361205043,0.002512166552115122,0.1315345699831366,False,7,0.12998127937316895,False,0.0,-6.25072407909019,13.145511087891492,-6.789539611192566,CENTER,0.0,0.9893569690929356,0.03781855618272517,NORMAL,STABLE,NORMAL,NO_ACTION,False,0.0
2026-08-12T00:40:24.615361,0.3664774970703959,0.0040485554816998585,0.13131313131313133,False,7,0.12998127937316895,False,0.0,-6.465054346118421,12.283014946373527,-6.682542773739016,CENTER,0.0,0.9890329619984568,0.03718828108510555,NORMAL,STABLE,NORMAL,NO_ACTION,False,0.0
2026-08-12T00:40:24.648978,0.37659964831369774,0.0028378368457029346,0.13109243697478992,False,7,0.12998127937316895,False,0.0,-6.48979949426348,11.203321535877564,-6.254785849443408,CENTER,0.0,0.988198945473251,0.03591006992761687,NORMAL,STABLE,NORMAL,NO_ACTION,False,0.0
2026-08-12T00:40:24.679808,0.37200295719119547,0.0014879558461092389,0.13087248322147652,False,7,0.12998127937316895,False,0.0,-6.113320061218161,11.755678253564298,-6.018079685694374,CENTER,0.0,0.9884096632801783,0.03560854232793195,NORMAL,STABLE,NORMAL,NO_ACTION,False,0.0
2026-08-12T00:40:24.712774,0.3839377023411657,0.0049179482709860506,0.1306532663316583,False,7,0.12998127937316895,False,0.0,-6.09028526357838,12.15513750187202,-5.950498617235013,CENTER,0.0,0.9889537653249315,0.03570017250611257,NORMAL,STABLE,NORMAL,NO_ACTION,False,0.0
2026-08-12T00:40:24.743410,0.37014157622640276,0.003198867907233625,0.13043478260869565,False,7,0.12998127937316895,False,0.0,-6.4917969806896,11.840735113862138,-5.788948824249303,CENTER,0.0,0.9891751462834362,0.03559493669874497,NORMAL,STABLE,NORMAL,NO_ACTION,False,0.0
2026-08-12T00:40:24.776969,0.38082286116090036,0.004301358640103848,0.1302170283806344,False,7,0.12998127937316895,False,0.0,-6.117134450699439,9.795180270890057,-5.401575488131215,CENTER,0.0,0.9888622578017833,0.033274902104833984,NORMAL,STABLE,NORMAL,NO_ACTION,False,0.0
2026-08-12T00:40:24.808445,0.3611716782164959,0.005423899383007071,0.13,False,7,0.12998127937316895,False,0.0,-6.313298090054502,10.893173230345923,-5.542833428207558,CENTER,0.0,0.9889305903849452,0.03428430731357626,NORMAL,STABLE,NORMAL,NO_ACTION,False,0.0
2026-08-12T00:40:24.854872,0.36878718301330493,0.0023485996233555528,0.129783693843594,False,7,0.12998127937316895,False,0.0,-6.053115968746681,10.389329712899837,-5.412235132235509,CENTER,0.0,0.9883583435142318,0.03343596018205937,NORMAL,STABLE,NORMAL,NO_ACTION,False,0.0
2026-08-12T00:40:24.903950,0.36702478503492497,0.003456950341497217,0.12956810631229235,False,7,0.12998127937316895,False,0.0,-6.53537727896358,12.247929541629304,-5.673896982103599,CENTER,0.0,0.989480425883059,0.03538685896538758,NORMAL,STABLE,NORMAL,NO_ACTION,False,0.0
2026-08-12T00:40:24.941141,0.3639859225207677,0.006068713875956773,0.12935323383084577,False,7,0.12998127937316895,False,0.0,-6.719151698854063,11.296786974270901,-5.652023661859857,CENTER,0.0,0.9898301263503086,0.034748391188639344,NORMAL,STABLE,NORMAL,NO_ACTION,False,0.0
2026-08-12T00:40:24.975308,0.3754932844871236,0.0016886080655956186,0.1291390728476821,False,7,0.12998127937316895,False,0.0,-6.283535625323594,12.658147142409575,-5.584805858333624,CENTER,0.0,0.9896645795824759,0.03514030486280677,NORMAL,STABLE,NORMAL,NO_ACTION,False,0.0
2026-08-12T00:40:25.007313,0.36291739523506583,0.004410037545157663,0.12892561983471074,False,7,0.12998127937316895,False,0.0,-4.962007726481687,9.911946751244443,-5.25372904289901,CENTER,0.0,0.9889070001714677,0.03145881427487999,NORMAL,STABLE,NORMAL,NO_ACTION,False,0.0
2026-08-12T00:40:25.043399,0.39074687946407094,0.003176907377542846,0.12871287128712872,False,7,0.12998127937316895,False,0.0,-6.033469809303853,13.346142742883075,-5.986542289440621,CENTER,0.0,0.9887537106695816,0.03557014297888199,NORMAL,STABLE,NORMAL,NO_ACTION,False,0.0
2026-08-12T00:40:25.075274,0.36344887265708425,0.005935022460418115,0.128500823723229,False,7,0.12998127937316895,False,0.0,-5.620206510476919,11.10293376649247,-5.101659843005365,UP,0.0,0.9892310206618655,0.05859395755187903,NORMAL,STABLE,NORMAL,NO_ACTION,False,0.0
2026-08-12T00:40:25.103034,0.37535712650509545,0.0016794396760235273,0.12828947368421054,False,7,0.12998127937316895,False,0.0,-5.765801717316748,13.602505126976837,-5.707098434822029,CENTER,0.0,0.988920007608882,0.03501674624698144,NORMAL,STABLE,NORMAL,NO_ACTION,False,0.0
2026-08-12T00:40:25.126484,0.37714952210674285,0.0021485110227773972,0.12807881773399016,False,7,0.12998127937316895,False,0.0,-6.09034638617743,14.134393489711556,-5.793567807075192,CENTER,0.0,0.9890377175497255,0.03569135116603002,NORMAL,STABLE,NORMAL,NO_ACTION,False,0.0
2026-08-12T00:40:25.149982,0.3669667461423034,0.0027679414535956193,0.12786885245901639,False,7,0.12998127937316895,False,0.0,-5.432386013683384,11.122258001303493,-5.3793489277940125,CENTER,0.0,0.9895072311171125,0.03237846843335376,NORMAL,STABLE,NORMAL,NO_ACTION,False,0.0
2026-08-12T00:40:25.170492,0.3910387248122316,0.00212614315836973,0.1276595744680851,False,7,0.12998127937316895,False,0.0,-6.025958283084179,10.465691324045281,-5.181564754232653,CENTER,0.0,0.9895692274305555,0.03218077167067664,NORMAL,STABLE,NORMAL,NO_ACTION,False,0.0
2026-08-12T00:40:25.196966,0.3966651667249229,0.0027321832628523935,0.12745098039215685,False,7,0.12998127937316895,False,0.0,-6.160187778140198,11.634845089959072,-5.188833113499953,CENTER,0.0,0.9887672271519204,0.03305712065670234,NORMAL,STABLE,NORMAL,NO_ACTION,False,0.0
2026-08-12T00:40:25.240328,0.38698596728249196,0.005948757489348109,0.1272430668841762,False,7,0.12998127937316895,False,0.0,-6.549508756764311,11.98620191935234,-5.466945438388194,CENTER,0.0,0.9884015051654664,0.033849635164359786,NORMAL,STABLE,NORMAL,NO_ACTION,False,0.0
2026-08-12T00:40:25.302722,0.38273507579325394,0.0022514599832956597,0.1270358306188925,False,7,0.12998127937316895,False,0.0,-6.071919324878564,11.820095153154256,-5.410926237477383,CENTER,0.0,0.9893358839163238,0.03311220568380783,NORMAL,STABLE,NORMAL,NO_ACTION,False,0.0
2026-08-12T00:40:25.335513,0.39504417688185456,0.0011811674753691758,0.12682926829268293,False,7,0.12998127937316895,False,0.0,-6.163674458192645,13.140635985319847,-5.730009803353312,CENTER,0.0,0.9892384553969478,0.03435827090611671,NORMAL,STABLE,NORMAL,NO_ACTION,False,0.0
2026-08-12T00:40:25.366568,0.40261213457795825,0.004591057287232228,0.1266233766233766,False,7,0.12998127937316895,False,0.0,-5.870825882820299,13.324572916933192,-5.4566572628932875,CENTER,0.0,0.9894512093835734,0.03384293770682721,NORMAL,STABLE,NORMAL,NO_ACTION,False,0.0
2026-08-12T00:40:25.399402,0.39080230964255736,0.001775079953916685,0.12641815235008103,False,7,0.12998127937316895,False,0.0,-6.228463025685869,11.330481379933161,-5.196207773721994,CENTER,0.0,0.9888633830589849,0.03239373645997759,NORMAL,STABLE,NORMAL,NO_ACTION,False,0.0
2026-08-12T00:40:25.430795,0.3879806965382515,0.0028716865096801523,0.1262135922330097,False,7,0.12998127937316895,False,0.0,-6.96085892683908,11.319199485340704,-4.896418636568228,CENTER,0.0,0.9879201094178669,0.03269989265771721,NORMAL,STABLE,NORMAL,NO_ACTION,False,0.0
2026-08-12T00:40:25.462993,0.37701658039718167,0.003516626136134178,0.1260096930533118,False,7,0.12998127937316895,False,0.0,-6.015976969923827,11.63887783101535,-5.08547906252042,CENTER,0.0,0.9888785338434499,0.032100993732150335,NORMAL,STABLE,NORMAL,NO_ACTION,False,0.0
2026-08-12T00:40:25.494546,0.3964364119771144,0.0038674688822068677,0.12580645161290321,False,7,0.12998127937316895,False,0.0,-6.699490806222201,12.339140550602792,-5.279632772386151,CENTER,0.0,0.9896351353523662,0.03335027965017648,NORMAL,STABLE,NORMAL,NO_ACTION,False,0.0
2026-08-12T00:40:25.528255,0.3905998092427906,0.0025878688947169226,0.12560386473429952,False,7,0.12998127937316895,False,0.0,-6.53140655127001,13.92018356254971,-5.065378129146183,CENTER,0.0,0.9894849804955418,0.03402267241013274,NORMAL,STABLE,NORMAL,NO_ACTION,False,0.0
2026-08-12T00:40:25.559749,0.40366917482893516,0.0012511855131255296,0.12540192926045016,False,7,0.12998127937316895,False,0.0,-6.2033019666043,13.544181022776257,-4.94639603102658,CENTER,0.0,0.989680949395576,0.03321961936661544,NORMAL,STABLE,NORMAL,NO_ACTION,False,0.0
2026-08-12T00:40:25.593198,0.3925484581515884,0.005025409534496389,0.12520064205457465,False,7,0.12998127937316895,False,0.0,-6.684716052072162,12.721821224595118,-4.94343039634731,CENTER,0.0,0.9896160461676955,0.03298577738056551,NORMAL,STABLE,NORMAL,NO_ACTION,False,0.0
2026-08-12T00:40:25.623672,0.40268427361870823,0.0018690207771243366,0.125,False,7,0.12998127937316895,False,0.0,-6.686897780591806,12.452145074831776,-4.573908612429165,CENTER,0.0,0.9889992846579219,0.03233695537695425,NORMAL,STABLE,NORMAL,NO_ACTION,False,0.0
2026-08-12T00:40:25.652801,0.39324245992686896,0.003606940507833167,0.1248,False,7,0.12998127937316895,False,0.0,-6.506574879009435,11.660279331363085,-4.479956308901336,CENTER,0.0,0.9889786415466393,0.03140093547582445,NORMAL,STABLE,NORMAL,NO_ACTION,False,0.0
2026-08-12T00:40:25.687552,0.40558757021339065,0.003359559696724112,0.12460063897763578,False,7,0.12998127937316895,False,0.0,-6.898184399734845,13.276641292620809,-4.815162821555191,CENTER,0.0,0.9891646438828875,0.033168524413249245,NORMAL,STABLE,NORMAL,NO_ACTION,False,0.0
2026-08-12T00:40:25.720333,0.42376522300690317,0.0021036656414341,0.12440191387559808,False,7,0.12998127937316895,False,0.0,-5.6309706060453095,10.272885952519857,-3.8448607637579926,CENTER,0.0,0.9895188051911864,0.02874513811146656,NORMAL,STABLE,NORMAL,NO_ACTION,False,0.0
2026-08-12T00:40:25.767919,0.4426650676262218,0.002101366917392883,0.12420382165605096,False,7,0.12998127937316895,False,0.0,-5.171560662565099,9.962852389696906,-3.618368719782211,CENTER,0.0,0.9889816958161866,0.027761680662844724,NORMAL,STABLE,NORMAL,NO_ACTION,False,0.0
2026-08-12T00:40:25.799425,0.4424765729857807,0.005683974476388927,0.12400635930047695,False,7,0.12998127937316895,False,0.0,-6.148064502704585,12.046796603913918,-3.946033077292583,CENTER,0.0,0.9887820564343279,0.03042388597824765,NORMAL,STABLE,NORMAL,NO_ACTION,False,0.0
2026-08-12T00:40:25.831589,0.44221169684246897,0.0029016088131663476,0.12380952380952381,False,7,0.12998127937316895,False,0.0,-5.972684449004419,10.939673274592053,-3.718138105723682,CENTER,0.0,0.9889630353009259,0.029137540248372115,NORMAL,STABLE,NORMAL,NO_ACTION,False,0.0
2026-08-12T00:40:25.863144,0.4388053425162363,0.0034396506474325605,0.12361331220285261,False,7,0.12998127937316895,False,0.0,-5.837294689004381,9.648697892474672,-3.4650811886149597,CENTER,0.0,0.989085808899177,0.027733003572587744,NORMAL,STABLE,NORMAL,NO_ACTION,False,0.0
2026-08-12T00:40:25.896164,0.4334806423002097,0.0032615508418275554,0.12341772151898735,False,7,0.12998127937316895,False,0.0,-6.297795613673486,11.111894735273125,-3.878386387872922,CENTER,0.0,0.9887504420653291,0.029533404440161545,NORMAL,STABLE,NORMAL,NO_ACTION,False,0.0
2026-08-12T00:40:25.927632,0.3837322641065759,0.0033297923091392765,0.12322274881516587,False,7,0.12998127937316895,False,0.0,-6.097354523512422,11.322567422139372,-3.983342425402924,CENTER,0.0,0.9891365928283609,0.029496122015120592,NORMAL,STABLE,NORMAL,NO_ACTION,False,0.0
2026-08-12T00:40:25.959966,0.17707014530320553,0.006817830335019898,0.12460567823343849,True,7,0.12998127937316895,False,0.0,-6.5068005909898545,9.325590301906402,-3.9601643830579576,UP,0.0,0.9895518663194445,0.21902376020179404,LOW,STABLE,NORMAL,NO_ACTION,False,0.0
2026-08-12T00:40:25.991339,0.07094769347471319,0.004749238734817364,0.12598425196850394,True,7,0.12998127937316895,False,0.03137326240539551,-6.879165065843921,6.215204805262829,-3.577780767190802,UP,0.03137326240539551,0.9885824438443073,0.2535505365531975,LOW,STABLE,NORMAL,NO_ACTION,False,0.03137326240539551
2026-08-12T00:40:26.023682,0.058567163293056224,0.0033599780370255255,0.12735849056603774,True,7,0.12998127937316895,False,0.06371617317199707,-6.7038848538125535,7.430741482325999,-3.7260513688101184,UP,0.06371617317199707,0.9888533495156036,0.25508953419759467,LOW,STABLE,NORMAL,NO_ACTION,False,0.06371617317199707
2026-08-12T00:40:26.054606,0.11796443838187465,0.006591550072472093,0.12872841444270017,True,7,0.12998127937316895,False,0.09464025497436523,-5.03842680304615,7.538245606767163,-3.4179016612543762,UP,0.09464025497436523,0.9894560185185185,0.25395162682889727,LOW,STABLE,NORMAL,NO_ACTION,False,0.09464025497436523
2026-08-12T00:40:26.086688,0.2538689206310845,0.0053124274756172285,0.12852664576802508,False,8,0.12672185897827148,False,0.0,-6.207914320653913,9.870181575138048,-3.8079324936380203,UP,0.12672185897827148,0.9892697214720508,0.11854478270503993,NORMAL,STABLE,NORMAL,NO_ACTION,False,0.0
2026-08-12T00:40:26.119722,0.31264631103448076,0.005105157038224133,0.12832550860719874,False,8,0.12672185897827148,False,0.0,-6.447698160766237,11.038446031041133,-4.039872148011,UP,0.15975618362426758,0.9890116892789779,0.05823410710484049,NORMAL,STABLE,NORMAL,NO_ACTION,False,0.0
2026-08-12T00:40:26.151584,0.3392593871415691,0.01175413684215473,0.128125,False,8,0.12672185897827148,False,0.0,-6.075616783216503,11.06256340136602,-3.992069513487479,UP,0.1916179656982422,0.989160946609225,0.05774693814966447,NORMAL,STABLE,NORMAL,NO_ACTION,False,0.0
2026-08-12T00:40:26.182567,0.38032378998862293,0.003981919322025665,0.12792511700468018,False,8,0.12672185897827148,False,0.0,-5.704112806265584,11.301012147802822,-3.695105734055886,UP,0.22260117530822754,0.9885148614326132,0.05717549994421095,NORMAL,STABLE,NORMAL,NO_ACTION,False,0.0
2026-08-12T00:40:26.215843,0.39927971768617965,0.003613685552894444,0.1277258566978193,False,8,0.12672185897827148,False,0.0,-5.3851343350332,9.44035650281424,-3.475677571440116,UP,0.2558777332305908,0.9878538532021605,0.055213597288657205,NORMAL,STABLE,NORMAL,NO_ACTION,False,0.0
2026-08-12T00:40:26.246733,0.37759208069299943,0.002067205324370415,0.12752721617418353,False,8,0.12672185897827148,False,0.0,-6.232268355277,10.546898701843276,-3.8604624953111113,UP,0.28676700592041016,0.9888449368784293,0.05709973870935972,NORMAL,STABLE,NORMAL,NO_ACTION,False,0.0
2026-08-12T00:40:26.295602,0.38184161249191245,0.0034181812249015815,0.12732919254658384,False,8,0.12672185897827148,False,0.0,-5.79673891911159,8.3835963608731,-3.4817055169743583,UP,0.3356363773345947,0.9894402381258572,0.054654214213116364,NORMAL,STABLE,NORMAL,NO_ACTION,False,0.0
2026-08-12T00:40:26.328522,0.3487534435766041,0.005481590150543739,0.12713178294573643,False,8,0.12672185897827148,False,0.0,-5.580709102358952,8.158557975330467,-3.4864198577283787,UP,0.36855649948120117,0.9885452165852195,0.054189492712913206,NORMAL,STABLE,NORMAL,NO_ACTION,False,0.0
2026-08-12T00:40:26.359140,0.36238097867079877,0.002492473120217727,0.12693498452012383,False,8,0.12672185897827148,False,0.0,-6.01823532738004,9.565317323397522,-3.842311765543485,UP,0.39917445182800293,0.988521184306413,0.055871118638664265,NORMAL,STABLE,NORMAL,NO_ACTION,False,0.0
2026-08-12T00:40:26.391885,0.35851782378968866,0.003195832532853256,0.1267387944358578,False,8,0.12672185897827148,False,0.0,-6.244694774997612,10.609315377112694,-3.8000236476946156,UP,0.4319193363189697,0.9884549414866255,0.056704372360288,NORMAL,STABLE,NORMAL,NO_ACTION,False,0.0
2026-08-12T00:40:26.423403,0.34880060095956894,0.0035090416319598534,0.12654320987654322,False,8,0.12672185897827148,False,0.0,-5.918462320626844,9.99258033498225,-3.8855981687225096,CENTER,0.0,0.9882534802597737,0.029929415651428534,NORMAL,STABLE,NORMAL,NO_ACTION,False,0.0
2026-08-12T00:40:26.455036,0.3784155085689244,0.014367641780022467,0.1263482280431433,False,8,0.12672185897827148,False,0.0,-6.479391765369201,10.78611093467299,-4.0124393741967594,CENTER,0.0,0.9891036790552127,0.031067327831010103,NORMAL,STABLE,NORMAL,NO_ACTION,False,0.0
2026-08-12T00:40:26.488245,0.37192039624510137,0.006766438537883874,0.12615384615384614,False,8,0.12672185897827148,False,0.0,-6.322493609103844,10.618844211304662,-3.8574477793773667,CENTER,0.0,0.9900532085905349,0.030548994862884267,NORMAL,STABLE,NORMAL,NO_ACTION,False,0.0
2026-08-12T00:40:26.519301,0.37376263799222237,0.0051802404752326866,0.1259600614439324,False,8,0.12672185897827148,False,0.0,-6.030903246833503,9.918065520681694,-3.5679808448381607,CENTER,0.0,0.9905692997685185,0.02938644790851273,NORMAL,STABLE,NORMAL,NO_ACTION,False,0.0
2026-08-12T00:40:26.551628,0.36466265537749065,0.0044588096777302836,0.12576687116564417,False,8,0.12672185897827148,False,0.0,-5.892604410183253,9.319160715245175,-3.4937251166724366,CENTER,0.0,0.9897593825017148,0.028652628236360184,NORMAL,STABLE,NORMAL,NO_ACTION,False,0.0
2026-08-12T00:40:26.582661,0.3765665405686044,0.001967725035072798,0.12557427258805512,False,8,0.12672185897827148,False,0.0,-5.883764309968541,10.336620585526902,-3.836573771937367,CENTER,0.0,0.9893292395404664,0.029612798943928605,NORMAL,STABLE,NORMAL,NO_ACTION,False,0.0
2026-08-12T00:40:26.617323,0.38708675273880044,0.000877598964561165,0.12538226299694188,False,8,0.12672185897827148,False,0.0,-6.083475730736382,9.824906362379835,-3.4451803204613043,CENTER,0.0,0.9886480570558984,0.02896264006875044,NORMAL,STABLE,NORMAL,NO_ACTION,False,0.0
2026-08-12T00:40:26.647352,0.3783602236872151,0.005038534759500206,0.1251908396946565,False,8,0.12672185897827148,False,0.0,-5.720501358857263,9.955529836010356,-3.7058887960460254,CENTER,0.0,0.9881981149262689,0.028862789322501855,NORMAL,STABLE,NORMAL,NO_ACTION,False,0.0
2026-08-12T00:40:26.679758,0.42058056956636447,0.003426632079369926,0.125,False,8,0.12672185897827148,False,0.0,-5.883149888037053,11.847019614122473,-3.781597786053652,CENTER,0.0,0.9892027016889574,0.03036297488895357,NORMAL,STABLE,NORMAL,NO_ACTION,False,0.0
2026-08-12T00:40:26.711425,0.43307316604536555,0.0011974002745030773,0.1248097412480974,False,8,0.12672185897827148,False,0.0,-5.542875116025812,10.321226484110866,-3.561795734335817,CENTER,0.0,0.9901423316400891,0.028626550570328858,NORMAL,STABLE,NORMAL,NO_ACTION,False,0.0
2026-08-12T00:40:26.743508,0.4265224071938876,0.008239614826004923,0.12462006079027356,False,8,0.12672185897827148,False,0.0,-5.077765372063368,10.89378546745695,-3.5299226380709285,CENTER,0.0,0.9903810737097052,0.02846664909435538,NORMAL,STABLE,NORMAL,NO_ACTION,False,0.0
2026-08-12T00:40:26.774886,0.4147433963280974,0.0023838043223934286,0.1244309559939302,False,8,0.12672185897827148,False,0.0,-5.490099024374302,9.528776836140963,-3.5106251488061275,CENTER,0.0,0.989329949524177,0.02776473639724065,NORMAL,STABLE,NORMAL,NO_ACTION,False,0.0
2026-08-12T00:40:26.823708,0.4046236594305768,0.005594934396829576,0.12424242424242424,False,8,0.12672185897827148,False,0.0,-5.578308020976692,11.691214796468842,-3.9283199166442557,CENTER,0.0,0.988896069101509,0.02971939785859312,NORMAL,STABLE,NORMAL,NO_ACTION,False,0.0
2026-08-12T00:40:26.855273,0.41263252359357205,0.005600899496107526,0.12405446293494705,False,8,0.12672185897827148,False,0.0,-5.981203641145555,11.577563344556467,-3.750844077371795,CENTER,0.0,0.9886762152777777,0.02976040650081805,NORMAL,STABLE,NORMAL,NO_ACTION,False,0.0
2026-08-12T00:40:26.888286,0.42928268591663615,0.004768789317981126,0.12386706948640483,False,8,0.12672185897827148,False,0.0,-6.5620654005802805,9.855982196241087,-3.5899022780654946,CENTER,0.0,0.989111703210734,0.028827712982887277,NORMAL,STABLE,NORMAL,NO_ACTION,False,0.0
2026-08-12T00:40:26.919584,0.41343874193273117,0.006892570631540166,0.12368024132730016,False,8,0.12672185897827148,False,0.0,-5.615339245334752,12.541892863724797,-3.6638967243161176,CENTER,0.0,0.9899238977837792,0.029833714961929936,NORMAL,STABLE,NORMAL,NO_ACTION,False,0.0
2026-08-12T00:40:26.950843,0.44201267351477247,0.002216583672559536,0.12349397590361445,False,8,0.12672185897827148,False,0.0,-4.961948348860545,11.871097290605661,-3.390594540262242,CENTER,0.0,0.9903959699717078,0.028363747666029553,NORMAL,STABLE,NORMAL,NO_ACTION,False,0.0
2026-08-12T00:40:26.982950,0.4734651709221138,0.002636036866757945,0.12330827067669173,False,8,0.12672185897827148,False,0.0,-5.179209783981889,12.736683899113757,-3.5194886881404273,CENTER,0.0,0.9899460546339162,0.0292293759423421,NORMAL,STABLE,NORMAL,NO_ACTION,False,0.0
2026-08-12T00:40:27.015583,0.46987074274349283,0.004885838659767917,0.12312312312312312,False,8,0.12672185897827148,False,0.0,-5.20796701887744,11.82226982855235,-3.3036827939435796,CENTER,0.0,0.9893725619427297,0.028296271072306648,NORMAL,STABLE,NORMAL,NO_ACTION,False,0.0
2026-08-12T00:40:27.047939,0.46926620682511566,0.003851412827402309,0.12293853073463268,False,8,0.12672185897827148,False,0.0,-5.239969407381238,12.923248216083863,-3.567372154619875,CENTER,0.0,0.9889113270533265,0.029283866138637236,NORMAL,STABLE,NORMAL,NO_ACTION,False,0.0
2026-08-12T00:40:27.079776,0.4665866726281142,0.002328975535643129,0.12275449101796407,False,8,0.12672185897827148,False,0.0,-5.08886061940234,10.87487244952925,-3.287848861629101,CENTER,0.0,0.9892197680898491,0.027297781037598248,NORMAL,STABLE,NORMAL,NO_ACTION,False,0.0
2026-08-12T00:40:27.111824,0.4987877684558478,0.004396250551548258,0.12257100149476831,False,8,0.12672185897827148,False,0.0,-5.29873080494994,11.111385344309411,-3.2384653368864917,CENTER,0.0,0.9892436262217078,0.027531393854857512,NORMAL,STABLE,NORMAL,NO_ACTION,False,0.0
2026-08-12T00:40:27.143557,0.4935711012589499,0.0018689135275230045,0.12238805970149254,False,8,0.12672185897827148,False,0.0,-5.00429589461632,11.43171109893666,-3.092715025742706,CENTER,0.0,0.9901261493698561,0.027247387271435136,NORMAL,STABLE,NORMAL,NO_ACTION,False,0.0
2026-08-12T00:40:27.174872,0.497257835296261,0.002210329543261106,0.12220566318926974,False,8,0.12672185897827148,False,0.0,-4.641150693879695,8.79762327475217,-2.825832031271716,CENTER,0.0,0.9902739733367627,0.02464709843580539,NORMAL,STABLE,NORMAL,NO_ACTION,False,0.0
2026-08-12T00:40:27.207732,0.5066855297483599,0.004166933909688219,0.12202380952380952,False,8,0.12672185897827148,False,0.0,-5.233059351666384,11.14431997607872,-3.222138723763095,CENTER,0.0,0.9895239090363511,0.02720262289133815,NORMAL,STABLE,NORMAL,NO_ACTION,False,0.0
2026-08-12T00:40:27.239340,0.518059836502242,0.00343352189694422,0.12184249628528974,False,8,0.12672185897827148,False,0.0,-4.848930106738834,9.82145652357383,-3.1285436748409836,CENTER,0.0,0.9889816958161866,0.025696534088228758,NORMAL,STABLE,NORMAL,NO_ACTION,False,0.0
2026-08-12T00:40:27.271269,0.5065775177830492,0.003403212491081499,0.12166172106824925,False,8,0.12672185897827148,False,0.0,-5.131334381131069,10.375301304320772,-3.240207413561194,CENTER,0.0,0.9895077401620371,0.026385618389541433,NORMAL,STABLE,NORMAL,NO_ACTION,False,0.0
2026-08-12T00:40:27.303164,0.5209536663193572,0.002024822643506466,0.12148148148148148,False,8,0.12672185897827148,False,0.0,-4.976326041711644,10.60769807213839,-3.203478425366768,CENTER,0.0,0.9895180014360425,0.026278704761138416,NORMAL,STABLE,NORMAL,NO_ACTION,False,0.0
2026-08-12T00:40:27.350655,0.5190321450100814,0.004605107325254343,0.12130177514792899,False,8,0.12672185897827148,False,0.0,-4.907516204468465,11.672128411260275,-3.4140818988122703,CENTER,0.0,0.989744312092764,0.027094148859330213,NORMAL,STABLE,NORMAL,NO_ACTION,False,0.0
2026-08-12T00:40:27.383237,0.5142474271149085,0.005455707212133706,0.12112259970457903,False,8,0.12672185897827148,False,0.0,-6.23979003950933,12.150070593471924,-3.5952747771562485,CENTER,0.0,0.9906841027949246,0.028807153993252753,NORMAL,STABLE,NORMAL,NO_ACTION,False,0.0
2026-08-12T00:40:27.414623,0.5201701780799273,0.0022352562017923685,0.12094395280235988,False,8,0.12672185897827148,False,0.0,-4.644611371470461,10.596122892336552,-2.9138940929680643,CENTER,0.0,0.9902631494341565,0.025403292641030473,NORMAL,STABLE,NORMAL,NO_ACTION,False,0.0
2026-08-12T00:40:27.447898,0.5261091803371742,0.0011000506706770764,0.12076583210603829,False,8,0.12672185897827148,False,0.0,-5.012481962444326,12.008268873937027,-3.170501162596338,CENTER,0.0,0.9892039743012688,0.026935464360160973,NORMAL,STABLE,NORMAL,NO_ACTION,False,0.0
2026-08-12T00:40:27.479725,0.5367417214295336,0.001853261026145961,0.12058823529411765,False,8,0.12672185897827148,False,0.0,-4.742959525648587,13.363608971448059,-3.2665703615674317,CENTER,0.0,0.989591236925583,0.02765849364746081,NORMAL,STABLE,NORMAL,NO_ACTION,False,0.0
2026-08-12T00:40:27.511379,0.5675503896763339,0.0025193701972208295,0.12041116005873716,False,8,0.12672185897827148,False,0.0,-3.9994794239177054,10.56652014992099,-2.7204139284060602,CENTER,0.0,0.9897537428197873,0.024307964106549215,NORMAL,STABLE,NORMAL,NO_ACTION,False,0.0
2026-08-12T00:40:27.543365,0.5811108584232519,0.005669521148409913,0.12023460410557185,False,8,0.12672185897827148,False,0.0,-4.084278417463764,8.74370260169411,-2.5544733534141244,CENTER,0.0,0.9891141144761659,0.02282507045189186,NORMAL,STABLE,NORMAL,NO_ACTION,False,0.0
2026-08-12T00:40:27.575255,0.5882482495981373,0.004469122159172646,0.12005856515373353,False,8,0.12672185897827148,False,0.0,-4.024801149363157,9.357800608116719,-2.4258948131212037,CENTER,0.0,0.9898463354123799,0.022999475424380446,NORMAL,STABLE,NORMAL,NO_ACTION,False,0.0
2026-08-12T00:40:27.606732,0.5951183957922661,0.0020136720175609165,0.11988304093567251,False,8,0.12672185897827148,False,0.0,-3.524288538626706,9.658632264865446,-2.2152027899778375,CENTER,0.0,0.989893368484225,0.022444116901487895,NORMAL,STABLE,NORMAL,NO_ACTION,False,0.0
2026-08-12T00:40:27.638589,0.5822314117457701,0.0012587573459911948,0.11970802919708029,False,8,0.12672185897827148,False,0.0,-3.4171579991300973,8.34936559128974,-2.5479647071085765,CENTER,0.0,0.9892793531378601,0.021628304205664417,NORMAL,STABLE,NORMAL,NO_ACTION,False,0.0
2026-08-12T00:40:27.704023,0.611841341955197,0.0012237588837392,0.119533527696793,False,8,0.12672185897827148,False,0.0,-4.099156690004776,12.12027592039064,-3.2678939555239594,CENTER,0.0,0.9897167031035666,0.025614493375484073,NORMAL,STABLE,NORMAL,NO_ACTION,False,0.0
2026-08-12T00:40:27.736246,0.609704087870097,0.002866338479317998,0.11935953420669577,False,8,0.12672185897827148,False,0.0,-4.185428750122242,11.97112864898557,-3.122916010223463,CENTER,0.0,0.9897833344050069,0.025363247563503694,NORMAL,STABLE,NORMAL,NO_ACTION,False,0.0
2026-08-12T00:40:27.759910,0.6176105543522582,0.0025493333530268196,0.11918604651162791,False,8,0.12672185897827148,False,0.0,-4.9309544220039925,13.582890515083648,-3.3869315556544564,CENTER,0.0,0.9897400387945817,0.027412704754452875,NORMAL,STABLE,NORMAL,NO_ACTION,False,0.0
2026-08-12T00:40:27.785179,0.5777440387295216,0.0028685815097015317,0.11901306240928883,False,8,0.12672185897827148,False,0.0,-4.488455462277301,11.791143193771006,-2.874266948477157,CENTER,0.0,0.9896498306755829,0.02511238583272406,NORMAL,STABLE,NORMAL,NO_ACTION,False,0.0
2026-08-12T00:40:27.808219,0.5942804657818479,0.0017870487723243463,0.11884057971014493,False,8,0.12672185897827148,False,0.0,-5.015215067160824,13.832606984896614,-3.32110077009375,CENTER,0.0,0.9900662026320302,0.027438069409668867,NORMAL,STABLE,NORMAL,NO_ACTION,False,0.0
2026-08-12T00:40:27.835089,0.5995426484007562,0.0023556603545076263,0.11866859623733719,False,8,0.12672185897827148,False,0.0,-4.6854902504491065,12.905621445017715,-3.1028584234168477,CENTER,0.0,0.9900327262302813,0.026154916033422678,NORMAL,STABLE,NORMAL,NO_ACTION,False,0.0
2026-08-12T00:40:27.879608,0.594375992560465,0.0038160261299328333,0.11849710982658959,False,8,0.12672185897827148,False,0.0,-5.4186138738506315,13.265911924693256,-3.4500587459018277,CENTER,0.0,0.9891641884216392,0.027369694566816365,NORMAL,STABLE,NORMAL,NO_ACTION,False,0.0
2026-08-12T00:40:27.911004,0.5991571071166448,0.0014676473235571657,0.11832611832611832,False,8,0.12672185897827148,False,0.0,-5.109066104551232,11.319076620127959,-3.0755865191493967,CENTER,0.0,0.9891485687800069,0.025219465174492917,NORMAL,STABLE,NORMAL,NO_ACTION,False,0.0
2026-08-12T00:40:27.944057,0.5275852868132312,0.003586696282488143,0.11815561959654179,False,8,0.12672185897827148,False,0.0,-5.6555135571225605,8.401835365419544,-3.2924143397430043,CENTER,0.0,0.9892609069573046,0.02376232516657407,NORMAL,STABLE,NORMAL,NO_ACTION,False,0.0
2026-08-12T00:40:27.975902,0.51873854325098,0.003489882274241583,0.11798561151079137,False,8,0.12672185897827148,False,0.0,-4.880189258138984,10.539006065246468,-3.5269991597547516,CENTER,0.0,0.9893358571244856,0.02470012120493432,NORMAL,STABLE,NORMAL,NO_ACTION,False,0.0
2026-08-12T00:40:28.008669,0.48972607006550684,0.0033192973008029916,0.11781609195402298,False,8,0.12672185897827148,False,0.0,-5.0992952190434835,7.381876558098185,-3.0294324894920805,CENTER,0.0,0.9890077374828533,0.022067064988301834,NORMAL,STABLE,NORMAL,NO_ACTION,False,0.0
2026-08-12T00:40:28.039694,0.47315172161282393,0.002903657500687275,0.11764705882352941,False,8,0.12672185897827148,False,0.0,-4.573704503002915,8.823075995305913,-3.305416163952998,CENTER,0.0,0.9897469912765775,0.022783052346924668,NORMAL,STABLE,NORMAL,NO_ACTION,False,0.0
2026-08-12T00:40:28.103406,0.4476032554526204,0.0005347267189575459,0.1174785100286533,False,8,0.12672185897827148,False,0.0,-4.506106897123459,8.317393283564172,-3.0305004440741072,CENTER,0.0,0.9886830070087449,0.022003735010646574,NORMAL,STABLE,NORMAL,NO_ACTION,False,0.0
2026-08-12T00:40:28.135675,0.42570667303574083,0.0026818357778832748,0.11731044349070101,False,8,0.12672185897827148,False,0.0,-5.106007640754285,6.833141030941761,-2.957736723405958,CENTER,0.0,0.9889876837920095,0.021355355210962747,NORMAL,STABLE,NORMAL,NO_ACTION,False,0.0
2026-08-12T00:40:28.193056,0.4622998722154423,0.0009100682100959771,0.11714285714285715,False,8,0.12672185897827148,False,0.0,-5.3334660521730655,10.031653516046617,-3.4800867598534353,CENTER,0.0,0.989280344435871,0.024303636596450722,NORMAL,STABLE,NORMAL,NO_ACTION,False,0.0
2026-08-12T00:40:28.223294,0.4446855507687264,0.003122912308885792,0.11697574893009986,False,8,0.12672185897827148,False,0.0,-5.240298191371323,11.522305956994074,-3.469812639997741,CENTER,0.0,0.9895777070473251,0.02519705401234549,NORMAL,STABLE,NORMAL,NO_ACTION,False,0.0
2026-08-12T00:40:28.245863,0.44427139506679825,0.0029289697599155476,0.1168091168091168,False,8,0.12672185897827148,False,0.0,-5.954214083594422,9.213463194511746,-3.3935197241719095,CENTER,0.0,0.9891124667781206,0.024060247711777057,NORMAL,STABLE,NORMAL,NO_ACTION,False,0.0
2026-08-12T00:40:28.275260,0.4345099712917533,0.001832291215855432,0.1166429587482219,False,8,0.12672185897827148,False,0.0,-5.447001484938625,8.216348330881686,-3.275196389373235,CENTER,0.0,0.9887645211762688,0.022654662232788773,NORMAL,STABLE,NORMAL,NO_ACTION,False,0.0
2026-08-12T00:40:28.305035,0.4501647086703164,0.0007835650577746763,0.11647727272727272,False,8,0.12672185897827148,False,0.0,-6.412264842104463,8.349750711460388,-3.523963563762294,CENTER,0.0,0.9886625648362484,0.023837231823859068,NORMAL,STABLE,NORMAL,NO_ACTION,False,0.0
2026-08-12T00:40:28.333824,0.4533741112369407,0.00041251004153905284,0.11631205673758865,False,8,0.12672185897827148,False,0.0,-6.6298773778354985,8.531551837185901,-3.3810705184543224,CENTER,0.0,0.9884328382201646,0.023957876743929896,NORMAL,STABLE,NORMAL,NO_ACTION,False,0.0
2026-08-12T00:40:28.377135,0.43935113326672354,0.00021028906947732266,0.11614730878186968,False,8,0.12672185897827148,False,0.0,-7.108170780622231,10.691436439241926,-3.721066260628362,CENTER,0.0,0.9877821046596365,0.02622340156270273,NORMAL,STABLE,NORMAL,NO_ACTION,False,0.0
2026-08-12T00:40:28.403491,0.45154467793374076,0.001904173474609643,0.11598302687411598,False,8,0.12672185897827148,False,0.0,-6.081590491467352,12.54106816630349,-3.585831837546209,CENTER,0.0,0.9875958076131688,0.02635832120732727,NORMAL,STABLE,NORMAL,NO_ACTION,False,0.0
2026-08-12T00:40:28.437516,0.44978583157443586,0.001979476137924791,0.11581920903954802,False,8,0.12672185897827148,False,0.0,-5.078453386115427,12.464513262392643,-2.9397122949851564,CENTER,0.0,0.9869101107038751,0.02463294956885815,NORMAL,STABLE,NORMAL,NO_ACTION,False,0.0
2026-08-12T00:40:28.462495,0.4238937236215863,0.0024009473208655907,0.1156558533145275,False,8,0.12672185897827148,False,0.0,-6.2272490449886675,16.198412786768102,-3.1610098273702363,CENTER,0.0,0.9859361068244171,0.028567325917386324,NORMAL,STABLE,NORMAL,NO_ACTION,False,0.0
2026-08-12T00:40:28.503180,0.43341030480556253,0.005761964450465826,0.11549295774647887,False,8,0.12672185897827148,False,0.0,-7.380381577090759,18.74230600599725,-2.571453247647298,CENTER,0.0,0.9862023373199589,0.030865837116207426,NORMAL,STABLE,NORMAL,NO_ACTION,False,0.0
2026-08-12T00:40:28.535728,0.44171592740922894,0.0032022795449259166,0.11533052039381153,False,8,0.12672185897827148,False,0.0,-6.960184198229086,18.877602346635427,-2.91440623390568,CENTER,0.0,0.9868502577374828,0.030807948974494456,NORMAL,STABLE,NORMAL,NO_ACTION,False,0.0
2026-08-12T00:40:28.567140,0.4324244556585667,0.005135438948258166,0.1151685393258427,False,8,0.12672185897827148,False,0.0,-6.559436567101784,18.74687747309838,-2.786514505350965,CENTER,0.0,0.9865739936985596,0.03012348590770616,NORMAL,STABLE,NORMAL,NO_ACTION,False,0.0
2026-08-12T00:40:28.599210,0.4128952345899367,0.0022163939419559096,0.1150070126227209,False,8,0.12672185897827148,False,0.0,-7.189453290369158,19.032550401982206,-3.096063894516078,CENTER,0.0,0.9868105924211248,0.031153809261200045,NORMAL,STABLE,NORMAL,NO_ACTION,False,0.0
2026-08-12T00:40:28.631556,0.4254898474138343,0.0031195965083010164,0.11484593837535013,False,8,0.12672185897827148,False,0.0,-7.570146167773487,19.925222689439863,-3.3701275234491845,CENTER,0.0,0.9864725464034636,0.0323484861660405,NORMAL,STABLE,NORMAL,NO_ACTION,False,0.0
2026-08-12T00:40:28.663629,0.4495986025028591,0.0023729000070782697,0.11468531468531469,False,8,0.12672185897827148,False,0.0,-6.50812067120242,20.412127848243443,-3.3721672978956576,CENTER,0.0,0.9856383155435529,0.031599101055149834,NORMAL,STABLE,NORMAL,NO_ACTION,False,0.0
2026-08-12T00:40:28.695100,0.4086649272276285,0.005304428588925295,0.11452513966480447,False,8,0.12672185897827148,False,0.0,-6.345889706824153,21.051948233489583,-3.725433421339062,CENTER,0.0,0.9859702530221194,0.03216506582815373,NORMAL,STABLE,NORMAL,NO_ACTION,False,0.0
2026-08-12T00:40:28.728401,0.405600286493719,0.0034492844851932874,0.11436541143654114,False,8,0.12672185897827148,False,0.0,-6.507647951634425,19.669002770961413,-3.8986034157371705,CENTER,0.0,0.9866319444444445,0.0314089312584709,NORMAL,STABLE,NORMAL,NO_ACTION,False,0.0
2026-08-12T00:40:28.761226,0.4224733622143705,0.002785427496109902,0.11420612813370473,False,8,0.12672185897827148,False,0.0,-6.741400032281746,19.19351189685824,-4.377521835268908,CENTER,0.0,0.9861583585176612,0.03167215482778024,NORMAL,STABLE,NORMAL,NO_ACTION,False,0.0
2026-08-12T00:40:28.791797,0.4186692220858097,0.005312706392592691,0.11404728789986092,False,8,0.12672185897827148,False,0.0,-6.364931169230033,18.785998000806757,-4.290332746525479,CENTER,0.0,0.9858444787379972,0.030851933684203605,NORMAL,STABLE,NORMAL,NO_ACTION,False,0.0
2026-08-12T00:40:28.811003,0.4251268808152784,0.0020698609667081265,0.11388888888888889,False,8,0.12672185897827148,False,0.0,-7.228298175478869,19.83725272044154,-4.392627542531784,CENTER,0.0,0.9858531191057956,0.03246187024877359,NORMAL,STABLE,NORMAL,NO_ACTION,False,0.0
2026-08-12T00:40:28.854769,0.3942026404102803,0.004222499139496311,0.11373092926490985,False,8,0.12672185897827148,False,0.0,-5.667868055499326,19.704373672408195,-4.92765239129659,CENTER,0.0,0.9838669329775378,0.031299494937219875,NORMAL,STABLE,NORMAL,NO_ACTION,False,0.0
2026-08-12T00:40:28.887717,0.38923743466031613,0.0034958862746221685,0.11357340720221606,False,8,0.12672185897827148,False,0.0,-4.592437416335002,18.93166120545419,-4.753467052557113,CENTER,0.0,0.9830965604638203,0.029459329886202538,NORMAL,STABLE,NORMAL,NO_ACTION,False,0.0
2026-08-12T00:40:28.935576,0.3943282970056402,0.00525140253246219,0.11341632088520055,False,8,0.12672185897827148,False,0.0,-4.308147217357515,20.0899917033845,-5.021302790990319,CENTER,0.0,0.9844270967292523,0.030201513717898105,NORMAL,STABLE,NORMAL,NO_ACTION,False,0.0
2026-08-12T00:40:28.967751,0.37447082661599795,0.0030250773401774367,0.1132596685082873,False,8,0.12672185897827148,False,0.0,-5.3564053062572725,20.10691079149356,-5.504151807598788,CENTER,0.0,0.984518684627915,0.03160980630578743,NORMAL,STABLE,NORMAL,NO_ACTION,False,0.0
2026-08-12T00:40:28.998678,0.403180901694309,0.0052132614630782115,0.11310344827586206,False,8,0.12672185897827148,False,0.0,-5.356921217078678,21.546615236471524,-6.874816898447705,CENTER,0.0,0.9847053031764403,0.03389187925329698,NORMAL,STABLE,NORMAL,NO_ACTION,False,0.0
2026-08-12T00:40:29.031424,0.33715587593478485,0.010772727810459364,0.11294765840220386,False,8,0.12672185897827148,False,0.0,-7.487848463195718,20.390645594266687,-7.909296568064121,CENTER,0.0,0.9847021953232167,0.03602728697521142,NORMAL,STABLE,NORMAL,NO_ACTION,False,0.0
2026-08-12T00:40:29.063945,0.27840942459289236,0.007285448656656484,0.11279229711141678,False,8,0.12672185897827148,False,0.0,-7.075868504611066,18.53936187147019,-8.741897770865876,CENTER,0.0,0.9837298659336421,0.06380504464133595,NORMAL,STABLE,NORMAL,NO_ACTION,False,0.0
2026-08-12T00:40:29.096325,0.33064592077589006,0.008839890965768668,0.11263736263736264,False,8,0.12672185897827148,False,0.0,-4.982974316484615,19.044418641048964,-9.961166658428766,CENTER,0.0,0.9820297496570645,0.03446363794268882,NORMAL,STABLE,NORMAL,NO_ACTION,False,0.0
2026-08-12T00:40:29.126883,0.2655346890897474,0.006818444745403054,0.11248285322359397,False,8,0.12672185897827148,False,0.0,-5.58624910842849,19.05036224912118,-11.597099722540236,CENTER,0.0,0.9816021251286008,0.08250069795372819,NORMAL,STABLE,NORMAL,NO_ACTION,False,0.0
2026-08-12T00:40:29.159774,0.25767914163246947,0.009719121729756615,0.11232876712328767,False,8,0.12672185897827148,False,0.0,-7.311566370207885,18.31804154267141,-13.18067345452252,CENTER,0.0,0.9814494250471536,0.09555515936742834,NORMAL,STABLE,NORMAL,NO_ACTION,False,0.0
2026-08-12T00:40:29.191682,0.23232822873454537,0.008933098612329132,0.1121751025991792,False,8,0.12672185897827148,False,0.0,-6.14530976799594,18.045649069407688,-13.793629281329942,CENTER,0.0,0.9805499962491426,0.12855000825115587,NORMAL,STABLE,NORMAL,NO_ACTION,False,0.0
2026-08-12T00:40:29.223390,0.24011428420785097,0.005293992697835011,0.11202185792349727,False,8,0.12672185897827148,False,0.0,-5.381484650583019,16.820196067283717,-13.351437889776378,UP,0.0,0.9787273073131001,0.14204557999429462,NORMAL,STABLE,NORMAL,NO_ACTION,False,0.0
2026-08-12T00:40:29.255475,0.27402259189261413,0.005869229137287374,0.11186903137789904,False,8,0.12672185897827148,False,0.0,-4.779343458864815,17.85239067895344,-12.87331265288259,UP,0.03208518028259277,0.977267018175583,0.09646330713379825,NORMAL,STABLE,NORMAL,NO_ACTION,False,0.0
2026-08-12T00:40:29.287887,0.26453259400701346,0.013718539955598822,0.11171662125340599,False,8,0.12672185897827148,False,0.0,-3.8021637709594813,15.112977444366862,-12.722134503735361,UP,0.06449747085571289,0.9757639156807271,0.10597540066576724,NORMAL,STABLE,NORMAL,NO_ACTION,False,0.0
2026-08-12T00:40:29.319600,0.2426588654678543,0.012900747267549096,0.11156462585034013,False,8,0.12672185897827148,False,0.0,-3.748560657238812,16.26987345213297,-12.141997320400492,UP,0.09621024131774902,0.9752944556970166,0.1352896419211871,NORMAL,STABLE,NORMAL,NO_ACTION,False,0.0
2026-08-12T00:40:29.352309,0.27912222218679916,0.02154508942899231,0.11141304347826086,False,8,0.12672185897827148,False,0.0,-5.8971077480806855,17.39038751155755,-11.752384734600128,UP,0.1289198398590088,0.9765875637645747,0.08909909071321573,NORMAL,STABLE,NORMAL,NO_ACTION,False,0.0
2026-08-12T00:40:29.382999,0.2663174129566672,0.03264496712119021,0.1112618724559023,False,8,0.12672185897827148,False,0.0,-5.381495080977828,17.140024308141506,-10.705914037247567,UP,0.15960907936096191,0.978005628965192,0.10441153788138077,NORMAL,STABLE,NORMAL,NO_ACTION,False,0.0
2026-08-12T00:40:29.415969,0.2599070284331983,0.012273757126315364,0.1111111111111111,False,8,0.12672185897827148,False,0.0,-5.722042626876629,17.723664181643926,-10.116309806640743,UP,0.1925795078277588,0.9792403174296982,0.11306502189697665,NORMAL,STABLE,NORMAL,NO_ACTION,False,0.0
2026-08-12T00:40:29.463973,0.19864795118709583,0.012973030471361195,0.11231393775372124,True,8,0.12672185897827148,False,0.0,-4.61201008315615,18.708758358013824,-9.49777938821424,UP,0.24058294296264648,0.9795100308641975,0.1943921196732106,NORMAL,STABLE,NORMAL,NO_ACTION,False,0.0
2026-08-12T00:40:29.498034,0.23115670727867366,0.009134751047727678,0.11216216216216217,False,9,0.03406119346618652,False,0.0,-4.725240360619949,17.82100608683413,-9.215145117567545,UP,0.274644136428833,0.9787483656978738,0.15016693956603994,NORMAL,STABLE,NORMAL,NO_ACTION,False,0.0
2026-08-12T00:40:29.526568,0.24190458537670156,0.045031754012408845,0.11201079622132254,False,9,0.03406119346618652,False,0.0,-4.391217717948535,18.896903521642855,-9.177553337230933,UP,0.3031785488128662,0.9776719634130657,0.13617993857530739,NORMAL,STABLE,NORMAL,NO_ACTION,False,0.0
2026-08-12T00:40:29.559709,0.23328179981912273,0.015114856107315607,0.11185983827493262,False,9,0.03406119346618652,False,0.0,2.0647975144861164,37.12529213034858,174.627947501137,UP,0.3363189697265625,0.9443835014967706,0.18170216713242324,NORMAL,STABLE,NORMAL,NO_ACTION,False,0.0
2026-08-12T00:40:29.591750,0.19487730482201912,0.007360231419520211,0.11305518169582772,True,9,0.03406119346618652,False,0.0,-3.331316378657334,16.446268187429325,-9.44324009251983,UP,0.3683605194091797,0.9778570682227367,0.19687046952616533,NORMAL,STABLE,NORMAL,NO_ACTION,False,0.0
2026-08-12T00:40:29.622556,0.23057299127396363,0.01637373684318795,0.11290322580645161,False,10,0.03080606460571289,False,0.0,-3.713912742070164,16.012301697341456,-10.047967833380142,UP,0.3991665840148926,0.9791384146733539,0.14983757928089897,NORMAL,STABLE,NORMAL,NO_ACTION,False,0.0
2026-08-12T00:40:29.656016,0.2444918292221209,0.013681613077750236,0.11275167785234899,False,10,0.03080606460571289,False,0.0,-2.0637722103824103,17.29902837947961,-9.667248153543966,UP,0.43262648582458496,0.9799959678283608,0.1301770141434184,NORMAL,STABLE,NORMAL,NO_ACTION,False,0.0
2026-08-12T00:40:29.686955,0.18956681107075657,0.007969496047119242,0.11394101876675604,True,10,0.03080606460571289,False,0.0,-3.8832087841824148,16.9915132424926,-9.506644005096376,UP,0.4635653495788574,0.9801137849365569,0.20538034205754904,LOW,RISING,NORMAL,NO_ACTION,False,0.0
2026-08-12T00:40:29.721108,0.21877916966985234,0.014298804473522542,0.11378848728246319,False,11,0.03415274620056152,False,0.0,-5.414882604203314,18.901177903058425,-9.649075955537597,UP,0.49771809577941895,0.97967012549297,0.1693455689578323,NORMAL,STABLE,NORMAL,NO_ACTION,False,0.0
2026-08-12T00:40:29.752009,0.2520407578527326,0.015638077513245405,0.11363636363636363,False,11,0.03415274620056152,False,0.0,-4.246375469248335,20.443493224791183,-8.930271272633632,UP,0.5286195278167725,0.979070082090192,0.12112405211520436,NORMAL,STABLE,NORMAL,NO_ACTION,False,0.0
2026-08-12T00:40:29.784429,0.22331448824553018,0.008265776966995571,0.11348464619492657,False,11,0.03415274620056152,False,0.0,-3.9978191129677896,18.721760277980593,-9.003358728456703,UP,0.5610389709472656,0.9784331463263032,0.15934228489253266,NORMAL,STABLE,NORMAL,NO_ACTION,False,0.0
2026-08-12T00:40:29.816978,0.24210028229387495,0.0374995405456855,0.11333333333333333,False,11,0.03415274620056152,False,0.0,-4.111187749414,17.323430181019745,-8.853969854874691,UP,0.59358811378479,0.9796127105838478,0.13458477469592953,NORMAL,STABLE,NORMAL,NO_ACTION,False,0.0
2026-08-12T00:40:29.847586,0.20156862061535952,0.011721503691431878,0.11451398135818908,True,11,0.03415274620056152,False,0.0,-4.358538388341685,19.226156926048162,-8.803223442994977,UP,0.6241965293884277,0.9802755674511315,0.19210719308295418,NORMAL,STABLE,NORMAL,NO_ACTION,False,0.0
2026-08-12T00:40:29.878838,0.21912022304763434,0.031392197803687065,0.11436170212765957,False,12,0.03125190734863281,False,0.0,-3.098618111431449,17.56417263661561,-8.586140225522911,UP,0.6554484367370605,0.9801740665723594,0.1673605445616943,NORMAL,STABLE,NORMAL,NO_ACTION,False,0.0
2026-08-12T00:40:29.910639,0.20237678286774408,0.012183957500262799,0.11553784860557768,True,12,0.03125190734863281,False,0.0,-3.327024752333216,17.77602371929271,-8.489934988992928,UP,0.6872494220733643,0.9799481443972908,0.19193155602085318,NORMAL,STABLE,NORMAL,NO_ACTION,False,0.0
2026-08-12T00:40:29.942477,0.19320460296918665,0.013936393395837021,0.11671087533156499,True,12,0.03125190734863281,False,0.031838417053222656,-2.8902006710777073,16.914133598601694,-8.252040348037099,UP,0.7190878391265869,0.9795457175925926,0.2048551019827123,LOW,STABLE,NORMAL,NO_ACTION,False,0.031838417053222656
2026-08-12T00:40:29.991135,0.19747371367526811,0.011630725893099696,0.11788079470198676,True,12,0.03125190734863281,False,0.08049607276916504,-2.346572214178508,14.669740824610187,-8.214032016686872,UP,0.7677454948425293,0.9784405140817901,0.19967536745241948,NORMAL,STABLE,NORMAL,NO_ACTION,False,0.08049607276916504
2026-08-12T00:40:30.022426,0.19243723395077655,0.011267943992310443,0.11904761904761904,True,12,0.03125190734863281,False,0.1117866039276123,-2.286099340199712,18.17305365963105,-8.432479452645794,UP,0.7990360260009766,0.9782418124142661,0.21101230297454934,LOW,STABLE,NORMAL,NO_ACTION,False,0.1117866039276123
2026-08-12T00:40:30.054901,0.16737122937347107,0.03155379830350204,0.1202113606340819,True,12,0.03125190734863281,False,0.14426183700561523,-1.3024714461719782,16.51146849280292,-7.923178012505701,UP,0.8315112590789795,0.9784895967292524,0.2437851039175122,LOW,STABLE,NORMAL,NO_ACTION,False,0.14426183700561523
2026-08-12T00:40:30.087094,0.22024427955806034,0.016794504698122745,0.12005277044854881,False,13,0.17645478248596191,False,0.0,4.116500349050881,33.36657148266906,175.5113053985488,UP,0.8637042045593262,0.9463479755194044,0.21505435520377242,LOW,STABLE,NORMAL,NO_ACTION,False,0.0
2026-08-12T00:40:30.119062,0.2152392469485994,0.010836078870886726,0.11989459815546773,False,13,0.17645478248596191,False,0.0,-2.015524739735241,17.117244465653584,-8.041689049838965,UP,0.8956725597381592,0.9791324668852882,0.18382129279452064,NORMAL,STABLE,NORMAL,NO_ACTION,False,0.0
2026-08-12T00:40:30.151515,0.17860705767490107,0.010822170366001652,0.12105263157894737,True,13,0.17645478248596191,False,0.0,-2.6398839822072375,16.393988673978328,-7.974458238569525,UP,0.9281258583068848,0.9799523909036351,0.23466368078226593,LOW,STABLE,NORMAL,NO_ACTION,False,0.0
2026-08-12T00:40:30.183819,0.273123951035308,0.009666813288796015,0.12089356110381078,False,14,0.032303810119628906,False,0.0,-2.98299695463416,16.614824818343237,-7.881191609621709,UP,0.9604296684265137,0.9798993966478052,0.11036153838213791,NORMAL,STABLE,NORMAL,NO_ACTION,False,0.0
2026-08-12T00:40:30.215072,0.22425014937981547,0.027613350596468064,0.12073490813648294,False,14,0.032303810119628906,False,0.0,-2.516062074941857,17.50177205333597,-7.5687563189545415,UP,0.9916825294494629,0.9788346622085048,0.17669163981134786,NORMAL,STABLE,NORMAL,NO_ACTION,False,0.0
2026-08-12T00:40:30.248130,0.20181941169232304,0.002829882723749606,0.1218872870249017,True,14,0.032303810119628906,False,0.0,-2.5994415621752864,15.966274357257078,-7.439238115562233,UP,1.02474045753479,0.9788827937457133,0.20745458928947913,LOW,STABLE,NORMAL,NO_ACTION,False,0.0
2026-08-12T00:40:30.278941,0.201257871550495,0.009297913249506991,0.12303664921465969,True,14,0.032303810119628906,False,0.030810832977294922,-2.8773632960862017,16.747946032863666,-7.376118646537861,UP,1.055551290512085,0.9786641723465364,0.21088451394919602,LOW,STABLE,NORMAL,NO_ACTION,False,0.030810832977294922
2026-08-12T00:40:30.312814,0.21542804646989827,0.008730391191928588,0.12287581699346405,False,15,0.06468439102172852,False,0.0,4.050416825231338,33.167873394390426,176.08297010744428,UP,1.0894248485565186,0.9462527457168781,0.23305599271490654,LOW,STABLE,NORMAL,NO_ACTION,False,0.0
2026-08-12T00:40:30.342862,0.21029254555533838,0.02040496723105611,0.1227154046997389,False,15,0.06468439102172852,False,0.0,-3.8904767901103696,17.012943432334424,-7.585884876032139,UP,1.1194722652435303,0.9795349472736625,0.20281654348294262,LOW,STABLE,NORMAL,NO_ACTION,False,0.0
2026-08-12T00:40:30.374501,0.17977982726014616,0.025436232131180812,0.12385919165580182,True,15,0.06468439102172852,False,0.0,3.493652598125408,32.08096352823679,175.65003588403033,UP,1.151111125946045,0.9479146961269718,0.2842930319652181,LOW,STABLE,NORMAL,NO_ACTION,False,0.0
2026-08-12T00:40:30.406313,0.1989617406454383,0.009731794149124139,0.125,True,15,0.06468439102172852,False,0.031812429428100586,4.075578776328911,32.74360949805569,176.03523316147607,UP,1.1829235553741455,0.9473990644290123,0.2607484331699601,LOW,STABLE,NORMAL,NO_ACTION,False,0.031812429428100586
2026-08-12T00:40:30.439705,0.21404722830049194,0.038537196292513794,0.12483745123537061,False,16,0.06520462036132812,False,0.0,-1.9415669120869836,15.37386650423548,-7.211734923319881,UP,1.216315746307373,0.9785546875,0.19964707557750333,NORMAL,STABLE,NORMAL,NO_ACTION,False,0.0
2026-08-12T00:40:30.471371,0.15635452885409323,0.006055358820254791,0.12597402597402596,True,16,0.06520462036132812,False,0.0,-1.8126437392989772,15.608855218142736,-7.393824154379502,UP,1.2479817867279053,0.9785180764531892,0.27873206830974323,LOW,STABLE,NORMAL,NO_ACTION,False,0.0
2026-08-12T00:40:30.518689,0.2117726735421035,0.026280928771211427,0.125810635538262,False,17,0.0473175048828125,False,0.0,-3.3906513013731114,16.640458501736873,-7.497114590255052,UP,1.2952992916107178,0.9782138015474965,0.20917401323709453,LOW,STABLE,NORMAL,NO_ACTION,False,0.0
2026-08-12T00:40:30.550551,0.15696036202044794,0.011997746469715728,0.12694300518134716,True,17,0.0473175048828125,False,0.0,-3.3542643400110137,15.979547585497158,-7.121151014633739,UP,1.3271617889404297,0.9788805030435528,0.28332958545964154,LOW,STABLE,NORMAL,NO_ACTION,False,0.0
2026-08-12T00:40:30.583998,0.16794038828011587,0.01783663519592671,0.12807244501940493,True,17,0.0473175048828125,False,0.0334467887878418,-1.9626314257950241,13.853168983253738,-6.476986796825571,UP,1.3606085777282715,0.9801668997556584,0.2672075160956095,LOW,STABLE,NORMAL,NO_ACTION,False,0.0334467887878418
2026-08-12T00:40:30.616689,0.18697122132352278,0.005586667006425041,0.12919896640826872,True,17,0.0473175048828125,False,0.06613755226135254,-2.9764198851535753,14.965099346051687,-6.866267328124252,UP,1.3932993412017822,0.980683995627572,0.24596709677274534,LOW,STABLE,NORMAL,NO_ACTION,False,0.06613755226135254
2026-08-12T00:40:30.646821,0.21896315440084269,0.005404778127925057,0.12903225806451613,False,18,0.09626960754394531,False,0.0,-2.6434898670935354,15.14729952845056,-6.470469634446545,UP,1.423431396484375,0.9799852912808642,0.20396340545082137,LOW,STABLE,NORMAL,NO_ACTION,False,0.0
2026-08-12T00:40:30.680707,0.22058964503056544,0.003562654891494046,0.12886597938144329,False,18,0.09626960754394531,False,0.0,-2.6824852629862903,14.246127226246074,-6.266230318066022,UP,1.4573171138763428,0.9790900554055213,0.20237002258531883,LOW,STABLE,NORMAL,NO_ACTION,False,0.0
2026-08-12T00:40:30.711610,0.2201134851087948,0.02018679327242043,0.1287001287001287,False,18,0.09626960754394531,False,0.0,-2.1981114157350135,15.012713609953579,-6.433409154532825,UP,1.4882206916809082,0.9785876414609055,0.20450933085269798,LOW,STABLE,NORMAL,NO_ACTION,False,0.0
2026-08-12T00:40:30.743007,0.16518884240293447,0.002366694110981613,0.12982005141388175,True,18,0.09626960754394531,False,0.0,-2.959534798354298,13.899496067558886,-6.29755463746605,UP,1.5196175575256348,0.978716898683985,0.2794610892050179,LOW,STABLE,NORMAL,NO_ACTION,False,0.0
2026-08-12T00:40:30.775656,0.19374437838399972,0.0033581245260953284,0.13093709884467267,True,18,0.09626960754394531,False,0.03264904022216797,-2.8725747764651715,13.58651212388338,-5.95600769971341,UP,1.5522665977478027,0.9796802662037037,0.24272167639779219,LOW,STABLE,NORMAL,NO_ACTION,False,0.03264904022216797
2026-08-12T00:40:30.807790,0.20877673055457874,0.0052830596907920335,0.13205128205128205,True,18,0.09626960754394531,False,0.06478261947631836,-1.7712205695765704,14.279294959229077,-5.9113627388219925,UP,1.5844001770019531,0.9808373789008916,0.22402487527937362,LOW,STABLE,NORMAL,NO_ACTION,False,0.06478261947631836
2026-08-12T00:40:30.838811,0.2703723739260829,0.0011878751643072804,0.13188220230473752,False,19,0.09580373764038086,False,0.0,-2.197993824886254,15.748259356264413,-6.347523127037647,UP,1.6154212951660156,0.9811468782150206,0.14504895123394032,NORMAL,STABLE,NORMAL,NO_ACTION,False,0.0
2026-08-12T00:40:30.904236,0.38314272595039034,0.003935016855293392,0.13171355498721227,False,19,0.09580373764038086,False,0.0,-2.0336081852420307,16.084705674644027,-5.428738491278011,UP,1.6808464527130127,0.9794498831875857,0.10749615245358037,NORMAL,STABLE,NORMAL,NO_ACTION,False,0.0
2026-08-12T00:40:30.932292,0.37983488441818614,0.003564346773037641,0.13154533844189017,False,19,0.09580373764038086,False,0.0,-1.5131174851664753,14.414770702838808,-5.176261278248148,UP,1.708902359008789,0.9795551751114541,0.1066773965022199,NORMAL,STABLE,NORMAL,NO_ACTION,False,0.0
2026-08-12T00:40:30.957270,0.3658864937139201,0.0041175316293910105,0.13137755102040816,False,19,0.09580373764038086,False,0.0,5.884254188884142,31.72490417170249,178.51636916823162,CENTER,0.0,0.9466017446844993,0.07303682274579094,NORMAL,STABLE,NORMAL,NO_ACTION,False,0.0
2026-08-12T00:40:30.980616,0.36947144835037793,0.0024598455186626454,0.13121019108280255,False,19,0.09580373764038086,False,0.0,-2.7903845918285413,16.17745424971025,-5.373297029398088,CENTER,0.0,0.9798945071373458,0.035150135542188016,NORMAL,STABLE,NORMAL,NO_ACTION,False,0.0
2026-08-12T00:40:31.002406,0.38285563991703175,0.003963510017752065,0.13104325699745548,False,19,0.09580373764038086,False,0.0,-1.9330481913548567,13.701724008349856,-4.6899865079312235,CENTER,0.0,0.9805312687542866,0.031795055178144786,NORMAL,STABLE,NORMAL,NO_ACTION,False,0.0
2026-08-12T00:40:31.047340,0.367572183642038,0.008920370665995615,0.13087674714104194,False,19,0.09580373764038086,False,0.0,-0.5909620800542825,14.41365300731323,-4.690743991002762,CENTER,0.0,0.9815989502957818,0.030934321403487307,NORMAL,STABLE,NORMAL,NO_ACTION,False,0.0
2026-08-12T00:40:31.079300,0.3756076302849718,0.00441100874303121,0.13071065989847716,False,19,0.09580373764038086,False,0.0,-1.3640537642830566,16.63508658837543,-4.891877176136887,CENTER,0.0,0.9820957781421468,0.033393788946432634,NORMAL,STABLE,NORMAL,NO_ACTION,False,0.0
2026-08-12T00:40:31.111425,0.3810079008472512,0.0028303461419189636,0.13054499366286437,False,19,0.09580373764038086,False,0.0,-1.4390652445437695,14.186994022567063,-4.495134778905026,CENTER,0.0,0.9809683775934499,0.031233074018459088,NORMAL,STABLE,NORMAL,NO_ACTION,False,0.0
2026-08-12T00:40:31.144696,0.3664170447819473,0.007045692721843978,0.13037974683544304,False,19,0.09580373764038086,False,0.0,-1.0808053930959147,14.419583537185218,-4.495281887509748,CENTER,0.0,0.9800205895276063,0.030973582612938515,NORMAL,STABLE,NORMAL,NO_ACTION,False,0.0
2026-08-12T00:40:31.176202,0.3944687470108511,0.008697870597500344,0.1302149178255373,False,19,0.09580373764038086,False,0.0,-1.8089018858820225,15.284768200467113,-4.46151237233849,CENTER,0.0,0.9802438191229425,0.03218463486176279,NORMAL,STABLE,NORMAL,NO_ACTION,False,0.0
2026-08-12T00:40:31.207104,0.40118373764094234,0.003683514679080699,0.13005050505050506,False,19,0.09580373764038086,False,0.0,7.562380863525277,29.55910729706278,179.76656534059782,CENTER,0.0,0.9482522866833848,0.07239348882086923,NORMAL,STABLE,NORMAL,NO_ACTION,False,0.0
2026-08-12T00:40:31.240147,0.39216982947723766,0.003191850064464694,0.12988650693568726,False,19,0.09580373764038086,False,0.0,-0.9485888237148856,14.154732894887559,-4.421735495448701,CENTER,0.0,0.9812747556584362,0.030337539532605134,NORMAL,STABLE,NORMAL,NO_ACTION,False,0.0
2026-08-12T00:40:31.303841,0.3979786431015677,0.004105200381272829,0.1297229219143577,False,19,0.09580373764038086,False,0.0,-0.7183045198185312,13.182149093481542,-3.8068305269677865,CENTER,0.0,0.9811460610639575,0.028739439421598633,NORMAL,STABLE,NORMAL,NO_ACTION,False,0.0
2026-08-12T00:40:31.335726,0.38704049034419624,0.007436207960393353,0.12955974842767295,False,19,0.09580373764038086,False,0.0,-0.11284428131116897,13.793068102119435,-3.3971567012630146,CENTER,0.0,0.9800122036822703,0.02812153545599417,NORMAL,STABLE,NORMAL,NO_ACTION,False,0.0
2026-08-12T00:40:31.366469,0.3896007206838259,0.003938381006190516,0.12939698492462312,False,19,0.09580373764038086,False,0.0,-0.9175293501281487,11.899820568722077,-3.4404429143115465,CENTER,0.0,0.980762937778635,0.02748937320177499,NORMAL,STABLE,NORMAL,NO_ACTION,False,0.0
2026-08-12T00:40:31.398834,0.3927636622251387,0.00379362729015796,0.12923462986198245,False,19,0.09580373764038086,False,0.0,-0.7972020341611881,12.859918213776098,-3.3625379165034985,CENTER,0.0,0.9811563223379629,0.0279107091489881,NORMAL,STABLE,NORMAL,NO_ACTION,False,0.0
2026-08-12T00:40:31.430543,0.3874806064141937,0.006221143953489826,0.12907268170426064,False,19,0.09580373764038086,False,0.0,-0.6712555930581061,13.317970638615265,-3.559596607764803,CENTER,0.0,0.9810635288065843,0.028229029173404148,NORMAL,STABLE,NORMAL,NO_ACTION,False,0.0
2026-08-12T00:40:31.451610,0.3989814979074678,0.004430660227997327,0.12891113892365458,False,19,0.09580373764038086,False,0.0,-1.2469953857628866,13.680884831290513,-3.7326666249086315,CENTER,0.0,0.9810215058084705,0.029131438590998565,NORMAL,STABLE,NORMAL,NO_ACTION,False,0.0
2026-08-12T00:40:31.479733,0.41241795587061736,0.00311288865857889,0.12875,False,19,0.09580373764038086,False,0.0,-1.0763007495361876,12.96984794531761,-3.392055937382082,CENTER,0.0,0.9814430485896777,0.028044974399761793,NORMAL,STABLE,NORMAL,NO_ACTION,False,0.0
2026-08-12T00:40:31.503080,0.3625554206282171,0.0067380477495315545,0.1285892634207241,False,19,0.09580373764038086,False,0.0,7.646112571537259,27.561821360579785,-179.65456920294034,CENTER,0.0,0.9490278514553326,0.0705632632868525,NORMAL,STABLE,NORMAL,NO_ACTION,False,0.0
2026-08-12T00:40:31.533115,0.12233823844284564,0.0077455514406089545,0.12967581047381546,True,19,0.09580373764038086,False,0.0,-0.5320965080519784,11.442194867021158,-2.7908546711631743,UP,0.0,0.9810598449288408,0.25230159155418574,LOW,STABLE,NORMAL,NO_ACTION,False,0.0
2026-08-12T00:40:31.575612,0.06863969198928245,0.0039536782023005665,0.1307596513075965,True,19,0.09580373764038086,False,0.042496681213378906,-0.5438621311211307,10.406914022484699,-2.544084849667371,UP,0.042496681213378906,0.9803610066229425,0.2518695087996854,LOW,STABLE,NORMAL,NO_ACTION,False,0.042496681213378906
2026-08-12T00:40:31.606626,0.06423592294282039,0.0041124618315213956,0.1318407960199005,True,19,0.09580373764038086,False,0.07351112365722656,-0.14074541258827367,9.453645879548418,-2.3941848064191333,UP,0.07351112365722656,0.9809428315757888,0.2511890750597794,LOW,STABLE,NORMAL,NO_ACTION,False,0.07351112365722656
2026-08-12T00:40:31.647176,0.17001616685625062,0.0062160859664612544,0.13291925465838508,True,19,0.09580373764038086,False,0.11406064033508301,-0.47584804100409883,9.920812695342931,-2.65616420808945,UP,0.11406064033508301,0.9809170578275035,0.2259524480406961,LOW,STABLE,NORMAL,NO_ACTION,False,0.11406064033508301
2026-08-12T00:40:31.703403,0.3367772621247952,0.002794722107473677,0.1327543424317618,False,20,0.1702883243560791,False,0.0,0.21218775152252078,11.390177082648393,-2.858056082862106,UP,0.1702883243560791,0.9807731588648834,0.053559941319793636,NORMAL,STABLE,NORMAL,NO_ACTION,False,0.0
2026-08-12T00:40:31.735769,0.3703747903513418,0.004859740146108364,0.1325898389095415,False,20,0.1702883243560791,False,0.0,-0.7308924435356516,12.74624557946629,-3.0938582313216045,UP,0.2026534080505371,0.9805732113768861,0.05518363450461821,NORMAL,STABLE,NORMAL,NO_ACTION,False,0.0
2026-08-12T00:40:31.766805,0.38897471874104955,0.0032632682806139545,0.13242574257425743,False,20,0.1702883243560791,False,0.0,-0.40541393837952455,11.648490344899614,-2.6509512245873452,UP,0.2336897850036621,0.9804689375428671,0.05356883632278357,NORMAL,STABLE,NORMAL,NO_ACTION,False,0.0
2026-08-12T00:40:31.799340,0.42320244719973266,0.010743985595564007,0.13226205191594562,False,20,0.1702883243560791,False,0.0,-0.04081743675166649,13.031386744666065,-2.7546377764429337,CENTER,0.0,0.9809832470636145,0.028234502886270878,NORMAL,STABLE,NORMAL,NO_ACTION,False,0.0
2026-08-12T00:40:31.831425,0.38229630799304304,0.005731893029764288,0.13209876543209875,False,20,0.1702883243560791,False,0.0,0.12649876802663584,11.654944047443877,-2.558329944002679,CENTER,0.0,0.9814889296124828,0.027052232917453737,NORMAL,STABLE,NORMAL,NO_ACTION,False,0.0
2026-08-12T00:40:31.862905,0.38933454385820854,0.008100301583428761,0.1319358816276202,False,20,0.1702883243560791,False,0.0,-0.8997231352065569,11.280144921918634,-2.6745659102861623,CENTER,0.0,0.9816801697530864,0.027556620116040625,NORMAL,STABLE,NORMAL,NO_ACTION,False,0.0
2026-08-12T00:40:31.894672,0.3695443397789429,0.0023832942666921755,0.13177339901477833,False,20,0.1702883243560791,False,0.0,0.2839420613236143,11.595012651123398,-2.401902627179254,CENTER,0.0,0.9816110736025376,0.02684724427027734,NORMAL,STABLE,NORMAL,NO_ACTION,False,0.0
2026-08-12T00:40:31.927388,0.36995267486987293,0.00954285542044483,0.13161131611316113,False,20,0.1702883243560791,False,0.0,0.8265938220322937,11.01069516080122,-2.4753899113991906,CENTER,0.0,0.9816271621013375,0.026937514823426573,NORMAL,STABLE,NORMAL,NO_ACTION,False,0.0
2026-08-12T00:40:31.960046,0.39277097186816373,0.005139480705862638,0.13144963144963145,False,20,0.1702883243560791,False,0.0,-1.3212607438408952,12.949628658501439,-2.376894460479093,CENTER,0.0,0.981709185313786,0.028638511804560084,NORMAL,STABLE,NORMAL,NO_ACTION,False,0.0
2026-08-12T00:40:31.985149,0.3548534823174976,0.006617967208601574,0.1312883435582822,False,20,0.1702883243560791,False,0.0,0.41457144520603606,10.794082001115612,-2.03102595046019,CENTER,0.0,0.9818774112654322,0.02579491738318096,NORMAL,STABLE,NORMAL,NO_ACTION,False,0.0
2026-08-12T00:40:32.010928,0.39224608731420063,0.0035865745036323007,0.13112745098039216,False,20,0.1702883243560791,False,0.0,-0.6844665639391962,11.49610146127526,-2.1700252917347598,CENTER,0.0,0.9817200226123113,0.026615235369543872,NORMAL,STABLE,NORMAL,NO_ACTION,False,0.0
2026-08-12T00:40:32.037659,0.34177452499198346,0.007302794210974855,0.13096695226438188,False,20,0.1702883243560791,False,0.0,0.9788321972145013,12.972771543331987,-2.2827789615626557,CENTER,0.0,0.9817845641503773,0.027993510770086487,NORMAL,STABLE,NORMAL,NO_ACTION,False,0.0
2026-08-12T00:40:32.102333,0.23241460189366242,0.0053641306285465195,0.13080684596577016,False,20,0.1702883243560791,False,0.0,0.14849320280839606,9.787525277376403,-1.9604782511672454,CENTER,0.0,0.9819652349108369,0.11461691678067616,NORMAL,STABLE,NORMAL,NO_ACTION,False,0.0
2026-08-12T00:40:32.135110,0.2603780305644283,0.0068612220150852605,0.13064713064713065,False,20,0.1702883243560791,False,0.0,0.6379191751542805,9.550936403661922,-1.6768813719176592,CENTER,0.0,0.9812066775977366,0.07727982361156006,NORMAL,STABLE,NORMAL,NO_ACTION,False,0.0
2026-08-12T00:40:32.167469,0.2544591478293816,0.009122705763345673,0.13048780487804879,False,20,0.1702883243560791,False,0.0,1.1891285798662352,9.10489388665178,-1.6090405007914512,UP,0.0,0.9813072809499316,0.11123532855121221,NORMAL,STABLE,NORMAL,NO_ACTION,False,0.0
2026-08-12T00:40:32.199485,0.23383551106855444,0.0039167792847120166,0.13032886723507917,False,20,0.1702883243560791,False,0.0,0.5933956572333443,7.340523571128273,-1.463308992602748,UP,0.03201556205749512,0.9814168729638203,0.13666577184216105,NORMAL,STABLE,NORMAL,NO_ACTION,False,0.0
2026-08-12T00:40:32.230982,0.23647742343292044,0.0042064850856141115,0.13017031630170317,False,20,0.1702883243560791,False,0.0,1.3568866552759289,8.55208905702392,-1.2486913997460078,UP,0.06351256370544434,0.9813011858067558,0.13446751083445901,NORMAL,STABLE,NORMAL,NO_ACTION,False,0.0
2026-08-12T00:40:32.263548,0.22188051497421973,0.007792017126059715,0.13001215066828675,False,20,0.1702883243560791,False,0.0,0.8697497928131668,8.2271696664219,-1.0968472740917719,UP,0.09607887268066406,0.9816470952289095,0.1530009935994339,NORMAL,STABLE,NORMAL,NO_ACTION,False,0.0
2026-08-12T00:40:32.295211,0.2468007534043158,0.006196997768558064,0.12985436893203883,False,20,0.1702883243560791,False,0.0,1.4399550537594052,8.386675825237148,-1.084978637490849,UP,0.12774181365966797,0.9820046457047324,0.12034797454043654,NORMAL,STABLE,NORMAL,NO_ACTION,False,0.0
2026-08-12T00:40:32.326539,0.2508992542871631,0.004982877313380948,0.1296969696969697,False,20,0.1702883243560791,False,0.0,1.2717662635609202,6.6588292730323815,-1.0172097313899258,UP,0.15906977653503418,0.9818473642189642,0.11332949938015084,NORMAL,STABLE,NORMAL,NO_ACTION,False,0.0
2026-08-12T00:40:32.359347,0.22622617840283232,0.008580573458503429,0.12953995157384987,False,20,0.1702883243560791,False,0.0,1.092027494083652,8.798036468235352,-1.3078304818598667,UP,0.1918776035308838,0.9814803696201989,0.14780018304630113,NORMAL,RISING,NORMAL,NO_ACTION,False,0.0
2026-08-12T00:40:32.391618,0.22997294086404424,0.005789882018166396,0.1293833131801693,False,20,0.1702883243560791,False,0.0,0.5230755381368795,7.821090717478739,-1.3009091343499222,UP,0.22414922714233398,0.9816132303455075,0.14146606397415498,NORMAL,STABLE,NORMAL,NO_ACTION,False,0.0
2026-08-12T00:40:32.422960,0.25273169727873035,0.00831588506780656,0.1292270531400966,False,20,0.1702883243560791,False,0.0,0.18562799220970305,8.75804050864042,-1.4212582566325977,UP,0.2554905414581299,0.9814729080932784,0.11151055362019997,NORMAL,STABLE,NORMAL,NO_ACTION,False,0.0
2026-08-12T00:40:32.455668,0.2586159934012303,0.0060453386939242565,0.12907117008443908,False,20,0.1702883243560791,False,0.0,0.3108189278676434,8.24561889866493,-1.4070238017569352,UP,0.28819942474365234,0.9814033430855625,0.10332364863666078,NORMAL,STABLE,NORMAL,NO_ACTION,False,0.0
2026-08-12T00:40:32.487449,0.2927380243488733,0.0024120888184560583,0.12891566265060242,False,20,0.1702883243560791,False,0.0,1.009958943958054,10.992490139207007,-1.5019315727384708,UP,0.3199803829193115,0.9820583767361111,0.06049834371749406,NORMAL,STABLE,NORMAL,NO_ACTION,False,0.0
2026-08-12T00:40:32.519591,0.3682324705167624,0.00370273622483742,0.12876052948255115,False,20,0.1702883243560791,False,0.0,11.090510593462,22.366154631040757,-178.2108865553115,UP,0.35212159156799316,0.9494137173318188,0.09712050740020786,NORMAL,STABLE,NORMAL,NO_ACTION,False,0.0
2026-08-12T00:40:32.551702,0.38462897707691956,0.004443961783047498,0.12860576923076922,False,20,0.1702883243560791,False,0.0,0.43051574366717205,12.488926230643216,-1.9731578162721917,CENTER,0.0,0.9816142752271949,0.025637313284124094,NORMAL,STABLE,NORMAL,NO_ACTION,False,0.0
2026-08-12T00:40:32.584401,0.3842442280643198,0.00461648559943433,0.12845138055222088,False,20,0.1702883243560791,False,0.0,0.17880726146754,10.705099395654798,-1.4946855457285722,CENTER,0.0,0.9814934976208848,0.023568662542864792,NORMAL,STABLE,NORMAL,NO_ACTION,False,0.0
2026-08-12T00:40:32.632720,0.40794701811382894,0.0036842383663869597,0.12829736211031176,False,20,0.1702883243560791,False,0.0,-0.34443911262437155,11.788794075075089,-1.452344152244109,CENTER,0.0,0.9819385904278121,0.02439304584591679,NORMAL,STABLE,NORMAL,NO_ACTION,False,0.0
2026-08-12T00:40:32.662850,0.3908139427135391,0.01152625003905773,0.1281437125748503,False,20,0.1702883243560791,False,0.0,0.40691146098046715,12.032571351165899,-1.5908566440081984,CENTER,0.0,0.9817203039266118,0.02468582340140442,NORMAL,STABLE,NORMAL,NO_ACTION,False,0.0
2026-08-12T00:40:32.696929,0.3492635647223742,0.009718610037417377,0.12799043062200957,False,20,0.1702883243560791,False,0.0,-0.18090236820336258,10.576105226074503,-1.4443604534610301,CENTER,0.0,0.9817633584104939,0.023198581432179857,NORMAL,STABLE,NORMAL,NO_ACTION,False,0.0
2026-08-12T00:40:32.727471,0.38365254858963144,0.006953247505285274,0.12783751493428913,False,20,0.1702883243560791,False,0.0,0.3728298455675372,12.669477822673116,-1.6746746147516092,CENTER,0.0,0.9826733297968107,0.02504060685641951,NORMAL,STABLE,NORMAL,NO_ACTION,False,0.0
2026-08-12T00:40:32.758556,0.40638815154550423,0.004403679324551103,0.1276849642004773,False,20,0.1702883243560791,False,0.0,11.623175020989208,21.432185071774057,-178.0112491288256,CENTER,0.0,0.9496993678912321,0.06962479682267741,NORMAL,STABLE,NORMAL,NO_ACTION,False,0.0
2026-08-12T00:40:32.790659,0.33685199448295655,0.006217520458029824,0.12753277711561384,False,20,0.1702883243560791,False,0.0,11.934903095972516,20.945104688279088,-178.05778378272504,CENTER,0.0,0.9491033463898891,0.06950552720918265,NORMAL,STABLE,NORMAL,NO_ACTION,False,0.0
2026-08-12T00:40:32.822411,0.39668252069481946,0.009253646929275034,0.12738095238095237,False,20,0.1702883243560791,False,0.0,0.4322006828475935,8.746827329638961,-0.8565810989596798,CENTER,0.0,0.9826126194915981,0.021248678385103918,NORMAL,STABLE,NORMAL,NO_ACTION,False,0.0
2026-08-12T00:40:32.855892,0.38367496997801764,0.0062076218632200085,0.1272294887039239,False,20,0.1702883243560791,False,0.0,0.6102995965897833,9.899043829190532,-1.3919232641652854,CENTER,0.0,0.9827573623971192,0.022692120242659986,NORMAL,STABLE,NORMAL,NO_ACTION,False,0.0
2026-08-12T00:40:32.887639,0.37753254669423,0.009728551819376423,0.12707838479809977,False,20,0.1702883243560791,False,0.0,12.661351398309705,18.530522717994984,-177.88323193687455,CENTER,0.0,0.9497750182184499,0.06844553100650645,NORMAL,STABLE,NORMAL,NO_ACTION,False,0.0
2026-08-12T00:40:32.919417,0.37184904169877875,0.004970313620294572,0.1269276393831554,False,20,0.1702883243560791,False,0.0,1.0004350899951078,9.504070427202635,-0.997789793521207,CENTER,0.0,0.9827681862997256,0.022252087110165686,NORMAL,STABLE,NORMAL,NO_ACTION,False,0.0
2026-08-12T00:40:32.952260,0.37800767015109754,0.00449674454126908,0.12677725118483413,False,20,0.1702883243560791,False,0.0,11.69080114842481,17.664495814901557,-178.42970957082488,CENTER,0.0,0.9501057844471594,0.06705678696968438,NORMAL,STABLE,NORMAL,NO_ACTION,False,0.0
2026-08-12T00:40:32.983679,0.3602742229371439,0.004471767404238135,0.12662721893491125,False,20,0.1702883243560791,False,0.0,1.1597165572935353,4.4458604425906,-1.3090755393188545,CENTER,0.0,0.9827917095336076,0.01890186402828669,NORMAL,STABLE,NORMAL,NO_ACTION,False,0.0
2026-08-12T00:40:33.015081,0.3493621335445527,0.007810046451071188,0.12647754137115838,False,20,0.1702883243560791,False,0.0,1.7939006666794057,-1.2295514907554832,-0.9355111534954688,CENTER,0.0,0.9828994797025035,0.01675510258907099,NORMAL,STABLE,NORMAL,NO_ACTION,False,0.0
2026-08-12T00:40:33.047674,0.35488477549910274,0.007724188594494967,0.12632821723730814,False,20,0.1702883243560791,False,0.0,0.08309360267185184,-2.798716236253938,-0.8897100051497091,CENTER,0.0,0.9838223781507202,0.01612217752273971,NORMAL,STABLE,NORMAL,NO_ACTION,False,0.0
2026-08-12T00:40:33.079486,0.31892414272448155,0.005514324115925409,0.12617924528301888,False,20,0.1702883243560791,False,0.0,15.033949884999913,-3.071510694137345,177.9002432760633,CENTER,0.0,0.9510024260009431,0.06096083536046903,NORMAL,STABLE,NORMAL,NO_ACTION,False,0.0
2026-08-12T00:40:33.111093,0.32007690683694423,0.005289518226341582,0.12603062426383982,False,20,0.1702883243560791,False,0.0,1.9437174396124703,-5.647363875820872,-0.9253361329468248,CENTER,0.0,0.9830719521604939,0.019856756149143933,NORMAL,STABLE,NORMAL,NO_ACTION,False,0.0
2026-08-12T00:40:33.159715,0.2651607103327657,0.012306163195437947,0.12588235294117647,False,20,0.1702883243560791,False,0.0,17.962825483225913,-4.102513276471683,177.6089758033529,UP,0.0,0.9502839939307556,0.13834527917861061,NORMAL,STABLE,NORMAL,NO_ACTION,False,0.0
2026-08-12T00:40:33.191663,0.2711732156363522,0.00088059129672614,0.12573443008225618,False,20,0.1702883243560791,False,0.0,15.202129784430042,-0.6535358910336129,178.17498817873957,UP,0.031948089599609375,0.9492866061349738,0.1259301984317776,NORMAL,STABLE,NORMAL,NO_ACTION,False,0.0
2026-08-12T00:40:33.222750,0.26970382979044794,0.007301100502979544,0.1255868544600939,False,20,0.1702883243560791,False,0.0,16.764044270966025,-6.543679785960762,176.74666455363285,UP,0.0630350112915039,0.948909001968307,0.13242717841271065,NORMAL,STABLE,NORMAL,NO_ACTION,False,0.0
2026-08-12T00:40:33.255188,0.26091428265429617,0.0041050038245665915,0.1254396248534584,False,20,0.1702883243560791,False,0.0,14.68776932113218,-2.6222131173999514,177.2244181303065,UP,0.09547305107116699,0.9499023625042867,0.14061720514393605,NORMAL,STABLE,NORMAL,NO_ACTION,False,0.0
2026-08-12T00:40:33.287474,0.2713977666997109,0.001567746170097625,0.1252927400468384,False,20,0.1702883243560791,False,0.0,15.355774091594384,-3.759650048892837,176.83168046941216,UP,0.12775897979736328,0.9504433232060185,0.12728432532114087,NORMAL,STABLE,NORMAL,NO_ACTION,False,0.0
2026-08-12T00:40:33.321062,0.24684532906466677,0.00651620268518018,0.12514619883040937,False,20,0.1702883243560791,False,0.0,3.495752606012644,-7.327716064026163,-1.7102738559950694,UP,0.1613476276397705,0.9835233812371399,0.11975144404234195,NORMAL,STABLE,NORMAL,NO_ACTION,False,0.0
2026-08-12T00:40:33.354809,0.25499691481273246,0.005998501849511449,0.125,False,20,0.1702883243560791,False,0.0,16.842793209410218,-7.876126989356209,175.99647395031104,UP,0.19509410858154297,0.9502587685220908,0.15316802935487886,NORMAL,STABLE,NORMAL,NO_ACTION,False,0.0
2026-08-12T00:40:33.382577,0.28464853221072056,0.007754011633246711,0.12485414235705951,False,20,0.1702883243560791,False,0.0,16.048131517759685,-3.673944445599375,177.28258487683206,UP,0.22286272048950195,0.950220554876829,0.10931599200247315,NORMAL,STABLE,NORMAL,NO_ACTION,False,0.0
2026-08-12T00:40:33.415017,0.2756446379805345,0.006975105742148579,0.1247086247086247,False,20,0.1702883243560791,False,0.0,15.846074725110242,-7.224706659785028,176.58671242019466,UP,0.25530219078063965,0.9500778008187586,0.12349543257902708,NORMAL,STABLE,NORMAL,NO_ACTION,False,0.0
2026-08-12T00:40:33.447594,0.26625492208576285,0.006117958263083788,0.12456344586728754,False,20,0.1702883243560791,False,0.0,16.08413360411015,-4.542498109764523,177.29992880588168,UP,0.28787922859191895,0.9503732540652149,0.1349814776888008,NORMAL,STABLE,NORMAL,NO_ACTION,False,0.0
2026-08-12T00:40:33.479517,0.26393660234430527,0.005815802411062846,0.12441860465116279,False,20,0.1702883243560791,False,0.0,16.568957809652858,-3.8982096820440404,177.49056397643835,UP,0.31980180740356445,0.9509973239419011,0.1380958050551168,NORMAL,STABLE,NORMAL,NO_ACTION,False,0.0
2026-08-12T00:40:33.510713,0.24720288817872352,0.009757423143412875,0.12427409988385599,False,20,0.1702883243560791,False,0.0,15.96579924082755,-1.839995199668408,177.71626927532964,UP,0.3509984016418457,0.9512669820066015,0.15939635233312507,NORMAL,STABLE,NORMAL,NO_ACTION,False,0.0
2026-08-12T00:40:33.543712,0.29545225936425223,0.0063676199552379865,0.12412993039443156,False,20,0.1702883243560791,False,0.0,17.27156808869799,-8.10908269440597,176.5322882337963,UP,0.38399720191955566,0.9509279022705189,0.09755102682840587,NORMAL,STABLE,NORMAL,NO_ACTION,False,0.0
2026-08-12T00:40:33.574504,0.2991161075397718,0.007201478585053645,0.12398609501738123,False,20,0.1702883243560791,False,0.0,15.28818513109394,-8.574200564718325,176.91708823060753,UP,0.41478919982910156,0.9506443365626429,0.09119442343780627,NORMAL,STABLE,NORMAL,NO_ACTION,False,0.0
2026-08-12T00:40:33.606833,0.3408412186461738,0.009012908091857272,0.12384259259259259,False,20,0.1702883243560791,False,0.0,16.695221372587383,-10.226919382166386,176.2887524714605,UP,0.44711852073669434,0.9506712712905808,0.09192005108502208,NORMAL,STABLE,NORMAL,NO_ACTION,False,0.0
2026-08-12T00:40:33.639690,0.3758764830540554,0.007623738688038789,0.12369942196531791,False,20,0.1702883243560791,False,0.0,16.779210729557377,-7.433339888373268,176.71542442025884,UP,0.47997522354125977,0.9508821132330246,0.09031496995552052,NORMAL,STABLE,NORMAL,NO_ACTION,False,0.0
2026-08-12T00:40:33.687274,0.3804277143611914,0.008604650100474112,0.1235565819861432,False,20,0.1702883243560791,False,0.0,17.355680697819082,-9.057583914761267,176.20081169188023,UP,0.5275590419769287,0.950822300007859,0.08837039777044985,NORMAL,STABLE,NORMAL,NO_ACTION,False,0.0
2026-08-12T00:40:33.720038,0.368719401601097,0.009570566163498955,0.12341407151095732,False,20,0.1702883243560791,False,0.0,16.59642579606441,-7.632283308855534,176.4109263484196,CENTER,0.0,0.9515479448874028,0.0633289289332034,NORMAL,STABLE,NORMAL,NO_ACTION,False,0.0
2026-08-12T00:40:33.751603,0.3741093587789737,0.004581009294971823,0.12327188940092165,False,20,0.1702883243560791,False,0.0,16.991519495876815,-7.748366474493025,176.57239964886355,CENTER,0.0,0.9518344760052299,0.06362271141886319,NORMAL,STABLE,NORMAL,NO_ACTION,False,0.0
2026-08-12T00:40:33.784386,0.3783457838344497,0.0013928729098655085,0.12313003452243959,False,20,0.1702883243560791,False,0.0,15.540414846458532,-6.872439845747806,176.91018334734565,CENTER,0.0,0.9510589500814471,0.06194456709138704,NORMAL,STABLE,NORMAL,NO_ACTION,False,0.0
2026-08-12T00:40:33.815026,0.3920547929301249,0.003696052822279847,0.12298850574712644,False,20,0.1702883243560791,False,0.0,15.81763643710903,-9.101895226829157,176.519256426104,CENTER,0.0,0.9511704572652321,0.06335573052494849,NORMAL,STABLE,NORMAL,NO_ACTION,False,0.0
2026-08-12T00:40:33.846508,0.3555930186463161,0.0009260381392089417,0.12284730195177956,False,20,0.1702883243560791,False,0.0,15.414334928905191,-5.923607019302352,177.10066524254705,CENTER,0.0,0.9515958705739883,0.06116097847817518,NORMAL,STABLE,NORMAL,NO_ACTION,False,0.0
2026-08-12T00:40:33.878418,0.3661337136552192,0.006953570156401211,0.12270642201834862,False,20,0.1702883243560791,False,0.0,15.83973245456832,-4.797948577457703,176.67403704462725,CENTER,0.0,0.9517774339491885,0.06076943949461165,NORMAL,STABLE,NORMAL,NO_ACTION,False,0.0
2026-08-12T00:40:33.912054,0.3714819402889923,0.009578984845307115,0.12256586483390607,False,20,0.1702883243560791,False,0.0,15.933956720990437,-5.754913840709122,176.42748519325443,CENTER,0.0,0.9520351656271433,0.06131515250810673,NORMAL,STABLE,NORMAL,NO_ACTION,False,0.0
2026-08-12T00:40:33.943663,0.3897481009598035,0.013107722107347518,0.12242562929061784,False,20,0.1702883243560791,False,0.0,15.362964472400279,-1.5670699432982929,177.4673573021592,CENTER,0.0,0.9524149711898434,0.058416744314279914,NORMAL,STABLE,NORMAL,NO_ACTION,False,0.0
2026-08-12T00:40:33.975412,0.37585648142154493,0.00616755094757402,0.12228571428571429,False,20,0.1702883243560791,False,0.0,15.276396801919958,-6.521967777913687,176.28964409010467,CENTER,0.0,0.9525980107953247,0.061108058161334175,NORMAL,STABLE,NORMAL,NO_ACTION,False,0.0
2026-08-12T00:40:34.007432,0.3753606492672319,0.008114446557307328,0.12214611872146118,False,20,0.1702883243560791,False,0.0,15.284736681798165,-5.31129709477969,176.34720308770795,CENTER,0.0,0.9517419655742742,0.06035110368195227,NORMAL,STABLE,NORMAL,NO_ACTION,False,0.0
2026-08-12T00:40:34.038837,0.3941861182808718,0.005005659186846234,0.12200684150513112,False,20,0.1702883243560791,False,0.0,0.9005782326240421,-5.616811577488875,-2.043325066838946,CENTER,0.0,0.9847748681841564,0.0178948767357904,NORMAL,STABLE,NORMAL,NO_ACTION,False,0.0
2026-08-12T00:40:34.072834,0.37611002159841284,0.004286998751431727,0.12200684150513112,False,20,0.1702883243560791,False,0.0,14.59808286565871,-4.886058898656444,175.8315352458343,CENTER,0.0,0.9525008256351452,0.059513669937854966,NORMAL,STABLE,NORMAL,NO_ACTION,False,0.0
2026-08-12T00:40:34.102645,0.3729182854840606,0.002147652186476617,0.12186788154897495,False,20,0.1702883243560791,False,0.0,0.7226693226422469,-5.658406525004921,-2.5420598440467472,CENTER,0.0,0.9852651990097735,0.018164380980839685,NORMAL,STABLE,NORMAL,NO_ACTION,False,0.0
2026-08-12T00:40:34.135167,0.37293020227256873,0.004510145510183963,0.12186788154897495,False,20,0.1702883243560791,False,0.0,13.89804181560362,-1.3064905049360505,176.41173955690374,CENTER,0.0,0.9529358344407293,0.05686500646082991,NORMAL,STABLE,NORMAL,NO_ACTION,False,0.0
2026-08-12T00:40:34.168149,0.3918558853548877,0.003082631374268479,0.12186788154897495,False,20,0.1702883243560791,False,0.0,-0.7815703842628636,-2.773528777746577,-2.889771987190727,CENTER,0.0,0.9861026047025033,0.01647241161981531,NORMAL,STABLE,NORMAL,NO_ACTION,False,0.0
2026-08-12T00:40:34.214387,0.369973939050632,0.002234745834652757,0.12200684150513112,False,20,0.1702883243560791,False,0.0,0.01464566372933973,-0.38914648707734045,-3.7946040030643644,CENTER,0.0,0.9856869561256858,0.014952637339033872,NORMAL,STABLE,NORMAL,NO_ACTION,False,0.0
2026-08-12T00:40:34.246418,0.385518222404417,0.005774135333807344,0.12200684150513112,False,20,0.1702883243560791,False,0.0,0.8167787417061447,-0.09747045490016149,-4.4068626668053525,CENTER,0.0,0.9863698131001372,0.01610398928930082,NORMAL,STABLE,NORMAL,NO_ACTION,False,0.0
2026-08-12T00:40:34.278261,0.36223110851461093,0.002823616541525611,0.12200684150513112,False,20,0.1702883243560791,False,0.0,-0.996726993512425,0.9510677207697995,-5.227205298621101,CENTER,0.0,0.9870951485339505,0.017683719276657513,NORMAL,STABLE,NORMAL,NO_ACTION,False,0.0
2026-08-12T00:40:34.311252,0.3600763860124192,0.06472002648833394,0.12100456621004566,False,20,0.1702883243560791,False,0.0,-1.1879004700965083,5.095140980099188,-6.363174500541305,CENTER,0.0,0.9877061230066874,0.02145351267348643,NORMAL,STABLE,NORMAL,NO_ACTION,False,0.0
2026-08-12T00:40:34.343648,0.348758642447305,0.005076730259383936,0.12100456621004566,False,20,0.1702883243560791,False,0.0,-1.6074423382222847,5.040117608219191,-6.885756304349286,CENTER,0.0,0.9873664962705762,0.022321003774175976,NORMAL,STABLE,NORMAL,NO_ACTION,False,0.0
2026-08-12T00:40:34.374388,0.3030445210808987,0.006327337376408689,0.12086659064994298,False,20,0.1702883243560791,False,0.0,-2.3953323496547227,5.097704030634532,-7.003835844916722,CENTER,0.0,0.9878953403635116,0.023166021312239302,NORMAL,STABLE,NORMAL,NO_ACTION,False,0.0
2026-08-12T00:40:34.406960,0.118740499766645,0.0040738453497122535,0.12200684150513112,True,20,0.1702883243560791,False,0.0,-3.6611936134221708,5.464196401928518,-7.073876876190411,UP,0.0,0.9877535445601853,0.25128726010691865,LOW,STABLE,NORMAL,NO_ACTION,False,0.0
2026-08-12T00:40:34.438494,0.07172141985250703,0.0037333229319024283,0.12314709236031927,True,20,0.1702883243560791,False,0.03153419494628906,-3.8796236265655466,4.453312993930268,-7.051327551993722,UP,0.03153419494628906,0.9874770393947188,0.251315928921796,LOW,STABLE,NORMAL,NO_ACTION,False,0.03153419494628906
2026-08-12T00:40:34.503828,0.1979799975470326,0.004098549165792729,0.12428734321550741,True,20,0.1702883243560791,False,0.09686827659606934,-5.142298118045176,7.713682218683857,-7.558574492653122,UP,0.09686827659606934,0.9892816840277777,0.19197180417995063,NORMAL,STABLE,NORMAL,NO_ACTION,False,0.09686827659606934
2026-08-12T00:40:34.536314,0.29626082465269876,0.006114002163377373,0.12442922374429223,False,21,0.12935423851013184,False,0.0,4.665317852525931,26.75214867138422,175.20564584070735,UP,0.12935423851013184,0.957806112379258,0.09764122040977553,NORMAL,STABLE,NORMAL,NO_ACTION,False,0.0
2026-08-12T00:40:34.566616,0.3017894782799843,0.0063890295095098805,0.12442922374429223,False,21,0.12935423851013184,False,0.0,5.123196995928566,24.845855668965612,175.75139836432777,UP,0.15965628623962402,0.9574979428333619,0.09175976686341838,NORMAL,STABLE,NORMAL,NO_ACTION,False,0.0
2026-08-12T00:40:34.599967,0.3263134752353447,0.008864381979916175,0.12442922374429223,False,21,0.12935423851013184,False,0.0,5.798628639210875,24.483944882425078,176.1670877734564,UP,0.1930074691772461,0.955751601258859,0.09206735778166622,NORMAL,STABLE,NORMAL,NO_ACTION,False,0.0
2026-08-12T00:40:34.624651,0.33717661726929576,0.013525084840481712,0.12442922374429223,False,21,0.12935423851013184,False,0.0,6.048309104238598,25.143141135083653,176.2922136672969,UP,0.21769142150878906,0.9557302477173355,0.09263387349586602,NORMAL,STABLE,NORMAL,NO_ACTION,False,0.0
2026-08-12T00:40:34.648650,0.3081307297986709,0.008566617103364033,0.12442922374429223,False,21,0.12935423851013184,False,0.0,-3.525417352133786,7.610399562147592,-6.000175805079721,CENTER,0.0,0.9876994652349108,0.026883804966569416,NORMAL,STABLE,NORMAL,NO_ACTION,False,0.0
2026-08-12T00:40:34.679041,0.33292684201355494,0.005032098765167507,0.12442922374429223,False,21,0.12935423851013184,False,0.0,-2.6450949370472188,5.555222110697855,-4.694541794848249,CENTER,0.0,0.9875381783693415,0.0232945150642902,NORMAL,STABLE,NORMAL,NO_ACTION,False,0.0
2026-08-12T00:40:34.703445,0.3497943033592224,0.013354574610913944,0.12428734321550741,False,21,0.12935423851013184,False,0.0,7.360973958277924,20.877002782957277,178.66999326187863,CENTER,0.0,0.9561298658443358,0.06431072428795315,NORMAL,STABLE,NORMAL,NO_ACTION,False,0.0
2026-08-12T00:40:34.742435,0.37907795025017144,0.007308690545336306,0.12428734321550741,False,21,0.12935423851013184,False,0.0,7.703150132882996,21.62902510019228,179.52482909936458,CENTER,0.0,0.9569054176668953,0.06500066911014446,NORMAL,STABLE,NORMAL,NO_ACTION,False,0.0
2026-08-12T00:40:34.774529,0.3629212895329382,0.003776452166710022,0.12428734321550741,False,21,0.12935423851013184,False,0.0,7.773410391436357,19.435282132344952,179.96832412627123,CENTER,0.0,0.9563356445759029,0.06380148129396146,NORMAL,STABLE,NORMAL,NO_ACTION,False,0.0
2026-08-12T00:40:34.806527,0.38066023536747784,0.01513799621871939,0.12428734321550741,False,21,0.12935423851013184,False,0.0,8.861704604972346,16.854731469627694,-179.69954589453096,CENTER,0.0,0.9552066909936556,0.06315651352785351,NORMAL,STABLE,NORMAL,NO_ACTION,False,0.0
2026-08-12T00:40:34.838531,0.37114453259432084,0.029772236347460318,0.12428734321550741,False,21,0.12935423851013184,False,0.0,7.989546093708327,18.1255484350325,-179.2227510041631,CENTER,0.0,0.9547673829911123,0.06321814934421928,NORMAL,STABLE,NORMAL,NO_ACTION,False,0.0
2026-08-12T00:40:34.903944,0.38049236306057455,0.015957491005804257,0.12442922374429223,False,21,0.12935423851013184,False,0.0,12.585849571950774,1.2237131983674772,179.81767416653673,CENTER,0.0,0.9546516543066987,0.05713941284383424,NORMAL,STABLE,NORMAL,NO_ACTION,False,0.0
2026-08-12T00:40:34.935347,0.37534499011188194,0.004794573547584736,0.12442922374429223,False,21,0.12935423851013184,False,0.0,12.812846463146457,5.58946439513781,-179.91316641264652,CENTER,0.0,0.9554692009959418,0.05980519280218382,NORMAL,STABLE,NORMAL,NO_ACTION,False,0.0
2026-08-12T00:40:34.970580,0.360845076459878,0.0014098249245464711,0.12442922374429223,False,21,0.12935423851013184,False,0.0,13.643081406772552,2.942993616169872,-179.81484475754857,CENTER,0.0,0.9559724530785607,0.058926105362082586,NORMAL,STABLE,NORMAL,NO_ACTION,False,0.0
2026-08-12T00:40:34.998521,0.38455630538248375,0.0022795606606401727,0.12428734321550741,False,21,0.12935423851013184,False,0.0,14.556809804472607,-1.7035063985645706,179.64269430773015,CENTER,0.0,0.9552398932255944,0.0588408500886283,NORMAL,STABLE,NORMAL,NO_ACTION,False,0.0
2026-08-12T00:40:35.031667,0.394688894202275,0.004660269578793749,0.12442922374429223,False,21,0.12935423851013184,False,0.0,-0.2196142887000292,-2.5409502916501765,0.04337483392296804,CENTER,0.0,0.9882736545138889,0.014302991423085977,NORMAL,STABLE,NORMAL,NO_ACTION,False,0.0
2026-08-12T00:40:35.065334,0.406321349321245,0.00035778907047580863,0.12442922374429223,False,21,0.12935423851013184,False,0.0,-0.4204210934265973,-3.4583795505513706,0.3197153396749002,CENTER,0.0,0.9880605254415296,0.01542505440904947,NORMAL,STABLE,NORMAL,NO_ACTION,False,0.0
2026-08-12T00:40:35.094851,0.37180196515571573,0.0037430976918743854,0.12442922374429223,False,21,0.12935423851013184,False,0.0,14.186956499877283,1.981064456661727,179.95785053988027,CENTER,0.0,0.9546966922796639,0.05879090818045878,NORMAL,STABLE,NORMAL,NO_ACTION,False,0.0
2026-08-12T00:40:35.127696,0.35392648423130013,0.0015740908274605536,0.12442922374429223,False,21,0.12935423851013184,False,0.0,-1.2217335817442745,-2.243888247773043,-0.005975710436047166,CENTER,0.0,0.9873112782921811,0.015017436406526212,NORMAL,STABLE,NORMAL,NO_ACTION,False,0.0
2026-08-12T00:40:35.155834,0.36300214182329443,0.0022599494559241364,0.12442922374429223,False,21,0.12935423851013184,False,0.0,-0.7165413485632541,-2.503397069793806,-0.08761718468318236,CENTER,0.0,0.9873728593321331,0.014796995750864133,NORMAL,STABLE,NORMAL,NO_ACTION,False,0.0
2026-08-12T00:40:35.180804,0.39862511901858394,0.002638259273992077,0.12442922374429223,False,21,0.12935423851013184,False,0.0,-1.1848454206694896,-1.3573190046160448,-0.2790217034615239,CENTER,0.0,0.9879806589720508,0.01460454764316164,NORMAL,STABLE,NORMAL,NO_ACTION,False,0.0
2026-08-12T00:40:35.203639,0.3620906401752785,0.0028968282998782235,0.12428734321550741,False,21,0.12935423851013184,False,0.0,-1.8588373685412591,1.2574017916492437,-0.5992915372408163,CENTER,0.0,0.9878817167138203,0.015418882218401637,NORMAL,STABLE,NORMAL,NO_ACTION,False,0.0
2026-08-12T00:40:35.271044,0.3605429371965823,0.0003947271771004108,0.12442922374429223,False,21,0.12935423851013184,False,0.0,10.354112450008216,10.800253721669634,-179.63016439420238,CENTER,0.0,0.955448352480567,0.06090868524975122,NORMAL,STABLE,NORMAL,NO_ACTION,False,0.0
2026-08-12T00:40:35.303522,0.3637758489369577,0.017540505076945736,0.12442922374429223,False,21,0.12935423851013184,False,0.0,10.812239650840354,11.280967149209232,-179.61081985570678,CENTER,0.0,0.9551160064264688,0.06153198718416819,NORMAL,STABLE,NORMAL,NO_ACTION,False,0.0
2026-08-12T00:40:35.334667,0.38935425199049434,0.03364310365920333,0.12428734321550741,False,21,0.12935423851013184,False,0.0,8.575036760510159,6.547416882145313,179.38921533991737,CENTER,0.0,0.9549268676590364,0.05705252213018059,NORMAL,STABLE,NORMAL,NO_ACTION,False,0.0
2026-08-12T00:40:35.367146,0.3623830977619512,0.04955030401400917,0.12428734321550741,False,21,0.12935423851013184,False,0.0,-3.19249500691501,1.49786266294322,-1.5814304055689377,CENTER,0.0,0.9884483105066872,0.01782257466893798,NORMAL,STABLE,NORMAL,NO_ACTION,False,0.0
2026-08-12T00:40:35.401997,0.3801733597549619,0.07138837804619733,0.12442922374429223,False,21,0.12935423851013184,False,0.0,-3.2237685116361092,-0.23117131779639521,-1.8710122753161897,CENTER,0.0,0.9887919024348423,0.017287654137249427,NORMAL,STABLE,NORMAL,NO_ACTION,False,0.0
2026-08-12T00:40:35.464286,0.359354819670603,0.02634428228658017,0.12457142857142857,False,21,0.12935423851013184,False,0.0,-2.0899743262560264,-1.9342741858125407,-1.9918330696033877,CENTER,0.0,0.989311463155864,0.01761331943073981,NORMAL,STABLE,NORMAL,NO_ACTION,False,0.0
2026-08-12T00:40:35.563297,0.3801332355104635,0.07146602224642382,0.12485681557846506,False,21,0.12935423851013184,False,0.0,-3.7449554320233176,-1.3104380333709003,-1.6258626547657116,CENTER,0.0,0.9893621935013718,0.018546734156167612,NORMAL,STABLE,NORMAL,NO_ACTION,False,0.0
2026-08-12T00:40:35.629513,0.3618862901050251,0.007778480234289129,0.125,False,21,0.12935423851013184,False,0.0,-4.846141518772811,-0.5365431818838431,-1.0285707717070807,CENTER,0.0,0.9897429591049383,0.01854463376293378,NORMAL,STABLE,NORMAL,NO_ACTION,False,0.0
2026-08-12T00:40:35.669393,0.3569441978059734,0.033029355540939484,0.125,False,21,0.12935423851013184,False,0.0,-6.165883976937977,1.4710615974624943,-1.6296826729625309,CENTER,0.0,0.9902594387645747,0.021069275335108585,NORMAL,STABLE,NORMAL,NO_ACTION,False,0.0
2026-08-12T00:40:35.713121,0.3449155599694619,0.004229883552742372,0.125,False,21,0.12935423851013184,False,0.0,-5.163701973872264,1.7952161245507057,-1.5096011204277033,CENTER,0.0,0.9905538274819958,0.02022268869927918,NORMAL,STABLE,NORMAL,NO_ACTION,False,0.0
2026-08-12T00:40:35.748592,0.3738614243939765,0.009679351414673347,0.125,False,21,0.12935423851013184,False,0.0,-5.74287801634668,0.8888540191266543,-1.1405911064498753,CENTER,0.0,0.9908702256944445,0.019770475946877045,NORMAL,STABLE,NORMAL,NO_ACTION,False,0.0
2026-08-12T00:40:35.794131,0.34099989853993645,0.007031866979861793,0.125,False,21,0.12935423851013184,False,0.0,-5.579404626749039,2.7299242180201304,-0.8915967485055489,CENTER,0.0,0.9908301049168381,0.020702946592889324,NORMAL,STABLE,NORMAL,NO_ACTION,False,0.0
2026-08-12T00:40:35.832095,0.3540205626789695,0.0063374193877731915,0.125,False,21,0.12935423851013184,False,0.0,-6.005745369841435,3.214463230547892,-0.5259015120035997,CENTER,0.0,0.9899717480066872,0.02111129081198721,NORMAL,STABLE,NORMAL,NO_ACTION,False,0.0
2026-08-12T00:40:35.870558,0.3636054981124403,0.008714777261684235,0.1251435132032147,False,21,0.12935423851013184,False,0.0,-5.2975191529109225,3.229762436066636,-0.649645409783119,CENTER,0.0,0.9893117310742456,0.02063126201395344,NORMAL,STABLE,NORMAL,NO_ACTION,False,0.0
2026-08-12T00:40:35.904808,0.35691991508788756,0.003368051454546114,0.1251435132032147,False,21,0.12935423851013184,False,0.0,-6.25506444488849,1.674660208620054,-0.31221227977613353,CENTER,0.0,0.9901475024648491,0.020105277672324805,NORMAL,STABLE,NORMAL,NO_ACTION,False,0.0
2026-08-12T00:40:35.941391,0.36279078181408675,0.0032701810391170113,0.1251435132032147,False,21,0.12935423851013184,False,0.0,-5.921603795129471,7.85744962724462,-1.1851109600670213,CENTER,0.0,0.9907045985510974,0.025090084429991753,NORMAL,STABLE,NORMAL,NO_ACTION,False,0.0
2026-08-12T00:40:35.972525,0.41618217676093294,0.019425461053060727,0.1251435132032147,False,21,0.12935423851013184,False,0.0,-6.836517230068864,7.502021934334181,-1.2677326750801399,CENTER,0.0,0.9906046783907749,0.025793976055436634,NORMAL,STABLE,NORMAL,NO_ACTION,False,0.0
2026-08-12T00:40:36.001925,0.4756721760209407,0.02887280210833253,0.1251435132032147,False,21,0.12935423851013184,False,0.0,-5.634693909347789,8.6528452960236,-1.2072286181987693,CENTER,0.0,0.9908804065929354,0.025409551749335894,NORMAL,STABLE,NORMAL,NO_ACTION,False,0.0
2026-08-12T00:40:36.030427,0.5278691694100421,0.0035196287005429894,0.1251435132032147,False,21,0.12935423851013184,False,0.0,-6.729032727347942,9.113494303699554,-1.3335397935675246,CENTER,0.0,0.9901546960733881,0.02691768343367933,NORMAL,STABLE,NORMAL,NO_ACTION,False,0.0
2026-08-12T00:40:36.061823,0.3756765668641574,0.025777519803010573,0.1251435132032147,False,21,0.12935423851013184,False,0.0,-6.73147463475587,3.038352787828046,-0.9296405258512834,CENTER,0.0,0.9901262833290466,0.022143492658586346,NORMAL,STABLE,NORMAL,NO_ACTION,False,0.0
2026-08-12T00:40:36.089974,0.13510279825188695,0.003076984280406304,0.12629161882893225,True,21,0.12935423851013184,False,0.0,-8.294861659401477,0.06295980794388356,-0.6851327881458076,UP,0.0,0.9901242739411866,0.24783868244747115,LOW,RISING,NORMAL,NO_ACTION,False,0.0
2026-08-12T00:40:36.116831,0.126402404186305,0.003979161737973292,0.12729357798165136,True,21,0.12935423851013184,False,0.02685689926147461,-6.940733964042096,-1.4896567296594583,-0.5119656775017347,UP,0.02685689926147461,0.9903672223293896,0.2478993259133627,LOW,STABLE,NORMAL,NO_ACTION,False,0.02685689926147461
2026-08-12T00:40:36.143503,0.325801590198523,0.005244790684593642,0.12729357798165136,False,22,0.05352950096130371,False,0.0,-6.258466147259725,-5.422043139887421,0.13058906971730266,UP,0.05352950096130371,0.9904153538665981,0.04971513257857411,NORMAL,STABLE,NORMAL,NO_ACTION,False,0.0
2026-08-12T00:40:36.169758,0.40420651817246456,0.022624572483260975,0.12729357798165136,False,22,0.05352950096130371,False,0.0,-5.302552128639093,-6.58734710449184,0.12520178749946353,UP,0.07978391647338867,0.9899421564214677,0.04963104344849951,NORMAL,STABLE,NORMAL,NO_ACTION,False,0.0
2026-08-12T00:40:36.193730,0.4538602360613806,0.011888722158497934,0.12729357798165136,False,22,0.05352950096130371,False,0.0,-4.85038130762328,-8.80874483409849,0.28089136889238375,UP,0.10375571250915527,0.9896691877786351,0.05094988580024523,NORMAL,STABLE,NORMAL,NO_ACTION,False,0.0
2026-08-12T00:40:36.221716,0.45435912814774587,0.015903844151382168,0.12714776632302405,False,22,0.05352950096130371,False,0.0,-5.1285482860452305,-9.219583538907528,0.301654826898897,UP,0.13174176216125488,0.9891893593535664,0.051461555752076615,NORMAL,STABLE,NORMAL,NO_ACTION,False,0.0
2026-08-12T00:40:36.246806,0.47823450142171403,0.01255325406366204,0.12714776632302405,False,22,0.05352950096130371,False,0.0,-3.526420409743821,-14.481203448437014,0.43125699841135656,CENTER,0.0,0.9887178230024005,0.027843626859903,NORMAL,STABLE,NORMAL,NO_ACTION,False,0.0
2026-08-12T00:40:36.271603,0.47312327439755697,0.0028433193592448613,0.12714776632302405,False,22,0.05352950096130371,False,0.0,-3.5282561241505164,-17.835242151919545,1.0787230292222318,CENTER,0.0,0.9892723068844308,0.030891241678183225,NORMAL,STABLE,NORMAL,NO_ACTION,False,0.0
2026-08-12T00:40:36.299509,0.4749596647315887,0.0034912980039081437,0.12714776632302405,False,22,0.05352950096130371,False,0.0,-4.17612905013948,-17.871267774228073,0.9552287064992697,CENTER,0.0,0.9897497776277435,0.03142221735669924,NORMAL,STABLE,NORMAL,NO_ACTION,False,0.0
2026-08-12T00:40:36.327564,0.470081631351329,0.0033368195362360516,0.12714776632302405,False,22,0.05352950096130371,False,0.0,-4.973806170758962,-17.06418325812487,1.4897504510992974,CENTER,0.0,0.9894452481995885,0.032122181150465716,NORMAL,STABLE,NORMAL,NO_ACTION,False,0.0
2026-08-12T00:40:36.359560,0.4898818813344966,0.004386978164731518,0.12714776632302405,False,22,0.05352950096130371,False,0.0,-4.754424221115329,-15.712813549031523,1.329903699651112,CENTER,0.0,0.9886559472522292,0.030781008722476546,NORMAL,STABLE,NORMAL,NO_ACTION,False,0.0
2026-08-12T00:40:36.391861,0.4766502529346296,0.008396589517245513,0.12700228832951946,False,22,0.05352950096130371,False,0.0,-5.296313675962182,-15.086271910606655,1.0290946081125867,CENTER,0.0,0.9890484744727365,0.030487918892269865,NORMAL,STABLE,NORMAL,NO_ACTION,False,0.0
2026-08-12T00:40:36.422498,0.5095361043128686,0.004101113205476764,0.12700228832951946,False,22,0.05352950096130371,False,0.0,-3.9888343786458336,-18.48001651988369,1.5906737935498825,CENTER,0.0,0.989285327717764,0.03222068248382716,NORMAL,STABLE,NORMAL,NO_ACTION,False,0.0
2026-08-12T00:40:36.455564,0.5020258130222163,0.005121033954035737,0.12714776632302405,False,22,0.05352950096130371,False,0.0,-3.242886612588535,-18.86734274316393,1.405795145899532,CENTER,0.0,0.9882612231009945,0.03167680572493374,NORMAL,STABLE,NORMAL,NO_ACTION,False,0.0
2026-08-12T00:40:36.488504,0.5078550117177394,0.005282463483429962,0.12714776632302405,False,22,0.05352950096130371,False,0.0,-4.229868236249615,-19.306293901192788,1.54227118787594,CENTER,0.0,0.988896497770919,0.03307567412819809,NORMAL,STABLE,NORMAL,NO_ACTION,False,0.0
2026-08-12T00:40:36.520144,0.5218804380614382,0.0077085562278323165,0.12700228832951946,False,22,0.05352950096130371,False,0.0,-3.905246564236336,-17.652084836721087,1.2913783716199418,CENTER,0.0,0.988594151877572,0.031254029448031004,NORMAL,STABLE,NORMAL,NO_ACTION,False,0.0
2026-08-12T00:40:36.550825,0.540774510372964,0.0018517645510380382,0.12700228832951946,False,22,0.05352950096130371,False,0.0,-3.3589548674080163,-19.08409325980645,1.2374640910991843,CENTER,0.0,0.9875623981910151,0.031710281627256504,NORMAL,STABLE,NORMAL,NO_ACTION,False,0.0
2026-08-12T00:40:36.589469,0.5507023792164891,0.0038027737619589328,0.12714776632302405,False,22,0.05352950096130371,False,0.0,-3.71601639570855,-19.23962795035115,1.557680498018982,CENTER,0.0,0.9870897499785665,0.03254754480109585,NORMAL,STABLE,NORMAL,NO_ACTION,False,0.0
2026-08-12T00:40:36.615620,0.5129463157473337,0.011728552905627342,0.12714776632302405,False,22,0.05352950096130371,False,0.0,-3.7576818775652043,-18.232590391673313,1.7765928255457197,CENTER,0.0,0.9877258150077161,0.03207116667701253,NORMAL,STABLE,NORMAL,NO_ACTION,False,0.0
2026-08-12T00:40:36.651683,0.5510245805086904,0.0034742246737538445,0.12714776632302405,False,22,0.05352950096130371,False,0.0,-3.1413820339919596,-16.36130225679014,1.541105230643666,CENTER,0.0,0.9878491244427298,0.029899441046250315,NORMAL,STABLE,NORMAL,NO_ACTION,False,0.0
2026-08-12T00:40:36.680147,0.5101380207579724,0.006670339505409085,0.12714776632302405,False,22,0.05352950096130371,False,0.0,-5.160980383968678,-16.615569225723107,2.022527232617932,CENTER,0.0,0.9873559670781893,0.03249146827013619,NORMAL,STABLE,NORMAL,NO_ACTION,False,0.0
2026-08-12T00:40:36.713554,0.30417263900469893,0.0066779138505834185,0.12714776632302405,False,22,0.05352950096130371,False,0.0,-6.070467055364844,-16.975419602477018,1.9429720187692112,CENTER,0.0,0.9879810206618655,0.033550553464318955,NORMAL,STABLE,NORMAL,NO_ACTION,False,0.0
2026-08-12T00:40:36.743242,0.07865933241598541,0.02726935671906646,0.12814645308924486,True,22,0.05352950096130371,False,0.0,-8.403770348047743,-12.820184626272521,0.9107507764361458,UP,0.0,0.9880420390732167,0.25830178763532224,LOW,STABLE,NORMAL,NO_ACTION,False,0.0
2026-08-12T00:40:36.775600,0.09630028761361376,0.013711419801415851,0.12929061784897025,True,22,0.05352950096130371,False,0.03235888481140137,-7.145776604043419,-14.882453520163892,1.1148066845918834,UP,0.03235888481140137,0.9874828264317559,0.25934838333736343,LOW,STABLE,NORMAL,NO_ACTION,False,0.03235888481140137
2026-08-12T00:40:36.807711,0.2172629381511544,0.02585014521769727,0.12929061784897025,False,23,0.0644690990447998,False,0.0,-5.768867614883476,-15.878935837938258,1.2566747559880014,UP,0.0644690990447998,0.9876949374142662,0.16919484881488867,NORMAL,STABLE,NORMAL,NO_ACTION,False,0.0
2026-08-12T00:40:36.856159,0.31573883469152053,0.003342385300987603,0.12943871706758306,False,23,0.0644690990447998,False,0.0,-5.699813966031314,-18.960714858189533,1.5645745220094227,UP,0.11291790008544922,0.9878287492498286,0.06140854521615283,NORMAL,STABLE,NORMAL,NO_ACTION,False,0.0
2026-08-12T00:40:36.887622,0.3903378635879571,0.03763924464105144,0.12943871706758306,False,23,0.0644690990447998,False,0.0,-4.893243371245887,-18.748185991088008,1.0607122186734443,UP,0.14438080787658691,0.9878209394290123,0.059993153799129256,NORMAL,STABLE,NORMAL,NO_ACTION,False,0.0
2026-08-12T00:40:36.918714,0.43351056487799555,0.00683805881457063,0.12929061784897025,False,23,0.0644690990447998,False,0.0,-5.221466177612598,-21.341390284548794,2.0779580740222627,UP,0.17547273635864258,0.9880658838091563,0.06308761044638171,NORMAL,STABLE,NORMAL,NO_ACTION,False,0.0
2026-08-12T00:40:36.951686,0.45141959118607944,0.006872799159733915,0.12943871706758306,False,23,0.0644690990447998,False,0.0,-5.642473801618337,-19.879957354979325,2.0891330580776923,UP,0.20844483375549316,0.9877998810442387,0.06252235656246537,NORMAL,STABLE,NORMAL,NO_ACTION,False,0.0
2026-08-12T00:40:36.984001,0.45336342213780934,0.019807207314943263,0.12943871706758306,False,23,0.0644690990447998,False,0.0,-5.407916964217293,-18.9149214159431,1.829452653708131,CENTER,0.0,0.9868715572487997,0.035349454003308245,NORMAL,STABLE,NORMAL,NO_ACTION,False,0.0
2026-08-12T00:40:37.015362,0.392005254360372,0.005269693055406026,0.12929061784897025,False,23,0.0644690990447998,False,0.0,-5.392306430276847,-17.96909726763826,1.5754741458384558,CENTER,0.0,0.9872556048525378,0.03433270491329786,NORMAL,STABLE,NORMAL,NO_ACTION,False,0.0
2026-08-12T00:40:37.046468,0.3966301381901908,0.005611532351815306,0.12929061784897025,False,23,0.0644690990447998,False,0.0,-5.299644187281473,-18.183848935030113,1.7879093098419787,CENTER,0.0,0.9875622508359053,0.03460314022664427,NORMAL,STABLE,NORMAL,NO_ACTION,False,0.0
2026-08-12T00:40:37.079578,0.38388906174702236,0.004520918090715331,0.12943871706758306,False,23,0.0644690990447998,False,0.0,-4.664140867882253,-18.993075479238286,1.6137224372437515,CENTER,0.0,0.9876324320558985,0.034481929562622,NORMAL,STABLE,NORMAL,NO_ACTION,False,0.0
2026-08-12T00:40:37.118298,0.3805640933244253,0.0038645027362179916,0.12943871706758306,False,23,0.0644690990447998,False,0.0,-4.636557412462082,-18.638336725385813,1.9769979110295992,CENTER,0.0,0.987391184949417,0.03454898833215475,NORMAL,STABLE,NORMAL,NO_ACTION,False,0.0
2026-08-12T00:40:37.170295,0.3925864800734302,0.00688740869171862,0.12943871706758306,False,23,0.0644690990447998,False,0.0,-4.8757164695217625,-15.541603765795315,1.3066126495439505,CENTER,0.0,0.9868513026191701,0.0318972041089292,NORMAL,STABLE,NORMAL,NO_ACTION,False,0.0
2026-08-12T00:40:37.214549,0.3764751216998128,0.03343973511169475,0.12729357798165136,False,23,0.0644690990447998,False,0.0,-4.34593813264658,-14.164505669558878,1.1193740159351933,CENTER,0.0,0.9864118762860082,0.029139602932289538,NORMAL,STABLE,NORMAL,NO_ACTION,False,0.0
2026-08-12T00:40:37.254775,0.37679891624559103,0.004941031692181973,0.12614678899082568,False,23,0.0644690990447998,False,0.0,-5.390511297437456,-12.051796006902094,0.794035850125681,CENTER,0.0,0.9863220566486627,0.02773295923508811,NORMAL,STABLE,NORMAL,NO_ACTION,False,0.0
2026-08-12T00:40:37.289013,0.35712810657784666,0.005906272701630951,0.125,False,23,0.0644690990447998,False,0.0,-4.539924973358296,-12.884374588976442,0.8274845092039982,CENTER,0.0,0.9861554783950617,0.026973998186357782,NORMAL,STABLE,NORMAL,NO_ACTION,False,0.0
2026-08-12T00:40:37.331033,0.3645337765875539,0.00663249013327351,0.12385321100917432,False,23,0.0644690990447998,False,0.0,-3.6814334382928564,-10.473970355948211,0.6757697638311697,CENTER,0.0,0.9865257148062414,0.023686964956298816,NORMAL,STABLE,NORMAL,NO_ACTION,False,0.0
2026-08-12T00:40:37.372577,0.36660752653634776,0.0102454888241321,0.12270642201834862,False,23,0.0644690990447998,False,0.0,-3.637703046914794,-10.010815311384988,0.16229434423127032,CENTER,0.0,0.9869405998156722,0.022242501036648564,NORMAL,STABLE,NORMAL,NO_ACTION,False,0.0
2026-08-12T00:40:37.399203,0.3628892321875027,0.01693402333902684,0.12155963302752294,False,23,0.0644690990447998,False,0.0,-3.926435445370373,-9.196000906324286,0.13942843433852659,CENTER,0.0,0.9864885009430726,0.021336649052493134,NORMAL,STABLE,NORMAL,NO_ACTION,False,0.0
2026-08-12T00:40:37.423116,0.3807699447025074,0.0035984041935564408,0.12041284403669725,False,23,0.0644690990447998,False,0.0,-4.437351484890172,-9.874067866159976,0.24950186490491433,CENTER,0.0,0.9860999791023662,0.02185095944371128,NORMAL,STABLE,NORMAL,NO_ACTION,False,0.0
2026-08-12T00:40:37.451707,0.38477803050699966,0.008648839858851351,0.11926605504587157,False,23,0.0644690990447998,False,0.0,-3.0096515223407607,-12.10155414143685,0.4899392753607401,CENTER,0.0,0.9861727055469822,0.021743015171019398,NORMAL,STABLE,NORMAL,NO_ACTION,False,0.0
2026-08-12T00:40:37.528334,0.4286606605503286,0.02342327934275572,0.11710677382319173,False,23,0.0644690990447998,False,0.0,-2.4859330483671442,-10.679682420872666,0.4796712129733578,CENTER,0.0,0.9864666655949932,0.019122257948702162,NORMAL,STABLE,NORMAL,NO_ACTION,False,0.0
2026-08-12T00:40:37.559086,0.48577227204469936,0.010957327189417942,0.11595866819747416,False,23,0.0644690990447998,False,0.0,-2.323593885305087,-7.773383946480351,0.14957544093320507,CENTER,0.0,0.9866862916881001,0.015975015189054205,NORMAL,STABLE,NORMAL,NO_ACTION,False,0.0
2026-08-12T00:40:37.587184,0.5316951239905272,0.04119782070259046,0.1148105625717566,False,23,0.0644690990447998,False,0.0,-2.1806719894569255,-4.253976795729159,-0.28295750944133147,CENTER,0.0,0.9877764381858711,0.012849981822473606,NORMAL,STABLE,NORMAL,NO_ACTION,False,0.0
2026-08-12T00:40:37.615664,0.5473913739227568,0.0100213855401234,0.11366245694603903,False,23,0.0644690990447998,False,0.0,-2.4671146958567647,-11.798045298634918,0.6664848194007504,CENTER,0.0,0.9877470073516804,0.01836957924042975,NORMAL,STABLE,NORMAL,NO_ACTION,False,0.0
2026-08-12T00:40:37.652866,0.5746287655945029,0.008027764421535898,0.11251435132032148,False,23,0.0644690990447998,False,0.0,-2.8758171690546703,-8.69183644603433,0.050786948053598735,CENTER,0.0,0.9874306895147462,0.015352824465437936,NORMAL,STABLE,NORMAL,NO_ACTION,False,0.0
2026-08-12T00:40:37.687332,0.5566956313322484,0.0064055562186423115,0.11238532110091744,False,23,0.0644690990447998,False,0.0,-1.5188681242716768,-13.7564520126775,0.6373355379635086,CENTER,0.0,0.9881727162637174,0.018204220160285604,NORMAL,STABLE,NORMAL,NO_ACTION,False,0.0
2026-08-12T00:40:37.717249,0.4776690782744814,0.008420220208249089,0.11123853211009174,False,23,0.0644690990447998,False,0.0,-2.040051508087771,-10.261395118793047,0.40179664461808784,CENTER,0.0,0.9886382512431412,0.015381682973076119,NORMAL,STABLE,NORMAL,NO_ACTION,False,0.0
2026-08-12T00:40:37.749129,0.07665947672014264,0.005868616223747178,0.11123853211009174,True,23,0.0644690990447998,False,0.0,-5.0036205792320345,-8.088358756156566,0.20243470962000742,CENTER,0.0,0.9880779133444788,0.2164740969163498,LOW,STABLE,NORMAL,NO_ACTION,False,0.0
2026-08-12T00:40:37.782739,0.2591920754321628,0.0072673000025654045,0.10907003444316878,False,24,0.03360939025878906,False,0.0,-5.191804739782327,-10.402682982232506,0.4881305594060166,UP,0.0,0.9880786903077846,0.09792819945767953,NORMAL,STABLE,NORMAL,NO_ACTION,False,0.0
2026-08-12T00:40:37.812771,0.3369257841229675,0.006139636520061054,0.10894495412844037,False,24,0.03360939025878906,False,0.0,-4.063102129690776,-10.38923177207576,0.5064287608927884,UP,0.030032634735107422,0.9876488286608368,0.04237610012757759,NORMAL,STABLE,NORMAL,NO_ACTION,False,0.0
2026-08-12T00:40:37.839121,0.3412307638433306,0.007165790266347637,0.10779816513761468,False,24,0.03360939025878906,False,0.0,-4.201490597016544,-11.192701692538662,0.6584561992085298,UP,0.05638241767883301,0.9876008846664952,0.042662649224598295,NORMAL,STABLE,NORMAL,NO_ACTION,False,0.0
2026-08-12T00:40:37.869644,0.4041237093774486,0.020501991963425597,0.10665137614678899,False,24,0.03360939025878906,False,0.0,-3.49262775780133,-12.35515010247397,0.6825681821308649,UP,0.08690500259399414,0.9869321201989026,0.0422694110895604,NORMAL,STABLE,NORMAL,NO_ACTION,False,0.0
2026-08-12T00:40:37.900869,0.44575283699098484,0.00782267302022301,0.10550458715596331,False,24,0.03360939025878906,False,0.0,-3.0114666983309064,-10.491310268674056,0.3752871221591363,CENTER,0.0,0.987411305619856,0.013590669488051474,NORMAL,STABLE,NORMAL,NO_ACTION,False,0.0
2026-08-12T00:40:37.930298,0.4544404688243493,0.009327660778595322,0.10435779816513761,False,24,0.03360939025878906,False,0.0,-2.958101457233454,-12.907116004213492,0.8304311254924812,CENTER,0.0,0.9882321539566187,0.015148921646755374,NORMAL,STABLE,NORMAL,NO_ACTION,False,0.0
2026-08-12T00:40:37.965567,0.47872746593325044,0.005724339309364948,0.10321100917431193,False,24,0.03360939025878906,False,0.0,-3.4165348787651055,-12.080859769071338,0.6276986443798194,CENTER,0.0,0.98767635727452,0.014225017072291487,NORMAL,STABLE,NORMAL,NO_ACTION,False,0.0
2026-08-12T00:40:37.999000,0.4766286043766844,0.008127333279007543,0.10206422018348624,False,24,0.03360939025878906,False,0.0,-2.518585132485839,-13.739533661677598,1.0074220343694833,CENTER,0.0,0.9877807650677297,0.01435052093400058,NORMAL,STABLE,NORMAL,NO_ACTION,False,0.0
2026-08-12T00:40:38.032818,0.47252147091113306,0.013493289339864495,0.10091743119266056,False,24,0.03360939025878906,False,0.0,-3.1297006496838833,-12.934793209872225,0.38001816309238734,CENTER,0.0,0.9878276775763031,0.013180239919466992,NORMAL,STABLE,NORMAL,NO_ACTION,False,0.0
2026-08-12T00:40:38.069452,0.4822487970078617,0.00579688558647349,0.09977064220183486,False,24,0.03360939025878906,False,0.0,-2.7455187990503305,-12.499395833161657,0.6515812531446556,CENTER,0.0,0.98711196041238,0.012298622966804519,NORMAL,STABLE,NORMAL,NO_ACTION,False,0.0
2026-08-12T00:40:38.112776,0.4988690450610184,0.010346100042327002,0.09862385321100918,False,24,0.03360939025878906,False,0.0,-2.313765611175654,-15.255559498402874,1.0190886382338533,CENTER,0.0,0.9869732456704389,0.014227319285314935,NORMAL,STABLE,NORMAL,NO_ACTION,False,0.0
2026-08-12T00:40:38.135139,0.5012014399759306,0.00911054342852699,0.09851088201603665,False,24,0.03360939025878906,False,0.0,-3.153478011416439,-13.362341748654984,0.9565042020675492,CENTER,0.0,0.987969339420439,0.013608340801827998,NORMAL,STABLE,NORMAL,NO_ACTION,False,0.0
2026-08-12T00:40:38.153179,0.4888914191088768,0.008545316857504075,0.09736540664375716,False,24,0.03360939025878906,False,0.0,-2.3331941739703552,-13.998164559304968,0.8889223087740845,CENTER,0.0,0.9872848079561043,0.013212564350288974,NORMAL,STABLE,NORMAL,NO_ACTION,False,0.0
2026-08-12T00:40:38.175764,0.4811497567862689,0.008275088720121,0.09621993127147767,False,24,0.03360939025878906,False,0.0,-2.6885646288629914,-12.814387928121448,0.6218176071056973,CENTER,0.0,0.9874478630829904,0.01244261121235386,NORMAL,STABLE,NORMAL,NO_ACTION,False,0.0
2026-08-12T00:40:38.206375,0.5053774594073446,0.010784451252282043,0.09507445589919816,False,24,0.03360939025878906,False,0.0,-2.1213068365224217,-16.322748709527275,0.8069241107956202,CENTER,0.0,0.9870182023748286,0.014608429795038923,NORMAL,STABLE,NORMAL,NO_ACTION,False,0.0
2026-08-12T00:40:38.237738,0.5123886232825406,0.010077766368558902,0.09392898052691867,False,24,0.03360939025878906,False,0.0,-2.7502317569721697,-16.320001838193917,0.8010626171811168,CENTER,0.0,0.9866869614840533,0.015206432947139513,NORMAL,STABLE,NORMAL,NO_ACTION,False,0.0
2026-08-12T00:40:38.262799,0.5079109215697016,0.005112243437684408,0.09278350515463918,False,24,0.03360939025878906,False,0.0,-3.0868937923411863,-13.526667308887767,0.6352666610212907,CENTER,0.0,0.9877607783564815,0.013353562381879106,NORMAL,STABLE,NORMAL,NO_ACTION,False,0.0
2026-08-12T00:40:38.295828,0.49771157270080235,0.0028650086474689427,0.09163802978235967,False,24,0.03360939025878906,False,0.0,-2.428484179737552,-13.43517985140167,0.5162850649656434,CENTER,0.0,0.9880314027134773,0.012538889165356136,NORMAL,STABLE,NORMAL,NO_ACTION,False,0.0
2026-08-12T00:40:38.317389,0.508296406798242,0.004144236997123874,0.09049255441008018,False,24,0.03360939025878906,False,0.0,-2.0755530842482983,-15.455588018627395,0.6843612544108453,CENTER,0.0,0.9880628563314471,0.013820064413643406,NORMAL,STABLE,NORMAL,NO_ACTION,False,0.0
2026-08-12T00:40:38.340843,0.51914580291804,0.007139032906436474,0.09038901601830664,False,24,0.03360939025878906,False,0.0,-3.354499495227344,-12.646673250436407,0.4200003955558316,CENTER,0.0,0.9878992653677984,0.012768412057180465,NORMAL,STABLE,NORMAL,NO_ACTION,False,0.0
2026-08-12T00:40:38.362844,0.5138764947768779,0.006200405783524958,0.08924485125858124,False,24,0.03360939025878906,False,0.0,-3.6326063500488885,-11.591871106287016,0.521854704614185,CENTER,0.0,0.9882464474022635,0.012372499036808766,NORMAL,STABLE,NORMAL,NO_ACTION,False,0.0
2026-08-12T00:40:38.390812,0.4946130109637654,0.008372293909008675,0.08810068649885583,False,24,0.03360939025878906,False,0.0,-2.6029406911410717,-13.950682295436735,0.5465439943939145,CENTER,0.0,0.9880182479209534,0.013108329873515777,NORMAL,STABLE,NORMAL,NO_ACTION,False,0.0
2026-08-12T00:40:38.438511,0.5302317836916248,0.008072918893946443,0.08695652173913043,False,24,0.03360939025878906,False,0.0,-2.2260447738048015,-15.86510253334194,0.9586755036410466,CENTER,0.0,0.9876226798268176,0.014524897281991104,NORMAL,STABLE,NORMAL,NO_ACTION,False,0.0
2026-08-12T00:40:38.504455,0.5176005717968575,0.0065758815386538945,0.08476517754868271,False,24,0.03360939025878906,False,0.0,-2.487212385382321,-15.968291033141838,1.0283775630545904,CENTER,0.0,0.9881694744513032,0.014918037548356503,NORMAL,STABLE,NORMAL,NO_ACTION,False,0.0
2026-08-12T00:40:38.535738,0.5155139148348309,0.0036925575193551166,0.08466819221967964,False,24,0.03360939025878906,False,0.0,-2.756075307927233,-15.134983971092907,1.0829045529132202,CENTER,0.0,0.988279843428498,0.014627617178450498,NORMAL,STABLE,NORMAL,NO_ACTION,False,0.0
2026-08-12T00:40:38.567576,0.5135250460874508,0.0061373319581154275,0.08247422680412371,False,24,0.03360939025878906,False,0.0,-2.6355307976826055,-15.884017737764736,0.9607705689394379,CENTER,0.0,0.9879334919410151,0.01493489560809576,NORMAL,STABLE,NORMAL,NO_ACTION,False,0.0
2026-08-12T00:40:38.599442,0.5173163400006842,0.011100892643336394,0.08132875143184422,False,24,0.03360939025878906,False,0.0,-2.271909752677317,-17.11969600835124,1.0166201006787219,CENTER,0.0,0.9878286286865569,0.01553095734630023,NORMAL,STABLE,NORMAL,NO_ACTION,False,0.0
2026-08-12T00:40:38.630593,0.5298331209913576,0.0063919427800204895,0.08123569794050343,False,24,0.03360939025878906,False,0.0,-2.855945322867001,-16.048185727758494,1.0911266208642019,CENTER,0.0,0.9874405355152607,0.01539124045290007,NORMAL,STABLE,NORMAL,NO_ACTION,False,0.0
2026-08-12T00:40:38.662675,0.5213200557901508,0.01060980344489846,0.08009153318077804,False,24,0.03360939025878906,False,0.0,-1.826945249396914,-17.750509579069757,0.9171755360490863,CENTER,0.0,0.9876419431584361,0.015462299156053938,NORMAL,STABLE,NORMAL,NO_ACTION,False,0.0
2026-08-12T00:40:38.694723,0.5523424045438283,0.010345456509305842,0.07894736842105263,False,24,0.03360939025878906,False,0.0,-2.7088889262345788,-14.452061857099437,0.6032226194742805,CENTER,0.0,0.9875324717078188,0.013627040977847017,NORMAL,STABLE,NORMAL,NO_ACTION,False,0.0
2026-08-12T00:40:38.726603,0.5073870776390269,0.009691122491376327,0.07780320366132723,False,24,0.03360939025878906,False,0.0,-1.8029871955843078,-16.777249860417612,0.8241115388877347,CENTER,0.0,0.9878259896905007,0.014646701458311725,NORMAL,STABLE,NORMAL,NO_ACTION,False,0.0
2026-08-12T00:40:38.758932,0.5114549418854148,0.006926610425336655,0.07771428571428571,False,24,0.03360939025878906,False,0.0,-2.5484137727876828,-16.70444386889912,1.1343672511726481,CENTER,0.0,0.987936653377915,0.015610702298759313,NORMAL,STABLE,NORMAL,NO_ACTION,False,0.0
2026-08-12T00:40:38.791977,0.5122783663118049,0.0027434413187524096,0.0776255707762557,False,24,0.03360939025878906,False,0.0,-1.2679969111785567,-15.633271810072188,0.8548040263101768,CENTER,0.0,0.9872890142746913,0.013334874987819066,NORMAL,STABLE,NORMAL,NO_ACTION,False,0.0
2026-08-12T00:40:38.823820,0.5283146011932348,0.017165463799318614,0.07753705815279362,False,24,0.03360939025878906,False,0.0,-1.800233882354945,-16.536730343344033,1.0787767065010883,CENTER,0.0,0.9873185656721537,0.01471557470390613,NORMAL,STABLE,NORMAL,NO_ACTION,False,0.0
2026-08-12T00:40:38.845059,0.5399627718598707,0.012308954213750258,0.0774487471526196,False,24,0.03360939025878906,False,0.0,-1.4742112640301173,-16.743744769939838,0.9896869815651144,CENTER,0.0,0.9873037363897462,0.01446534731108529,NORMAL,STABLE,NORMAL,NO_ACTION,False,0.0
2026-08-12T00:40:38.888527,0.5179072633733927,0.0026528315450482587,0.07736063708759955,False,24,0.03360939025878906,False,0.0,-1.479957107150625,-15.381460971078866,0.9050089993150721,CENTER,0.0,0.9875558207947529,0.013405466952005408,NORMAL,STABLE,NORMAL,NO_ACTION,False,0.0
2026-08-12T00:40:38.921151,0.5330729986601483,0.011627069763536543,0.07727272727272727,False,24,0.03360939025878906,False,0.0,-2.573447439976661,-16.50045755178084,1.0834063366741304,CENTER,0.0,0.9874641927083333,0.015438411868616558,NORMAL,STABLE,NORMAL,NO_ACTION,False,0.0
2026-08-12T00:40:38.966301,0.516147571288747,0.0035041600383823846,0.0771850170261067,False,24,0.03360939025878906,False,0.0,-2.7140578628333003,-17.350370759706067,1.0876624465717555,CENTER,0.0,0.9875183256172839,0.016191739179955547,NORMAL,STABLE,NORMAL,NO_ACTION,False,0.0
2026-08-12T00:40:38.999052,0.5460548073656631,0.011043660043439058,0.07709750566893424,False,24,0.03360939025878906,False,0.0,-2.5593414050510717,-15.993427277768262,0.7545384071431442,CENTER,0.0,0.9868977328746571,0.01474195211235299,NORMAL,STABLE,NORMAL,NO_ACTION,False,0.0
2026-08-12T00:40:39.030467,0.513423234120064,0.002016500820935274,0.07701019252548132,False,24,0.03360939025878906,False,0.0,-1.8077855058272974,-16.94155871574975,1.1461853381185847,CENTER,0.0,0.9861333483367627,0.015080134699989372,NORMAL,STABLE,NORMAL,NO_ACTION,False,0.0
2026-08-12T00:40:39.062622,0.5173787960164008,0.007270241942213652,0.07692307692307693,False,24,0.03360939025878906,False,0.0,-1.8769012302047088,-16.98269260132301,1.156273872919968,CENTER,0.0,0.9870091199417009,0.015186113274334823,NORMAL,STABLE,NORMAL,NO_ACTION,False,0.0
2026-08-12T00:40:39.096332,0.5069987846370388,0.004979139132245561,0.0768361581920904,False,24,0.03360939025878906,False,0.0,-2.787238311783028,-16.829169893733592,1.3281978590182746,CENTER,0.0,0.9877596263074417,0.016117413087727368,NORMAL,STABLE,NORMAL,NO_ACTION,False,0.0
2026-08-12T00:40:39.127316,0.5082544918065194,0.010839688309147345,0.07674943566591422,False,24,0.03360939025878906,False,0.0,-1.397945887866257,-17.84129684393892,1.0909579673094072,CENTER,0.0,0.9873161008230452,0.015282103284865785,NORMAL,STABLE,NORMAL,NO_ACTION,False,0.0
2026-08-12T00:40:39.158970,0.5162243900324838,0.022198611692395943,0.07666290868094701,False,24,0.03360939025878906,False,0.0,-1.8545926871892107,-17.903848704735594,1.0787407965395346,CENTER,0.0,0.98719367551869,0.0157552489007145,NORMAL,STABLE,NORMAL,NO_ACTION,False,0.0
2026-08-12T00:40:39.191319,0.5040132016797292,0.021382675841198396,0.07657657657657657,False,24,0.03360939025878906,False,0.0,-2.1428305137809787,-15.822581413097879,0.9716524667012152,CENTER,0.0,0.9871440168467078,0.014426551668442434,NORMAL,STABLE,NORMAL,NO_ACTION,False,0.0
2026-08-12T00:40:39.222790,0.49539245611640803,0.005467392781813412,0.0764904386951631,False,24,0.03360939025878906,False,0.0,-2.2021699457173725,-15.840796229885825,0.9156014104776204,CENTER,0.0,0.9860897848079561,0.014442873397920128,NORMAL,STABLE,NORMAL,NO_ACTION,False,0.0
2026-08-12T00:40:39.254868,0.4840306343764028,0.00756043130081987,0.07640449438202247,False,24,0.03360939025878906,False,0.0,-2.549317011188947,-15.192476734709402,0.879943587012292,CENTER,0.0,0.9865213745284637,0.014274595254817241,NORMAL,STABLE,NORMAL,NO_ACTION,False,0.0
2026-08-12T00:40:39.287073,0.46546152149952497,0.005031634516478389,0.07631874298540965,False,24,0.03360939025878906,False,0.0,-2.1854878744922246,-16.006102517946147,0.9895382393268335,CENTER,0.0,0.9870727907450274,0.014617395483675754,NORMAL,STABLE,NORMAL,NO_ACTION,False,0.0
2026-08-12T00:40:39.319450,0.4894940143104024,0.00894311150828407,0.07623318385650224,False,24,0.03360939025878906,False,0.0,-2.1148229772107925,-15.969773872265705,1.1201389326485014,CENTER,0.0,0.9872011370456104,0.014648874080204552,NORMAL,STABLE,NORMAL,NO_ACTION,False,0.0
2026-08-12T00:40:39.351614,0.4800245758980307,0.0035918112203486207,0.0761478163493841,False,24,0.03360939025878906,False,0.0,-2.333311608357974,-14.666299850610471,0.7407032992916811,CENTER,0.0,0.9868262656464335,0.01355249017354797,NORMAL,STABLE,NORMAL,NO_ACTION,False,0.0
2026-08-12T00:40:39.384283,0.49784336135306884,0.0072060749906392154,0.07606263982102908,False,24,0.03360939025878906,False,0.0,-2.1535635277569725,-15.914541555864616,1.2228960852615671,CENTER,0.0,0.9872533275462964,0.014745241121401556,NORMAL,STABLE,NORMAL,NO_ACTION,False,0.0
2026-08-12T00:40:39.415488,0.4838420044172982,0.004307495974153535,0.07597765363128492,False,24,0.03360939025878906,False,0.0,-1.2213087350912701,-16.202629332846925,1.006270619493364,CENTER,0.0,0.9869064402220508,0.013846975378137616,NORMAL,STABLE,NORMAL,NO_ACTION,False,0.0
2026-08-12T00:40:39.447248,0.4906428095145452,0.008801122157465601,0.07589285714285714,False,24,0.03360939025878906,False,0.0,-2.47771281194926,-14.950328503322936,1.2092696667511973,CENTER,0.0,0.9861475480109739,0.014347887046704045,NORMAL,STABLE,NORMAL,NO_ACTION,False,0.0
2026-08-12T00:40:39.495277,0.46189680664331456,0.008205603297343737,0.0758082497212932,False,24,0.03360939025878906,False,0.0,-1.6268130739388482,-14.540362411404828,1.076832680567179,CENTER,0.0,0.9864426199202675,0.013104883579242627,NORMAL,STABLE,NORMAL,NO_ACTION,False,0.0
2026-08-12T00:40:39.526824,0.44268382384927407,0.015112169423624332,0.0757238307349666,False,24,0.03360939025878906,False,0.0,-2.498990392805041,-14.036110029743469,1.4035908845713436,CENTER,0.0,0.987185704946845,0.013895231807103097,NORMAL,STABLE,NORMAL,NO_ACTION,False,0.0
2026-08-12T00:40:39.559024,0.4544824235229631,0.007517490982301283,0.07563959955506118,False,24,0.03360939025878906,False,0.0,-1.8729613787574237,-16.831350505996113,1.565952637984708,CENTER,0.0,0.9873217806927297,0.015467522196378505,NORMAL,STABLE,NORMAL,NO_ACTION,False,0.0
2026-08-12T00:40:39.591457,0.4568338709517501,0.0057516398482349,0.07452725250278086,False,24,0.03360939025878906,False,0.0,-2.1313571959944397,-14.566383887042122,1.1656350948200327,CENTER,0.0,0.9871104198816872,0.013695047605870285,NORMAL,STABLE,NORMAL,NO_ACTION,False,0.0
2026-08-12T00:40:39.623854,0.4590256193374297,0.011064513959823113,0.07341490545050056,False,24,0.03360939025878906,False,0.0,-2.32653036185539,-14.5733516502236,1.286778203106735,CENTER,0.0,0.987050955396948,0.014004680735865757,NORMAL,STABLE,NORMAL,NO_ACTION,False,0.0
2026-08-12T00:40:39.655333,0.4760136656023293,0.007508433316658595,0.07230255839822025,False,24,0.03360939025878906,False,0.0,-2.4627470805468477,-14.037864955549196,1.3137555523667572,CENTER,0.0,0.9866020849408436,0.013775090188480115,NORMAL,STABLE,NORMAL,NO_ACTION,False,0.0
2026-08-12T00:40:39.687455,0.48655829940163137,0.007599052454962967,0.07015590200445435,False,24,0.03360939025878906,False,0.0,-1.2477045133989293,-16.6419624061881,1.3551999151281962,CENTER,0.0,0.9857371640303498,0.014525695631939749,NORMAL,STABLE,NORMAL,NO_ACTION,False,0.0
2026-08-12T00:40:39.719599,0.44912327302167726,0.009295564123497576,0.06904231625835189,False,24,0.03360939025878906,False,0.0,-2.2835256397779062,-17.980579700122632,1.568263704417518,CENTER,0.0,0.9868689450445816,0.01669510470746194,NORMAL,STABLE,NORMAL,NO_ACTION,False,0.0
2026-08-12T00:40:39.751966,0.44868975874727796,0.006824445169962383,0.06792873051224944,False,24,0.03360939025878906,False,0.0,-1.838597446805096,-16.00803144606121,1.2358660592141177,CENTER,0.0,0.9875854391718107,0.014521950531655304,NORMAL,STABLE,NORMAL,NO_ACTION,False,0.0
2026-08-12T00:40:39.782779,0.45610347113058197,0.008999927332548436,0.066815144766147,False,24,0.03360939025878906,False,0.0,-2.125285812373221,-16.17070425001984,1.3821818394592924,CENTER,0.0,0.9868761118612825,0.015056403400853046,NORMAL,STABLE,NORMAL,NO_ACTION,False,0.0
2026-08-12T00:40:39.815459,0.4612550758264976,0.004167100823049978,0.06465997770345597,False,24,0.03360939025878906,False,0.0,-1.8368109660585503,-16.04375325933583,1.7446784099373076,CENTER,0.0,0.9872066963520234,0.015035996753071887,NORMAL,STABLE,NORMAL,NO_ACTION,False,0.0
2026-08-12T00:40:39.848847,0.4483520751039939,0.00800442457788685,0.06465997770345597,False,24,0.03360939025878906,False,0.0,-1.9209231604679928,-17.744305445501197,1.3921247062427256,CENTER,0.0,0.9866475105024005,0.01600567410080563,NORMAL,STABLE,NORMAL,NO_ACTION,False,0.0
2026-08-12T00:40:39.879678,0.45128518726980965,0.007515690497875879,0.06465997770345597,False,24,0.03360939025878906,False,0.0,-2.3026863998599083,-15.163799422297217,1.4900279966958294,CENTER,0.0,0.9861550363297324,0.014603876409083144,NORMAL,STABLE,NORMAL,NO_ACTION,False,0.0
2026-08-12T00:40:39.911183,0.4617882248236196,0.004929336086640603,0.0645879732739421,False,24,0.03360939025878906,False,0.0,-2.58841991832864,-16.89605202836455,1.6108419395744988,CENTER,0.0,0.9865917700831618,0.016246437883651495,NORMAL,STABLE,NORMAL,NO_ACTION,False,0.0
2026-08-12T00:40:39.942612,0.4718094200420012,0.009209415636510798,0.0645879732739421,False,24,0.03360939025878906,False,0.0,-2.09163774703444,-18.37216252608627,1.9871405431235587,CENTER,0.0,0.9878060431670096,0.017196496474177418,NORMAL,STABLE,NORMAL,NO_ACTION,False,0.0
2026-08-12T00:40:39.975720,0.43953837465487544,0.007803989468878857,0.0645879732739421,False,24,0.03360939025878906,False,0.0,-1.8613160282519061,-17.54772769500775,1.6287553414483114,CENTER,0.0,0.9882498365697874,0.016034168357957658,NORMAL,STABLE,NORMAL,NO_ACTION,False,0.0
2026-08-12T00:40:40.023648,0.462611938697274,0.0036783559375993587,0.0645879732739421,False,24,0.03360939025878906,False,0.0,-2.680984705655362,-15.937787299617781,1.5820383908778695,CENTER,0.0,0.9875827064043209,0.015615757513052251,NORMAL,STABLE,NORMAL,NO_ACTION,False,0.0
2026-08-12T00:40:40.054943,0.4554100969661603,0.009005029342467295,0.0645879732739421,False,24,0.03360939025878906,False,0.0,-2.2333880757772704,-17.009267178412415,1.7920633180092125,CENTER,0.0,0.9871478078918038,0.016160831341388543,NORMAL,STABLE,NORMAL,NO_ACTION,False,0.0
2026-08-12T00:40:40.087555,0.4919573838068527,0.007469392254114952,0.06465997770345597,False,24,0.03360939025878906,False,0.0,-2.423548262722477,-14.537561706646414,1.5878064070739697,CENTER,0.0,0.9868431980881345,0.014362136099789358,NORMAL,STABLE,NORMAL,NO_ACTION,False,0.0
2026-08-12T00:40:40.120507,0.4449391721326187,0.0032537009665259014,0.0645879732739421,False,24,0.03360939025878906,False,0.0,-2.4915201159894877,-16.408364679987642,1.5691387993847457,CENTER,0.0,0.986814222715192,0.01576074974294404,NORMAL,STABLE,NORMAL,NO_ACTION,False,0.0
2026-08-12T00:40:40.151683,0.45969683554149926,0.006056745935821344,0.0645879732739421,False,24,0.03360939025878906,False,0.0,-2.274339216038925,-17.483541978855897,1.9686165770146715,CENTER,0.0,0.9871918000900207,0.016712811822484575,NORMAL,STABLE,NORMAL,NO_ACTION,False,0.0
2026-08-12T00:40:40.183968,0.449334316485575,0.005014854131188133,0.06465997770345597,False,24,0.03360939025878906,False,0.0,-1.9441711289269676,-16.485372487648704,1.4635996445731223,CENTER,0.0,0.9878500487611455,0.015187659393338966,NORMAL,STABLE,NORMAL,NO_ACTION,False,0.0
2026-08-12T00:40:40.215307,0.4776210420191759,0.0031566272336255702,0.06465997770345597,False,24,0.03360939025878906,False,0.0,-2.02017772486613,-17.119636756761082,1.830156407737519,CENTER,0.0,0.9878900891632375,0.016071911266834667,NORMAL,STABLE,NORMAL,NO_ACTION,False,0.0
2026-08-12T00:40:40.249348,0.46641958446166965,0.004453220420644849,0.06465997770345597,False,24,0.03360939025878906,False,0.0,-1.2595617991397319,-17.41193079354528,1.6401906854457593,CENTER,0.0,0.9868953484010632,0.01536763759530947,NORMAL,STABLE,NORMAL,NO_ACTION,False,0.0
2026-08-12T00:40:40.279465,0.44700552977666597,0.008749617365060155,0.06465997770345597,False,24,0.03360939025878906,False,0.0,-1.4686959414845262,-18.368973250980588,1.587220623205127,CENTER,0.0,0.9864743280606996,0.016209215150964906,NORMAL,STABLE,NORMAL,NO_ACTION,False,0.0
2026-08-12T00:40:40.310902,0.4442156040273523,0.005106639152081405,0.06465997770345597,False,24,0.03360939025878906,False,0.0,-1.721311146142142,-17.376350397734058,1.651596684231265,CENTER,0.0,0.9865578650120028,0.01579757171650084,NORMAL,STABLE,NORMAL,NO_ACTION,False,0.0
2026-08-12T00:40:40.344201,0.4375067569163565,0.007117918601908931,0.06465997770345597,False,24,0.03360939025878906,False,0.0,-1.9674606521049043,-18.07899133153353,1.4033439002216994,CENTER,0.0,0.9859239835176611,0.01630300923427391,NORMAL,STABLE,NORMAL,NO_ACTION,False,0.0
2026-08-12T00:40:40.374460,0.45774012475525416,0.00512154308435,0.0645879732739421,False,24,0.03360939025878906,False,0.0,-1.8251434065154228,-15.997678217858834,1.5543613247728842,CENTER,0.0,0.987023051697531,0.014808216602286787,NORMAL,STABLE,NORMAL,NO_ACTION,False,0.0
2026-08-12T00:40:40.406438,0.4580012754514806,0.004456168931612466,0.0645879732739421,False,24,0.03360939025878906,False,0.0,-1.3107529688545867,-18.604445535791513,1.7685046871929728,CENTER,0.0,0.9880025612997256,0.016401755074265594,NORMAL,STABLE,NORMAL,NO_ACTION,False,0.0
2026-08-12T00:40:40.440111,0.4522114803082964,0.003291483738834365,0.0645879732739421,False,24,0.03360939025878906,False,0.0,-2.5758907315488955,-17.093756821069263,1.7076643057479544,CENTER,0.0,0.9876295117455418,0.016470395888169214,NORMAL,STABLE,NORMAL,NO_ACTION,False,0.0
2026-08-12T00:40:40.471541,0.44370404695251636,0.008462917949773387,0.0645879732739421,False,24,0.03360939025878906,False,0.0,-1.5289626168084567,-15.762823408399214,1.4759648096549824,CENTER,0.0,0.9868975721236283,0.014277895168586447,NORMAL,STABLE,NORMAL,NO_ACTION,False,0.0
2026-08-12T00:40:40.503908,0.4505375451252348,0.006401864863813712,0.0645879732739421,False,24,0.03360939025878906,False,0.0,-1.8742511757300235,-16.622318697865353,1.6373229457582568,CENTER,0.0,0.9869580145104594,0.015386523769150728,NORMAL,STABLE,NORMAL,NO_ACTION,False,0.0
2026-08-12T00:40:40.551642,0.44457770691143894,0.04187122276051274,0.0645879732739421,False,24,0.03360939025878906,False,0.0,-1.8023751418226368,-16.365957057838557,1.4646326521203719,CENTER,0.0,0.9865769408007544,0.014965865380384077,NORMAL,STABLE,NORMAL,NO_ACTION,False,0.0
2026-08-12T00:40:40.583061,0.4518421283178773,0.005479008489975728,0.06465997770345597,False,24,0.03360939025878906,False,0.0,-2.314420312307675,-14.561988829104592,1.365844016334961,CENTER,0.0,0.9859521953232167,0.01406095017452771,NORMAL,STABLE,NORMAL,NO_ACTION,False,0.0
2026-08-12T00:40:40.615512,0.4437548532517709,0.013895476469758448,0.06465997770345597,False,24,0.03360939025878906,False,0.0,-1.1936351854922123,-18.263693642625213,1.8671109210670522,CENTER,0.0,0.9867833853094993,0.016137830548212318,NORMAL,STABLE,NORMAL,NO_ACTION,False,0.0
2026-08-12T00:40:40.647306,0.4512596475828911,0.010398110526649495,0.0645879732739421,False,24,0.03360939025878906,False,0.0,-1.210748137555811,-19.264811315896566,1.8017978120703333,CENTER,0.0,0.987399945880487,0.016814445012972697,NORMAL,STABLE,NORMAL,NO_ACTION,False,0.0
2026-08-12T00:40:40.679140,0.4517640714215525,0.01096517332765156,0.0645879732739421,False,24,0.03360939025878906,False,0.0,-2.5120875654849613,-17.45161123634614,1.8348339596647065,CENTER,0.0,0.986811637302812,0.01678986588009782,NORMAL,STABLE,NORMAL,NO_ACTION,False,0.0
2026-08-12T00:40:40.711001,0.4580674722836524,0.008055820021259152,0.06465997770345597,False,24,0.03360939025878906,False,0.0,-1.5367930848214826,-15.682269083976337,1.5728379817706184,CENTER,0.0,0.9870671510631002,0.014320542772923451,NORMAL,STABLE,NORMAL,NO_ACTION,False,0.0
2026-08-12T00:40:40.743185,0.45838418771271305,0.022177065129637914,0.0645879732739421,False,24,0.03360939025878906,False,0.0,-1.2396393918732258,-17.0501429008483,1.6598266129585681,CENTER,0.0,0.98715303230024,0.015106070470080312,NORMAL,STABLE,NORMAL,NO_ACTION,False,0.0
2026-08-12T00:40:40.775510,0.45911223840219606,0.0029449986246605554,0.0645879732739421,False,24,0.03360939025878906,False,0.0,-1.3522794263298863,-18.062028279429427,1.983081359835552,CENTER,0.0,0.9864629817172498,0.01625662710700649,NORMAL,STABLE,NORMAL,NO_ACTION,False,0.0
2026-08-12T00:40:40.806750,0.4542928627646384,0.004267204091967631,0.0645879732739421,False,24,0.03360939025878906,False,0.0,-1.12785762647394,-16.767327229799434,1.5330883675188147,CENTER,0.0,0.9861510577417695,0.014672128771292616,NORMAL,STABLE,NORMAL,NO_ACTION,False,0.0
2026-08-12T00:40:40.839166,0.4637614540144371,0.008878760246169428,0.0645879732739421,False,24,0.03360939025878906,False,0.0,-1.4437126253706651,-18.551387476137165,1.8698162996597603,CENTER,0.0,0.9867342356824417,0.016589029919832066,NORMAL,STABLE,NORMAL,NO_ACTION,False,0.0
2026-08-12T00:40:40.903751,0.4806924486458205,0.0042082867351061455,0.06473214285714286,False,24,0.03360939025878906,False,0.0,-0.11303712367416097,-18.252957233600313,1.3039308971046069,CENTER,0.0,0.9869557506001373,0.01454717905909089,NORMAL,STABLE,NORMAL,NO_ACTION,False,0.0
2026-08-12T00:40:40.936056,0.5179857018393793,0.0035824650447068888,0.06465997770345597,False,24,0.03360939025878906,False,0.0,-0.42588454773195394,-18.22400157067591,1.6293382212178642,CENTER,0.0,0.987328786758402,0.015140882319291686,NORMAL,STABLE,NORMAL,NO_ACTION,False,0.0
2026-08-12T00:40:40.956947,0.514449733220459,0.0032688431596971787,0.06465997770345597,False,24,0.03360939025878906,False,0.0,-0.24403336595821656,-18.905712582251283,1.6597574500366932,CENTER,0.0,0.9873559938700274,0.015487405798880282,NORMAL,STABLE,NORMAL,NO_ACTION,False,0.0
2026-08-12T00:40:40.980714,0.5366822762770929,0.02387756885154859,0.0645879732739421,False,24,0.03360939025878906,False,0.0,-0.4846976500047333,-16.56548043490156,1.408227340946894,CENTER,0.0,0.9870221139831962,0.013786774749826767,NORMAL,STABLE,NORMAL,NO_ACTION,False,0.0
2026-08-12T00:40:41.006034,0.5434622449247455,0.0027640125442414385,0.0645879732739421,False,24,0.03360939025878906,False,0.0,-1.9479247202222325,-16.919786336484833,1.7427253532005977,CENTER,0.0,0.9863413869598764,0.015773805017423995,NORMAL,STABLE,NORMAL,NO_ACTION,False,0.0
2026-08-12T00:40:41.030636,0.5583620040678969,0.020181994473154562,0.0645879732739421,False,24,0.03360939025878906,False,0.0,-0.21158539599929327,-17.628405506967823,1.7266612304667888,CENTER,0.0,0.986546960733882,0.014598085913851509,NORMAL,STABLE,NORMAL,NO_ACTION,False,0.0
2026-08-12T00:40:41.079644,0.5333823798221614,0.0031190233280181585,0.06465997770345597,False,24,0.03360939025878906,False,0.0,-1.1332396410862202,-19.240689720104825,2.061450839693265,CENTER,0.0,0.9875513733496228,0.01697242229786336,NORMAL,STABLE,NORMAL,NO_ACTION,False,0.0
2026-08-12T00:40:41.111684,0.5470255949218332,0.009183196329091294,0.06465997770345597,False,24,0.03360939025878906,False,0.0,-0.5824512810735882,-16.095005612781648,1.7011351846423395,CENTER,0.0,0.9880246913580247,0.013823179909550233,NORMAL,STABLE,NORMAL,NO_ACTION,False,0.0
2026-08-12T00:40:41.143615,0.5347699881465937,0.042533478749650785,0.06465997770345597,False,24,0.03360939025878906,False,0.0,-0.06844431791691363,-18.47423064164022,1.6024188159796324,CENTER,0.0,0.9878627748842591,0.014951479221973873,NORMAL,STABLE,NORMAL,NO_ACTION,False,0.0
2026-08-12T00:40:41.175937,0.5548170214747761,0.00870837524850488,0.06465997770345597,False,24,0.03360939025878906,False,0.0,-0.07541524293617385,-15.560802925200932,1.3019949619298359,CENTER,0.0,0.9876134098508231,0.012564752680293867,NORMAL,STABLE,NORMAL,NO_ACTION,False,0.0
2026-08-12T00:40:41.207047,0.5566150451701471,0.0055170194121153685,0.0645879732739421,False,24,0.03360939025878906,False,0.0,12.222212100212289,-20.825530794387134,177.12769602999526,CENTER,0.0,0.9540573939221823,0.05545896311219278,NORMAL,STABLE,NORMAL,NO_ACTION,False,0.0
2026-08-12T00:40:41.239100,0.5530758551636531,0.0049871809692362806,0.06465997770345597,False,24,0.03360939025878906,False,0.0,-0.5046216997674264,-18.45001014201128,1.5159009220481607,CENTER,0.0,0.9863417754415295,0.015270695775423157,NORMAL,STABLE,NORMAL,NO_ACTION,False,0.0
2026-08-12T00:40:41.303792,0.5643178628578801,0.008443800903427558,0.06465997770345597,False,24,0.03360939025878906,False,0.0,-0.3963131299275915,-18.752551882271234,1.7012649922817786,CENTER,0.0,0.9873001328875172,0.015563399736360471,NORMAL,STABLE,NORMAL,NO_ACTION,False,0.0
2026-08-12T00:40:41.337064,0.5326927140831742,0.004414687828078977,0.0645879732739421,False,24,0.03360939025878906,False,0.0,-0.15959530848468262,-17.659125237804915,1.6997374001217622,CENTER,0.0,0.9876504361711248,0.014544281205961606,NORMAL,STABLE,NORMAL,NO_ACTION,False,0.0
2026-08-12T00:40:41.367406,0.521386741234141,0.004126039393609841,0.0645879732739421,False,24,0.03360939025878906,False,0.0,0.08044067768167906,-18.4900726977003,1.5027385432511267,CENTER,0.0,0.9874713729209533,0.014878484346274399,NORMAL,STABLE,NORMAL,NO_ACTION,False,0.0
2026-08-12T00:40:41.399554,0.4837298331656368,0.006370073069594539,0.06465997770345597,False,24,0.03360939025878906,False,0.0,-1.5040051209721241,-16.130611534340943,1.6873417906444956,CENTER,0.0,0.9872128450788752,0.014723034985988164,NORMAL,STABLE,NORMAL,NO_ACTION,False,0.0
2026-08-12T00:40:41.432464,0.47260549023109544,0.026491729127549334,0.06465997770345597,False,24,0.03360939025878906,False,0.0,-1.3185858053522566,-17.354476690978657,1.8423338740699648,CENTER,0.0,0.9865111400462963,0.015577637301446725,NORMAL,STABLE,NORMAL,NO_ACTION,False,0.0
2026-08-12T00:40:41.463620,0.4789337857127871,0.00639266678177492,0.06465997770345597,False,24,0.03360939025878906,False,0.0,-0.9390327564324537,-16.817307498856962,1.8141099293570448,CENTER,0.0,0.9859648946544926,0.014797007631786584,NORMAL,STABLE,NORMAL,NO_ACTION,False,0.0
2026-08-12T00:40:41.484869,0.4794581039469694,0.005844456881018111,0.06465997770345597,False,24,0.03360939025878906,False,0.0,-1.2149170110314458,-15.930415754648124,1.8001883674916144,CENTER,0.0,0.9859286452974966,0.014408735076194,NORMAL,STABLE,NORMAL,NO_ACTION,False,0.0
2026-08-12T00:40:41.505576,0.5188477584190356,0.03101404431400386,0.0645879732739421,False,24,0.03360939025878906,False,0.0,-0.9546389523580672,-14.88105159722565,1.6891540945839267,CENTER,0.0,0.9864767661179699,0.013293300939496,NORMAL,STABLE,NORMAL,NO_ACTION,False,0.0
2026-08-12T00:40:41.528133,0.4954567966518544,0.06847936811093817,0.0645879732739421,False,24,0.03360939025878906,False,0.0,-1.6456298880668498,-16.412211800981765,1.7705112902971791,CENTER,0.0,0.9875864974494171,0.015142881509504045,NORMAL,STABLE,NORMAL,NO_ACTION,False,0.0
2026-08-12T00:40:41.558873,0.503565579888082,0.04217858016059364,0.0645879732739421,False,24,0.03360939025878906,False,0.0,-0.7621710318098565,-18.16008834268783,1.8955364964074306,CENTER,0.0,0.98731186771262,0.015674893274668967,NORMAL,STABLE,NORMAL,NO_ACTION,False,0.0
2026-08-12T00:40:41.606913,0.4802705469050654,0.0007885200941145164,0.06465997770345597,False,24,0.03360939025878906,False,0.0,-1.7161897219486661,-18.1373681153257,2.1336466538069487,CENTER,0.0,0.9871089195387517,0.016806460148833226,NORMAL,STABLE,NORMAL,NO_ACTION,False,0.0
2026-08-12T00:40:41.639632,0.4873468550449761,0.00550068595509543,0.0645879732739421,False,24,0.03360939025878906,False,0.0,-1.6517748760641098,-17.35983266300883,1.8794941280911814,CENTER,0.0,0.9865925202546296,0.01593813818654481,NORMAL,STABLE,NORMAL,NO_ACTION,False,0.0
2026-08-12T00:40:41.702679,0.48445391393459947,0.003915166627468494,0.0645879732739421,False,24,0.03360939025878906,False,0.0,-0.6783228012651534,-17.082902500703852,1.8655735645734808,CENTER,0.0,0.9851753123928326,0.014787329787982579,NORMAL,STABLE,NORMAL,NO_ACTION,False,0.0
2026-08-12T00:40:41.736065,0.4856277591651949,0.011660175721469207,0.06465997770345597,False,24,0.03360939025878906,False,0.0,-1.286960995501147,-17.748072915575904,1.9811032849339938,CENTER,0.0,0.9860520351080246,0.015965077523890512,NORMAL,STABLE,NORMAL,NO_ACTION,False,0.0
2026-08-12T00:40:41.767226,0.4914788122868575,0.04138738541414436,0.0645879732739421,False,24,0.03360939025878906,False,0.0,-0.9026854124206807,-19.150830662657114,2.099935412300823,CENTER,0.0,0.9871088525591564,0.01672256812461381,NORMAL,STABLE,NORMAL,NO_ACTION,False,0.0
2026-08-12T00:40:41.798965,0.46999652143581305,0.044236464764076666,0.06465997770345597,False,24,0.03360939025878906,False,0.0,-0.8172227994009518,-16.604478769485354,1.8579736301520597,CENTER,0.0,0.9870253423996914,0.01456823863604973,NORMAL,STABLE,NORMAL,NO_ACTION,False,0.0
2026-08-12T00:40:41.832284,0.4660482205083848,0.007228510649485391,0.06465997770345597,False,24,0.03360939025878906,False,0.0,-1.3167103185474787,-16.10477265190977,1.8755276553828253,CENTER,0.0,0.9871060260202331,0.014705231630904756,NORMAL,STABLE,NORMAL,NO_ACTION,False,0.0
2026-08-12T00:40:41.863744,0.4708963383218523,0.006030713229431356,0.06465997770345597,False,24,0.03360939025878906,False,0.0,-1.2211266010393729,-16.546227999722106,1.9103465805417272,CENTER,0.0,0.9862022167566872,0.014965546248729249,NORMAL,STABLE,NORMAL,NO_ACTION,False,0.0
2026-08-12T00:40:41.895089,0.4669153771963555,0.021922800515205912,0.0645879732739421,False,24,0.03360939025878906,False,0.0,-0.7714599961975068,-16.710134526328147,1.644614680591161,CENTER,0.0,0.9854228019975995,0.014395020920737196,NORMAL,STABLE,NORMAL,NO_ACTION,False,0.0
2026-08-12T00:40:41.927704,0.48026690855477305,0.02120618702072805,0.0645879732739421,False,24,0.03360939025878906,False,0.0,-0.8361119744409677,-16.97776500358256,1.8089145350023443,CENTER,0.0,0.985697163816015,0.014808781733903188,NORMAL,STABLE,NORMAL,NO_ACTION,False,0.0
2026-08-12T00:40:41.959739,0.49243195114124705,0.029968049562904022,0.06465997770345597,False,24,0.03360939025878906,False,0.0,-0.7010007885404832,-17.230872029358352,2.042060887872424,CENTER,0.0,0.9865759227109054,0.015085985487378648,NORMAL,STABLE,NORMAL,NO_ACTION,False,0.0
2026-08-12T00:40:41.991203,0.49605016898143656,0.004604465506835929,0.06465997770345597,False,24,0.03360939025878906,False,0.0,-1.0932703758982711,-17.10432063681401,1.9281033413714397,CENTER,0.0,0.9867294935270918,0.015262591446921693,NORMAL,STABLE,NORMAL,NO_ACTION,False,0.0
2026-08-12T00:40:42.009423,0.47312726820111134,0.03652557835817528,0.06465997770345597,False,24,0.03360939025878906,False,0.0,-0.9844648024519813,-18.958247169863967,2.068484034435869,CENTER,0.0,0.9867509537894376,0.016631944058201165,NORMAL,STABLE,NORMAL,NO_ACTION,False,0.0
2026-08-12T00:40:42.030574,0.48657871907014316,0.003321203774472216,0.0645879732739421,False,24,0.03360939025878906,False,0.0,-0.6783313848021066,-18.355290605508088,1.7949740479112677,CENTER,0.0,0.9869143304183814,0.015638300298442796,NORMAL,STABLE,NORMAL,NO_ACTION,False,0.0
2026-08-12T00:40:42.089611,0.5301652595034867,0.046619084423443806,0.0645879732739421,False,24,0.03360939025878906,False,0.0,-0.6323377133464874,-18.606927067053846,1.7419819638423917,CENTER,0.0,0.9856034325703018,0.015724718126461514,NORMAL,STABLE,NORMAL,NO_ACTION,False,0.0
2026-08-12T00:40:42.135783,0.49953559643856327,0.05169051665685592,0.06465997770345597,False,24,0.03360939025878906,False,0.0,-1.24969661805045,-19.38488137996137,2.0252421397319154,CENTER,0.0,0.984819222072188,0.01715383683746623,NORMAL,STABLE,NORMAL,NO_ACTION,False,0.0
2026-08-12T00:40:42.167541,0.5227919976651634,0.04903225885898776,0.06465997770345597,False,24,0.03360939025878906,False,0.0,-0.2489135845181636,-19.28819250408543,1.700749902339993,CENTER,0.0,0.9859925304355281,0.01580781498103622,NORMAL,STABLE,NORMAL,NO_ACTION,False,0.0
2026-08-12T00:40:42.199686,0.5245017883509083,0.03063850501047245,0.06465997770345597,False,24,0.03360939025878906,False,0.0,-1.0480304025763303,-18.6273288805354,1.748716346496849,CENTER,0.0,0.9869671907150206,0.016146234394309,NORMAL,STABLE,NORMAL,NO_ACTION,False,0.0
2026-08-12T00:40:42.230599,0.5073645472418606,0.008895704586966958,0.0645879732739421,False,24,0.03360939025878906,False,0.0,-0.8387686265645584,-15.794913543151921,1.541411976316141,CENTER,0.0,0.9870617659036351,0.013699463324680023,NORMAL,STABLE,NORMAL,NO_ACTION,False,0.0
2026-08-12T00:40:42.263385,0.5184450654573607,0.006810570899395387,0.0645879732739421,False,24,0.03360939025878906,False,0.0,-0.3546624114079293,-17.11048604544726,1.7974282834625512,CENTER,0.0,0.9873061208633402,0.014429956887142744,NORMAL,STABLE,NORMAL,NO_ACTION,False,0.0
2026-08-12T00:40:42.295793,0.5296454572801299,0.0332745947460421,0.06465997770345597,False,24,0.03360939025878906,False,0.0,-0.8215552400424997,-15.769208917974481,1.2672657791710833,CENTER,0.0,0.9865034641846708,0.013400330385187243,NORMAL,STABLE,NORMAL,NO_ACTION,False,0.0
2026-08-12T00:40:42.327949,0.545659826768052,0.0023429535676164704,0.06465997770345597,False,24,0.03360939025878906,False,0.0,-1.4457129059876763,-16.586095543256448,1.6883118804862818,CENTER,0.0,0.9857600576560357,0.0149967965756231,NORMAL,STABLE,NORMAL,NO_ACTION,False,0.0
2026-08-12T00:40:42.359541,0.5255113321749314,0.024206460416678195,0.0645879732739421,False,24,0.03360939025878906,False,0.0,-0.1726483826482479,-17.885867864068246,1.406323950524893,CENTER,0.0,0.9853074631344307,0.014438063111549349,NORMAL,STABLE,NORMAL,NO_ACTION,False,0.0
2026-08-12T00:40:42.390977,0.5098309309807281,0.006498933446723065,0.0645879732739421,False,24,0.03360939025878906,False,0.0,-1.1661698105643836,-19.474279160271976,1.9902395347947675,CENTER,0.0,0.9862270527906378,0.017104262466838573,NORMAL,STABLE,NORMAL,NO_ACTION,False,0.0
2026-08-12T00:40:42.424237,0.5226561196396384,0.005516423436331171,0.0645879732739421,False,24,0.03360939025878906,False,0.0,-1.038823751694224,-18.948076646050566,1.456678774544116,CENTER,0.0,0.9867053540809329,0.016087798528895664,NORMAL,STABLE,NORMAL,NO_ACTION,False,0.0
2026-08-12T00:40:42.454785,0.4963043104492462,0.016351740945342978,0.0645879732739421,False,24,0.03360939025878906,False,0.0,-0.6268600005240899,-17.8942372319122,1.3647797722863118,CENTER,0.0,0.9867757094478737,0.01484149111538364,NORMAL,STABLE,NORMAL,NO_ACTION,False,0.0
2026-08-12T00:40:42.486843,0.5201852399188795,0.011664653655901323,0.0645879732739421,False,24,0.03360939025878906,False,0.0,-0.6688001946645841,-18.065957149149625,1.2415777963661299,CENTER,0.0,0.9866743827160492,0.014887258969452453,NORMAL,STABLE,NORMAL,NO_ACTION,False,0.0
2026-08-12T00:40:42.519364,0.5161596623508775,0.009616654970635484,0.06465997770345597,False,24,0.03360939025878906,False,0.0,-0.781034396169332,-16.331599852482384,1.1103073493897568,CENTER,0.0,0.9859254570687586,0.013616336389183066,NORMAL,STABLE,NORMAL,NO_ACTION,False,0.0
2026-08-12T00:40:42.551555,0.5262930460777504,0.02989977593778266,0.0645879732739421,False,24,0.03360939025878906,False,0.0,-0.6661908651382191,-16.082827111598817,1.1841256392638684,CENTER,0.0,0.9859729322059329,0.013397161399653008,NORMAL,STABLE,NORMAL,NO_ACTION,False,0.0
2026-08-12T00:40:42.583183,0.5192526391835852,0.00909804294600304,0.0645879732739421,False,24,0.03360939025878906,False,0.0,-0.8457869650077896,-17.067592555646655,1.3708038826168263,CENTER,0.0,0.9857927704903978,0.01446108951382777,NORMAL,STABLE,NORMAL,NO_ACTION,False,0.0
2026-08-12T00:40:42.615186,0.49121922739645774,0.013293352446230772,0.0645879732739421,False,24,0.03360939025878906,False,0.0,-0.7212953399384219,-17.394004242918925,1.2848079675195834,CENTER,0.0,0.9865935919281549,0.01449413958262323,NORMAL,STABLE,NORMAL,NO_ACTION,False,0.0
2026-08-12T00:40:42.663426,0.5241714783008818,0.0064702186213164686,0.06465997770345597,False,24,0.03360939025878906,False,0.0,-0.7551427503967432,-16.86838180711476,1.2207826828962425,CENTER,0.0,0.9871082229509602,0.014085463203865016,NORMAL,STABLE,NORMAL,NO_ACTION,False,0.0
2026-08-12T00:40:42.694645,0.509451258396702,0.01311904154627962,0.0645879732739421,False,24,0.03360939025878906,False,0.0,-1.398816620864352,-16.66770490010137,1.2021695574506168,CENTER,0.0,0.9868187773276749,0.014542440229191328,NORMAL,STABLE,NORMAL,NO_ACTION,False,0.0
2026-08-12T00:40:42.727674,0.4913573503031159,0.058195179158316575,0.06465997770345597,False,24,0.03360939025878906,False,0.0,-0.2869903139251164,-17.352483076337307,1.3054286372141348,CENTER,0.0,0.986756030842764,0.014065789359933259,NORMAL,STABLE,NORMAL,NO_ACTION,False,0.0
2026-08-12T00:40:42.759302,0.5336673207463415,0.019417232432567773,0.0645879732739421,False,24,0.03360939025878906,False,0.0,-1.0474507927408752,-17.10598102657258,1.234792633081895,CENTER,0.0,0.9869851948302468,0.014552035521835456,NORMAL,STABLE,NORMAL,NO_ACTION,False,0.0
2026-08-12T00:40:42.791594,0.5000088056395976,0.0061350233933170845,0.0645879732739421,False,24,0.03360939025878906,False,0.0,-1.8471678022948765,-17.482239197640496,1.4385253882888662,CENTER,0.0,0.9861858469435871,0.01579006249293211,NORMAL,STABLE,NORMAL,NO_ACTION,False,0.0
2026-08-12T00:40:42.822885,0.5003836014273563,0.019140371432162108,0.0645879732739421,False,24,0.03360939025878906,False,0.0,-0.5445478058155118,-17.65808116735738,1.3530364710061633,CENTER,0.0,0.9865606245713305,0.014580361998549349,NORMAL,STABLE,NORMAL,NO_ACTION,False,0.0
2026-08-12T00:40:42.854725,0.5129341247101127,0.010099946338059593,0.0645879732739421,False,24,0.03360939025878906,False,0.0,-1.272604767913947,-18.072548671587384,1.3697928323247481,CENTER,0.0,0.9868107531721536,0.015596927285265188,NORMAL,STABLE,NORMAL,NO_ACTION,False,0.0
2026-08-12T00:40:42.887440,0.5074181295382405,0.012697400283826987,0.06347438752783964,False,24,0.03360939025878906,False,0.0,-0.18647560443579891,-17.652314705463425,1.335019954929976,CENTER,0.0,0.9865388963906037,0.014214037825927665,NORMAL,STABLE,NORMAL,NO_ACTION,False,0.0
2026-08-12T00:40:42.918856,0.5036522810759116,0.027377120285416272,0.06131549609810479,False,24,0.03360939025878906,False,0.0,-0.542111632021971,-16.708355413101515,1.2852518614191695,CENTER,0.0,0.9865588429140947,0.013826828940183302,NORMAL,STABLE,NORMAL,NO_ACTION,False,0.0
2026-08-12T00:40:42.950975,0.5168674493439798,0.007023446845876042,0.061247216035634745,False,24,0.03360939025878906,False,0.0,-0.6599434129663564,-17.023159230522765,1.309944432636712,CENTER,0.0,0.9871671382030177,0.014191432925217542,NORMAL,STABLE,NORMAL,NO_ACTION,False,0.0
2026-08-12T00:40:42.983812,0.48817416784472306,0.012203520034789136,0.06131549609810479,False,24,0.03360939025878906,False,0.0,-0.48515431498120165,-16.89500524407461,1.351075317212434,CENTER,0.0,0.9870678476508916,0.013970169359129238,NORMAL,STABLE,NORMAL,NO_ACTION,False,0.0
2026-08-12T00:40:43.015326,0.49718205935096427,0.027794855106687045,0.06020066889632107,False,24,0.03360939025878906,False,0.0,-1.1656798215283288,-13.957112723010994,0.9649160515922404,CENTER,0.0,0.9862879774305556,0.012131821881475895,NORMAL,STABLE,NORMAL,NO_ACTION,False,0.0
2026-08-12T00:40:43.046900,0.5049532206045587,0.007424824733767609,0.060133630289532294,False,24,0.03360939025878906,False,0.0,-1.0242232350533982,-18.243834831442825,1.5073053504076768,CENTER,0.0,0.986636217742627,0.015613871201300854,NORMAL,STABLE,NORMAL,NO_ACTION,False,0.0
2026-08-12T00:40:43.079600,0.5137990186002408,0.006564631797275272,0.05902004454342984,False,24,0.03360939025878906,False,0.0,-0.8478550934601969,-17.811521687152435,1.1708730316124445,CENTER,0.0,0.986337703082133,0.014807837190791154,NORMAL,STABLE,NORMAL,NO_ACTION,False,0.0
2026-08-12T00:40:43.111894,0.49138169334627124,0.00793516189289052,0.05790645879732739,False,24,0.03360939025878906,False,0.0,-1.2631802510691728,-18.352817835154354,1.2541539790187528,CENTER,0.0,0.9858499978566531,0.01567891250991837,NORMAL,STABLE,NORMAL,NO_ACTION,False,0.0
2026-08-12T00:40:43.143636,0.507764578950874,0.09423237278249748,0.05790645879732739,False,24,0.03360939025878906,False,0.0,-0.4300327727246156,-16.252958963594523,1.2242577862380983,CENTER,0.0,0.9867490515689301,0.013331268678634213,NORMAL,STABLE,NORMAL,NO_ACTION,False,0.0
2026-08-12T00:40:43.190560,0.5041626446902564,0.01738296823846154,0.05790645879732739,False,24,0.03360939025878906,False,0.0,-0.79197372262459,-15.467641515529692,0.9361052471536766,CENTER,0.0,0.9872625975222908,0.012835150472854221,NORMAL,STABLE,NORMAL,NO_ACTION,False,0.0
2026-08-12T00:40:43.223382,0.5020050040269537,0.05149849646280552,0.057971014492753624,False,24,0.03360939025878906,False,0.0,-0.44166743703183897,-14.593427770372983,0.7262408731990888,CENTER,0.0,0.9872481031378602,0.011664350281047307,NORMAL,STABLE,NORMAL,NO_ACTION,False,0.0
2026-08-12T00:40:43.255446,0.5371899380688647,0.005477638396869303,0.05790645879732739,False,24,0.03360939025878906,False,0.0,-0.8072569424678591,-18.734495390923882,1.0627921965129588,CENTER,0.0,0.9867130701303155,0.015331256953204331,NORMAL,STABLE,NORMAL,NO_ACTION,False,0.0
2026-08-12T00:40:43.287516,0.4979979015076007,0.00875616161130821,0.05790645879732739,False,24,0.03360939025878906,False,0.0,-0.8973050252099597,-18.061449185686314,1.4387828406289884,CENTER,0.0,0.9868561117541154,0.015293946060470213,NORMAL,STABLE,NORMAL,NO_ACTION,False,0.0
2026-08-12T00:40:43.319343,0.49833686270319444,0.00858893774833923,0.057971014492753624,False,24,0.03360939025878906,False,0.0,-1.0668477321462717,-16.9070405559238,0.976237834534885,CENTER,0.0,0.9871200247556585,0.014178056132378674,NORMAL,STABLE,NORMAL,NO_ACTION,False,0.0
2026-08-12T00:40:43.351334,0.48975934185643766,0.010712882459436312,0.057971014492753624,False,24,0.03360939025878906,False,0.0,-0.32201690949338513,-17.638871142734814,1.318086850295714,CENTER,0.0,0.9869998767575445,0.014318543890290572,NORMAL,STABLE,NORMAL,NO_ACTION,False,0.0
2026-08-12T00:40:43.383183,0.5134546187233329,0.06675674187736601,0.05790645879732739,False,24,0.03360939025878906,False,0.0,-0.5833370018048925,-14.144386303833755,0.9539222575444626,CENTER,0.0,0.9873076078103568,0.011695713839549683,NORMAL,STABLE,NORMAL,NO_ACTION,False,0.0
2026-08-12T00:40:43.415077,0.4888893031636873,0.0317471765583937,0.05790645879732739,False,24,0.03360939025878906,False,0.0,-0.6932755839608546,-15.973991125973669,1.082075063409718,CENTER,0.0,0.9873866303369342,0.013246368288448941,NORMAL,STABLE,NORMAL,NO_ACTION,False,0.0
2026-08-12T00:40:43.446533,0.5096911532212967,0.006949498827897743,0.05790645879732739,False,24,0.03360939025878906,False,0.0,-1.606057161149863,-15.004037299851717,0.9300557802287983,CENTER,0.0,0.9865624464163237,0.01327843199344273,NORMAL,STABLE,NORMAL,NO_ACTION,False,0.0
2026-08-12T00:40:43.479048,0.5075387292246396,0.004198223915239488,0.05790645879732739,False,24,0.03360939025878906,False,0.0,-1.5024906316403701,-15.62445231919338,1.2994765105706563,CENTER,0.0,0.986231071566358,0.013982517256361394,NORMAL,STABLE,NORMAL,NO_ACTION,False,0.0
2026-08-12T00:40:43.511296,0.5143193267462872,0.0318355854641922,0.057971014492753624,False,24,0.03360939025878906,False,0.0,-1.6393482120049043,-16.695516934693018,1.3350462778521717,CENTER,0.0,0.98707749271262,0.014922105072696213,NORMAL,STABLE,NORMAL,NO_ACTION,False,0.0
2026-08-12T00:40:43.543029,0.5105730763877991,0.0072949431401295815,0.057971014492753624,False,24,0.03360939025878906,False,0.0,-1.1624258314121505,-13.483049319851176,0.9583643369735455,CENTER,0.0,0.9876411394032922,0.011780000226486152,NORMAL,STABLE,NORMAL,NO_ACTION,False,0.0
2026-08-12T00:40:43.575872,0.514790933424521,0.02752608886987724,0.057971014492753624,False,24,0.03360939025878906,False,0.0,-0.9731859767279047,-17.20898338842639,1.4439241281863247,CENTER,0.0,0.9871435345936214,0.01475629773341054,NORMAL,STABLE,NORMAL,NO_ACTION,False,0.0
2026-08-12T00:40:43.607216,0.5215323124709275,0.008770446844134252,0.05790645879732739,False,24,0.03360939025878906,False,0.0,-1.4737914283183216,-14.674812896610717,1.0932701460216663,CENTER,0.0,0.987553597072188,0.013070461200620321,NORMAL,STABLE,NORMAL,NO_ACTION,False,0.0
2026-08-12T00:40:43.639406,0.5203652966648764,0.02479049403484285,0.05790645879732739,False,24,0.03360939025878906,False,0.0,-1.1399939790335054,-16.710118906671482,1.2552057234107679,CENTER,0.0,0.9873667106052813,0.014374907812727595,NORMAL,STABLE,NORMAL,NO_ACTION,False,0.0
2026-08-12T00:40:43.670994,0.5117610090644158,0.02963788052687638,0.05790645879732739,False,24,0.03360939025878906,False,0.0,-0.425813244023999,-17.974572888966605,1.009641538545793,CENTER,0.0,0.9862954523533951,0.014363925765987533,NORMAL,STABLE,NORMAL,NO_ACTION,False,0.0
2026-08-12T00:40:43.719678,0.5126562741780707,0.04573381873289075,0.057971014492753624,False,24,0.03360939025878906,False,0.0,-0.47169348624214535,-17.284804087461424,1.2370611554930804,CENTER,0.0,0.9865426606438614,0.014128937051504207,NORMAL,STABLE,NORMAL,NO_ACTION,False,0.0
2026-08-12T00:40:43.751480,0.513821205513089,0.024727038339089822,0.057971014492753624,False,24,0.03360939025878906,False,0.0,-1.379183754467789,-16.677827552336453,1.251229091753288,CENTER,0.0,0.9869892671896433,0.014578087824900325,NORMAL,STABLE,NORMAL,NO_ACTION,False,0.0
2026-08-12T00:40:43.783831,0.5021949135753111,0.02922514936354876,0.057971014492753624,False,24,0.03360939025878906,False,0.0,-1.3990399604136314,-16.398306922391754,1.037697698896494,CENTER,0.0,0.9872627180855625,0.014189709782544534,NORMAL,STABLE,NORMAL,NO_ACTION,False,0.0
2026-08-12T00:40:43.815198,0.5131436726603873,0.009950256232399349,0.057971014492753624,False,24,0.03360939025878906,False,0.0,-1.137571475216788,-15.601633508703827,1.0102974923444208,CENTER,0.0,0.9870211360811043,0.013336164688011706,NORMAL,STABLE,NORMAL,NO_ACTION,False,0.0
2026-08-12T00:40:43.846586,0.5160463936230528,0.013820647671019572,0.05790645879732739,False,24,0.03360939025878906,False,0.0,-0.7254020849064489,-14.885918347908671,0.7363420311828577,CENTER,0.0,0.9864434906550068,0.012158546474168187,NORMAL,STABLE,NORMAL,NO_ACTION,False,0.0
2026-08-12T00:40:43.880320,0.5260625514951652,0.03829042999522552,0.057971014492753624,False,24,0.03360939025878906,False,0.0,0.046787356615965336,-15.382265606962989,0.5812431710639885,CENTER,0.0,0.9860750894847394,0.01171418418723915,NORMAL,STABLE,NORMAL,NO_ACTION,False,0.0
2026-08-12T00:40:43.911265,0.5170931386758757,0.005261632260950576,0.057971014492753624,False,24,0.03360939025878906,False,0.0,-1.4723908034345072,-16.86990516489186,1.2491162491114665,CENTER,0.0,0.985797793960048,0.014804530891910615,NORMAL,STABLE,NORMAL,NO_ACTION,False,0.0
2026-08-12T00:40:43.943689,0.527631358043199,0.004041930812733815,0.057971014492753624,False,24,0.03360939025878906,False,0.0,-1.2574546094425898,-14.249975193469083,0.9329104017548673,CENTER,0.0,0.9869400639789093,0.012400889131991888,NORMAL,STABLE,NORMAL,NO_ACTION,False,0.0
2026-08-12T00:40:43.974921,0.4874314398881304,0.01173619346193329,0.05790645879732739,False,24,0.03360939025878906,False,0.0,-0.802616496783827,-13.919719979970864,1.1569392627993693,CENTER,0.0,0.987423281571502,0.011940110716984998,NORMAL,STABLE,NORMAL,NO_ACTION,False,0.0
2026-08-12T00:40:44.007281,0.5201546617325393,0.043635580590500815,0.057971014492753624,False,24,0.03360939025878906,False,0.0,-1.17686519203329,-15.374342855363409,0.8691248466728041,CENTER,0.0,0.9875512929741083,0.013073904692072036,NORMAL,STABLE,NORMAL,NO_ACTION,False,0.0
2026-08-12T00:40:44.039400,0.5126935628179782,0.01489950792106099,0.057971014492753624,False,24,0.03360939025878906,False,0.0,-0.3266423073123974,-16.585874318838933,1.2166818626115798,CENTER,0.0,0.9873729531035664,0.013464851023532688,NORMAL,STABLE,NORMAL,NO_ACTION,False,0.0
2026-08-12T00:40:44.103447,0.5400225549388168,0.005318450246977345,0.057971014492753624,False,24,0.03360939025878906,False,0.0,-1.20593978637541,-15.375887566866396,0.9274443467456877,CENTER,0.0,0.9859362005958505,0.013159177593149751,NORMAL,STABLE,NORMAL,NO_ACTION,False,0.0
2026-08-12T00:40:44.129142,0.5315774841578993,0.014829183950394167,0.057971014492753624,False,24,0.03360939025878906,False,0.0,-1.4886762838768277,-14.741677920885593,1.1361899605719543,CENTER,0.0,0.9857910826045954,0.013174416363442127,NORMAL,STABLE,NORMAL,NO_ACTION,False,0.0
2026-08-12T00:40:44.150102,0.5296141106963059,0.05130842878322203,0.05790645879732739,False,24,0.03360939025878906,False,0.0,-0.9144674932977921,-15.773264814417871,1.0775889241198797,CENTER,0.0,0.9862558004329561,0.01331007891607437,NORMAL,STABLE,NORMAL,NO_ACTION,False,0.0
2026-08-12T00:40:44.174966,0.508505839906301,0.03415981526244808,0.05790645879732739,False,24,0.03360939025878906,False,0.0,-0.2982980780190303,-16.37608691461179,1.2358363439945776,CENTER,0.0,0.9874361282578875,0.01330448851138088,NORMAL,STABLE,NORMAL,NO_ACTION,False,0.0
2026-08-12T00:40:44.199535,0.537252747634173,0.007236133500167463,0.05790645879732739,False,24,0.03360939025878906,False,0.0,-1.1581166883071887,-15.563949784660338,1.309628146999188,CENTER,0.0,0.9875232151277435,0.013616977278475646,NORMAL,STABLE,NORMAL,NO_ACTION,False,0.0
2026-08-12T00:40:44.247370,0.5003997803828443,0.03313830341878592,0.05790645879732739,False,24,0.03360939025878906,False,0.0,-0.8848183555280116,-14.893823084955756,1.436585803092811,CENTER,0.0,0.9873093358839163,0.012992076232621433,NORMAL,STABLE,NORMAL,NO_ACTION,False,0.0
2026-08-12T00:40:44.284040,0.46749702049999575,0.06342710758438361,0.057971014492753624,False,24,0.03360939025878906,False,0.0,-0.9056295260969875,-13.721118549832198,0.8747246318242503,CENTER,0.0,0.9867796076603224,0.011624111845469631,NORMAL,STABLE,NORMAL,NO_ACTION,False,0.0
2026-08-12T00:40:44.311717,0.44175515809182425,0.0730918250642794,0.057971014492753624,False,24,0.03360939025878906,False,0.0,-1.2320185454100567,-15.17676670602009,1.1358097069771134,CENTER,0.0,0.9866087829003771,0.01324112908627623,NORMAL,STABLE,NORMAL,NO_ACTION,False,0.0
2026-08-12T00:40:44.344844,0.4437837279355846,0.020295337973541258,0.057971014492753624,False,24,0.03360939025878906,False,0.0,-1.5562745994918998,-14.150895195175508,0.926398979638094,CENTER,0.0,0.9862746484910836,0.012610813680122304,NORMAL,STABLE,NORMAL,NO_ACTION,False,0.0
2026-08-12T00:40:44.374913,0.4499028376816793,0.0134778349308969,0.057971014492753624,False,24,0.03360939025878906,False,0.0,-1.5059255158483893,-12.81637353721095,0.9178235798420076,CENTER,0.0,0.9860939643347051,0.011590250387539401,NORMAL,STABLE,NORMAL,NO_ACTION,False,0.0
2026-08-12T00:40:44.408407,0.45410436634901946,0.009094084994025739,0.057971014492753624,False,24,0.03360939025878906,False,0.0,-1.366394707427986,-14.352726204327382,1.1138756179361167,CENTER,0.0,0.9863288081918723,0.012754266275698175,NORMAL,STABLE,NORMAL,NO_ACTION,False,0.0
2026-08-12T00:40:44.440188,0.45177119269786536,0.012813297716003879,0.05790645879732739,False,24,0.03360939025878906,False,0.0,-0.5969070357283215,-13.488600125016092,0.5008141442941394,CENTER,0.0,0.9868559777949246,0.010798831596977695,NORMAL,STABLE,NORMAL,NO_ACTION,False,0.0
2026-08-12T00:40:44.503847,0.4498901833865607,0.0192659760722132,0.057971014492753624,False,24,0.03360939025878906,False,0.0,-1.548661187480036,-12.417943262817374,0.8703442193855153,CENTER,0.0,0.9869577599879973,0.011297927192720117,NORMAL,STABLE,NORMAL,NO_ACTION,False,0.0
2026-08-12T00:40:44.536012,0.4421275677622153,0.016156302035261194,0.05790645879732739,False,24,0.03360939025878906,False,0.0,-1.0439435549628513,-14.126921389557879,1.0767978538339378,CENTER,0.0,0.9872744529106653,0.01224497198981834,NORMAL,STABLE,NORMAL,NO_ACTION,False,0.0
2026-08-12T00:40:44.567879,0.435621115648614,0.004735574070302785,0.057971014492753624,False,24,0.03360939025878906,False,0.0,-1.409710469655522,-12.422212381879064,0.9403475933295056,CENTER,0.0,0.9866356819058641,0.011234616706824165,NORMAL,STABLE,NORMAL,NO_ACTION,False,0.0
2026-08-12T00:40:44.599930,0.43725375967263697,0.03820175325444889,0.057971014492753624,False,24,0.03360939025878906,False,0.0,-0.41257108880094506,-14.33025804588263,0.9066170147186767,CENTER,0.0,0.9864865049511317,0.011619960095785978,NORMAL,STABLE,NORMAL,NO_ACTION,False,0.0
2026-08-12T00:40:44.633336,0.4498129791893609,0.030916342064155503,0.05803571428571429,False,24,0.03360939025878906,False,0.0,-1.4476277678074894,-12.440607668759498,1.1342255489425952,CENTER,0.0,0.9864394852752059,0.011471112436159718,NORMAL,STABLE,NORMAL,NO_ACTION,False,0.0
2026-08-12T00:40:44.652489,0.4445328578093223,0.024593389877987423,0.057971014492753624,False,24,0.03360939025878906,False,0.0,-1.4822184493861812,-12.446407302467975,1.070704492545076,CENTER,0.0,0.986413818694273,0.011447442181049563,NORMAL,STABLE,NORMAL,NO_ACTION,False,0.0
2026-08-12T00:40:44.673495,0.4415487110046962,0.006771631707996086,0.05790645879732739,False,24,0.03360939025878906,False,0.0,-1.4299125425245052,-13.409079385410763,1.0390738906406796,CENTER,0.0,0.986146369170096,0.012061877602881658,NORMAL,STABLE,NORMAL,NO_ACTION,False,0.0
2026-08-12T00:40:44.696244,0.4498095770191874,0.042610956148621267,0.05790645879732739,False,24,0.03360939025878906,False,0.0,-0.7487494409633371,-11.198556586805694,0.8617071280038999,CENTER,0.0,0.9863351980452675,0.00963865645317997,NORMAL,STABLE,NORMAL,NO_ACTION,False,0.0
2026-08-12T00:40:44.727573,0.4413100840144508,0.014398734428776577,0.05790645879732739,False,24,0.03360939025878906,False,0.0,-1.050309580212712,-14.861362757255563,1.0039054932250906,CENTER,0.0,0.9871498976551784,0.01271133946947653,NORMAL,STABLE,NORMAL,NO_ACTION,False,0.0
2026-08-12T00:40:44.775593,0.4393763400503319,0.03370770437029893,0.057971014492753624,False,24,0.03360939025878906,False,0.0,-1.284271724071516,-9.815635694054208,0.5586253325313635,CENTER,0.0,0.9870675931284294,0.008863711833545628,NORMAL,STABLE,NORMAL,NO_ACTION,False,0.0
2026-08-12T00:40:44.807295,0.4397650294667278,0.007088723296374333,0.057971014492753624,False,24,0.03360939025878906,False,0.0,-1.3654125361140927,-13.061170419271718,1.1266471223422059,CENTER,0.0,0.9858856443972908,0.01183282867761712,NORMAL,STABLE,NORMAL,NO_ACTION,False,0.0
2026-08-12T00:40:44.839360,0.423038899081864,0.07948747366717714,0.05790645879732739,False,24,0.03360939025878906,False,0.0,-1.1935471609407955,-12.805432021074438,1.1426167790532133,CENTER,0.0,0.9858328376843278,0.011498006920399845,NORMAL,STABLE,NORMAL,NO_ACTION,False,0.0
2026-08-12T00:40:44.903351,0.44269005690279306,0.041414026250324594,0.05790645879732739,False,24,0.03360939025878906,False,0.0,-1.4944588307251934,-12.102581169228614,1.2740381896335293,CENTER,0.0,0.9850128198945474,0.011406713160343881,NORMAL,STABLE,NORMAL,NO_ACTION,False,0.0
2026-08-12T00:40:44.934743,0.4393605345386489,0.007069419920084089,0.05790645879732739,False,24,0.03360939025878906,False,0.0,-0.8926015483833112,-11.945430015897074,0.8600207775200772,CENTER,0.0,0.985614269868827,0.010314965399388188,NORMAL,STABLE,NORMAL,NO_ACTION,False,0.0
2026-08-12T00:40:44.967734,0.43737353174938387,0.013849843950101443,0.057971014492753624,False,24,0.03360939025878906,False,0.0,-1.2004792895287721,-9.887000439626206,0.8264106690508015,CENTER,0.0,0.9864198736496915,0.00909243138873259,NORMAL,STABLE,NORMAL,NO_ACTION,False,0.0
2026-08-12T00:40:45.000735,0.43802097847981625,0.033034265901390955,0.057971014492753624,False,24,0.03360939025878906,False,0.0,-1.2759563874422497,-8.809146230106535,0.5315415054591597,CENTER,0.0,0.9858415048439644,0.008102714692685706,NORMAL,STABLE,NORMAL,NO_ACTION,False,0.0
2026-08-12T00:40:45.031227,0.4397823397830748,0.03974087626002863,0.05790645879732739,False,24,0.03360939025878906,False,0.0,-0.4144624166383153,-13.294688308202865,0.8824251558669403,CENTER,0.0,0.9856368419924554,0.010850574033151575,NORMAL,STABLE,NORMAL,NO_ACTION,False,0.0
2026-08-12T00:40:45.063556,0.4197590984297307,0.0358246016159863,0.05790645879732739,False,24,0.03360939025878906,False,0.0,-0.7498104846407898,-11.861194318414135,0.8457834986395198,CENTER,0.0,0.9853821319873113,0.010102916028680138,NORMAL,STABLE,NORMAL,NO_ACTION,False,0.0
2026-08-12T00:40:45.094953,0.4343492194980312,0.011590584439576154,0.057971014492753624,False,24,0.03360939025878906,False,0.0,-0.3410476966130602,-11.817093667820927,0.8702966372935634,CENTER,0.0,0.9854461376886146,0.009701047377928899,NORMAL,STABLE,NORMAL,NO_ACTION,False,0.0
2026-08-12T00:40:45.128129,0.458091823769425,0.0024932761586582562,0.057971014492753624,False,24,0.03360939025878906,False,0.0,-0.6480018390747375,-11.046162490644093,0.7088720105290633,CENTER,0.0,0.985380243162723,0.009284403283602171,NORMAL,STABLE,NORMAL,NO_ACTION,False,0.0
2026-08-12T00:40:45.160247,0.43639029734780077,0.0054890599206844585,0.05803571428571429,False,24,0.03360939025878906,False,0.0,-0.10192220020576315,-12.480985480493558,0.8766889696291287,CENTER,0.0,0.9861324909979423,0.009956411380938208,NORMAL,STABLE,NORMAL,NO_ACTION,False,0.0
2026-08-12T00:40:45.191224,0.4450006794664237,0.006327862166534416,0.057971014492753624,False,24,0.03360939025878906,False,0.0,-1.0569925805004914,-10.656698788481918,0.7640562443215231,CENTER,0.0,0.9861016535922497,0.009450107252621106,NORMAL,STABLE,NORMAL,NO_ACTION,False,0.0
2026-08-12T00:40:45.219351,0.44644833088132785,0.008970619256256808,0.05790645879732739,False,24,0.03360939025878906,False,0.0,-0.09272555415475381,-11.88466459812264,0.5896713240313716,CENTER,0.0,0.9861093964334705,0.009240491796156694,NORMAL,STABLE,NORMAL,NO_ACTION,False,0.0
2026-08-12T00:40:45.240533,0.4297631166795002,0.03231193912057178,0.05790645879732739,False,24,0.03360939025878906,False,0.0,0.0492969515820505,-13.00791636097847,0.8621142587520865,CENTER,0.0,0.9855107863940329,0.010272261500287693,NORMAL,STABLE,NORMAL,NO_ACTION,False,0.0
2026-08-12T00:40:45.303535,0.4470668962154525,0.021611031163381453,0.05790645879732739,False,24,0.03360939025878906,False,0.0,-0.30526641099552876,-12.33675821987731,0.4139420648667169,CENTER,0.0,0.9852325531550069,0.009602452061482443,NORMAL,STABLE,NORMAL,NO_ACTION,False,0.0
2026-08-12T00:40:45.335583,0.44873822733116553,0.04854043075033322,0.05790645879732739,False,24,0.03360939025878906,False,0.0,-0.21770823275628004,-13.205893227179018,0.5370957737199262,CENTER,0.0,0.9854630701303156,0.010264437855495268,NORMAL,STABLE,NORMAL,NO_ACTION,False,0.0
2026-08-12T00:40:45.366988,0.45387466114032593,0.05795698915016195,0.05790645879732739,False,24,0.03360939025878906,False,0.0,-0.7579377532754847,-10.026591772868471,0.4107095711505906,CENTER,0.0,0.9857262597522292,0.00836679148170419,NORMAL,STABLE,NORMAL,NO_ACTION,False,0.0
2026-08-12T00:40:45.399213,0.4252712010031484,0.0358465577361434,0.057971014492753624,False,24,0.03360939025878906,False,0.0,-0.7007966615794885,-11.341886673783705,0.7436330401218925,CENTER,0.0,0.9863860087662895,0.009582294903074747,NORMAL,STABLE,NORMAL,NO_ACTION,False,0.0
2026-08-12T00:40:45.431294,0.439175289141866,0.044591148668767615,0.057971014492753624,False,24,0.03360939025878906,False,0.0,-0.23309587249408992,-8.750059621444905,0.5262067708908944,CENTER,0.0,0.9861299323774005,0.007050667827636491,NORMAL,STABLE,NORMAL,NO_ACTION,False,0.0
2026-08-12T00:40:45.463237,0.44049353884201026,0.059629286849277,0.057971014492753624,False,24,0.03360939025878906,False,0.0,-0.30159586045976994,-12.493887379511477,0.8320619436080108,CENTER,0.0,0.9846055169753086,0.010115033585416152,NORMAL,STABLE,NORMAL,NO_ACTION,False,0.0
2026-08-12T00:40:45.495206,0.46998509040727077,0.014781150810263653,0.057971014492753624,False,24,0.03360939025878906,False,0.0,-0.37595405263266457,-10.80838013150725,0.47500151385827394,CENTER,0.0,0.9846056643304184,0.008625491010857621,NORMAL,STABLE,NORMAL,NO_ACTION,False,0.0
2026-08-12T00:40:45.526747,0.431278465904123,0.009486816762205476,0.05790645879732739,False,24,0.03360939025878906,False,0.0,0.07580187533318394,-12.319455349051452,0.5428951190959594,CENTER,0.0,0.9847439771947873,0.009493166709691152,NORMAL,STABLE,NORMAL,NO_ACTION,False,0.0
2026-08-12T00:40:45.558692,0.44523183089914486,0.02540975023993719,0.05790645879732739,False,24,0.03360939025878906,False,0.0,0.1927984675673997,-10.771399004857898,0.4729643421661649,CENTER,0.0,0.985458006472908,0.008420448653622284,NORMAL,STABLE,NORMAL,NO_ACTION,False,0.0
2026-08-12T00:40:45.591278,0.4314246474962864,0.02096113062525924,0.05790645879732739,False,24,0.03360939025878906,False,0.0,-0.7782034018449338,-11.523839906631764,0.5683994674112967,CENTER,0.0,0.9860601262431413,0.009619501954814128,NORMAL,STABLE,NORMAL,NO_ACTION,False,0.0
2026-08-12T00:40:45.623047,0.43294249059904377,0.053761138918199905,0.05790645879732739,False,24,0.03360939025878906,False,0.0,-1.5974078544245174,-10.383478771061448,0.7024447446065949,CENTER,0.0,0.9866229825745885,0.009713851985574342,NORMAL,STABLE,NORMAL,NO_ACTION,False,0.0
2026-08-12T00:40:45.657038,0.44590503742781284,0.007122295938138918,0.05790645879732739,False,24,0.03360939025878906,False,0.0,-1.0682684962008864,-11.479503973859693,0.7496749166571135,CENTER,0.0,0.9863377566658093,0.01004136504535452,NORMAL,STABLE,NORMAL,NO_ACTION,False,0.0
2026-08-12T00:40:45.687175,0.41591103291453074,0.0027853635457181034,0.05790645879732739,False,24,0.03360939025878906,False,0.0,-1.3445093383698463,-9.238216612529499,0.5808665123461196,CENTER,0.0,0.9848832545653293,0.008526110965294088,NORMAL,STABLE,NORMAL,NO_ACTION,False,0.0
2026-08-12T00:40:45.718827,0.43852272774495143,0.046124206276908004,0.05790645879732739,False,24,0.03360939025878906,False,0.0,-0.5217078472763603,-11.405142614975716,0.5517727666784822,CENTER,0.0,0.9849417277520576,0.009270769516846385,NORMAL,STABLE,NORMAL,NO_ACTION,False,0.0
2026-08-12T00:40:45.751055,0.46919134883574126,0.034436048103481685,0.05790645879732739,False,24,0.03360939025878906,False,0.0,14.722560968318447,-12.404052999827258,177.4685354769025,CENTER,0.0,0.9527564983603395,0.05255377211142553,NORMAL,STABLE,NORMAL,NO_ACTION,False,0.0
2026-08-12T00:40:45.783486,0.4529365095011809,0.027263783868740513,0.05790645879732739,False,24,0.03360939025878906,False,0.0,-0.7001290342250286,-11.889161249132854,0.8161903093653109,CENTER,0.0,0.9859866228352194,0.010046775825608869,NORMAL,STABLE,NORMAL,NO_ACTION,False,0.0
2026-08-12T00:40:45.831792,0.4593214370298707,0.01563111797925332,0.05790645879732739,False,24,0.03360939025878906,False,0.0,0.12245550471482147,-12.152875987279174,0.47657988648140304,CENTER,0.0,0.9865170074588477,0.009353925997149841,NORMAL,STABLE,NORMAL,NO_ACTION,False,0.0
2026-08-12T00:40:45.862993,0.47364059311746054,0.0769466963956526,0.057971014492753624,False,24,0.03360939025878906,False,0.0,-0.9299006926596007,-9.829789002205871,0.2658769492498152,CENTER,0.0,0.9865959764017489,0.008250781638246642,NORMAL,STABLE,NORMAL,NO_ACTION,False,0.0
2026-08-12T00:40:45.895532,0.4720883352877433,0.018537763229415517,0.057971014492753624,False,24,0.03360939025878906,False,0.0,-0.871850761412162,-10.064339164315896,0.3036066216862139,CENTER,0.0,0.9859860200188615,0.008400611320915474,NORMAL,STABLE,NORMAL,NO_ACTION,False,0.0
2026-08-12T00:40:45.926781,0.46060384182802616,0.006603086009565838,0.05790645879732739,False,24,0.03360939025878906,False,0.0,-0.6157533639698727,-8.473761524196135,0.20494056481533107,CENTER,0.0,0.9850070060656722,0.006910236735934812,NORMAL,STABLE,NORMAL,NO_ACTION,False,0.0
2026-08-12T00:40:45.959115,0.45922007111204566,0.01453347467343549,0.05790645879732739,False,24,0.03360939025878906,False,0.0,-1.2083526396381217,-11.162200533610587,0.46578446524617334,CENTER,0.0,0.9856895147462277,0.00967372130119993,NORMAL,STABLE,NORMAL,NO_ACTION,False,0.0
2026-08-12T00:40:45.991408,0.45960508726931487,0.018952145998686026,0.057971014492753624,False,24,0.03360939025878906,False,0.0,-0.15718481366175752,-11.202702456601031,0.5782070302367686,CENTER,0.0,0.9860711108967763,0.008798995772040066,NORMAL,STABLE,NORMAL,NO_ACTION,False,0.0
2026-08-12T00:40:46.023252,0.4728278485472076,0.056767998381665394,0.057971014492753624,False,24,0.03360939025878906,False,0.0,-1.2714780965620491,-10.506748441169464,0.5172236798463246,CENTER,0.0,0.9863150237911523,0.009310660769978602,NORMAL,STABLE,NORMAL,NO_ACTION,False,0.0
2026-08-12T00:40:46.055007,0.4809975609851238,0.05039735686672893,0.05790645879732739,False,24,0.03360939025878906,False,0.0,-0.24771553527818924,-9.873981719232717,0.3907033554052646,CENTER,0.0,0.9866592319315843,0.007745982766029917,NORMAL,STABLE,NORMAL,NO_ACTION,False,0.0
2026-08-12T00:40:46.086334,0.4474379966265781,0.060975695845333834,0.05790645879732739,False,24,0.03360939025878906,False,0.0,-1.2976387853663596,-12.203262063027722,0.661831533010286,CENTER,0.0,0.9863027531292866,0.010700364389141976,NORMAL,STABLE,NORMAL,NO_ACTION,False,0.0
2026-08-12T00:40:46.119766,0.48444440181152976,0.01742687262857254,0.05790645879732739,False,24,0.03360939025878906,False,0.0,0.06741418655835218,-8.748079761371429,0.13397370215400883,CENTER,0.0,0.9854800025720165,0.006511986683454232,NORMAL,STABLE,NORMAL,NO_ACTION,False,0.0
2026-08-12T00:40:46.151293,0.41923728057364873,0.008656683007847584,0.057971014492753624,False,24,0.03360939025878906,False,0.0,-1.1191274324590665,-8.838077129520912,0.08788516622425391,CENTER,0.0,0.9853195328575103,0.0075453641330157075,NORMAL,STABLE,NORMAL,NO_ACTION,False,0.0
2026-08-12T00:40:46.183578,0.25640557175394274,0.034455260560562175,0.05790645879732739,False,24,0.03360939025878906,False,0.0,-2.22010068194416,-8.523032388237084,0.0029872017043430787,CENTER,0.0,0.9850196116255144,0.06642217901494613,NORMAL,STABLE,NORMAL,NO_ACTION,False,0.0
2026-08-12T00:40:46.214526,0.20055806292271122,0.013151186156545392,0.05902004454342984,True,24,0.03360939025878906,False,0.0,-1.067229210450762,-6.871051949182544,-0.03059211332120526,CENTER,0.0,0.9851530349794239,0.13860883711887134,NORMAL,STABLE,NORMAL,NO_ACTION,False,0.0
2026-08-12T00:40:46.248072,0.16791373068411192,0.015105757353107018,0.060133630289532294,True,24,0.03360939025878906,False,0.03354620933532715,-2.0724555108806157,-5.189722814540119,-0.19945423397746254,UP,0.0,0.9853688834233539,0.20805092383784493,LOW,STABLE,NORMAL,NO_ACTION,False,0.03354620933532715
2026-08-12T00:40:46.278970,0.15342595560553768,0.019948443180151782,0.060133630289532294,True,24,0.03360939025878906,False,0.06444430351257324,-1.4391206771400107,-3.751145521020021,-0.32228924333051623,UP,0.030898094177246094,0.9860610103737997,0.2258373923626951,LOW,STABLE,NORMAL,NO_ACTION,False,0.06444430351257324
2026-08-12T00:40:46.311214,0.22899559582623052,0.016745495461437804,0.05902004454342984,False,25,0.09668803215026855,False,0.0,-1.8732769277210082,-8.958587576786215,0.06701890913970487,UP,0.0631418228149414,0.9865561101466049,0.12901106295412634,NORMAL,STABLE,NORMAL,NO_ACTION,False,0.0
2026-08-12T00:40:46.359377,0.2993287643049009,0.0098941212488904,0.056856187290969896,False,25,0.09668803215026855,False,0.0,-1.7726375670497703,-7.583804153691489,0.19194038896560528,UP,0.11130523681640625,0.9863590427812071,0.03426398862507225,NORMAL,STABLE,NORMAL,NO_ACTION,False,0.0
2026-08-12T00:40:46.390975,0.340582645505748,0.045128753720171354,0.05679287305122494,False,25,0.09668803215026855,False,0.0,-1.8730056001336948,-8.91603395851871,0.26780013663542945,UP,0.14290285110473633,0.9866119711291154,0.03450087449433749,NORMAL,STABLE,NORMAL,NO_ACTION,False,0.0
2026-08-12T00:40:46.423294,0.4053752418349163,0.050158645506241224,0.05679287305122494,False,25,0.09668803215026855,False,0.0,-1.461016088688666,-6.113650909909211,0.09587045488939339,UP,0.17522168159484863,0.9860053771219136,0.031914638625046635,NORMAL,STABLE,NORMAL,NO_ACTION,False,0.0
2026-08-12T00:40:46.454854,0.4017322905003067,0.016753796516206725,0.05679287305122494,False,25,0.09668803215026855,False,0.0,-1.081733212982897,-8.433521267335522,0.33171503086171583,UP,0.20678257942199707,0.9851847431198559,0.03345197477974084,NORMAL,STABLE,NORMAL,NO_ACTION,False,0.0
2026-08-12T00:40:46.487479,0.39381835801943565,0.04341204473306392,0.056856187290969896,False,25,0.09668803215026855,False,0.0,-0.6669702778573594,-8.335827467880506,-0.020041889514345712,UP,0.23940682411193848,0.9850208842378259,0.032681887110197566,NORMAL,STABLE,NORMAL,NO_ACTION,False,0.0
2026-08-12T00:40:46.519493,0.2989270031910625,0.011282993443057464,0.05679287305122494,False,25,0.09668803215026855,False,0.0,-1.3994097350899324,-5.8473191710488095,-0.4820551167354097,CENTER,0.0,0.9855029631772976,0.007465507226098496,NORMAL,STABLE,NORMAL,NO_ACTION,False,0.0
2026-08-12T00:40:46.550961,0.1597484428292449,0.00866728409862629,0.05790645879732739,True,25,0.09668803215026855,False,0.0,-3.641238496969237,-4.631569479142087,-0.24631020697967188,UP,0.0,0.9864851385673868,0.22009066404789354,LOW,STABLE,NORMAL,NO_ACTION,False,0.0
2026-08-12T00:40:46.583818,0.09677730365101196,0.008462476902850843,0.059085841694537344,True,25,0.09668803215026855,False,0.03285670280456543,-1.531785459000389,-3.11991022706772,-0.2942820964740065,UP,0.03285670280456543,0.9861388272676612,0.23001170392111686,LOW,STABLE,NORMAL,NO_ACTION,False,0.03285670280456543
2026-08-12T00:40:46.616194,0.18109768032543017,0.020536722873857504,0.06020066889632107,True,25,0.09668803215026855,False,0.0652322769165039,-1.936904969102983,-5.8473299339246125,-0.07048540945066861,UP,0.0652322769165039,0.9861878697273662,0.19069254043846068,NORMAL,STABLE,NORMAL,NO_ACTION,False,0.0652322769165039
2026-08-12T00:40:46.647862,0.2772275649930163,0.01639582094516907,0.060133630289532294,False,26,0.09690117835998535,False,0.0,-1.7382180052317437,-5.099200661351631,0.02586998738260604,UP,0.09690117835998535,0.9859764285408094,0.06174475410947193,NORMAL,STABLE,NORMAL,NO_ACTION,False,0.0
2026-08-12T00:40:46.679593,0.35541941053842446,0.00712696558117587,0.06020066889632107,False,26,0.09690117835998535,False,0.0,14.82082574979728,-8.924407736614626,177.79809666877526,UP,0.1286320686340332,0.9523587967428269,0.07745496182759816,NORMAL,STABLE,NORMAL,NO_ACTION,False,0.0
2026-08-12T00:40:46.710807,0.3939387355593452,0.005652799233929288,0.060133630289532294,False,26,0.09690117835998535,False,0.0,-1.0898001478472565,-1.746744620360829,-0.37537353380679406,UP,0.15984606742858887,0.9846153629758229,0.02867244577111265,NORMAL,STABLE,NORMAL,NO_ACTION,False,0.0
2026-08-12T00:40:46.743424,0.40578557117152403,0.03898903627290422,0.06020066889632107,False,26,0.09690117835998535,False,0.0,14.24966300926593,-10.527714310934982,177.56718662119505,UP,0.19246292114257812,0.9528394262438556,0.07793562551468033,NORMAL,STABLE,NORMAL,NO_ACTION,False,0.0
2026-08-12T00:40:46.776459,0.419398285536535,0.018304731649449128,0.060133630289532294,False,26,0.09690117835998535,False,0.0,13.52805984592797,-13.822711851072825,177.1606089074578,UP,0.22549724578857422,0.9535224028885174,0.07926774639760524,NORMAL,STABLE,NORMAL,NO_ACTION,False,0.0
2026-08-12T00:40:46.807404,0.4369406329575729,0.009832993680793337,0.060133630289532294,False,26,0.09690117835998535,False,0.0,-1.621840594359412,-3.9950930473279413,-0.09283314317494273,UP,0.2564427852630615,0.9860616399819959,0.030536512281436598,NORMAL,STABLE,NORMAL,NO_ACTION,False,0.0
2026-08-12T00:40:46.839617,0.4531822075303058,0.06564398642541572,0.060133630289532294,False,26,0.09690117835998535,False,0.0,14.43789811965624,-9.129369909306348,178.29917020119512,CENTER,0.0,0.9530629844857396,0.05046711416660724,NORMAL,STABLE,NORMAL,NO_ACTION,False,0.0
2026-08-12T00:40:46.887103,0.48518477410122046,0.014221467103488098,0.060133630289532294,False,26,0.09690117835998535,False,0.0,15.736791984418204,-11.915951790557926,177.6431450621443,CENTER,0.0,0.9527473431427183,0.05304725562398599,NORMAL,STABLE,NORMAL,NO_ACTION,False,0.0
2026-08-12T00:40:46.918924,0.48462335752298646,0.061383502523942174,0.060133630289532294,False,26,0.09690117835998535,False,0.0,14.523325305708028,-11.995754209342039,177.9661316244272,CENTER,0.0,0.9516306785300925,0.05216893204448939,NORMAL,STABLE,NORMAL,NO_ACTION,False,0.0
2026-08-12T00:40:46.951730,0.493585560795127,0.01408869396972046,0.06020066889632107,False,26,0.09690117835998535,False,0.0,-0.9848645145649186,-5.3150669516446385,0.4016870750107273,CENTER,0.0,0.9851518025548698,0.0051738572920754546,NORMAL,STABLE,NORMAL,NO_ACTION,False,0.0
2026-08-12T00:40:46.983671,0.49141537535428065,0.010367158367512683,0.06020066889632107,False,26,0.09690117835998535,False,0.0,0.19297088037663457,-8.783272265779487,0.7829040861711007,CENTER,0.0,0.986765193651406,0.007283205863442263,NORMAL,STABLE,NORMAL,NO_ACTION,False,0.0
2026-08-12T00:40:47.015613,0.48911046765202915,0.0375293533854972,0.060133630289532294,False,26,0.09690117835998535,False,0.0,-0.16969917335313767,-5.064987611308794,0.6026592395572834,CENTER,0.0,0.9873276347093621,0.0044017991539330534,NORMAL,STABLE,NORMAL,NO_ACTION,False,0.0
2026-08-12T00:40:47.047806,0.5071894340069851,0.023373322382122006,0.06020066889632107,False,26,0.09690117835998535,False,0.0,15.489140722487292,-14.039554001342367,177.50893722637176,CENTER,0.0,0.9543642037822931,0.054071331782144114,NORMAL,STABLE,NORMAL,NO_ACTION,False,0.0
2026-08-12T00:40:47.079619,0.5068153139146914,0.013872018268898723,0.060133630289532294,False,26,0.09690117835998535,False,0.0,0.5022546906090781,-6.279208594172928,0.6976656471049978,CENTER,0.0,0.98661592292524,0.005690462828405114,NORMAL,STABLE,NORMAL,NO_ACTION,False,0.0
2026-08-12T00:40:47.110909,0.5190467017851406,0.04987662108414907,0.060133630289532294,False,26,0.09690117835998535,False,0.0,0.5384742714472281,-7.5564957496465865,0.7997380759072144,CENTER,0.0,0.9851923520018862,0.006746118079604591,NORMAL,STABLE,NORMAL,NO_ACTION,False,0.0
2026-08-12T00:40:47.143276,0.5150889546831716,0.036996171324776145,0.060133630289532294,False,26,0.09690117835998535,False,0.0,15.111037694269243,-14.684071468691116,177.56943547178622,CENTER,0.0,0.9517127776527491,0.05415149229706145,NORMAL,STABLE,NORMAL,NO_ACTION,False,0.0
2026-08-12T00:40:47.175484,0.48795578753792423,0.02625146549280343,0.06020066889632107,False,26,0.09690117835998535,False,0.0,14.937279070393885,-7.3884669010073765,178.60403015290194,CENTER,0.0,0.9526778567243942,0.04985322726302453,NORMAL,STABLE,NORMAL,NO_ACTION,False,0.0
2026-08-12T00:40:47.207460,0.5070421590930776,0.015874624547482386,0.06020066889632107,False,26,0.09690117835998535,False,0.0,14.839832005085583,-16.30207840640807,177.42142970038992,CENTER,0.0,0.9541943337048469,0.05486892747197739,NORMAL,STABLE,NORMAL,NO_ACTION,False,0.0
2026-08-12T00:40:47.238832,0.5127705287013008,0.057034099916033074,0.06020066889632107,False,26,0.09690117835998535,False,0.0,0.48239211546453475,-9.027272026311891,1.1695455284760214,CENTER,0.0,0.987072696973594,0.00811045123168653,NORMAL,STABLE,NORMAL,NO_ACTION,False,0.0
2026-08-12T00:40:47.271207,0.508953396201044,0.00866663260101789,0.060133630289532294,False,26,0.09690117835998535,False,0.0,0.2988228600445382,-10.174098628417084,1.20177388200554,CENTER,0.0,0.987344352816358,0.008792979205460561,NORMAL,STABLE,NORMAL,NO_ACTION,False,0.0
2026-08-12T00:40:47.303842,0.5368200189824355,0.04003430709976181,0.060133630289532294,False,26,0.09690117835998535,False,0.0,0.16697661285652998,-5.178718975018938,0.8688115989158405,CENTER,0.0,0.9864874158736283,0.004737611611812998,NORMAL,STABLE,NORMAL,NO_ACTION,False,0.0
2026-08-12T00:40:47.335971,0.5233039981868127,0.08671711195789236,0.060133630289532294,False,26,0.09690117835998535,False,0.0,15.335520757366965,-12.070177815469123,178.02294798913516,CENTER,0.0,0.9521655918674268,0.05282980808365271,NORMAL,STABLE,NORMAL,NO_ACTION,False,0.0
2026-08-12T00:40:47.367151,0.5155819248432478,0.008034906500465509,0.060133630289532294,False,26,0.09690117835998535,False,0.0,1.1893395696781965,-10.831385424559215,1.4621649150059,CENTER,0.0,0.9849448356052812,0.010375967865951527,NORMAL,STABLE,NORMAL,NO_ACTION,False,0.0
2026-08-12T00:40:47.416006,0.5512660309793622,0.00957724428618489,0.06020066889632107,False,26,0.09690117835998535,False,0.0,15.550274423878705,-14.440557866832876,177.8229599837797,CENTER,0.0,0.953266613618827,0.05434686007505953,NORMAL,STABLE,NORMAL,NO_ACTION,False,0.0
2026-08-12T00:40:47.446947,0.5626050611631568,0.006947271364185871,0.060133630289532294,False,26,0.09690117835998535,False,0.0,1.6364491619208934,-10.415572159631381,1.2920298563134054,CENTER,0.0,0.9864354129158093,0.010342374503218656,NORMAL,STABLE,NORMAL,NO_ACTION,False,0.0
2026-08-12T00:40:47.480138,0.5646494635603228,0.006855043407060698,0.06020066889632107,False,26,0.09690117835998535,False,0.0,1.7075536107534504,-12.321315881548799,1.333767913169737,CENTER,0.0,0.9864248703275033,0.01182740812267424,NORMAL,STABLE,NORMAL,NO_ACTION,False,0.0
2026-08-12T00:40:47.512482,0.5430063822321005,0.0018762808198901843,0.060133630289532294,False,26,0.09690117835998535,False,0.0,1.5850698725908785,-10.227431009113786,1.0904222665730856,CENTER,0.0,0.9866193790723594,0.009962877788740072,NORMAL,STABLE,NORMAL,NO_ACTION,False,0.0
2026-08-12T00:40:47.543550,0.5686728424894854,0.0399304116042899,0.060133630289532294,False,26,0.09690117835998535,False,0.0,1.3759892950633628,-9.694457390509513,1.031725630234547,CENTER,0.0,0.985583151148834,0.00932009285824745,NORMAL,STABLE,NORMAL,NO_ACTION,False,0.0
2026-08-12T00:40:47.576552,0.5530203707019385,0.014135791295578458,0.06020066889632107,False,26,0.09690117835998535,False,0.0,2.0001765283792565,-13.424588340159914,1.5932901214500532,CENTER,0.0,0.9847509296767833,0.013155911315877053,NORMAL,STABLE,NORMAL,NO_ACTION,False,0.0
2026-08-12T00:40:47.607157,0.5540232111266303,0.03791913290407295,0.060133630289532294,False,26,0.09690117835998535,False,0.0,1.848988669383857,-11.007479302080611,1.6000427162415747,CENTER,0.0,0.9858086312585735,0.011271135645067895,NORMAL,STABLE,NORMAL,NO_ACTION,False,0.0
2026-08-12T00:40:47.638947,0.5654566168047502,0.008552392765624878,0.060133630289532294,False,26,0.09690117835998535,False,0.0,1.7532721709698649,-12.297701162923829,1.2934173804040654,CENTER,0.0,0.9864316218707133,0.011815522259730997,NORMAL,STABLE,NORMAL,NO_ACTION,False,0.0
2026-08-12T00:40:47.704315,0.5573431456586295,0.043837667130172675,0.060133630289532294,False,26,0.09690117835998535,False,0.0,1.9836773797221667,-11.84909315418011,1.680000436373092,CENTER,0.0,0.9863534432870372,0.012085664434258847,NORMAL,STABLE,NORMAL,NO_ACTION,False,0.0
2026-08-12T00:40:47.735329,0.5518118505817894,0.00779442827185577,0.06020066889632107,False,26,0.09690117835998535,False,0.0,1.7963150078394676,-14.025104125578423,1.6050983419291924,CENTER,0.0,0.9855965470679012,0.013404676946028314,NORMAL,STABLE,NORMAL,NO_ACTION,False,0.0
2026-08-12T00:40:47.767167,0.5657971358577567,0.003295595538229589,0.06020066889632107,False,26,0.09690117835998535,False,0.0,15.496930958983967,-17.709784495532062,177.61456414083148,CENTER,0.0,0.9522698603430785,0.05617305559975878,NORMAL,STABLE,NORMAL,NO_ACTION,False,0.0
2026-08-12T00:40:47.800077,0.5624695056723685,0.016345691023185303,0.060267857142857144,False,26,0.09690117835998535,False,0.0,1.458100364999268,-13.276146472630927,1.8640582795129887,CENTER,0.0,0.9850912128129288,0.01278744373976377,NORMAL,STABLE,NORMAL,NO_ACTION,False,0.0
2026-08-12T00:40:47.820026,0.5735276458993119,0.03222564378033541,0.06020066889632107,False,26,0.09690117835998535,False,0.0,1.4784480760865222,-12.786536048507287,1.7204709725869236,CENTER,0.0,0.9851286410108024,0.01231516104486673,NORMAL,STABLE,NORMAL,NO_ACTION,False,0.0
2026-08-12T00:40:47.842352,0.5633174650482276,0.009543464306266776,0.060133630289532294,False,26,0.09690117835998535,False,0.0,1.158317607903541,-16.1539961925763,1.9478723138061866,CENTER,0.0,0.9862455391589506,0.014657920878507065,NORMAL,STABLE,NORMAL,NO_ACTION,False,0.0
2026-08-12T00:40:47.867947,0.5651281033803096,0.006312039851809473,0.060133630289532294,False,26,0.09690117835998535,False,0.0,15.719010084215228,-16.122710403419887,177.91323874094496,CENTER,0.0,0.9537729735546696,0.055435880532058265,NORMAL,STABLE,NORMAL,NO_ACTION,False,0.0
2026-08-12T00:40:47.895824,0.5676078907347328,0.04691417439291795,0.060133630289532294,False,26,0.09690117835998535,False,0.0,2.00928537745213,-13.020368760827807,1.5509484175001944,CENTER,0.0,0.9862460883916324,0.012831972944626027,NORMAL,STABLE,NORMAL,NO_ACTION,False,0.0
2026-08-12T00:40:47.943274,0.5401014342694855,0.0065177405093584505,0.06020066889632107,False,26,0.09690117835998535,False,0.0,1.6215600823819045,-15.1173867032021,2.080336994616516,CENTER,0.0,0.9857693812157065,0.014482902396829625,NORMAL,STABLE,NORMAL,NO_ACTION,False,0.0
2026-08-12T00:40:47.974932,0.5735058843728995,0.005473633849789827,0.060133630289532294,False,26,0.09690117835998535,False,0.0,1.128978630164852,-11.759658602441931,1.6426562373827664,CENTER,0.0,0.9852607247728052,0.011162068492735397,NORMAL,STABLE,NORMAL,NO_ACTION,False,0.0
2026-08-12T00:40:48.007092,0.5567154437166802,0.0063712600466790436,0.060133630289532294,False,26,0.09690117835998535,False,0.0,1.9077326840104263,-13.196799983073873,1.6193024017779862,CENTER,0.0,0.9858454566400893,0.012927426366682935,NORMAL,STABLE,NORMAL,NO_ACTION,False,0.0
2026-08-12T00:40:48.039665,0.5678586154495452,0.05816187732451983,0.06020066889632107,False,26,0.09690117835998535,False,0.0,1.1100957971383991,-14.50742172305931,2.0355199977321377,CENTER,0.0,0.9857198431069959,0.013506693861714462,NORMAL,STABLE,NORMAL,NO_ACTION,False,0.0
2026-08-12T00:40:48.103122,0.5622707538027474,0.013670755587682153,0.06020066889632107,False,26,0.09690117835998535,False,0.0,1.4277070788822073,-13.606669661340021,1.931471900452948,CENTER,0.0,0.9861181975522977,0.013061804142920163,NORMAL,STABLE,NORMAL,NO_ACTION,False,0.0
2026-08-12T00:40:48.134621,0.5606869630799824,0.013625754398668996,0.060133630289532294,False,26,0.09690117835998535,False,0.0,1.9618699146818415,-13.047695388800946,1.6776266781683375,CENTER,0.0,0.9854860575274348,0.012928035981323078,NORMAL,STABLE,NORMAL,NO_ACTION,False,0.0
2026-08-12T00:40:48.167431,0.5580055364291071,0.009391352253824644,0.06020066889632107,False,26,0.09690117835998535,False,0.0,1.551503266646165,-15.757397717533507,1.7558794959130921,CENTER,0.0,0.985341810270919,0.014565229900683114,NORMAL,STABLE,NORMAL,NO_ACTION,False,0.0
2026-08-12T00:40:48.198975,0.5567655124068063,0.03488651250762527,0.060133630289532294,False,26,0.09690117835998535,False,0.0,14.325037031191016,-15.16193877485125,178.18884218952365,CENTER,0.0,0.9525411500307213,0.05382593189103168,NORMAL,STABLE,NORMAL,NO_ACTION,False,0.0
2026-08-12T00:40:48.230944,0.5479808689106562,0.007719691056620421,0.060133630289532294,False,26,0.09690117835998535,False,0.0,1.712526303695597,-16.286980516597197,2.0297778109637363,CENTER,0.0,0.9852861502271948,0.015366519520547706,NORMAL,STABLE,NORMAL,NO_ACTION,False,0.0
2026-08-12T00:40:48.263827,0.5745881057078399,0.029487102084766258,0.06020066889632107,False,26,0.09690117835998535,False,0.0,1.4901598761470893,-13.331762122224603,1.8387658125304824,CENTER,0.0,0.9853002427340536,0.012834127010703581,NORMAL,STABLE,NORMAL,NO_ACTION,False,0.0
2026-08-12T00:40:48.294723,0.5688028383837358,0.007205630757469467,0.060267857142857144,False,26,0.09690117835998535,False,0.0,1.109855209248309,-13.227582123438395,1.7786978890248974,CENTER,0.0,0.98584242916238,0.012334823406005632,NORMAL,STABLE,NORMAL,NO_ACTION,False,0.0
2026-08-12T00:40:48.326633,0.5768649182956052,0.008952948461062227,0.06020066889632107,False,26,0.09690117835998535,False,0.0,1.8577814914104351,-11.641310768207262,1.7193012605929425,CENTER,0.0,0.9857402450917352,0.011852211538227015,NORMAL,STABLE,NORMAL,NO_ACTION,False,0.0
2026-08-12T00:40:48.347891,0.5573901390371007,0.008463904738797177,0.06020066889632107,False,26,0.09690117835998535,False,0.0,2.1770659219155277,-12.824952943127471,1.7032765067149285,CENTER,0.0,0.9857596959662208,0.012999092056865835,NORMAL,STABLE,NORMAL,NO_ACTION,False,0.0
2026-08-12T00:40:48.370496,0.5163102937312558,0.0220061384323048,0.060133630289532294,False,26,0.09690117835998535,False,0.0,1.6020797176820452,-14.078623002069207,1.859355047953784,CENTER,0.0,0.9850319224751372,0.013501127868403002,NORMAL,STABLE,NORMAL,NO_ACTION,False,0.0
2026-08-12T00:40:48.399024,0.40757506570395735,0.00524245746901135,0.060133630289532294,False,26,0.09690117835998535,False,0.0,15.20224102079149,-19.181766446933437,176.9785701362125,CENTER,0.0,0.9524840302783494,0.0567892267699005,NORMAL,STABLE,NORMAL,NO_ACTION,False,0.0
2026-08-12T00:40:48.424869,0.15058197451126526,0.0004447214586629016,0.061247216035634745,True,26,0.09690117835998535,False,0.0,-1.3619841633681915,-10.355454926600771,1.4707451210593092,CENTER,0.0,0.9859037690757887,0.2094307870391956,LOW,STABLE,NORMAL,NO_ACTION,False,0.0
2026-08-12T00:40:48.503664,0.3476934441112005,0.005130907373132012,0.061247216035634745,False,27,0.0787956714630127,False,0.0,14.869505359590022,-15.902048894353356,177.55409387351983,CENTER,0.0,0.9526388272676611,0.05466309299893346,NORMAL,STABLE,NORMAL,NO_ACTION,False,0.0
2026-08-12T00:40:48.534963,0.4295802168338366,0.008641844907200545,0.061247216035634745,False,27,0.0787956714630127,False,0.0,0.4463595887817462,-13.051351244136583,1.7380352185226116,UP,0.0,0.9853731835133746,0.0375294671944658,NORMAL,STABLE,NORMAL,NO_ACTION,False,0.0
2026-08-12T00:40:48.567141,0.48632322846242515,0.05602293685132487,0.06131549609810479,False,27,0.0787956714630127,False,0.0,14.226641940950117,-18.167428434892457,177.4176323886182,UP,0.03217720985412598,0.9524699672425125,0.08228056419252822,NORMAL,STABLE,NORMAL,NO_ACTION,False,0.0
2026-08-12T00:40:48.599399,0.5314699189170923,0.014454687729853507,0.061247216035634745,False,27,0.0787956714630127,False,0.0,1.1777567852670643,-13.687837380678843,1.4082922777288331,UP,0.06443524360656738,0.9851316283007545,0.0383759297985604,NORMAL,STABLE,NORMAL,NO_ACTION,False,0.0
2026-08-12T00:40:48.630654,0.5375068411590102,0.04709611016189303,0.061247216035634745,False,27,0.0787956714630127,False,0.0,0.9567421417781077,-14.582208815483455,1.6760885121029787,CENTER,0.0,0.9859322621956448,0.013066913663067984,NORMAL,STABLE,NORMAL,NO_ACTION,False,0.0
2026-08-12T00:40:48.662743,0.5766424062571154,0.01464946767499824,0.06131549609810479,False,27,0.0787956714630127,False,0.0,1.6977347933438693,-14.26091262484698,1.422700384970824,CENTER,0.0,0.9863388015474965,0.013304411511877707,NORMAL,STABLE,NORMAL,NO_ACTION,False,0.0
2026-08-12T00:40:48.695414,0.578525230933205,0.0058629132510799676,0.06131549609810479,False,27,0.0787956714630127,False,0.0,1.5486618345154,-16.102721936175158,1.762634430776444,CENTER,0.0,0.9859527713477366,0.014818399283444573,NORMAL,STABLE,NORMAL,NO_ACTION,False,0.0
2026-08-12T00:40:48.728531,0.5687104906448137,0.005455018408880545,0.06131549609810479,False,27,0.0787956714630127,False,0.0,0.806627568974335,-13.133095400583443,1.6185854242964695,CENTER,0.0,0.9857545787251372,0.011820403634682149,NORMAL,STABLE,NORMAL,NO_ACTION,False,0.0
2026-08-12T00:40:48.758995,0.5671887816443227,0.015928222081398023,0.06131549609810479,False,27,0.0787956714630127,False,0.0,1.9743484738370967,-15.91963688670279,1.9227781317276254,CENTER,0.0,0.985772301526063,0.015250304112421748,NORMAL,STABLE,NORMAL,NO_ACTION,False,0.0
2026-08-12T00:40:48.791372,0.570537534024203,0.028625762329985975,0.06131549609810479,False,27,0.0787956714630127,False,0.0,14.631833220625225,-18.441270581989414,177.52403770920012,CENTER,0.0,0.9524011023948331,0.05593209594993332,NORMAL,STABLE,NORMAL,NO_ACTION,False,0.0
2026-08-12T00:40:48.823662,0.5785543145222185,0.014615727001603735,0.06131549609810479,False,27,0.0787956714630127,False,0.0,1.190699126009207,-14.965083718916077,2.131799157696406,CENTER,0.0,0.9858650682656036,0.014007558810933681,NORMAL,STABLE,NORMAL,NO_ACTION,False,0.0
2026-08-12T00:40:48.855761,0.542991801936749,0.03560487531306677,0.06131549609810479,False,27,0.0787956714630127,False,0.0,1.4090988022185797,-15.581065636449665,1.7701615206931365,CENTER,0.0,0.9857528238597394,0.01431450178912863,NORMAL,STABLE,NORMAL,NO_ACTION,False,0.0
2026-08-12T00:40:48.886827,0.535978998115517,0.05605253611562286,0.061247216035634745,False,27,0.0787956714630127,False,0.0,0.67343600883558,-13.71917804336752,1.5940260691306207,CENTER,0.0,0.9859158120070302,0.0120917772545477,NORMAL,STABLE,NORMAL,NO_ACTION,False,0.0
2026-08-12T00:40:48.919056,0.4901044989155289,0.018979763243135148,0.061247216035634745,False,27,0.0787956714630127,False,0.0,13.830823909349562,-18.088482765438243,176.93319405636515,CENTER,0.0,0.9525397773955476,0.05512078379752503,NORMAL,STABLE,NORMAL,NO_ACTION,False,0.0
2026-08-12T00:40:48.951954,0.4666512437926177,0.07536439727349281,0.061247216035634745,False,27,0.0787956714630127,False,0.0,0.11815768907263191,-12.160527727945322,1.0812512652431394,CENTER,0.0,0.9857327031893004,0.009937589759523845,NORMAL,STABLE,NORMAL,NO_ACTION,False,0.0
2026-08-12T00:40:48.999134,0.4543285763148826,0.02693389820540999,0.061247216035634745,False,27,0.0787956714630127,False,0.0,-0.11584741301547297,-13.477706766995368,0.9262546030549004,CENTER,0.0,0.9856487643604253,0.010737404976823682,NORMAL,STABLE,NORMAL,NO_ACTION,False,0.0
2026-08-12T00:40:49.031595,0.43201114729225354,0.010831730419475421,0.06131549609810479,False,27,0.0787956714630127,False,0.0,-0.10679959899525215,-13.541925799913514,0.8787337610270072,CENTER,0.0,0.9858915653935185,0.010729311868847864,NORMAL,STABLE,NORMAL,NO_ACTION,False,0.0
2026-08-12T00:40:49.063984,0.4618530855853471,0.054319615895139846,0.06131549609810479,False,27,0.0787956714630127,False,0.0,0.03453039395893143,-14.262112985325246,1.2583702959575191,CENTER,0.0,0.9865989235039437,0.011545430413024813,NORMAL,STABLE,NORMAL,NO_ACTION,False,0.0
2026-08-12T00:40:49.094915,0.45195432231085014,0.07202970082401648,0.061247216035634745,False,27,0.0787956714630127,False,0.0,0.012498797717967136,-13.34917805592272,1.265976844070849,CENTER,0.0,0.9863354659636488,0.010872197732481567,NORMAL,STABLE,NORMAL,NO_ACTION,False,0.0
2026-08-12T00:40:49.127430,0.4792359029849852,0.004733855276472685,0.06131549609810479,False,27,0.0787956714630127,False,0.0,-0.30166853432822904,-12.400471864939476,1.0705223365445704,CENTER,0.0,0.9856680276920439,0.010277265333667133,NORMAL,STABLE,NORMAL,NO_ACTION,False,0.0
2026-08-12T00:40:49.159446,0.46980426217057436,0.02375633237171351,0.06131549609810479,False,27,0.0787956714630127,False,0.0,-1.1195133688646024,-11.829157522852427,1.055192595083895,CENTER,0.0,0.9852567729766804,0.010637441731788268,NORMAL,STABLE,NORMAL,NO_ACTION,False,0.0
2026-08-12T00:40:49.191352,0.4435103272549671,0.011479866285051361,0.061247216035634745,False,27,0.0787956714630127,False,0.0,-0.7481366725516807,-13.688582219182365,1.289723898823354,CENTER,0.0,0.9851483731995885,0.011848582523326188,NORMAL,STABLE,NORMAL,NO_ACTION,False,0.0
2026-08-12T00:40:49.223806,0.4481305570678781,0.006772995226217639,0.06131549609810479,False,27,0.0787956714630127,False,0.0,-1.020048860480756,-13.17864843353928,1.522943825491467,CENTER,0.0,0.985082920739026,0.011966720529233102,NORMAL,STABLE,NORMAL,NO_ACTION,False,0.0
2026-08-12T00:40:49.255348,0.4426769166413974,0.03945092961565862,0.061247216035634745,False,27,0.0787956714630127,False,0.0,0.43020602936735486,-11.042950526169761,0.8805386656705991,CENTER,0.0,0.9853571887860083,0.009237662864122118,NORMAL,STABLE,NORMAL,NO_ACTION,False,0.0
2026-08-12T00:40:49.287768,0.46476647471069843,0.011492576975090572,0.061247216035634745,False,27,0.0787956714630127,False,0.0,-0.5074586278331878,-11.056378487736879,1.1376808922628072,CENTER,0.0,0.9857811964163237,0.009569370667902406,NORMAL,STABLE,NORMAL,NO_ACTION,False,0.0
2026-08-12T00:40:49.319443,0.4588384260925237,0.01681341510848148,0.061247216035634745,False,27,0.0787956714630127,False,0.0,14.236506066587992,-12.364857149395533,177.4731271137988,CENTER,0.0,0.9527866833847736,0.05216132444562025,NORMAL,STABLE,NORMAL,NO_ACTION,False,0.0
2026-08-12T00:40:49.351796,0.4351959145934199,0.005872199297678392,0.061247216035634745,False,27,0.0787956714630127,False,0.0,15.5777976270316,-12.100716215466406,177.26924564077933,CENTER,0.0,0.9523093171296296,0.053031707731563064,NORMAL,STABLE,NORMAL,NO_ACTION,False,0.0
2026-08-12T00:40:49.383750,0.4604674145659172,0.06279196946495635,0.06131549609810479,False,27,0.0787956714630127,False,0.0,15.041572346265951,-9.856119119848387,177.82125876712013,CENTER,0.0,0.952087118573531,0.051341723244998326,NORMAL,STABLE,NORMAL,NO_ACTION,False,0.0
2026-08-12T00:40:49.414744,0.4473839090612449,0.006913217976669628,0.061247216035634745,False,27,0.0787956714630127,False,0.0,0.8569834042973241,-12.839455646581143,0.8511086057310138,CENTER,0.0,0.9854901834705075,0.010917769532187743,NORMAL,STABLE,NORMAL,NO_ACTION,False,0.0
2026-08-12T00:40:49.448926,0.42535082872590546,0.016640877327013085,0.061247216035634745,False,27,0.0787956714630127,False,0.0,-0.8593524056855131,-11.086117450449848,0.7212163397340703,CENTER,0.0,0.9856391996742112,0.009528669543136341,NORMAL,STABLE,NORMAL,NO_ACTION,False,0.0
2026-08-12T00:40:49.480018,0.4451398118856025,0.006822976112376159,0.060133630289532294,False,27,0.0787956714630127,False,0.0,-0.906155361735415,-8.854558903485838,0.5165171232325179,CENTER,0.0,0.985566205311214,0.007764940119523708,NORMAL,STABLE,NORMAL,NO_ACTION,False,0.0
2026-08-12T00:40:49.527912,0.44557983917442945,0.004268177351448123,0.057971014492753624,False,27,0.0787956714630127,False,0.0,-0.07786566164861597,-5.390868328560259,0.1935715730442098,CENTER,0.0,0.9859783173653979,0.004154788907738465,NORMAL,STABLE,NORMAL,NO_ACTION,False,0.0
2026-08-12T00:40:49.558594,0.44852309261695233,0.01571637902027715,0.05790645879732739,False,27,0.0787956714630127,False,0.0,14.442270659613598,-11.676893070881732,177.42104164092456,CENTER,0.0,0.9528644444623057,0.0519251421472816,NORMAL,STABLE,NORMAL,NO_ACTION,False,0.0
2026-08-12T00:40:49.593785,0.45622686680830327,0.009402704748572771,0.057971014492753624,False,27,0.0787956714630127,False,0.0,-0.3596341738633839,-7.500437155182368,0.2638157225396185,CENTER,0.0,0.9846655172968107,0.006017341549353121,NORMAL,STABLE,NORMAL,NO_ACTION,False,0.0
2026-08-12T00:40:49.622507,0.4474335909839112,0.007644585406212918,0.05790645879732739,False,27,0.0787956714630127,False,0.0,0.24426884438844354,-9.266153674900949,0.6150887038799908,CENTER,0.0,0.9847563550240055,0.007519751589464733,NORMAL,STABLE,NORMAL,NO_ACTION,False,0.0
2026-08-12T00:40:49.655269,0.4478949077373395,0.011510774048638284,0.057971014492753624,False,27,0.0787956714630127,False,0.0,15.363824871940892,-9.823047244844247,177.8723663401811,CENTER,0.0,0.9526090048261031,0.05156819062517767,NORMAL,STABLE,NORMAL,NO_ACTION,False,0.0
2026-08-12T00:40:49.686854,0.4336498355960611,0.006264169673876211,0.05790645879732739,False,27,0.0787956714630127,False,0.0,-2.5276098227777766e-05,-7.718410186308972,0.3435367620162424,CENTER,0.0,0.9856135196973594,0.005905244874963006,NORMAL,STABLE,NORMAL,NO_ACTION,False,0.0
2026-08-12T00:40:49.720385,0.43901690168513385,0.05612924620434863,0.057971014492753624,False,27,0.0787956714630127,False,0.0,-0.28543329189801625,-11.077008989286867,0.9349705038264631,CENTER,0.0,0.9854941352666324,0.009175265702960383,NORMAL,STABLE,NORMAL,NO_ACTION,False,0.0
2026-08-12T00:40:49.751741,0.4338712203371524,0.005576475475647329,0.05790645879732739,False,27,0.0787956714630127,False,0.0,-0.4398121865143878,-10.385482100987076,0.8182424307906615,CENTER,0.0,0.9852500482253086,0.008712085963673307,NORMAL,STABLE,NORMAL,NO_ACTION,False,0.0
2026-08-12T00:40:49.784235,0.45145788223853456,0.007860726781483142,0.057971014492753624,False,27,0.0787956714630127,False,0.0,0.11874304769972355,-6.524389891731175,0.18824622767050414,CENTER,0.0,0.9848210439171811,0.005007678668458661,NORMAL,STABLE,NORMAL,NO_ACTION,False,0.0
2026-08-12T00:40:49.827450,0.44557736739926,0.05645918200978005,0.057971014492753624,False,27,0.0787956714630127,False,0.0,-0.7716381235404981,-7.249337088031922,0.40719172172435947,CENTER,0.0,0.9842765132030179,0.006370801821981808,NORMAL,STABLE,NORMAL,NO_ACTION,False,0.0
2026-08-12T00:40:49.857562,0.45621722882941096,0.00798704957216571,0.057971014492753624,False,27,0.0787956714630127,False,0.0,-0.26861180585032685,-8.022979294657176,0.628206762740092,CENTER,0.0,0.985549688143004,0.0066579770010802165,NORMAL,STABLE,NORMAL,NO_ACTION,False,0.0
2026-08-12T00:40:49.881612,0.4521463266008164,0.04900330283687629,0.057971014492753624,False,27,0.0787956714630127,False,0.0,15.476253983439221,-8.8459651357104,177.9597301036723,CENTER,0.0,0.9529458702167639,0.051095852266227114,NORMAL,STABLE,NORMAL,NO_ACTION,False,0.0
2026-08-12T00:40:49.918278,0.43339175697146537,0.008046087237770557,0.057971014492753624,False,27,0.0787956714630127,False,0.0,-0.30507554102223366,-5.643436960211119,0.3709746292200009,CENTER,0.0,0.985357336141118,0.004726826857422774,NORMAL,STABLE,NORMAL,NO_ACTION,False,0.0
2026-08-12T00:40:49.957344,0.4537386515326556,0.0055331022084408096,0.05790645879732739,False,27,0.0787956714630127,False,0.0,-0.9958078822038487,-8.969625524340898,0.624668326617126,CENTER,0.0,0.9859274262688614,0.008038521450147882,NORMAL,STABLE,NORMAL,NO_ACTION,False,0.0
2026-08-12T00:40:49.986909,0.456117106902586,0.045626311059550555,0.05790645879732739,False,27,0.0787956714630127,False,0.0,-0.2989782692902452,-7.8515214486230605,0.6949029444579935,CENTER,0.0,0.9854792524005488,0.006627614066874218,NORMAL,STABLE,NORMAL,NO_ACTION,False,0.0
2026-08-12T00:40:50.017674,0.41906036860537543,0.009511153404118853,0.05790645879732739,False,27,0.0787956714630127,False,0.0,15.392726180373302,-13.060546238450371,177.3963311798488,CENTER,0.0,0.9527251867391117,0.05343888728952069,NORMAL,STABLE,NORMAL,NO_ACTION,False,0.0
2026-08-12T00:40:50.055240,0.4364009627653239,0.03317311379688916,0.057971014492753624,False,27,0.0787956714630127,False,0.0,-0.6608105082928262,-10.999144898723273,1.015493961532684,CENTER,0.0,0.985863768861454,0.009558045990391374,NORMAL,STABLE,NORMAL,NO_ACTION,False,0.0
2026-08-12T00:40:50.086988,0.4437535527738451,0.07195124415384925,0.05790645879732739,False,27,0.0787956714630127,False,0.0,0.04481973947110873,-6.050325452260694,0.22226181435235048,CENTER,0.0,0.9858698774005488,0.00462686913772198,NORMAL,STABLE,NORMAL,NO_ACTION,False,0.0
2026-08-12T00:40:50.118374,0.41982762100385995,0.00535875605033975,0.05790645879732739,False,27,0.0787956714630127,False,0.0,14.313308793288087,-8.35530264515242,178.41019470171818,CENTER,0.0,0.9524648263353053,0.04993024444538295,NORMAL,STABLE,NORMAL,NO_ACTION,False,0.0
2026-08-12T00:40:50.150755,0.4339838525517222,0.007195369522957996,0.057971014492753624,False,27,0.0787956714630127,False,0.0,0.08382536375057725,-4.046601282162044,0.1424047931362793,CENTER,0.0,0.9846831865140604,0.003140396632637708,NORMAL,STABLE,NORMAL,NO_ACTION,False,0.0
2026-08-12T00:40:50.183592,0.42771538715578017,0.04331974093992828,0.057971014492753624,False,27,0.0787956714630127,False,0.0,0.5394227759944101,-6.978294218775574,0.22144019417544314,CENTER,0.0,0.9844791800625858,0.005772562018168143,NORMAL,STABLE,NORMAL,NO_ACTION,False,0.0
2026-08-12T00:40:50.215883,0.35869674501929455,0.02925166743552464,0.057971014492753624,False,27,0.0787956714630127,False,0.0,-0.6663163686865801,-3.659972663451896,-0.06320940470112646,CENTER,0.0,0.9848767307527435,0.003345819890570087,NORMAL,STABLE,NORMAL,NO_ACTION,False,0.0
2026-08-12T00:40:50.246682,0.3467954717101603,0.02426681169234494,0.05790645879732739,False,27,0.0787956714630127,False,0.0,-1.211965708327881,-5.961360734104005,0.0730017943259611,CENTER,0.0,0.9848341451260288,0.005542803310519556,NORMAL,STABLE,NORMAL,NO_ACTION,False,0.0
2026-08-12T00:40:50.279769,0.3317203431749674,0.02577858119241481,0.057971014492753624,False,27,0.0787956714630127,False,0.0,0.6212291354986519,-1.4693010577108794,-1.0383488412304018,CENTER,0.0,0.9846969307270232,0.002659274000752502,NORMAL,STABLE,NORMAL,NO_ACTION,False,0.0
2026-08-12T00:40:50.311383,0.29517033923805125,0.029284937826182737,0.05790645879732739,False,27,0.0787956714630127,False,0.0,1.397626216452494,-1.9187887067335794,-2.0256530019120476,CENTER,0.0,0.9842436396176268,0.011121830625516206,NORMAL,STABLE,NORMAL,NO_ACTION,False,0.0
2026-08-12T00:40:50.343873,0.28240394500849786,0.03540217395475233,0.057971014492753624,False,27,0.0787956714630127,False,0.0,0.7428523185669462,-0.5672363566824856,-2.950945076954355,CENTER,0.0,0.9834020945859054,0.027428067441960708,NORMAL,STABLE,NORMAL,NO_ACTION,False,0.0
2026-08-12T00:40:50.375127,0.2443898240398965,0.022155962649801103,0.057971014492753624,False,27,0.0787956714630127,False,0.0,-0.22747897119316463,2.1982128622477433,-4.1053818414524414,CENTER,0.0,0.9824608169367284,0.07990688394467935,NORMAL,STABLE,NORMAL,NO_ACTION,False,0.0
2026-08-12T00:40:50.406654,0.2167260888183642,0.012319541121436774,0.05790645879732739,False,27,0.0787956714630127,False,0.0,-1.8790150217586756,7.164917291528496,-5.875523801871111,CENTER,0.0,0.9835798852237654,0.12367387774585442,NORMAL,STABLE,NORMAL,NO_ACTION,False,0.0
2026-08-12T00:40:50.438772,0.21773250720819048,0.0531690964717993,0.05790645879732739,False,27,0.0787956714630127,False,0.0,-2.173562103919352,9.89290117970026,-7.852207050743061,CENTER,0.0,0.984803495263203,0.12648930783446372,NORMAL,STABLE,NORMAL,NO_ACTION,False,0.0
2026-08-12T00:40:50.470661,0.27073098135695983,0.050678847747327456,0.05790645879732739,False,27,0.0787956714630127,False,0.0,-1.4592666511758239,12.174175987381602,-9.533163174544029,CENTER,0.0,0.984852926204561,0.058403121421189,NORMAL,STABLE,NORMAL,NO_ACTION,False,0.0
2026-08-12T00:40:50.502408,0.21940684374428598,0.027777520921270088,0.05790645879732739,False,27,0.0787956714630127,False,0.0,-2.4191091564723024,13.31348562803143,-11.177013343736746,CENTER,0.0,0.9850282921810699,0.13016539925769452,NORMAL,STABLE,NORMAL,NO_ACTION,False,0.0
2026-08-12T00:40:50.536275,0.24932815296384983,0.04571963179489595,0.05790645879732739,False,27,0.0787956714630127,False,0.0,-1.9351596981731802,15.107840112963942,-12.43873375851149,CENTER,0.0,0.9849262152777778,0.09231520760659273,NORMAL,STABLE,NORMAL,NO_ACTION,False,0.0
2026-08-12T00:40:50.583580,0.23913580325656358,0.016719837051367314,0.05790645879732739,False,27,0.0787956714630127,False,0.0,-2.9157765085771246,16.28477972345007,-12.734159753213987,UP,0.0,0.9841600490826474,0.13398380111768726,NORMAL,STABLE,NORMAL,NO_ACTION,False,0.0
2026-08-12T00:40:50.614996,0.2144250595852878,0.03579140278978485,0.057971014492753624,False,27,0.0787956714630127,False,0.0,-2.1814855619788034,16.933293162563984,-13.779170647411803,UP,0.03141522407531738,0.9845750144675927,0.1676990419645849,NORMAL,STABLE,NORMAL,NO_ACTION,False,0.0
2026-08-12T00:40:50.647677,0.24558050109416293,0.01545579593301344,0.05790645879732739,False,27,0.0787956714630127,False,0.0,-3.288712881178668,17.274959470070257,-14.013974654425624,UP,0.06409692764282227,0.9854075172539438,0.1276975387482302,NORMAL,STABLE,NORMAL,NO_ACTION,False,0.0
2026-08-12T00:40:50.679724,0.2513389726271734,0.017032061786651665,0.057971014492753624,False,27,0.0787956714630127,False,0.0,-2.03300469163608,17.26195166448983,-13.603727255009147,UP,0.09614348411560059,0.9857897296167696,0.11840592864785499,NORMAL,STABLE,NORMAL,NO_ACTION,False,0.0
2026-08-12T00:40:50.710843,0.2603649471973879,0.0226583862820298,0.05790645879732739,False,27,0.0787956714630127,False,0.0,-3.1587047248068814,17.06785641373054,-13.58741453590659,UP,0.12726211547851562,0.9853937998328189,0.10729941487927153,NORMAL,STABLE,NORMAL,NO_ACTION,False,0.0
2026-08-12T00:40:50.742750,0.2675873412454629,0.021103236044450264,0.05790645879732739,False,27,0.0787956714630127,False,0.0,-2.344839345005056,16.87243756231277,-13.320509136396424,UP,0.15916991233825684,0.9851413135502399,0.09648767807943973,NORMAL,STABLE,NORMAL,NO_ACTION,False,0.0
2026-08-12T00:40:50.776051,0.23544590736237983,0.026185151838067793,0.057971014492753624,False,27,0.0787956714630127,False,0.0,-1.6601398482241905,16.798206376041293,-13.320189466746825,UP,0.19247031211853027,0.9843836939514746,0.13862966375838434,NORMAL,STABLE,NORMAL,NO_ACTION,False,0.0
2026-08-12T00:40:50.807669,0.22870310689276693,0.08789028657236833,0.057971014492753624,False,27,0.0787956714630127,False,0.0,-3.4171523220691142,16.358743741206666,-13.204020605372165,UP,0.22408843040466309,0.9837166575574416,0.1488827463306442,NORMAL,STABLE,NORMAL,NO_ACTION,False,0.0
2026-08-12T00:40:50.839593,0.22973775962357001,0.013768616626967455,0.057971014492753624,False,27,0.0787956714630127,False,0.0,-2.312636977054865,18.111646713064943,-13.614672931422064,UP,0.2560124397277832,0.9846003059627915,0.1481010304472832,NORMAL,STABLE,NORMAL,NO_ACTION,False,0.0
2026-08-12T00:40:50.903871,0.26774918706464657,0.012834279250711367,0.05580357142857143,False,27,0.0787956714630127,False,0.0,-0.7962954561114088,18.92691432682369,-12.715815630195124,UP,0.32029056549072266,0.9836790284207819,0.09568218456628723,NORMAL,STABLE,NORMAL,NO_ACTION,False,0.0
2026-08-12T00:40:50.935547,0.25555183340758597,0.028786870169999833,0.055741360089186176,False,27,0.0787956714630127,False,0.0,-0.22893608396793752,18.614806132211072,-12.764617469220639,UP,0.35196685791015625,0.9831003381129972,0.11122055960325643,NORMAL,STABLE,NORMAL,NO_ACTION,False,0.0
2026-08-12T00:40:50.967837,0.2051108876124458,0.018012255253910904,0.055741360089186176,True,27,0.0787956714630127,False,0.0,-0.41410027307924224,18.042215255194577,-12.487717830340046,UP,0.38425636291503906,0.9825170797968108,0.17797327830063506,NORMAL,STABLE,NORMAL,NO_ACTION,False,0.0
2026-08-12T00:40:50.985988,0.2317141850244806,0.030498547667394117,0.054626532887402456,False,28,0.018150806427001953,False,0.0,9.520332357220752,40.433422320337684,173.35990310436074,UP,0.402407169342041,0.9498291207633173,0.18530770257546872,NORMAL,STABLE,NORMAL,NO_ACTION,False,0.0
2026-08-12T00:40:51.004694,0.16412846455409358,0.014522542839941394,0.0556792873051225,True,28,0.018150806427001953,False,0.0,1.0047574797692675,17.167178143081657,-12.195393434448363,UP,0.4211130142211914,0.9815194321201989,0.232271821244903,LOW,STABLE,NORMAL,NO_ACTION,False,0.0
2026-08-12T00:40:51.031577,0.2006527060520234,0.023425787845906876,0.05679287305122494,True,28,0.018150806427001953,False,0.026883363723754883,0.6372276863238824,17.798459838243843,-12.151969370162504,UP,0.4479963779449463,0.9816566197273663,0.18363302490524291,NORMAL,STABLE,NORMAL,NO_ACTION,False,0.026883363723754883
2026-08-12T00:40:51.063644,0.2079254398155882,0.011938658648805979,0.05790645879732739,True,28,0.018150806427001953,False,0.05895066261291504,0.1649610855527328,16.37696238506652,-11.743030404971819,UP,0.48006367683410645,0.9831143368484225,0.17206084118152817,NORMAL,STABLE,NORMAL,NO_ACTION,False,0.05895066261291504
2026-08-12T00:40:51.112015,0.2012069432263584,0.04499745043122369,0.05902004454342984,True,28,0.018150806427001953,False,0.10732173919677734,-0.7951646869400975,17.684954168600655,-11.305208511083919,UP,0.5284347534179688,0.9839625262560013,0.1790475931402392,NORMAL,STABLE,NORMAL,NO_ACTION,False,0.10732173919677734
2026-08-12T00:40:51.143203,0.2200311627763223,0.039736712147460336,0.05902004454342984,False,29,0.13850998878479004,False,0.0,0.45072636258879584,17.444770167324975,-11.059643827871838,UP,0.5596230030059814,0.9837190286351165,0.15455850728830406,NORMAL,STABLE,NORMAL,NO_ACTION,False,0.0
2026-08-12T00:40:51.175703,0.25345353203370996,0.051202330074150273,0.05902004454342984,False,29,0.13850998878479004,False,0.0,1.1227466381519662,17.485206128010418,-10.615754733392436,UP,0.5921227931976318,0.983436294367284,0.11165255814755659,NORMAL,STABLE,NORMAL,NO_ACTION,False,0.0
2026-08-12T00:40:51.207675,0.20418111762017244,0.01639207775852276,0.06020066889632107,True,29,0.13850998878479004,False,0.0,-0.4805960868466457,15.454535210303135,-10.864252231081366,UP,0.6240947246551514,0.9827555673439642,0.17688889208842068,NORMAL,STABLE,NORMAL,NO_ACTION,False,0.0
2026-08-12T00:40:51.239517,0.26542739134470644,0.04299225723436754,0.06020066889632107,False,30,0.03184223175048828,False,0.0,-0.33340597282139584,17.51431882560533,-10.55588606392621,UP,0.6559369564056396,0.9821051150977367,0.09765596150518177,NORMAL,STABLE,NORMAL,NO_ACTION,False,0.0
2026-08-12T00:40:51.303300,0.3748512412168889,0.007604168160205131,0.060133630289532294,False,30,0.03184223175048828,False,0.0,10.167490611392623,38.45939809423743,175.40494331737193,UP,0.7197198867797852,0.9503254319737369,0.09612743014253178,NORMAL,STABLE,NORMAL,NO_ACTION,False,0.0
2026-08-12T00:40:51.336870,0.36405724286006014,0.010419720107163919,0.060133630289532294,False,30,0.03184223175048828,False,0.0,10.749884168638658,38.34356872186021,175.36458778625752,UP,0.7532896995544434,0.9504078418817158,0.09800490146666307,NORMAL,STABLE,NORMAL,NO_ACTION,False,0.0
2026-08-12T00:40:51.368607,0.38373165717375274,0.012508981989179166,0.06020066889632107,False,30,0.03184223175048828,False,0.0,10.011246422539358,37.42139510889791,175.17686623434554,UP,0.7850260734558105,0.9504540970971936,0.09833420705259309,NORMAL,STABLE,NORMAL,NO_ACTION,False,0.0
2026-08-12T00:40:51.400865,0.36584182492999967,0.014309539321619035,0.06020066889632107,False,30,0.03184223175048828,False,0.0,2.0507773318106217,16.668663078917064,-9.987272559704365,UP,0.8172845840454102,0.9826408045053154,0.05904634039079268,NORMAL,STABLE,NORMAL,NO_ACTION,False,0.0
2026-08-12T00:40:51.432750,0.39435763755594866,0.01777617282084505,0.06020066889632107,False,30,0.03184223175048828,False,0.0,1.4443388639422494,16.300790555486685,-10.058559827623668,CENTER,0.0,0.9821255974579903,0.02284965858565571,NORMAL,STABLE,NORMAL,NO_ACTION,False,0.0
2026-08-12T00:40:51.463296,0.39507492905916897,0.009144876207864494,0.06020066889632107,False,30,0.03184223175048828,False,0.0,0.43673477541585726,18.10820410135878,-10.466565796406627,CENTER,0.0,0.9824008032193072,0.023577622031254845,NORMAL,STABLE,NORMAL,NO_ACTION,False,0.0
2026-08-12T00:40:51.497232,0.3730034345295523,0.010552485356829455,0.060267857142857144,False,30,0.03184223175048828,False,0.0,1.1948075397129685,17.156683982189293,-10.031549997114155,CENTER,0.0,0.9830482413837448,0.023201504948525794,NORMAL,STABLE,NORMAL,NO_ACTION,False,0.0
2026-08-12T00:40:51.532337,0.3813267327973988,0.007221444164702388,0.06020066889632107,False,30,0.03184223175048828,False,0.0,11.614424704843259,36.63966467952358,176.05044463482773,CENTER,0.0,0.9502717179105226,0.06402647668444367,NORMAL,STABLE,NORMAL,NO_ACTION,False,0.0
2026-08-12T00:40:51.563967,0.3964411633352596,0.0036693177606129156,0.06020066889632107,False,30,0.03184223175048828,False,0.0,0.3218125978754358,16.19405127272762,-9.585556932858907,CENTER,0.0,0.983920784572188,0.02123613361545487,NORMAL,STABLE,NORMAL,NO_ACTION,False,0.0
2026-08-12T00:40:51.596475,0.37863398684811045,0.0077700094991033294,0.06020066889632107,False,30,0.03184223175048828,False,0.0,1.2132529624344102,16.760107170378774,-9.11022758549987,CENTER,0.0,0.9841859433942044,0.022045651261802867,NORMAL,STABLE,NORMAL,NO_ACTION,False,0.0
2026-08-12T00:40:51.628770,0.40777717737309577,0.010823958972235915,0.06020066889632107,False,30,0.03184223175048828,False,0.0,0.34853802967830916,16.281843291185282,-8.940325957674503,CENTER,0.0,0.983580434456447,0.02070394103145504,NORMAL,STABLE,NORMAL,NO_ACTION,False,0.0
2026-08-12T00:40:51.665155,0.3915599329349427,0.009717936359438607,0.06020066889632107,False,30,0.03184223175048828,False,0.0,0.6110496173554623,16.170543963883887,-8.898063937650193,CENTER,0.0,0.9826583129715364,0.020835650360217884,NORMAL,STABLE,NORMAL,NO_ACTION,False,0.0
2026-08-12T00:40:51.703145,0.38510992585619946,0.024093941286367312,0.060133630289532294,False,30,0.03184223175048828,False,0.0,13.105732970990971,34.22403728608103,177.11663118710834,CENTER,0.0,0.9495367494713076,0.06378252554582832,NORMAL,STABLE,NORMAL,NO_ACTION,False,0.0
2026-08-12T00:40:51.735710,0.39605081702323847,0.005810136444958011,0.06020066889632107,False,30,0.03184223175048828,False,0.0,1.590200320611558,13.655193608512633,-8.02702259935586,CENTER,0.0,0.9827280923139574,0.019123113751301827,NORMAL,STABLE,NORMAL,NO_ACTION,False,0.0
2026-08-12T00:40:51.766910,0.3733823094126264,0.028776116298518617,0.060133630289532294,False,30,0.03184223175048828,False,0.0,2.2927257594832327,12.383046367333577,-7.7999135319085156,CENTER,0.0,0.9828801092035322,0.018662149101451492,NORMAL,STABLE,NORMAL,NO_ACTION,False,0.0
2026-08-12T00:40:51.800665,0.3458026530672474,0.023436550519338125,0.06020066889632107,False,30,0.03184223175048828,False,0.0,1.7672556869380855,11.942601226465342,-7.433117081024733,CENTER,0.0,0.9821670980152606,0.01748483021789287,NORMAL,STABLE,NORMAL,NO_ACTION,False,0.0
2026-08-12T00:40:51.840356,0.3792201062082984,0.00211995904615847,0.06020066889632107,False,30,0.03184223175048828,False,0.0,14.728188473683645,28.144209493816106,177.55623568470924,CENTER,0.0,0.9486158925611569,0.06154607624516424,NORMAL,STABLE,NORMAL,NO_ACTION,False,0.0
2026-08-12T00:40:51.868326,0.27238188079680226,0.005583404479516746,0.06020066889632107,False,30,0.03184223175048828,False,0.0,2.411557313739337,10.25364685415829,-6.874373169497574,CENTER,0.0,0.981629841285151,0.053171577686495,NORMAL,STABLE,NORMAL,NO_ACTION,False,0.0
2026-08-12T00:40:51.900280,0.1885816596997481,0.005971676452858731,0.06131549609810479,True,30,0.03184223175048828,False,0.0,2.1190810339596737,10.50899743385935,-6.635086534341042,CENTER,0.0,0.9813084597908093,0.16457755768685717,NORMAL,STABLE,NORMAL,NO_ACTION,False,0.0
2026-08-12T00:40:51.934843,0.19718469137683264,0.007339534094483124,0.06243032329988852,True,30,0.03184223175048828,False,0.03456234931945801,3.1323078039106633,8.071006200851457,-6.421254252399876,UP,0.0,0.9811999126586076,0.17811586462276674,NORMAL,RISING,NORMAL,NO_ACTION,False,0.03456234931945801
2026-08-12T00:40:51.959868,0.1810448778421555,0.005689271971036162,0.06354515050167224,True,30,0.03184223175048828,False,0.05958747863769531,3.2326798288706584,7.860421098526274,-6.349694126708499,UP,0.025025129318237305,0.9818038140860769,0.19951127155365642,NORMAL,STABLE,NORMAL,NO_ACTION,False,0.05958747863769531
2026-08-12T00:40:51.991713,0.16787130229314784,0.014782987254735485,0.06465997770345597,True,30,0.03184223175048828,False,0.09143304824829102,3.1739606153954583,10.822457081270926,-6.296753643515643,UP,0.05687069892883301,0.9825106497556584,0.21910776300974627,LOW,STABLE,NORMAL,NO_ACTION,False,0.09143304824829102
2026-08-12T00:40:52.022662,0.14362626048971117,0.0018268747521814773,0.06577480490523968,True,30,0.03184223175048828,False,0.12238216400146484,3.8030303543177126,9.41449079187504,-6.393685179680659,UP,0.08781981468200684,0.9822831602580591,0.2426184138639082,LOW,STABLE,NORMAL,NO_ACTION,False,0.12238216400146484
2026-08-12T00:40:52.044038,0.1439799243348282,0.0028995117022082018,0.06688963210702341,True,30,0.03184223175048828,False,0.14375734329223633,3.037505634593572,9.601424883812768,-6.555000510942506,UP,0.10919499397277832,0.9822186187199932,0.24217159055623286,LOW,STABLE,NORMAL,NO_ACTION,False,0.14375734329223633
2026-08-12T00:40:52.086759,0.25428276833182706,0.005531255857041849,0.066815144766147,False,31,0.1864786148071289,False,0.0,16.253186256709284,25.462340068079413,178.5551722979555,UP,0.1519162654876709,0.9492936765010574,0.15085224030616673,NORMAL,STABLE,NORMAL,NO_ACTION,False,0.0
2026-08-12T00:40:52.119212,0.2915199801113357,0.024789603834012713,0.066815144766147,False,31,0.1864786148071289,False,0.0,15.84316122950608,27.176513744916747,178.7859537828939,UP,0.18436980247497559,0.9487622983467648,0.10031613041212745,NORMAL,STABLE,NORMAL,NO_ACTION,False,0.0
2026-08-12T00:40:52.167861,0.30397204647124587,0.011324908734914315,0.066815144766147,False,31,0.1864786148071289,False,0.0,2.952640966423303,10.08675176434528,-5.954828619442992,UP,0.233018159866333,0.9813935372728052,0.041862439579157654,NORMAL,STABLE,NORMAL,NO_ACTION,False,0.0
2026-08-12T00:40:52.200073,0.3266004983222402,0.06439581915573475,0.066815144766147,False,31,0.1864786148071289,False,0.0,3.3434395286740823,9.774149152927379,-5.822512656693931,UP,0.265230655670166,0.9822860001929012,0.04188558019635749,NORMAL,STABLE,NORMAL,NO_ACTION,False,0.0
2026-08-12T00:40:52.231041,0.3059478244839632,0.03871277797830081,0.066815144766147,False,31,0.1864786148071289,False,0.0,15.749261515475098,26.823433295460575,178.90138018718534,UP,0.29619860649108887,0.9494775448673982,0.08838262890298075,NORMAL,STABLE,NORMAL,NO_ACTION,False,0.0
2026-08-12T00:40:52.262710,0.2395044269948159,0.03239219793708169,0.06674082313681869,False,31,0.1864786148071289,False,0.0,3.8615463705687887,9.930427726073901,-6.319948844784875,UP,0.3278677463531494,0.9814690098808299,0.12363714238682459,NORMAL,STABLE,NORMAL,NO_ACTION,False,0.0
2026-08-12T00:40:52.295333,0.274455296582751,0.025627332908047327,0.06674082313681869,False,31,0.1864786148071289,False,0.0,15.905803107778837,25.106095322289633,178.0904792897445,UP,0.3604907989501953,0.9492529765732167,0.12264623671253655,NORMAL,STABLE,NORMAL,NO_ACTION,False,0.0
2026-08-12T00:40:52.326455,0.2604329476005338,0.058291653519964605,0.06674082313681869,False,31,0.1864786148071289,False,0.0,17.951926752823482,24.846288831120887,177.8911013289424,UP,0.3916127681732178,0.9490419792381115,0.14333706292141837,NORMAL,STABLE,NORMAL,NO_ACTION,False,0.0
2026-08-12T00:40:52.359931,0.2221653719686875,0.022196420587402607,0.06674082313681869,False,31,0.1864786148071289,False,0.0,4.2505129605063985,8.112856353956232,-6.581736398191083,UP,0.42508888244628906,0.9812324915337791,0.14606984412427895,NORMAL,STABLE,NORMAL,NO_ACTION,False,0.0
2026-08-12T00:40:52.390819,0.2378780926665095,0.0039029148766177475,0.06674082313681869,False,31,0.1864786148071289,False,0.0,2.5635768595472257,7.599101793389906,-6.67816014975341,UP,0.4559764862060547,0.9810513385202332,0.12321690041550286,NORMAL,STABLE,NORMAL,NO_ACTION,False,0.0
2026-08-12T00:40:52.423896,0.24363979516938214,0.012328710339543044,0.06674082313681869,False,31,0.1864786148071289,False,0.0,16.382996690040727,26.4478183026377,177.59127725185283,UP,0.48905372619628906,0.9486776611439758,0.16614835153539417,NORMAL,STABLE,NORMAL,NO_ACTION,False,0.0
2026-08-12T00:40:52.454973,0.22446144400815554,0.00819773244672933,0.06674082313681869,False,31,0.1864786148071289,False,0.0,3.331188014219663,8.552079493840779,-6.796141077765185,UP,0.520129919052124,0.9810103068201304,0.13918578250069952,NORMAL,STABLE,NORMAL,NO_ACTION,False,0.0
2026-08-12T00:40:52.488221,0.2719225656696469,0.024509671278593204,0.066815144766147,False,31,0.1864786148071289,False,0.0,16.472684376191182,25.14239352897181,177.76976005660458,UP,0.5533781051635742,0.9483103387917238,0.12449770103348355,NORMAL,STABLE,NORMAL,NO_ACTION,False,0.0
2026-08-12T00:40:52.519328,0.23727268011519975,0.0059179008117558616,0.066815144766147,False,31,0.1864786148071289,False,0.0,2.2412073906801027,10.102785380256648,-7.142813390753361,UP,0.5844850540161133,0.9818183084705076,0.1252970327512569,NORMAL,STABLE,NORMAL,NO_ACTION,False,0.0
2026-08-12T00:40:52.550697,0.2771578367699554,0.003859729869233724,0.066815144766147,False,31,0.1864786148071289,False,0.0,15.008349142971582,26.159012147745443,177.56601936328838,UP,0.6158547401428223,0.948861361168267,0.11955660899535546,NORMAL,STABLE,NORMAL,NO_ACTION,False,0.0
2026-08-12T00:40:52.584068,0.26410149342080647,0.007135401550432813,0.066815144766147,False,31,0.1864786148071289,False,0.0,15.582096279917295,27.403047423990415,177.77872987671861,UP,0.6492252349853516,0.948473578782293,0.14014813948864327,NORMAL,STABLE,NORMAL,NO_ACTION,False,0.0
2026-08-12T00:40:52.615946,0.2809015805584004,0.005791422177495343,0.06570155902004454,False,31,0.1864786148071289,False,0.0,2.858228886476752,11.308961230561266,-7.221270643125763,UP,0.6811037063598633,0.9817061846279149,0.07285282104089758,NORMAL,STABLE,NORMAL,NO_ACTION,False,0.0
2026-08-12T00:40:52.647767,0.3102508584037229,0.012123486353819437,0.0645879732739421,False,31,0.1864786148071289,False,0.0,3.3882548787674125,11.663620140497102,-7.099547739146374,UP,0.7129247188568115,0.9814164442944101,0.049416495624737836,NORMAL,STABLE,NORMAL,NO_ACTION,False,0.0
2026-08-12T00:40:52.694618,0.3822532225953318,0.012585691339399336,0.06243032329988852,False,31,0.1864786148071289,False,0.0,14.868449633328794,28.534917222237084,178.1998802887241,UP,0.7597756385803223,0.9485716056527205,0.09582950507247401,NORMAL,STABLE,NORMAL,NO_ACTION,False,0.0
2026-08-12T00:40:52.726715,0.40243983645179937,0.022370843724138174,0.062360801781737196,False,31,0.1864786148071289,False,0.0,2.4391162763618865,12.798695273832351,-6.644531018257737,CENTER,0.0,0.9815654471021947,0.017990718055549672,NORMAL,STABLE,NORMAL,NO_ACTION,False,0.0
2026-08-12T00:40:52.759274,0.40025306479346995,0.009186812071375845,0.06243032329988852,False,31,0.1864786148071289,False,0.0,15.74826040115994,27.726878537125913,178.7972515169348,CENTER,0.0,0.9490499172132202,0.06208441839985055,NORMAL,STABLE,NORMAL,NO_ACTION,False,0.0
2026-08-12T00:40:52.790978,0.41567882064837525,0.005483553010553847,0.062360801781737196,False,31,0.1864786148071289,False,0.0,15.531817432190053,27.75723926736532,178.90727035791133,CENTER,0.0,0.9488737148848309,0.06193696272852195,NORMAL,STABLE,NORMAL,NO_ACTION,False,0.0
2026-08-12T00:40:52.824266,0.41582753765099534,0.006232618976550709,0.06243032329988852,False,31,0.1864786148071289,False,0.0,16.035312591439833,27.59651170048619,178.8252409652373,CENTER,0.0,0.9480735462748628,0.06222852759297337,NORMAL,STABLE,NORMAL,NO_ACTION,False,0.0
2026-08-12T00:40:52.854698,0.4177907280215335,0.02846594241068422,0.062360801781737196,False,31,0.1864786148071289,False,0.0,2.9041490407290382,10.446134316820121,-5.839021341940764,CENTER,0.0,0.9806854155949931,0.01596377959731138,NORMAL,STABLE,NORMAL,NO_ACTION,False,0.0
2026-08-12T00:40:52.887688,0.41458845463000693,0.03419346366548847,0.06243032329988852,False,31,0.1864786148071289,False,0.0,16.41437398977348,25.848136046386685,179.2300155997662,CENTER,0.0,0.9485889189850537,0.06151876636070556,NORMAL,STABLE,NORMAL,NO_ACTION,False,0.0
2026-08-12T00:40:52.919207,0.40625812214176665,0.014000712944988496,0.062360801781737196,False,31,0.1864786148071289,False,0.0,16.453614544792373,26.20438901764703,179.2304071491464,CENTER,0.0,0.9487934027777777,0.0617520720779707,NORMAL,STABLE,NORMAL,NO_ACTION,False,0.0
2026-08-12T00:40:52.950833,0.41847115851053374,0.03794252557917396,0.062360801781737196,False,31,0.1864786148071289,False,0.0,16.977258809608117,25.099606799319076,179.12685556878364,CENTER,0.0,0.948787679148091,0.061519899185974884,NORMAL,STABLE,NORMAL,NO_ACTION,False,0.0
2026-08-12T00:40:52.983932,0.419125562561266,0.026380458302441706,0.06243032329988852,False,31,0.1864786148071289,False,0.0,16.259388228641768,25.83118139698655,179.2052219663409,CENTER,0.0,0.9488360192151062,0.061391083886885196,NORMAL,STABLE,NORMAL,NO_ACTION,False,0.0
2026-08-12T00:40:53.040792,0.39715212193570687,0.019696359507266985,0.06243032329988852,False,31,0.1864786148071289,False,0.0,16.65518680286189,23.567307937828247,178.8389106406321,CENTER,0.0,0.9481775039651922,0.06039970375237433,NORMAL,STABLE,NORMAL,NO_ACTION,False,0.0
2026-08-12T00:40:53.067076,0.42737498380219935,0.005497647112607565,0.06243032329988852,False,31,0.1864786148071289,False,0.0,16.901809764875793,25.298046393082473,179.56307452513965,CENTER,0.0,0.9480219429619627,0.061575768746665156,NORMAL,STABLE,NORMAL,NO_ACTION,False,0.0
2026-08-12T00:40:53.096839,0.415020275988826,0.04005823761974449,0.06243032329988852,False,31,0.1864786148071289,False,0.0,15.735133220464434,26.511006124016944,179.37452040782455,CENTER,0.0,0.9490327981217135,0.061380130517626426,NORMAL,STABLE,NORMAL,NO_ACTION,False,0.0
2026-08-12T00:40:53.129701,0.3944268616831569,0.0121586117688903,0.06243032329988852,False,31,0.1864786148071289,False,0.0,2.48580812786372,11.576377071978527,-5.887234301307444,CENTER,0.0,0.9817721327374829,0.016423646520815984,NORMAL,STABLE,NORMAL,NO_ACTION,False,0.0
2026-08-12T00:40:53.155390,0.41167589575300106,0.03758356271123366,0.062360801781737196,False,31,0.1864786148071289,False,0.0,15.54606047551178,26.017922630020593,179.42360436983734,CENTER,0.0,0.948810599565615,0.06095461398714115,NORMAL,STABLE,NORMAL,NO_ACTION,False,0.0
2026-08-12T00:40:53.183932,0.42402279940129667,0.011514468652944242,0.062360801781737196,False,31,0.1864786148071289,False,0.0,16.854120222512364,24.293076110356594,179.55456890280817,CENTER,0.0,0.9489572254908266,0.06096559658856591,NORMAL,STABLE,NORMAL,NO_ACTION,False,0.0
2026-08-12T00:40:53.222629,0.4083245083071365,0.01863497384741092,0.062360801781737196,False,31,0.1864786148071289,False,0.0,15.892796477089547,24.882050536942273,179.91329824970182,CENTER,0.0,0.9484707040180612,0.060569996001067127,NORMAL,STABLE,NORMAL,NO_ACTION,False,0.0
2026-08-12T00:40:53.254658,0.4213728847402813,0.07363952064353171,0.062360801781737196,False,31,0.1864786148071289,False,0.0,16.647007570874393,26.057901925128363,179.83814992063515,CENTER,0.0,0.9473090661794122,0.06181566726608731,NORMAL,STABLE,NORMAL,NO_ACTION,False,0.0
2026-08-12T00:40:53.287853,0.41855777370914315,0.03680869924210196,0.06243032329988852,False,31,0.1864786148071289,False,0.0,17.380595511188176,25.25635995257676,179.8188110625331,CENTER,0.0,0.9480657248442501,0.06191649612877176,NORMAL,STABLE,NORMAL,NO_ACTION,False,0.0
2026-08-12T00:40:53.319227,0.4185794091026229,0.03655399721149829,0.06243032329988852,False,31,0.1864786148071289,False,0.0,16.39927100009362,25.811377648391755,179.88929361082728,CENTER,0.0,0.9483881905149748,0.06148627749558799,NORMAL,STABLE,NORMAL,NO_ACTION,False,0.0
2026-08-12T00:40:53.350850,0.39901666159044147,0.020623319149933133,0.062360801781737196,False,31,0.1864786148071289,False,0.0,16.945448673780675,24.218501566055778,179.82197251196453,CENTER,0.0,0.9488054586584076,0.06099254708796055,NORMAL,STABLE,NORMAL,NO_ACTION,False,0.0
2026-08-12T00:40:53.387248,0.41764265283142804,0.03974359595341096,0.06243032329988852,False,31,0.1864786148071289,False,0.0,16.824730743623633,26.24711053168994,179.914243575338,CENTER,0.0,0.9485507312385689,0.06205902252033901,NORMAL,STABLE,NORMAL,NO_ACTION,False,0.0
2026-08-12T00:40:53.415388,0.41461118030799826,0.03832070440616406,0.062360801781737196,False,31,0.1864786148071289,False,0.0,17.801591065623995,23.09356703987646,179.70252332937207,CENTER,0.0,0.9479289922518003,0.06100201962571807,NORMAL,STABLE,NORMAL,NO_ACTION,False,0.0
2026-08-12T00:40:53.447635,0.29855533692126623,0.0442417672727419,0.06243032329988852,False,31,0.1864786148071289,False,0.0,16.588558058025995,23.831793801457195,179.40326932828964,CENTER,0.0,0.9477012254586762,0.062486476660791615,NORMAL,STABLE,NORMAL,NO_ACTION,False,0.0
2026-08-12T00:40:53.478916,0.10828659578669214,0.023230658545213712,0.06354515050167224,True,31,0.1864786148071289,False,0.0,5.367426765788281,5.753878166688423,-4.324048472732812,UP,0.0,0.980268856095679,0.2394881103871101,LOW,STABLE,NORMAL,NO_ACTION,False,0.0
2026-08-12T00:40:53.511462,0.1272739815334658,0.035226270599671275,0.06465997770345597,True,31,0.1864786148071289,False,0.032546281814575195,19.67568634358676,16.581701641718183,178.0960453866552,UP,0.032546281814575195,0.948183862114912,0.29178023963914734,LOW,RISING,NORMAL,NO_ACTION,False,0.032546281814575195
2026-08-12T00:40:53.542768,0.1558134391782951,0.022291517887766833,0.06570155902004454,True,31,0.1864786148071289,False,0.06385207176208496,5.186156903513563,7.112522956514596,-4.663007891102552,UP,0.06385207176208496,0.9812558138288752,0.23286995081086775,LOW,STABLE,NORMAL,NO_ACTION,False,0.06385207176208496
2026-08-12T00:40:53.575325,0.30138309759243653,0.0148025172322961,0.06577480490523968,False,32,0.09640908241271973,False,0.0,18.748418624971492,20.8444291232704,179.1334073027798,UP,0.09640908241271973,0.9486943011081105,0.08725192671469097,NORMAL,STABLE,NORMAL,NO_ACTION,False,0.0
2026-08-12T00:40:53.607569,0.3417969775749318,0.024850855965182616,0.06577480490523968,False,32,0.09640908241271973,False,0.0,15.726399265291775,24.880071321052867,179.72821482526285,UP,0.12865328788757324,0.9485432335426669,0.0872555144928723,NORMAL,STABLE,NORMAL,NO_ACTION,False,0.0
2026-08-12T00:40:53.640054,0.39398057707811174,0.0014920318479149097,0.06570155902004454,False,32,0.09640908241271973,False,0.0,16.174794740108666,26.499650610610047,-179.90010516609038,UP,0.16113829612731934,0.9478962302990682,0.0885217276567531,NORMAL,STABLE,NORMAL,NO_ACTION,False,0.0
2026-08-12T00:40:53.670702,0.3908158319802262,0.005567012334394875,0.06570155902004454,False,32,0.09640908241271973,False,0.0,17.77440301249598,24.164859344131088,179.8599977616708,UP,0.1917860507965088,0.9476677124414151,0.08840639193475597,NORMAL,STABLE,NORMAL,NO_ACTION,False,0.0
2026-08-12T00:40:53.702979,0.38285869045426035,0.031200754002487355,0.06570155902004454,False,32,0.09640908241271973,False,0.0,16.475139248729704,24.844112174774466,179.85971469470695,CENTER,0.0,0.9478527203539381,0.0609917084668611,NORMAL,STABLE,NORMAL,NO_ACTION,False,0.0
2026-08-12T00:40:53.751772,0.3869941914556736,0.006624961724849617,0.06577480490523968,False,32,0.09640908241271973,False,0.0,16.195652238736386,26.40601232629203,-179.8358483742321,CENTER,0.0,0.9482846342556871,0.06167080015673751,NORMAL,STABLE,NORMAL,NO_ACTION,False,0.0
2026-08-12T00:40:53.783676,0.3677343348689838,0.0268629639151517,0.06577480490523968,False,32,0.09640908241271973,False,0.0,17.087055242293616,23.70549754216347,179.84023630359025,CENTER,0.0,0.9486662915809327,0.06080742355467947,NORMAL,STABLE,NORMAL,NO_ACTION,False,0.0
2026-08-12T00:40:53.815028,0.3582217222394459,0.029818967508074903,0.06570155902004454,False,32,0.09640908241271973,False,0.0,18.210104970274898,23.616365979811064,179.94756685637083,CENTER,0.0,0.9487536093071273,0.06161157953499312,NORMAL,STABLE,NORMAL,NO_ACTION,False,0.0
2026-08-12T00:40:53.846388,0.3952057053377207,0.011707102976041208,0.06570155902004454,False,32,0.09640908241271973,False,0.0,16.949883626158368,24.56072463418161,-179.92149668933303,CENTER,0.0,0.9488570619713076,0.061191341566878214,NORMAL,STABLE,NORMAL,NO_ACTION,False,0.0
2026-08-12T00:40:53.879325,0.38148654999192694,0.009413696357492176,0.06570155902004454,False,32,0.09640908241271973,False,0.0,16.66016260937593,25.32962820003121,179.83747742570972,CENTER,0.0,0.9481318832697474,0.06140982072001427,NORMAL,STABLE,NORMAL,NO_ACTION,False,0.0
2026-08-12T00:40:53.911691,0.4009658544441989,0.04983583057529156,0.06577480490523968,False,32,0.09640908241271973,False,0.0,17.32296672051075,25.03037827618857,-179.893289975036,CENTER,0.0,0.948371848386774,0.06174357836565448,NORMAL,STABLE,NORMAL,NO_ACTION,False,0.0
2026-08-12T00:40:53.943506,0.3882333117878482,0.04640752607104906,0.06577480490523968,False,32,0.09640908241271973,False,0.0,16.8890407408216,27.0760633900058,-179.8242854239968,CENTER,0.0,0.9481816866176553,0.06258133862142891,NORMAL,STABLE,NORMAL,NO_ACTION,False,0.0
2026-08-12T00:40:53.974320,0.3941536251943947,0.024688155903122486,0.06570155902004454,False,32,0.09640908241271973,False,0.0,17.23709261878662,23.002235060202338,179.53650503054934,CENTER,0.0,0.9493455517511145,0.06052007665932691,NORMAL,STABLE,NORMAL,NO_ACTION,False,0.0
2026-08-12T00:40:54.007876,0.3858571053851595,0.004031050216728315,0.06570155902004454,False,32,0.09640908241271973,False,0.0,3.7408628348866557,11.579305835397918,-5.110193271100371,CENTER,0.0,0.982310662079904,0.016886071205404522,NORMAL,STABLE,NORMAL,NO_ACTION,False,0.0
2026-08-12T00:40:54.039682,0.390011364926383,0.010035114299533542,0.06570155902004454,False,32,0.09640908241271973,False,0.0,16.49352734152143,25.9219243437781,179.9817286713083,CENTER,0.0,0.9488418723386773,0.06162116600895598,NORMAL,STABLE,NORMAL,NO_ACTION,False,0.0
2026-08-12T00:40:54.103914,0.3880148118230465,0.035370449191109904,0.06584821428571429,False,32,0.09640908241271973,False,0.0,15.753358710955325,26.95518740542653,-179.90784407786353,CENTER,0.0,0.948692190357796,0.061647645315922595,NORMAL,STABLE,NORMAL,NO_ACTION,False,0.0
2026-08-12T00:40:54.135592,0.38401918444651806,0.013164538106949262,0.06577480490523968,False,32,0.09640908241271973,False,0.0,17.113330960972263,24.929323032204564,179.81224722175057,CENTER,0.0,0.948746279953275,0.06152626369581652,NORMAL,STABLE,NORMAL,NO_ACTION,False,0.0
2026-08-12T00:40:54.154232,0.3742314921237865,0.04333003559612483,0.06577480490523968,False,32,0.09640908241271973,False,0.0,16.468091371871537,24.482975053280967,179.66942157067984,CENTER,0.0,0.9488257244513031,0.060780124201743876,NORMAL,STABLE,NORMAL,NO_ACTION,False,0.0
2026-08-12T00:40:54.179174,0.38707858515528265,0.00602664888127911,0.06570155902004454,False,32,0.09640908241271973,False,0.0,16.625713354067756,27.616088413994134,-179.89257530795723,CENTER,0.0,0.9488823132787495,0.06268921767618871,NORMAL,STABLE,NORMAL,NO_ACTION,False,0.0
2026-08-12T00:40:54.203705,0.392819586265993,0.04315197440968057,0.06570155902004454,False,32,0.09640908241271973,False,0.0,16.671019837036624,26.0021455585196,179.93569515886344,CENTER,0.0,0.9494324162487139,0.06180211113090146,NORMAL,STABLE,NORMAL,NO_ACTION,False,0.0
2026-08-12T00:40:54.231732,0.41031235849064585,0.011653046721709769,0.06570155902004454,False,32,0.09640908241271973,False,0.0,17.870394498876493,26.597084193080804,-179.72648047930772,CENTER,0.0,0.9492763631687241,0.06305499939004733,NORMAL,STABLE,NORMAL,NO_ACTION,False,0.0
2026-08-12T00:40:54.279075,0.406093222212203,0.01203125753536983,0.06570155902004454,False,32,0.09640908241271973,False,0.0,17.584313323377472,25.413813131849707,179.76393907804692,CENTER,0.0,0.9488175533872028,0.062161509691524806,NORMAL,STABLE,NORMAL,NO_ACTION,False,0.0
2026-08-12T00:40:54.312474,0.3913883311158641,0.0073386250298304295,0.06577480490523968,False,32,0.09640908241271973,False,0.0,17.29228406397877,27.10051654929714,-179.93215819257543,CENTER,0.0,0.9486440315822188,0.06290231789289824,NORMAL,STABLE,NORMAL,NO_ACTION,False,0.0
2026-08-12T00:40:54.342858,0.401347240678087,0.048694111870404726,0.06570155902004454,False,32,0.09640908241271973,False,0.0,18.189626077040174,25.778782042001893,179.89071280540918,CENTER,0.0,0.9491650631751544,0.06283078076965214,NORMAL,STABLE,NORMAL,NO_ACTION,False,0.0
2026-08-12T00:40:54.375721,0.39053812460714177,0.009752311098299559,0.06577480490523968,False,32,0.09640908241271973,False,0.0,18.1328875011574,24.88932290590043,179.6386731664611,CENTER,0.0,0.9487809713648835,0.06227967870973666,NORMAL,STABLE,NORMAL,NO_ACTION,False,0.0
2026-08-12T00:40:54.409923,0.38810203616286787,0.005633198132695596,0.06577480490523968,False,32,0.09640908241271973,False,0.0,17.415826265980485,26.996718321649865,-179.98483372252568,CENTER,0.0,0.9493381188021548,0.06293710741162968,NORMAL,STABLE,NORMAL,NO_ACTION,False,0.0
2026-08-12T00:40:54.438392,0.42256119212240567,0.017086424568163085,0.06570155902004454,False,32,0.09640908241271973,False,0.0,17.569302348548746,26.097467472908903,179.88015956133273,CENTER,0.0,0.949613979623914,0.06254046441571087,NORMAL,STABLE,NORMAL,NO_ACTION,False,0.0
2026-08-12T00:40:54.504069,0.4020773524036674,0.013089939864356456,0.06577480490523968,False,32,0.09640908241271973,False,0.0,17.35472497936908,26.909150985745185,179.93103373158613,CENTER,0.0,0.9483198306934443,0.06284058382640009,NORMAL,STABLE,NORMAL,NO_ACTION,False,0.0
2026-08-12T00:40:54.534509,0.41166416339734263,0.007564836354038841,0.06570155902004454,False,32,0.09640908241271973,False,0.0,16.59630237870357,27.165891152363002,179.8855846248564,CENTER,0.0,0.9486500012502858,0.06240975135187036,NORMAL,STABLE,NORMAL,NO_ACTION,False,0.0
2026-08-12T00:40:54.567196,0.39775931108185725,0.013671993931106541,0.06570155902004454,False,32,0.09640908241271973,False,0.0,16.86656438960759,25.90674177703559,179.75968956537463,CENTER,0.0,0.9491249977673469,0.06189651425586724,NORMAL,STABLE,NORMAL,NO_ACTION,False,0.0
2026-08-12T00:40:54.599030,0.43399796588324846,0.010567969061372416,0.06577480490523968,False,32,0.09640908241271973,False,0.0,16.70185123482952,26.38265613766282,179.7342318209337,CENTER,0.0,0.9487789771590648,0.062042866093948316,NORMAL,STABLE,NORMAL,NO_ACTION,False,0.0
2026-08-12T00:40:54.631722,0.3765504312644812,0.004867270450554591,0.06577480490523968,False,32,0.09640908241271973,False,0.0,4.029753597812373,12.13031487967018,-5.251747192073083,CENTER,0.0,0.9819552281592936,0.017698524470021865,NORMAL,STABLE,NORMAL,NO_ACTION,False,0.0
2026-08-12T00:40:54.663506,0.3984186692058311,0.016164402417479715,0.06577480490523968,False,32,0.09640908241271973,False,0.0,18.066372142855727,25.359582699647774,179.77805688887014,CENTER,0.0,0.9493029871113396,0.06249756615130534,NORMAL,STABLE,NORMAL,NO_ACTION,False,0.0
2026-08-12T00:40:54.691473,0.39468494043183644,0.02861407690261334,0.06577480490523968,False,32,0.09640908241271973,False,0.0,17.76952129389602,24.762959579013994,179.44809502287796,CENTER,0.0,0.9494774283229024,0.061930867301908,NORMAL,STABLE,NORMAL,NO_ACTION,False,0.0
2026-08-12T00:40:54.716511,0.4181641510782388,0.03349031366901908,0.06577480490523968,False,32,0.09640908241271973,False,0.0,17.167163152665495,26.714617419524558,179.9019196237869,CENTER,0.0,0.9485140326717535,0.06258669706778544,NORMAL,STABLE,NORMAL,NO_ACTION,False,0.0
2026-08-12T00:40:54.739032,0.4101826181048246,0.013489198312174775,0.06570155902004454,False,32,0.09640908241271973,False,0.0,17.283124038119837,25.72453824406722,179.672235786287,CENTER,0.0,0.9487895697588021,0.06210962603575087,NORMAL,STABLE,NORMAL,NO_ACTION,False,0.0
2026-08-12T00:40:54.758880,0.41040194755143994,0.009615970995687343,0.06570155902004454,False,32,0.09640908241271973,False,0.0,17.308999980045144,27.05710850573257,-179.98474995079442,CENTER,0.0,0.9492440414951988,0.06289025776057452,NORMAL,STABLE,NORMAL,NO_ACTION,False,0.0
2026-08-12T00:40:54.807718,0.43024951412730594,0.031146243716076112,0.06570155902004454,False,32,0.09640908241271973,False,0.0,17.190537052454147,25.304740665422855,179.73166138343856,CENTER,0.0,0.9491737004172383,0.06179941859339436,NORMAL,STABLE,NORMAL,NO_ACTION,False,0.0
2026-08-12T00:40:54.838787,0.3854060863974367,0.03510235694181436,0.06570155902004454,False,32,0.09640908241271973,False,0.0,18.410634085097456,25.506916564761582,179.75598790230106,CENTER,0.0,0.948763735728881,0.06284380691109817,NORMAL,STABLE,NORMAL,NO_ACTION,False,0.0
2026-08-12T00:40:54.904613,0.4150745520811048,0.02127901050552498,0.06577480490523968,False,32,0.09640908241271973,False,0.0,4.3094677265368375,11.013883759137684,-5.029082503302021,CENTER,0.0,0.9816724670996227,0.01694714960292575,NORMAL,STABLE,NORMAL,NO_ACTION,False,0.0
2026-08-12T00:40:54.935515,0.4190703282308662,0.020780155051848943,0.06570155902004454,False,32,0.09640908241271973,False,0.0,17.070362768453606,26.092938566403234,179.72571316296086,CENTER,0.0,0.9484191395533265,0.06215800247325299,NORMAL,STABLE,NORMAL,NO_ACTION,False,0.0
2026-08-12T00:40:54.967480,0.4036301283155257,0.051468489845475036,0.06570155902004454,False,32,0.09640908241271973,False,0.0,17.2463905608777,26.191557021744927,179.99105860906803,CENTER,0.0,0.9494138338763146,0.06234833769993183,NORMAL,STABLE,NORMAL,NO_ACTION,False,0.0
2026-08-12T00:40:54.999798,0.36970347872051645,0.010282379085795278,0.06570155902004454,False,32,0.09640908241271973,False,0.0,17.96079860255668,26.41799381915996,-179.91394347454036,CENTER,0.0,0.9494502864047496,0.06302156499270735,NORMAL,STABLE,NORMAL,NO_ACTION,False,0.0
2026-08-12T00:40:55.031811,0.3945667180886184,0.01550253712731289,0.06570155902004454,False,32,0.09640908241271973,False,0.0,17.130631327660637,25.965081071194618,179.6487936660086,CENTER,0.0,0.9489949988568815,0.062130879129103596,NORMAL,STABLE,NORMAL,NO_ACTION,False,0.0
2026-08-12T00:40:55.062719,0.4024747363342859,0.058331987497168045,0.06570155902004454,False,32,0.09640908241271973,False,0.0,17.80357630296217,26.658488355826478,179.89662910155334,CENTER,0.0,0.9486831646340592,0.06303918956082596,NORMAL,STABLE,NORMAL,NO_ACTION,False,0.0
2026-08-12T00:40:55.096026,0.4074529086872951,0.020081568411581905,0.06570155902004454,False,32,0.09640908241271973,False,0.0,17.281929846678338,26.724969398224943,179.9585759389015,CENTER,0.0,0.9487808030228339,0.06267998780721074,NORMAL,STABLE,NORMAL,NO_ACTION,False,0.0
2026-08-12T00:40:55.127382,0.3711658654134094,0.004319155218082815,0.06577480490523968,False,32,0.09640908241271973,False,0.0,18.649294922417198,24.709823159873253,179.86378387214438,CENTER,0.0,0.9486395251950446,0.06257035515680409,NORMAL,STABLE,NORMAL,NO_ACTION,False,0.0
2026-08-12T00:40:55.158805,0.4262522458141881,0.016911928213999783,0.06577480490523968,False,32,0.09640908241271973,False,0.0,18.445127725008263,25.669832220550376,179.91252071024888,CENTER,0.0,0.9488238338405921,0.0629630980869992,NORMAL,STABLE,NORMAL,NO_ACTION,False,0.0
2026-08-12T00:40:55.191493,0.41317891502867504,0.028791739952609016,0.06577480490523968,False,32,0.09640908241271973,False,0.0,18.411099462227952,26.620683916552622,-179.81435110939992,CENTER,0.0,0.9491524763695988,0.06348015000061896,NORMAL,STABLE,NORMAL,NO_ACTION,False,0.0
2026-08-12T00:40:55.218405,0.39213306708183926,0.03451117759902143,0.06577480490523968,False,32,0.09640908241271973,False,0.0,17.24541075441317,27.581900120230728,-179.86607360293272,CENTER,0.0,0.9491809779735368,0.06314151208263315,NORMAL,STABLE,NORMAL,NO_ACTION,False,0.0
2026-08-12T00:40:55.243713,0.39360165029411454,0.003099218474322598,0.06577480490523968,False,32,0.09640908241271973,False,0.0,17.62749197770458,26.930680323327238,179.80770388056544,CENTER,0.0,0.9494627307670325,0.0630605532353992,NORMAL,STABLE,NORMAL,NO_ACTION,False,0.0
2026-08-12T00:40:55.286598,0.40160634910911464,0.004840782050740034,0.06570155902004454,False,32,0.09640908241271973,False,0.0,17.220417166362438,28.015855491923247,179.9923805428415,CENTER,0.0,0.9488457830539837,0.0633702820793862,NORMAL,STABLE,NORMAL,NO_ACTION,False,0.0
2026-08-12T00:40:55.335752,0.3728025905202188,0.012803517930579773,0.06577480490523968,False,32,0.09640908241271973,False,0.0,16.34025556934489,26.561688257406587,179.65825033567,CENTER,0.0,0.9493893983803441,0.06186979108757635,NORMAL,STABLE,NORMAL,NO_ACTION,False,0.0
2026-08-12T00:40:55.366674,0.3440122053961641,0.006247479216652178,0.06577480490523968,False,32,0.09640908241271973,False,0.0,16.367980475744474,28.52119312483839,-179.49278034285254,CENTER,0.0,0.9497286464584762,0.06300982575275353,NORMAL,STABLE,NORMAL,NO_ACTION,False,0.0
2026-08-12T00:40:55.400325,0.3427872520725568,0.02815973526520592,0.06577480490523968,False,32,0.09640908241271973,False,0.0,17.881809699997774,25.513637424016082,-179.84092276806334,CENTER,0.0,0.9500090654649634,0.062445015577798,NORMAL,STABLE,NORMAL,NO_ACTION,False,0.0
2026-08-12T00:40:55.431726,0.34901739905449003,0.005071120144578505,0.06577480490523968,False,32,0.09640908241271973,False,0.0,16.621800671894533,25.321408556973438,-179.81505494687897,CENTER,0.0,0.950077515932213,0.061375919610398774,NORMAL,STABLE,NORMAL,NO_ACTION,False,0.0
2026-08-12T00:40:55.462981,0.35113040565318204,0.008217302215878436,0.06570155902004454,False,32,0.09640908241271973,False,0.0,16.731436304143983,24.046791360794288,179.73832332607583,CENTER,0.0,0.9498746119648775,0.060731554479959184,NORMAL,STABLE,NORMAL,NO_ACTION,False,0.0
2026-08-12T00:40:55.496507,0.3705377551486243,0.007112693101187844,0.06577480490523968,False,32,0.09640908241271973,False,0.0,17.435991292695036,25.918812246744835,-179.47820770173732,CENTER,0.0,0.9489057905199758,0.06233694929617749,NORMAL,STABLE,NORMAL,NO_ACTION,False,0.0
2026-08-12T00:40:55.526772,0.3254374451097248,0.006349715357838587,0.06570155902004454,False,32,0.09640908241271973,False,0.0,16.566236045556735,26.042138349801633,-179.5690039268097,CENTER,0.0,0.9497008052733482,0.06174516914954733,NORMAL,STABLE,NORMAL,NO_ACTION,False,0.0
2026-08-12T00:40:55.559530,0.3576935161487157,0.027181961744510243,0.06570155902004454,False,32,0.09640908241271973,False,0.0,16.15071263412449,27.48902473581157,-179.23693658824445,CENTER,0.0,0.950239214945559,0.06225501158501449,NORMAL,STABLE,NORMAL,NO_ACTION,False,0.0
2026-08-12T00:40:55.591637,0.36739859681084375,0.0021031210526658278,0.06570155902004454,False,32,0.09640908241271973,False,0.0,17.416910698077942,25.291260091564425,-179.30098239965002,CENTER,0.0,0.950110782911094,0.06196407413584565,NORMAL,STABLE,NORMAL,NO_ACTION,False,0.0
2026-08-12T00:40:55.622532,0.39684159372291417,0.007632020750564693,0.06570155902004454,False,32,0.09640908241271973,False,0.0,16.82451119329562,25.81869699519882,-179.22309464176877,CENTER,0.0,0.9501563906571502,0.061814220612833044,NORMAL,STABLE,NORMAL,NO_ACTION,False,0.0
2026-08-12T00:40:55.654665,0.3552241566935677,0.008190334835824367,0.06577480490523968,False,32,0.09640908241271973,False,0.0,17.34571567241082,25.562787011925508,-179.28623955203108,CENTER,0.0,0.9498894260652435,0.06206491723890132,NORMAL,STABLE,NORMAL,NO_ACTION,False,0.0
2026-08-12T00:40:55.687874,0.3753555293697174,0.0531046200129967,0.06577480490523968,False,32,0.09640908241271973,False,0.0,16.918445370467367,23.659095883009883,-179.66377111483538,CENTER,0.0,0.9492144521426326,0.06065255316841654,NORMAL,STABLE,NORMAL,NO_ACTION,False,0.0
2026-08-12T00:40:55.719938,0.36430012317430954,0.016431201245002237,0.06570155902004454,False,32,0.09640908241271973,False,0.0,16.409681066293103,24.174795558385085,-179.42694905192837,CENTER,0.0,0.948747510145176,0.06055967442748427,NORMAL,STABLE,NORMAL,NO_ACTION,False,0.0
2026-08-12T00:40:55.750397,0.3683945540974166,0.0061621485266466665,0.06570155902004454,False,32,0.09640908241271973,False,0.0,16.12267247347748,25.512207696975366,-179.25043506284325,CENTER,0.0,0.9497673003829448,0.06110485121682771,NORMAL,STABLE,NORMAL,NO_ACTION,False,0.0
2026-08-12T00:40:55.783083,0.3698640026391933,0.029412424549995302,0.06570155902004454,False,32,0.09640908241271973,False,0.0,16.94185646228655,25.098528288780756,-179.22625356488845,CENTER,0.0,0.9500719606445759,0.06149232917251126,NORMAL,STABLE,NORMAL,NO_ACTION,False,0.0
2026-08-12T00:40:55.816323,0.37209673656428777,0.007295458108487451,0.06570155902004454,False,32,0.09640908241271973,False,0.0,17.287661489328798,23.896233506177396,-178.84807334370964,CENTER,0.0,0.9496527759916553,0.061069073371451545,NORMAL,STABLE,NORMAL,NO_ACTION,False,0.0
2026-08-12T00:40:55.863095,0.3690387786406377,0.046684021357912116,0.06570155902004454,False,32,0.09640908241271973,False,0.0,17.955533119460398,21.658926963425984,-179.29669767621183,CENTER,0.0,0.9499195722415124,0.060300010883890184,NORMAL,STABLE,NORMAL,NO_ACTION,False,0.0
2026-08-12T00:40:55.896110,0.4206040774934107,0.013525857686159659,0.06570155902004454,False,32,0.09640908241271973,False,0.0,16.67307522895655,24.734247814228752,-179.04950841174698,CENTER,0.0,0.9494400434385002,0.06107967499534983,NORMAL,STABLE,NORMAL,NO_ACTION,False,0.0
2026-08-12T00:40:55.927631,0.4144290418797348,0.0030796023807946973,0.06570155902004454,False,32,0.09640908241271973,False,0.0,18.816656712609046,23.897523372792165,-178.82436525567203,CENTER,0.0,0.9494043419745941,0.06223393548354085,NORMAL,STABLE,NORMAL,NO_ACTION,False,0.0
2026-08-12T00:40:55.958550,0.44720387679253526,0.007925424380924003,0.06570155902004454,False,32,0.09640908241271973,False,0.0,19.087763626648297,23.27816879193466,-178.8095732571096,CENTER,0.0,0.9499719266189415,0.06208668035587942,NORMAL,STABLE,NORMAL,NO_ACTION,False,0.0
2026-08-12T00:40:55.990649,0.42860042063432435,0.008949866278993189,0.0645879732739421,False,32,0.09640908241271973,False,0.0,19.140610634262885,22.24977331088266,-179.09676071881546,CENTER,0.0,0.9505148944758802,0.06153967697849594,NORMAL,STABLE,NORMAL,NO_ACTION,False,0.0
2026-08-12T00:40:56.023457,0.4526837109375146,0.005971566034655497,0.06347438752783964,False,32,0.09640908241271973,False,0.0,19.711511612843964,22.414614815118796,-178.61805854540782,CENTER,0.0,0.9504503029263832,0.062068470378087756,NORMAL,STABLE,NORMAL,NO_ACTION,False,0.0
2026-08-12T00:40:56.054758,0.46996001883371186,0.03444077002670755,0.06131549609810479,False,32,0.09640908241271973,False,0.0,18.824685324932574,20.536234350142593,-178.98211014212148,CENTER,0.0,0.9497011808056126,0.0603206688442619,NORMAL,STABLE,NORMAL,NO_ACTION,False,0.0
2026-08-12T00:40:56.087542,0.43436959019674626,0.00806262875064526,0.06131549609810479,False,32,0.09640908241271973,False,0.0,17.641541591285716,23.212330537796817,-178.53225770039506,CENTER,0.0,0.9493634607553155,0.06094798023731042,NORMAL,STABLE,NORMAL,NO_ACTION,False,0.0
2026-08-12T00:40:56.118767,0.41393688702523124,0.024246557474269792,0.061247216035634745,False,32,0.09640908241271973,False,0.0,17.316062252123544,23.13855932849961,-178.3459226751514,CENTER,0.0,0.9495759343207019,0.06065804602014433,NORMAL,STABLE,NORMAL,NO_ACTION,False,0.0
2026-08-12T00:40:56.151934,0.41589043031948,0.02267375854351401,0.06131549609810479,False,32,0.09640908241271973,False,0.0,19.078744723666688,23.134897166403846,-178.4510795488345,CENTER,0.0,0.9497438878886603,0.061998002016583016,NORMAL,STABLE,NORMAL,NO_ACTION,False,0.0
2026-08-12T00:40:56.184119,0.4222786661485631,0.011309576527648002,0.06131549609810479,False,32,0.09640908241271973,False,0.0,18.30627188455165,22.783606997452836,-178.32138317969108,CENTER,0.0,0.9503693433499086,0.06120927176873748,NORMAL,STABLE,NORMAL,NO_ACTION,False,0.0
2026-08-12T00:40:56.216171,0.43086940649106786,0.010903446372936462,0.06131549609810479,False,32,0.09640908241271973,False,0.0,18.883696544858907,24.73337532105188,-178.19009745928344,CENTER,0.0,0.9504467677433414,0.06276226954065593,NORMAL,STABLE,NORMAL,NO_ACTION,False,0.0
2026-08-12T00:40:56.248186,0.41273587612887175,0.007059491301026301,0.06131549609810479,False,32,0.09640908241271973,False,0.0,19.369332192556953,24.29831099007714,-177.67887985406034,CENTER,0.0,0.9501639401506059,0.06288358368052997,NORMAL,STABLE,NORMAL,NO_ACTION,False,0.0
2026-08-12T00:40:56.278662,0.4181547389411743,0.006393317997212652,0.061247216035634745,False,32,0.09640908241271973,False,0.0,18.718615028536334,23.161075058504792,-178.13164375433533,CENTER,0.0,0.9494070224979996,0.06173875959767788,NORMAL,STABLE,NORMAL,NO_ACTION,False,0.0
2026-08-12T00:40:56.312746,0.3923266690755429,0.0020837499985379626,0.061247216035634745,False,32,0.09640908241271973,False,0.0,4.739229969194895,11.96689450598251,-3.1652941540548625,CENTER,0.0,0.9819221268432786,0.016254521113746395,NORMAL,STABLE,NORMAL,NO_ACTION,False,0.0
2026-08-12T00:40:56.343978,0.44320921852390516,0.007824814117177182,0.061247216035634745,False,32,0.09640908241271973,False,0.0,18.63752191430882,24.749555722806633,-177.7825950447195,CENTER,0.0,0.9495329164523321,0.06258407986254083,NORMAL,STABLE,NORMAL,NO_ACTION,False,0.0
2026-08-12T00:40:56.392209,0.40286293201504036,0.0055763213879046316,0.06131549609810479,False,32,0.09640908241271973,False,0.0,18.87853996289587,25.081737350911567,-177.9215317974794,CENTER,0.0,0.9494614617269662,0.06295726684707176,NORMAL,STABLE,NORMAL,NO_ACTION,False,0.0
2026-08-12T00:40:56.423835,0.4247710659734373,0.015308220370917912,0.06131549609810479,False,32,0.09640908241271973,False,0.0,17.825494946781163,23.402055456795182,-178.16317084427428,CENTER,0.0,0.9501903051054527,0.061196373770479574,NORMAL,STABLE,NORMAL,NO_ACTION,False,0.0
2026-08-12T00:40:56.455239,0.42922812278393196,0.006302062271853444,0.06131549609810479,False,32,0.09640908241271973,False,0.0,17.745601129587158,24.993515051581852,-177.4852360448021,CENTER,0.0,0.950280523494656,0.062044308182941287,NORMAL,STABLE,NORMAL,NO_ACTION,False,0.0
2026-08-12T00:40:56.487645,0.43054959640620294,0.0026418971203850793,0.061247216035634745,False,32,0.09640908241271973,False,0.0,18.25488963457346,23.33963468189694,-177.74416924835276,CENTER,0.0,0.9498220503972338,0.06148765664197408,NORMAL,STABLE,NORMAL,NO_ACTION,False,0.0
2026-08-12T00:40:56.518718,0.453410231968004,0.01562296743564929,0.061247216035634745,False,32,0.09640908241271973,False,0.0,19.504507772786837,23.058593592760758,-177.81770591174998,CENTER,0.0,0.9492914362568586,0.06227859245824545,NORMAL,STABLE,NORMAL,NO_ACTION,False,0.0
2026-08-12T00:40:56.551197,0.4242230156097262,0.006794660895296419,0.061247216035634745,False,32,0.09640908241271973,False,0.0,18.538177479344228,23.047064587118,-178.03184115291145,CENTER,0.0,0.9499622145776178,0.061536277707714596,NORMAL,STABLE,NORMAL,NO_ACTION,False,0.0
2026-08-12T00:40:56.583855,0.41219701557837174,0.005089151813519898,0.06131549609810479,False,32,0.09640908241271973,False,0.0,18.651975053758974,23.494053018451893,-177.7586969260701,CENTER,0.0,0.9499964009630772,0.06187816083027582,NORMAL,STABLE,NORMAL,NO_ACTION,False,0.0
2026-08-12T00:40:56.615489,0.44538498747726873,0.009558758014602447,0.061247216035634745,False,32,0.09640908241271973,False,0.0,19.98191851443903,22.120588125862753,-177.73462697132524,CENTER,0.0,0.9499612433734853,0.06210645257512952,NORMAL,STABLE,NORMAL,NO_ACTION,False,0.0
2026-08-12T00:40:56.647052,0.40039716819748905,0.009151596557643644,0.061247216035634745,False,32,0.09640908241271973,False,0.0,17.964088806245854,26.115402651173497,-177.28946492076938,CENTER,0.0,0.950666661308299,0.06285128298535367,NORMAL,STABLE,NORMAL,NO_ACTION,False,0.0
2026-08-12T00:40:56.678379,0.40725908415277606,0.004009394677445435,0.061247216035634745,False,32,0.09640908241271973,False,0.0,18.558212130029574,24.52386870497503,-177.62553058668908,CENTER,0.0,0.950247644997428,0.06239482317703549,NORMAL,STABLE,NORMAL,NO_ACTION,False,0.0
2026-08-12T00:40:56.710783,0.40063677188393615,0.003998440862817442,0.061247216035634745,False,32,0.09640908241271973,False,0.0,19.13497817969582,23.4975197332935,-177.80150526544298,CENTER,0.0,0.9489847040930783,0.06224788275446601,NORMAL,STABLE,NORMAL,NO_ACTION,False,0.0
2026-08-12T00:40:56.742176,0.4199823210382217,0.001103736186403915,0.061247216035634745,False,32,0.09640908241271973,False,0.0,19.136629739044338,25.96185609731762,-176.75854450083224,CENTER,0.0,0.9495537649677069,0.06365633734845304,NORMAL,STABLE,NORMAL,NO_ACTION,False,0.0
2026-08-12T00:40:56.775323,0.43228954130906716,0.011953843571152848,0.06131549609810479,False,32,0.09640908241271973,False,0.0,19.496352690426704,22.668294212887417,-177.9299572548649,CENTER,0.0,0.9498056694208676,0.0620495128316402,NORMAL,STABLE,NORMAL,NO_ACTION,False,0.0
2026-08-12T00:40:56.807461,0.4232742938460549,0.005691212889804415,0.061247216035634745,False,32,0.09640908241271973,False,0.0,20.373891910411686,21.247456299470144,-177.6926052474786,CENTER,0.0,0.9500466575395805,0.06190630802584386,NORMAL,STABLE,NORMAL,NO_ACTION,False,0.0
2026-08-12T00:40:56.838722,0.4052721489404806,0.0022266046207902197,0.061247216035634745,False,32,0.09640908241271973,False,0.0,19.574744162754484,24.58306359228456,-177.27587578585025,CENTER,0.0,0.9499597671432041,0.06320257824435888,NORMAL,STABLE,NORMAL,NO_ACTION,False,0.0
2026-08-12T00:40:56.870985,0.41066808057869786,0.004651743269132707,0.061247216035634745,False,32,0.09640908241271973,False,0.0,19.136862739702877,24.844578827783522,-177.24356659946721,CENTER,0.0,0.95015284252472,0.06301852173026651,NORMAL,STABLE,NORMAL,NO_ACTION,False,0.0
2026-08-12T00:40:56.919116,0.4101617719844274,0.004022569519152774,0.061247216035634745,False,32,0.09640908241271973,False,0.0,18.603878629967284,25.29217364931165,-177.30847307790344,CENTER,0.0,0.9500022022890946,0.06286831328372575,NORMAL,STABLE,NORMAL,NO_ACTION,False,0.0
2026-08-12T00:40:56.951317,0.4049938386591895,0.005008162208626404,0.06131549609810479,False,32,0.09640908241271973,False,0.0,19.110616646764925,24.219938770074947,-177.2904097149889,CENTER,0.0,0.9494226394604481,0.06264185388022361,NORMAL,STABLE,NORMAL,NO_ACTION,False,0.0
2026-08-12T00:40:56.983705,0.42679987329038377,0.004695958262637088,0.06131549609810479,False,32,0.09640908241271973,False,0.0,19.59828155115963,23.988901734520766,-177.23167751378892,CENTER,0.0,0.9502716920117456,0.06288121767124509,NORMAL,STABLE,NORMAL,NO_ACTION,False,0.0
2026-08-12T00:40:57.016332,0.42027051216865124,0.007954503998539142,0.06131549609810479,False,32,0.09640908241271973,False,0.0,20.686075371439927,23.258420918043214,-177.63740579946102,CENTER,0.0,0.9504554049854252,0.06329230466605994,NORMAL,STABLE,NORMAL,NO_ACTION,False,0.0
2026-08-12T00:40:57.048026,0.4170238936645311,0.0051074271267134794,0.06131549609810479,False,32,0.09640908241271973,False,0.0,19.120824603798752,25.31063004228548,-177.24998580079108,CENTER,0.0,0.9499365488897461,0.06327243762911614,NORMAL,STABLE,NORMAL,NO_ACTION,False,0.0
2026-08-12T00:40:57.078789,0.4194336652520831,0.008397848225406446,0.061247216035634745,False,32,0.09640908241271973,False,0.0,19.18190086074054,25.846187475519855,-177.44110293856482,CENTER,0.0,0.9500452201574644,0.06362475560838457,NORMAL,STABLE,NORMAL,NO_ACTION,False,0.0
2026-08-12T00:40:57.111064,0.4134818671960394,0.002352617144050959,0.061247216035634745,False,32,0.09640908241271973,False,0.0,18.78023025373318,26.096710165251295,-177.02004199032754,CENTER,0.0,0.9500539998428212,0.06346199177628514,NORMAL,STABLE,NORMAL,NO_ACTION,False,0.0
2026-08-12T00:40:57.142946,0.42415599603067367,0.011013651560966849,0.061247216035634745,False,32,0.09640908241271973,False,0.0,18.77793291331426,24.850753615060796,-177.32049898219097,CENTER,0.0,0.9499202974072646,0.0627487705823774,NORMAL,STABLE,NORMAL,NO_ACTION,False,0.0
2026-08-12T00:40:57.175975,0.415314765326394,0.0053355431613622,0.06131549609810479,False,32,0.09640908241271973,False,0.0,18.709900148950084,26.026145236812056,-177.35409680975985,CENTER,0.0,0.9501260113918895,0.0633681504752586,NORMAL,STABLE,NORMAL,NO_ACTION,False,0.0
2026-08-12T00:40:57.207781,0.41773259028287313,0.005009311828724905,0.06131549609810479,False,32,0.09640908241271973,False,0.0,18.9562887827191,27.079950853168356,-177.17851668789396,CENTER,0.0,0.9505902728659408,0.06415749162842269,NORMAL,STABLE,NORMAL,NO_ACTION,False,0.0
2026-08-12T00:40:57.239056,0.40083105564476884,0.008692889502218347,0.061247216035634745,False,32,0.09640908241271973,False,0.0,19.170081404868682,25.4186304763154,-177.803526995372,CENTER,0.0,0.9505032270769033,0.0633716110267483,NORMAL,STABLE,NORMAL,NO_ACTION,False,0.0
2026-08-12T00:40:57.304203,0.41220769680819036,0.0070838881494789604,0.06138392857142857,False,32,0.09640908241271973,False,0.0,18.89046120007012,25.693246134632517,-177.4842473358615,CENTER,0.0,0.9497586113433071,0.06331552995050434,NORMAL,STABLE,NORMAL,NO_ACTION,False,0.0
2026-08-12T00:40:57.338658,0.411079411179805,0.020189389108433438,0.06131549609810479,False,32,0.09640908241271973,False,0.0,19.03147579562338,25.6517948636982,-177.6746172930513,CENTER,0.0,0.9497883690379229,0.06339922402015638,NORMAL,STABLE,NORMAL,NO_ACTION,False,0.0
2026-08-12T00:40:57.365345,0.43402566581904195,0.004186270250220939,0.06131549609810479,False,32,0.09640908241271973,False,0.0,18.9416031793628,26.491687520509743,-177.27823021911115,CENTER,0.0,0.9499875953789437,0.06381039755828982,NORMAL,STABLE,NORMAL,NO_ACTION,False,0.0
2026-08-12T00:40:57.392520,0.43240573672776744,0.008406076387687415,0.06131549609810479,False,32,0.09640908241271973,False,0.0,18.813946478418842,27.550463144836385,-177.42072822814947,CENTER,0.0,0.9500805978866598,0.06431779116478054,NORMAL,STABLE,NORMAL,NO_ACTION,False,0.0
2026-08-12T00:40:57.423475,0.4387270642426709,0.009546178026564694,0.06131549609810479,False,32,0.09640908241271973,False,0.0,4.92286729822078,13.59887617210697,-3.3970987403691595,CENTER,0.0,0.9826949508101853,0.017833229717015717,NORMAL,STABLE,NORMAL,NO_ACTION,False,0.0
2026-08-12T00:40:57.446981,0.44638249352573456,0.03040019092821855,0.061247216035634745,False,32,0.09640908241271973,False,0.0,18.8140054550652,27.77584145690051,-177.44658832665576,CENTER,0.0,0.9501332371506345,0.06444653267070122,NORMAL,STABLE,NORMAL,NO_ACTION,False,0.0
2026-08-12T00:40:57.501149,0.4153432020530808,0.01589599730538835,0.06131549609810479,False,32,0.09640908241271973,False,0.0,18.517503159373376,25.76492876097359,-177.823285359197,CENTER,0.0,0.9497583782543153,0.06307250479177257,NORMAL,STABLE,NORMAL,NO_ACTION,False,0.0
2026-08-12T00:40:57.527410,0.41910764687710234,0.008026644363945505,0.06131549609810479,False,32,0.09640908241271973,False,0.0,19.553468536903807,26.219098918086075,-178.22180671503716,CENTER,0.0,0.9490743138610255,0.06412059642467194,NORMAL,STABLE,NORMAL,NO_ACTION,False,0.0
2026-08-12T00:40:57.562929,0.436092765295474,0.00396195059730873,0.06131549609810479,False,32,0.09640908241271973,False,0.0,18.89900040087602,27.82144011181515,-177.69099087352924,CENTER,0.0,0.9500184926197417,0.06453728292766121,NORMAL,STABLE,NORMAL,NO_ACTION,False,0.0
2026-08-12T00:40:57.599149,0.40967753680075336,0.01159055189761947,0.06131549609810479,False,32,0.09640908241271973,False,0.0,19.924497941028363,27.96179330237885,-177.5023559116693,CENTER,0.0,0.9500360260916781,0.06539820743395577,NORMAL,STABLE,NORMAL,NO_ACTION,False,0.0
2026-08-12T00:40:57.638123,0.4355378246659004,0.005111900442705379,0.06131549609810479,False,32,0.09640908241271973,False,0.0,19.589257533857307,26.40486967087105,-177.9244496847331,CENTER,0.0,0.9495509678998056,0.06425392466882134,NORMAL,STABLE,NORMAL,NO_ACTION,False,0.0
2026-08-12T00:40:57.660371,0.4342872599207702,0.0056964118203978184,0.06131549609810479,False,32,0.09640908241271973,False,0.0,21.00533853033113,26.431231349709037,-177.97939952700506,CENTER,0.0,0.9497016728823732,0.06534713431048281,NORMAL,STABLE,NORMAL,NO_ACTION,False,0.0
2026-08-12T00:40:57.703204,0.36068201117876475,0.0038984104535330745,0.061247216035634745,False,32,0.09640908241271973,False,0.0,19.452561867760124,28.565604115506147,-178.39481866383852,CENTER,0.0,0.9486510242519719,0.06538368211390583,NORMAL,STABLE,NORMAL,NO_ACTION,False,0.0
2026-08-12T00:40:57.741813,0.30187446960929587,0.0027074752532283888,0.06131549609810479,False,32,0.09640908241271973,False,0.0,19.043424393868406,27.34625067193238,-178.840141687614,CENTER,0.0,0.9482705712198503,0.06437589755152588,NORMAL,RISING,NORMAL,NO_ACTION,False,0.0
2026-08-12T00:40:57.766760,0.33875758952732454,0.025043878402684544,0.06131549609810479,False,32,0.09640908241271973,False,0.0,18.914060643079154,28.203296677958235,-179.04680593679944,CENTER,0.0,0.9490788720457533,0.06476679885492737,NORMAL,STABLE,NORMAL,NO_ACTION,False,0.0
2026-08-12T00:40:57.799190,0.2615491635675922,0.01296085002424533,0.06131549609810479,False,32,0.09640908241271973,False,0.0,20.02772666824714,25.40475106283469,179.93973277309016,CENTER,0.0,0.9494341385173755,0.11688822014220686,NORMAL,STABLE,NORMAL,NO_ACTION,False,0.0
2026-08-12T00:40:57.831671,0.339088476243804,0.005388058629063557,0.06131549609810479,False,32,0.09640908241271973,False,0.0,18.123050712046506,26.37980245098902,179.8278707044833,CENTER,0.0,0.949115220979081,0.06312329007686539,NORMAL,STABLE,NORMAL,NO_ACTION,False,0.0
2026-08-12T00:40:57.850810,0.3412862930096851,0.0028873212693896547,0.06131549609810479,False,32,0.09640908241271973,False,0.0,17.028894904678282,27.34217389967435,179.85300746999695,CENTER,0.0,0.9491209057606024,0.06283977457825848,NORMAL,STABLE,NORMAL,NO_ACTION,False,0.0
2026-08-12T00:40:57.878008,0.3295097324884521,0.0030869498306647404,0.061247216035634745,False,32,0.09640908241271973,False,0.0,18.330261800163584,28.69919987112462,179.93043759943794,CENTER,0.0,0.9489628714241827,0.06460548705638594,NORMAL,STABLE,NORMAL,NO_ACTION,False,0.0
2026-08-12T00:40:57.897830,0.2664237435682082,0.008070613761256172,0.061247216035634745,False,32,0.09640908241271973,False,0.0,19.78077170230651,27.38991584937395,179.80753747164522,CENTER,0.0,0.9488736112897234,0.11113101827375915,NORMAL,STABLE,NORMAL,NO_ACTION,False,0.0
2026-08-12T00:40:57.927518,0.3063127614528492,0.0143225469621613,0.061247216035634745,False,32,0.09640908241271973,False,0.0,20.07120364115707,26.836258052769182,179.7975158633427,CENTER,0.0,0.9479762704689643,0.06486719569417886,NORMAL,STABLE,NORMAL,NO_ACTION,False,0.0
2026-08-12T00:40:57.976548,0.26448874120295796,0.019176305027406904,0.06131549609810479,False,32,0.09640908241271973,False,0.0,19.47221826077316,27.013315659327446,179.53697170856321,CENTER,0.0,0.9485942411836991,0.11334175941071273,NORMAL,STABLE,NORMAL,NO_ACTION,False,0.0
2026-08-12T00:40:58.007395,0.28583406443323567,0.007195603204320145,0.061247216035634745,False,32,0.09640908241271973,False,0.0,18.530735111535307,26.079351102672035,179.30113058238692,CENTER,0.0,0.9488584864040351,0.08274089222254305,NORMAL,STABLE,NORMAL,NO_ACTION,False,0.0
2026-08-12T00:40:58.038488,0.2875894069043909,0.010670428743480372,0.061247216035634745,False,32,0.09640908241271973,False,0.0,19.18751517691709,26.0470522492667,178.91857671202,UP,0.0,0.9485014199674211,0.10762216563264755,NORMAL,STABLE,NORMAL,NO_ACTION,False,0.0
2026-08-12T00:40:58.103798,0.2846663399341406,0.00895197377920462,0.06131549609810479,False,32,0.09640908241271973,False,0.0,17.0336024087577,29.397509311364217,179.28464619932703,UP,0.06531047821044922,0.9481096491698102,0.11191478557950689,NORMAL,STABLE,NORMAL,NO_ACTION,False,0.0
2026-08-12T00:40:58.135675,0.280230440129779,0.004203122646983406,0.061247216035634745,False,32,0.09640908241271973,False,0.0,17.274655021763436,30.529082189453618,179.34231702521691,UP,0.09718751907348633,0.947691319176526,0.11884402394207397,NORMAL,STABLE,NORMAL,NO_ACTION,False,0.0
2026-08-12T00:40:58.168489,0.2795705382114225,0.010276571322890246,0.061247216035634745,False,32,0.09640908241271973,False,0.0,18.65025438558075,28.863551793240788,178.82284030696803,UP,0.13000154495239258,0.9481215626071674,0.11984769340808149,NORMAL,STABLE,NORMAL,NO_ACTION,False,0.0
2026-08-12T00:40:58.198753,0.30979939324520145,0.039392207616931824,0.061247216035634745,False,32,0.09640908241271973,False,0.0,18.11450239786265,30.310295255606206,179.33834083247632,UP,0.16026520729064941,0.948764758730567,0.09217452841890587,NORMAL,STABLE,NORMAL,NO_ACTION,False,0.0
2026-08-12T00:40:58.231705,0.3183067242294141,0.020283113679553034,0.061247216035634745,False,32,0.09640908241271973,False,0.0,18.281330450529197,29.433577877287377,178.94479652758906,UP,0.19321727752685547,0.9488963633651978,0.09180091833438989,NORMAL,STABLE,NORMAL,NO_ACTION,False,0.0
2026-08-12T00:40:58.263510,0.28090602063273384,0.011940486574095566,0.061247216035634745,False,32,0.09640908241271973,False,0.0,17.40661321911722,30.110919975641025,179.13304280034697,CENTER,0.0,0.9482691856352881,0.09096342134977596,NORMAL,STABLE,NORMAL,NO_ACTION,False,0.0
2026-08-12T00:40:58.296613,0.29481300054657256,0.002810274602467671,0.061247216035634745,False,32,0.09640908241271973,False,0.0,18.766564195840317,28.921601169200756,179.1453906658257,CENTER,0.0,0.947166609957276,0.07219701682288768,NORMAL,STABLE,NORMAL,NO_ACTION,False,0.0
2026-08-12T00:40:58.326964,0.40692217474151815,0.010581749986121188,0.061247216035634745,False,32,0.09640908241271973,False,0.0,18.115970206916074,31.521465128197946,-179.91338031423513,CENTER,0.0,0.9474100843585678,0.0660539160634717,NORMAL,STABLE,NORMAL,NO_ACTION,False,0.0
2026-08-12T00:40:58.359584,0.4350483704806161,0.009100393715113465,0.061247216035634745,False,32,0.09640908241271973,False,0.0,17.57172055866883,30.451596332328705,179.8307302351281,CENTER,0.0,0.9478297740376371,0.06502862107270334,NORMAL,STABLE,NORMAL,NO_ACTION,False,0.0
2026-08-12T00:40:58.380777,0.43660792908639123,0.02998250018085395,0.061247216035634745,False,32,0.09640908241271973,False,0.0,17.87809170701533,31.215224683753775,179.92412216958496,CENTER,0.0,0.9478726235639573,0.06569793248470104,NORMAL,STABLE,NORMAL,NO_ACTION,False,0.0
2026-08-12T00:40:58.404976,0.41729641268536255,0.006318171414665596,0.061247216035634745,False,32,0.09640908241271973,False,0.0,18.00983670573646,29.60934924316271,179.95087507464882,CENTER,0.0,0.9480928020154608,0.06488124401358349,NORMAL,STABLE,NORMAL,NO_ACTION,False,0.0
2026-08-12T00:40:58.430560,0.42369089871774057,0.006389114849961107,0.06117908787541713,False,32,0.09640908241271973,False,0.0,18.058605338401776,30.984067414705322,-179.8399818083956,CENTER,0.0,0.9487901395318931,0.06570337296494862,NORMAL,STABLE,NORMAL,NO_ACTION,False,0.0
2026-08-12T00:40:58.502806,0.4184938500953068,0.005130225569544775,0.061247216035634745,False,32,0.09640908241271973,False,0.0,17.99920556431718,29.558355633047597,-179.31959447596634,CENTER,0.0,0.9477987214041781,0.06484403120441481,NORMAL,STABLE,NORMAL,NO_ACTION,False,0.0
2026-08-12T00:40:58.535366,0.40858919727716914,0.005960113512820258,0.061247216035634745,False,32,0.09640908241271973,False,0.0,18.031458406955494,29.769289381849717,-179.56435761191355,CENTER,0.0,0.9477527381258574,0.06498903583402592,NORMAL,STABLE,NORMAL,NO_ACTION,False,0.0
2026-08-12T00:40:58.566828,0.4175291852508588,0.008593942139378427,0.061247216035634745,False,32,0.09640908241271973,False,0.0,19.931467820872143,27.62389487311242,-179.49269550639497,CENTER,0.0,0.9483934738654549,0.06521056568691348,NORMAL,STABLE,NORMAL,NO_ACTION,False,0.0
2026-08-12T00:40:58.599941,0.4249984982743311,0.004390800874182185,0.06131549609810479,False,32,0.09640908241271973,False,0.0,17.49264087554431,28.31325524357453,-179.43219869490125,CENTER,0.0,0.9482730316036523,0.06374736669126298,NORMAL,STABLE,NORMAL,NO_ACTION,False,0.0
2026-08-12T00:40:58.631814,0.44376808269046153,0.006717328170044675,0.06131549609810479,False,32,0.09640908241271973,False,0.0,19.30221740497609,26.341702806748458,-179.09128005292226,CENTER,0.0,0.9483981874428441,0.06399931211820581,NORMAL,STABLE,NORMAL,NO_ACTION,False,0.0
2026-08-12T00:40:58.662475,0.40927899337534746,0.0053410549982177155,0.061247216035634745,False,32,0.09640908241271973,False,0.0,18.91084341411178,26.973967914164774,-178.99570851497896,CENTER,0.0,0.9489769992069615,0.06406237216701902,NORMAL,STABLE,NORMAL,NO_ACTION,False,0.0
2026-08-12T00:40:58.695945,0.3759919744153526,0.005430012957687361,0.06131549609810479,False,32,0.09640908241271973,False,0.0,18.35256726306639,26.47043907887894,-178.82024643411498,CENTER,0.0,0.9485606245713305,0.06334979202499384,NORMAL,STABLE,NORMAL,NO_ACTION,False,0.0
2026-08-12T00:40:58.727742,0.40390672034317693,0.005134476488260692,0.061247216035634745,False,32,0.09640908241271973,False,0.0,18.903855109903503,25.09314825218803,-178.67298215689496,CENTER,0.0,0.9478197900591564,0.06298305685653544,NORMAL,STABLE,NORMAL,NO_ACTION,False,0.0
2026-08-12T00:40:58.759533,0.3765134701925445,0.002778990590942257,0.061247216035634745,False,32,0.09640908241271973,False,0.0,19.71386692524817,25.533112303656566,-178.65292769453075,CENTER,0.0,0.9485933994734511,0.06385100300407212,NORMAL,STABLE,NORMAL,NO_ACTION,False,0.0
2026-08-12T00:40:58.790384,0.32805298919603143,0.008581399700340282,0.061247216035634745,False,32,0.09640908241271973,False,0.0,17.731450531975497,25.253040941903038,-178.22678330421783,CENTER,0.0,0.9490173495013146,0.06218173011034066,NORMAL,RISING,NORMAL,NO_ACTION,False,0.0
2026-08-12T00:40:58.823098,0.3620153497375377,0.0066344209088942604,0.06131549609810479,False,32,0.09640908241271973,False,0.0,17.307533791183175,25.69868658419324,-178.16969533989914,CENTER,0.0,0.9487396110182326,0.062113448862582535,NORMAL,STABLE,NORMAL,NO_ACTION,False,0.0
2026-08-12T00:40:58.854897,0.3332218678287273,0.0067676406512643585,0.06131549609810479,False,32,0.09640908241271973,False,0.0,18.11613242482278,24.352451131439466,-178.11863591250875,CENTER,0.0,0.9487126115433527,0.06196035486611744,NORMAL,STABLE,NORMAL,NO_ACTION,False,0.0
2026-08-12T00:40:58.887632,0.32586365187458677,0.04019479943083517,0.061247216035634745,False,32,0.09640908241271973,False,0.0,19.211526872176478,22.048648591747735,-178.52771921452654,CENTER,0.0,0.948470393232739,0.061478823017914255,NORMAL,STABLE,NORMAL,NO_ACTION,False,0.0
2026-08-12T00:40:58.919640,0.30051113527311935,0.006272523696310376,0.061247216035634745,False,32,0.09640908241271973,False,0.0,18.123874251891152,22.76817083138951,-178.66632185294694,UP,0.0,0.9476948932077333,0.08787492382581402,NORMAL,STABLE,NORMAL,NO_ACTION,False,0.0
2026-08-12T00:40:58.951681,0.2972872769315652,0.02271740757557594,0.061247216035634745,False,32,0.09640908241271973,False,0.0,18.42143852272892,20.61178622351224,-179.07593094842707,UP,0.032041311264038086,0.9478901311371171,0.09060024097850439,NORMAL,STABLE,NORMAL,NO_ACTION,False,0.0
2026-08-12T00:40:58.983073,0.36516303682365825,0.011118577866117687,0.061247216035634745,False,32,0.09640908241271973,False,0.0,19.392362803995297,18.19090762178257,-179.46393262370927,UP,0.06343293190002441,0.948422817179641,0.08622697761119218,NORMAL,STABLE,NORMAL,NO_ACTION,False,0.0
2026-08-12T00:40:59.031440,0.327108503124645,0.018976492009323165,0.06131549609810479,False,32,0.09640908241271973,False,0.0,19.458878034067027,16.318766354085597,-179.66625958102844,UP,0.11179995536804199,0.9485497859332133,0.08520858099917175,NORMAL,STABLE,NORMAL,NO_ACTION,False,0.0
2026-08-12T00:40:59.063659,0.3483831642871336,0.003253489849219382,0.061247216035634745,False,32,0.09640908241271973,False,0.0,19.279695851068396,18.268443664461074,-179.03944596837016,UP,0.14401960372924805,0.9480871819808813,0.08618547178290833,NORMAL,STABLE,NORMAL,NO_ACTION,False,0.0
2026-08-12T00:40:59.094706,0.3702064794189306,0.00856302958566665,0.061247216035634745,False,32,0.09640908241271973,False,0.0,19.074667456333543,20.373765532774854,-178.5679322794696,CENTER,0.0,0.9483739073395349,0.06041822311388281,NORMAL,STABLE,NORMAL,NO_ACTION,False,0.0
2026-08-12T00:40:59.126872,0.42650857841386336,0.00665638615200182,0.061247216035634745,False,32,0.09640908241271973,False,0.0,19.643938604790065,20.158072296555986,-178.09866461694162,CENTER,0.0,0.9479328252707763,0.06072848084574032,NORMAL,STABLE,NORMAL,NO_ACTION,False,0.0
2026-08-12T00:40:59.159819,0.4181609618242208,0.014262681336453188,0.06131549609810479,False,32,0.09640908241271973,False,0.0,20.221575587478952,20.64005319024369,-178.08433368882012,CENTER,0.0,0.9476130530728452,0.06144349726536637,NORMAL,STABLE,NORMAL,NO_ACTION,False,0.0
2026-08-12T00:40:59.190888,0.4267356105886997,0.02230204057414285,0.061247216035634745,False,32,0.09640908241271973,False,0.0,19.458970730923653,17.945767804124188,-178.25518328384118,CENTER,0.0,0.9479749755301211,0.05932437181829321,NORMAL,STABLE,NORMAL,NO_ACTION,False,0.0
2026-08-12T00:40:59.223204,0.43142860723507026,0.00391087031327573,0.061247216035634745,False,32,0.09640908241271973,False,0.0,19.95288832031875,15.149906421026742,-178.78766562473035,CENTER,0.0,0.9485485816400893,0.05810391791169309,NORMAL,STABLE,NORMAL,NO_ACTION,False,0.0
2026-08-12T00:40:59.255441,0.44391103110790675,0.015553799709026418,0.061247216035634745,False,32,0.09640908241271973,False,0.0,19.610070423035438,18.032923006702873,-177.71891902409905,CENTER,0.0,0.9488662430877058,0.05948918182585517,NORMAL,STABLE,NORMAL,NO_ACTION,False,0.0
2026-08-12T00:40:59.288257,0.4549171983039759,0.003469536948071493,0.06131549609810479,False,32,0.09640908241271973,False,0.0,19.751534896607637,17.97418324039046,-177.4508919380996,CENTER,0.0,0.9481331911579789,0.059563346258083454,NORMAL,STABLE,NORMAL,NO_ACTION,False,0.0
2026-08-12T00:40:59.319760,0.43888128037391755,0.005012414014823655,0.06131549609810479,False,32,0.09640908241271973,False,0.0,18.648999145703556,20.256712338456765,-177.0247634146919,CENTER,0.0,0.9479067452024748,0.060027293295301404,NORMAL,STABLE,NORMAL,NO_ACTION,False,0.0
2026-08-12T00:40:59.353583,0.4255448618222215,0.008627877061015756,0.06131549609810479,False,32,0.09640908241271973,False,0.0,20.209405641849912,17.917193368450654,-177.63227832885988,CENTER,0.0,0.9480116870463249,0.059879411022721776,NORMAL,STABLE,NORMAL,NO_ACTION,False,0.0
2026-08-12T00:40:59.384685,0.37864967844712627,0.006987525335728669,0.06131549609810479,False,32,0.09640908241271973,False,0.0,20.254669847244998,18.95985960179337,-177.04405520297843,CENTER,0.0,0.9483613852809213,0.060509261933026276,NORMAL,STABLE,NORMAL,NO_ACTION,False,0.0
2026-08-12T00:40:59.416084,0.4438788777912762,0.030124126107046574,0.06131549609810479,False,32,0.09640908241271973,False,0.0,19.211423517863608,17.886869713498754,-177.63352512266388,CENTER,0.0,0.9487543603716564,0.059102265421726474,NORMAL,STABLE,NORMAL,NO_ACTION,False,0.0
2026-08-12T00:40:59.446745,0.42473296300497076,0.0022706514710932645,0.061247216035634745,False,32,0.09640908241271973,False,0.0,20.398309165438206,19.28118964383566,-177.2896317582343,CENTER,0.0,0.9493292743698559,0.0608021115009515,NORMAL,STABLE,NORMAL,NO_ACTION,False,0.0
2026-08-12T00:40:59.479232,0.40694716746086745,0.0051726924280166816,0.060133630289532294,False,32,0.09640908241271973,False,0.0,21.1440262182669,19.120765448501118,-177.62279817176474,CENTER,0.0,0.9489996865354938,0.06127826920562795,NORMAL,STABLE,NORMAL,NO_ACTION,False,0.0
2026-08-12T00:40:59.511105,0.40228510432104425,0.00817936405537194,0.060133630289532294,False,32,0.09640908241271973,False,0.0,19.541154210312783,20.35908613952745,-176.84399895267543,CENTER,0.0,0.9487807900734453,0.06076500815011535,NORMAL,STABLE,NORMAL,NO_ACTION,False,0.0
2026-08-12T00:40:59.559858,0.41960081369162705,0.00577821564926767,0.06020066889632107,False,32,0.09640908241271973,False,0.0,19.161559456015283,21.98230427916647,-176.58825863606833,CENTER,0.0,0.9494837087762917,0.061402895259798196,NORMAL,STABLE,NORMAL,NO_ACTION,False,0.0
2026-08-12T00:40:59.591146,0.40998378282180625,0.0074304432904192955,0.060133630289532294,False,32,0.09640908241271973,False,0.0,18.605758815469216,21.778102580145685,-177.11342091409853,CENTER,0.0,0.9506286548532523,0.06086312310307211,NORMAL,STABLE,NORMAL,NO_ACTION,False,0.0
2026-08-12T00:40:59.624331,0.3902862104016006,0.035124423988843995,0.059085841694537344,False,32,0.09640908241271973,False,0.0,18.530812928486,23.39906317913369,-177.06951046747722,CENTER,0.0,0.9515769903656551,0.061731670507971535,NORMAL,STABLE,NORMAL,NO_ACTION,False,0.0
2026-08-12T00:40:59.658044,0.37677956186042955,0.007970006600894822,0.059085841694537344,False,32,0.09640908241271973,False,0.0,16.12459107821843,27.348932307429664,-176.45676955222208,CENTER,0.0,0.9525087895090306,0.06215512726106315,NORMAL,STABLE,NORMAL,NO_ACTION,False,0.0
2026-08-12T00:40:59.686811,0.3870730543500176,0.06613693103385797,0.05902004454342984,False,32,0.09640908241271973,False,0.0,14.495479703173999,30.195545360763248,-177.2680503123547,CENTER,0.0,0.9530637614490455,0.06254026324026377,NORMAL,STABLE,NORMAL,NO_ACTION,False,0.0
2026-08-12T00:40:59.718969,0.38220529035537437,0.05269415066125527,0.05790645879732739,False,32,0.09640908241271973,False,0.0,14.811152452972408,32.708940631367,-177.59053177244843,CENTER,0.0,0.9524155150641576,0.06421581686470544,NORMAL,STABLE,NORMAL,NO_ACTION,False,0.0
2026-08-12T00:40:59.750616,0.3620210088938221,0.02744068137838662,0.05790645879732739,False,32,0.09640908241271973,False,0.0,11.762687945896488,35.05938961885013,-178.65100913015658,CENTER,0.0,0.9532661344914553,0.06323698309932188,NORMAL,STABLE,NORMAL,NO_ACTION,False,0.0
2026-08-12T00:40:59.784036,0.18097646368772297,0.058318855507138945,0.05902004454342984,True,32,0.09640908241271973,False,0.0,12.068126117845651,33.69800422869571,-178.97435033110074,CENTER,0.0,0.9545697235260916,0.22635462553289398,LOW,STABLE,NORMAL,NO_ACTION,False,0.0
2026-08-12T00:40:59.816175,0.10675390001007252,0.04490840233233238,0.060133630289532294,True,32,0.09640908241271973,False,0.03213953971862793,-0.2150832693428697,14.853512059102059,-5.7778210256088585,UP,0.0,0.987889633701989,0.24249848136374944,LOW,STABLE,NORMAL,NO_ACTION,False,0.03213953971862793
2026-08-12T00:40:59.847527,0.11271824165674846,0.0058373003951386815,0.061247216035634745,True,32,0.09640908241271973,False,0.0634908676147461,0.3302315996027403,14.181464495793449,-4.9949856947572755,UP,0.031351327896118164,0.987757107874657,0.24137015582671603,LOW,RISING,NORMAL,NO_ACTION,False,0.0634908676147461
2026-08-12T00:40:59.879866,0.198231097824595,0.020392228952931014,0.06131549609810479,True,32,0.09640908241271973,False,0.09582996368408203,15.302515544169296,34.979104932740825,-178.60387909363183,UP,0.0636904239654541,0.9558857569230109,0.23263619572359712,LOW,STABLE,NORMAL,NO_ACTION,False,0.09582996368408203
2026-08-12T00:40:59.916065,0.2526401100899039,0.014006086506291177,0.06020066889632107,False,33,0.13202881813049316,False,0.0,15.569603904307058,35.439863129402056,-178.37759484772158,UP,0.09988927841186523,0.9561404972922382,0.1582879223498163,NORMAL,STABLE,NORMAL,NO_ACTION,False,0.0
2026-08-12T00:40:59.952728,0.3405201075158859,0.015534771511263576,0.059085841694537344,False,33,0.13202881813049316,False,0.0,15.097990541512047,35.61198230094948,-178.4492773800061,UP,0.1365525722503662,0.9553615527299096,0.09290525241689271,NORMAL,STABLE,NORMAL,NO_ACTION,False,0.0
2026-08-12T00:40:59.987316,0.2609880097929644,0.015231521402232768,0.05902004454342984,False,33,0.13202881813049316,False,0.0,17.457949999103192,35.28054554253845,-177.76229641229216,UP,0.1711406707763672,0.9562664948416781,0.14815595049704067,NORMAL,STABLE,NORMAL,NO_ACTION,False,0.0
2026-08-12T00:41:00.022000,0.16392290949647487,0.006967318195701737,0.05902004454342984,True,33,0.13202881813049316,False,0.0,3.091805903631041,16.311775672655443,-4.3586191183171366,UP,0.2058248519897461,0.9899921098036695,0.22639133090053104,LOW,STABLE,NORMAL,NO_ACTION,False,0.0
2026-08-12T00:41:00.056757,0.10447834449459384,0.006306429469787132,0.057971014492753624,True,33,0.13202881813049316,False,0.03475689888000488,2.570444605070776,13.265271952424882,-3.419200982707906,UP,0.24058175086975098,0.9894188582390262,0.2413482810501678,LOW,STABLE,NORMAL,NO_ACTION,False,0.03475689888000488
2026-08-12T00:41:00.089813,0.1358677682869745,0.0026312997129782807,0.059085841694537344,True,33,0.13202881813049316,False,0.06781291961669922,2.0010416020663513,11.572275773676893,-2.492624754548217,UP,0.2736377716064453,0.9880677458419067,0.23868498899476587,LOW,STABLE,NORMAL,NO_ACTION,False,0.06781291961669922
2026-08-12T00:41:00.127357,0.2171704824242581,0.003927232873682729,0.059085841694537344,False,34,0.10535740852355957,False,0.0,2.3732502203372405,12.769912444069888,-1.4457089636348712,UP,0.31118226051330566,0.9867716102966393,0.14933958756182764,NORMAL,STABLE,NORMAL,NO_ACTION,False,0.0
2026-08-12T00:41:00.158097,0.21813981540302604,0.008421606980085266,0.057971014492753624,False,34,0.10535740852355957,False,0.0,16.253507842192164,23.923446288265893,-174.68179667830066,UP,0.3419215679168701,0.9541387031321443,0.1996718519978229,NORMAL,STABLE,NORMAL,NO_ACTION,False,0.0
2026-08-12T00:41:00.193162,0.3344778795998201,0.012298532180724514,0.057971014492753624,False,34,0.10535740852355957,False,0.0,17.838319264568725,23.47053378388466,-173.77504321372626,UP,0.3769872188568115,0.9549205613068701,0.08805857851404245,NORMAL,STABLE,NORMAL,NO_ACTION,False,0.0
2026-08-12T00:41:00.228269,0.3400794600232598,0.03209968485720179,0.057971014492753624,False,34,0.10535740852355957,False,0.0,17.874303818727867,20.408097805983488,-173.02171682285785,UP,0.4120941162109375,0.9570617685828189,0.08633724908595657,NORMAL,STABLE,NORMAL,NO_ACTION,False,0.0
2026-08-12T00:41:00.262727,0.35028533780959065,0.025148396018246977,0.056856187290969896,False,34,0.10535740852355957,False,0.0,18.427523386057572,17.966624689715474,-172.6335053418315,CENTER,0.0,0.9569462729873972,0.058550972280406684,NORMAL,STABLE,NORMAL,NO_ACTION,False,0.0
2026-08-12T00:41:00.293329,0.3959564122064601,0.016705378538791785,0.055741360089186176,False,34,0.10535740852355957,False,0.0,18.677157565657183,16.743167641486224,-172.56212199655707,CENTER,0.0,0.9549378616898149,0.05804241105059593,NORMAL,STABLE,NORMAL,NO_ACTION,False,0.0
2026-08-12T00:41:00.329187,0.39566736111927614,0.007872755846400238,0.055741360089186176,False,34,0.10535740852355957,False,0.0,2.3652800576639663,8.859539974072732,3.2241443102887217,CENTER,0.0,0.9856653217163923,0.011780965298562523,NORMAL,STABLE,NORMAL,NO_ACTION,False,0.0
2026-08-12T00:41:00.363860,0.39717619821813344,0.016053785482566942,0.055741360089186176,False,34,0.10535740852355957,False,0.0,17.30187058978703,19.55655542912416,-171.70731394631636,CENTER,0.0,0.9514241875821616,0.05860182794476251,NORMAL,STABLE,NORMAL,NO_ACTION,False,0.0
2026-08-12T00:41:00.402143,0.40105742997677973,0.04210688096601624,0.054626532887402456,False,34,0.10535740852355957,False,0.0,17.910305349599042,16.47788663669607,-172.91303779288512,CENTER,0.0,0.9524372441379458,0.05730707352102466,NORMAL,STABLE,NORMAL,NO_ACTION,False,0.0
2026-08-12T00:41:00.439252,0.39710221265682827,0.007880000259495961,0.05351170568561873,False,34,0.10535740852355957,False,0.0,17.38543733730276,15.48145655478018,-173.0039308353148,CENTER,0.0,0.9549475737311385,0.05633847038249871,NORMAL,STABLE,NORMAL,NO_ACTION,False,0.0
2026-08-12T00:41:00.472014,0.42747299320048476,0.02040341110405183,0.052455357142857144,False,34,0.10535740852355957,False,0.0,17.738629016191055,15.09769716216195,-173.31371568034197,CENTER,0.0,0.9569383609110653,0.056388242528184425,NORMAL,STABLE,NORMAL,NO_ACTION,False,0.0
2026-08-12T00:41:00.511161,0.4015938796839612,0.005069353004081551,0.05239687848383501,False,34,0.10535740852355957,False,0.0,16.765259457873412,16.696167950268574,-173.33943080088082,CENTER,0.0,0.9571306334304984,0.05655991811046656,NORMAL,STABLE,NORMAL,NO_ACTION,False,0.0
2026-08-12T00:41:00.543008,0.429986886455738,0.027413463396176906,0.05239687848383501,False,34,0.10535740852355957,False,0.0,18.16079816623244,11.131703938107336,-174.67702391205938,CENTER,0.0,0.9551704974529892,0.05444498748411461,NORMAL,STABLE,NORMAL,NO_ACTION,False,0.0
2026-08-12T00:41:00.577494,0.41659245684469215,0.008925227438505554,0.05128205128205128,False,34,0.10535740852355957,False,0.0,0.8081164856767202,6.630424471617772,2.6492331850394635,CENTER,0.0,0.9861962689686214,0.008117939579080273,NORMAL,STABLE,NORMAL,NO_ACTION,False,0.0
2026-08-12T00:41:00.615695,0.4291097266017257,0.005405990698362285,0.05016722408026756,False,34,0.10535740852355957,False,0.0,16.018497622869205,18.602913603383172,-173.62316565067866,CENTER,0.0,0.95256138992484,0.057080157785662805,NORMAL,STABLE,NORMAL,NO_ACTION,False,0.0
2026-08-12T00:41:00.645187,0.41075592169364217,0.0033608126081409056,0.04905239687848383,False,34,0.10535740852355957,False,0.0,-0.14855196065525433,12.378158785440206,1.232551251122743,CENTER,0.0,0.9860433813443071,0.010269732586011555,NORMAL,STABLE,NORMAL,NO_ACTION,False,0.0
2026-08-12T00:41:00.688976,0.3996162226526828,0.030748602867684306,0.049107142857142856,False,34,0.10535740852355957,False,0.0,0.23744157946427435,9.740523574759834,1.6019640071626498,CENTER,0.0,0.9875589286479768,0.008806102035559881,NORMAL,STABLE,NORMAL,NO_ACTION,False,0.0
2026-08-12T00:41:00.736194,0.4096548159800613,0.0155896044499455,0.049107142857142856,False,34,0.10535740852355957,False,0.0,-0.3125839266650132,8.941203123037354,1.0624997267988192,CENTER,0.0,0.9891496404535323,0.00778169021812178,NORMAL,STABLE,NORMAL,NO_ACTION,False,0.0
2026-08-12T00:41:00.796373,0.42713878319781895,0.007345647482834668,0.04692737430167598,False,34,0.10535740852355957,False,0.0,0.601882219908731,10.706379694879217,0.19624109821276647,CENTER,0.0,0.9889114342206791,0.008500948530418656,NORMAL,STABLE,NORMAL,NO_ACTION,False,0.0
2026-08-12T00:41:00.872039,0.3962923823791069,0.03027379568399704,0.04586129753914989,False,34,0.10535740852355957,False,0.0,-0.2600962870882597,9.006111688334613,-1.4232304670992164,CENTER,0.0,0.9860882040895061,0.008125395315977753,NORMAL,STABLE,NORMAL,NO_ACTION,False,0.0
2026-08-12T00:41:00.935085,0.3922320549875365,0.0050770590210142096,0.04591265397536394,False,34,0.10535740852355957,False,0.0,-0.5451306694365883,10.686460899023729,-1.430197205459251,CENTER,0.0,0.9880851203489369,0.009620167121416836,NORMAL,STABLE,NORMAL,NO_ACTION,False,0.0
2026-08-12T00:41:00.986877,0.42107744839014105,0.010046096209629516,0.04596412556053812,False,34,0.10535740852355957,False,0.0,-0.36675525293969713,11.395894827115768,-1.4216802322391402,CENTER,0.0,0.9873118141289439,0.009952565620126193,NORMAL,STABLE,NORMAL,NO_ACTION,False,0.0
2026-08-12T00:41:01.040452,0.4401354247483771,0.004400404549685793,0.04596412556053812,False,34,0.10535740852355957,False,0.0,0.11461471878234875,14.548083329945456,-1.3494606653911205,CENTER,0.0,0.9960189605838478,0.011916799441572099,NORMAL,STABLE,NORMAL,NO_ACTION,False,0.0
2026-08-12T00:41:01.084039,0.43798364587333805,0.009981389288843534,0.04601571268237935,False,34,0.10535740852355957,False,0.0,-0.13666836026843043,10.449922308107944,-1.1921582516531544,CENTER,0.0,0.9987159877614883,0.008826776922891338,NORMAL,STABLE,NORMAL,NO_ACTION,False,0.0
2026-08-12T00:41:01.130368,0.44384586599401943,0.011141711382581892,0.04601571268237935,False,34,0.10535740852355957,False,0.0,-0.31207509567494185,12.145713812421548,-1.3032818003529485,CENTER,0.0,0.999388744212963,0.010327433282923902,NORMAL,STABLE,NORMAL,NO_ACTION,False,0.0
2026-08-12T00:41:01.177667,0.4329463491098907,0.003504759445004774,0.046067415730337076,False,34,0.10535740852355957,False,0.0,15.589420334047674,23.876403545711923,-175.6965946643109,CENTER,0.0,0.9635069899905693,0.05976476624271075,NORMAL,STABLE,NORMAL,NO_ACTION,False,0.0
2026-08-12T00:41:01.225704,0.41371439930538045,0.0028330342545108828,0.046067415730337076,False,34,0.10535740852355957,False,0.0,-0.8747786375267594,10.475066436823084,-1.1423434224917344,CENTER,0.0,0.9880124340920782,0.009507739595501148,NORMAL,STABLE,NORMAL,NO_ACTION,False,0.0
2026-08-12T00:41:01.267054,0.4036783410721415,0.041533767067946634,0.046067415730337076,False,34,0.10535740852355957,False,0.0,-0.38039570211009277,9.02537161650983,-1.1626122037808102,CENTER,0.0,0.987430234053498,0.008004183410189079,NORMAL,STABLE,NORMAL,NO_ACTION,False,0.0
2026-08-12T00:41:01.306931,0.4200050011339946,0.027168826170277827,0.046067415730337076,False,34,0.10535740852355957,False,0.0,0.6807007182093798,9.901897129296827,-0.9872113387106936,CENTER,0.0,0.9866580530907064,0.008757507685230004,NORMAL,STABLE,NORMAL,NO_ACTION,False,0.0
2026-08-12T00:41:01.347536,0.42733969293894125,0.016716671173507815,0.046067415730337076,False,34,0.10535740852355957,False,0.0,0.24401537556451558,7.367891451374732,-0.6867341342361044,CENTER,0.0,0.9857764274691359,0.006217532242837903,NORMAL,STABLE,NORMAL,NO_ACTION,False,0.0
2026-08-12T00:41:01.384450,0.4288155961935394,0.005243910425763123,0.046067415730337076,False,34,0.10535740852355957,False,0.0,0.05328873258181943,5.268918208966454,-0.45934713434121477,CENTER,0.0,0.9861068378129287,0.004298979170920176,NORMAL,STABLE,NORMAL,NO_ACTION,False,0.0
2026-08-12T00:41:01.425718,0.4015758685473251,0.012087757370799711,0.046067415730337076,False,34,0.10535740852355957,False,0.0,0.027657129511766243,7.074751953841741,-0.9926185987938254,CENTER,0.0,0.9871873124571332,0.006092030816142939,NORMAL,STABLE,NORMAL,NO_ACTION,False,0.0
2026-08-12T00:41:01.473132,0.4292462108293295,0.004606115960085649,0.04611923509561305,False,34,0.10535740852355957,False,0.0,-0.529155958338464,5.927822864338822,-0.7412208317488762,CENTER,0.0,0.9869019525891632,0.005504531199884364,NORMAL,STABLE,NORMAL,NO_ACTION,False,0.0
2026-08-12T00:41:01.515640,0.4279213394763366,0.018442248521785182,0.04617117117117117,False,34,0.10535740852355957,False,0.0,0.2770681992008406,8.949421167454545,-1.3124102835273561,CENTER,0.0,0.9864527874228395,0.007994079752455434,NORMAL,STABLE,NORMAL,NO_ACTION,False,0.0
2026-08-12T00:41:01.552214,0.42826736394648246,0.003007240618309158,0.04504504504504504,False,34,0.10535740852355957,False,0.0,-1.7832100893458005,8.80620728264924,-1.8818968063796149,CENTER,0.0,0.9837146615655007,0.009889400788908183,NORMAL,STABLE,NORMAL,NO_ACTION,False,0.0
2026-08-12T00:41:01.589523,0.4220656709645375,0.008769375507627313,0.04391891891891892,False,34,0.10535740852355957,False,0.0,-1.650569778024817,7.7693293170658535,-1.8933232990791566,CENTER,0.0,0.9847407219864541,0.009023820062499537,NORMAL,STABLE,NORMAL,NO_ACTION,False,0.0
2026-08-12T00:41:01.632526,0.4168911124660506,0.00802005639788008,0.04279279279279279,False,34,0.10535740852355957,False,0.0,-1.0266170599902864,8.106377718851547,-1.9444605692789594,CENTER,0.0,0.9844113163365912,0.008715643847355762,NORMAL,STABLE,NORMAL,NO_ACTION,False,0.0
2026-08-12T00:41:01.668074,0.42827994241730916,0.005567675926156121,0.041666666666666664,False,34,0.10535740852355957,False,0.0,-1.2670771950839708,4.280471483120351,-1.8884489158004385,CENTER,0.0,0.9836408902391975,0.006130106400142278,NORMAL,STABLE,NORMAL,NO_ACTION,False,0.0
2026-08-12T00:41:01.703504,0.3825185077680467,0.006699381465918463,0.041666666666666664,False,34,0.10535740852355957,False,0.0,-2.529707828012988,6.169403413587929,-1.927246480300397,CENTER,0.0,0.9819934467163922,0.008747562169670839,NORMAL,STABLE,NORMAL,NO_ACTION,False,0.0
2026-08-12T00:41:01.738670,0.395731845207837,0.008871555875393303,0.041666666666666664,False,34,0.10535740852355957,False,0.0,-1.0951293105502486,0.7090654975639836,-1.1337896314882414,CENTER,0.0,0.9813124517746914,0.0026584692479814233,NORMAL,STABLE,NORMAL,NO_ACTION,False,0.0
2026-08-12T00:41:01.775724,0.39021003487879097,0.005669426884662302,0.041666666666666664,False,34,0.10535740852355957,False,0.0,-2.16256057409322,-0.6256049839815603,-1.2526268096683282,CENTER,0.0,0.9819194074717078,0.00374052478390521,NORMAL,STABLE,NORMAL,NO_ACTION,False,0.0
2026-08-12T00:41:01.809726,0.3860070179618904,0.004365076138382732,0.041666666666666664,False,34,0.10535740852355957,False,0.0,-1.67458778001199,-6.948034127053717,-0.9063800502971162,CENTER,0.0,0.9824275280778464,0.0075034010765031205,NORMAL,STABLE,NORMAL,NO_ACTION,False,0.0
2026-08-12T00:41:01.841599,0.383703121662437,0.00650838201585049,0.041666666666666664,False,34,0.10535740852355957,False,0.0,-1.0288605903811856,-8.353272895219618,-0.545417730365017,CENTER,0.0,0.982056568287037,0.00754889102948829,NORMAL,STABLE,NORMAL,NO_ACTION,False,0.0
2026-08-12T00:41:01.874579,0.41299479748886997,0.010539668983560466,0.041666666666666664,False,34,0.10535740852355957,False,0.0,-1.1048690143784086,-8.600110005974443,-0.26802438400008555,CENTER,0.0,0.9817117037465707,0.0075332360546052765,NORMAL,STABLE,NORMAL,NO_ACTION,False,0.0
2026-08-12T00:41:01.909103,0.39266892964222294,0.005512365880354577,0.041666666666666664,False,34,0.10535740852355957,False,0.0,-0.9385704127415124,-7.48815795507025,-0.26293771054423587,CENTER,0.0,0.9810815999014061,0.006565121901085161,NORMAL,STABLE,NORMAL,NO_ACTION,False,0.0
2026-08-12T00:41:01.944073,0.4304346736864326,0.011737711538834003,0.041666666666666664,False,34,0.10535740852355957,False,0.0,-1.6311920886291489,-7.616408796291665,0.1812112526056353,CENTER,0.0,0.9805930641289438,0.007246016977770069,NORMAL,STABLE,NORMAL,NO_ACTION,False,0.0
2026-08-12T00:41:01.980465,0.4038700566123635,0.02768698968110517,0.041666666666666664,False,34,0.10535740852355957,False,0.0,-1.5039149168291885,-8.002496565143133,0.4427290385163758,CENTER,0.0,0.9802554333847737,0.00765412688367688,NORMAL,STABLE,NORMAL,NO_ACTION,False,0.0
2026-08-12T00:41:02.015612,0.3741975730331431,0.007349926051836436,0.04171364148816235,False,34,0.10535740852355957,False,0.0,-0.8303778500577152,-5.180627107475345,0.46211532253224163,CENTER,0.0,0.9806311085390946,0.004986187077152153,NORMAL,STABLE,NORMAL,NO_ACTION,False,0.0
2026-08-12T00:41:02.049769,0.3923249036969958,0.014404994851837298,0.04171364148816235,False,34,0.10535740852355957,False,0.0,-2.043135421141386,-6.762530148142986,0.8003242327024509,CENTER,0.0,0.9805361314729081,0.0076221958847677036,NORMAL,STABLE,NORMAL,NO_ACTION,False,0.0
2026-08-12T00:41:02.088759,0.42163760694209307,0.00822543330949999,0.041666666666666664,False,34,0.10535740852355957,False,0.0,-2.040037797997968,-3.2266955604558802,0.5704608264895228,CENTER,0.0,0.9868451806841563,0.0048442047283542376,NORMAL,STABLE,NORMAL,NO_ACTION,False,0.0
2026-08-12T00:41:02.127857,0.3717099701855012,0.030074799183800578,0.041666666666666664,False,34,0.10535740852355957,False,0.0,-1.5547000436119163,-5.499178079974911,0.8457575815052962,CENTER,0.0,0.9918868955761316,0.006283180400465123,NORMAL,STABLE,NORMAL,NO_ACTION,False,0.0
2026-08-12T00:41:02.163928,0.39843017969194117,0.015359572019429557,0.041666666666666664,False,34,0.10535740852355957,False,0.0,-1.8563494438883765,-6.273953692584655,0.9923691668174683,CENTER,0.0,0.9857016514489025,0.007274399291990843,NORMAL,STABLE,NORMAL,NO_ACTION,False,0.0
2026-08-12T00:41:02.199773,0.3840812256821825,0.013347801492078308,0.04171364148816235,False,34,0.10535740852355957,False,0.0,-2.692778043119006,-6.412190412522364,1.1061911313137216,CENTER,0.0,0.9817069615912208,0.00828929302146063,NORMAL,STABLE,NORMAL,NO_ACTION,False,0.0
2026-08-12T00:41:02.233315,0.40023863237664825,0.008599543392643478,0.04171364148816235,False,34,0.10535740852355957,False,0.0,-2.603529812248212,-7.541507491257988,0.9942661893086893,CENTER,0.0,0.9783291538065845,0.008911188597037415,NORMAL,STABLE,NORMAL,NO_ACTION,False,0.0
2026-08-12T00:41:02.263929,0.3750013611487185,0.005026079524055383,0.04171364148816235,False,34,0.10535740852355957,False,0.0,-1.9179505707966769,-5.48450971259993,0.8953122096486368,CENTER,0.0,0.9783594151877573,0.006670102655084327,NORMAL,STABLE,NORMAL,NO_ACTION,False,0.0
2026-08-12T00:41:02.306389,0.3786059064946914,0.005303657541558775,0.04171364148816235,False,34,0.10535740852355957,False,0.0,-1.8715091934447514,-4.310181957781879,0.9855612729804761,CENTER,0.0,0.978166862247085,0.005864162233474167,NORMAL,STABLE,NORMAL,NO_ACTION,False,0.0
2026-08-12T00:41:02.341361,0.3675791240688423,0.011038251762414108,0.04171364148816235,False,34,0.10535740852355957,False,0.0,-2.0418713329246714,-3.588262370084692,1.2270234820150847,CENTER,0.0,0.977056153013546,0.005739347459447598,NORMAL,STABLE,NORMAL,NO_ACTION,False,0.0
2026-08-12T00:41:02.376019,0.38399756153405495,0.006939245515737193,0.04171364148816235,False,34,0.10535740852355957,False,0.0,-2.1232118833993354,-1.8914840220652422,0.93526106225886,CENTER,0.0,0.977412497856653,0.004311267963606863,NORMAL,STABLE,NORMAL,NO_ACTION,False,0.0
2026-08-12T00:41:02.413828,0.4114194915479188,0.005383982514374846,0.04171364148816235,False,34,0.10535740852355957,False,0.0,-1.9486302846422916,-5.351690885882704,1.8122888551156962,CENTER,0.0,0.9779882276663237,0.00748673592253409,NORMAL,STABLE,NORMAL,NO_ACTION,False,0.0
2026-08-12T00:41:02.454175,0.4441188758561538,0.005762248391592203,0.04171364148816235,False,34,0.10535740852355957,False,0.0,-2.8555100512297713,-3.0786443044954694,1.4157458000943564,CENTER,0.0,0.9774816341949588,0.006336526521188481,NORMAL,STABLE,NORMAL,NO_ACTION,False,0.0
2026-08-12T00:41:02.489766,0.4805585235807732,0.010896682287254992,0.0417607223476298,False,34,0.10535740852355957,False,0.0,-3.049891932786693,-4.6909799594924095,1.5576232051838588,CENTER,0.0,0.9764815484610768,0.007824796399901345,NORMAL,STABLE,NORMAL,NO_ACTION,False,0.0
2026-08-12T00:41:02.532393,0.4637526245955081,0.0059872465798167665,0.0417607223476298,False,34,0.10535740852355957,False,0.0,-3.355255083848107,-7.935693224588675,2.3494241279340997,CENTER,0.0,0.9769865612139917,0.011224728792067278,NORMAL,STABLE,NORMAL,NO_ACTION,False,0.0
2026-08-12T00:41:02.574118,0.4353126848789412,0.004268408496102575,0.0417607223476298,False,34,0.10535740852355957,False,0.0,-3.162822520140594,-4.611868808058688,1.5095278344660983,CENTER,0.0,0.9767778126071673,0.007830094480626609,NORMAL,STABLE,NORMAL,NO_ACTION,False,0.0
2026-08-12T00:41:02.612482,0.45191441434203217,0.020260132619022948,0.0417607223476298,False,34,0.10535740852355957,False,0.0,-3.6982666380901605,-5.859407830571371,1.9500954382176587,CENTER,0.0,0.9764833569101509,0.009670958025190558,NORMAL,STABLE,NORMAL,NO_ACTION,False,0.0
2026-08-12T00:41:02.647566,0.475471235085824,0.009346843874581488,0.0417607223476298,False,34,0.10535740852355957,False,0.0,-3.570669328943353,-5.562077552734053,1.0101526533455285,CENTER,0.0,0.9765743955761318,0.008428217919178702,NORMAL,STABLE,NORMAL,NO_ACTION,False,0.0
2026-08-12T00:41:02.684436,0.43372017143232156,0.011463947320952805,0.0417607223476298,False,34,0.10535740852355957,False,0.0,-3.699224775087032,-7.82414833910542,1.5747628608095,CENTER,0.0,0.976276899005487,0.010729428560957982,NORMAL,STABLE,NORMAL,NO_ACTION,False,0.0
2026-08-12T00:41:02.726583,0.4699068576640988,0.005764514567202267,0.0417607223476298,False,34,0.10535740852355957,False,0.0,-3.116366000330828,-4.980683669716882,1.536770480280751,CENTER,0.0,0.9758917663323045,0.00807795852056964,NORMAL,STABLE,NORMAL,NO_ACTION,False,0.0
2026-08-12T00:41:02.760842,0.4692607507464216,0.00671785673080659,0.04180790960451977,False,34,0.10535740852355957,False,0.0,-3.664567666719705,-5.4057183507252375,1.5930311467847673,CENTER,0.0,0.9764684606481483,0.008967002851491051,NORMAL,STABLE,NORMAL,NO_ACTION,False,0.0
2026-08-12T00:41:02.795893,0.46452188940936545,0.009038154149828297,0.04180790960451977,False,34,0.10535740852355957,False,0.0,-3.3245143504837245,-7.017014315440548,1.8409013545177686,CENTER,0.0,0.9767973572530864,0.01004194768448628,NORMAL,STABLE,NORMAL,NO_ACTION,False,0.0
2026-08-12T00:41:02.826788,0.4784968135259682,0.0030103065584817924,0.04180790960451977,False,34,0.10535740852355957,False,0.0,-3.217003704204984,-10.52634604728641,2.1389212500320696,CENTER,0.0,0.9765162037037036,0.012759918397490681,NORMAL,STABLE,NORMAL,NO_ACTION,False,0.0
2026-08-12T00:41:02.859440,0.48525607807360605,0.005973152199859563,0.04180790960451977,False,34,0.10535740852355957,False,0.0,-3.9184351020018084,-5.8590236507892826,1.4419876958203872,CENTER,0.0,0.9749312789351852,0.009393405701250671,NORMAL,STABLE,NORMAL,NO_ACTION,False,0.0
2026-08-12T00:41:02.896305,0.458463176891629,0.005407585789101199,0.04180790960451977,False,34,0.10535740852355957,False,0.0,-2.981899148308429,-6.366353381329134,1.4113666720249398,CENTER,0.0,0.975063590427812,0.008828474157947618,NORMAL,STABLE,NORMAL,NO_ACTION,False,0.0
2026-08-12T00:41:02.935478,0.4969153314636783,0.0066812817897418065,0.04180790960451977,False,34,0.10535740852355957,False,0.0,-3.6234594498874912,-2.3978893379419333,1.0762074355589277,CENTER,0.0,0.9756084694358711,0.006257414115239799,NORMAL,STABLE,NORMAL,NO_ACTION,False,0.0
2026-08-12T00:41:02.973237,0.4799168267605526,0.008723555090848652,0.04180790960451977,False,34,0.10535740852355957,False,0.0,-3.726198733000075,-0.44931574454480483,0.671767044225902,CENTER,0.0,0.9761346209490741,0.004559583971351818,NORMAL,STABLE,NORMAL,NO_ACTION,False,0.0
2026-08-12T00:41:03.009179,0.4906400241952037,0.006101600233576003,0.04180790960451977,False,34,0.10535740852355957,False,0.0,-3.421224942523736,-2.1717091028341713,0.8923781186140047,CENTER,0.0,0.9759144456232853,0.0057222965590684296,NORMAL,STABLE,NORMAL,NO_ACTION,False,0.0
2026-08-12T00:41:03.045778,0.5119923920883791,0.007113067717662693,0.04180790960451977,False,34,0.10535740852355957,False,0.0,-2.676732802174058,-0.5604647048495792,0.4429498794644928,CENTER,0.0,0.9759274396647806,0.0034089189432284853,NORMAL,STABLE,NORMAL,NO_ACTION,False,0.0
2026-08-12T00:41:03.080840,0.4810506367722205,0.010623471143250142,0.0418552036199095,False,34,0.10535740852355957,False,0.0,-2.9944231934283323,-2.5686140148216623,0.5106584936405056,CENTER,0.0,0.9752507850008574,0.005230373968622674,NORMAL,STABLE,NORMAL,NO_ACTION,False,0.0
2026-08-12T00:41:03.124622,0.4996893940494449,0.00667959160839274,0.0418552036199095,False,34,0.10535740852355957,False,0.0,-3.26804912655777,-3.7620405144284064,0.6872986000309709,CENTER,0.0,0.9744549066572359,0.006525882626765229,NORMAL,STABLE,NORMAL,NO_ACTION,False,0.0
2026-08-12T00:41:03.158496,0.50920771844957,0.008368263478596531,0.04180790960451977,False,34,0.10535740852355957,False,0.0,-2.1304203068291088,-3.517256958477418,0.6519203967802696,CENTER,0.0,0.975045800647291,0.0052195321845982775,NORMAL,STABLE,NORMAL,NO_ACTION,False,0.0
2026-08-12T00:41:03.209008,0.4798597236614242,0.007087076357649585,0.0418552036199095,False,34,0.10535740852355957,False,0.0,-2.934085406981154,-9.095855609057509,1.6347670458497703,CENTER,0.0,0.9768218315972222,0.010968864746304647,NORMAL,STABLE,NORMAL,NO_ACTION,False,0.0
2026-08-12T00:41:03.246807,0.46537788643283534,0.024576054288006906,0.0418552036199095,False,34,0.10535740852355957,False,0.0,-2.822492322829703,-6.939969056536285,1.8092860043122414,CENTER,0.0,0.9771652895661865,0.009472430855857339,NORMAL,STABLE,NORMAL,NO_ACTION,False,0.0
2026-08-12T00:41:03.285973,0.4118732682259184,0.003878701779979665,0.0418552036199095,False,34,0.10535740852355957,False,0.0,-3.3338287444479136,1.0018956691953917,0.9705369899412517,CENTER,0.0,0.9769727768132717,0.004868536097904757,NORMAL,STABLE,NORMAL,NO_ACTION,False,0.0
2026-08-12T00:41:03.320696,0.4480707423591021,0.012158404102082321,0.0418552036199095,False,34,0.10535740852355957,False,0.0,-3.901102944468562,6.67935485686175,-0.06131864527210951,CENTER,0.0,0.9763290225265775,0.008639643742298576,NORMAL,STABLE,NORMAL,NO_ACTION,False,0.0
2026-08-12T00:41:03.349919,0.43058875204022873,0.005770452148035607,0.0418552036199095,False,34,0.10535740852355957,False,0.0,-4.258435919095547,5.031557818045968,-0.644227598720903,CENTER,0.0,0.9752852125128602,0.008354986256115707,NORMAL,STABLE,NORMAL,NO_ACTION,False,0.0
2026-08-12T00:41:03.382430,0.25457668675925316,0.008629320350456705,0.0418552036199095,False,34,0.10535740852355957,False,0.0,-5.203662560188803,2.491672473151027,-1.3694602511156688,CENTER,0.0,0.9746889735510973,0.0686936327032314,NORMAL,STABLE,NORMAL,NO_ACTION,False,0.0
2026-08-12T00:41:03.414229,0.22266705989880664,0.009534437351824222,0.0418552036199095,False,34,0.10535740852355957,False,0.0,-4.996708675328648,2.441456828964192,-1.816109309453708,UP,0.0,0.9753832170567558,0.13743435257081865,NORMAL,STABLE,NORMAL,NO_ACTION,False,0.0
2026-08-12T00:41:03.445678,0.266653082345231,0.011442989891847371,0.0418552036199095,False,34,0.10535740852355957,False,0.0,-4.846810250767959,4.205757026302081,-1.8417814655358598,UP,0.031449317932128906,0.9758405939214677,0.0799409141558694,NORMAL,STABLE,NORMAL,NO_ACTION,False,0.0
2026-08-12T00:41:03.478940,0.3562343413127106,0.007170584848583755,0.0418552036199095,False,34,0.10535740852355957,False,0.0,-4.541893310070975,4.584918295933505,-2.1108396532640654,UP,0.0647115707397461,0.9757864074288409,0.035717665326570905,NORMAL,STABLE,NORMAL,NO_ACTION,False,0.0
2026-08-12T00:41:03.510324,0.38481532145511077,0.007154146880250469,0.0418552036199095,False,34,0.10535740852355957,False,0.0,-4.525946526475934,5.665157509735309,-2.2312928530304816,UP,0.09609556198120117,0.976230093664266,0.03659847390025946,NORMAL,STABLE,NORMAL,NO_ACTION,False,0.0
2026-08-12T00:41:03.534696,0.3692000996345892,0.017292736152514525,0.0418552036199095,False,34,0.10535740852355957,False,0.0,-4.734850651103756,0.9183431373552082,-1.428058246029309,UP,0.12046694755554199,0.9767126146690673,0.03259790083347727,NORMAL,STABLE,NORMAL,NO_ACTION,False,0.0
2026-08-12T00:41:03.564851,0.3923355237355644,0.008695990278822783,0.0418552036199095,False,34,0.10535740852355957,False,0.0,-5.5742963955881635,0.2917526967312085,-1.085135260046627,CENTER,0.0,0.9759702530221194,0.006623496319731967,NORMAL,STABLE,NORMAL,NO_ACTION,False,0.0
2026-08-12T00:41:03.608600,0.4102077014341061,0.008527346169794914,0.04190260475651189,False,34,0.10535740852355957,False,0.0,-5.196455663184196,0.19286178131090992,-0.8662309875836058,CENTER,0.0,0.9765944894547325,0.005977431765019465,NORMAL,STABLE,NORMAL,NO_ACTION,False,0.0
2026-08-12T00:41:03.634278,0.3989154420670037,0.008986927254600433,0.0418552036199095,False,34,0.10535740852355957,False,0.0,-5.6977957311271155,-3.959694244867393,-0.3188243993184017,CENTER,0.0,0.9773591687028464,0.008653561524685098,NORMAL,STABLE,NORMAL,NO_ACTION,False,0.0
2026-08-12T00:41:03.665200,0.44318775545521266,0.004522087198364386,0.0418552036199095,False,34,0.10535740852355957,False,0.0,-4.31232457610048,-6.697187669515131,0.27036875265832805,CENTER,0.0,0.9771579887902949,0.00924982170752867,NORMAL,STABLE,NORMAL,NO_ACTION,False,0.0
2026-08-12T00:41:03.703191,0.4419753434837922,0.006694930825033007,0.0418552036199095,False,34,0.10535740852355957,False,0.0,-4.027625754406188,-4.398771621583279,-0.07054694430306085,CENTER,0.0,0.9766747310099451,0.007123279140270905,NORMAL,STABLE,NORMAL,NO_ACTION,False,0.0
2026-08-12T00:41:03.754951,0.4241065541551291,0.0051400111562857655,0.04190260475651189,False,34,0.10535740852355957,False,0.0,-3.6775516578802865,-5.495823223583017,0.42972133433639215,CENTER,0.0,0.9770433063271605,0.007924357431759352,NORMAL,STABLE,NORMAL,NO_ACTION,False,0.0
2026-08-12T00:41:03.783831,0.4627099784794737,0.005112495193182028,0.0418552036199095,False,34,0.10535740852355957,False,0.0,-3.2134510290841263,-7.312718443255648,0.8100701894018698,CENTER,0.0,0.9761899594907407,0.009155909678671149,NORMAL,STABLE,NORMAL,NO_ACTION,False,0.0
2026-08-12T00:41:03.810643,0.48769415003358485,0.009042491757262457,0.0418552036199095,False,34,0.10535740852355957,False,0.0,-3.3303269988466866,-8.164111717473702,1.3390449317171544,CENTER,0.0,0.9761893298825447,0.010392735136496188,NORMAL,STABLE,NORMAL,NO_ACTION,False,0.0
2026-08-12T00:41:03.843795,0.4845866860230853,0.0035890139455097727,0.0418552036199095,False,34,0.10535740852355957,False,0.0,-3.283384855053157,-8.069973467036107,1.314227570231452,CENTER,0.0,0.9770947868441358,0.010255644654244589,NORMAL,STABLE,NORMAL,NO_ACTION,False,0.0
2026-08-12T00:41:03.873579,0.49645814462314963,0.003920864555518017,0.0418552036199095,False,34,0.10535740852355957,False,0.0,-3.550591672838493,-5.706214756678719,1.7352530187447712,CENTER,0.0,0.9773795171039096,0.00921122776801481,NORMAL,STABLE,NORMAL,NO_ACTION,False,0.0
2026-08-12T00:41:03.906351,0.47913732764579064,0.008292684241851592,0.0418552036199095,False,34,0.10535740852355957,False,0.0,-3.114319363335113,-10.812692941616206,2.208067201739766,CENTER,0.0,0.9774991828489369,0.012934428261239368,NORMAL,STABLE,NORMAL,NO_ACTION,False,0.0
2026-08-12T00:41:03.939494,0.46808241376067894,0.006444160948206784,0.0418552036199095,False,34,0.10535740852355957,False,0.0,-2.741856619595609,-11.83029454430931,2.283954379269403,CENTER,0.0,0.9775346284507888,0.013383771466093403,NORMAL,STABLE,NORMAL,NO_ACTION,False,0.0
2026-08-12T00:41:03.969520,0.49076885632020084,0.005879819129041044,0.0418552036199095,False,34,0.10535740852355957,False,0.0,-2.3818341009853157,-14.034783454071317,2.5750153305123717,CENTER,0.0,0.9779251194915981,0.014909494910123354,NORMAL,STABLE,NORMAL,NO_ACTION,False,0.0
2026-08-12T00:41:03.998581,0.49362303728819434,0.002547634363221824,0.0418552036199095,False,34,0.10535740852355957,False,0.0,-2.9113104317612226,-10.98292834845779,2.184458889108299,CENTER,0.0,0.9772802801354595,0.012839152042130904,NORMAL,STABLE,NORMAL,NO_ACTION,False,0.0
2026-08-12T00:41:04.032099,0.5163682975148134,0.005636554215986514,0.0418552036199095,False,34,0.10535740852355957,False,0.0,-3.0528117121319553,-14.714039572322548,2.0244785419052675,CENTER,0.0,0.9770891203703703,0.015516048824639167,NORMAL,STABLE,NORMAL,NO_ACTION,False,0.0
2026-08-12T00:41:04.065345,0.4899156200697594,0.002244112434608752,0.0418552036199095,False,34,0.10535740852355957,False,0.0,-2.273903179499115,-14.390367089830107,1.9141050000642963,CENTER,0.0,0.9776885341649519,0.014425939663716142,NORMAL,STABLE,NORMAL,NO_ACTION,False,0.0
2026-08-12T00:41:04.100714,0.48546067712398544,0.0033313142387747033,0.0418552036199095,False,34,0.10535740852355957,False,0.0,-1.952324564960378,-13.529486170982636,1.8587021037064062,CENTER,0.0,0.9777370541838134,0.01344117310072214,NORMAL,STABLE,NORMAL,NO_ACTION,False,0.0
2026-08-12T00:41:04.125656,0.4910009890855761,0.0031380956863291992,0.0418552036199095,False,34,0.10535740852355957,False,0.0,-2.218065426696853,-15.62975525645146,1.949267540623822,CENTER,0.0,0.9772493757501716,0.015301143875968185,NORMAL,STABLE,NORMAL,NO_ACTION,False,0.0
2026-08-12T00:41:04.168212,0.4794287982435115,0.01014791464167524,0.04190260475651189,False,34,0.10535740852355957,False,0.0,-3.425813992646198,-13.316906580136902,1.7564045900273868,CENTER,0.0,0.9769551477837792,0.014608050424525287,NORMAL,STABLE,NORMAL,NO_ACTION,False,0.0
2026-08-12T00:41:04.196225,0.4628445259284166,0.006848352153886873,0.0418552036199095,False,34,0.10535740852355957,False,0.0,-2.143539429185779,-11.494986978121233,1.7299222355192114,CENTER,0.0,0.977644890260631,0.012031935161321991,NORMAL,STABLE,NORMAL,NO_ACTION,False,0.0
2026-08-12T00:41:04.226009,0.46730265621530664,0.006182962273460363,0.0418552036199095,False,34,0.10535740852355957,False,0.0,-1.8604698843031997,-12.864389816530093,1.7725755828728893,CENTER,0.0,0.9776249437371399,0.012789436428478339,NORMAL,STABLE,NORMAL,NO_ACTION,False,0.0
2026-08-12T00:41:04.262732,0.4872228032757153,0.004334149263520029,0.0418552036199095,False,34,0.10535740852355957,False,0.0,-2.5073112414413288,-14.324919012928547,2.121688001590286,CENTER,0.0,0.9776152049039781,0.014803329669293654,NORMAL,STABLE,NORMAL,NO_ACTION,False,0.0
2026-08-12T00:41:04.292207,0.4886535762010096,0.004395563273900826,0.0418552036199095,False,34,0.10535740852355957,False,0.0,-2.4835766858884654,-14.221308300059917,1.7427029962167637,CENTER,0.0,0.9783090733239026,0.014340695688366828,NORMAL,STABLE,NORMAL,NO_ACTION,False,0.0
2026-08-12T00:41:04.320013,0.49599079105009214,0.005970161343993469,0.0418552036199095,False,34,0.10535740852355957,False,0.0,-2.6201273991888456,-11.410796303401952,1.8060955817976776,CENTER,0.0,0.9776673016332305,0.012503419460073616,NORMAL,STABLE,NORMAL,NO_ACTION,False,0.0
2026-08-12T00:41:04.343373,0.4642933835346449,0.015157122291600392,0.04180790960451977,False,34,0.10535740852355957,False,0.0,-2.2645005296468526,-13.818867284209375,1.834535402681297,CENTER,0.0,0.9771996367026748,0.013927512825282026,NORMAL,STABLE,NORMAL,NO_ACTION,False,0.0
2026-08-12T00:41:04.365896,0.468621412003453,0.003975171695589287,0.04180790960451977,False,34,0.10535740852355957,False,0.0,-3.0695442865552707,-13.824316608014612,1.7381068585983712,CENTER,0.0,0.9775101541066528,0.014613818652973318,NORMAL,STABLE,NORMAL,NO_ACTION,False,0.0
2026-08-12T00:41:04.398253,0.4605530739971265,0.009271012064947431,0.04180790960451977,False,34,0.10535740852355957,False,0.0,-3.0170456151221288,-11.482289924137376,1.7532973669735838,CENTER,0.0,0.9779868076989027,0.01288642855759879,NORMAL,STABLE,NORMAL,NO_ACTION,False,0.0
2026-08-12T00:41:04.421864,0.4669837415258361,0.008823351631414596,0.04067796610169491,False,34,0.10535740852355957,False,0.0,-2.753701966049107,-8.854856814117738,1.5148221601206444,CENTER,0.0,0.9775527933170439,0.010505605005767017,NORMAL,STABLE,NORMAL,NO_ACTION,False,0.0
2026-08-12T00:41:04.446200,0.4622439668060413,0.0638114238722804,0.03954802259887006,False,34,0.10535740852355957,False,0.0,-2.716000774210954,-7.894151654498415,1.4329921322891153,CENTER,0.0,0.9769245649005487,0.0096966582530267,NORMAL,STABLE,NORMAL,NO_ACTION,False,0.0
2026-08-12T00:41:04.502708,0.4522290378076151,0.006974046821767666,0.039503386004514675,False,34,0.10535740852355957,False,0.0,-1.6252625943823205,-3.309763959711802,0.6998718266150377,CENTER,0.0,0.976739098401063,0.0046294034133448686,NORMAL,STABLE,NORMAL,NO_ACTION,False,0.0
2026-08-12T00:41:04.535344,0.4571945455769228,0.004091477676609216,0.03837471783295711,False,34,0.10535740852355957,False,0.0,-2.059977932195636,-0.07754268332760716,0.25906416096529483,CENTER,0.0,0.975799602409122,0.0022891546943360204,NORMAL,STABLE,NORMAL,NO_ACTION,False,0.0
2026-08-12T00:41:04.568623,0.44475034628008386,0.0042461297241334186,0.0384180790960452,False,34,0.10535740852355957,False,0.0,-1.3160214263279215,3.9136911395136735,0.311990473326631,CENTER,0.0,0.9770186846279151,0.004394269874501296,NORMAL,STABLE,NORMAL,NO_ACTION,False,0.0
2026-08-12T00:41:04.600249,0.4740011672601049,0.00706984258365853,0.0384180790960452,False,34,0.10535740852355957,False,0.0,-1.7908966195113862,8.164008181983746,-0.7950561800582818,CENTER,0.0,0.9776218224879974,0.008386404901388683,NORMAL,STABLE,NORMAL,NO_ACTION,False,0.0
2026-08-12T00:41:04.632062,0.4509713416922033,0.015137399827611333,0.0384180790960452,False,34,0.10535740852355957,False,0.0,-1.3639491043490466,7.690578316390997,-0.6332325124189992,CENTER,0.0,0.9771740772890947,0.007477518489096062,NORMAL,STABLE,NORMAL,NO_ACTION,False,0.0
2026-08-12T00:41:04.663905,0.4570183506820268,0.009623545517188635,0.0384180790960452,False,34,0.10535740852355957,False,0.0,-1.313678882016319,7.559724501905379,-0.11944982693572115,CENTER,0.0,0.977214412401406,0.006839850897033628,NORMAL,STABLE,NORMAL,NO_ACTION,False,0.0
2026-08-12T00:41:04.695524,0.44700448349444205,0.0025341822311610793,0.0384180790960452,False,34,0.10535740852355957,False,0.0,-1.141202521084864,10.186757062984555,-0.678477980821981,CENTER,0.0,0.9766947847007887,0.00910938725102877,NORMAL,STABLE,NORMAL,NO_ACTION,False,0.0
2026-08-12T00:41:04.716873,0.4563381057891722,0.0039002354169377883,0.0384180790960452,False,34,0.10535740852355957,False,0.0,-0.9652852800494145,11.780457843244278,-0.6912513214855665,CENTER,0.0,0.9767059435013717,0.010103291836413812,NORMAL,STABLE,NORMAL,NO_ACTION,False,0.0
2026-08-12T00:41:04.739916,0.43302214859040866,0.006393052770402388,0.03837471783295711,False,34,0.10535740852355957,False,0.0,-1.498700607950667,9.725181146767227,-0.37532729929202446,CENTER,0.0,0.9765697873799726,0.00882836140556559,NORMAL,STABLE,NORMAL,NO_ACTION,False,0.0
2026-08-12T00:41:04.765427,0.4561130921689627,0.0033920613933333702,0.03837471783295711,False,34,0.10535740852355957,False,0.0,-1.5676321530420694,11.332602820117415,-0.5539740940331228,CENTER,0.0,0.9771915723593965,0.010227685830231282,NORMAL,STABLE,NORMAL,NO_ACTION,False,0.0
2026-08-12T00:41:04.791301,0.4520501257354582,0.009640168326675408,0.03837471783295711,False,34,0.10535740852355957,False,0.0,-1.2807922063071828,9.3000183352095,-0.27487957973900734,CENTER,0.0,0.9780318715706448,0.008214734221251341,NORMAL,STABLE,NORMAL,NO_ACTION,False,0.0
2026-08-12T00:41:04.838836,0.45340585209502426,0.004548961256790798,0.0384180790960452,False,34,0.10535740852355957,False,0.0,-1.1745208611775126,13.064381470946302,-0.44454695505288555,CENTER,0.0,0.9783848272462278,0.010994488959460862,NORMAL,STABLE,NORMAL,NO_ACTION,False,0.0
2026-08-12T00:41:04.902887,0.43269177210858645,0.009879257582993461,0.03837471783295711,False,34,0.10535740852355957,False,0.0,-1.0660022202928872,12.97762454754502,-0.9894298677765221,CENTER,0.0,0.977733155971365,0.011352033813590096,NORMAL,STABLE,NORMAL,NO_ACTION,False,0.0
2026-08-12T00:41:04.934983,0.4346301289233895,0.008986049533746831,0.03837471783295711,False,34,0.10535740852355957,False,0.0,-0.7739578092359523,11.269496259222734,-0.5098534995886439,CENTER,0.0,0.9771148137431414,0.009375343373491957,NORMAL,STABLE,NORMAL,NO_ACTION,False,0.0
2026-08-12T00:41:04.967232,0.4717850213020135,0.008488582040877726,0.03837471783295711,False,34,0.10535740852355957,False,0.0,-0.7556455461379414,14.385299569771433,-1.0244236584933617,CENTER,0.0,0.9775758075060014,0.012103523738183585,NORMAL,STABLE,NORMAL,NO_ACTION,False,0.0
2026-08-12T00:41:04.998885,0.5186993496777064,0.008230825856388558,0.0384180790960452,False,34,0.10535740852355957,False,0.0,-0.6177017747239972,14.55242159883619,-0.9884214262256421,CENTER,0.0,0.9782896224494172,0.012056719422296159,NORMAL,STABLE,NORMAL,NO_ACTION,False,0.0
2026-08-12T00:41:05.031850,0.49587321842960574,0.010339406175997125,0.0384180790960452,False,34,0.10535740852355957,False,0.0,-1.035904127684347,16.582288900112104,-1.355672044163839,CENTER,0.0,0.9787808641975309,0.014279096815564404,NORMAL,STABLE,NORMAL,NO_ACTION,False,0.0
2026-08-12T00:41:05.063910,0.5201690011978722,0.004368826905914441,0.03837471783295711,False,34,0.10535740852355957,False,0.0,-1.0739083423101192,12.481011513478052,-0.7870779922894258,CENTER,0.0,0.9784229386359738,0.010806124785644822,NORMAL,STABLE,NORMAL,NO_ACTION,False,0.0
2026-08-12T00:41:05.095359,0.5088750501575305,0.00295450156343414,0.0384180790960452,False,34,0.10535740852355957,False,0.0,-1.2686514815933378,11.141202170665707,-0.7441818666590052,CENTER,0.0,0.9777181123542524,0.009984707754908971,NORMAL,STABLE,NORMAL,NO_ACTION,False,0.0
2026-08-12T00:41:05.127491,0.5171767572136963,0.010760794079073103,0.03837471783295711,False,34,0.10535740852355957,False,0.0,-0.9231288396194373,10.31169790621962,-0.2353998691799859,CENTER,0.0,0.9775829609267832,0.00856295761481732,NORMAL,STABLE,NORMAL,NO_ACTION,False,0.0
2026-08-12T00:41:05.159621,0.5299081480823604,0.005999933359700957,0.0384180790960452,False,34,0.10535740852355957,False,0.0,-0.8201718478090925,12.510407425868578,-0.5637338353354266,CENTER,0.0,0.9777079850394376,0.010367944169118327,NORMAL,STABLE,NORMAL,NO_ACTION,False,0.0
2026-08-12T00:41:05.190962,0.5248500337146884,0.011961959520734925,0.0384180790960452,False,34,0.10535740852355957,False,0.0,-1.2040240872138952,9.932306358972966,-0.3208218514446344,CENTER,0.0,0.9777771883573388,0.008641702533522023,NORMAL,STABLE,NORMAL,NO_ACTION,False,0.0
2026-08-12T00:41:05.223971,0.5229799122121904,0.00783575833136625,0.0384180790960452,False,34,0.10535740852355957,False,0.0,-1.3668469906320695,12.594808011121671,-0.4606228960189185,CENTER,0.0,0.9791096536351166,0.010856036047029567,NORMAL,STABLE,NORMAL,NO_ACTION,False,0.0
2026-08-12T00:41:05.245012,0.5246980760124624,0.006698363340063713,0.03837471783295711,False,34,0.10535740852355957,False,0.0,-1.1776697438623387,11.687178366877333,-0.5920703166740964,CENTER,0.0,0.9790830761316874,0.010144934064002048,NORMAL,STABLE,NORMAL,NO_ACTION,False,0.0
2026-08-12T00:41:05.287690,0.5353495424067587,0.007117361367871294,0.03837471783295711,False,34,0.10535740852355957,False,0.0,-1.1219696694778918,8.582444910606,-0.056691532635056774,CENTER,0.0,0.9790582936814128,0.007333439518953841,NORMAL,STABLE,NORMAL,NO_ACTION,False,0.0
2026-08-12T00:41:05.319554,0.5039324515250652,0.010127740978051542,0.03837471783295711,False,34,0.10535740852355957,False,0.0,-0.6872810051190186,-4.985449895634787,1.3558580816040262,CENTER,0.0,0.9782510154106653,0.005568069971099167,NORMAL,STABLE,NORMAL,NO_ACTION,False,0.0
2026-08-12T00:41:05.366845,0.5093870111699335,0.00867841017029838,0.03837471783295711,False,34,0.10535740852355957,False,0.0,-1.1518323175743035,2.034176705027761,0.642718352442472,CENTER,0.0,0.9783833670910493,0.0031972134506843518,NORMAL,STABLE,NORMAL,NO_ACTION,False,0.0
2026-08-12T00:41:05.398824,0.5048668599904084,0.006158614237010085,0.03837471783295711,False,34,0.10535740852355957,False,0.0,-0.8350941321295977,-0.733649721820882,0.9698669720324631,CENTER,0.0,0.978787468385631,0.002267968825322992,NORMAL,STABLE,NORMAL,NO_ACTION,False,0.0
2026-08-12T00:41:05.431845,0.49677678747935405,0.004681647477037014,0.03837471783295711,False,34,0.10535740852355957,False,0.0,-0.7079786230357001,6.578303386271671,0.3730869346713064,CENTER,0.0,0.9789432227366255,0.005792022982691843,NORMAL,STABLE,NORMAL,NO_ACTION,False,0.0
2026-08-12T00:41:05.462859,0.5014688998548956,0.0034773803596878906,0.038331454340473504,False,34,0.10535740852355957,False,0.0,-1.361008340982778,8.390025241425178,-0.39802345028479635,CENTER,0.0,0.979426614476166,0.0077533451400277,NORMAL,STABLE,NORMAL,NO_ACTION,False,0.0
2026-08-12T00:41:05.495828,0.5166093022844558,0.008665465504606798,0.038331454340473504,False,34,0.10535740852355957,False,0.0,-0.9314867527122601,-0.0796020267519566,0.6854909609097035,CENTER,0.0,0.9787507233796295,0.0016145800028086743,NORMAL,STABLE,NORMAL,NO_ACTION,False,0.0
2026-08-12T00:41:05.527269,0.5118658736318802,0.006286740865369438,0.038288288288288286,False,34,0.10535740852355957,False,0.0,-1.134997775034492,4.7887764669626165,0.03544511772764736,CENTER,0.0,0.9777740403163578,0.004585653937688394,NORMAL,STABLE,NORMAL,NO_ACTION,False,0.0
2026-08-12T00:41:05.559025,0.5084092345329843,0.0034323125436027994,0.03824521934758155,False,34,0.10535740852355957,False,0.0,-1.0517305948593503,-8.774477165211351,1.7249825346116268,CENTER,0.0,0.9773929264188957,0.00901099429955062,NORMAL,STABLE,NORMAL,NO_ACTION,False,0.0
2026-08-12T00:41:05.591453,0.5050791474704229,0.01437226116556274,0.03824521934758155,False,34,0.10535740852355957,False,0.0,-1.1402806743148233,-4.83939566359544,0.8834662346274342,CENTER,0.0,0.9781652815286351,0.005443912410096659,NORMAL,STABLE,NORMAL,NO_ACTION,False,0.0
2026-08-12T00:41:05.622820,0.5041366248775218,0.005920746236449619,0.038202247191011236,False,34,0.10535740852355957,False,0.0,-1.1232341714716938,1.2104228251035352,0.3698890981150953,CENTER,0.0,0.9783665418167009,0.002312016670325017,NORMAL,STABLE,NORMAL,NO_ACTION,False,0.0
2026-08-12T00:41:05.655967,0.5014251490594148,0.009090174723090389,0.038202247191011236,False,34,0.10535740852355957,False,0.0,-0.41839490899775456,-10.552519611960236,1.494860046345309,CENTER,0.0,0.9786426718964335,0.009463657824894231,NORMAL,STABLE,NORMAL,NO_ACTION,False,0.0
2026-08-12T00:41:05.687522,0.5197487300158703,0.00749718659845852,0.038202247191011236,False,34,0.10535740852355957,False,0.0,-0.6470864824495379,-4.908490341802434,0.9601024803106384,CENTER,0.0,0.9791130695944787,0.005092684248033779,NORMAL,STABLE,NORMAL,NO_ACTION,False,0.0
2026-08-12T00:41:05.719357,0.5287722707753866,0.011480928736259088,0.038202247191011236,False,34,0.10535740852355957,False,0.0,-1.2760566827240893,-0.5669881448527576,0.3146146934722367,CENTER,0.0,0.9787692499356996,0.0019412490594716018,NORMAL,STABLE,NORMAL,NO_ACTION,False,0.0
2026-08-12T00:41:05.751910,0.5130195128117278,0.004880445920929946,0.038202247191011236,False,34,0.10535740852355957,False,0.0,-0.19004131885142783,-14.295460577142705,1.7219834972103456,CENTER,0.0,0.9773638840663581,0.012165708387847736,NORMAL,STABLE,NORMAL,NO_ACTION,False,0.0
2026-08-12T00:41:05.783332,0.5110496692338078,0.007021583639111722,0.038159371492704826,False,34,0.10535740852355957,False,0.0,-0.21139552006371787,-14.108242194948161,1.6251824063907634,CENTER,0.0,0.9780095941572361,0.011957842551455766,NORMAL,STABLE,NORMAL,NO_ACTION,False,0.0
2026-08-12T00:41:05.815300,0.5153352233876359,0.01646922953163073,0.038159371492704826,False,34,0.10535740852355957,False,0.0,-0.8968004822518765,-7.017769796587743,1.341706650201445,CENTER,0.0,0.9788172475137173,0.007223988758416569,NORMAL,STABLE,NORMAL,NO_ACTION,False,0.0
2026-08-12T00:41:05.847380,0.5267204267692673,0.00561731705064396,0.038159371492704826,False,34,0.10535740852355957,False,0.0,-0.04366936078875483,-12.99755445333156,1.7082140298617503,CENTER,0.0,0.9790876977237655,0.011074121481365872,NORMAL,STABLE,NORMAL,NO_ACTION,False,0.0
2026-08-12T00:41:05.895409,0.5066488010931627,0.006394269522037944,0.038159371492704826,False,34,0.10535740852355957,False,0.0,0.1345435173728049,-13.556413233095128,1.4000638155771412,CENTER,0.0,0.9793487841863856,0.011268512914890874,NORMAL,STABLE,NORMAL,NO_ACTION,False,0.0
2026-08-12T00:41:05.927227,0.524644161304338,0.011866633701384743,0.038159371492704826,False,34,0.10535740852355957,False,0.0,-0.04336710535787347,-13.558824253340134,1.1709195821555625,CENTER,0.0,0.9792526684670781,0.010961797289462293,NORMAL,STABLE,NORMAL,NO_ACTION,False,0.0
2026-08-12T00:41:05.958794,0.5541196052705506,0.008130365049634162,0.038159371492704826,False,34,0.10535740852355957,False,0.0,-0.22811649169648263,-11.25652641921954,0.9903961870303988,CENTER,0.0,0.9784482435270919,0.009303096104506664,NORMAL,STABLE,NORMAL,NO_ACTION,False,0.0
2026-08-12T00:41:05.990747,0.5081194689724531,0.011345959911201147,0.038159371492704826,False,34,0.10535740852355957,False,0.0,-0.40588375795204,-15.344644817743188,1.0469644881645195,CENTER,0.0,0.9781346584576475,0.012481282531297136,NORMAL,STABLE,NORMAL,NO_ACTION,False,0.0
2026-08-12T00:41:06.023124,0.5105505514812138,0.005085993278627034,0.038159371492704826,False,34,0.10535740852355957,False,0.0,-0.4538531783589974,-12.110661238695599,0.5696742301684026,CENTER,0.0,0.9786083649477024,0.009732207658380615,NORMAL,STABLE,NORMAL,NO_ACTION,False,0.0
2026-08-12T00:41:06.054420,0.5214026429697691,0.004793816429998325,0.038159371492704826,False,34,0.10535740852355957,False,0.0,-0.5235396347094081,-8.217581474137347,0.2653302402203508,CENTER,0.0,0.9785277349108368,0.006694572425698223,NORMAL,STABLE,NORMAL,NO_ACTION,False,0.0
2026-08-12T00:41:06.087270,0.5074709555273806,0.008450249516303566,0.038159371492704826,False,34,0.10535740852355957,False,0.0,-0.7195644184111529,-10.942782457555438,0.5200122916142789,CENTER,0.0,0.9783257646390604,0.00909678712529601,NORMAL,STABLE,NORMAL,NO_ACTION,False,0.0
2026-08-12T00:41:06.118821,0.5232961843659777,0.00592181212350206,0.035955056179775284,False,34,0.10535740852355957,False,0.0,0.09709474195386747,-0.6901733252965698,-0.7531879275753965,CENTER,0.0,0.9787799398791153,0.0013172492315201474,NORMAL,STABLE,NORMAL,NO_ACTION,False,0.0
2026-08-12T00:41:06.151669,0.5220758405428321,0.00514815294261457,0.035955056179775284,False,34,0.10535740852355957,False,0.0,-0.7240120733225979,-10.095144975779021,0.5912991538067729,CENTER,0.0,0.9785366699888547,0.008557534034557576,NORMAL,STABLE,NORMAL,NO_ACTION,False,0.0
2026-08-12T00:41:06.182861,0.5336437676048387,0.009455895322291782,0.035955056179775284,False,34,0.10535740852355957,False,0.0,-1.6835079296700997,6.4957160646368095,-1.9020198554669605,CENTER,0.0,0.9783266487697189,0.0081440809508882,NORMAL,STABLE,NORMAL,NO_ACTION,False,0.0
2026-08-12T00:41:06.215185,0.5151426711197105,0.0085861702649991,0.035955056179775284,False,34,0.10535740852355957,False,0.0,-0.7283632085406282,-8.721741892389758,-0.20891849480901215,CENTER,0.0,0.978397647140775,0.007201603377358923,NORMAL,STABLE,NORMAL,NO_ACTION,False,0.0
2026-08-12T00:41:06.247694,0.528445469420076,0.006278586235228736,0.0359955005624297,False,34,0.10535740852355957,False,0.0,-0.6687615646698362,-5.76810511071119,-0.7718548801540237,CENTER,0.0,0.9784877346965021,0.0055531139712699466,NORMAL,STABLE,NORMAL,NO_ACTION,False,0.0
2026-08-12T00:41:06.279572,0.522978163425816,0.003554285418424349,0.0359955005624297,False,34,0.10535740852355957,False,0.0,-0.023090413298632484,-11.545411386302135,-0.0918665842918358,CENTER,0.0,0.9788826062028464,0.008449051998897918,NORMAL,STABLE,NORMAL,NO_ACTION,False,0.0
2026-08-12T00:41:06.310480,0.5309419870790102,0.007855266903778215,0.0359955005624297,False,34,0.10535740852355957,False,0.0,-1.1444973778763483,4.762164388590747,-2.112418326655103,CENTER,0.0,0.9785033141503773,0.006575630144271752,NORMAL,STABLE,NORMAL,NO_ACTION,False,0.0
2026-08-12T00:41:06.343250,0.513863568657932,0.005279255280056979,0.0359955005624297,False,34,0.10535740852355957,False,0.0,-0.46438849196306364,-11.39218720886484,-0.4072886708860892,CENTER,0.0,0.9786074272333677,0.00906708358544231,NORMAL,STABLE,NORMAL,NO_ACTION,False,0.0
2026-08-12T00:41:06.374721,0.5378232886121435,0.002640568852188521,0.0359955005624297,False,34,0.10535740852355957,False,0.0,-0.8054429646582548,0.8692801239495793,-1.4458318487609176,CENTER,0.0,0.9792671226637518,0.002795707687626492,NORMAL,STABLE,NORMAL,NO_ACTION,False,0.0
2026-08-12T00:41:06.423442,0.5080867996220855,0.0032701988782941633,0.036036036036036036,False,34,0.10535740852355957,False,0.0,-0.5846712194487793,-5.212703311204962,-1.0727890439280827,CENTER,0.0,0.9790197938100137,0.00536080301541834,NORMAL,STABLE,NORMAL,NO_ACTION,False,0.0
2026-08-12T00:41:06.454648,0.48787990936579434,0.0034813941985973834,0.0359955005624297,False,34,0.10535740852355957,False,0.0,-0.6582866244278307,-8.620043266764071,-0.8027689960890996,CENTER,0.0,0.9788439723722565,0.007632529253160727,NORMAL,STABLE,NORMAL,NO_ACTION,False,0.0
2026-08-12T00:41:06.487772,0.4837142758062867,0.006829580449013971,0.0359955005624297,False,34,0.10535740852355957,False,0.0,-0.9899636529084432,-2.1722326422160734,-1.3038013657362058,CENTER,0.0,0.9788621774262689,0.003777645444739789,NORMAL,STABLE,NORMAL,NO_ACTION,False,0.0
2026-08-12T00:41:06.521622,0.47833029775355385,0.00623686151242436,0.036036036036036036,False,34,0.10535740852355957,False,0.0,-0.24730846267880224,-6.830367626574031,-0.7596943544061503,CENTER,0.0,0.9784819744513031,0.0059027497023111985,NORMAL,STABLE,NORMAL,NO_ACTION,False,0.0
2026-08-12T00:41:06.550948,0.4723078821039165,0.007321732965846593,0.036036036036036036,False,34,0.10535740852355957,False,0.0,-0.4636784837682342,-3.1047559783268923,-0.9788823305766527,CENTER,0.0,0.978062213327332,0.003631456398160795,NORMAL,STABLE,NORMAL,NO_ACTION,False,0.0
2026-08-12T00:41:06.582493,0.4709487988721741,0.009930862169976636,0.0359955005624297,False,34,0.10535740852355957,False,0.0,-0.20517171429685277,-10.72414836017333,-0.5482782351582784,CENTER,0.0,0.9789706709747943,0.008470762655896791,NORMAL,STABLE,NORMAL,NO_ACTION,False,0.0
2026-08-12T00:41:06.615821,0.47417027529663314,0.004509511521855378,0.036036036036036036,False,34,0.10535740852355957,False,0.0,-0.7135440746572499,-8.717701818017957,-0.46378198657077974,CENTER,0.0,0.9789362300668725,0.007429839371973293,NORMAL,STABLE,NORMAL,NO_ACTION,False,0.0
2026-08-12T00:41:06.648305,0.4781583366410646,0.00717011504267628,0.0359955005624297,False,34,0.10535740852355957,False,0.0,-0.8657078883541374,-0.8355187265287043,-1.157698319224437,CENTER,0.0,0.978559657385974,0.0025518954283093582,NORMAL,STABLE,NORMAL,NO_ACTION,False,0.0
2026-08-12T00:41:06.678658,0.4534856635112424,0.010136126358191614,0.0359955005624297,False,34,0.10535740852355957,False,0.0,0.048213243003090156,-10.239288803376667,-0.341891432002285,CENTER,0.0,0.9788142200360082,0.007770698267258696,NORMAL,STABLE,NORMAL,NO_ACTION,False,0.0
2026-08-12T00:41:06.711695,0.4549104120597304,0.0072277670239709315,0.0359955005624297,False,34,0.10535740852355957,False,0.0,-0.4677797426612642,-1.983704425657919,-0.9553847877104715,CENTER,0.0,0.9784369373713991,0.00280313015148128,NORMAL,STABLE,NORMAL,NO_ACTION,False,0.0
2026-08-12T00:41:06.742604,0.4674592876805299,0.006444637453855712,0.0359955005624297,False,34,0.10535740852355957,False,0.0,-0.09253811280322566,-0.9509465279153346,-1.2768946657183164,CENTER,0.0,0.9773725780178326,0.0020055077605892267,NORMAL,STABLE,NORMAL,NO_ACTION,False,0.0
2026-08-12T00:41:06.775512,0.4868863011406964,0.007034390274503369,0.03487064116985377,False,34,0.10535740852355957,False,0.0,-0.7454235696135356,-2.575033606333875,-0.8009583734388173,CENTER,0.0,0.9780379131301439,0.0033488550312174713,NORMAL,STABLE,NORMAL,NO_ACTION,False,0.0
2026-08-12T00:41:06.807255,0.47881469825110157,0.027960220074695785,0.03374578177727784,False,34,0.10535740852355957,False,0.0,0.07447323152638319,-0.4238792899957389,-1.184958176193362,CENTER,0.0,0.9788172743055557,0.0015189208428011214,NORMAL,STABLE,NORMAL,NO_ACTION,False,0.0
2026-08-12T00:41:06.839698,0.4612924672830758,0.005176570608693854,0.03374578177727784,False,34,0.10535740852355957,False,0.0,-0.9176476083190437,5.772075693225162,-1.5992396853814057,CENTER,0.0,0.9789956543638546,0.006592390579781568,NORMAL,STABLE,NORMAL,NO_ACTION,False,0.0
2026-08-12T00:41:06.870831,0.4794858488867977,0.006433348265560438,0.03374578177727784,False,34,0.10535740852355957,False,0.0,-0.34219475276071876,4.110867889157703,-1.3343274247054921,CENTER,0.0,0.9780384489669067,0.004583388905655433,NORMAL,STABLE,NORMAL,NO_ACTION,False,0.0
2026-08-12T00:41:06.903436,0.4743678473010397,0.003966199203700033,0.03374578177727784,False,34,0.10535740852355957,False,0.0,-1.0758363250700143,7.557047465582542,-2.0473452688239036,CENTER,0.0,0.9786070655435528,0.008465375815559312,NORMAL,STABLE,NORMAL,NO_ACTION,False,0.0
2026-08-12T00:41:06.950796,0.45740983228013093,0.003714768173835121,0.03374578177727784,False,34,0.10535740852355957,False,0.0,-0.6447524064840593,8.981616020494556,-2.1151080866995073,CENTER,0.0,0.9780220523619685,0.009144366119348763,NORMAL,STABLE,NORMAL,NO_ACTION,False,0.0
2026-08-12T00:41:06.984255,0.47042103813443764,0.007348291597957399,0.033783783783783786,False,34,0.10535740852355957,False,0.0,-0.7028185383889536,9.429480402978129,-2.243755032089581,CENTER,0.0,0.9772308491941015,0.009647621507056127,NORMAL,STABLE,NORMAL,NO_ACTION,False,0.0
2026-08-12T00:41:07.014873,0.46443703695211,0.006641022166236334,0.03374578177727784,False,34,0.10535740852355957,False,0.0,-0.48834293750797997,6.333191823487567,-1.9521871325607094,CENTER,0.0,0.9782082154492455,0.0069241119399923515,NORMAL,STABLE,NORMAL,NO_ACTION,False,0.0
2026-08-12T00:41:07.047970,0.4653134371334696,0.00846872867396878,0.033783783783783786,False,34,0.10535740852355957,False,0.0,-0.7522361057564524,10.32534884980521,-2.3520002125729604,CENTER,0.0,0.9784665423525378,0.010446460994361716,NORMAL,STABLE,NORMAL,NO_ACTION,False,0.0
2026-08-12T00:41:07.079087,0.46021181319914817,0.006270920650464088,0.03374578177727784,False,34,0.10535740852355957,False,0.0,-0.2930146696891427,8.833413240454007,-2.4539208923200135,CENTER,0.0,0.977801756472908,0.009024884548188564,NORMAL,STABLE,NORMAL,NO_ACTION,False,0.0
2026-08-12T00:41:07.111577,0.46264373504560397,0.008424152455950707,0.03374578177727784,False,34,0.10535740852355957,False,0.0,-0.34246815736415215,12.3155553832228,-2.7459045564568783,CENTER,0.0,0.9772522558727709,0.01186855631600709,NORMAL,STABLE,NORMAL,NO_ACTION,False,0.0
2026-08-12T00:41:07.161688,0.47671840443700275,0.004934826947722882,0.03374578177727784,False,34,0.10535740852355957,False,0.0,-0.4676271026259258,11.363751472020311,-2.67135798437306,CENTER,0.0,0.9774014998070987,0.011229880220976656,NORMAL,STABLE,NORMAL,NO_ACTION,False,0.0
2026-08-12T00:41:07.203436,0.4814515855674476,0.009581574666654588,0.03374578177727784,False,34,0.10535740852355957,False,0.0,-0.2977427083712598,9.781710444059854,-2.4002484714572745,CENTER,0.0,0.9772818876457476,0.009662634234618854,NORMAL,STABLE,NORMAL,NO_ACTION,False,0.0
2026-08-12T00:41:07.231090,0.49034338580588366,0.00739399279301903,0.03374578177727784,False,34,0.10535740852355957,False,0.0,-0.666051922281298,10.03655721903553,-2.6934523942811097,CENTER,0.0,0.9774068983624827,0.010483702888956128,NORMAL,STABLE,NORMAL,NO_ACTION,False,0.0
2026-08-12T00:41:07.256992,0.4674824499841447,0.008809125856819026,0.03374578177727784,False,34,0.10535740852355957,False,0.0,0.2669082278017072,9.647343565167319,-2.405109457915472,CENTER,0.0,0.9783262201003087,0.009540579975904052,NORMAL,STABLE,NORMAL,NO_ACTION,False,0.0
2026-08-12T00:41:07.304230,0.4925738928659834,0.006326752580277783,0.03374578177727784,False,34,0.10535740852355957,False,0.0,0.18399328050020358,14.470329965578657,-3.0312754809743865,CENTER,0.0,0.977245504329561,0.01354697859730086,NORMAL,STABLE,NORMAL,NO_ACTION,False,0.0
2026-08-12T00:41:07.339510,0.49461784382243734,0.009157498122833396,0.03374578177727784,False,34,0.10535740852355957,False,0.0,0.5770529918196701,11.871928414628968,-2.7334717909211292,CENTER,0.0,0.9770735811042525,0.011762083275426877,NORMAL,STABLE,NORMAL,NO_ACTION,False,0.0
2026-08-12T00:41:07.368283,0.49029170735466693,0.010191865302918754,0.033707865168539325,False,34,0.10535740852355957,False,0.0,0.17150023025266137,10.859693100612589,-2.6811632299312578,CENTER,0.0,0.9771290536051097,0.010590120941730645,NORMAL,STABLE,NORMAL,NO_ACTION,False,0.0
2026-08-12T00:41:07.396287,0.47139222263019737,0.0056441384855040735,0.033707865168539325,False,34,0.10535740852355957,False,0.0,-0.8810468668557974,12.375821543940248,-2.8391674487298815,CENTER,0.0,0.9772570382158777,0.012520521937483797,NORMAL,STABLE,NORMAL,NO_ACTION,False,0.0
2026-08-12T00:41:07.419016,0.48581994561841724,0.0037589797406757256,0.033707865168539325,False,34,0.10535740852355957,False,0.0,-0.5209650419872958,10.786604331449894,-2.909175856487849,CENTER,0.0,0.9779896208419068,0.011093423993467657,NORMAL,STABLE,NORMAL,NO_ACTION,False,0.0
2026-08-12T00:41:07.458665,0.4867408050094438,0.009714157605995595,0.03374578177727784,False,34,0.10535740852355957,False,0.0,-0.1387603136257951,14.164587447469472,-2.832046693900935,CENTER,0.0,0.9781551676097393,0.013090756941531471,NORMAL,STABLE,NORMAL,NO_ACTION,False,0.0
2026-08-12T00:41:07.484163,0.5000188972517329,0.020156031315029608,0.033707865168539325,False,34,0.10535740852355957,False,0.0,0.04456486526945014,12.688688020519066,-2.7640037081618516,CENTER,0.0,0.9783323554312414,0.011868599974419839,NORMAL,STABLE,NORMAL,NO_ACTION,False,0.0
2026-08-12T00:41:07.517490,0.47287659770231816,0.010039050252778858,0.03367003367003367,False,34,0.10535740852355957,False,0.0,-0.13975113774327497,13.329245152509799,-2.808428654191033,CENTER,0.0,0.9783339629415295,0.012465665002379002,NORMAL,STABLE,NORMAL,NO_ACTION,False,0.0
2026-08-12T00:41:07.545357,0.48194467337335856,0.010969547850578663,0.03367003367003367,False,34,0.10535740852355957,False,0.0,-0.37220747068826654,14.276473078407633,-3.0590109047665806,CENTER,0.0,0.977187285665295,0.013614922325584256,NORMAL,STABLE,NORMAL,NO_ACTION,False,0.0
2026-08-12T00:41:07.575133,0.4582938549958776,0.012764777192393901,0.03367003367003367,False,34,0.10535740852355957,False,0.0,0.18593343791849293,13.983975065803122,-3.045011588439877,CENTER,0.0,0.9768852344821674,0.013210817943276982,NORMAL,STABLE,NORMAL,NO_ACTION,False,0.0
2026-08-12T00:41:07.607435,0.4766339752790816,0.011053099094903292,0.03367003367003367,False,34,0.10535740852355957,False,0.0,0.01925858632779409,12.996510901386387,-2.9873381206127476,CENTER,0.0,0.977327045288923,0.012281610257684764,NORMAL,STABLE,NORMAL,NO_ACTION,False,0.0
2026-08-12T00:41:07.639524,0.48806100551748643,0.006992745712775974,0.03367003367003367,False,34,0.10535740852355957,False,0.0,0.38945478887748664,16.528635653937897,-3.3000093297376623,CENTER,0.0,0.9779570553626543,0.015490165271695661,NORMAL,STABLE,NORMAL,NO_ACTION,False,0.0
2026-08-12T00:41:07.703374,0.4700968967986595,0.012260475942050543,0.033707865168539325,False,34,0.10535740852355957,False,0.0,-0.2568692136241566,15.457298080853576,-3.0833717925952726,CENTER,0.0,0.9863989626200275,0.014380132545864812,NORMAL,STABLE,NORMAL,NO_ACTION,False,0.0
2026-08-12T00:41:07.734799,0.48550061272267797,0.011154287471171953,0.033707865168539325,False,34,0.10535740852355957,False,0.0,0.48861197284244895,16.34511568261587,-3.466174051290551,CENTER,0.0,0.9818846182698903,0.015613118238461756,NORMAL,STABLE,NORMAL,NO_ACTION,False,0.0
2026-08-12T00:41:07.767683,0.46442544256610097,0.011311074369999586,0.03258426966292135,False,34,0.10535740852355957,False,0.0,0.024965551089849214,13.516318992919565,-3.2981558126639072,CENTER,0.0,0.9781942702974966,0.012961828734056637,NORMAL,STABLE,NORMAL,NO_ACTION,False,0.0
2026-08-12T00:41:07.799783,0.47541512973305655,0.0010573317256759147,0.03258426966292135,False,34,0.10535740852355957,False,0.0,0.08642503828690451,14.858559985212594,-3.180294806379578,CENTER,0.0,0.9779975914137518,0.013876912432332375,NORMAL,STABLE,NORMAL,NO_ACTION,False,0.0
2026-08-12T00:41:07.831429,0.47338756720852815,0.010315907564847335,0.03258426966292135,False,34,0.10535740852355957,False,0.0,0.7354315121949071,18.488835713590134,-3.0931067120377804,CENTER,0.0,0.978248175475823,0.017039788527594725,NORMAL,STABLE,NORMAL,NO_ACTION,False,0.0
2026-08-12T00:41:07.863680,0.4783171731717136,0.007781711593910956,0.03258426966292135,False,34,0.10535740852355957,False,0.0,0.3987310086358775,16.191524268405544,-3.2665628310364525,CENTER,0.0,0.9777657348465363,0.015223420854273657,NORMAL,STABLE,NORMAL,NO_ACTION,False,0.0
2026-08-12T00:41:07.886404,0.4680813389990901,0.006314069671527723,0.03258426966292135,False,34,0.10535740852355957,False,0.0,0.22533605802414058,16.946566342004587,-3.399564134969495,CENTER,0.0,0.9777634575402949,0.015729831432849038,NORMAL,STABLE,NORMAL,NO_ACTION,False,0.0
2026-08-12T00:41:07.912153,0.4867040588563755,0.009040796055883081,0.03258426966292135,False,34,0.10535740852355957,False,0.0,0.30711673321559374,14.674579082731668,-3.082573138492677,CENTER,0.0,0.9790588161222564,0.013862452917691946,NORMAL,STABLE,NORMAL,NO_ACTION,False,0.0
2026-08-12T00:41:07.938423,0.47018106452553116,0.007274483168579342,0.03258426966292135,False,34,0.10535740852355957,False,0.0,-0.5769243022683099,16.10199088094521,-3.163240567827444,CENTER,0.0,0.9793741426611797,0.015230855881515602,NORMAL,STABLE,NORMAL,NO_ACTION,False,0.0
2026-08-12T00:41:07.963708,0.4616543585628555,0.00892492858677725,0.03254769921436588,False,34,0.10535740852355957,False,0.0,0.2790607795573692,17.078259212473938,-3.3210959025720115,CENTER,0.0,0.9785569514103223,0.015801115865874286,NORMAL,STABLE,NORMAL,NO_ACTION,False,0.0
2026-08-12T00:41:08.007442,0.4625004643646881,0.006511172515593897,0.03258426966292135,False,34,0.10535740852355957,False,0.0,-0.26253688113737894,15.203361067997662,-3.203599484775026,CENTER,0.0,0.9777182463134431,0.014317966160728777,NORMAL,STABLE,NORMAL,NO_ACTION,False,0.0
2026-08-12T00:41:08.038818,0.4692717972336683,0.005385952206150677,0.03258426966292135,False,34,0.10535740852355957,False,0.0,0.5528534121046107,17.093855334053842,-3.109068814076579,CENTER,0.0,0.9780237268518519,0.015871857662768923,NORMAL,STABLE,NORMAL,NO_ACTION,False,0.0
2026-08-12T00:41:08.102637,0.4957768348163707,0.012938750244462276,0.03258426966292135,False,34,0.10535740852355957,False,0.0,-0.49260611524181286,18.016284739400817,-3.4372962212103744,CENTER,0.0,0.977481835133745,0.01679611159874344,NORMAL,STABLE,NORMAL,NO_ACTION,False,0.0
2026-08-12T00:41:08.134490,0.44637855931177234,0.009304049020688729,0.03258426966292135,False,34,0.10535740852355957,False,0.0,-0.4751505324501579,17.259963354241393,-3.345292935865672,CENTER,0.0,0.9784659797239369,0.01614447465125625,NORMAL,STABLE,NORMAL,NO_ACTION,False,0.0
2026-08-12T00:41:08.166671,0.48911221555316,0.00834381148999599,0.03262092238470191,False,34,0.10535740852355957,False,0.0,0.055583386222537,18.364375326879497,-3.233500691450729,CENTER,0.0,0.9786173670053155,0.016430426107172408,NORMAL,STABLE,NORMAL,NO_ACTION,False,0.0
2026-08-12T00:41:08.200138,0.46576113734281854,0.007240296002339362,0.03262092238470191,False,34,0.10535740852355957,False,0.0,0.4563431569242482,18.055941721199787,-3.325753788368445,CENTER,0.0,0.9781875589420439,0.01668242163485207,NORMAL,STABLE,NORMAL,NO_ACTION,False,0.0
2026-08-12T00:41:08.231937,0.46544922012641343,0.009440752691611312,0.03262092238470191,False,34,0.10535740852355957,False,0.0,-0.2745682006255663,17.864399142011166,-3.381648892102163,CENTER,0.0,0.9785033811299726,0.016422867691856993,NORMAL,STABLE,NORMAL,NO_ACTION,False,0.0
2026-08-12T00:41:08.263912,0.45253157713523046,0.022656678586153143,0.03265765765765766,False,34,0.10535740852355957,False,0.0,0.008651269373558534,16.245393177693245,-3.3543245044103003,CENTER,0.0,0.9789849510245199,0.014971205077162913,NORMAL,STABLE,NORMAL,NO_ACTION,False,0.0
2026-08-12T00:41:08.295337,0.47265208082877475,0.012914543154362629,0.03262092238470191,False,34,0.10535740852355957,False,0.0,-0.5759858963773752,17.155142089349283,-3.455090096729151,CENTER,0.0,0.9785952101551783,0.016271601724558545,NORMAL,STABLE,NORMAL,NO_ACTION,False,0.0
2026-08-12T00:41:08.327318,0.4992181520637411,0.006427338203367606,0.03265765765765766,False,34,0.10535740852355957,False,0.0,-0.23857141509844837,19.200854660159337,-3.377974856286386,CENTER,0.0,0.9784686990955075,0.017349884034411584,NORMAL,STABLE,NORMAL,NO_ACTION,False,0.0
2026-08-12T00:41:08.358748,0.489965825195856,0.0067463647616540735,0.03265765765765766,False,34,0.10535740852355957,False,0.0,-0.40643213982119164,16.59556338344791,-2.9818588322540336,CENTER,0.0,0.9788706570430384,0.01524848337967371,NORMAL,STABLE,NORMAL,NO_ACTION,False,0.0
2026-08-12T00:41:08.390635,0.4762692925620641,0.008230121212299782,0.03265765765765766,False,34,0.10535740852355957,False,0.0,-0.8121985875930307,18.37998904103887,-3.5655466194723147,CENTER,0.0,0.9784001923653978,0.017490043025331737,NORMAL,STABLE,NORMAL,NO_ACTION,False,0.0
2026-08-12T00:41:08.412807,0.4684458721020619,0.006555585567316861,0.03265765765765766,False,34,0.10535740852355957,False,0.0,-0.734462756212622,18.5131071822521,-3.500366398339594,CENTER,0.0,0.9783547668038409,0.017448561039713838,NORMAL,STABLE,NORMAL,NO_ACTION,False,0.0
2026-08-12T00:41:08.454592,0.4524384103399368,0.010789443177293854,0.03265765765765766,False,34,0.10535740852355957,False,0.0,0.5961382707179723,18.61447104554955,-3.3393227648564903,CENTER,0.0,0.9788410520618999,0.017233487863450084,NORMAL,STABLE,NORMAL,NO_ACTION,False,0.0
2026-08-12T00:41:08.486936,0.4827984082008061,0.006600854706408392,0.03262092238470191,False,34,0.10535740852355957,False,0.0,0.25933911587782177,17.426929670894367,-3.0984364266200544,CENTER,0.0,0.9789970207475994,0.015819529358792033,NORMAL,STABLE,NORMAL,NO_ACTION,False,0.0
2026-08-12T00:41:08.535604,0.4711942023590539,0.009000971133419822,0.03262092238470191,False,34,0.10535740852355957,False,0.0,0.6198340912049503,18.446180868426524,-3.332143776589561,CENTER,0.0,0.9786697182570302,0.017127850055443497,NORMAL,STABLE,NORMAL,NO_ACTION,False,0.0
2026-08-12T00:41:08.566755,0.4744625931063919,0.009942898675737135,0.03262092238470191,False,34,0.10535740852355957,False,0.0,0.07573452810794379,19.093674811039932,-3.622433333636735,CENTER,0.0,0.9785463820301784,0.017351074934097793,NORMAL,STABLE,NORMAL,NO_ACTION,False,0.0
2026-08-12T00:41:08.600258,0.4517713864379757,0.00829237687446885,0.03265765765765766,False,34,0.10535740852355957,False,0.0,-0.40729086651950297,18.07677318216909,-3.305909253857635,CENTER,0.0,0.9782531721536352,0.01663112148822603,NORMAL,STABLE,NORMAL,NO_ACTION,False,0.0
2026-08-12T00:41:08.630917,0.4563470640987849,0.0057210730098800735,0.03265765765765766,False,34,0.10535740852355957,False,0.0,0.718610044406006,15.6494068848817,-2.752221249810731,CENTER,0.0,0.9780226551783263,0.01464463140388253,NORMAL,STABLE,NORMAL,NO_ACTION,False,0.0
2026-08-12T00:41:08.665061,0.4493624654222268,0.005536117671264523,0.03265765765765766,False,34,0.10535740852355957,False,0.0,0.5818335902187357,18.01185675344351,-3.512198044734731,CENTER,0.0,0.9779965867198216,0.016950964044479207,NORMAL,STABLE,NORMAL,NO_ACTION,False,0.0
2026-08-12T00:41:08.694748,0.4609140147461207,0.005169102227904104,0.03265765765765766,False,34,0.10535740852355957,False,0.0,-0.13894813666925643,18.441690434139048,-3.389482345375285,CENTER,0.0,0.9784930528763718,0.016716746518476648,NORMAL,STABLE,NORMAL,NO_ACTION,False,0.0
2026-08-12T00:41:08.726806,0.458095948818079,0.0016799843218433053,0.03265765765765766,False,34,0.10535740852355957,False,0.0,0.43722033591589593,18.17637752274237,-3.2928001622185548,CENTER,0.0,0.9787072000385802,0.016719255357221185,NORMAL,STABLE,NORMAL,NO_ACTION,False,0.0
2026-08-12T00:41:08.758664,0.47641422219408786,0.003063263475496108,0.03262092238470191,False,34,0.10535740852355957,False,0.0,-0.22950823029489698,18.9694002081834,-3.3087204339202287,CENTER,0.0,0.9783661935228052,0.017107305530709986,NORMAL,STABLE,NORMAL,NO_ACTION,False,0.0
2026-08-12T00:41:08.790551,0.4911459373749527,0.008118566366768096,0.03262092238470191,False,34,0.10535740852355957,False,0.0,-0.5695127484509328,19.123004023414154,-3.388390151197626,CENTER,0.0,0.9788509918338477,0.01762237236471995,NORMAL,STABLE,NORMAL,NO_ACTION,False,0.0
2026-08-12T00:41:08.822410,0.4655984687631898,0.00573425629362748,0.03262092238470191,False,34,0.10535740852355957,False,0.0,0.3746142661092904,18.22101713013953,-2.7939518487851274,CENTER,0.0,0.9790828885888203,0.016210835297221324,NORMAL,STABLE,NORMAL,NO_ACTION,False,0.0
2026-08-12T00:41:08.854882,0.47150404392024936,0.00871334629559186,0.03265765765765766,False,34,0.10535740852355957,False,0.0,0.1227719476453899,18.227132322208007,-2.948478477540476,CENTER,0.0,0.9794451678240741,0.016121540419921806,NORMAL,STABLE,NORMAL,NO_ACTION,False,0.0
2026-08-12T00:41:08.886937,0.4724411450957113,0.0016647472544107226,0.03262092238470191,False,34,0.10535740852355957,False,0.0,0.054696268739377274,19.047978077439126,-3.118741313008343,CENTER,0.0,0.979410686728395,0.016812775912426064,NORMAL,STABLE,NORMAL,NO_ACTION,False,0.0
2026-08-12T00:41:08.919194,0.45578949085722087,0.01161625454099363,0.03262092238470191,False,34,0.10535740852355957,False,0.0,0.06337153155547526,20.489554024732342,-3.3679956265733892,CENTER,0.0,0.979325957540295,0.018102290725690046,NORMAL,STABLE,NORMAL,NO_ACTION,False,0.0
2026-08-12T00:41:08.952407,0.4709161517321957,0.006486550456743885,0.03262092238470191,False,34,0.10535740852355957,False,0.0,0.35952598524113455,18.094445734878633,-3.0808603738275337,CENTER,0.0,0.978890509795096,0.016381175450589584,NORMAL,STABLE,NORMAL,NO_ACTION,False,0.0
2026-08-12T00:41:08.983555,0.4699522222921383,0.007318225088510397,0.03262092238470191,False,34,0.10535740852355957,False,0.0,0.32227696798219085,19.140822341506862,-3.015250055766387,CENTER,0.0,0.9779884152091907,0.017037842158401737,NORMAL,STABLE,NORMAL,NO_ACTION,False,0.0
2026-08-12T00:41:09.015909,0.4745276976803854,0.009053190006709505,0.03262092238470191,False,34,0.10535740852355957,False,0.0,0.30697635382765043,18.017612960569522,-3.2189098482486997,CENTER,0.0,0.9779603373628258,0.016408018295744103,NORMAL,STABLE,NORMAL,NO_ACTION,False,0.0
2026-08-12T00:41:09.062997,0.4634673471599666,0.009788307436680545,0.03265765765765766,False,34,0.10535740852355957,False,0.0,-0.06582492430169395,18.321072034498144,-3.0337184516789932,CENTER,0.0,0.9787832486711249,0.01621663083141525,NORMAL,STABLE,NORMAL,NO_ACTION,False,0.0
2026-08-12T00:41:09.095603,0.47971812373278144,0.004070318080036486,0.03262092238470191,False,34,0.10535740852355957,False,0.0,-0.13865875930591187,19.46362794583888,-3.48571249438686,CENTER,0.0,0.9789985612782921,0.01754719990888408,NORMAL,STABLE,NORMAL,NO_ACTION,False,0.0
2026-08-12T00:41:09.126394,0.4697343031058485,0.006029581066328918,0.03262092238470191,False,34,0.10535740852355957,False,0.0,-0.07205141117532321,19.6027314919925,-3.0470728656569577,CENTER,0.0,0.9787993103780863,0.01716112945524049,NORMAL,STABLE,NORMAL,NO_ACTION,False,0.0
2026-08-12T00:41:09.159425,0.4770552221932122,0.003680430693590306,0.03265765765765766,False,34,0.10535740852355957,False,0.0,0.9146655675372131,19.755011587486194,-3.132476066281839,CENTER,0.0,0.9788124919624485,0.018164755867973188,NORMAL,STABLE,NORMAL,NO_ACTION,False,0.0
2026-08-12T00:41:09.190996,0.4637831865377616,0.009024616946535028,0.03262092238470191,False,34,0.10535740852355957,False,0.0,0.1358711614427648,18.624696363665095,-3.0557762579354346,CENTER,0.0,0.9782080413022978,0.01652460785167787,NORMAL,STABLE,NORMAL,NO_ACTION,False,0.0
2026-08-12T00:41:09.222585,0.46986894736000356,0.010248137388298474,0.03262092238470191,False,34,0.10535740852355957,False,0.0,-0.27123371211391145,19.32786841744519,-2.943506382605193,CENTER,0.0,0.9781150066443758,0.017054691726032516,NORMAL,STABLE,NORMAL,NO_ACTION,False,0.0
2026-08-12T00:41:09.254944,0.48385673562811876,0.008417165093742955,0.03265765765765766,False,34,0.10535740852355957,False,0.0,0.6259625005765201,19.92077929162633,-3.081433264851995,CENTER,0.0,0.9793852612740055,0.01795731429955018,NORMAL,STABLE,NORMAL,NO_ACTION,False,0.0
2026-08-12T00:41:09.287481,0.47905325218220063,0.00657176303478025,0.03265765765765766,False,34,0.10535740852355957,False,0.0,0.0658558827125546,20.134946363047078,-2.894363636909162,CENTER,0.0,0.9802387420696158,0.01739248746628084,NORMAL,STABLE,NORMAL,NO_ACTION,False,0.0
2026-08-12T00:41:09.319035,0.4779083708853449,0.016598837624307257,0.03262092238470191,False,34,0.10535740852355957,False,0.0,0.5339200180698924,19.24828361483017,-2.633027275763226,CENTER,0.0,0.9797926847565158,0.016951191115883314,NORMAL,STABLE,NORMAL,NO_ACTION,False,0.0
2026-08-12T00:41:09.350784,0.4865952915072848,0.006005163822161547,0.03262092238470191,False,34,0.10535740852355957,False,0.0,-0.20269775006042323,18.710114310265567,-2.9573828549255836,CENTER,0.0,0.9792249389146092,0.016555900917770917,NORMAL,STABLE,NORMAL,NO_ACTION,False,0.0
2026-08-12T00:41:09.383979,0.44285365769613316,0.006526469865658071,0.03262092238470191,False,34,0.10535740852355957,False,0.0,-0.09528052899548811,18.984881906240503,-2.4627337398287636,CENTER,0.0,0.9783186915937928,0.016174576598560017,NORMAL,STABLE,NORMAL,NO_ACTION,False,0.0
2026-08-12T00:41:09.415503,0.4974854463154041,0.01559428504678883,0.03265765765765766,False,34,0.10535740852355957,False,0.0,0.49934270730676644,19.328736933393486,-2.8336263184641837,CENTER,0.0,0.9774100597993828,0.01716916906930436,NORMAL,STABLE,NORMAL,NO_ACTION,False,0.0
2026-08-12T00:41:09.447011,0.4646777509143449,0.008505287922975174,0.03262092238470191,False,34,0.10535740852355957,False,0.0,0.035236748137123186,20.218773317073072,-2.903424493888963,CENTER,0.0,0.9849799463091564,0.017432269332429747,NORMAL,STABLE,NORMAL,NO_ACTION,False,0.0
2026-08-12T00:41:09.479148,0.47438968928782543,0.005083885605149309,0.03262092238470191,False,34,0.10535740852355957,False,0.0,0.14581513799612367,19.60358917958223,-2.4304057891543493,CENTER,0.0,0.9863301343878602,0.0166389530780654,NORMAL,STABLE,NORMAL,NO_ACTION,False,0.0
2026-08-12T00:41:09.511486,0.46534434240090106,0.007303366541036017,0.03262092238470191,False,34,0.10535740852355957,False,0.0,-0.20407476469941344,19.865025066692823,-2.7210668280703487,CENTER,0.0,0.9827219301911866,0.01716376556342681,NORMAL,STABLE,NORMAL,NO_ACTION,False,0.0
2026-08-12T00:41:09.544091,0.5172608679195005,0.0057841690901397,0.03262092238470191,False,34,0.10535740852355957,False,0.0,-0.4202960675123393,19.27603946070687,-2.461454516245709,CENTER,0.0,0.9786490483539094,0.016696603135610857,NORMAL,STABLE,NORMAL,NO_ACTION,False,0.0
2026-08-12T00:41:09.591441,0.47454226264439675,0.005325113570982324,0.03262092238470191,False,34,0.10535740852355957,False,0.0,0.15699052709740613,17.876323634232108,-2.5286805214921912,CENTER,0.0,0.9780542963391632,0.015496879930772431,NORMAL,STABLE,NORMAL,NO_ACTION,False,0.0
2026-08-12T00:41:09.623728,0.4748031279221551,0.003539054311672813,0.03262092238470191,False,34,0.10535740852355957,False,0.0,0.479607338076363,19.361993104830503,-2.1910164215804855,CENTER,0.0,0.9771204132373115,0.016555373455380478,NORMAL,STABLE,NORMAL,NO_ACTION,False,0.0
2026-08-12T00:41:09.654464,0.4627070566280197,0.0071027595732827825,0.03262092238470191,False,34,0.10535740852355957,False,0.0,0.11765202770658334,20.5552198662036,-2.9813777606773044,CENTER,0.0,0.9772903806584362,0.01782968747736857,NORMAL,STABLE,NORMAL,NO_ACTION,False,0.0
2026-08-12T00:41:09.686788,0.4779415351154671,0.0314634553494887,0.03262092238470191,False,34,0.10535740852355957,False,0.0,0.17683356932658967,19.827152093214124,-2.704227935005946,CENTER,0.0,0.9785319948131003,0.01709396536778968,NORMAL,STABLE,NORMAL,NO_ACTION,False,0.0
2026-08-12T00:41:09.719285,0.4936782761872395,0.008430215146094409,0.03262092238470191,False,34,0.10535740852355957,False,0.0,-0.4558582629192358,20.4376150883015,-2.859185053266799,CENTER,0.0,0.9796586183984911,0.017952763720100594,NORMAL,STABLE,NORMAL,NO_ACTION,False,0.0
2026-08-12T00:41:09.751226,0.467423158210805,0.010132255137465636,0.03262092238470191,False,34,0.10535740852355957,False,0.0,0.42881773467863127,20.83237064632317,-2.6809266344670846,CENTER,0.0,0.9802028544024347,0.018040169674114464,NORMAL,STABLE,NORMAL,NO_ACTION,False,0.0
2026-08-12T00:41:09.783326,0.48613387941253844,0.011818062351611577,0.03265765765765766,False,34,0.10535740852355957,False,0.0,0.46589168580302953,20.27548369256965,-2.5905537003523023,CENTER,0.0,0.9792638272676613,0.017586648594264696,NORMAL,STABLE,NORMAL,NO_ACTION,False,0.0
2026-08-12T00:41:09.815955,0.4602502836704957,0.03910179969692833,0.03265765765765766,False,34,0.10535740852355957,False,0.0,-0.2633680280261501,20.571053096279513,-2.587365922711001,CENTER,0.0,0.9789211328660835,0.01760202289246728,NORMAL,STABLE,NORMAL,NO_ACTION,False,0.0
2026-08-12T00:41:09.847832,0.48768880050218844,0.0033350091001060045,0.03262092238470191,False,34,0.10535740852355957,False,0.0,-0.38966720385195686,19.492431134654083,-2.6569415935243796,CENTER,0.0,0.9779494732724624,0.01701163836509405,NORMAL,STABLE,NORMAL,NO_ACTION,False,0.0
2026-08-12T00:41:09.879322,0.4638142663406848,0.007007541741351411,0.03262092238470191,False,34,0.10535740852355957,False,0.0,-0.14175612242721058,19.756666497016653,-2.529915321156551,CENTER,0.0,0.9778476508916324,0.016841424230555648,NORMAL,STABLE,NORMAL,NO_ACTION,False,0.0
2026-08-12T00:41:09.913129,0.48017796214183883,0.008296761898146975,0.03265765765765766,False,34,0.10535740852355957,False,0.0,-0.23877818519349603,17.20388498093081,-2.7731161038784933,CENTER,0.0,0.9785488200874486,0.015325370690519351,NORMAL,STABLE,NORMAL,NO_ACTION,False,0.0
2026-08-12T00:41:09.942854,0.49425525316120766,0.003316898018274846,0.03265765765765766,False,34,0.10535740852355957,False,0.0,0.6745332338164758,19.593501613294052,-2.4630590139138917,CENTER,0.0,0.9794926161694102,0.017172247403711986,NORMAL,STABLE,NORMAL,NO_ACTION,False,0.0
2026-08-12T00:41:09.974989,0.47881815784017145,0.003634109447658493,0.03262092238470191,False,34,0.10535740852355957,False,0.0,0.8030589627321092,20.031748325683083,-2.8049155000417727,CENTER,0.0,0.9789789496527778,0.017941719569738557,NORMAL,STABLE,NORMAL,NO_ACTION,False,0.0
2026-08-12T00:41:10.007767,0.48395383592851254,0.06358253752524688,0.03262092238470191,False,34,0.10535740852355957,False,0.0,0.9785867059481745,22.465840212986933,-2.922625099480001,CENTER,0.0,0.9781984766160836,0.01998205152201399,NORMAL,STABLE,NORMAL,NO_ACTION,False,0.0
2026-08-12T00:41:10.039375,0.4942521717466207,0.005921875628857822,0.03262092238470191,False,34,0.10535740852355957,False,0.0,0.43497428543773253,20.42174428686286,-2.4715283425308883,CENTER,0.0,0.9773922834147806,0.01754789192300037,NORMAL,STABLE,NORMAL,NO_ACTION,False,0.0
2026-08-12T00:41:10.071615,0.49694376666704326,0.0007494427733726512,0.03262092238470191,False,34,0.10535740852355957,False,0.0,0.5351665333771223,19.64850021354445,-2.8219824632492134,CENTER,0.0,0.9769835605281207,0.017423393632459316,NORMAL,STABLE,NORMAL,NO_ACTION,False,0.0
2026-08-12T00:41:10.118954,0.5069487291705688,0.01350253644194745,0.03262092238470191,False,34,0.10535740852355957,False,0.0,0.624380215377613,19.90399883260713,-2.47167303404467,CENTER,0.0,0.9842015094521605,0.01735649487854883,NORMAL,STABLE,NORMAL,NO_ACTION,False,0.0
2026-08-12T00:41:10.151066,0.4863452417252863,0.010989083868193722,0.03262092238470191,False,34,0.10535740852355957,False,0.0,-0.17687857624332537,19.375505539979542,-2.783736162357485,CENTER,0.0,0.9854976717892662,0.01684438300863786,NORMAL,STABLE,NORMAL,NO_ACTION,False,0.0
2026-08-12T00:41:10.183626,0.5027680265608763,0.011766983012018822,0.03262092238470191,False,34,0.10535740852355957,False,0.0,0.5001335846275481,21.145040010062104,-2.8083511894523383,CENTER,0.0,0.9824007764274691,0.018457366086010667,NORMAL,STABLE,NORMAL,NO_ACTION,False,0.0
2026-08-12T00:41:10.215483,0.4953080380686836,0.012266842403979523,0.03265765765765766,False,34,0.10535740852355957,False,0.0,-0.2369964940582463,21.112742719754607,-2.865844069842751,CENTER,0.0,0.9855298085991083,0.018236012507282993,NORMAL,STABLE,NORMAL,NO_ACTION,False,0.0
2026-08-12T00:41:10.246921,0.47651712095334164,0.01311914826265116,0.03262092238470191,False,34,0.10535740852355957,False,0.0,-0.3556241976594663,20.86676845654509,-2.7972807853886366,CENTER,0.0,0.9913943812157064,0.018106574609699253,NORMAL,STABLE,NORMAL,NO_ACTION,False,0.0
2026-08-12T00:41:10.279143,0.5107925625054599,0.013068140857806353,0.03262092238470191,False,34,0.10535740852355957,False,0.0,0.014130927568629659,20.085405206509478,-2.7110201964439966,CENTER,0.0,0.985759334276406,0.017130345583380113,NORMAL,STABLE,NORMAL,NO_ACTION,False,0.0
2026-08-12T00:41:10.312550,0.4777042462839588,0.012471018847809335,0.03265765765765766,False,34,0.10535740852355957,False,0.0,0.6718189539857349,22.80279780814641,-2.7746442973052012,CENTER,0.0,0.9808189461162552,0.0197875037700896,NORMAL,STABLE,NORMAL,NO_ACTION,False,0.0
2026-08-12T00:41:10.343435,0.4927409510798614,0.011541646312425788,0.03262092238470191,False,34,0.10535740852355957,False,0.0,0.4185608471768205,21.737973760175237,-2.8072419613516786,CENTER,0.0,0.984785357188786,0.018805976346116967,NORMAL,STABLE,NORMAL,NO_ACTION,False,0.0
2026-08-12T00:41:10.375068,0.483120859376163,0.014556096139550638,0.03265765765765766,False,34,0.10535740852355957,False,0.0,0.127423269280456,20.342419696281553,-2.981650486476127,CENTER,0.0,0.9854653742283951,0.01768567043433931,NORMAL,STABLE,NORMAL,NO_ACTION,False,0.0
2026-08-12T00:41:10.408312,0.4972678468466387,0.007882063769073189,0.03265765765765766,False,34,0.10535740852355957,False,0.0,0.29384739777930236,19.54408299841063,-2.4790882378847243,CENTER,0.0,0.9816496806412894,0.016785405370232296,NORMAL,STABLE,NORMAL,NO_ACTION,False,0.0
2026-08-12T00:41:10.439604,0.4979070798547256,0.02557629601734054,0.03262092238470191,False,34,0.10535740852355957,False,0.0,0.2476265885668738,20.655298880511737,-2.756876596722634,CENTER,0.0,0.9859106947659465,0.01781094114768541,NORMAL,STABLE,NORMAL,NO_ACTION,False,0.0
2026-08-12T00:41:10.503521,0.47731071428549426,0.010146677759058897,0.03265765765765766,False,34,0.10535740852355957,False,0.0,-0.04775104953745313,20.354991285578535,-2.9152556198131947,CENTER,0.0,0.9818235328789437,0.017554092721181417,NORMAL,STABLE,NORMAL,NO_ACTION,False,0.0
2026-08-12T00:41:10.531061,0.4790343372867461,0.022548536147892203,0.03265765765765766,False,34,0.10535740852355957,False,0.0,0.1002761499121334,19.906471447762158,-2.908203273365075,CENTER,0.0,0.9818825419024348,0.01727395030505813,NORMAL,STABLE,NORMAL,NO_ACTION,False,0.0
2026-08-12T00:41:10.555213,0.4695544609450769,0.003766577658861197,0.03265765765765766,False,34,0.10535740852355957,False,0.0,-0.7529158482396099,19.261373020232668,-2.658782945020846,CENTER,0.0,0.9778056948731139,0.01719633120441885,NORMAL,STABLE,NORMAL,NO_ACTION,False,0.0
2026-08-12T00:41:10.579578,0.4926325234061598,0.01213267102614691,0.03262092238470191,False,34,0.10535740852355957,False,0.0,-0.0528823042529325,20.63892728542828,-2.8911340819763893,CENTER,0.0,0.9786665568201303,0.01774087067065977,NORMAL,STABLE,NORMAL,NO_ACTION,False,0.0
2026-08-12T00:41:10.600220,0.4912691955315873,0.009185383057861337,0.03262092238470191,False,34,0.10535740852355957,False,0.0,-0.6587373460687616,21.429675493039042,-3.089618698110769,CENTER,0.0,0.9792316770618997,0.019086515898627004,NORMAL,STABLE,NORMAL,NO_ACTION,False,0.0
2026-08-12T00:41:10.648247,0.5042571584765343,0.004676972644270504,0.03265765765765766,False,34,0.10535740852355957,False,0.0,-0.34720632764236825,21.07049078995729,-3.215412870095264,CENTER,0.0,0.978810402199074,0.018648247020197985,NORMAL,STABLE,NORMAL,NO_ACTION,False,0.0
2026-08-12T00:41:10.678711,0.48529959499885256,0.00573984617936565,0.03262092238470191,False,34,0.10535740852355957,False,0.0,-0.8869420814948228,20.86508638688366,-3.108717551345194,CENTER,0.0,0.9792302436985597,0.018916901296224885,NORMAL,STABLE,NORMAL,NO_ACTION,False,0.0
2026-08-12T00:41:10.711330,0.5049222846595052,0.006483324499965357,0.03265765765765766,False,34,0.10535740852355957,False,0.0,-0.011752726742656705,20.63509295642274,-2.5737387081637166,CENTER,0.0,0.9792301499271261,0.01739285518362256,NORMAL,STABLE,NORMAL,NO_ACTION,False,0.0
2026-08-12T00:41:10.743504,0.5164948078904681,0.006029971578974139,0.03265765765765766,False,34,0.10535740852355957,False,0.0,-0.2645961400348824,20.75561983568656,-2.7951547160758707,CENTER,0.0,0.9781715508187585,0.017936596631658055,NORMAL,STABLE,NORMAL,NO_ACTION,False,0.0
2026-08-12T00:41:10.774485,0.4918599511003753,0.00865110269411639,0.03262092238470191,False,34,0.10535740852355957,False,0.0,-0.468718446203809,19.656729987991298,-2.599160672014193,CENTER,0.0,0.9777105168681413,0.01715078117924068,NORMAL,STABLE,NORMAL,NO_ACTION,False,0.0
2026-08-12T00:41:10.806819,0.4940176546819367,0.012930890068344834,0.03265765765765766,False,34,0.10535740852355957,False,0.0,-0.18352898898277203,21.511429801906274,-2.8743638067281836,CENTER,0.0,0.9786470255701303,0.018480670141691007,NORMAL,STABLE,NORMAL,NO_ACTION,False,0.0
2026-08-12T00:41:10.838763,0.4821862211755066,0.06444072825252112,0.03262092238470191,False,34,0.10535740852355957,False,0.0,-0.9496891972649735,21.193204688652628,-2.979829702658435,CENTER,0.0,0.9797139301483196,0.019090184549138328,NORMAL,STABLE,NORMAL,NO_ACTION,False,0.0
2026-08-12T00:41:10.903280,0.50065745474647,0.010413383832985058,0.03262092238470191,False,34,0.10535740852355957,False,0.0,0.1437481475803395,19.879870422988404,-2.641005178776851,CENTER,0.0,0.9808128375771605,0.0170392985086504,NORMAL,STABLE,NORMAL,NO_ACTION,False,0.0
2026-08-12T00:41:10.934772,0.4853676008767427,0.0076541298986990925,0.03262092238470191,False,34,0.10535740852355957,False,0.0,-0.3994257309022089,22.41965156768282,-3.090128879318314,CENTER,0.0,0.9799989685142318,0.019552282423538837,NORMAL,STABLE,NORMAL,NO_ACTION,False,0.0
2026-08-12T00:41:10.969005,0.49405665657904363,0.005700326114740251,0.03265765765765766,False,34,0.10535740852355957,False,0.0,-0.48789449946602303,21.603375598855735,-3.106044681070216,CENTER,0.0,0.9786576083461934,0.01906326825450478,NORMAL,STABLE,NORMAL,NO_ACTION,False,0.0
2026-08-12T00:41:11.000965,0.5082181231634104,0.011158974082771647,0.03265765765765766,False,34,0.10535740852355957,False,0.0,-0.5809783178432326,20.202099633215482,-2.8449830332700685,CENTER,0.0,0.9777677308384772,0.017889479184320285,NORMAL,STABLE,NORMAL,NO_ACTION,False,0.0
2026-08-12T00:41:11.032228,0.5028257439999853,0.009673016169315535,0.03269447576099211,False,34,0.10535740852355957,False,0.0,-0.20579749668976888,21.644466319090014,-2.968964388347189,CENTER,0.0,0.9784481899434156,0.018689292675304305,NORMAL,STABLE,NORMAL,NO_ACTION,False,0.0
2026-08-12T00:41:11.054993,0.508328451507208,0.012677377968044214,0.03265765765765766,False,34,0.10535740852355957,False,0.0,-0.36544048285026065,21.26421157126913,-2.9467736147030337,CENTER,0.0,0.9784353834447874,0.0185470256361531,NORMAL,STABLE,NORMAL,NO_ACTION,False,0.0
2026-08-12T00:41:11.078845,0.49014634274649005,0.007381645129893442,0.03262092238470191,False,34,0.10535740852355957,False,0.0,-0.5600188191836537,21.55805059714254,-2.9184699752717336,CENTER,0.0,0.9793906598293896,0.018919359085189612,NORMAL,STABLE,NORMAL,NO_ACTION,False,0.0
2026-08-12T00:41:11.102206,0.49621105971126556,0.026225024709903847,0.03262092238470191,False,34,0.10535740852355957,False,0.0,-0.38562486333250945,21.201282047631906,-3.1467035035411755,CENTER,0.0,0.9802516825274349,0.01871353842472363,NORMAL,STABLE,NORMAL,NO_ACTION,False,0.0
2026-08-12T00:41:11.131920,0.5048574023258636,0.00960238037800592,0.03262092238470191,False,34,0.10535740852355957,False,0.0,0.2770410022768317,19.707286586961004,-2.885006828135232,CENTER,0.0,0.9807040493184156,0.017277975260609382,NORMAL,STABLE,NORMAL,NO_ACTION,False,0.0
2026-08-12T00:41:11.175216,0.49121209819284556,0.0048011615523843995,0.03262092238470191,False,34,0.10535740852355957,False,0.0,0.07934933734739502,20.063639891544113,-2.7263844723520663,CENTER,0.0,0.9797965963648834,0.01719222433101097,NORMAL,STABLE,NORMAL,NO_ACTION,False,0.0
2026-08-12T00:41:11.206808,0.4934592280250235,0.013846253285344301,0.03262092238470191,False,34,0.10535740852355957,False,0.0,-0.38468372703150067,21.064789439594932,-3.1420485361900603,CENTER,0.0,0.9781224815672154,0.018609571589476362,NORMAL,STABLE,NORMAL,NO_ACTION,False,0.0
2026-08-12T00:41:11.238175,0.49616104391783683,0.007183883901039586,0.03262092238470191,False,34,0.10535740852355957,False,0.0,-0.31349049793251993,21.675049724317034,-2.8649986866357438,CENTER,0.0,0.9771438025120027,0.018714969941591,NORMAL,STABLE,NORMAL,NO_ACTION,False,0.0
2026-08-12T00:41:11.303927,0.4980734652339798,0.015008324683592825,0.03265765765765766,False,34,0.10535740852355957,False,0.0,-0.5699953238663511,21.495867722264364,-2.8512500056696126,CENTER,0.0,0.9786239845893346,0.018819325894521864,NORMAL,STABLE,NORMAL,NO_ACTION,False,0.0
2026-08-12T00:41:11.334940,0.47506739047099483,0.012920947103662431,0.03262092238470191,False,34,0.10535740852355957,False,0.0,0.3892658449484827,21.967887701067554,-2.8987961380573495,CENTER,0.0,0.9800825590492112,0.019031978582554405,NORMAL,STABLE,NORMAL,NO_ACTION,False,0.0
2026-08-12T00:41:11.368116,0.48506254283861044,0.008791777557705938,0.03265765765765766,False,34,0.10535740852355957,False,0.0,-0.5906436217332782,21.611784193547976,-3.1442515513309104,CENTER,0.0,0.9812009307484567,0.019205076528661272,NORMAL,STABLE,NORMAL,NO_ACTION,False,0.0
2026-08-12T00:41:11.400375,0.4812697583678103,0.020534069414891092,0.03265765765765766,False,34,0.10535740852355957,False,0.0,-0.36922375853217204,20.95504321957415,-2.923756344135029,CENTER,0.0,0.9806965877914952,0.018305215757446047,NORMAL,STABLE,NORMAL,NO_ACTION,False,0.0
2026-08-12T00:41:11.431059,0.5144143781745576,0.07032402397114788,0.03262092238470191,False,34,0.10535740852355957,False,0.0,0.5311919198570081,21.96817059351713,-2.9300777431145093,CENTER,0.0,0.9784905612354253,0.01919897547447568,NORMAL,STABLE,NORMAL,NO_ACTION,False,0.0
2026-08-12T00:41:11.463337,0.4999669479772799,0.007875901889156328,0.03262092238470191,False,34,0.10535740852355957,False,0.0,-0.16720004784642128,21.71740913625115,-2.855343542124814,CENTER,0.0,0.9853501291366598,0.01859539301837591,NORMAL,STABLE,NORMAL,NO_ACTION,False,0.0
2026-08-12T00:41:11.496886,0.5013998663633242,0.006093909992874591,0.03265765765765766,False,34,0.10535740852355957,False,0.0,-0.913664762770594,20.290320869330316,-3.1332788410800276,CENTER,0.0,0.9856301708247599,0.018551177431557677,NORMAL,STABLE,NORMAL,NO_ACTION,False,0.0
2026-08-12T00:41:11.527092,0.49762569110760524,0.006545124315822416,0.03265765765765766,False,34,0.10535740852355957,False,0.0,-0.5289742159964703,22.24181367967782,-2.971406819665191,CENTER,0.0,0.9818063325188616,0.019434269395589655,NORMAL,STABLE,NORMAL,NO_ACTION,False,0.0
2026-08-12T00:41:11.559970,0.47255162810875795,0.004474589236477993,0.03269447576099211,False,34,0.10535740852355957,False,0.0,0.3172375771833913,20.579778797230773,-2.861377774066085,CENTER,0.0,0.9801902086548354,0.01792406243253654,NORMAL,STABLE,NORMAL,NO_ACTION,False,0.0
2026-08-12T00:41:11.588815,0.4863131739473807,0.00431370928950978,0.03265765765765766,False,34,0.10535740852355957,False,0.0,0.1018833030227313,22.246416926802908,-3.101644726696435,CENTER,0.0,0.9802347500857339,0.019151735512790927,NORMAL,STABLE,NORMAL,NO_ACTION,False,0.0
2026-08-12T00:41:11.612499,0.4866795723842533,0.005043103232898701,0.03265765765765766,False,34,0.10535740852355957,False,0.0,-0.44181065259570573,21.49850030428385,-3.0048843855543907,CENTER,0.0,0.9802532632458847,0.018845734330571764,NORMAL,STABLE,NORMAL,NO_ACTION,False,0.0
2026-08-12T00:41:11.636792,0.49818785517208575,0.0040569644654563945,0.03262092238470191,False,34,0.10535740852355957,False,0.0,-0.541979090852891,21.141675248175318,-2.971342542712563,CENTER,0.0,0.97953943490655,0.018652186289337798,NORMAL,STABLE,NORMAL,NO_ACTION,False,0.0
2026-08-12T00:41:11.703935,0.4711457627187875,0.007043986728496894,0.03265765765765766,False,34,0.10535740852355957,False,0.0,-0.3602520751265672,21.804119749491747,-2.989562714647775,CENTER,0.0,0.9789749978566528,0.01897316739441563,NORMAL,STABLE,NORMAL,NO_ACTION,False,0.0
2026-08-12T00:41:11.735217,0.49781484048636404,0.007937435452785585,0.03262092238470191,False,34,0.10535740852355957,False,0.0,-0.07510491289627907,20.252825854672665,-2.6352832431975344,CENTER,0.0,0.9789510459533608,0.017237044304613192,NORMAL,STABLE,NORMAL,NO_ACTION,False,0.0
2026-08-12T00:41:11.767619,0.49048904929832216,0.01355409158363541,0.03265765765765766,False,34,0.10535740852355957,False,0.0,-0.31732822218327783,21.539511288597254,-2.7988204754708477,CENTER,0.0,0.9786450027863511,0.018557049491357544,NORMAL,STABLE,NORMAL,NO_ACTION,False,0.0
2026-08-12T00:41:11.800179,0.4728793387601971,0.011237958309982895,0.03265765765765766,False,34,0.10535740852355957,False,0.0,-0.6145344094894938,20.140444237182095,-3.0635602764237433,CENTER,0.0,0.9786448018475651,0.018087745350325743,NORMAL,STABLE,NORMAL,NO_ACTION,False,0.0
2026-08-12T00:41:11.831225,0.4700356742724213,0.006995367860980234,0.03262092238470191,False,34,0.10535740852355957,False,0.0,-0.4014167772452595,21.67158766267511,-3.0599734849951687,CENTER,0.0,0.9791256617584019,0.018984892823719103,NORMAL,STABLE,NORMAL,NO_ACTION,False,0.0
2026-08-12T00:41:11.863344,0.46967691413996204,0.008490455982664022,0.03262092238470191,False,34,0.10535740852355957,False,0.0,-0.23031470550614586,20.993600746027113,-2.779564756832002,CENTER,0.0,0.9798036024305555,0.01806044742845632,NORMAL,STABLE,NORMAL,NO_ACTION,False,0.0
2026-08-12T00:41:11.895808,0.46884661884759504,0.004021816849558755,0.03265765765765766,False,34,0.10535740852355957,False,0.0,-0.6414210265168379,21.895957095248605,-2.66533687434449,CENTER,0.0,0.9798059869041496,0.018998032177027495,NORMAL,STABLE,NORMAL,NO_ACTION,False,0.0
2026-08-12T00:41:11.927040,0.5100760370899221,0.003013956273820929,0.03262092238470191,False,34,0.10535740852355957,False,0.0,-0.8489441098731731,21.146077899262224,-2.951150135908307,CENTER,0.0,0.9803086687671467,0.018931517386145624,NORMAL,STABLE,NORMAL,NO_ACTION,False,0.0
2026-08-12T00:41:11.959543,0.4948461594891552,0.003292814142737579,0.03262092238470191,False,34,0.10535740852355957,False,0.0,-0.3729184800475309,20.94285022310919,-2.6561171585375973,CENTER,0.0,0.9798772799854252,0.01804224096125343,NORMAL,STABLE,NORMAL,NO_ACTION,False,0.0
2026-08-12T00:41:11.991502,0.48821423140842457,0.010015811848090335,0.03265765765765766,False,34,0.10535740852355957,False,0.0,-0.8521407747025194,21.1147755606342,-2.9506355566360014,CENTER,0.0,0.9790033302254801,0.01891149289063587,NORMAL,STABLE,NORMAL,NO_ACTION,False,0.0
2026-08-12T00:41:12.023416,0.4872590382686933,0.01012757716101491,0.03265765765765766,False,34,0.10535740852355957,False,0.0,-1.1006431150414357,21.906101428486267,-3.0031331469183726,CENTER,0.0,0.9858920074588478,0.019772857802460637,NORMAL,STABLE,NORMAL,NO_ACTION,False,0.0
2026-08-12T00:41:12.055033,0.5015848720481278,0.007365081984362647,0.03265765765765766,False,34,0.10535740852355957,False,0.0,-0.861607240988576,21.401221918374347,-3.1341691626594184,CENTER,0.0,0.9860120348936899,0.01930422273715362,NORMAL,STABLE,NORMAL,NO_ACTION,False,0.0
2026-08-12T00:41:12.087139,0.491322351472846,0.010888276904427384,0.03262092238470191,False,34,0.10535740852355957,False,0.0,-0.6359900720824214,21.688313655657055,-2.8553412054098715,CENTER,0.0,0.9816592051397462,0.019025804796300453,NORMAL,STABLE,NORMAL,NO_ACTION,False,0.0
2026-08-12T00:41:12.137309,0.48587345575496654,0.009790682122768398,0.03265765765765766,False,34,0.10535740852355957,False,0.0,0.15432789812646774,20.261374117027685,-2.5287160871922367,CENTER,0.0,0.9789063169795954,0.017216886625938007,NORMAL,STABLE,NORMAL,NO_ACTION,False,0.0
2026-08-12T00:41:12.175749,0.4652979610832977,0.009717001624414832,0.03265765765765766,False,34,0.10535740852355957,False,0.0,-0.13393719998344977,21.31756076984061,-2.7272923954605517,CENTER,0.0,0.9792175979509603,0.018151274240497624,NORMAL,STABLE,NORMAL,NO_ACTION,False,0.0
2026-08-12T00:41:12.203181,0.4838614901315178,0.008375419492219137,0.03265765765765766,False,34,0.10535740852355957,False,0.0,0.3791084573672947,21.29613698108554,-2.656770762183527,CENTER,0.0,0.9791346236282579,0.018303982623684788,NORMAL,STABLE,NORMAL,NO_ACTION,False,0.0
2026-08-12T00:41:12.231653,0.4839465241927876,0.03109201511021429,0.03265765765765766,False,34,0.10535740852355957,False,0.0,-0.27021483314482,21.323061563037754,-2.623602467683753,CENTER,0.0,0.978310774605624,0.018186627788917747,NORMAL,STABLE,NORMAL,NO_ACTION,False,0.0
2026-08-12T00:41:12.265173,0.4714841145901817,0.005201443755033689,0.03265765765765766,False,34,0.10535740852355957,False,0.0,-0.08915581560498254,21.1596757723637,-2.424621997815734,CENTER,0.0,0.9792126950445816,0.017702662989260397,NORMAL,STABLE,NORMAL,NO_ACTION,False,0.0
2026-08-12T00:41:12.296418,0.47472524426787766,0.009964708690627998,0.03265765765765766,False,34,0.10535740852355957,False,0.0,-0.4513872920711606,21.414027000827303,-2.5565747473838485,CENTER,0.0,0.9793614031421468,0.018362242205257878,NORMAL,STABLE,NORMAL,NO_ACTION,False,0.0
2026-08-12T00:41:12.329509,0.47085977506757304,0.013174127928842936,0.03265765765765766,False,34,0.10535740852355957,False,0.0,-0.12508664898479083,20.90285898760837,-2.583167065320339,CENTER,0.0,0.9786312719693073,0.017704457290010987,NORMAL,STABLE,NORMAL,NO_ACTION,False,0.0
2026-08-12T00:41:12.366324,0.46775470914201167,0.008490350136248489,0.03265765765765766,False,34,0.10535740852355957,False,0.0,0.4159610854260336,19.34543028903792,-2.178735083412306,CENTER,0.0,0.9787106293938616,0.01647029596392727,NORMAL,STABLE,NORMAL,NO_ACTION,False,0.0
2026-08-12T00:41:12.391572,0.481339561332496,0.003234589028986523,0.03265765765765766,False,34,0.10535740852355957,False,0.0,0.19439508880512335,20.725073541783217,-2.445526176059758,CENTER,0.0,0.9785675743741427,0.017510255072268877,NORMAL,STABLE,NORMAL,NO_ACTION,False,0.0
2026-08-12T00:41:12.423163,0.48186597902240835,0.010363081525779085,0.03262092238470191,False,34,0.10535740852355957,False,0.0,0.6721232215992927,21.644084730933372,-2.6247734129329103,CENTER,0.0,0.9779130095807613,0.01880662832411252,NORMAL,STABLE,NORMAL,NO_ACTION,False,0.0
2026-08-12T00:41:12.454572,0.4949280817940023,0.011976913257294072,0.03262092238470191,False,34,0.10535740852355957,False,0.0,0.07853218247512928,21.80167014299124,-2.8449983219781245,CENTER,0.0,0.9853661506558643,0.01856090225570792,NORMAL,STABLE,NORMAL,NO_ACTION,False,0.0
2026-08-12T00:41:12.487274,0.47267667756113907,0.0077195920508443035,0.03265765765765766,False,34,0.10535740852355957,False,0.0,0.5316198315174745,22.24579261852324,-2.5113586518951365,CENTER,0.0,0.9867096273791152,0.018996681356664113,NORMAL,STABLE,NORMAL,NO_ACTION,False,0.0
2026-08-12T00:41:12.519191,0.46907683817318657,0.005913580556042808,0.03262092238470191,False,34,0.10535740852355957,False,0.0,0.14675978411847268,20.94025386085471,-2.5315802821345414,CENTER,0.0,0.982871884109225,0.01770265896330538,NORMAL,STABLE,NORMAL,NO_ACTION,False,0.0
2026-08-12T00:41:12.551779,0.48456040827898605,0.01132222897922507,0.03265765765765766,False,34,0.10535740852355957,False,0.0,0.5184870043797787,20.300097631669814,-2.1252066828438103,CENTER,0.0,0.9791167802640602,0.017206960729087954,NORMAL,STABLE,NORMAL,NO_ACTION,False,0.0
2026-08-12T00:41:12.584070,0.471912865844442,0.008392059140027651,0.03265765765765766,False,34,0.10535740852355957,False,0.0,0.2820087062170842,21.29746687757296,-2.6474765368818396,CENTER,0.0,0.9785111909507888,0.01820248964567573,NORMAL,STABLE,NORMAL,NO_ACTION,False,0.0
2026-08-12T00:41:12.615155,0.4699440200975172,0.05121830663956387,0.03262092238470191,False,34,0.10535740852355957,False,0.0,0.5014401880291075,19.63391184706785,-2.584629623278488,CENTER,0.0,0.9780778865526406,0.017151818374511872,NORMAL,STABLE,NORMAL,NO_ACTION,False,0.0
2026-08-12T00:41:12.646693,0.48581998451518943,0.03150084517825296,0.03262092238470191,False,34,0.10535740852355957,False,0.0,-0.3146279167407897,21.08081946659169,-2.654469669652258,CENTER,0.0,0.9779782611025378,0.018084167290546564,NORMAL,STABLE,NORMAL,NO_ACTION,False,0.0
2026-08-12T00:41:12.679402,0.4680995767940015,0.008494390115963507,0.03262092238470191,False,34,0.10535740852355957,False,0.0,0.2945259700057363,21.61452482659297,-3.032254445475502,CENTER,0.0,0.9788381987311385,0.018814056478558334,NORMAL,STABLE,NORMAL,NO_ACTION,False,0.0
2026-08-12T00:41:12.711093,0.4763065799865538,0.003708263400937571,0.03262092238470191,False,34,0.10535740852355957,False,0.0,-0.17082064728151636,21.029494158861183,-2.6538669953399108,CENTER,0.0,0.9791860103737997,0.017908037585405562,NORMAL,STABLE,NORMAL,NO_ACTION,False,0.0
2026-08-12T00:41:12.759097,0.47509290478724386,0.006771701699108539,0.03262092238470191,False,34,0.10535740852355957,False,0.0,-0.4507449777828185,20.682282487685484,-2.5293837848083456,CENTER,0.0,0.9787194305126886,0.017806957642119897,NORMAL,STABLE,NORMAL,NO_ACTION,False,0.0
2026-08-12T00:41:12.791360,0.4690886089201633,0.007962923679800732,0.03262092238470191,False,34,0.10535740852355957,False,0.0,0.8207026701495295,21.74101004709064,-2.607220730194882,CENTER,0.0,0.9780854418509944,0.019002803863971192,NORMAL,STABLE,NORMAL,NO_ACTION,False,0.0
2026-08-12T00:41:12.823116,0.45651189982806945,0.008436427960573355,0.03265765765765766,False,34,0.10535740852355957,False,0.0,-0.650734529703584,22.397248315960496,-2.6817850047142144,CENTER,0.0,0.9777611400462963,0.019384883335410833,NORMAL,STABLE,NORMAL,NO_ACTION,False,0.0
2026-08-12T00:41:12.854916,0.4731148959347017,0.021248331221718573,0.03265765765765766,False,34,0.10535740852355957,False,0.0,0.6418553315940301,21.37877376683491,-2.8943109123009094,CENTER,0.0,0.9776728475437243,0.018845422622020342,NORMAL,STABLE,NORMAL,NO_ACTION,False,0.0
2026-08-12T00:41:12.886810,0.4661063881931738,0.002687098941093264,0.03262092238470191,False,34,0.10535740852355957,False,0.0,-0.08214410224917401,23.323941774744327,-2.8077257382878145,CENTER,0.0,0.9850326056670096,0.019627906683758373,NORMAL,STABLE,NORMAL,NO_ACTION,False,0.0
2026-08-12T00:41:12.919844,0.49663190659092055,0.002692327936528375,0.03265765765765766,False,34,0.10535740852355957,False,0.0,0.06005960558724155,22.69131572599764,-2.934365018173878,CENTER,0.0,0.9855903983410494,0.019271692476842336,NORMAL,STABLE,NORMAL,NO_ACTION,False,0.0
2026-08-12T00:41:12.951086,0.49038359629205086,0.007080859917976133,0.03265765765765766,False,34,0.10535740852355957,False,0.0,0.7030853017407992,22.050119184752873,-3.088850038565141,CENTER,0.0,0.9820058513374486,0.019576579368542058,NORMAL,STABLE,NORMAL,NO_ACTION,False,0.0
2026-08-12T00:41:12.983639,0.49095293581547783,0.013098842836996236,0.03262092238470191,False,34,0.10535740852355957,False,0.0,0.4266150604462666,22.843797695929,-2.7244478018322695,CENTER,0.0,0.9786536297582303,0.019532655166291015,NORMAL,STABLE,NORMAL,NO_ACTION,False,0.0
2026-08-12T00:41:13.014818,0.4950535673074601,0.00952612072039319,0.03262092238470191,False,34,0.10535740852355957,False,0.0,0.6422543982116338,23.088782392520358,-2.758967043317739,CENTER,0.0,0.9854040477109054,0.019950482004959653,NORMAL,STABLE,NORMAL,NO_ACTION,False,0.0
2026-08-12T00:41:13.047227,0.4853493016575945,0.008026546767375475,0.03265765765765766,False,34,0.10535740852355957,False,0.0,1.2259158687037939,22.399812446360954,-2.733195407711179,CENTER,0.0,0.9848443126286008,0.019990119847808442,NORMAL,STABLE,NORMAL,NO_ACTION,False,0.0
2026-08-12T00:41:13.080162,0.5213831533716708,0.0012749571147861872,0.03265765765765766,False,34,0.10535740852355957,False,0.0,1.015785442678947,21.154217070654227,-2.734622679228181,CENTER,0.0,0.981063247492284,0.018889549779531212,NORMAL,STABLE,NORMAL,NO_ACTION,False,0.0
2026-08-12T00:41:13.111109,0.5159508910118453,0.006436413365659876,0.03262092238470191,False,34,0.10535740852355957,False,0.0,1.439634857102277,20.955082437093665,-2.5753590131145643,CENTER,0.0,0.9851815548911179,0.019000516598109793,NORMAL,STABLE,NORMAL,NO_ACTION,False,0.0
2026-08-12T00:41:13.142748,0.48708098699843827,0.010130278171601857,0.03262092238470191,False,34,0.10535740852355957,False,0.0,0.7354247275776231,21.72876534389087,-2.8842429605192024,CENTER,0.0,0.9858232060185186,0.01917860311468109,NORMAL,STABLE,NORMAL,NO_ACTION,False,0.0
2026-08-12T00:41:13.174460,0.5122157138565768,0.007210438759607749,0.03262092238470191,False,34,0.10535740852355957,False,0.0,0.8684418823081899,20.5942055990767,-2.385990714584665,CENTER,0.0,0.9816383075060013,0.0180074909889337,NORMAL,STABLE,NORMAL,NO_ACTION,False,0.0
2026-08-12T00:41:13.206571,0.5047026258551526,0.005031806311307903,0.03262092238470191,False,34,0.10535740852355957,False,0.0,0.3486144882636779,20.980032664339433,-2.919439888264577,CENTER,0.0,0.9778869679140947,0.018299261138679763,NORMAL,STABLE,NORMAL,NO_ACTION,False,0.0
2026-08-12T00:41:13.239080,0.4880454284232591,0.0031993647786047355,0.03262092238470191,False,34,0.10535740852355957,False,0.0,0.1463738839163966,21.991225519426706,-2.922059699954019,CENTER,0.0,0.9849414732295954,0.018837339659609317,NORMAL,STABLE,NORMAL,NO_ACTION,False,0.0
2026-08-12T00:41:13.286901,0.49902420778918277,0.008019556597802107,0.03262092238470191,False,34,0.10535740852355957,False,0.0,1.1899169207153761,20.573164393182793,-2.4865356727997607,CENTER,0.0,0.9851386075745884,0.01839868418883178,NORMAL,STABLE,NORMAL,NO_ACTION,False,0.0
2026-08-12T00:41:13.318795,0.5138858366835588,0.00989521037327441,0.03262092238470191,False,34,0.10535740852355957,False,0.0,0.15891422100085606,22.10263715280834,-2.8518801118668478,CENTER,0.0,0.981234246399177,0.018862299153123072,NORMAL,STABLE,NORMAL,NO_ACTION,False,0.0
2026-08-12T00:41:13.352126,0.48879733762200417,0.011745604303145809,0.03265765765765766,False,34,0.10535740852355957,False,0.0,1.1201946596787593,22.40188268988976,-2.7855747875787245,CENTER,0.0,0.9853644761659808,0.019940248817835,NORMAL,STABLE,NORMAL,NO_ACTION,False,0.0
2026-08-12T00:41:13.383265,0.47612456962055083,0.028567557083693147,0.03265765765765766,False,34,0.10535740852355957,False,0.0,0.032100009440796384,22.013388402545274,-2.953453704299193,CENTER,0.0,0.9857490060228052,0.018773535940995283,NORMAL,STABLE,NORMAL,NO_ACTION,False,0.0
2026-08-12T00:41:13.415427,0.4880864526328353,0.010196781304598232,0.03265765765765766,False,34,0.10535740852355957,False,0.0,0.5239487550850299,22.621968423878343,-2.612178992463811,CENTER,0.0,0.981471608689129,0.019358063174144353,NORMAL,STABLE,NORMAL,NO_ACTION,False,0.0
2026-08-12T00:41:13.447424,0.4929172288626086,0.04693378994984729,0.03265765765765766,False,34,0.10535740852355957,False,0.0,1.3038712023755181,21.893991754805626,-2.4962325069155327,CENTER,0.0,0.9846751757544582,0.019471686505936187,NORMAL,STABLE,NORMAL,NO_ACTION,False,0.0
2026-08-12T00:41:13.481038,0.49111157679553563,0.005921129255548924,0.03265765765765766,False,34,0.10535740852355957,False,0.0,1.009929190605618,21.377927074753813,-2.837254043072079,CENTER,0.0,0.9851210991083678,0.01914430896419702,NORMAL,STABLE,NORMAL,NO_ACTION,False,0.0
2026-08-12T00:41:13.515655,0.47541162619577915,0.004688036165412008,0.03265765765765766,False,34,0.10535740852355957,False,0.0,0.1769954617078895,22.85194128861076,-3.0751714489824735,CENTER,0.0,0.9818119186171125,0.01963589610392071,NORMAL,STABLE,NORMAL,NO_ACTION,False,0.0
2026-08-12T00:41:13.543158,0.49045062450113736,0.00539874616971516,0.03265765765765766,False,34,0.10535740852355957,False,0.0,0.4160382666627527,21.482928148779138,-2.654569351916166,CENTER,0.0,0.978554915230624,0.018472329517935003,NORMAL,STABLE,NORMAL,NO_ACTION,False,0.0
2026-08-12T00:41:13.575214,0.4867842140230104,0.007845467117260434,0.03262092238470191,False,34,0.10535740852355957,False,0.0,0.43214304725989905,21.19252184567131,-2.5926840716161053,CENTER,0.0,0.9787249630272635,0.018218506706717284,NORMAL,STABLE,NORMAL,NO_ACTION,False,0.0
2026-08-12T00:41:13.607143,0.48842692702468593,0.007557953844314262,0.03262092238470191,False,34,0.10535740852355957,False,0.0,0.40947185232343486,22.433192276101238,-2.8264019475596456,CENTER,0.0,0.9786261815200616,0.019317776599293863,NORMAL,STABLE,NORMAL,NO_ACTION,False,0.0
2026-08-12T00:41:13.638932,0.48208025139749616,0.005145422636250283,0.03262092238470191,False,34,0.10535740852355957,False,0.0,0.8841668497298656,22.098251530693204,-2.797824573922327,CENTER,0.0,0.977762292095336,0.019505469698647207,NORMAL,STABLE,NORMAL,NO_ACTION,False,0.0
2026-08-12T00:41:13.671194,0.4654703574865836,0.004558445680817228,0.03265765765765766,False,34,0.10535740852355957,False,0.0,0.17713850848409152,21.815847232323478,-2.975678383960741,CENTER,0.0,0.9776590631430041,0.018791935564217536,NORMAL,STABLE,NORMAL,NO_ACTION,False,0.0
2026-08-12T00:41:13.704710,0.4760380118713602,0.004603784439207902,0.03262092238470191,False,34,0.10535740852355957,False,0.0,0.7432771780625274,19.18828791694233,-2.5758155413696215,CENTER,0.0,0.9785829796810699,0.017054371299467085,NORMAL,STABLE,NORMAL,NO_ACTION,False,0.0
2026-08-12T00:41:13.734803,0.48799294870161847,0.006984233108910812,0.03262092238470191,False,34,0.10535740852355957,False,0.0,0.890010486669297,21.209226849978165,-3.0524842622757546,CENTER,0.0,0.9788034497170781,0.019114251372116503,NORMAL,STABLE,NORMAL,NO_ACTION,False,0.0
2026-08-12T00:41:13.767350,0.4866350273148067,0.0016393572770283154,0.03262092238470191,False,34,0.10535740852355957,False,0.0,0.49010364674899165,21.95696524012996,-2.9842503931714077,CENTER,0.0,0.9780326753257889,0.019203482489646838,NORMAL,STABLE,NORMAL,NO_ACTION,False,0.0
2026-08-12T00:41:13.815150,0.46638668185587995,0.017958953432416824,0.03262092238470191,False,34,0.10535740852355957,False,0.0,0.5242126922966008,21.29006912177411,-2.725105865739465,CENTER,0.0,0.978169648598251,0.018505134458649368,NORMAL,STABLE,NORMAL,NO_ACTION,False,0.0
2026-08-12T00:41:13.847863,0.4976090656697533,0.0031354735872637673,0.03265765765765766,False,34,0.10535740852355957,False,0.0,0.9554803691685834,21.461774090002365,-2.51128809960494,CENTER,0.0,0.9772849017275378,0.018838539812709547,NORMAL,STABLE,NORMAL,NO_ACTION,False,0.0
2026-08-12T00:41:13.880332,0.4834260366170139,0.021233967465394583,0.03265765765765766,False,34,0.10535740852355957,False,0.0,0.4093919605094243,20.522312593254952,-2.7052367004950213,CENTER,0.0,0.9774057329175241,0.017820942250169895,NORMAL,STABLE,NORMAL,NO_ACTION,False,0.0
2026-08-12T00:41:13.911419,0.49718997937248555,0.005066319709584492,0.03265765765765766,False,34,0.10535740852355957,False,0.0,0.5004078455595788,22.52327304958669,-3.062211390908743,CENTER,0.0,0.9844825424382716,0.019697478689448773,NORMAL,STABLE,NORMAL,NO_ACTION,False,0.0
2026-08-12T00:41:13.950855,0.46540825718848483,0.012830438347597983,0.03265765765765766,False,34,0.10535740852355957,False,0.0,0.3894949210159382,21.99082048439726,-2.949859934567968,CENTER,0.0,0.984571116255144,0.01909793428484919,NORMAL,STABLE,NORMAL,NO_ACTION,False,0.0
2026-08-12T00:41:13.982250,0.4517639962811729,0.010491305470265179,0.03265765765765766,False,34,0.10535740852355957,False,0.0,1.0176638212099363,22.453115855701782,-2.7627315174688363,CENTER,0.0,0.9806588112997255,0.019856519925623435,NORMAL,STABLE,NORMAL,NO_ACTION,False,0.0
2026-08-12T00:41:14.007885,0.47116351491597247,0.005260605994690541,0.03265765765765766,False,34,0.10535740852355957,False,0.0,1.2479080775476064,21.86579516624758,-2.4307603716657127,CENTER,0.0,0.9841890110596708,0.01933438464523608,NORMAL,STABLE,NORMAL,NO_ACTION,False,0.0
2026-08-12T00:41:14.039609,0.4624850381797012,0.008752826463039449,0.03265765765765766,False,34,0.10535740852355957,False,0.0,1.0991242144145588,23.13655920413879,-2.714105573469027,CENTER,0.0,0.9895499239111797,0.020381736257988135,NORMAL,STABLE,NORMAL,NO_ACTION,False,0.0
2026-08-12T00:41:14.102716,0.47545968524916427,0.007905435275798544,0.03262092238470191,False,34,0.10535740852355957,False,0.0,0.7004675972315226,22.227339926221475,-2.705743579350269,CENTER,0.0,0.9799840990440671,0.01933313404268316,NORMAL,STABLE,NORMAL,NO_ACTION,False,0.0
2026-08-12T00:41:14.136701,0.4640941676603315,0.011225791131063943,0.03265765765765766,False,34,0.10535740852355957,False,0.0,0.08566540748782359,22.748675111460187,-2.944635971991545,CENTER,0.0,0.9849089881258574,0.019347666686664346,NORMAL,STABLE,NORMAL,NO_ACTION,False,0.0
2026-08-12T00:41:14.167996,0.4695008542378397,0.0053002869056031614,0.03265765765765766,False,34,0.10535740852355957,False,0.0,0.36338913480020096,23.133043606310196,-2.6759897556304963,CENTER,0.0,0.9848311444401577,0.019634007462009145,NORMAL,STABLE,NORMAL,NO_ACTION,False,0.0
2026-08-12T00:41:14.199962,0.46776415919665837,0.005046863812937552,0.03269447576099211,False,34,0.10535740852355957,False,0.0,0.4511129344187452,21.951983452869598,-2.4710670182032572,CENTER,0.0,0.9802766525205762,0.018668161337004788,NORMAL,STABLE,NORMAL,NO_ACTION,False,0.0
2026-08-12T00:41:14.225503,0.464475525706568,0.005451446301523718,0.03265765765765766,False,34,0.10535740852355957,False,0.0,0.4598467985138086,21.413845061783718,-2.474580127983245,CENTER,0.0,0.9803160767103909,0.0182912992145817,NORMAL,STABLE,NORMAL,NO_ACTION,False,0.0
2026-08-12T00:41:14.254123,0.45469819853478943,0.005570780213238783,0.03265765765765766,False,34,0.10535740852355957,False,0.0,0.4464929161901523,23.347122079365874,-2.6076922328049363,CENTER,0.0,0.9837546751757544,0.019802877571166916,NORMAL,STABLE,NORMAL,NO_ACTION,False,0.0
2026-08-12T00:41:14.288679,0.4593321644494158,0.014128956096510875,0.03265765765765766,False,34,0.10535740852355957,False,0.0,0.7979046389409916,22.366712419203367,-2.6515707457693622,CENTER,0.0,0.9836666505915638,0.019475453784330923,NORMAL,STABLE,NORMAL,NO_ACTION,False,0.0
2026-08-12T00:41:14.327646,0.4732051619948391,0.00687472828393705,0.03265765765765766,False,34,0.10535740852355957,False,0.0,0.9763817757287256,19.420803491086588,-2.553961845175081,CENTER,0.0,0.9802641943158437,0.01742572600813657,NORMAL,STABLE,NORMAL,NO_ACTION,False,0.0
2026-08-12T00:41:14.364444,0.46869842807768786,0.004629461831453275,0.03265765765765766,False,34,0.10535740852355957,False,0.0,0.6739549670124063,22.77812406783491,-2.9491989072012643,CENTER,0.0,0.9771829453875173,0.019939830372308745,NORMAL,STABLE,NORMAL,NO_ACTION,False,0.0
2026-08-12T00:41:14.396480,0.45778491783515285,0.02642862807101471,0.03265765765765766,False,34,0.10535740852355957,False,0.0,0.9577632563357383,20.782938574641463,-2.5811583628076846,CENTER,0.0,0.9779770018861453,0.01841775052974954,NORMAL,STABLE,NORMAL,NO_ACTION,False,0.0
2026-08-12T00:41:14.427675,0.47219455291735646,0.008610209669366113,0.03265765765765766,False,34,0.10535740852355957,False,0.0,0.38001443491751274,22.148131108176727,-2.9030921703127035,CENTER,0.0,0.977740309392147,0.01915738253131229,NORMAL,STABLE,NORMAL,NO_ACTION,False,0.0
2026-08-12T00:41:14.459507,0.4818693814949989,0.009000838642259324,0.03265765765765766,False,34,0.10535740852355957,False,0.0,0.7063357446253065,20.909545000720698,-2.795897120529389,CENTER,0.0,0.9774094837748628,0.01847385859289169,NORMAL,STABLE,NORMAL,NO_ACTION,False,0.0
2026-08-12T00:41:14.503367,0.4633555200264901,0.009676565899575294,0.03262092238470191,False,34,0.10535740852355957,False,0.0,0.5627205193020757,22.041567160191192,-2.7781778441954827,CENTER,0.0,0.9771317193930041,0.019136071002765362,NORMAL,STABLE,NORMAL,NO_ACTION,False,0.0
2026-08-12T00:41:14.579482,0.47499658856449817,0.003592710315055033,0.03269447576099211,False,34,0.10535740852355957,False,0.0,0.7378398209303896,21.717446441389313,-2.6196065908449953,CENTER,0.0,0.9778871018732852,0.018917918974564876,NORMAL,STABLE,NORMAL,NO_ACTION,False,0.0
2026-08-12T00:41:14.618433,0.44983287276800765,0.00783070784589643,0.03269447576099211,False,34,0.10535740852355957,False,0.0,-0.03513909463708842,21.782088780878155,-2.7046909319843735,CENTER,0.0,0.9777708386917011,0.018369863404417854,NORMAL,STABLE,NORMAL,NO_ACTION,False,0.0
2026-08-12T00:41:14.655102,0.4604121790694253,0.011110649612343178,0.0327313769751693,False,34,0.10535740852355957,False,0.0,-0.1711251144792243,21.627782481626184,-2.8008713108784775,CENTER,0.0,0.9780721932870371,0.018481987609296698,NORMAL,STABLE,NORMAL,NO_ACTION,False,0.0
2026-08-12T00:41:14.682053,0.45679226463339173,0.005169360142567781,0.0327313769751693,False,34,0.10535740852355957,False,0.0,0.18738621049917015,21.99485420798524,-2.736803389480997,CENTER,0.0,0.9780801772548011,0.018701058765007283,NORMAL,STABLE,NORMAL,NO_ACTION,False,0.0
2026-08-12T00:41:14.713414,0.44111646792764214,0.005960029502517107,0.0327313769751693,False,34,0.10535740852355957,False,0.0,0.2919710642700011,22.188645207658737,-2.8913259027006006,CENTER,0.0,0.9768547989540466,0.01909052972928078,NORMAL,STABLE,NORMAL,NO_ACTION,False,0.0
2026-08-12T00:41:14.745657,0.4708399760940257,0.005765251740039389,0.0327313769751693,False,34,0.10535740852355957,False,0.0,0.07659530918004975,23.176997721922874,-2.46445232647946,CENTER,0.0,0.9768870429312414,0.019185877559431234,NORMAL,STABLE,NORMAL,NO_ACTION,False,0.0
2026-08-12T00:41:14.774126,0.47557494299978165,0.002371211651352363,0.03269447576099211,False,34,0.10535740852355957,False,0.0,-0.1600189214221075,22.4551952556034,-2.8635857370911992,CENTER,0.0,0.9778666195130316,0.01912926031872638,NORMAL,STABLE,NORMAL,NO_ACTION,False,0.0
2026-08-12T00:41:14.814590,0.47460908000598845,0.0042451058022247926,0.0327313769751693,False,34,0.10535740852355957,False,0.0,-0.390988191470683,20.88086505944557,-2.7437837938326766,CENTER,0.0,0.9778958762002743,0.018099294084336144,NORMAL,STABLE,NORMAL,NO_ACTION,False,0.0
2026-08-12T00:41:14.858902,0.46172444766705945,0.009265476108066195,0.0327313769751693,False,34,0.10535740852355957,False,0.0,0.038039942520242676,21.75481250977566,-2.7041862975636377,CENTER,0.0,0.9779253204303842,0.018352471340103937,NORMAL,STABLE,NORMAL,NO_ACTION,False,0.0
2026-08-12T00:41:14.899745,0.4811376612427757,0.00817973386271393,0.03269447576099211,False,34,0.10535740852355957,False,0.0,-0.3289600529792267,22.43129852669108,-2.584783905684617,CENTER,0.0,0.9778938400205762,0.01900620978502726,NORMAL,STABLE,NORMAL,NO_ACTION,False,0.0
2026-08-12T00:41:14.925820,0.4691493567412043,0.002393461825672197,0.03269447576099211,False,34,0.10535740852355957,False,0.0,-0.9786929586196891,22.32778650322888,-2.906402149224874,CENTER,0.0,0.9782883766289437,0.019866826282108216,NORMAL,STABLE,NORMAL,NO_ACTION,False,0.0
2026-08-12T00:41:14.956310,0.4573688304181661,0.013833903802596808,0.03269447576099211,False,34,0.10535740852355957,False,0.0,0.6731091055489173,21.53895724624701,-2.5409005977836614,CENTER,0.0,0.9768537272805212,0.018650885873646807,NORMAL,STABLE,NORMAL,NO_ACTION,False,0.0
2026-08-12T00:41:14.991037,0.46788019382775886,0.02002280325830684,0.03269447576099211,False,34,0.10535740852355957,False,0.0,0.9318230774436813,21.710512526868513,-2.282885513500446,CENTER,0.0,0.9775003215020577,0.018775459912536416,NORMAL,STABLE,NORMAL,NO_ACTION,False,0.0
2026-08-12T00:41:15.030925,0.462001133427551,0.01844347377731112,0.03269447576099211,False,34,0.10535740852355957,False,0.0,0.5206873644723373,20.31561182728737,-2.636525522116216,CENTER,0.0,0.9781582352752057,0.01771266539568171,NORMAL,STABLE,NORMAL,NO_ACTION,False,0.0
2026-08-12T00:41:15.062000,0.4408889128585342,0.007383251886539637,0.03269447576099211,False,34,0.10535740852355957,False,0.0,0.18396562104632608,22.731661358916398,-2.5450199722677667,CENTER,0.0,0.9778417031035664,0.019045223034260594,NORMAL,STABLE,NORMAL,NO_ACTION,False,0.0
2026-08-12T00:41:15.090583,0.42595604044807833,0.00878216870613682,0.03269447576099211,False,34,0.10535740852355957,False,0.0,0.6129806578494197,21.675534622801933,-2.5880117711484445,CENTER,0.0,0.9781734798311043,0.018736989936984524,NORMAL,STABLE,NORMAL,NO_ACTION,False,0.0
2026-08-12T00:41:15.119738,0.4585575181669148,0.03303937173346267,0.03269447576099211,False,34,0.10535740852355957,False,0.0,-0.09964548079960878,20.635282970332128,-2.38043020566235,CENTER,0.0,0.97816765260631,0.017291480954425464,NORMAL,STABLE,NORMAL,NO_ACTION,False,0.0
2026-08-12T00:41:15.144245,0.44124891614926354,0.0025517447736515785,0.03269447576099211,False,34,0.10535740852355957,False,0.0,-0.029541553436587265,22.30833074971673,-2.5249353985098537,CENTER,0.0,0.9770032927169068,0.018571438902595695,NORMAL,STABLE,NORMAL,NO_ACTION,False,0.0
2026-08-12T00:41:15.176048,0.460744711912341,0.002062159343546623,0.03269447576099211,False,34,0.10535740852355957,False,0.0,-0.03996520512725965,20.922905717260335,-2.5238390590135396,CENTER,0.0,0.9768039882330247,0.017579836013119896,NORMAL,STABLE,NORMAL,NO_ACTION,False,0.0
2026-08-12T00:41:15.204270,0.437549675316771,0.0027236989115134655,0.03269447576099211,False,34,0.10535740852355957,False,0.0,0.7096670628425557,19.952160689978683,-2.465328339068492,CENTER,0.0,0.9777705439814814,0.017467296811269323,NORMAL,STABLE,NORMAL,NO_ACTION,False,0.0
2026-08-12T00:41:15.233363,0.479577575303733,0.008416600852848628,0.03269447576099211,False,34,0.10535740852355957,False,0.0,-0.14856448827393365,22.685297228911224,-2.7617941182829497,CENTER,0.0,0.978028160901063,0.01918639332349066,NORMAL,STABLE,NORMAL,NO_ACTION,False,0.0
2026-08-12T00:41:15.263006,0.4406430396531542,0.004714106553262551,0.03269447576099211,False,34,0.10535740852355957,False,0.0,0.2833643472573897,21.056715729666195,-2.296043473094443,CENTER,0.0,0.9776008042909808,0.01769150222435698,NORMAL,STABLE,NORMAL,NO_ACTION,False,0.0
2026-08-12T00:41:15.286719,0.4149765200773611,0.0030060921384939985,0.03265765765765766,False,34,0.10535740852355957,False,0.0,-0.017932795023199333,20.39988596423248,-2.3506564724231396,CENTER,0.0,0.9778289501886146,0.017014114713190306,NORMAL,STABLE,NORMAL,NO_ACTION,False,0.0
2026-08-12T00:41:15.312738,0.45012429051305847,0.005392122750188818,0.03265765765765766,False,34,0.10535740852355957,False,0.0,0.02021919997920918,22.356925112180704,-2.503787864574946,CENTER,0.0,0.9773978561171124,0.018577193457997472,NORMAL,STABLE,NORMAL,NO_ACTION,False,0.0
2026-08-12T00:41:15.337842,0.44988963996557596,0.008409522136835094,0.03265765765765766,False,34,0.10535740852355957,False,0.0,0.1731206792688056,20.80678048686346,-2.37670279110921,CENTER,0.0,0.976619713970336,0.017482504804580214,NORMAL,STABLE,NORMAL,NO_ACTION,False,0.0
2026-08-12T00:41:15.369017,0.43465886558634437,0.006850550999584627,0.03265765765765766,False,34,0.10535740852355957,False,0.0,1.4457520712898884,20.720324098850625,-2.3749210134456575,CENTER,0.0,0.9772552297668037,0.01864384519002635,NORMAL,STABLE,NORMAL,NO_ACTION,False,0.0
2026-08-12T00:41:15.399097,0.4291158032882293,0.03189434845273362,0.03262092238470191,False,34,0.10535740852355957,False,0.0,0.6051053958569526,20.872815959272344,-2.253843750680687,CENTER,0.0,0.9776410054441015,0.01782787366725146,NORMAL,STABLE,NORMAL,NO_ACTION,False,0.0
2026-08-12T00:41:15.431625,0.458568478276295,0.004912457626076426,0.03265765765765766,False,34,0.10535740852355957,False,0.0,-0.025066943096391014,20.68761994297563,-2.509417957202942,CENTER,0.0,0.9775977366255144,0.01738167393688176,NORMAL,STABLE,NORMAL,NO_ACTION,False,0.0
2026-08-12T00:41:15.462951,0.44135603307039956,0.002282449487061787,0.03262092238470191,False,34,0.10535740852355957,False,0.0,0.43822353427299277,20.39794496582843,-2.5599526712834404,CENTER,0.0,0.9777730490183469,0.017618981784374876,NORMAL,STABLE,NORMAL,NO_ACTION,False,0.0
2026-08-12T00:41:15.495202,0.4528898560147366,0.0027591708785541843,0.03262092238470191,False,34,0.10535740852355957,False,0.0,0.4949182599044093,22.31133086755952,-2.7087081823707138,CENTER,0.0,0.977690329218107,0.019198712570983843,NORMAL,STABLE,NORMAL,NO_ACTION,False,0.0
2026-08-12T00:41:15.526551,0.4499005608583547,0.0036773509864929093,0.03262092238470191,False,34,0.10535740852355957,False,0.0,0.7860247267955174,20.855876916641847,-2.871250304963098,CENTER,0.0,0.9778749651706106,0.018584398174082962,NORMAL,STABLE,NORMAL,NO_ACTION,False,0.0
2026-08-12T00:41:15.559087,0.4678795368889489,0.002292627636386355,0.03265765765765766,False,34,0.10535740852355957,False,0.0,0.6641785337153578,20.67387892266825,-2.771740212441017,CENTER,0.0,0.9788239856610083,0.018239797273781357,NORMAL,STABLE,NORMAL,NO_ACTION,False,0.0
2026-08-12T00:41:15.591095,0.43864510914102606,0.03972821642369767,0.03262092238470191,False,34,0.10535740852355957,False,0.0,0.16687437169372288,22.092971603104218,-3.010157693933934,CENTER,0.0,0.9798580568415638,0.01901539925803153,NORMAL,STABLE,NORMAL,NO_ACTION,False,0.0
2026-08-12T00:41:15.623175,0.41857446864940284,0.014549822536053315,0.03265765765765766,False,34,0.10535740852355957,False,0.0,1.5370966073949432,22.667644968929352,-3.276308513055028,CENTER,0.0,0.9798244866683815,0.02100620777873414,NORMAL,STABLE,NORMAL,NO_ACTION,False,0.0
2026-08-12T00:41:15.654349,0.40048868496027373,0.00849870242774242,0.03262092238470191,False,34,0.10535740852355957,False,0.0,0.36090386891638104,22.099409023668557,-4.4606880707681,CENTER,0.0,0.9788567922668039,0.020603698755308642,NORMAL,STABLE,NORMAL,NO_ACTION,False,0.0
2026-08-12T00:41:15.687168,0.37965699914321294,0.010699808791429987,0.03262092238470191,False,34,0.10535740852355957,False,0.0,0.46052568931665405,23.084370836298774,-5.076146923578534,CENTER,0.0,0.977253689236111,0.022003656268263002,NORMAL,STABLE,NORMAL,NO_ACTION,False,0.0
2026-08-12T00:41:15.718055,0.39839436346412715,0.016641983476061484,0.03262092238470191,False,34,0.10535740852355957,False,0.0,-0.6942309982306369,22.927974338674886,-5.903289052288272,CENTER,0.0,0.9766219912765776,0.022912260033987105,NORMAL,STABLE,NORMAL,NO_ACTION,False,0.0
2026-08-12T00:41:15.750090,0.3904634516278395,0.005145787593762511,0.03262092238470191,False,34,0.10535740852355957,False,0.0,-1.689953927738003,24.15475253166818,-8.000785483947311,CENTER,0.0,0.977144646454904,0.026776922187827696,NORMAL,STABLE,NORMAL,NO_ACTION,False,0.0
2026-08-12T00:41:15.783440,0.38598735912732607,0.010115504910328001,0.03262092238470191,False,34,0.10535740852355957,False,0.0,-1.8213122157623332,23.498151832776387,-8.21277136203119,CENTER,0.0,0.9782770302854938,0.026633338287473007,NORMAL,STABLE,NORMAL,NO_ACTION,False,0.0
2026-08-12T00:41:15.814737,0.38323820189189883,0.04963811853209863,0.03262092238470191,False,34,0.10535740852355957,False,0.0,-2.499994315787035,23.9003934081791,-9.07484611767265,CENTER,0.0,0.9793582283093277,0.028407537878868305,NORMAL,STABLE,NORMAL,NO_ACTION,False,0.0
2026-08-12T00:41:15.847332,0.3659321027747621,0.008081485980752317,0.03262092238470191,False,34,0.10535740852355957,False,0.0,-2.4895792440055686,23.413829608236938,-9.197080752786263,CENTER,0.0,0.9798059601123115,0.028163808788044736,NORMAL,STABLE,NORMAL,NO_ACTION,False,0.0
2026-08-12T00:41:15.878937,0.3395335298074429,0.015437582566526034,0.03262092238470191,False,34,0.10535740852355957,False,0.0,-2.558512699962762,24.131093096168115,-10.312735250781714,CENTER,0.0,0.9789442676183128,0.029822546744245726,NORMAL,STABLE,NORMAL,NO_ACTION,False,0.0
2026-08-12T00:41:15.925993,0.3566193356761672,0.01190866934097714,0.03262092238470191,False,34,0.10535740852355957,False,0.0,-3.170761787249546,23.069273804506338,-10.22041555137514,CENTER,0.0,0.9783489261831276,0.029556349999707982,NORMAL,STABLE,NORMAL,NO_ACTION,False,0.0
2026-08-12T00:41:15.959320,0.29433534755644025,0.010844715986685636,0.03265765765765766,False,34,0.10535740852355957,False,0.0,-2.217910316372354,21.68329498591507,-10.495878327107192,CENTER,0.0,0.9791588434499314,0.035455934997183795,NORMAL,STABLE,NORMAL,NO_ACTION,False,0.0
2026-08-12T00:41:15.991340,0.34794620534739784,0.003578190300177578,0.03262092238470191,False,34,0.10535740852355957,False,0.0,-1.7920180962177028,22.7458581769572,-10.753771244611812,CENTER,0.0,0.9799417009602195,0.028508694715267884,NORMAL,STABLE,NORMAL,NO_ACTION,False,0.0
2026-08-12T00:41:16.022285,0.28738544295740664,0.007353459369126434,0.03262092238470191,False,34,0.10535740852355957,False,0.0,-2.171476435783319,21.588280905025442,-11.578541203047138,UP,0.0,0.9806555159036352,0.07165170332559069,NORMAL,STABLE,NORMAL,NO_ACTION,False,0.0
2026-08-12T00:41:16.055239,0.2735032783709444,0.036779111776222166,0.03265765765765766,False,34,0.10535740852355957,False,0.0,-3.045334359615879,20.393167999755406,-12.836117611649058,UP,0.03295493125915527,0.9816721455975651,0.09135061132941186,NORMAL,STABLE,NORMAL,NO_ACTION,False,0.0
2026-08-12T00:41:16.086949,0.30157374541029064,0.010916646977466917,0.03265765765765766,False,34,0.10535740852355957,False,0.0,-3.2727590773454267,21.571883081630858,-13.225906710313495,UP,0.06466484069824219,0.9816050052512002,0.0574672974285531,NORMAL,STABLE,NORMAL,NO_ACTION,False,0.0
2026-08-12T00:41:16.119109,0.3051580327033531,0.032690251361107474,0.03262092238470191,False,34,0.10535740852355957,False,0.0,-2.563463479726664,21.964661961696834,-13.255350203897791,UP,0.09682440757751465,0.9805408602323389,0.05709629866767867,NORMAL,STABLE,NORMAL,NO_ACTION,False,0.0
2026-08-12T00:41:16.151153,0.24553381249667125,0.010050821174900512,0.03262092238470191,False,34,0.10535740852355957,False,0.0,-2.6170416369580494,22.494654922192154,-14.140118300855391,UP,0.12886881828308105,0.9812870531121399,0.13100424738836042,NORMAL,STABLE,NORMAL,NO_ACTION,False,0.0
2026-08-12T00:41:16.183692,0.2428859211621533,0.020259028866410934,0.03265765765765766,False,34,0.10535740852355957,False,0.0,-1.434791121561915,20.090442849902217,-14.387969445563556,UP,0.1614072322845459,0.9818027156207133,0.13189860179558655,NORMAL,STABLE,NORMAL,NO_ACTION,False,0.0
2026-08-12T00:41:16.216186,0.2443198493960467,0.028891579372490008,0.03153153153153153,False,34,0.10535740852355957,False,0.0,-2.5662238062043343,20.267539357680988,-14.771153133521466,UP,0.19390106201171875,0.9820563941400892,0.13157311998703586,NORMAL,STABLE,NORMAL,NO_ACTION,False,0.0
2026-08-12T00:41:16.248039,0.2323803284612826,0.01218894647495982,0.031496062992125984,False,34,0.10535740852355957,False,0.0,-1.8186046814053043,19.769822300586156,-14.65924107606935,UP,0.2257544994354248,0.9830443967549726,0.14630532222035547,NORMAL,STABLE,NORMAL,NO_ACTION,False,0.0
2026-08-12T00:41:16.279424,0.2477316247685766,0.005196155811925541,0.02927927927927928,False,34,0.10535740852355957,False,0.0,-1.4733642840370749,20.185983126853387,-15.043784586016955,UP,0.2571394443511963,0.9835158527306241,0.1261753351824551,NORMAL,STABLE,NORMAL,NO_ACTION,False,0.0
2026-08-12T00:41:16.311195,0.2357763197619197,0.004460029039066335,0.02924634420697413,False,34,0.10535740852355957,False,0.0,-2.186905142780887,20.633453738480142,-15.06982473567325,UP,0.2889103889465332,0.9832375659079217,0.14315110419670596,NORMAL,STABLE,NORMAL,NO_ACTION,False,0.0
2026-08-12T00:41:16.343271,0.2777795142356344,0.015500193807966994,0.02924634420697413,False,34,0.10535740852355957,False,0.0,-1.8283350283648474,20.478648769707945,-14.87800872150703,UP,0.3209860324859619,0.9834316057956104,0.08650503985270869,NORMAL,STABLE,NORMAL,NO_ACTION,False,0.0
2026-08-12T00:41:16.375076,0.2572190863582229,0.0053917551053798635,0.02924634420697413,False,34,0.10535740852355957,False,0.0,-1.6219314913609537,20.222328318661056,-14.75131486434924,UP,0.35279178619384766,0.9837879372427984,0.11341306290986414,NORMAL,STABLE,NORMAL,NO_ACTION,False,0.0
2026-08-12T00:41:16.407505,0.2529053919507478,0.005043644554668361,0.02924634420697413,False,34,0.10535740852355957,False,0.0,-3.2344722700763953,20.32116702784535,-14.885437062615438,UP,0.3852205276489258,0.9836522365826473,0.12091801072096486,NORMAL,STABLE,NORMAL,NO_ACTION,False,0.0
2026-08-12T00:41:16.455308,0.2747038907602147,0.011786929639023653,0.02927927927927928,False,34,0.10535740852355957,False,0.0,-1.971505226729846,20.599450486095236,-14.42524115570157,UP,0.43302345275878906,0.9833734139231824,0.09039498603904983,NORMAL,STABLE,NORMAL,NO_ACTION,False,0.0
2026-08-12T00:41:16.487184,0.2769294840244269,0.03278963720657613,0.02924634420697413,False,34,0.10535740852355957,False,0.0,-2.9187546893094805,21.001502548524684,-14.500855878055972,UP,0.46489977836608887,0.9840561235425239,0.08870287961364312,NORMAL,STABLE,NORMAL,NO_ACTION,False,0.0
2026-08-12T00:41:16.519288,0.2359044285626848,0.007429762123728016,0.02924634420697413,False,34,0.10535740852355957,False,0.0,-2.0000765859340106,19.255470877033417,-14.344110543455628,UP,0.49700331687927246,0.9836710444530178,0.14110633774850478,NORMAL,STABLE,NORMAL,NO_ACTION,False,0.0
2026-08-12T00:41:16.550513,0.2636495258155631,0.007700064034770626,0.02924634420697413,False,34,0.10535740852355957,False,0.0,-1.428012804540657,18.75347999394927,-14.156934254616488,UP,0.5282280445098877,0.9832246120541839,0.0999090876346812,NORMAL,STABLE,NORMAL,NO_ACTION,False,0.0
2026-08-12T00:41:16.584020,0.22319119644159224,0.015227178987079365,0.02702702702702703,False,34,0.10535740852355957,False,0.0,-2.006890070155123,18.844060930871677,-14.405850432225748,UP,0.5617353916168213,0.9833813844950274,0.1561680658336393,NORMAL,STABLE,NORMAL,NO_ACTION,False,0.0
2026-08-12T00:41:16.615968,0.2513809445848501,0.011280295642501324,0.02699662542182227,False,34,0.10535740852355957,False,0.0,-1.5712841634802999,19.64547816044444,-14.092553119027059,UP,0.5936834812164307,0.9829908264746228,0.11982378746083251,NORMAL,STABLE,NORMAL,NO_ACTION,False,0.0
2026-08-12T00:41:16.647174,0.2199991083281525,0.010349878953617112,0.025871766029246346,False,34,0.10535740852355957,False,0.0,-1.4494442829204957,17.802726932677473,-13.720721515765263,UP,0.6248893737792969,0.9828929023062413,0.16121222790597511,NORMAL,RISING,NORMAL,NO_ACTION,False,0.0
2026-08-12T00:41:16.679703,0.2770318733388216,0.005035965337438905,0.0259009009009009,False,34,0.10535740852355957,False,0.0,-2.622142326546509,19.67546424439766,-13.657501154084372,UP,0.6574180126190186,0.9824077557013032,0.08899903399366038,NORMAL,STABLE,NORMAL,NO_ACTION,False,0.0
2026-08-12T00:41:16.713207,0.21581713088842075,0.013348542886178509,0.0259009009009009,False,34,0.10535740852355957,False,0.0,-2.2430975416413617,19.592030762091156,-13.935019480191158,UP,0.6909220218658447,0.9828896738897462,0.17191250726030793,NORMAL,STABLE,NORMAL,NO_ACTION,False,0.0
2026-08-12T00:41:16.742815,0.20503052534087193,0.00533035734872131,0.02699662542182227,True,34,0.10535740852355957,False,0.0,-0.9098484911444302,18.207007922555675,-13.399677643361713,UP,0.7205300331115723,0.982617375042867,0.18477798372059798,NORMAL,STABLE,NORMAL,NO_ACTION,False,0.0
2026-08-12T00:41:16.774840,0.2892877323536001,0.003952566558512995,0.02699662542182227,False,35,0.03202533721923828,False,0.0,-3.080280291675308,20.10142956579628,-13.657272238138972,UP,0.7525553703308105,0.9825907305598423,0.07752909855057936,NORMAL,STABLE,NORMAL,NO_ACTION,False,0.0
2026-08-12T00:41:16.806615,0.31176208099030034,0.00816918561304248,0.02699662542182227,False,35,0.03202533721923828,False,0.0,-2.0044865333405255,19.820773499000182,-13.410484388473321,UP,0.7843303680419922,0.9834082701045953,0.06314669843728868,NORMAL,STABLE,NORMAL,NO_ACTION,False,0.0
2026-08-12T00:41:16.839199,0.39096471717540937,0.0038852552999496565,0.02699662542182227,False,35,0.03202533721923828,False,0.0,-1.6603957197156092,21.28678172661469,-13.093826041592564,UP,0.8169145584106445,0.9829220384302128,0.06498118677049826,NORMAL,STABLE,NORMAL,NO_ACTION,False,0.0
2026-08-12T00:41:16.872453,0.4447469139416559,0.004099974949397545,0.02699662542182227,False,35,0.03202533721923828,False,0.0,-0.8098428625343104,19.537029346633858,-12.534688019493615,UP,0.8501684665679932,0.9827271813914609,0.06380099929913476,NORMAL,STABLE,NORMAL,NO_ACTION,False,0.0
2026-08-12T00:41:16.903365,0.46245290414769213,0.011110043194475554,0.02699662542182227,False,35,0.03202533721923828,False,0.0,-0.5549217752339359,19.269022452745787,-12.610471655032029,UP,0.8810808658599854,0.9824107563871742,0.0647744733359867,NORMAL,STABLE,NORMAL,NO_ACTION,False,0.0
2026-08-12T00:41:16.934886,0.4565328056743308,0.007733333738053747,0.02699662542182227,False,35,0.03202533721923828,False,0.0,0.42621129692776094,19.44441795275327,-12.68349420254225,UP,0.9126017093658447,0.9834091140474965,0.06621342566751656,NORMAL,STABLE,NORMAL,NO_ACTION,False,0.0
2026-08-12T00:41:16.984149,0.48411342321760253,0.02617842766970918,0.02702702702702703,False,35,0.03202533721923828,False,0.0,-0.9289042261322891,18.060973888516287,-12.5727868657155,UP,0.9618644714355469,0.9847442183213306,0.06772645891828519,NORMAL,STABLE,NORMAL,NO_ACTION,False,0.0
2026-08-12T00:41:17.014875,0.4684400514089724,0.012235643559615124,0.02699662542182227,False,35,0.03202533721923828,False,0.0,0.28425429443967687,16.653925361268307,-12.010322004288213,UP,0.9925901889801025,0.9854641284079219,0.06687929812660656,NORMAL,STABLE,NORMAL,NO_ACTION,False,0.0
2026-08-12T00:41:17.047675,0.4658379506848194,0.002355912195615155,0.02699662542182227,False,35,0.03202533721923828,False,0.0,-0.5244396232918973,18.34420075016925,-12.170331363357008,UP,1.0253901481628418,0.985940500685871,0.06990675680117395,NORMAL,STABLE,NORMAL,NO_ACTION,False,0.0
2026-08-12T00:41:17.079621,0.4404837401101024,0.004377519421547415,0.02702702702702703,False,35,0.03202533721923828,False,0.0,-0.4928429081860486,17.101872558399606,-12.050688852142486,UP,1.0573365688323975,0.9855902777777779,0.07024822689597182,NORMAL,STABLE,NORMAL,NO_ACTION,False,0.0
2026-08-12T00:41:17.112001,0.2899268878912483,0.02495459742809334,0.02702702702702703,False,35,0.03202533721923828,False,0.0,-0.8147449288237851,18.116866104900936,-12.168664834697523,UP,1.0897166728973389,0.984491799018347,0.08623881800378033,NORMAL,STABLE,NORMAL,NO_ACTION,False,0.0
2026-08-12T00:41:17.144063,0.14542296136745278,0.005431107013330946,0.028153153153153154,True,35,0.03202533721923828,False,0.0,-0.9503086150570539,15.242833978052687,-12.000336869167114,UP,1.1217787265777588,0.9833602591306585,0.2720901168614013,LOW,STABLE,NORMAL,NO_ACTION,False,0.0
2026-08-12T00:41:17.176228,0.28921240220389827,0.03351046405519128,0.028153153153153154,False,36,0.032164812088012695,False,0.0,-1.369626583269138,20.022948519336154,-12.226384826357503,UP,1.1539435386657715,0.9832598433213307,0.09194115754355416,NORMAL,STABLE,NORMAL,NO_ACTION,False,0.0
2026-08-12T00:41:17.208032,0.37775435039426986,0.00678602575394239,0.028153153153153154,False,36,0.032164812088012695,False,0.0,-1.7109369235013787,17.1294652527979,-11.606201812374792,UP,1.1857478618621826,0.983476937585734,0.07657759918300346,NORMAL,STABLE,NORMAL,NO_ACTION,False,0.0
2026-08-12T00:41:17.239003,0.4394161146839646,0.01226794433362061,0.028153153153153154,False,36,0.032164812088012695,False,0.0,-0.6820436099440315,18.076260523168173,-11.13065861986533,UP,1.2167184352874756,0.9834704137731481,0.07715473731345071,NORMAL,STABLE,NORMAL,NO_ACTION,False,0.0
2026-08-12T00:41:17.304067,0.4347841815665612,0.002486104866271755,0.02818489289740699,False,36,0.032164812088012695,False,0.0,-0.5423483602386909,16.196903689785245,-9.047918590433738,UP,1.281782627105713,0.9826120702589163,0.07647674949562887,NORMAL,STABLE,NORMAL,NO_ACTION,False,0.0
2026-08-12T00:41:17.335621,0.47549526117936597,0.007286660687061602,0.028153153153153154,False,36,0.032164812088012695,False,0.0,-0.07069839476966422,15.464654185399581,-6.907207717135236,UP,1.3133366107940674,0.9807334399648491,0.07479963519088438,NORMAL,STABLE,NORMAL,NO_ACTION,False,0.0
2026-08-12T00:41:17.366468,0.48573938260241845,0.016846001526946604,0.028153153153153154,False,36,0.032164812088012695,False,0.0,0.1513152509840836,12.309503680717427,-5.257944058541938,CENTER,0.0,0.9818701908650549,0.014099113474876536,NORMAL,STABLE,NORMAL,NO_ACTION,False,0.0
2026-08-12T00:41:17.389237,0.48968731129092596,0.012018369953074728,0.028153153153153154,False,36,0.032164812088012695,False,0.0,-0.7679591808704913,14.951797695083314,-5.347477987090343,CENTER,0.0,0.9821084908693416,0.01668746005263357,NORMAL,STABLE,NORMAL,NO_ACTION,False,0.0
2026-08-12T00:41:17.411423,0.5135258911460936,0.009620598392906986,0.0281214848143982,False,36,0.032164812088012695,False,0.0,0.022438030201044512,-10.052063960726173,-0.777900062459878,CENTER,0.0,0.9837628064986284,0.008030519912716456,NORMAL,STABLE,NORMAL,NO_ACTION,False,0.0
2026-08-12T00:41:17.440342,0.5388123318654192,0.010195677453550153,0.0281214848143982,False,36,0.032164812088012695,False,0.0,-0.24260970490300338,2.0552275652338494,0.044505773498656254,CENTER,0.0,0.9846097366898148,0.0017608125911297487,NORMAL,STABLE,NORMAL,NO_ACTION,False,0.0
2026-08-12T00:41:17.463553,0.5454223492124166,0.009643939299793089,0.0281214848143982,False,36,0.032164812088012695,False,0.0,-0.5549905776388755,2.3459859703637846,0.38308432585708374,CENTER,0.0,0.9858017323602538,0.0025976545893699535,NORMAL,STABLE,NORMAL,NO_ACTION,False,0.0
2026-08-12T00:41:17.510945,0.5388132861144739,0.005210141415001139,0.0281214848143982,False,36,0.032164812088012695,False,0.0,-0.7241395600700571,-12.195638153113208,2.898402482441071,CENTER,0.0,0.9863110050154321,0.01229633470707396,NORMAL,STABLE,NORMAL,NO_ACTION,False,0.0
2026-08-12T00:41:17.543967,0.5616820366832043,0.008048999133553761,0.028153153153153154,False,36,0.032164812088012695,False,0.0,0.7771097267908544,-16.0744523453952,4.035994524163868,CENTER,0.0,0.9856026154192387,0.01624416782444553,NORMAL,STABLE,NORMAL,NO_ACTION,False,0.0
2026-08-12T00:41:17.574797,0.5561767998888021,0.004634373674173919,0.0281214848143982,False,36,0.032164812088012695,False,0.0,-0.1123618904804573,-16.53229787312219,4.55500653732139,CENTER,0.0,0.9852346831061384,0.016434495838841875,NORMAL,STABLE,NORMAL,NO_ACTION,False,0.0
2026-08-12T00:41:17.607488,0.5693387894384113,0.005448683937284304,0.028153153153153154,False,36,0.032164812088012695,False,0.0,-0.16385555817637965,-20.00058470196089,5.0618394397836255,CENTER,0.0,0.987112402477709,0.01947701746797028,NORMAL,STABLE,NORMAL,NO_ACTION,False,0.0
2026-08-12T00:41:17.639395,0.5831597972053157,0.008790022507081663,0.028153153153153154,False,36,0.032164812088012695,False,0.0,0.4043686267678197,-19.517102539507533,4.878422401688567,CENTER,0.0,0.9882830852409121,0.019182817268898627,NORMAL,STABLE,NORMAL,NO_ACTION,False,0.0
2026-08-12T00:41:17.703465,0.5588285800163526,0.005890376406006629,0.0281214848143982,False,36,0.032164812088012695,False,0.0,0.6488375010865752,-22.05343065974955,4.839713093305079,CENTER,0.0,0.9882113500943073,0.021212748641455528,NORMAL,STABLE,NORMAL,NO_ACTION,False,0.0
2026-08-12T00:41:17.734768,0.5485893964504363,0.004284822616799246,0.0281214848143982,False,36,0.032164812088012695,False,0.0,0.2801858145188021,-18.464877529959892,4.332906088454763,CENTER,0.0,0.9878920449674211,0.01777798153005669,NORMAL,STABLE,NORMAL,NO_ACTION,False,0.0
2026-08-12T00:41:17.766573,0.5630030452350514,0.004191451679881872,0.0281214848143982,False,36,0.032164812088012695,False,0.0,0.7994950496290869,-19.51776546972178,4.080799503541783,CENTER,0.0,0.9871992616169409,0.018795706853408048,NORMAL,STABLE,NORMAL,NO_ACTION,False,0.0
2026-08-12T00:41:17.799633,0.5651299729872354,0.0042893579739031245,0.0281214848143982,False,36,0.032164812088012695,False,0.0,0.14114991907104013,-20.52462164895138,4.063439421954087,CENTER,0.0,0.987628131965878,0.018872201667452043,NORMAL,STABLE,NORMAL,NO_ACTION,False,0.0
2026-08-12T00:41:17.831286,0.5663346283067981,0.008534074463121988,0.028153153153153154,False,36,0.032164812088012695,False,0.0,0.49204911613344393,-18.796530729153034,3.5384446460023184,CENTER,0.0,0.9879331972307958,0.017456488408667183,NORMAL,STABLE,NORMAL,NO_ACTION,False,0.0
2026-08-12T00:41:17.862970,0.5498499032964099,0.005557824762204328,0.028153153153153154,False,36,0.032164812088012695,False,0.0,-0.6026227626913112,-19.27715357374106,3.625914995224065,CENTER,0.0,0.9877167191786694,0.017994313940509273,NORMAL,STABLE,NORMAL,NO_ACTION,False,0.0
2026-08-12T00:41:17.895919,0.5625884087082698,0.004656053745243639,0.02818489289740699,False,36,0.032164812088012695,False,0.0,0.8810306130665992,-18.659377468477032,3.1717906753589205,CENTER,0.0,0.9872153501157408,0.017378933856828357,NORMAL,STABLE,NORMAL,NO_ACTION,False,0.0
2026-08-12T00:41:17.923224,0.5606016949881301,0.005484307593477783,0.028153153153153154,False,36,0.032164812088012695,False,0.0,0.46381227154617477,-19.017112354339133,3.357216773579978,CENTER,0.0,0.9871088525591564,0.017414090595662707,NORMAL,STABLE,NORMAL,NO_ACTION,False,0.0
2026-08-12T00:41:17.953197,0.5543628397066513,0.005078654638751902,0.028153153153153154,False,36,0.032164812088012695,False,0.0,-0.08155894242014483,-20.458820817163,3.3193081563906333,CENTER,0.0,0.9877636986668381,0.018050724092731806,NORMAL,STABLE,NORMAL,NO_ACTION,False,0.0
2026-08-12T00:41:17.977043,0.5665829471654831,0.006341320878420146,0.028153153153153154,False,36,0.032164812088012695,False,0.0,0.29004701147920287,-18.152754837489226,2.8754598273700083,CENTER,0.0,0.987444594478738,0.016158588783004423,NORMAL,STABLE,NORMAL,NO_ACTION,False,0.0
2026-08-12T00:41:18.005263,0.5462498215622782,0.009379058482154916,0.0281214848143982,False,36,0.032164812088012695,False,0.0,-0.2946345396517245,-17.969140581210638,2.6761827972511014,CENTER,0.0,0.9865099612054183,0.015838499707151146,NORMAL,STABLE,NORMAL,NO_ACTION,False,0.0
2026-08-12T00:41:18.038660,0.5540839841279644,0.0035408076609757017,0.0281214848143982,False,36,0.032164812088012695,False,0.0,-0.3944458450764614,-19.01584907187663,2.769848241554911,CENTER,0.0,0.9870845389660493,0.01678076678348185,NORMAL,STABLE,NORMAL,NO_ACTION,False,0.0
2026-08-12T00:41:18.103387,0.5620106048349753,0.010941288242251317,0.028153153153153154,False,36,0.032164812088012695,False,0.0,-0.12948711205382324,-15.01876115681955,2.224437288901555,CENTER,0.0,0.9868220861196845,0.013113625073437819,NORMAL,STABLE,NORMAL,NO_ACTION,False,0.0
2026-08-12T00:41:18.134575,0.5754457369930486,0.005269479894994934,0.0281214848143982,False,36,0.032164812088012695,False,0.0,0.7348289340690712,-16.461529789237346,2.206413586532534,CENTER,0.0,0.9864624056927298,0.01472119023799148,NORMAL,STABLE,NORMAL,NO_ACTION,False,0.0
2026-08-12T00:41:18.167835,0.5595667913913474,0.0077347403236316765,0.028153153153153154,False,36,0.032164812088012695,False,0.0,0.42046859215329846,-17.56633473091867,2.592634183544561,CENTER,0.0,0.9863846155907064,0.015588303682261422,NORMAL,STABLE,NORMAL,NO_ACTION,False,0.0
2026-08-12T00:41:18.199048,0.5596845144806051,0.010151203966280001,0.028153153153153154,False,36,0.032164812088012695,False,0.0,0.019983482948191522,-17.951632963274363,2.580841010941981,CENTER,0.0,0.9861552506644375,0.015469565912036836,NORMAL,STABLE,NORMAL,NO_ACTION,False,0.0
2026-08-12T00:41:18.234984,0.5457598607839709,0.006475665027131831,0.028153153153153154,False,36,0.032164812088012695,False,0.0,-0.299003170713803,-17.111140739668087,2.4549652359214633,CENTER,0.0,0.9854690982938957,0.01501001566652017,NORMAL,STABLE,NORMAL,NO_ACTION,False,0.0
2026-08-12T00:41:18.273647,0.5603650212139988,0.004423246620469107,0.028153153153153154,False,36,0.032164812088012695,False,0.0,-0.21742283704341503,-18.13811293767685,2.818124936230447,CENTER,0.0,0.9862018282750343,0.01602286831073404,NORMAL,STABLE,NORMAL,NO_ACTION,False,0.0
2026-08-12T00:41:18.316875,0.5860409512179167,0.007890845180460014,0.028153153153153154,False,36,0.032164812088012695,False,0.0,0.6894944239945744,-16.43278473606327,2.0264390518362063,CENTER,0.0,0.9864681525420096,0.014483465656475335,NORMAL,STABLE,NORMAL,NO_ACTION,False,0.0
2026-08-12T00:41:18.353411,0.5545476886908953,0.00520861226794572,0.02818489289740699,False,36,0.032164812088012695,False,0.0,0.06116570132141419,-17.606444356414045,2.2352039395927363,CENTER,0.0,0.9862375417952675,0.014927084281994142,NORMAL,STABLE,NORMAL,NO_ACTION,False,0.0
2026-08-12T00:41:18.384506,0.554021222598824,0.005990706811415727,0.02818489289740699,False,36,0.032164812088012695,False,0.0,0.29551145042771054,-15.447943073219108,1.8620607511675473,CENTER,0.0,0.9862139113940328,0.013234509895157382,NORMAL,STABLE,NORMAL,NO_ACTION,False,0.0
2026-08-12T00:41:18.420252,0.5339904998007006,0.004292217195204174,0.02818489289740699,False,36,0.032164812088012695,False,0.0,0.4109687397778714,-17.39379993161839,2.0967042383139187,CENTER,0.0,0.98574477291238,0.014976985040627597,NORMAL,STABLE,NORMAL,NO_ACTION,False,0.0
2026-08-12T00:41:18.453713,0.5260092857435552,0.01813564402446931,0.02705749718151071,False,36,0.032164812088012695,False,0.0,0.5730309236497817,-17.03059611628396,1.9621295675378292,CENTER,0.0,0.9860437028463649,0.014741140631052413,NORMAL,STABLE,NORMAL,NO_ACTION,False,0.0
2026-08-12T00:41:18.486681,0.5310707365180318,0.02238385062377002,0.02702702702702703,False,36,0.032164812088012695,False,0.0,0.7763116782104476,-17.240602105028245,1.821777554917304,CENTER,0.0,0.9859769777734911,0.014953409670717496,NORMAL,STABLE,NORMAL,NO_ACTION,False,0.0
2026-08-12T00:41:18.520972,0.5393296242132215,0.01801422579506036,0.02702702702702703,False,36,0.032164812088012695,False,0.0,0.32421781996106347,-15.693916181814416,1.8890397989185317,CENTER,0.0,0.9863589891975308,0.013465780134675946,NORMAL,STABLE,NORMAL,NO_ACTION,False,0.0
2026-08-12T00:41:18.564796,0.5517705047611966,0.005601286613316316,0.02702702702702703,False,36,0.032164812088012695,False,0.0,0.3416006428480216,-15.675541802139406,1.6820942269451677,CENTER,0.0,0.9863884736153979,0.013269967842827458,NORMAL,STABLE,NORMAL,NO_ACTION,False,0.0
2026-08-12T00:41:18.601557,0.5439154462134139,0.007389055467025415,0.02705749718151071,False,36,0.032164812088012695,False,0.0,-0.034087183858986236,-17.54561470717607,1.895488581835508,CENTER,0.0,0.9859892216435185,0.014529942840666306,NORMAL,STABLE,NORMAL,NO_ACTION,False,0.0
2026-08-12T00:41:18.636415,0.5590101770207767,0.005030324884104665,0.02705749718151071,False,36,0.032164812088012695,False,0.0,-0.25673397859529246,-8.155550806620312,0.889321631164961,CENTER,0.0,0.9862095845121741,0.006993729132698618,NORMAL,STABLE,NORMAL,NO_ACTION,False,0.0
2026-08-12T00:41:18.670961,0.5639418559381337,0.004570083072954868,0.02705749718151071,False,36,0.032164812088012695,False,0.0,0.4765117128013685,-18.926944527223014,1.9075017711815292,CENTER,0.0,0.9866133107210219,0.015965176624607558,NORMAL,STABLE,NORMAL,NO_ACTION,False,0.0
2026-08-12T00:41:18.706415,0.5450175506455255,0.009738595214795713,0.02705749718151071,False,36,0.032164812088012695,False,0.0,-0.49081127154806836,-11.11736166764922,1.1840236319607413,CENTER,0.0,0.9873273801868999,0.0096420096300144,NORMAL,STABLE,NORMAL,NO_ACTION,False,0.0
2026-08-12T00:41:18.741579,0.5700959708629094,0.008282887181722891,0.02705749718151071,False,36,0.032164812088012695,False,0.0,0.501807164355796,-16.615083052140733,1.5206728575597879,CENTER,0.0,0.9875342265732167,0.013947355558761091,NORMAL,STABLE,NORMAL,NO_ACTION,False,0.0
2026-08-12T00:41:18.784664,0.5692610865146124,0.005630533014324049,0.02705749718151071,False,36,0.032164812088012695,False,0.0,0.510301946807175,-14.253529586380978,1.5400487312429902,CENTER,0.0,0.9877041939943416,0.012268627576434567,NORMAL,STABLE,NORMAL,NO_ACTION,False,0.0
2026-08-12T00:41:18.828870,0.5453244039250048,0.008519694175193082,0.02708803611738149,False,36,0.032164812088012695,False,0.0,0.14368682126996646,-2.298068470090925,0.16172396956153534,CENTER,0.0,0.9873982178069275,0.0019538153973478554,NORMAL,STABLE,NORMAL,NO_ACTION,False,0.0
2026-08-12T00:41:18.864094,0.5712904102938543,0.017109660329609748,0.02708803611738149,False,36,0.032164812088012695,False,0.0,0.38219646807147,-13.21323305216319,1.2422059166698602,CENTER,0.0,0.9861566438400206,0.01110712987112803,NORMAL,STABLE,NORMAL,NO_ACTION,False,0.0
2026-08-12T00:41:18.899144,0.5689210631954514,0.007965198741692946,0.02708803611738149,False,36,0.032164812088012695,False,0.0,-0.26691089245954913,-16.134844864154502,1.9619500009781632,CENTER,0.0,0.9868974381644376,0.01379925400297753,NORMAL,STABLE,NORMAL,NO_ACTION,False,0.0
2026-08-12T00:41:18.924815,0.5064691120726899,0.0077567209345849476,0.02708803611738149,False,36,0.032164812088012695,False,0.0,-0.21220184899530636,-18.130499815052843,2.1794689792476447,CENTER,0.0,0.9880495809756515,0.015397340293623971,NORMAL,STABLE,NORMAL,NO_ACTION,False,0.0
2026-08-12T00:41:18.954065,0.3730938938394628,0.003650593420954365,0.02708803611738149,False,36,0.032164812088012695,False,0.0,-1.236165263683489,-15.407303035735197,1.975666506149139,CENTER,0.0,0.9878255074374144,0.014220371674536469,NORMAL,STABLE,NORMAL,NO_ACTION,False,0.0
2026-08-12T00:41:18.989456,0.3136843680521907,0.017503888720543162,0.02705749718151071,False,36,0.032164812088012695,False,0.0,-0.5578075480697748,-16.278343851069764,2.2559887116513266,CENTER,0.0,0.9880086162551441,0.014466163253652187,NORMAL,STABLE,NORMAL,NO_ACTION,False,0.0
2026-08-12T00:41:19.016378,0.39125940075278126,0.007318663987060153,0.02705749718151071,False,36,0.032164812088012695,False,0.0,-0.616100067399799,-16.07960286653693,1.9271714074900217,CENTER,0.0,0.9881493939686214,0.014062122749800201,NORMAL,STABLE,NORMAL,NO_ACTION,False,0.0
2026-08-12T00:41:19.046615,0.3769698881173621,0.0030818826407289237,0.02705749718151071,False,36,0.032164812088012695,False,0.0,-0.5622189953142254,-16.93212368228535,2.3440259388417815,CENTER,0.0,0.9875780982081619,0.015027362225652612,NORMAL,STABLE,NORMAL,NO_ACTION,False,0.0
2026-08-12T00:41:19.072854,0.32824284781490487,0.004911385846679646,0.02705749718151071,False,36,0.032164812088012695,False,0.0,-0.15497239375494587,-17.06291507374351,2.0236401302324225,UP,0.0,0.9869536340449245,0.04042113961339519,NORMAL,STABLE,NORMAL,NO_ACTION,False,0.0
2026-08-12T00:41:19.097565,0.18969859335570652,0.0073987249139528055,0.02818489289740699,True,36,0.032164812088012695,False,0.0,-1.1873227432716078,-9.647395059914743,0.49143264550403387,UP,0.024711132049560547,0.987792580268347,0.18165268455448405,NORMAL,STABLE,NORMAL,NO_ACTION,False,0.0
2026-08-12T00:41:19.126440,0.20759865286844442,0.008895149752104502,0.02927927927927928,True,36,0.032164812088012695,False,0.028875112533569336,-0.8261311576392814,-12.302530244909377,0.7843787233695991,UP,0.05358624458312988,0.9882210219478738,0.15963781827473944,NORMAL,STABLE,NORMAL,NO_ACTION,False,0.028875112533569336
2026-08-12T00:41:19.158570,0.4143533774558654,0.044095415231855006,0.02927927927927928,False,37,0.0610051155090332,False,0.0,0.025010646215406496,-17.69693392850118,1.8906988446598234,UP,0.08571624755859375,0.9881218787508573,0.040625876235871446,NORMAL,STABLE,NORMAL,NO_ACTION,False,0.0
2026-08-12T00:41:19.186425,0.4842232729953193,0.00787540849035689,0.02927927927927928,False,37,0.0610051155090332,False,0.0,0.22061754610936646,-12.5922400977866,1.3132464384995615,UP,0.1135714054107666,0.9884043451003086,0.036571449833580405,NORMAL,STABLE,NORMAL,NO_ACTION,False,0.0
2026-08-12T00:41:19.232113,0.520739208122232,0.007562865122923076,0.029312288613303268,False,37,0.0610051155090332,False,0.0,0.15502538699678325,-13.568264899661358,1.5568115547216053,UP,0.15925931930541992,0.9875395045653292,0.0374477380010398,NORMAL,STABLE,NORMAL,NO_ACTION,False,0.0
2026-08-12T00:41:19.264709,0.537593639880565,0.004961371417539965,0.029312288613303268,False,37,0.0610051155090332,False,0.0,-0.5245630293689771,-14.377911854384934,1.6697333472216656,UP,0.19185471534729004,0.9865475769461591,0.03849707359080974,NORMAL,STABLE,NORMAL,NO_ACTION,False,0.0
2026-08-12T00:41:19.296198,0.5314541962168231,0.011753088150434063,0.029312288613303268,False,37,0.0610051155090332,False,0.0,-0.3508898148505466,-13.019907937177095,1.1681851266292256,CENTER,0.0,0.9867432377400549,0.010866079750126942,NORMAL,STABLE,NORMAL,NO_ACTION,False,0.0
2026-08-12T00:41:19.337314,0.5390779698546533,0.0057248032757376945,0.029312288613303268,False,37,0.0610051155090332,False,0.0,0.02975430852785621,-16.077035125341013,1.634458395753967,CENTER,0.0,0.9877474762088478,0.013213767231684343,NORMAL,STABLE,NORMAL,NO_ACTION,False,0.0
2026-08-12T00:41:19.367243,0.5569297061173487,0.0069042237132039466,0.029312288613303268,False,37,0.0610051155090332,False,0.0,0.15786921044815472,-18.67022362578828,1.8459205591386763,CENTER,0.0,0.9879114824459876,0.015413625730078857,NORMAL,STABLE,NORMAL,NO_ACTION,False,0.0
2026-08-12T00:41:19.403786,0.5470248182820155,0.008546954666704668,0.029312288613303268,False,37,0.0610051155090332,False,0.0,0.05853699350126362,-11.89674730005001,0.9656610742094642,CENTER,0.0,0.9878628686556927,0.009578360078202005,NORMAL,STABLE,NORMAL,NO_ACTION,False,0.0
2026-08-12T00:41:19.431441,0.5362182574694736,0.0065264229916366144,0.029312288613303268,False,37,0.0610051155090332,False,0.0,0.31395799970206895,-10.043347161735909,1.0174778834326332,CENTER,0.0,0.9877206307870371,0.00853565194871676,NORMAL,STABLE,NORMAL,NO_ACTION,False,0.0
2026-08-12T00:41:19.456484,0.5366356974175152,0.00980271071973011,0.029312288613303268,False,37,0.0610051155090332,False,0.0,0.46258863689493523,-13.546568891719346,1.1802334219239299,CENTER,0.0,0.9871967029963992,0.011365609885845103,NORMAL,STABLE,NORMAL,NO_ACTION,False,0.0
2026-08-12T00:41:19.482844,0.5372804030600777,0.006738795830304684,0.029312288613303268,False,37,0.0610051155090332,False,0.0,-0.5983305699374739,-14.416928350095162,1.3573221178275219,CENTER,0.0,0.9872870048868313,0.012295447137360945,NORMAL,STABLE,NORMAL,NO_ACTION,False,0.0
2026-08-12T00:41:19.519865,0.5301871080757048,0.006716438632221385,0.02927927927927928,False,37,0.0610051155090332,False,0.0,-0.0684872547692521,-11.177489437258657,0.9591892079374134,CENTER,0.0,0.9877652525934499,0.009062245631737671,NORMAL,STABLE,NORMAL,NO_ACTION,False,0.0
2026-08-12T00:41:19.546890,0.5551266019343982,0.007119101093860557,0.02927927927927928,False,37,0.0610051155090332,False,0.0,-0.9135183509373519,2.022308839844669,-0.5946973293642372,CENTER,0.0,0.9881504790380659,0.00291291222462268,NORMAL,STABLE,NORMAL,NO_ACTION,False,0.0
2026-08-12T00:41:19.574241,0.5489926955132849,0.026355152904133757,0.02927927927927928,False,37,0.0610051155090332,False,0.0,0.07903541535091563,-15.55879680764815,1.4047182546384818,CENTER,0.0,0.987887249228395,0.012665708635883824,NORMAL,STABLE,NORMAL,NO_ACTION,False,0.0
2026-08-12T00:41:19.598996,0.5579965790894299,0.0451766510275532,0.02927927927927928,False,37,0.0610051155090332,False,0.0,-0.11939649024532173,-9.27772620617867,1.0053682454445436,CENTER,0.0,0.987325196652092,0.007783686820311875,NORMAL,STABLE,NORMAL,NO_ACTION,False,0.0
2026-08-12T00:41:19.624639,0.5598460624270934,0.007858611130119235,0.02927927927927928,False,37,0.0610051155090332,False,0.0,0.3901388226238396,-13.39946358277794,1.3283430958264262,CENTER,0.0,0.9866487295310357,0.011332224805328769,NORMAL,STABLE,NORMAL,NO_ACTION,False,0.0
2026-08-12T00:41:19.723502,0.5442813435381189,0.00453253978978528,0.029345372460496615,False,37,0.0610051155090332,False,0.0,0.46099401052416056,-16.301923425454106,1.6990958820765343,CENTER,0.0,0.9866152531292867,0.01385369792607308,NORMAL,STABLE,NORMAL,NO_ACTION,False,0.0
2026-08-12T00:41:19.764213,0.545818805328738,0.006514022253344724,0.029345372460496615,False,37,0.0610051155090332,False,0.0,0.07238606533718439,-15.334381230508427,1.412448432596733,CENTER,0.0,0.9862561889146091,0.0125046715163406,NORMAL,STABLE,NORMAL,NO_ACTION,False,0.0
2026-08-12T00:41:19.791834,0.5530093128093342,0.010269335547623003,0.029345372460496615,False,37,0.0610051155090332,False,0.0,0.1189743430835506,-16.7278586808971,1.7511479292807337,CENTER,0.0,0.9865573827589164,0.013882089754035735,NORMAL,STABLE,NORMAL,NO_ACTION,False,0.0
2026-08-12T00:41:19.822031,0.5529911217284984,0.00766132701236313,0.029312288613303268,False,37,0.0610051155090332,False,0.0,0.03129478566077637,-16.139752129761007,1.6110024184901022,CENTER,0.0,0.9871136616941014,0.013237959031046761,NORMAL,STABLE,NORMAL,NO_ACTION,False,0.0
2026-08-12T00:41:19.863819,0.5581167600900732,0.006678908645414216,0.029345372460496615,False,37,0.0610051155090332,False,0.0,0.1800986699224154,-13.696633668804168,1.1167843505675137,CENTER,0.0,0.987514561364026,0.011140863521274793,NORMAL,STABLE,NORMAL,NO_ACTION,False,0.0
2026-08-12T00:41:19.898669,0.5599297927672473,0.00866141216120833,0.029345372460496615,False,37,0.0610051155090332,False,0.0,-0.014812361700364818,-18.70379707309928,1.6077027172609064,CENTER,0.0,0.9874095507544582,0.015070719814015893,NORMAL,STABLE,NORMAL,NO_ACTION,False,0.0
2026-08-12T00:41:19.927815,0.5441728700484777,0.005615135149456613,0.029345372460496615,False,37,0.0610051155090332,False,0.0,-0.27160561111153925,-13.621421836670436,1.548721969718713,CENTER,0.0,0.9877388626328875,0.01159060158950593,NORMAL,STABLE,NORMAL,NO_ACTION,False,0.0
2026-08-12T00:41:19.961120,0.5561417126419732,0.007648725321326715,0.029345372460496615,False,37,0.0610051155090332,False,0.0,0.43448272374118346,-8.190498297119348,0.749174466215436,CENTER,0.0,0.987075496720679,0.007055177916025904,NORMAL,STABLE,NORMAL,NO_ACTION,False,0.0
2026-08-12T00:41:19.997118,0.5432147682786547,0.028145441419142624,0.029345372460496615,False,37,0.0610051155090332,False,0.0,0.47393854271541613,-12.935840332979865,1.0586294695791025,CENTER,0.0,0.9865201153120713,0.010818357585657959,NORMAL,STABLE,NORMAL,NO_ACTION,False,0.0
2026-08-12T00:41:20.036925,0.5583056585556178,0.007240323228110459,0.029345372460496615,False,37,0.0610051155090332,False,0.0,0.38403672243833853,-15.17037443755325,1.2267783455102403,CENTER,0.0,0.9864750782321673,0.012507536788850051,NORMAL,STABLE,NORMAL,NO_ACTION,False,0.0
2026-08-12T00:41:20.064254,0.551437987817495,0.004022819007993338,0.029345372460496615,False,37,0.0610051155090332,False,0.0,0.14566703508853607,-14.918846756018354,1.1670885491921013,CENTER,0.0,0.9863510856052813,0.012038857664209425,NORMAL,STABLE,NORMAL,NO_ACTION,False,0.0
2026-08-12T00:41:20.091704,0.5335269971558145,0.007223046973578805,0.029345372460496615,False,37,0.0610051155090332,False,0.0,-0.1537479090117131,-10.82548219723546,0.8277794911112721,CENTER,0.0,0.9859247336891289,0.008763578342566263,NORMAL,STABLE,NORMAL,NO_ACTION,False,0.0
2026-08-12T00:41:20.120379,0.527314911242531,0.02420720244273406,0.029345372460496615,False,37,0.0610051155090332,False,0.0,-0.11273457111192897,-16.1823502676757,1.4175483444204247,CENTER,0.0,0.9865647103266462,0.013160858741611756,NORMAL,STABLE,NORMAL,NO_ACTION,False,0.0
2026-08-12T00:41:20.152778,0.5317103939811993,0.006988357841750149,0.029345372460496615,False,37,0.0610051155090332,False,0.0,0.1837374671915768,-15.71420054631821,1.4489142532860058,CENTER,0.0,0.98715360832476,0.012921327977245267,NORMAL,STABLE,NORMAL,NO_ACTION,False,0.0
2026-08-12T00:41:20.187246,0.5416295003793663,0.007424114008898361,0.029345372460496615,False,37,0.0610051155090332,False,0.0,-0.0920399389076465,-8.035529977083456,0.6176419053578286,CENTER,0.0,0.98662367916238,0.006486835648297398,NORMAL,STABLE,NORMAL,NO_ACTION,False,0.0
2026-08-12T00:41:20.216678,0.5321317912016567,0.04974837277699995,0.029345372460496615,False,37,0.0610051155090332,False,0.0,-0.06694563524175123,-13.359092869962126,1.1662889910807905,CENTER,0.0,0.986884953167867,0.010835793009209168,NORMAL,STABLE,NORMAL,NO_ACTION,False,0.0
2026-08-12T00:41:20.256884,0.5390004158615809,0.010898601083004668,0.029345372460496615,False,37,0.0610051155090332,False,0.0,0.24102268393764348,-14.062908086085486,1.2059234699157741,CENTER,0.0,0.9867975046081962,0.011549900284402068,NORMAL,STABLE,NORMAL,NO_ACTION,False,0.0
2026-08-12T00:41:20.284504,0.47043066432312086,0.007955366256707385,0.029345372460496615,False,37,0.0610051155090332,False,0.0,-0.7751682961230415,-11.844152819836182,1.101241104349981,CENTER,0.0,0.9862874014060357,0.010361023125892746,NORMAL,STABLE,NORMAL,NO_ACTION,False,0.0
2026-08-12T00:41:20.317509,0.4763405692054328,0.006580426075514776,0.029345372460496615,False,37,0.0610051155090332,False,0.0,-0.8858930940156426,-15.93735391612094,1.5515722064859006,CENTER,0.0,0.985882710691015,0.013857499969533275,NORMAL,STABLE,NORMAL,NO_ACTION,False,0.0
2026-08-12T00:41:20.345469,0.47500280602174216,0.006836335757081728,0.029345372460496615,False,37,0.0610051155090332,False,0.0,-0.48862418255077955,-12.889430801207965,1.4826730849261764,CENTER,0.0,0.9868378397205075,0.011207319613998377,NORMAL,STABLE,NORMAL,NO_ACTION,False,0.0
2026-08-12T00:41:20.375290,0.47789903023975444,0.007695864608678596,0.029345372460496615,False,37,0.0610051155090332,False,0.0,-0.8479005995936575,-12.51832556633724,1.6629893790148458,CENTER,0.0,0.9870666152263373,0.011458906962496195,NORMAL,STABLE,NORMAL,NO_ACTION,False,0.0
2026-08-12T00:41:20.405286,0.48468395081325033,0.007235861515953292,0.029312288613303268,False,37,0.0610051155090332,False,0.0,-0.012746343044398145,-14.395541862567455,1.5143930287993896,CENTER,0.0,0.9861394434799381,0.011867358888444587,NORMAL,STABLE,NORMAL,NO_ACTION,False,0.0
2026-08-12T00:41:20.440570,0.47145500973791543,0.0043079789904800474,0.029345372460496615,False,37,0.0610051155090332,False,0.0,-0.9232721965829853,-14.179496590175063,1.5200325740482583,CENTER,0.0,0.9860134146733539,0.012593559538697265,NORMAL,STABLE,NORMAL,NO_ACTION,False,0.0
2026-08-12T00:41:20.462239,0.4740114107506339,0.010157996772203512,0.029312288613303268,False,37,0.0610051155090332,False,0.0,-0.6866830149966177,-14.166023650342737,1.366266567253973,CENTER,0.0,0.9859243050197188,0.012207931493340695,NORMAL,STABLE,NORMAL,NO_ACTION,False,0.0
2026-08-12T00:41:20.490066,0.47787922163734997,0.004090740507258829,0.029312288613303268,False,37,0.0610051155090332,False,0.0,-0.3529226816050368,-16.899042352006916,1.6218408313502266,CENTER,0.0,0.9862415739669067,0.014106488044480435,NORMAL,STABLE,NORMAL,NO_ACTION,False,0.0
2026-08-12T00:41:20.523715,0.4697440678437024,0.00547640516692413,0.029312288613303268,False,37,0.0610051155090332,False,0.0,-0.703978023088041,-15.982782610799745,1.510011350690604,CENTER,0.0,0.9868575451174554,0.013675110541808881,NORMAL,STABLE,NORMAL,NO_ACTION,False,0.0
2026-08-12T00:41:20.555124,0.46673443126237635,0.004701282006549798,0.029312288613303268,False,37,0.0610051155090332,False,0.0,-0.3816567942185145,-12.361898714723992,1.0166089036484607,CENTER,0.0,0.9859478952331961,0.010274516040061452,NORMAL,STABLE,NORMAL,NO_ACTION,False,0.0
2026-08-12T00:41:20.585998,0.4641622257116893,0.002543030157224538,0.029312288613303268,False,37,0.0610051155090332,False,0.0,-0.5009599182747593,-12.909924336488416,1.023155478330807,CENTER,0.0,0.9859167631172839,0.01079150092123218,NORMAL,STABLE,NORMAL,NO_ACTION,False,0.0
2026-08-12T00:41:20.618968,0.4654023257895493,0.008574930349264985,0.029312288613303268,False,37,0.0610051155090332,False,0.0,-0.5887249510328729,-11.587512025170042,0.6757760536493151,CENTER,0.0,0.9845668965406377,0.009586426318983435,NORMAL,STABLE,NORMAL,NO_ACTION,False,0.0
2026-08-12T00:41:20.645557,0.4644996896832938,0.004775844917171793,0.02927927927927928,False,37,0.0610051155090332,False,0.0,0.03440962336222242,-15.572837624764105,1.0841960456357924,CENTER,0.0,0.9846231594007202,0.012324225225068463,NORMAL,STABLE,NORMAL,NO_ACTION,False,0.0
2026-08-12T00:41:20.674284,0.47443458477204403,0.0030874590513928772,0.02927927927927928,False,37,0.0610051155090332,False,0.0,0.7348423785970795,-15.324270855497133,0.8797405272174217,CENTER,0.0,0.9859492348251029,0.012622312490124856,NORMAL,STABLE,NORMAL,NO_ACTION,False,0.0
2026-08-12T00:41:20.702165,0.4446637080398743,0.005162629141557216,0.02927927927927928,False,37,0.0610051155090332,False,0.0,-0.28835288020567873,-15.257177336061744,0.7319811400560639,CENTER,0.0,0.9859493553883745,0.012001616391852196,NORMAL,STABLE,NORMAL,NO_ACTION,False,0.0
2026-08-12T00:41:20.730608,0.4561826785757589,0.007151683865697457,0.02927927927927928,False,37,0.0610051155090332,False,0.0,-0.1855579684333577,-15.392727743063745,0.6673212931054024,CENTER,0.0,0.9867483549811386,0.011938261177398176,NORMAL,STABLE,NORMAL,NO_ACTION,False,0.0
2026-08-12T00:41:20.767988,0.4596249074879054,0.005292315191781825,0.02927927927927928,False,37,0.0610051155090332,False,0.0,0.37780741018619324,-15.147340241420437,0.4871079657754649,CENTER,0.0,0.986225498864026,0.011772627203063026,NORMAL,STABLE,NORMAL,NO_ACTION,False,0.0
2026-08-12T00:41:20.798530,0.43551346290271775,0.0031924387052579936,0.02927927927927928,False,37,0.0610051155090332,False,0.0,-0.12909199457561726,-15.925938648623799,0.49864385935427435,CENTER,0.0,0.9849130202974966,0.01210655317964227,NORMAL,STABLE,NORMAL,NO_ACTION,False,0.0
2026-08-12T00:41:20.831638,0.4618500651338382,0.007844147179464,0.02927927927927928,False,37,0.0610051155090332,False,0.0,-0.10966011115237961,-10.838726649375474,0.05731807277308576,CENTER,0.0,0.9837590690372083,0.007988763053514217,NORMAL,STABLE,NORMAL,NO_ACTION,False,0.0
2026-08-12T00:41:20.860675,0.4477675294290009,0.008677494770792177,0.02927927927927928,False,37,0.0610051155090332,False,0.0,0.1980437217213762,-13.801631866750483,0.1265192680129985,CENTER,0.0,0.984439166452332,0.010280387375360302,NORMAL,STABLE,NORMAL,NO_ACTION,False,0.0
2026-08-12T00:41:20.903546,0.4854035304189266,0.004330368479832507,0.02924634420697413,False,37,0.0610051155090332,False,0.0,0.39862836122156864,-10.954831516103866,-0.57797982557355,CENTER,0.0,0.9846605474108368,0.008852260274840684,NORMAL,STABLE,NORMAL,NO_ACTION,False,0.0
2026-08-12T00:41:20.934421,0.4637084120541273,0.005041285117153667,0.02924634420697413,False,37,0.0610051155090332,False,0.0,0.6162552311754723,-12.315522251610702,-0.49232911860008244,CENTER,0.0,0.9849773876886145,0.009962069518539745,NORMAL,STABLE,NORMAL,NO_ACTION,False,0.0
2026-08-12T00:41:20.966859,0.43612442961873166,0.00851760364796949,0.02924634420697413,False,37,0.0610051155090332,False,0.0,-0.39753364107531297,-2.8818523017241944,-2.1412229293706844,CENTER,0.0,0.9852410729595336,0.004526066322785842,NORMAL,STABLE,NORMAL,NO_ACTION,False,0.0
2026-08-12T00:41:20.999530,0.4437405839878219,0.009288222799284169,0.028153153153153154,False,37,0.0610051155090332,False,0.0,-0.5836851817492743,-1.7248509996764483,-3.6516722836119015,CENTER,0.0,0.9843141289437586,0.005324218096040049,NORMAL,STABLE,NORMAL,NO_ACTION,False,0.0
2026-08-12T00:41:21.031088,0.42602390157900344,0.005083232015440728,0.02702702702702703,False,37,0.0610051155090332,False,0.0,-1.146356050595017,-0.1842973406789099,-4.496332722982544,CENTER,0.0,0.9838233560528121,0.005566803935416864,NORMAL,STABLE,NORMAL,NO_ACTION,False,0.0
2026-08-12T00:41:21.064266,0.4145817768317582,0.006505054774168923,0.02480270574971815,False,37,0.0610051155090332,False,0.0,-1.0956992902872287,0.29846618237445455,-5.250190513337685,CENTER,0.0,0.983455035258059,0.006326415757427765,NORMAL,STABLE,NORMAL,NO_ACTION,False,0.0
2026-08-12T00:41:21.082480,0.4217475742328869,0.006262985336056122,0.024774774774774775,False,37,0.0610051155090332,False,0.0,-0.5968779048692738,1.1000363585020523,-5.436193579501406,CENTER,0.0,0.9835881505058299,0.006604095095719544,NORMAL,STABLE,NORMAL,NO_ACTION,False,0.0
2026-08-12T00:41:21.104106,0.4058454032291387,0.004532286061788296,0.024746906636670417,False,37,0.0610051155090332,False,0.0,-0.9427808090894416,4.436079934402784,-7.024715308169277,CENTER,0.0,0.9835097040037724,0.010876239176651146,NORMAL,STABLE,NORMAL,NO_ACTION,False,0.0
2026-08-12T00:41:21.130512,0.3362061921399714,0.01175584909704925,0.023622047244094488,False,37,0.0610051155090332,False,0.0,-1.4502022706675461,6.4172405619338235,-7.379707193062671,CENTER,0.0,0.9838672678755144,0.013137549519062788,NORMAL,STABLE,NORMAL,NO_ACTION,False,0.0
2026-08-12T00:41:21.158839,0.3088170642756917,0.0014856708232381332,0.023622047244094488,False,37,0.0610051155090332,False,0.0,-1.3469869467330398,8.203213315168483,-8.648032050378049,CENTER,0.0,0.9849913864240397,0.015549376058173104,NORMAL,STABLE,NORMAL,NO_ACTION,False,0.0
2026-08-12T00:41:21.207587,0.29791632524188905,0.019759010819493328,0.023622047244094488,False,37,0.0610051155090332,False,0.0,-0.37957448089142076,10.59442721682106,-9.435570072032306,CENTER,0.0,0.9856385030864198,0.019881384459111907,NORMAL,STABLE,NORMAL,NO_ACTION,False,0.0
2026-08-12T00:41:21.238686,0.3151752067600756,0.008068359165660118,0.02249718785151856,False,37,0.0610051155090332,False,0.0,-0.7846371532528167,10.00817680632926,-9.289135225959058,CENTER,0.0,0.9853138797796639,0.016928797391960345,NORMAL,STABLE,NORMAL,NO_ACTION,False,0.0
2026-08-12T00:41:21.302800,0.3381122998274783,0.005392623645875515,0.02249718785151856,False,37,0.0610051155090332,False,0.0,-0.80176556063779,15.072407171989937,-10.582421166027757,CENTER,0.0,0.9862473743998628,0.021848177583226224,NORMAL,STABLE,NORMAL,NO_ACTION,False,0.0
2026-08-12T00:41:21.334709,0.30541026263619464,0.006761961078679331,0.02249718785151856,False,37,0.0610051155090332,False,0.0,-0.8231121421805483,15.250831132259009,-11.175879555837554,CENTER,0.0,0.9854715631430041,0.02256907374916746,NORMAL,STABLE,NORMAL,NO_ACTION,False,0.0
2026-08-12T00:41:21.366787,0.28541465773673746,0.050480660225581155,0.02249718785151856,False,37,0.0610051155090332,False,0.0,-0.14046359255067387,13.468298395814315,-10.828262851527654,CENTER,0.0,0.9861965636788409,0.03973670473118024,NORMAL,STABLE,NORMAL,NO_ACTION,False,0.0
2026-08-12T00:41:21.398160,0.28353587619256637,0.03118138545849203,0.02249718785151856,False,37,0.0610051155090332,False,0.0,-0.04028208574956693,15.32731900471876,-11.06477858464379,CENTER,0.0,0.987121926976166,0.04371565759592049,NORMAL,STABLE,NORMAL,NO_ACTION,False,0.0
2026-08-12T00:41:21.430799,0.2781293441512064,0.004197202127470043,0.02249718785151856,False,37,0.0610051155090332,False,0.0,-0.24153982685498931,14.561222645015505,-11.26808808959322,CENTER,0.0,0.9877958086848422,0.050760658443037995,NORMAL,STABLE,NORMAL,NO_ACTION,False,0.0
2026-08-12T00:41:21.463904,0.2846048125828605,0.0077758202243396485,0.02252252252252252,False,37,0.0610051155090332,False,0.0,0.2502008428606928,14.07456634972246,-11.401295444638436,UP,0.0,0.9880187435699589,0.06791184053005875,NORMAL,STABLE,NORMAL,NO_ACTION,False,0.0
2026-08-12T00:41:21.495164,0.3039158011383625,0.009328121207143703,0.02249718785151856,False,37,0.0610051155090332,False,0.0,0.028779191951969096,15.256953831166697,-11.92739707416527,UP,0.031260013580322266,0.9889402220507544,0.048532266023214775,NORMAL,STABLE,NORMAL,NO_ACTION,False,0.0
2026-08-12T00:41:21.527728,0.22569140658704287,0.021282690299889728,0.02249718785151856,False,37,0.0610051155090332,False,0.0,0.6419946826598562,14.868428889486864,-12.092356561017368,UP,0.06382417678833008,0.9884822959533608,0.1480791429091503,NORMAL,STABLE,NORMAL,NO_ACTION,False,0.0
2026-08-12T00:41:21.559836,0.2476006661944374,0.004465378768949153,0.02249718785151856,False,37,0.0610051155090332,False,0.0,-0.06797541656271733,15.49276849406374,-12.015254059982453,UP,0.0959322452545166,0.9874672603737997,0.11869070255646927,NORMAL,STABLE,NORMAL,NO_ACTION,False,0.0
2026-08-12T00:41:21.590641,0.2707442468285255,0.005740101920219058,0.02249718785151856,False,37,0.0610051155090332,False,0.0,0.1514098522739289,15.631723321811876,-12.33109632098197,UP,0.1267375946044922,0.9870759253900891,0.08831743997974321,NORMAL,STABLE,NORMAL,NO_ACTION,False,0.0
2026-08-12T00:41:21.609679,0.25416177198085393,0.008029856452236576,0.02249718785151856,False,37,0.0610051155090332,False,0.0,1.119800925197751,15.647389172273648,-12.183108260626142,UP,0.14577531814575195,0.9871711971664953,0.11122873838444503,NORMAL,STABLE,NORMAL,NO_ACTION,False,0.0
2026-08-12T00:41:21.635252,0.2771371092464793,0.006492530526029118,0.02249718785151856,False,37,0.0610051155090332,False,0.0,0.8228215581819711,16.129996407908294,-12.471514793817192,UP,0.17134833335876465,0.9871636552640604,0.08093524971233096,NORMAL,STABLE,NORMAL,NO_ACTION,False,0.0
2026-08-12T00:41:21.687628,0.2643658320010456,0.015709467607661877,0.02249718785151856,False,37,0.0610051155090332,False,0.0,0.8131724231209319,16.115602648161314,-11.568342722940969,UP,0.223724365234375,0.9881900639789094,0.09707421086663386,NORMAL,STABLE,NORMAL,NO_ACTION,False,0.0
2026-08-12T00:41:21.735505,0.23411872124498648,0.01081217838767491,0.02249718785151856,False,37,0.0610051155090332,False,0.0,0.3424706657552008,13.48801029606949,-11.048260067915265,UP,0.27160120010375977,0.9881852146562071,0.1345518975936768,NORMAL,STABLE,NORMAL,NO_ACTION,False,0.0
2026-08-12T00:41:21.767070,0.2761983568681832,0.01777100006094621,0.02252252252252252,False,37,0.0610051155090332,False,0.0,-0.016376368309721556,14.952421046325043,-11.146080445228193,UP,0.30316638946533203,0.9873473802940672,0.07928352741854547,NORMAL,STABLE,NORMAL,NO_ACTION,False,0.0
2026-08-12T00:41:21.798625,0.25552149769298416,0.014645197434522545,0.02249718785151856,False,37,0.0610051155090332,False,0.0,0.5756134164544164,13.249636071535178,-10.475418035170918,UP,0.33472156524658203,0.9858534540037722,0.10551558534036165,NORMAL,STABLE,NORMAL,NO_ACTION,False,0.0
2026-08-12T00:41:21.831387,0.34461545310190717,0.02945135032626768,0.02249718785151856,False,37,0.0610051155090332,False,0.0,0.582931863341372,14.162952124759414,-10.181496840696383,UP,0.36748290061950684,0.9855842094264403,0.04659454491621445,NORMAL,STABLE,NORMAL,NO_ACTION,False,0.0
2026-08-12T00:41:21.863296,0.3866346045061154,0.0034536064217255374,0.02249718785151856,False,37,0.0610051155090332,False,0.0,0.37540739598441064,16.066201079979237,-10.545798845563212,UP,0.39939236640930176,0.9860672796639232,0.04812008456814198,NORMAL,RISING,NORMAL,NO_ACTION,False,0.0
2026-08-12T00:41:21.895416,0.4061762706238716,0.059177534768716934,0.02249718785151856,False,37,0.0610051155090332,False,0.0,0.7218245449429617,14.657139494233945,-9.984907324889207,UP,0.43151187896728516,0.9866804242755487,0.04689589810197031,NORMAL,STABLE,NORMAL,NO_ACTION,False,0.0
2026-08-12T00:41:21.932721,0.4027080403341366,0.00467115511246749,0.021372328458942633,False,37,0.0610051155090332,False,0.0,0.10873906214021645,15.492487965391291,-9.814792816925689,UP,0.46881675720214844,0.9867158028978051,0.046745012747438655,NORMAL,STABLE,NORMAL,NO_ACTION,False,0.0
2026-08-12T00:41:21.976871,0.422575687910274,0.004347488879167043,0.019144144144144143,False,37,0.0610051155090332,False,0.0,1.0415018366772983,14.949026863241954,-9.561822095610239,CENTER,0.0,0.9867889446159123,0.021007127632322004,NORMAL,STABLE,NORMAL,NO_ACTION,False,0.0
2026-08-12T00:41:22.022808,0.4212046331337552,0.010131432782165287,0.016910935738444193,False,37,0.0610051155090332,False,0.0,1.3963121142593877,13.266362632430969,-8.806689007375184,CENTER,0.0,0.9868976926868999,0.019406374092403804,NORMAL,STABLE,NORMAL,NO_ACTION,False,0.0
2026-08-12T00:41:22.067364,0.40481785986447827,0.005893863562694553,0.015783540022547914,False,37,0.0610051155090332,False,0.0,1.0659162570735532,12.248198867035711,-8.76390060246942,CENTER,0.0,0.9855906260716736,0.018311670972419026,NORMAL,STABLE,NORMAL,NO_ACTION,False,0.0
2026-08-12T00:41:22.094219,0.4099200870008663,0.004836986697155928,0.015783540022547914,False,37,0.0610051155090332,False,0.0,0.39389281175570545,12.25480617902221,-9.063745937827662,CENTER,0.0,0.985570599172668,0.017958049184448172,NORMAL,STABLE,NORMAL,NO_ACTION,False,0.0
2026-08-12T00:41:22.129662,0.3818646921998492,0.0016946771946930264,0.015783540022547914,False,37,0.0610051155090332,False,0.0,0.5977800855607143,12.72605691627308,-8.889518925661122,CENTER,0.0,0.9857917390046296,0.018326958672558995,NORMAL,STABLE,NORMAL,NO_ACTION,False,0.0
2026-08-12T00:41:22.161995,0.43405220514178555,0.005356825524448849,0.015765765765765764,False,37,0.0610051155090332,False,0.0,0.7792821029545678,11.164283589739284,-8.71073468329655,CENTER,0.0,0.9861045872985253,0.017201628386757227,NORMAL,STABLE,NORMAL,NO_ACTION,False,0.0
2026-08-12T00:41:22.204861,0.40957011908622265,0.005735710273254946,0.015783540022547914,False,37,0.0610051155090332,False,0.0,0.6968126901354879,11.737126775652172,-8.314237129368962,CENTER,0.0,0.9867943163794581,0.017154121016012335,NORMAL,STABLE,NORMAL,NO_ACTION,False,0.0
2026-08-12T00:41:22.239460,0.43925808153496637,0.004882656366978397,0.015783540022547914,False,37,0.0610051155090332,False,0.0,0.22785408779054706,9.909319905168417,-8.509495561480293,CENTER,0.0,0.9867665332433128,0.015570475149326888,NORMAL,STABLE,NORMAL,NO_ACTION,False,0.0
2026-08-12T00:41:22.270010,0.4362253285838851,0.002780301237228645,0.015783540022547914,False,37,0.0610051155090332,False,0.0,0.2670362236694359,10.001000919780267,-8.459503275600042,CENTER,0.0,0.9855278126071674,0.01562627944136006,NORMAL,STABLE,NORMAL,NO_ACTION,False,0.0
2026-08-12T00:41:22.307693,0.4146926145060482,0.005032745339639875,0.015783540022547914,False,37,0.0610051155090332,False,0.0,1.0489316747722626,7.713801322889992,-8.219235183990406,CENTER,0.0,0.984663360553841,0.014495980152747563,NORMAL,STABLE,NORMAL,NO_ACTION,False,0.0
2026-08-12T00:41:22.337015,0.41950819320734906,0.008748627869571623,0.015783540022547914,False,37,0.0610051155090332,False,0.0,0.8897730570717783,10.183410323113264,-8.475074125242656,CENTER,0.0,0.9851219832390262,0.016372686223736443,NORMAL,STABLE,NORMAL,NO_ACTION,False,0.0
2026-08-12T00:41:22.367123,0.4181431011547614,0.0035729350905390274,0.015783540022547914,False,37,0.0610051155090332,False,0.0,1.1720850258211613,7.725695571885524,-7.987229490348454,CENTER,0.0,0.9860121554569616,0.014399749669339915,NORMAL,STABLE,NORMAL,NO_ACTION,False,0.0
2026-08-12T00:41:22.398706,0.40329007772368847,0.010570476612789892,0.015783540022547914,False,37,0.0610051155090332,False,0.0,0.6661310425328111,10.21510937006579,-8.35013346695419,CENTER,0.0,0.9858989733367627,0.01605990777640537,NORMAL,STABLE,NORMAL,NO_ACTION,False,0.0
2026-08-12T00:41:22.430186,0.43340027161499456,0.009272866445277415,0.015783540022547914,False,37,0.0610051155090332,False,0.0,0.6407102639423954,8.573542320710715,-8.11063221871757,CENTER,0.0,0.9865282868227023,0.014619221474185852,NORMAL,STABLE,NORMAL,NO_ACTION,False,0.0
2026-08-12T00:41:22.459915,0.43351091210803216,0.008935340957836418,0.015783540022547914,False,37,0.0610051155090332,False,0.0,0.6833657014497589,8.652017701128244,-8.336711793338196,CENTER,0.0,0.9866626210991083,0.014934680001351392,NORMAL,STABLE,NORMAL,NO_ACTION,False,0.0
2026-08-12T00:41:22.491347,0.4253136390996342,0.009747987399837578,0.015783540022547914,False,37,0.0610051155090332,False,0.0,1.687504614919618,7.7047488963767705,-8.112105379851045,CENTER,0.0,0.9852915621784979,0.01500120234605127,NORMAL,STABLE,NORMAL,NO_ACTION,False,0.0
2026-08-12T00:41:22.523293,0.4185427704137611,0.0057442097844933255,0.015783540022547914,False,37,0.0610051155090332,False,0.0,1.4359781089223986,11.688715649871114,-8.351605387837566,CENTER,0.0,0.9858669838820303,0.017866930595860957,NORMAL,STABLE,NORMAL,NO_ACTION,False,0.0
2026-08-12T00:41:22.564078,0.43603683640848323,0.009057034878596267,0.015783540022547914,False,37,0.0610051155090332,False,0.0,1.6274704912111133,10.716719122258468,-8.31267888118137,CENTER,0.0,0.9864906174982853,0.017311848391342397,NORMAL,STABLE,NORMAL,NO_ACTION,False,0.0
2026-08-12T00:41:22.597689,0.4337150877003446,0.006884952635000078,0.015783540022547914,False,37,0.0610051155090332,False,0.0,1.3873992750077377,9.192236453367457,-8.272383130682812,CENTER,0.0,0.9864721847136488,0.015940850125504433,NORMAL,STABLE,NORMAL,NO_ACTION,False,0.0
2026-08-12T00:41:22.631914,0.41667058729691053,0.007757728060897397,0.015783540022547914,False,37,0.0610051155090332,False,0.0,2.1873023269656073,10.457382919381217,-8.573542407501293,CENTER,0.0,0.9862160011574074,0.017914849260150856,NORMAL,STABLE,NORMAL,NO_ACTION,False,0.0
2026-08-12T00:41:22.661168,0.4371982662669964,0.0027813353989914443,0.015783540022547914,False,37,0.0610051155090332,False,0.0,2.165435658224993,8.426594476797959,-8.482200457595809,CENTER,0.0,0.9859483908822017,0.01633915301144078,NORMAL,STABLE,NORMAL,NO_ACTION,False,0.0
2026-08-12T00:41:22.697658,0.4448450017066976,0.003164002601639186,0.015783540022547914,False,37,0.0610051155090332,False,0.0,1.809377633880132,9.307766581383902,-8.616019590730588,CENTER,0.0,0.9851810592421124,0.01676154726580981,NORMAL,STABLE,NORMAL,NO_ACTION,False,0.0
2026-08-12T00:41:22.737867,0.4472532368618846,0.003079619571239449,0.015783540022547914,False,37,0.0610051155090332,False,0.0,1.1977721000575343,10.193944834455692,-8.825908975352206,CENTER,0.0,0.984863294645919,0.017014727119723676,NORMAL,STABLE,NORMAL,NO_ACTION,False,0.0
2026-08-12T00:41:22.772067,0.4453643679155991,0.039866291592520316,0.015783540022547914,False,37,0.0610051155090332,False,0.0,2.0315535850621416,8.698109012940307,-8.44636118152036,CENTER,0.0,0.9856413028335048,0.016371811469758555,NORMAL,STABLE,NORMAL,NO_ACTION,False,0.0
2026-08-12T00:41:22.810410,0.42648847677592927,0.003317034134839401,0.015783540022547914,False,37,0.0610051155090332,False,0.0,1.1684818723516628,10.841279070824186,-8.77783956278256,CENTER,0.0,0.9858101316015089,0.01740775182202079,NORMAL,STABLE,NORMAL,NO_ACTION,False,0.0
2026-08-12T00:41:22.852962,0.44678015063543547,0.0039000589903448583,0.015783540022547914,False,37,0.0610051155090332,False,0.0,1.7278357560374502,7.967645668415912,-8.042329924436899,CENTER,0.0,0.9854961848422497,0.015162718452831235,NORMAL,STABLE,NORMAL,NO_ACTION,False,0.0
2026-08-12T00:41:22.880671,0.46416738586066253,0.0038883222434499083,0.015783540022547914,False,37,0.0610051155090332,False,0.0,1.520889654892926,9.402321174599933,-8.380235811894977,CENTER,0.0,0.9856735602066186,0.016324982408932747,NORMAL,STABLE,NORMAL,NO_ACTION,False,0.0
2026-08-12T00:41:22.917941,0.4512493635428131,0.0036399612725010904,0.015783540022547914,False,37,0.0610051155090332,False,0.0,1.4669914460172038,8.204861980720324,-8.173608116954853,CENTER,0.0,0.9854549789951988,0.015209273972641475,NORMAL,STABLE,NORMAL,NO_ACTION,False,0.0
2026-08-12T00:41:22.952736,0.466865584750602,0.006374522723780439,0.01580135440180587,False,37,0.0610051155090332,False,0.0,1.7871669988172982,8.839361233898842,-7.842228434650764,CENTER,0.0,0.9853927549511317,0.015656734271525818,NORMAL,STABLE,NORMAL,NO_ACTION,False,0.0
2026-08-12T00:41:22.995347,0.4544682881797275,0.01437236643467802,0.01580135440180587,False,37,0.0610051155090332,False,0.0,2.2979508890104796,8.234575871440825,-7.852856884841941,CENTER,0.0,0.9855199492026749,0.01572204561530589,NORMAL,STABLE,NORMAL,NO_ACTION,False,0.0
2026-08-12T00:41:23.026634,0.45282008931984763,0.0048818265823486725,0.015783540022547914,False,37,0.0610051155090332,False,0.0,2.7215874472895507,7.932074861606367,-7.558685606220081,CENTER,0.0,0.9862067713691701,0.01562824293305832,NORMAL,STABLE,NORMAL,NO_ACTION,False,0.0
2026-08-12T00:41:23.065983,0.4482221010885101,0.01295815335600264,0.015783540022547914,False,37,0.0610051155090332,False,0.0,1.9804270724079345,9.744585058985734,-7.465859160834896,CENTER,0.0,0.9862068249528464,0.016134179656093903,NORMAL,STABLE,NORMAL,NO_ACTION,False,0.0
2026-08-12T00:41:23.100746,0.4740393716095309,0.006197567272737392,0.01580135440180587,False,37,0.0610051155090332,False,0.0,2.0414672953534136,10.168558848754685,-7.571123367353607,CENTER,0.0,0.9853571218064129,0.016600527954855518,NORMAL,STABLE,NORMAL,NO_ACTION,False,0.0
2026-08-12T00:41:23.145278,0.4743091759451945,0.008392108249527738,0.01580135440180587,False,37,0.0610051155090332,False,0.0,2.790695974556286,2.519849503648288,-6.469778256182991,CENTER,0.0,0.9853155676654664,0.010737385011865289,NORMAL,STABLE,NORMAL,NO_ACTION,False,0.0
2026-08-12T00:41:23.191981,0.4806415085237482,0.007483519836085905,0.015819209039548022,False,37,0.0610051155090332,False,0.0,3.06485149808168,4.840687605098765,-6.297458461672619,CENTER,0.0,0.9855991324802812,0.012511609898260657,NORMAL,STABLE,NORMAL,NO_ACTION,False,0.0
2026-08-12T00:41:23.249171,0.45997098568785644,0.0055225139446416615,0.015819209039548022,False,37,0.0610051155090332,False,0.0,2.5720456455256056,5.0472356892871915,-6.634969668732026,CENTER,0.0,0.985553854273834,0.01251124052265921,NORMAL,STABLE,NORMAL,NO_ACTION,False,0.0
2026-08-12T00:41:23.281597,0.46552666103015705,0.005966900772112458,0.015819209039548022,False,37,0.0610051155090332,False,0.0,1.6637470575446685,6.195461243054723,-6.39958920826308,CENTER,0.0,0.9847171853566531,0.012239193968539577,NORMAL,STABLE,NORMAL,NO_ACTION,False,0.0
2026-08-12T00:41:23.321064,0.48486921735989086,0.013433278516036757,0.01583710407239819,False,37,0.0610051155090332,False,0.0,2.4260041260348544,5.357836157074416,-6.327486352699623,CENTER,0.0,0.9849317879801097,0.012298835463335094,NORMAL,STABLE,NORMAL,NO_ACTION,False,0.0
2026-08-12T00:41:23.362332,0.46492240151176445,0.006534624614377671,0.01583710407239819,False,37,0.0610051155090332,False,0.0,3.2823269169408604,4.035243168056979,-6.320027592935247,CENTER,0.0,0.9853050652649177,0.01216105403829222,NORMAL,STABLE,NORMAL,NO_ACTION,False,0.0
2026-08-12T00:41:23.403751,0.4875926866465198,0.005539091097930319,0.01583710407239819,False,37,0.0610051155090332,False,0.0,2.4226299570602805,5.199498358068865,-6.176318707266205,CENTER,0.0,0.9848344800240054,0.012035662342771536,NORMAL,STABLE,NORMAL,NO_ACTION,False,0.0
2026-08-12T00:41:23.452781,0.4511279126555239,0.0076410534543153875,0.015855039637599093,False,37,0.0610051155090332,False,0.0,19.603982927690737,23.792545503576235,178.80441852958648,CENTER,0.0,0.9522903592249657,0.0627734342323479,NORMAL,STABLE,NORMAL,NO_ACTION,False,0.0
2026-08-12T00:41:23.489453,0.4450612771107564,0.009889238860285744,0.014722536806342015,False,37,0.0610051155090332,False,0.0,3.0063764117410017,9.132704435667591,-7.262774366357007,CENTER,0.0,0.9850298461076817,0.016484653952817268,NORMAL,STABLE,NORMAL,NO_ACTION,False,0.0
2026-08-12T00:41:23.526448,0.48988140870396746,0.019118501786829063,0.013590033975084938,False,37,0.0610051155090332,False,0.0,3.001459288305341,7.530984476780901,-7.1780661130413534,CENTER,0.0,0.9837675084662209,0.01524155028637932,NORMAL,STABLE,NORMAL,NO_ACTION,False,0.0
2026-08-12T00:41:23.568431,0.4810081156808706,0.006960198979810424,0.01245753114382786,False,37,0.0610051155090332,False,0.0,2.8987711519569928,6.97494355455666,-6.918780564229678,CENTER,0.0,0.9839012533221879,0.014491397923507716,NORMAL,STABLE,NORMAL,NO_ACTION,False,0.0
2026-08-12T00:41:23.628407,0.4533832095018941,0.009725936366269646,0.012471655328798186,False,37,0.0610051155090332,False,0.0,2.802498790754413,7.354023465276015,-6.871866191672552,CENTER,0.0,0.9856150736239713,0.014627294337629016,NORMAL,STABLE,NORMAL,NO_ACTION,False,0.0
2026-08-12T00:41:23.691698,0.4330503486071324,0.02030336796022911,0.012485811577752554,False,37,0.0610051155090332,False,0.0,2.9486137625391393,8.84600891334955,-7.366549766731566,CENTER,0.0,0.9850958076131687,0.016321904650790912,NORMAL,STABLE,NORMAL,NO_ACTION,False,0.0
2026-08-12T00:41:23.720849,0.4352111559307298,0.009972896961468147,0.012485811577752554,False,37,0.0610051155090332,False,0.0,2.6850473066697305,8.051568141666252,-7.497050411110706,CENTER,0.0,0.9850630411951302,0.01562000442314012,NORMAL,STABLE,NORMAL,NO_ACTION,False,0.0
2026-08-12T00:41:23.758353,0.4435774453555258,0.006915031611467161,0.012485811577752554,False,37,0.0610051155090332,False,0.0,2.6193108941877483,7.982394826000387,-7.323588247896424,CENTER,0.0,0.9850226926868999,0.015339706548192444,NORMAL,STABLE,NORMAL,NO_ACTION,False,0.0
2026-08-12T00:41:23.793338,0.4391408003355919,0.008122254183844628,0.012485811577752554,False,37,0.0610051155090332,False,0.0,3.099303356931813,9.27621929606093,-7.484006217401259,CENTER,0.0,0.9857107740697876,0.01689082685947585,NORMAL,STABLE,NORMAL,NO_ACTION,False,0.0
2026-08-12T00:41:23.826810,0.43397701170468883,0.015943411590757493,0.012485811577752554,False,37,0.0610051155090332,False,0.0,2.8569567734923,6.692054935840929,-7.443749592899849,CENTER,0.0,0.985892061042524,0.014752349510188665,NORMAL,STABLE,NORMAL,NO_ACTION,False,0.0
2026-08-12T00:41:23.862821,0.3568856544974885,0.021542303291565132,0.012485811577752554,False,37,0.0610051155090332,False,0.0,2.6423716499771217,5.4550705343809796,-7.382800708697573,CENTER,0.0,0.9863112997256517,0.013593642842443377,NORMAL,STABLE,NORMAL,NO_ACTION,False,0.0
2026-08-12T00:41:23.902648,0.1622360577831577,0.009705921032866964,0.01362088535754824,True,37,0.0610051155090332,False,0.0,3.1120665237353364,5.172765778313504,-7.612167206243754,CENTER,0.0,0.9865199947487996,0.19774818257269974,NORMAL,STABLE,NORMAL,NO_ACTION,False,0.0
2026-08-12T00:41:23.936792,0.11138685402129697,0.004382722528157826,0.014755959137343927,True,37,0.0610051155090332,False,0.03414440155029297,4.949965581568392,3.417154590341994,-7.3082616716628195,UP,0.0,0.9867186964163237,0.24027216381835856,LOW,RISING,NORMAL,NO_ACTION,False,0.03414440155029297
2026-08-12T00:41:23.973341,0.19071415816289175,0.03946801778042739,0.015891032917139614,True,37,0.0610051155090332,False,0.0706930160522461,22.20303081509246,18.45217870075237,176.40237198453696,UP,0.036548614501953125,0.9535093887531436,0.23878884656658092,LOW,STABLE,NORMAL,NO_ACTION,False,0.0706930160522461
2026-08-12T00:41:24.003250,0.3246868856469475,0.002866344405227522,0.015891032917139614,False,38,0.1006019115447998,False,0.0,21.398397295852504,24.830874945319266,177.8565652460112,UP,0.06645750999450684,0.9544204429762517,0.0915458907807131,NORMAL,STABLE,NORMAL,NO_ACTION,False,0.0
2026-08-12T00:41:24.032679,0.3729220058517341,0.005616396213683547,0.015891032917139614,False,38,0.1006019115447998,False,0.0,21.598437107344495,22.079338297404036,177.12506259405728,UP,0.0958867073059082,0.9551663277499143,0.09012699873518673,NORMAL,STABLE,NORMAL,NO_ACTION,False,0.0
2026-08-12T00:41:24.062943,0.4042386579373919,0.007501480224234126,0.015891032917139614,False,38,0.1006019115447998,False,0.0,21.255917517985836,26.71653428469827,178.06077799343245,UP,0.12615060806274414,0.9551949976959019,0.09251416969359802,NORMAL,STABLE,NORMAL,NO_ACTION,False,0.0
2026-08-12T00:41:24.098228,0.43461312151524434,0.07776609607328995,0.015873015873015872,False,38,0.1006019115447998,False,0.0,23.526670117353063,24.145889351554644,177.56272223753058,CENTER,0.0,0.9553657353823731,0.06596180449479824,NORMAL,STABLE,NORMAL,NO_ACTION,False,0.0
2026-08-12T00:41:24.132573,0.42709863954382316,0.05052249380496648,0.015873015873015872,False,38,0.1006019115447998,False,0.0,21.61916969653069,24.30451631932806,177.89199172319002,CENTER,0.0,0.9545125649255544,0.06460007772525111,NORMAL,STABLE,NORMAL,NO_ACTION,False,0.0
2026-08-12T00:41:24.166697,0.4419018021282832,0.09041437741870578,0.015891032917139614,False,38,0.1006019115447998,False,0.0,21.69777195753656,23.43757357084982,177.9638776041952,CENTER,0.0,0.9534759922803785,0.06416487704459087,NORMAL,STABLE,NORMAL,NO_ACTION,False,0.0
2026-08-12T00:41:24.208547,0.45404416902456435,0.05741174538255855,0.015909090909090907,False,38,0.1006019115447998,False,0.0,22.271587741322406,22.081527445143905,178.48293274598905,CENTER,0.0,0.9537176667166781,0.0638274251409519,NORMAL,STABLE,NORMAL,NO_ACTION,False,0.0
2026-08-12T00:41:24.253981,0.4690910799360616,0.06232692918515157,0.015909090909090907,False,38,0.1006019115447998,False,0.0,22.52411668117159,23.40761301369494,179.92644040664402,CENTER,0.0,0.9547364080539837,0.06477691991900333,NORMAL,STABLE,NORMAL,NO_ACTION,False,0.0
2026-08-12T00:41:24.293642,0.47411372398980606,0.01853146197772081,0.015909090909090907,False,38,0.1006019115447998,False,0.0,22.96577453618582,19.72189673716963,179.72469064472727,CENTER,0.0,0.9558887611811271,0.06300854800460855,NORMAL,STABLE,NORMAL,NO_ACTION,False,0.0
2026-08-12T00:41:24.328554,0.49110664531981313,0.04278599107391326,0.015909090909090907,False,38,0.1006019115447998,False,0.0,25.531653480705188,8.393591048228785,177.96728540197302,CENTER,0.0,0.9541493216306584,0.058493378616289546,NORMAL,STABLE,NORMAL,NO_ACTION,False,0.0
2026-08-12T00:41:24.374940,0.49012465377198966,0.09537004124158557,0.015909090909090907,False,38,0.1006019115447998,False,0.0,24.284256264206334,8.623129242723337,177.9674443146547,CENTER,0.0,0.9529195441100822,0.057674724305611956,NORMAL,STABLE,NORMAL,NO_ACTION,False,0.0
2026-08-12T00:41:24.408949,0.5120641032448814,0.13829805324923472,0.015909090909090907,False,38,0.1006019115447998,False,0.0,23.712120356625064,6.386355973180514,177.4119128402716,CENTER,0.0,0.953135267971965,0.055961866273548565,NORMAL,STABLE,NORMAL,NO_ACTION,False,0.0
2026-08-12T00:41:24.439335,0.5028953447243011,0.026548869890148298,0.015927189988623434,False,38,0.1006019115447998,False,0.0,23.90514047114121,3.654539498349237,176.62688314464765,CENTER,0.0,0.9540171083747714,0.05454889037438355,NORMAL,STABLE,NORMAL,NO_ACTION,False,0.0
2026-08-12T00:41:24.504787,0.46238228642096124,0.10040287347723786,0.015927189988623434,False,38,0.1006019115447998,False,0.0,24.525534165878696,8.205439295528805,177.43876700251224,CENTER,0.0,0.9547643398848308,0.05761991387550784,NORMAL,STABLE,NORMAL,NO_ACTION,False,0.0
2026-08-12T00:41:24.535013,0.4601519978115667,0.06787420761192682,0.015927189988623434,False,38,0.1006019115447998,False,0.0,23.179960204772385,9.682641764964359,177.4929259718299,CENTER,0.0,0.9550357072688043,0.05743895832097118,NORMAL,STABLE,NORMAL,NO_ACTION,False,0.0
2026-08-12T00:41:24.566822,0.48699513824103885,0.09304965433395927,0.015909090909090907,False,38,0.1006019115447998,False,0.0,24.19250413089935,1.913533269556325,175.211110745189,CENTER,0.0,0.9545366248892604,0.05377352169088757,NORMAL,STABLE,NORMAL,NO_ACTION,False,0.0
2026-08-12T00:41:24.599664,0.4740597145586627,0.11166225863342231,0.015927189988623434,False,38,0.1006019115447998,False,0.0,24.712996026292956,0.7937542437373963,174.45936927465806,CENTER,0.0,0.9540182867691186,0.05353038514194697,NORMAL,STABLE,NORMAL,NO_ACTION,False,0.0
2026-08-12T00:41:24.631990,0.47639491781767207,0.11133592773333857,0.015927189988623434,False,38,0.1006019115447998,False,0.0,24.265891609966104,8.120501336546965,175.96827738742218,CENTER,0.0,0.9542436061278291,0.057373729081141585,NORMAL,STABLE,NORMAL,NO_ACTION,False,0.0
2026-08-12T00:41:24.663763,0.4518691698214981,0.0119153589597268,0.015927189988623434,False,38,0.1006019115447998,False,0.0,24.26319761075763,7.491468997495048,175.67955490501663,CENTER,0.0,0.954522781993027,0.057012484902040396,NORMAL,STABLE,NORMAL,NO_ACTION,False,0.0
2026-08-12T00:41:24.695044,0.41697487473693334,0.06822485454842774,0.015927189988623434,False,38,0.1006019115447998,False,0.0,25.664568383542587,6.460298128720353,175.15801882363598,CENTER,0.0,0.9547075697659465,0.05749061737403656,NORMAL,STABLE,NORMAL,NO_ACTION,False,0.0
2026-08-12T00:41:24.727582,0.36705623258529685,0.03110951069074907,0.015927189988623434,False,38,0.1006019115447998,False,0.0,24.130140646606776,9.37306142723969,175.4556245149496,CENTER,0.0,0.9556907779813958,0.057985615722327716,NORMAL,STABLE,NORMAL,NO_ACTION,False,0.0
2026-08-12T00:41:24.760071,0.3281789105773639,0.07871381657344349,0.015945330296127564,False,38,0.1006019115447998,False,0.0,23.929476721327063,7.642599547469985,175.13366572324958,CENTER,0.0,0.9562277891196559,0.05684470032516439,NORMAL,STABLE,NORMAL,NO_ACTION,False,0.0
2026-08-12T00:41:24.787172,0.36773694057169726,0.08832909727525518,0.015927189988623434,False,38,0.1006019115447998,False,0.0,23.819586297030042,8.927529267590444,175.5889412730478,CENTER,0.0,0.9561549488097281,0.05749476017231107,NORMAL,STABLE,NORMAL,NO_ACTION,False,0.0
2026-08-12T00:41:24.817451,0.3663157742702988,0.02646007631031074,0.015927189988623434,False,38,0.1006019115447998,False,0.0,25.39256557027403,6.338714191216752,174.46509175849258,CENTER,0.0,0.9548690356903007,0.05721409613305397,NORMAL,STABLE,NORMAL,NO_ACTION,False,0.0
2026-08-12T00:41:24.844878,0.3686603773315632,0.049370170783225115,0.015927189988623434,False,38,0.1006019115447998,False,0.0,24.73870489087136,5.8098325368762005,174.13188256191376,CENTER,0.0,0.9549547735911066,0.056414264056033066,NORMAL,STABLE,NORMAL,NO_ACTION,False,0.0
2026-08-12T00:41:24.903451,0.3844058612732737,0.05247318976739647,0.015909090909090907,False,38,0.1006019115447998,False,0.0,26.178138442562442,2.2205460296135016,172.92980901867645,CENTER,0.0,0.9544142143204161,0.055460628805793,NORMAL,STABLE,NORMAL,NO_ACTION,False,0.0
2026-08-12T00:41:24.936831,0.36892573943908724,0.07639741535238456,0.015927189988623434,False,38,0.1006019115447998,False,0.0,24.779198340750895,1.283714701319866,172.800081766478,CENTER,0.0,0.9544144215106309,0.053860568925698016,NORMAL,STABLE,NORMAL,NO_ACTION,False,0.0
2026-08-12T00:41:24.970226,0.3484431233207361,0.04159554983240183,0.015927189988623434,False,38,0.1006019115447998,False,0.0,24.582043843180855,3.538251850026569,173.17528606173437,CENTER,0.0,0.9554634255687012,0.05499785871810226,NORMAL,STABLE,NORMAL,NO_ACTION,False,0.0
2026-08-12T00:41:25.012273,0.3822334723962646,0.06846601169919253,0.015927189988623434,False,38,0.1006019115447998,False,0.0,24.67173996307585,1.7382103767839965,172.9359041344644,CENTER,0.0,0.9552874563293038,0.05403828202628747,NORMAL,STABLE,NORMAL,NO_ACTION,False,0.0
2026-08-12T00:41:25.046022,0.43632623520270003,0.08483297517449591,0.015927189988623434,False,38,0.1006019115447998,False,0.0,23.24814922800917,-0.7572826824271317,172.55065172598,CENTER,0.0,0.9542579022526577,0.05239427386453032,NORMAL,STABLE,NORMAL,NO_ACTION,False,0.0
2026-08-12T00:41:25.073095,0.4606098475030264,0.0915680368913748,0.015927189988623434,False,38,0.1006019115447998,False,0.0,24.25161780602167,-0.5124869034396511,173.1315612551515,CENTER,0.0,0.9545487196180555,0.05301849665048909,NORMAL,STABLE,NORMAL,NO_ACTION,False,0.0
2026-08-12T00:41:25.100538,0.47996576795025914,0.05304456305148546,0.015927189988623434,False,38,0.1006019115447998,False,0.0,24.51350288850543,1.3167265605260638,173.26968860235922,CENTER,0.0,0.954664927429841,0.05367712792957002,NORMAL,STABLE,NORMAL,NO_ACTION,False,0.0
2026-08-12T00:41:25.128339,0.47438221925869395,0.048381380834636764,0.015927189988623434,False,38,0.1006019115447998,False,0.0,24.590669781080834,1.2491790713193893,173.63205371499464,CENTER,0.0,0.954752646587077,0.05369730891686474,NORMAL,STABLE,NORMAL,NO_ACTION,False,0.0
2026-08-12T00:41:25.158637,0.4814356018970452,0.06115030745035268,0.015909090909090907,False,38,0.1006019115447998,False,0.0,23.31233194643451,-2.23782482655443,173.04002561889456,CENTER,0.0,0.9555169842392547,0.0532885666942662,NORMAL,STABLE,NORMAL,NO_ACTION,False,0.0
2026-08-12T00:41:25.193379,0.5016592808822213,0.017895627944310287,0.015927189988623434,False,38,0.1006019115447998,False,0.0,22.410100652874263,-5.816450780837613,172.15786614124295,CENTER,0.0,0.9555899281442901,0.05464512224593469,NORMAL,STABLE,NORMAL,NO_ACTION,False,0.0
2026-08-12T00:41:25.228321,0.4705009310757319,0.042296104855494836,0.015927189988623434,False,38,0.1006019115447998,False,0.0,22.64510966651298,-8.918245902434336,171.52296798874863,CENTER,0.0,0.9554479639989141,0.056595252113895024,NORMAL,STABLE,NORMAL,NO_ACTION,False,0.0
2026-08-12T00:41:25.255330,0.47460531621187,0.014716838623960168,0.015927189988623434,False,38,0.1006019115447998,False,0.0,21.93050168811743,-8.44337289162928,171.99253339024403,CENTER,0.0,0.9552726292795495,0.055780009359701004,NORMAL,STABLE,NORMAL,NO_ACTION,False,0.0
2026-08-12T00:41:25.287839,0.49826304659574405,0.0005953593235657782,0.015927189988623434,False,38,0.1006019115447998,False,0.0,3.7499663537307697,-16.68011634721816,-3.5377551397188824,CENTER,0.0,0.9886445205332647,0.019064556577794264,NORMAL,STABLE,NORMAL,NO_ACTION,False,0.0
2026-08-12T00:41:25.318874,0.48548118474967017,0.01542240891118348,0.015909090909090907,False,38,0.1006019115447998,False,0.0,21.72753875590945,-10.987342864446248,171.94067403670408,CENTER,0.0,0.9564288931219992,0.05707815012252904,NORMAL,STABLE,NORMAL,NO_ACTION,False,0.0
2026-08-12T00:41:25.351527,0.47000087371400945,0.0055504110008769035,0.015909090909090907,False,38,0.1006019115447998,False,0.0,20.43995410159215,-14.14885378856141,172.18295991310526,CENTER,0.0,0.95717784690072,0.05790312755678023,NORMAL,STABLE,NORMAL,NO_ACTION,False,0.0
2026-08-12T00:41:25.386638,0.5010116693865339,0.004341329664638956,0.015909090909090907,False,38,0.1006019115447998,False,0.0,2.8867998366619645,-19.74931775532349,-1.7005148175027216,CENTER,0.0,0.9912248424639918,0.018680810268040367,NORMAL,STABLE,NORMAL,NO_ACTION,False,0.0
2026-08-12T00:41:25.431857,0.4954868338920356,0.0637065821935165,0.015927189988623434,False,38,0.1006019115447998,False,0.0,3.151130859961256,-19.4572652931175,-1.5193980319296827,CENTER,0.0,0.9919530044367283,0.018550015718702063,NORMAL,STABLE,NORMAL,NO_ACTION,False,0.0
2026-08-12T00:41:25.472139,0.5091289025877541,0.003167219963981898,0.015927189988623434,False,38,0.1006019115447998,False,0.0,20.190626589168886,-16.008628052506964,172.54293901871432,CENTER,0.0,0.9589530008644832,0.05877527517649233,NORMAL,STABLE,NORMAL,NO_ACTION,False,0.0
2026-08-12T00:41:25.512352,0.4737460901711103,0.003351368639664134,0.015927189988623434,False,38,0.1006019115447998,False,0.0,19.81469250929004,-16.14585769283758,172.3877024108341,CENTER,0.0,0.958837194483739,0.058567413131396934,NORMAL,STABLE,NORMAL,NO_ACTION,False,0.0
2026-08-12T00:41:25.548213,0.45032233507710306,0.0007288757115731568,0.015927189988623434,False,38,0.1006019115447998,False,0.0,20.817616612983073,-17.14556287005439,172.47704779422122,CENTER,0.0,0.9581182703367913,0.0599018622687996,NORMAL,STABLE,NORMAL,NO_ACTION,False,0.0
2026-08-12T00:41:25.585150,0.46821003269814643,0.0022522132843469313,0.015927189988623434,False,38,0.1006019115447998,False,0.0,2.3429448233661105,-22.69708405055431,-0.6294103949170164,CENTER,0.0,0.9919544779878258,0.019254606468932234,NORMAL,STABLE,NORMAL,NO_ACTION,False,0.0
2026-08-12T00:41:25.619672,0.4561043716664095,0.003227064680072697,0.015927189988623434,False,38,0.1006019115447998,False,0.0,1.3819899108861478,-22.920480547786468,-0.428262432577867,CENTER,0.0,0.9935608898105281,0.018296886355996314,NORMAL,STABLE,NORMAL,NO_ACTION,False,0.0
2026-08-12T00:41:25.668697,0.4641403590064155,0.0034685631695860965,0.015945330296127564,False,38,0.1006019115447998,False,0.0,-0.7845503996777552,-22.403553516420857,-0.6799116827189948,CENTER,0.0,0.9961145270704732,0.017590566952315638,NORMAL,STABLE,NORMAL,NO_ACTION,False,0.0
2026-08-12T00:41:25.713801,0.43851308265335043,0.0033387397960030684,0.015945330296127564,False,38,0.1006019115447998,False,0.0,-1.3996831751457535,-24.01043660122997,0.38681609812041984,CENTER,0.0,0.9985708831661523,0.019061203512181664,NORMAL,STABLE,NORMAL,NO_ACTION,False,0.0
2026-08-12T00:41:25.748161,0.4524646371506529,0.0024983605281670286,0.015945330296127564,False,38,0.1006019115447998,False,0.0,-1.5152718613924208,-23.385059554055175,0.8491796261582749,CENTER,0.0,0.9984284577546296,0.019166088888162743,NORMAL,STABLE,NORMAL,NO_ACTION,False,0.0
2026-08-12T00:41:25.779589,0.4723782102097088,0.0015147410987116697,0.015945330296127564,False,38,0.1006019115447998,False,0.0,11.767454891402082,-20.852195240878075,175.04214683440557,CENTER,0.0,0.964961698388203,0.055127952319865885,NORMAL,STABLE,NORMAL,NO_ACTION,False,0.0
2026-08-12T00:41:25.823533,0.43596528889280917,0.07259970343937701,0.01596351197263398,False,38,0.1006019115447998,False,0.0,-6.013662329201338,-19.182434564850013,1.5406098959450674,CENTER,0.0,0.9977433502657751,0.021128464884014143,NORMAL,STABLE,NORMAL,NO_ACTION,False,0.0
2026-08-12T00:41:25.866416,0.46407007613106677,0.0447151959880162,0.01596351197263398,False,38,0.1006019115447998,False,0.0,-6.122437806120757,-21.038997345448024,2.1868536339928255,CENTER,0.0,0.9969935003000685,0.02319637132145147,NORMAL,STABLE,NORMAL,NO_ACTION,False,0.0
2026-08-12T00:41:25.900998,0.4407145217000835,0.016132808054391698,0.01596351197263398,False,38,0.1006019115447998,False,0.0,-6.63741208917034,-20.710461229127276,2.249854416976291,CENTER,0.0,0.9970006537208504,0.023515663819547932,NORMAL,STABLE,NORMAL,NO_ACTION,False,0.0
2026-08-12T00:41:25.941859,0.43079433916780097,0.0075126016186243955,0.01596351197263398,False,38,0.1006019115447998,False,0.0,-7.8767559319231,-20.86619046071391,3.480315500830983,CENTER,0.0,0.9981459646133402,0.02600646560131583,NORMAL,STABLE,NORMAL,NO_ACTION,False,0.0
2026-08-12T00:41:25.974999,0.4188024800885565,0.0057901132188930195,0.01596351197263398,False,38,0.1006019115447998,False,0.0,-11.582787825805042,-19.998784207934165,4.033775455931448,CENTER,0.0,0.9987060747813785,0.029481738421476486,NORMAL,STABLE,NORMAL,NO_ACTION,False,0.0
2026-08-12T00:41:26.016639,0.409615369492364,0.006863327420143185,0.01596351197263398,False,38,0.1006019115447998,False,0.0,-13.709208781371586,-18.497626166032262,5.044616792787025,CENTER,0.0,0.9988222307956104,0.03141863611725011,NORMAL,STABLE,NORMAL,NO_ACTION,False,0.0
2026-08-12T00:41:26.057491,0.4056581496778187,0.12913739107675307,0.01598173515981735,False,38,0.1006019115447998,False,0.0,-17.525409488326147,-18.13403216510352,9.2031854279941,CENTER,0.0,0.9995867492926954,0.03883544796458685,NORMAL,STABLE,NORMAL,NO_ACTION,False,0.0
2026-08-12T00:41:26.093921,0.38184648294378887,0.020385473992037762,0.01598173515981735,False,38,0.1006019115447998,False,0.0,-15.374437775348099,-20.836094074116744,9.057090051838713,CENTER,0.0,0.9992700831618654,0.03857494659081977,NORMAL,STABLE,NORMAL,NO_ACTION,False,0.0
2026-08-12T00:41:26.130497,0.3631805775954502,0.01235888474750419,0.01598173515981735,False,38,0.1006019115447998,False,0.0,-13.167420584037387,-21.88573400761757,8.723294199989198,CENTER,0.0,0.9987496383101852,0.0368863110197494,NORMAL,STABLE,NORMAL,NO_ACTION,False,0.0
2026-08-12T00:41:26.171747,0.3685643867494316,0.011307742979759857,0.01598173515981735,False,38,0.1006019115447998,False,0.0,-11.971695347111648,-23.78357358667381,9.18303641457942,CENTER,0.0,0.9981009677211935,0.037548248546078036,NORMAL,STABLE,NORMAL,NO_ACTION,False,0.0
2026-08-12T00:41:26.210854,0.3792659083218405,0.022931336352314247,0.01598173515981735,False,38,0.1006019115447998,False,0.0,-11.764618437046352,-24.680169563192322,9.309262938227647,CENTER,0.0,0.9977008048268174,0.038117934157013866,NORMAL,STABLE,NORMAL,NO_ACTION,False,0.0
2026-08-12T00:41:26.251847,0.3828285705338191,0.07244327293573753,0.016,False,38,0.1006019115447998,False,0.0,-12.883103078702959,-24.32814002107159,9.786534319731231,CENTER,0.0,0.9987505358367628,0.03940034454704389,NORMAL,STABLE,NORMAL,NO_ACTION,False,0.0
2026-08-12T00:41:26.291686,0.3921181803488904,0.07366618571304544,0.016,False,38,0.1006019115447998,False,0.0,5.851069358672987,-31.181458899027916,-178.95963972627078,CENTER,0.0,0.9665356318051269,0.05652168085341846,NORMAL,STABLE,NORMAL,NO_ACTION,False,0.0
2026-08-12T00:41:26.329569,0.42011930891134175,0.035572892307615546,0.016,False,38,0.1006019115447998,False,0.0,6.7795608774009395,-32.38631173546841,-178.58064221453031,CENTER,0.0,0.966658184817244,0.05791660392147401,NORMAL,STABLE,NORMAL,NO_ACTION,False,0.0
2026-08-12T00:41:26.366556,0.4178799787212827,0.14334975140697925,0.016,False,38,0.1006019115447998,False,0.0,7.90876822864962,-32.86867669370605,-179.70021986175314,CENTER,0.0,0.9664271806770118,0.05905178678922328,NORMAL,STABLE,NORMAL,NO_ACTION,False,0.0
2026-08-12T00:41:26.401542,0.41640147057361826,0.08268656281240708,0.016,False,38,0.1006019115447998,False,0.0,7.942858669581227,-32.396636892628294,-179.4514701935275,CENTER,0.0,0.9664563556491483,0.05880819567721294,NORMAL,STABLE,NORMAL,NO_ACTION,False,0.0
2026-08-12T00:41:26.432260,0.4274934536024272,0.08650992976501526,0.016,False,38,0.1006019115447998,False,0.0,7.600844837756171,-33.917118944574355,-179.296665717911,CENTER,0.0,0.9664867737625744,0.0594160307852002,NORMAL,STABLE,NORMAL,NO_ACTION,False,0.0
2026-08-12T00:41:26.469812,0.4176527640323856,0.09235439381058022,0.016,False,38,0.1006019115447998,False,0.0,6.780971920555345,-34.58798725667759,-178.3715349365596,CENTER,0.0,0.9664389387217077,0.05917488954217689,NORMAL,STABLE,NORMAL,NO_ACTION,False,0.0
2026-08-12T00:41:26.505729,0.4181265871392258,0.011736861646323746,0.016,False,38,0.1006019115447998,False,0.0,6.898296046446887,-34.533694924641566,-177.70779895510137,CENTER,0.0,0.9657910160715305,0.05923321392037098,NORMAL,STABLE,NORMAL,NO_ACTION,False,0.0
2026-08-12T00:41:26.544684,0.4341189739406539,0.038831227206521525,0.016,False,38,0.1006019115447998,False,0.0,5.429730337333069,-34.914178513492516,-177.10011384861338,CENTER,0.0,0.9658032402942102,0.05833236291588884,NORMAL,STABLE,NORMAL,NO_ACTION,False,0.0
2026-08-12T00:41:26.580289,0.4488737002692403,0.0887960742387295,0.016,False,38,0.1006019115447998,False,0.0,5.652883539621911,-35.89517305180186,-176.6210691169143,CENTER,0.0,0.9666234286586933,0.059062436462099785,NORMAL,STABLE,NORMAL,NO_ACTION,False,0.0
2026-08-12T00:41:26.611618,0.4219108390543703,0.05869555872703912,0.016,False,38,0.1006019115447998,False,0.0,5.257765613796153,-35.09674669310601,-176.10517507624863,CENTER,0.0,0.9648211845743313,0.058305685712168036,NORMAL,STABLE,NORMAL,NO_ACTION,False,0.0
2026-08-12T00:41:26.648407,0.4122721065562683,0.10596521116776422,0.016018306636155607,False,38,0.1006019115447998,False,0.0,-9.771146836605908,-26.922305975125425,13.106706705886722,CENTER,0.0,0.9969808545524692,0.041474413282213116,NORMAL,STABLE,NORMAL,NO_ACTION,False,0.0
2026-08-12T00:41:26.680294,0.4069057389172594,0.03736282939604865,0.016018306636155607,False,38,0.1006019115447998,False,0.0,5.665944399253931,-33.49069225851923,-175.5407955449793,CENTER,0.0,0.9633425327574875,0.05769936242402216,NORMAL,STABLE,NORMAL,NO_ACTION,False,0.0
2026-08-12T00:41:26.716057,0.41316289270633855,0.04028777885841208,0.016018306636155607,False,38,0.1006019115447998,False,0.0,5.025876131454396,-34.04819954078371,-175.12766997160804,CENTER,0.0,0.9638204687857224,0.05753038643883124,NORMAL,STABLE,NORMAL,NO_ACTION,False,0.0
2026-08-12T00:41:26.755355,0.41752785770162537,0.07828211202082898,0.016018306636155607,False,38,0.1006019115447998,False,0.0,5.796806000389552,-34.226280230207465,-175.07553573892372,CENTER,0.0,0.9647823364090363,0.05821903501455382,NORMAL,STABLE,NORMAL,NO_ACTION,False,0.0
2026-08-12T00:41:26.785204,0.41695715149371837,0.09126706128147292,0.016018306636155607,False,38,0.1006019115447998,False,0.0,5.124442364678345,-34.36830506927589,-175.3073416822855,CENTER,0.0,0.9657176318872887,0.057788219647387916,NORMAL,STABLE,NORMAL,NO_ACTION,False,0.0
2026-08-12T00:41:26.817136,0.4430806888563936,0.11768382958607862,0.016018306636155607,False,38,0.1006019115447998,False,0.0,5.599210108763799,-32.88181796845612,-175.48242951452787,CENTER,0.0,0.9650050399912836,0.05730087086550466,NORMAL,STABLE,NORMAL,NO_ACTION,False,0.0
2026-08-12T00:41:26.851908,0.3970348298350043,0.04017074998994067,0.016018306636155607,False,38,0.1006019115447998,False,0.0,6.419643802993562,-32.28172914892255,-175.76702918862148,CENTER,0.0,0.964488799672068,0.05758285591011535,NORMAL,STABLE,NORMAL,NO_ACTION,False,0.0
2026-08-12T00:41:26.888414,0.42231421168625644,0.05205712421213003,0.016018306636155607,False,38,0.1006019115447998,False,0.0,6.336795528693813,-31.783389332220906,-176.3158744987327,CENTER,0.0,0.9649456022983826,0.05723521363031712,NORMAL,STABLE,NORMAL,NO_ACTION,False,0.0
2026-08-12T00:41:26.929839,0.4117224653580708,0.10665154917937225,0.016018306636155607,False,38,0.1006019115447998,False,0.0,5.956406926194404,-32.19146041150043,-176.4747064016366,CENTER,0.0,0.964672642139632,0.05717861723695579,NORMAL,STABLE,NORMAL,NO_ACTION,False,0.0
2026-08-12T00:41:26.965423,0.44263805512447335,0.12545171514816278,0.016018306636155607,False,38,0.1006019115447998,False,0.0,-8.351920012147446,-26.29363605820535,12.08781384447613,CENTER,0.0,0.9985969784164952,0.03867255494100805,NORMAL,STABLE,NORMAL,NO_ACTION,False,0.0
2026-08-12T00:41:27.007542,0.40978319293260523,0.058252127886800474,0.016018306636155607,False,38,0.1006019115447998,False,0.0,7.047999324975194,-31.362002581212238,-177.10382251740592,CENTER,0.0,0.9662659607910379,0.057536078013328815,NORMAL,STABLE,NORMAL,NO_ACTION,False,0.0
2026-08-12T00:41:27.047777,0.40711018625420414,0.11658235207117217,0.016018306636155607,False,38,0.1006019115447998,False,0.0,6.728089029250469,-30.958403317241476,-176.9689140179001,CENTER,0.0,0.9662615321001943,0.05706204388331816,NORMAL,STABLE,NORMAL,NO_ACTION,False,0.0
2026-08-12T00:41:27.088570,0.42046132186885254,0.1250140867924018,0.016036655211912942,False,38,0.1006019115447998,False,0.0,6.342965293626264,-31.71299993964209,-177.68445418164615,CENTER,0.0,0.9645730224944273,0.05719971699389886,NORMAL,STABLE,NORMAL,NO_ACTION,False,0.0
2026-08-12T00:41:27.131697,0.4421027681942473,0.05811745099180973,0.016036655211912942,False,38,0.1006019115447998,False,0.0,6.214712974783396,-29.853021052298914,-178.14380197293974,CENTER,0.0,0.9649758779685355,0.05603997593786402,NORMAL,STABLE,NORMAL,NO_ACTION,False,0.0
2026-08-12T00:41:27.173420,0.49471288491179216,0.09543574569783622,0.016036655211912942,False,38,0.1006019115447998,False,0.0,7.373984951317794,-31.578556828658066,-178.12470838627016,CENTER,0.0,0.965536897272948,0.05790793035476259,NORMAL,STABLE,NORMAL,NO_ACTION,False,0.0
2026-08-12T00:41:27.206521,0.5016898277328419,0.10270129568061871,0.016036655211912942,False,38,0.1006019115447998,False,0.0,5.681556484240758,-30.89297621958525,-178.02712342500985,CENTER,0.0,0.9647578750142891,0.05622788868780153,NORMAL,STABLE,NORMAL,NO_ACTION,False,0.0
2026-08-12T00:41:27.241839,0.4982512859051792,0.10780758288903809,0.016055045871559634,False,38,0.1006019115447998,False,0.0,7.173696069673895,-31.084713755129115,-178.3950714638889,CENTER,0.0,0.963941985846765,0.05747344049608545,NORMAL,STABLE,NORMAL,NO_ACTION,False,0.0
2026-08-12T00:41:27.279688,0.5025930597372267,0.09463172014372354,0.016036655211912942,False,38,0.1006019115447998,False,0.0,9.043800710157683,-29.404895668198378,-178.7468707302386,CENTER,0.0,0.9634859990319217,0.057938057537732526,NORMAL,STABLE,NORMAL,NO_ACTION,False,0.0
