timestamp,ear,mar,perclos,eyes_closed,blink_count,blink_duration,microsleep,microsleep_duration,pitch,yaw,roll,gaze_direction,gaze_away_duration,reliability,fatigue_risk,risk_level,temporal_state,intervention_level,intervention_action,alert_triggered,eye_closure_duration
2026-08-21T00:41:21.926043,0.42271221929124514,0.00556062316403702,0.0,False,0,0.0,False,0.0,1.7096556474634497,4.535457070501195,-1.7960486230781214,CENTER,0.0,0.6584446233756491,0.008240363083085749,NORMAL,STABLE,NORMAL,NO_ACTION,False,0.0
2026-08-21T00:41:21.988094,0.472676570373315,0.0022402980874034178,0.0,False,0,0.0,False,0.0,2.4138227160026418,6.083502828922036,-1.8002554626691278,CENTER,0.0,0.6647072149654615,0.010216270719999605,NORMAL,STABLE,NORMAL,NO_ACTION,False,0.0
2026-08-21T00:41:22.047130,0.469120518307158,0.0004980705172571835,0.0,False,0,0.0,False,0.0,2.135937658674095,6.43293213839965,-1.6114795393912686,CENTER,0.0,0.6619970381622943,0.009741544431067319,NORMAL,STABLE,NORMAL,NO_ACTION,False,0.0
2026-08-21T00:41:22.111541,0.48181874716582773,0.0020651903864591877,0.0,False,0,0.0,False,0.0,2.7413311033452317,4.642515414970461,-1.915687007740388,CENTER,0.0,0.7742102566045709,0.009035013764804534,NORMAL,STABLE,NORMAL,NO_ACTION,False,0.0
2026-08-21T00:41:22.163300,0.49457395528584464,0.0031509913257244423,0.0,False,0,0.0,False,0.0,2.1558121490279802,3.940952898629803,-1.7258384445219974,CENTER,0.0,0.7453583863811728,0.00741835754231352,NORMAL,STABLE,NORMAL,NO_ACTION,False,0.0
2026-08-21T00:41:22.222206,0.47419193648275837,0.001954967477326265,0.0,False,0,0.0,False,0.0,2.1290358004323195,2.840059734504081,-1.7521994369722051,CENTER,0.0,0.7574710954340584,0.006377708373949502,NORMAL,STABLE,NORMAL,NO_ACTION,False,0.0
2026-08-21T00:41:22.274319,0.478859824444426,0.0028963649494599146,0.0,False,0,0.0,False,0.0,2.5403937746949907,7.479759115202285,-1.6302748173021087,CENTER,0.0,0.7695424011457721,0.010151957274110586,NORMAL,STABLE,NORMAL,NO_ACTION,False,0.0
2026-08-21T00:41:22.331633,0.4812780765554466,0.0037591180383421655,0.0,False,0,0.0,False,0.0,2.285507174315626,4.019737412403515,-1.588098586169309,CENTER,0.0,0.8536170990869342,0.0069984757566882135,NORMAL,STABLE,NORMAL,NO_ACTION,False,0.0
2026-08-21T00:41:22.381923,0.46398154270340464,0.004280244714838906,0.0,False,0,0.0,False,0.0,2.5546817556205212,3.7333234474001245,-1.8534595642753402,CENTER,0.0,0.9089612199625222,0.007171299503450957,NORMAL,STABLE,NORMAL,NO_ACTION,False,0.0
2026-08-21T00:41:22.440042,0.4817436778616333,0.005173186265365633,0.0,False,0,0.0,False,0.0,1.3275472491944527,7.939879957807307,-1.936470125466741,CENTER,0.0,0.9230233341600529,0.008985309301185844,NORMAL,STABLE,NORMAL,NO_ACTION,False,0.0
2026-08-21T00:41:22.502239,0.48365891465459887,0.0028829289583871976,0.0,False,0,0.0,False,0.0,1.6174838114491479,4.584314046461287,-1.8026023825392485,CENTER,0.0,0.9230110106799921,0.00668452410217774,NORMAL,STABLE,NORMAL,NO_ACTION,False,0.0
2026-08-21T00:41:22.543194,0.4692710648184062,0.003694530351747073,0.0,False,0,0.0,False,0.0,1.7019910384932189,4.061991675723448,-1.6842713273117909,CENTER,0.0,0.9222587969086813,0.006269742809549312,NORMAL,STABLE,NORMAL,NO_ACTION,False,0.0
2026-08-21T00:41:22.597443,0.4786593968873859,0.005434634016675387,0.0,False,0,0.0,False,0.0,1.5172426400547465,7.0905005565706745,-1.6740123580908346,CENTER,0.0,0.9212451223544973,0.008293499430383615,NORMAL,STABLE,NORMAL,NO_ACTION,False,0.0
2026-08-21T00:41:22.644432,0.47710293081449395,0.003951083713792923,0.0,False,0,0.0,False,0.0,1.8109669386503242,5.574915551392479,-1.7551270847135925,CENTER,0.0,0.9216361553559179,0.007550955835193251,NORMAL,STABLE,NORMAL,NO_ACTION,False,0.0
2026-08-21T00:41:22.703282,0.47742139846133735,0.0030375342717785395,0.0,False,0,0.0,False,0.0,1.8612579412202308,7.658291092465021,-1.7235370611142002,CENTER,0.0,0.9219700474904469,0.009092118247254578,NORMAL,STABLE,NORMAL,NO_ACTION,False,0.0
2026-08-21T00:41:22.746943,0.4769677843165173,0.005512540289426673,0.0,False,0,0.0,False,0.0,2.1831379356108016,5.679838038028663,-1.6720926751987406,CENTER,0.0,0.9219981039033411,0.007909463098763194,NORMAL,STABLE,NORMAL,NO_ACTION,False,0.0
2026-08-21T00:41:22.845130,0.48710597698136177,0.004127531122084159,0.0,False,0,0.0,False,0.0,1.4038062750261702,5.9865926410392944,-1.8611893372138013,CENTER,0.0,0.9228507663996669,0.007558421143293802,NORMAL,STABLE,NORMAL,NO_ACTION,False,0.0
2026-08-21T00:41:22.892590,0.4831476230044297,0.002439736813638589,0.0,False,0,0.0,False,0.0,1.2634836378476848,7.892278725642029,-1.8224446623889037,CENTER,0.0,0.9229140625,0.008776936982912386,NORMAL,STABLE,NORMAL,NO_ACTION,False,0.0
2026-08-21T00:41:22.946757,0.48470662613837767,0.003799098855501822,0.0,False,0,0.0,False,0.0,1.010615113007276,7.930777634026271,-1.8627162931566374,CENTER,0.0,0.9229129433666471,0.008597870011387539,NORMAL,STABLE,NORMAL,NO_ACTION,False,0.0
2026-08-21T00:41:22.998950,0.46683652023560834,0.002961608873134514,0.0,False,0,0.0,False,0.0,2.4585094798888463,7.768755503120246,-1.702360896585816,CENTER,0.0,0.9243739719588967,0.009734344058299071,NORMAL,STABLE,NORMAL,NO_ACTION,False,0.0
2026-08-21T00:41:23.043247,0.4780976072124883,0.004645744524906441,0.0,False,0,0.0,False,0.0,2.4422938051870062,7.553410374699297,-1.598474343870123,CENTER,0.0,0.9271118666409465,0.009459869327564914,NORMAL,STABLE,NORMAL,NO_ACTION,False,0.0
2026-08-21T00:41:23.083183,0.4696578958284031,0.0021908662306337544,0.0,False,0,0.0,False,0.0,3.2964258694587443,2.6981416868874533,-1.461136772551498,CENTER,0.0,0.9297064211615717,0.00660932642024935,NORMAL,STABLE,NORMAL,NO_ACTION,False,0.0
2026-08-21T00:41:23.136585,0.4739495213246069,0.004602244896021,0.0,False,0,0.0,False,0.0,1.6539798729451434,9.24877267974668,-1.6901135320817957,CENTER,0.0,0.9313453268910445,0.010020149039802095,NORMAL,STABLE,NORMAL,NO_ACTION,False,0.0
2026-08-21T00:41:23.179533,0.4749075370818722,0.003127481624535274,0.0,False,0,0.0,False,0.0,2.2266036933833675,6.417543834118504,-1.5353248002579107,CENTER,0.0,0.9321078731261023,0.00835778398560444,NORMAL,STABLE,NORMAL,NO_ACTION,False,0.0
2026-08-21T00:41:23.229895,0.4824315124671076,0.006530751208983882,0.0,False,0,0.0,False,0.0,2.5085655801818803,7.162683341294667,-1.4214861437941408,CENTER,0.0,0.927333663255683,0.009066339405406455,NORMAL,STABLE,NORMAL,NO_ACTION,False,0.0
2026-08-21T00:41:23.275122,0.4824612828757223,0.0031478260216462064,0.0,False,0,0.0,False,0.0,2.244084006944348,5.117970163890675,-1.5220728558139172,CENTER,0.0,0.9285214671516754,0.007411924449976872,NORMAL,STABLE,NORMAL,NO_ACTION,False,0.0
2026-08-21T00:41:23.338534,0.4688269519448949,0.004344878252573937,0.0,False,0,0.0,False,0.0,2.080836148603794,6.64442766177666,-1.353926249457004,CENTER,0.0,0.9296850274960807,0.008204759399993463,NORMAL,STABLE,NORMAL,NO_ACTION,False,0.0
2026-08-21T00:41:23.385019,0.48316585070371587,0.004437528692167246,0.0,False,0,0.0,False,0.0,2.075833948870468,4.9169859088816,-1.379952085941568,CENTER,0.0,0.9295824185834313,0.006962500454652277,NORMAL,STABLE,NORMAL,NO_ACTION,False,0.0
2026-08-21T00:41:23.448684,0.47848297701123016,0.006686347967834186,0.0,False,0,0.0,False,0.0,1.3746068977003745,6.120423282365863,-1.2504510931571247,CENTER,0.0,0.9259857061716147,0.0070325296809277725,NORMAL,STABLE,NORMAL,NO_ACTION,False,0.0
2026-08-21T00:41:23.496452,0.47432255779041743,0.006181530433811636,0.0,False,0,0.0,False,0.0,1.565402374381648,7.306614963801337,-1.2260055586257579,CENTER,0.0,0.924688500483784,0.008061763309803517,NORMAL,STABLE,NORMAL,NO_ACTION,False,0.0
2026-08-21T00:41:23.547280,0.4648073034960781,0.005532125362210804,0.0,False,0,0.0,False,0.0,1.5836467394525755,7.738976381889927,-1.3415793296034622,CENTER,0.0,0.9237582794434646,0.00850824401118273,NORMAL,STABLE,NORMAL,NO_ACTION,False,0.0
2026-08-21T00:41:23.591881,0.47687098456891436,0.006686815473816941,0.0,False,0,0.0,False,0.0,2.760325560580071,8.058600196000327,-1.2670272428655664,CENTER,0.0,0.9258413119427298,0.009816084747023278,NORMAL,STABLE,NORMAL,NO_ACTION,False,0.0
2026-08-21T00:41:23.650769,0.46986280084548737,0.005650221409172726,0.0,False,0,0.0,False,0.0,2.5152345603579533,5.523968998641237,-1.1755498209535347,CENTER,0.0,0.9280099451303156,0.0076352447663668764,NORMAL,STABLE,NORMAL,NO_ACTION,False,0.0
2026-08-21T00:41:23.697055,0.4581914278815813,0.006830126854222745,0.0,False,0,0.0,False,0.0,2.3243314290145634,7.997928800184297,-1.198664101731822,CENTER,0.0,0.9303526425938174,0.009280158022304686,NORMAL,STABLE,NORMAL,NO_ACTION,False,0.0
2026-08-21T00:41:23.759074,0.49239389675057943,0.004740023792635711,0.0,False,0,0.0,False,0.0,1.9928865049683395,7.814845273475157,-1.149738980825589,CENTER,0.0,0.928652770122967,0.008775593996978845,NORMAL,STABLE,NORMAL,NO_ACTION,False,0.0
2026-08-21T00:41:23.798403,0.4617029957822747,0.0028535439781699917,0.0,False,0,0.0,False,0.0,2.5273829616420187,5.604700951854369,-1.1348141282309143,CENTER,0.0,0.9288616446514305,0.007666396494896402,NORMAL,STABLE,NORMAL,NO_ACTION,False,0.0
2026-08-21T00:41:23.868444,0.46994221255671,0.0033684283690020326,0.0,False,0,0.0,False,0.0,2.2766453079975406,2.564002451314508,-1.0310211974283447,CENTER,0.0,0.9298265067729768,0.005098117294260981,NORMAL,STABLE,NORMAL,NO_ACTION,False,0.0
2026-08-21T00:41:23.915160,0.459781092064537,0.00424890958313968,0.0,False,0,0.0,False,0.0,2.056907443191591,6.345899073400858,-1.2632407535379002,CENTER,0.0,0.9310261917009601,0.007874826999785705,NORMAL,STABLE,NORMAL,NO_ACTION,False,0.0
2026-08-21T00:41:23.976609,0.44789877761604463,0.005633485553934658,0.0,False,0,0.0,False,0.0,2.0677925059626716,6.145213276893372,-1.408292044157406,CENTER,0.0,0.9317965458431317,0.007880111606033241,NORMAL,STABLE,NORMAL,NO_ACTION,False,0.0
2026-08-21T00:41:24.023148,0.46200535016860905,0.005347641683077842,0.0,False,0,0.0,False,0.0,1.8125646771217134,8.143702080812659,-1.2074173264715853,CENTER,0.0,0.9308125543491573,0.008896450842302919,NORMAL,STABLE,NORMAL,NO_ACTION,False,0.0
2026-08-21T00:41:24.069106,0.4685656306386342,0.005559663692506515,0.0,False,0,0.0,False,0.0,2.1082325458215223,6.520526725287908,-1.1148062780352745,CENTER,0.0,0.9311036070999902,0.007907830280528973,NORMAL,STABLE,NORMAL,NO_ACTION,False,0.0
2026-08-21T00:41:24.116720,0.4667466312140067,0.003244233936246811,0.0,False,0,0.0,False,0.0,2.0678943166315378,6.300529430914082,-1.1247559798789268,CENTER,0.0,0.9324430145257692,0.007717395097169615,NORMAL,STABLE,NORMAL,NO_ACTION,False,0.0
2026-08-21T00:41:24.164243,0.4675606998839302,0.004031843521611238,0.0,False,0,0.0,False,0.0,2.654121523202093,5.597080554787453,-1.155750500719165,CENTER,0.0,0.9333856891779346,0.00780475871346184,NORMAL,STABLE,NORMAL,NO_ACTION,False,0.0
2026-08-21T00:41:24.208266,0.46662111421272956,0.00439165690998589,0.0,False,0,0.0,False,0.0,2.2043331855495865,5.422635554437932,-1.194252407225946,CENTER,0.0,0.9341311100700568,0.007276376470374251,NORMAL,STABLE,NORMAL,NO_ACTION,False,0.0
2026-08-21T00:41:24.258455,0.46390903174386444,0.00409170843443734,0.0,False,0,0.0,False,0.0,2.534778605940545,2.966909610235291,-1.2007686988531816,CENTER,0.0,0.9350796406525574,0.005809677887397851,NORMAL,STABLE,NORMAL,NO_ACTION,False,0.0
2026-08-21T00:41:24.304178,0.46146648671542634,0.004976621188326847,0.0,False,0,0.0,False,0.0,2.3633856740222257,5.546110959546667,-1.213206488542454,CENTER,0.0,0.9353076575666276,0.007540131951486042,NORMAL,STABLE,NORMAL,NO_ACTION,False,0.0
2026-08-21T00:41:24.350448,0.47038926083947175,0.005120409143151271,0.0,False,0,0.0,False,0.0,2.8680200144792423,5.658512160618585,-1.1766387731126997,CENTER,0.0,0.9346418773270624,0.008078501859703588,NORMAL,STABLE,NORMAL,NO_ACTION,False,0.0
2026-08-21T00:41:24.395832,0.45258657204347885,0.005299371879191538,0.0,False,0,0.0,False,0.0,2.3239535351999336,6.994542237733981,-1.2235770152054783,CENTER,0.0,0.9348001436042523,0.008570601587432648,NORMAL,STABLE,NORMAL,NO_ACTION,False,0.0
2026-08-21T00:41:24.444118,0.4603969889007742,0.003595584863706516,0.0,False,0,0.0,False,0.0,2.3030912781737243,7.446717597620449,-1.2272118854446035,CENTER,0.0,0.9353271773344111,0.008884348305880764,NORMAL,STABLE,NORMAL,NO_ACTION,False,0.0
2026-08-21T00:41:24.506660,0.4543765333517726,0.0064696670825097865,0.0,False,0,0.0,False,0.0,2.9380262226366938,4.17527479078052,-1.2316423015999476,CENTER,0.0,0.9360546790797081,0.007116105864836288,NORMAL,STABLE,NORMAL,NO_ACTION,False,0.0
2026-08-21T00:41:24.555217,0.4500616121627603,0.006748834479015031,0.0,False,0,0.0,False,0.0,2.2178927055772135,4.424475253647074,-1.1452859439261829,CENTER,0.0,0.9367006402483833,0.006512217436392497,NORMAL,STABLE,NORMAL,NO_ACTION,False,0.0
2026-08-21T00:41:24.590082,0.46480571496575696,0.006880329638458216,0.0,False,0,0.0,False,0.0,1.7345671570884065,7.106291234179366,-1.2058570802858242,CENTER,0.0,0.9373133137063981,0.008060567897669351,NORMAL,STABLE,NORMAL,NO_ACTION,False,0.0
2026-08-21T00:41:24.637577,0.46241650166322024,0.006149496383242674,0.0,False,0,0.0,False,0.0,2.194138160475717,4.789830104934367,-1.0858847704141965,CENTER,0.0,0.935910506074858,0.006698241237417826,NORMAL,STABLE,NORMAL,NO_ACTION,False,0.0
2026-08-21T00:41:24.674212,0.4724792846504201,0.0014408999867565415,0.0,False,0,0.0,False,0.0,3.2982842549317013,5.628857873049725,-1.255770231376431,CENTER,0.0,0.9341665319419948,0.008553311784693396,NORMAL,STABLE,NORMAL,NO_ACTION,False,0.0
2026-08-21T00:41:24.724242,0.4304799788149868,0.004928344393447532,0.0,False,0,0.0,False,0.0,1.9066275536010266,8.235038620567337,-2.4033041484636044,CENTER,0.0,0.9190775952870861,0.010220478233421183,NORMAL,STABLE,NORMAL,NO_ACTION,False,0.0
2026-08-21T00:41:24.772352,0.4406529531951011,0.0026314706765185073,0.0,False,0,0.0,False,0.0,2.1460091461871116,6.786521259763646,-2.379241771264958,CENTER,0.0,0.9145024480085243,0.009371483296564136,NORMAL,STABLE,NORMAL,NO_ACTION,False,0.0
2026-08-21T00:41:24.835082,0.42646450688849386,0.003703272691145515,0.0,False,0,0.0,False,0.0,1.445906658486365,8.841499307065448,-2.7812027170638487,CENTER,0.0,0.9103632291972861,0.010583073933576314,NORMAL,STABLE,NORMAL,NO_ACTION,False,0.0
2026-08-21T00:41:24.880976,0.4225636739017327,0.004053627291151567,0.0,False,0,0.0,False,0.0,1.4833598538518231,9.468537830254945,-2.9372993006189176,CENTER,0.0,0.9077142535640798,0.01123008043583036,NORMAL,STABLE,NORMAL,NO_ACTION,False,0.0
2026-08-21T00:41:24.931698,0.42321302093561336,0.0019007155330240128,0.0,False,0,0.0,False,0.0,1.5936374801600266,11.624510707775215,-3.1300620532131234,CENTER,0.0,0.9071051977696943,0.013101444994351423,NORMAL,STABLE,NORMAL,NO_ACTION,False,0.0
2026-08-21T00:41:24.974287,0.41433824602903535,0.003647159764626601,0.0,False,0,0.0,False,0.0,2.4591297501855536,11.13725039808537,-3.6476500664391835,CENTER,0.0,0.9180872273356359,0.014093292022601137,NORMAL,STABLE,NORMAL,NO_ACTION,False,0.0
2026-08-21T00:41:25.047404,0.4226428296176268,0.004712362260100791,0.0,False,0,0.0,False,0.0,1.6848061406076056,14.501172389640033,-3.323341742939874,CENTER,0.0,0.917627614883402,0.015481507968594056,NORMAL,STABLE,NORMAL,NO_ACTION,False,0.0
2026-08-21T00:41:25.109183,0.40243996003291127,0.004511548417957632,0.0,False,0,0.0,False,0.0,1.4429274707339346,14.521881499543952,-3.278687244389772,CENTER,0.0,0.9160938165968548,0.015217374112847631,NORMAL,STABLE,NORMAL,NO_ACTION,False,0.0
2026-08-21T00:41:25.159073,0.40995370712994533,0.003049742741158118,0.0,False,0,0.0,False,0.0,1.6755371929404248,12.69273714721362,-3.39439683107571,CENTER,0.0,0.9132034334888791,0.014219772791838548,NORMAL,STABLE,NORMAL,NO_ACTION,False,0.0
2026-08-21T00:41:25.207634,0.41203399467361146,0.002169051227413652,0.0,False,0,0.0,False,0.0,1.0445283325877597,12.204289389719918,-3.3604201795372433,CENTER,0.0,0.9125062134100039,0.013214586310345947,NORMAL,STABLE,NORMAL,NO_ACTION,False,0.0
2026-08-21T00:41:25.248441,0.3958592573499452,0.0005159433399338393,0.0,False,0,0.0,False,0.0,2.1239371249121746,13.7365979419871,-3.237115022764243,CENTER,0.0,0.914220894878013,0.015266569789636203,NORMAL,STABLE,NORMAL,NO_ACTION,False,0.0
2026-08-21T00:41:25.293114,0.4114905464923265,0.0029112277059531945,0.0,False,0,0.0,False,0.0,1.5895098798872027,15.543956359681488,-3.4133164797958955,CENTER,0.0,0.9152370549492945,0.016238590282109368,NORMAL,STABLE,NORMAL,NO_ACTION,False,0.0
2026-08-21T00:41:25.339535,0.45017834467391316,0.002915182100026121,0.0,False,0,0.0,False,0.0,2.128910841372715,16.490841185435016,-3.1868011942494547,CENTER,0.0,0.9148229625955321,0.017235714351557928,NORMAL,STABLE,NORMAL,NO_ACTION,False,0.0
2026-08-21T00:41:25.388239,0.4536533977768602,0.003081285619914035,0.0,False,0,0.0,False,0.0,1.6176699987185543,16.357270716774906,-3.3029583143758146,CENTER,0.0,0.914097725143298,0.016753003265765638,NORMAL,STABLE,NORMAL,NO_ACTION,False,0.0
2026-08-21T00:41:25.431934,0.46482207063594916,0.001298513530606553,0.0,False,0,0.0,False,0.0,1.1557825568950193,16.00721459685576,-3.1388540605778132,CENTER,0.0,0.9134081568133939,0.015886985930910973,NORMAL,STABLE,NORMAL,NO_ACTION,False,0.0
2026-08-21T00:41:25.481215,0.46140957083376044,0.00371044205232514,0.0,False,0,0.0,False,0.0,1.5555361727103616,16.698568319716657,-3.060899089666009,CENTER,0.0,0.91322861398932,0.016706005362732805,NORMAL,STABLE,NORMAL,NO_ACTION,False,0.0
2026-08-21T00:41:25.526881,0.4458403104038654,0.005919165813131633,0.0,False,0,0.0,False,0.0,1.44645445834783,16.352989809501878,-3.0935772950547005,CENTER,0.0,0.9153368139758475,0.01637892213501846,NORMAL,STABLE,NORMAL,NO_ACTION,False,0.0
2026-08-21T00:41:25.583341,0.4660767428157159,0.004382302262908286,0.0,False,0,0.0,False,0.0,1.0086631444796978,15.772706377459258,-2.909715374272139,CENTER,0.0,0.9153784431339409,0.015348838500824833,NORMAL,STABLE,NORMAL,NO_ACTION,False,0.0
2026-08-21T00:41:25.666275,0.4608372657624793,0.0036663676251275593,0.0,False,0,0.0,False,0.0,1.875871156717892,15.939232466325763,-2.810176693764646,CENTER,0.0,0.9136590769216638,0.01621878382088388,NORMAL,STABLE,NORMAL,NO_ACTION,False,0.0
2026-08-21T00:41:25.711706,0.4670178764259145,0.00361324291053742,0.0,False,0,0.0,False,0.0,1.345261371463124,16.774088498970286,-2.941715410257274,CENTER,0.0,0.9126546417242309,0.016440100541859758,NORMAL,STABLE,NORMAL,NO_ACTION,False,0.0
2026-08-21T00:41:25.776477,0.4842375084146836,0.0038994289030677464,0.0,False,0,0.0,False,0.0,1.408251738995574,16.17556306321012,-3.5161127396920904,CENTER,0.0,0.9117094945681463,0.016623817520560677,NORMAL,STABLE,NORMAL,NO_ACTION,False,0.0
2026-08-21T00:41:25.839412,0.4492916524169995,0.002008830123916448,0.0,False,0,0.0,False,0.0,1.8365376550377164,15.21160008148658,-3.3945567393146234,CENTER,0.0,0.9102445620223397,0.01621812325094276,NORMAL,STABLE,NORMAL,NO_ACTION,False,0.0
2026-08-21T00:41:25.900865,0.4547945343086276,0.003763471221113276,0.0,False,0,0.0,False,0.0,2.161582403302134,15.934772673903439,-3.2462530347891914,CENTER,0.0,0.9092107690941603,0.016919020412786454,NORMAL,STABLE,NORMAL,NO_ACTION,False,0.0
2026-08-21T00:41:25.954296,0.4671496982719535,0.0035308450368685316,0.0,False,0,0.0,False,0.0,3.129285437483844,15.95622006398716,-3.4056013598577692,CENTER,0.0,0.9091484099426808,0.01803318893307211,NORMAL,STABLE,NORMAL,NO_ACTION,False,0.0
2026-08-21T00:41:26.026152,0.39867397104490254,0.0020425501509299154,0.0,False,0,0.0,False,0.0,3.311852086503734,12.748595955091446,-2.671625686936636,CENTER,0.0,0.9103596896127278,0.015150998771694884,NORMAL,STABLE,NORMAL,NO_ACTION,False,0.0
2026-08-21T00:41:26.070147,0.3965691118305751,0.0003587115080195915,0.0,False,0,0.0,False,0.0,2.8739110635930842,14.474631379337978,-2.8409792287927758,CENTER,0.0,0.910971100792426,0.01615093940242626,NORMAL,STABLE,NORMAL,NO_ACTION,False,0.0
2026-08-21T00:41:26.119813,0.4102759943941565,0.00037363506209359257,0.0,False,0,0.0,False,0.0,3.1349508383904094,14.275279693013005,-2.9508297896032047,CENTER,0.0,0.9109919348912403,0.016366706040695293,NORMAL,STABLE,NORMAL,NO_ACTION,False,0.0
2026-08-21T00:41:26.165014,0.4102411178813602,0.0015604054330584916,0.0,False,0,0.0,False,0.0,3.301639743729396,12.967096321550173,-2.4902358527545516,CENTER,0.0,0.9112927084864296,0.015123974500630192,NORMAL,STABLE,NORMAL,NO_ACTION,False,0.0
2026-08-21T00:41:26.217316,0.42189541625015725,0.00044811876129914965,0.0,False,0,0.0,False,0.0,2.393986599114754,11.97920864406035,-2.263963638207457,CENTER,0.0,0.91073098162233,0.013296643976966347,NORMAL,STABLE,NORMAL,NO_ACTION,False,0.0
2026-08-21T00:41:26.265816,0.4121031693598261,0.0033861159558381143,0.0,False,0,0.0,False,0.0,2.455364655127852,8.013064159144477,-1.6873222308641687,CENTER,0.0,0.908796156213257,0.009895209556871712,NORMAL,STABLE,NORMAL,NO_ACTION,False,0.0
2026-08-21T00:41:26.322693,0.42604777169421887,0.002969693017056972,0.0,False,0,0.0,False,0.0,3.6157333892093675,10.01237158209176,-1.4841204647029258,CENTER,0.0,0.9112194052518126,0.012289602865965997,NORMAL,STABLE,NORMAL,NO_ACTION,False,0.0
2026-08-21T00:41:26.370012,0.41133092302761903,0.0030810979954512202,0.0,False,0,0.0,False,0.0,4.223472447298548,9.539786565934179,-1.51039341445599,CENTER,0.0,0.9148143218449931,0.012562091409556697,NORMAL,STABLE,NORMAL,NO_ACTION,False,0.0
2026-08-21T00:41:26.431644,0.42120885324522017,0.000885774023413749,0.0,False,0,0.0,False,0.0,3.1522587830863813,10.696089670762547,-1.2346200532521152,CENTER,0.0,0.9154346860915147,0.012094489365897082,NORMAL,STABLE,NORMAL,NO_ACTION,False,0.0
2026-08-21T00:41:26.472530,0.43327083437178726,0.0023312442027024,0.0,False,0,0.0,False,0.0,3.098576262109731,9.423687022660005,-1.1737379045922296,CENTER,0.0,0.9148643054636978,0.011052708999704645,NORMAL,STABLE,NORMAL,NO_ACTION,False,0.0
2026-08-21T00:41:26.524142,0.4361585453667618,0.00019241391262374063,0.0,False,0,0.0,False,0.0,2.919883508902501,8.630148562201555,-0.8651428844531495,CENTER,0.0,0.9135453677677347,0.009997697675445238,NORMAL,STABLE,NORMAL,NO_ACTION,False,0.0
2026-08-21T00:41:26.570552,0.4368899882852165,0.0026394827717308375,0.0,False,0,0.0,False,0.0,2.6831566926264543,9.982038445206086,-0.9036558918151059,CENTER,0.0,0.9125055627510779,0.010792730427237936,NORMAL,STABLE,NORMAL,NO_ACTION,False,0.0
2026-08-21T00:41:26.624964,0.41818988589298645,0.0020070991617798643,0.0,False,0,0.0,False,0.0,2.0052511382470755,9.954413366004502,-0.7604223444239722,CENTER,0.0,0.9112629213207918,0.009972206147343492,NORMAL,STABLE,NORMAL,NO_ACTION,False,0.0
2026-08-21T00:41:26.664203,0.42354842509253066,0.0034870744141306813,0.0,False,0,0.0,False,0.0,2.7858078681900054,8.606794334476604,-0.8493661095856453,CENTER,0.0,0.9119651124338625,0.009834570885607314,NORMAL,STABLE,NORMAL,NO_ACTION,False,0.0
2026-08-21T00:41:26.726295,0.4341450835441827,0.0026665000801569033,0.0,False,0,0.0,False,0.0,2.0117829434825296,9.37625453528426,-0.6380086262302029,CENTER,0.0,0.9126704527361357,0.009436630088865427,NORMAL,STABLE,NORMAL,NO_ACTION,False,0.0
2026-08-21T00:41:26.796528,0.4368555325063668,0.0055132911887089305,0.0,False,0,0.0,False,0.0,2.1485268825142327,8.560674461045068,-0.6241729128822442,CENTER,0.0,0.912955935846561,0.008960239416355046,NORMAL,STABLE,NORMAL,NO_ACTION,False,0.0
2026-08-21T00:41:26.880861,0.42806373125943653,0.0015092570422804493,0.0,False,0,0.0,False,0.0,3.1316511568227554,3.3855443888323293,-0.5989242286645435,CENTER,0.0,0.9144065018432784,0.006110851537145756,NORMAL,STABLE,NORMAL,NO_ACTION,False,0.0
2026-08-21T00:41:26.936959,0.45181363911859884,0.0033302654396219723,0.0,False,0,0.0,False,0.0,3.263009544116329,5.868583625008881,-0.9311310065061491,CENTER,0.0,0.9160818054330786,0.008377756597835417,NORMAL,STABLE,NORMAL,NO_ACTION,False,0.0
2026-08-21T00:41:27.016363,0.4688912340699295,0.005501914175771213,0.0,False,0,0.0,False,0.0,2.2115578769854665,8.733299942838386,-1.2875917988978642,CENTER,0.0,0.9141587569505683,0.009794468453228187,NORMAL,STABLE,NORMAL,NO_ACTION,False,0.0
2026-08-21T00:41:27.194450,0.4599289705889393,0.0028003809302272757,0.0,False,0,0.0,False,0.0,1.5564748455819313,8.00547705492113,-1.1969294264346502,CENTER,0.0,0.9106673341661767,0.008535586806245056,NORMAL,STABLE,NORMAL,NO_ACTION,False,0.0
2026-08-21T00:41:27.312667,0.4268405137064756,0.0045024749773352616,0.0,False,0,0.0,False,0.0,2.1055138366152164,9.321923855827947,-1.4478164664887174,CENTER,0.0,0.9160564427481385,0.010277556720248436,NORMAL,STABLE,NORMAL,NO_ACTION,False,0.0
2026-08-21T00:41:27.415928,0.4290882860883895,0.001472449295687689,0.0,False,0,0.0,False,0.0,1.542614513711527,9.789405867265458,-1.123960671916052,CENTER,0.0,0.9144972427371154,0.00975499959656596,NORMAL,STABLE,NORMAL,NO_ACTION,False,0.0
2026-08-21T00:41:27.488248,0.43438084361024065,0.004591736291729297,0.0,False,0,0.0,False,0.0,1.760217976722032,11.369639951889667,-1.6469029079655684,CENTER,0.0,0.9105501895331178,0.011631920905072953,NORMAL,STABLE,NORMAL,NO_ACTION,False,0.0
2026-08-21T00:41:27.544995,0.4211622640180357,0.0035011319963911794,0.0,False,0,0.0,False,0.0,2.1054362527790147,9.74798986161207,-1.525107161854578,CENTER,0.0,0.9122352269804528,0.010664264922848582,NORMAL,STABLE,NORMAL,NO_ACTION,False,0.0
2026-08-21T00:41:27.606734,0.39507561273301695,0.0019670285941929366,0.0,False,0,0.0,False,0.0,1.9017983653095314,11.215408103991308,-2.0235459158490414,CENTER,0.0,0.9145756991904272,0.012024269355898688,NORMAL,STABLE,NORMAL,NO_ACTION,False,0.0
2026-08-21T00:41:27.661896,0.410859791212586,0.0013292524752850873,0.0,False,0,0.0,False,0.0,2.368910631452451,14.168693947333963,-2.199839410803321,CENTER,0.0,0.9127444847087497,0.014810205168378405,NORMAL,STABLE,NORMAL,NO_ACTION,False,0.0
2026-08-21T00:41:27.737147,0.41977133873042916,0.0022544624763706387,0.0,False,0,0.0,False,0.0,1.5780535835275487,13.178106634676425,-2.278105097533654,CENTER,0.0,0.9115183049492945,0.01339155814529096,NORMAL,STABLE,NORMAL,NO_ACTION,False,0.0
2026-08-21T00:41:27.789925,0.39747580292193474,0.0019692597427940855,0.0,False,0,0.0,False,0.0,2.1269917106973537,13.049847182434007,-2.3859640053582325,CENTER,0.0,0.9114029951744073,0.013937954291307106,NORMAL,STABLE,NORMAL,NO_ACTION,False,0.0
2026-08-21T00:41:27.845508,0.3839793403292533,0.0041030891115243166,0.0,False,0,0.0,False,0.0,2.1280215809514686,12.10926476068434,-2.5854920929957075,CENTER,0.0,0.9156439249889771,0.013445869633977028,NORMAL,STABLE,NORMAL,NO_ACTION,False,0.0
2026-08-21T00:41:27.892112,0.3906024948537201,0.0015773407178003476,0.0,False,0,0.0,False,0.0,1.7318529799750593,14.525941964036065,-2.5701971759791604,CENTER,0.0,0.9162038169949049,0.014811409969767318,NORMAL,STABLE,NORMAL,NO_ACTION,False,0.0
2026-08-21T00:41:27.955633,0.38010081443115773,0.0033439456826848796,0.0,False,0,0.0,False,0.0,2.1683309433038005,15.583960212699424,-2.3421916850165303,CENTER,0.0,0.9159779212289341,0.015788004666515493,NORMAL,STABLE,NORMAL,NO_ACTION,False,0.0
2026-08-21T00:41:28.008102,0.3934026446468406,0.0023664962119169805,0.0,False,0,0.0,False,0.0,1.4992589243340433,15.300065362232061,-2.3039442726538937,CENTER,0.0,0.9163701644559572,0.014891084033783607,NORMAL,STABLE,NORMAL,NO_ACTION,False,0.0
2026-08-21T00:41:28.064106,0.40396159413237853,0.0005940163666052031,0.0,False,0,0.0,False,0.0,2.1341368660306443,16.028524064363978,-2.2477053344095737,CENTER,0.0,0.9166259905325298,0.015987558721942692,NORMAL,STABLE,NORMAL,NO_ACTION,False,0.0
2026-08-21T00:41:28.111932,0.4031642165010005,0.0023910549045540333,0.0,False,0,0.0,False,0.0,1.9879173072118306,16.36582534797307,-2.357546205418572,CENTER,0.0,0.9192928853125613,0.016198667177008,NORMAL,STABLE,NORMAL,NO_ACTION,False,0.0
2026-08-21T00:41:28.175163,0.39824110135663826,0.0036415349370141027,0.0,False,0,0.0,False,0.0,0.8483699132239337,15.371988884749243,-2.601089324433673,CENTER,0.0,0.918933799664413,0.01459888002068181,NORMAL,STABLE,NORMAL,NO_ACTION,False,0.0
2026-08-21T00:41:28.220861,0.4169323608662432,0.002407903387205616,0.0,False,0,0.0,False,0.0,1.6001378510206337,15.656078784373989,-2.5640916928452384,CENTER,0.0,0.9178808903769841,0.015503205294489633,NORMAL,STABLE,NORMAL,NO_ACTION,False,0.0
2026-08-21T00:41:28.282924,0.3951029083155586,0.0022360838476919395,0.0,False,0,0.0,False,0.0,1.7821501542780709,15.648177191687296,-2.467279426776969,CENTER,0.0,0.9160075782627866,0.01558047024836307,NORMAL,STABLE,NORMAL,NO_ACTION,False,0.0
2026-08-21T00:41:28.346838,0.4268071822632487,0.004111763175097623,0.0,False,0,0.0,False,0.0,1.9023235501954048,15.25806995669754,-2.795105601642234,CENTER,0.0,0.9128270403132961,0.015731950896063152,NORMAL,STABLE,NORMAL,NO_ACTION,False,0.0
2026-08-21T00:41:28.401996,0.4197804824713587,0.0019424712698103783,0.0,False,0,0.0,False,0.0,2.0104213985400463,15.555912493658695,-2.966214566174358,CENTER,0.0,0.9140166660542819,0.016221803445378585,NORMAL,STABLE,NORMAL,NO_ACTION,False,0.0
2026-08-21T00:41:28.443105,0.4112442837089725,0.0043283931832446354,0.0,False,0,0.0,False,0.0,2.0036220332333983,16.149359902862727,-2.7828540059475415,CENTER,0.0,0.9147272116279639,0.016470268973029226,NORMAL,STABLE,NORMAL,NO_ACTION,False,0.0
2026-08-21T00:41:28.503068,0.40649772644707094,0.003975062393536998,0.0,False,0,0.0,False,0.0,0.9095486386544565,15.94018903793318,-2.8725885674911353,CENTER,0.0,0.9135242864185285,0.015338478542490716,NORMAL,STABLE,NORMAL,NO_ACTION,False,0.0
2026-08-21T00:41:28.577332,0.40967061483361256,0.003936809910417974,0.0,False,0,0.0,False,0.0,0.8656870382641841,13.588109250511081,-2.857153459470851,CENTER,0.0,0.9133138893481776,0.013561327909959401,NORMAL,STABLE,NORMAL,NO_ACTION,False,0.0
2026-08-21T00:41:28.678699,0.4191513517148341,0.001973114683994415,0.0,False,0,0.0,False,0.0,2.0563085128388536,15.468835957219,-3.0443461596716475,CENTER,0.0,0.910225341557662,0.016279026939985133,NORMAL,STABLE,NORMAL,NO_ACTION,False,0.0
2026-08-21T00:41:28.757696,0.41029264973508955,0.0016455044164148894,0.0,False,0,0.0,False,0.0,0.818103750846376,16.17371045775471,-3.0232071171699886,CENTER,0.0,0.9089464193856555,0.015566855469134888,NORMAL,STABLE,NORMAL,NO_ACTION,False,0.0
2026-08-21T00:41:28.820751,0.4077940536194926,0.001813568174024838,0.0,False,0,0.0,False,0.0,0.721680726152897,15.551454152304444,-3.0824570307250667,CENTER,0.0,0.9081283849573781,0.015075758646302433,NORMAL,STABLE,NORMAL,NO_ACTION,False,0.0
2026-08-21T00:41:28.883294,0.4184702053402696,0.003283102787825833,0.0,False,0,0.0,False,0.0,0.3520179693201726,14.883577277265147,-3.062633938077994,CENTER,0.0,0.9072428902116403,0.014207928718661817,NORMAL,STABLE,NORMAL,NO_ACTION,False,0.0
2026-08-21T00:41:28.931369,0.405845871995006,0.004649266407940962,0.0,False,0,0.0,False,0.0,0.33445375507059794,15.275167516870255,-2.9341963492143464,CENTER,0.0,0.9065308611356065,0.014351876941459682,NORMAL,STABLE,NORMAL,NO_ACTION,False,0.0
2026-08-21T00:41:28.983430,0.4147845714908033,0.005095486612697615,0.0,False,0,0.0,False,0.0,1.4493126827568403,14.575110009155082,-2.137490597998294,CENTER,0.0,0.9108373903831078,0.014150229812496536,NORMAL,STABLE,NORMAL,NO_ACTION,False,0.0
2026-08-21T00:41:29.039663,0.4191359451838532,0.0020794443843104977,0.0,False,0,0.0,False,0.0,1.2305558850776492,13.267509291547071,-2.2690141654136937,CENTER,0.0,0.9112975363756614,0.013109358693130258,NORMAL,STABLE,NORMAL,NO_ACTION,False,0.0
2026-08-21T00:41:29.102153,0.41094316465667674,0.005044375984918183,0.0,False,0,0.0,False,0.0,1.1012176578690855,13.507728060069837,-2.2551897787732287,CENTER,0.0,0.9112803850063688,0.01314542249677845,NORMAL,STABLE,NORMAL,NO_ACTION,False,0.0
2026-08-21T00:41:29.170583,0.4064284824436548,0.0024352018997200573,0.0,False,0,0.0,False,0.0,1.123230674147976,13.527886947098608,-2.159225897506417,CENTER,0.0,0.9108977585182735,0.013088081658848292,NORMAL,STABLE,NORMAL,NO_ACTION,False,0.0
2026-08-21T00:41:29.224910,0.4022664481116305,0.001348104305513775,0.0,False,0,0.0,False,0.0,2.185675154326333,15.794774507544673,-2.341593690082391,CENTER,0.0,0.9181947161902313,0.01595843053125461,NORMAL,STABLE,NORMAL,NO_ACTION,False,0.0
2026-08-21T00:41:29.266120,0.40001255575491856,0.0011038432938340445,0.0,False,0,0.0,False,0.0,1.8083762048947847,14.115703633777343,-2.359038985991816,CENTER,0.0,0.9181649680641291,0.014380304986568818,NORMAL,STABLE,NORMAL,NO_ACTION,False,0.0
2026-08-21T00:41:29.301589,0.40367502480449396,0.004277754662717279,0.0,False,0,0.0,False,0.0,2.2056122290323685,14.099698271905623,-2.2103487112512425,CENTER,0.0,0.9189408918467078,0.014610852479739596,NORMAL,STABLE,NORMAL,NO_ACTION,False,0.0
2026-08-21T00:41:29.342094,0.4277861017021056,0.0014973268024478451,0.0,False,0,0.0,False,0.0,1.724179540166375,15.188271637816086,-2.399479436917659,CENTER,0.0,0.9180487473667451,0.015121698543319783,NORMAL,STABLE,NORMAL,NO_ACTION,False,0.0
2026-08-21T00:41:29.382449,0.406166764322142,0.0025764517537811807,0.0,False,0,0.0,False,0.0,1.0053372215496381,13.033965495373081,-2.2027473409420395,CENTER,0.0,0.9158899521421223,0.012654540627701256,NORMAL,STABLE,NORMAL,NO_ACTION,False,0.0
2026-08-21T00:41:29.434554,0.39987031132084916,0.0035573898546097226,0.0,False,0,0.0,False,0.0,1.062927316606192,13.58111178134942,-2.3832065548620562,CENTER,0.0,0.9142980370002939,0.013286518233411612,NORMAL,STABLE,NORMAL,NO_ACTION,False,0.0
2026-08-21T00:41:29.492529,0.42710382961960563,0.004523956031124303,0.0,False,0,0.0,False,0.0,1.5640936976398052,11.45236424055409,-2.123817140191079,CENTER,0.0,0.9163738732118362,0.011966066294587184,NORMAL,STABLE,NORMAL,NO_ACTION,False,0.0
2026-08-21T00:41:29.555216,0.4221313176191236,0.004953249277661447,0.0,False,0,0.0,False,0.0,2.273513752431427,11.641369700192854,-2.1512227718953056,CENTER,0.0,0.9185522272437782,0.012822381870829798,NORMAL,STABLE,NORMAL,NO_ACTION,False,0.0
2026-08-21T00:41:29.596715,0.40396480663293843,0.002847570153930047,0.0,False,0,0.0,False,0.0,1.7344643603860277,13.450831382767376,-2.386303445608462,CENTER,0.0,0.9201884392452968,0.01384882197180314,NORMAL,STABLE,NORMAL,NO_ACTION,False,0.0
2026-08-21T00:41:29.649303,0.41565952961415725,0.0027953221965587353,0.0,False,0,0.0,False,0.0,1.9312385778598298,13.875956203984714,-2.332097689986824,CENTER,0.0,0.920935447745199,0.014298541345843263,NORMAL,STABLE,NORMAL,NO_ACTION,False,0.0
2026-08-21T00:41:29.688195,0.40443396489248473,0.0016649639613390897,0.0,False,0,0.0,False,0.0,1.6911337171629555,11.81421557385218,-2.5201324074160425,CENTER,0.0,0.9196955000428669,0.012740670375212605,NORMAL,STABLE,NORMAL,NO_ACTION,False,0.0
2026-08-21T00:41:29.731897,0.40808192146298145,0.003907786092035726,0.0,False,0,0.0,False,0.0,1.2090958489975208,12.857442755242005,-2.476062761901801,CENTER,0.0,0.918469229191162,0.012990487989601193,NORMAL,STABLE,NORMAL,NO_ACTION,False,0.0
2026-08-21T00:41:29.771259,0.40665591985449623,0.0021838905852954948,0.0,False,0,0.0,False,0.0,1.7007833190272947,13.6489950174753,-2.6669411455447687,CENTER,0.0,0.9180773112936018,0.014234376927561928,NORMAL,STABLE,NORMAL,NO_ACTION,False,0.0
2026-08-21T00:41:29.808536,0.412794433783604,0.0013344921266868134,0.0,False,0,0.0,False,0.0,1.9792215608030403,14.468246982894613,-2.337543578780725,CENTER,0.0,0.9178944501090045,0.014783577365258017,NORMAL,STABLE,NORMAL,NO_ACTION,False,0.0
2026-08-21T00:41:29.850057,0.40356377328314774,0.003669581780249751,0.0,False,0,0.0,False,0.0,2.3325705486753634,15.66067856262319,-2.5122402949542675,CENTER,0.0,0.9227132171026848,0.016169902305650116,NORMAL,STABLE,NORMAL,NO_ACTION,False,0.0
2026-08-21T00:41:29.897008,0.39450920974294,0.0025382393658177397,0.0,False,0,0.0,False,0.0,2.5634163889150727,13.826846190145545,-2.5671612206793384,CENTER,0.0,0.9239136047423084,0.015107906678560986,NORMAL,STABLE,NORMAL,NO_ACTION,False,0.0
2026-08-21T00:41:29.955178,0.40796457445548884,0.0013890152635452006,0.0,False,0,0.0,False,0.0,2.258600191059287,13.241782830385034,-2.6807425808334244,CENTER,0.0,0.925230434303351,0.014493840053295797,NORMAL,STABLE,NORMAL,NO_ACTION,False,0.0
2026-08-21T00:41:30.002744,0.40338265435145504,0.002045530812709646,0.0,False,0,0.0,False,0.0,2.0436264796662442,15.646580783572745,-2.673398887150398,CENTER,0.0,0.9247136939974034,0.016035049663251654,NORMAL,STABLE,NORMAL,NO_ACTION,False,0.0
2026-08-21T00:41:30.052862,0.4060312391813818,0.0027606647902704215,0.0,False,0,0.0,False,0.0,2.085515922743298,14.808851089498432,-2.6819984980512004,CENTER,0.0,0.924148752878209,0.015471883760154312,NORMAL,STABLE,NORMAL,NO_ACTION,False,0.0
2026-08-21T00:41:30.115748,0.41633219554495293,0.0017628675275692845,0.0,False,0,0.0,False,0.0,2.0959809631072233,14.110150929003481,-2.718807918418662,CENTER,0.0,0.9232058179624731,0.0150072145012461,NORMAL,STABLE,NORMAL,NO_ACTION,False,0.0
2026-08-21T00:41:30.161895,0.41631007751885585,0.0019407172946401242,0.0,False,0,0.0,False,0.0,2.429991831601342,16.306324622950058,-2.6946430263574825,CENTER,0.0,0.9201915884344994,0.016914598757476966,NORMAL,STABLE,NORMAL,NO_ACTION,False,0.0
2026-08-21T00:41:30.224310,0.4131254551299132,0.006024179640948991,0.0,False,0,0.0,False,0.0,2.2908216719901304,14.818356350962915,-3.1165291335294967,CENTER,0.0,0.9118693094135804,0.016102454258032955,NORMAL,STABLE,NORMAL,NO_ACTION,False,0.0
2026-08-21T00:41:30.267633,0.39558821144326395,0.002569477450259261,0.0,False,0,0.0,False,0.0,1.616903436317557,14.894777974736229,-3.0787515210462857,CENTER,0.0,0.9120214464836861,0.01546465734738403,NORMAL,STABLE,NORMAL,NO_ACTION,False,0.0
2026-08-21T00:41:30.322962,0.37269250458812087,0.0017592715406185564,0.0,False,0,0.0,False,0.0,1.9756446984490594,14.381103367479255,-3.3418387499905577,CENTER,0.0,0.9128156407689104,0.01569523486749421,NORMAL,STABLE,NORMAL,NO_ACTION,False,0.0
2026-08-21T00:41:30.366995,0.3756077603754411,0.0010399163919920398,0.0,False,0,0.0,False,0.0,1.1032737608261982,14.575730607325454,-3.318149024040224,CENTER,0.0,0.9128100711285028,0.014964152768382566,NORMAL,STABLE,NORMAL,NO_ACTION,False,0.0
2026-08-21T00:41:30.414415,0.3558267424032209,0.0021347480945120225,0.0,False,0,0.0,False,0.0,1.2193520716054422,15.191429472212462,-3.47086981422558,CENTER,0.0,0.9117256048831569,0.01567621246587755,NORMAL,STABLE,NORMAL,NO_ACTION,False,0.0
2026-08-21T00:41:30.459473,0.34581607840952694,0.00224622932715448,0.0,False,0,0.0,False,0.0,0.7952769846752119,15.87445480516152,-3.5524839723131265,CENTER,0.0,0.9113460234788359,0.015841717408245103,NORMAL,STABLE,NORMAL,NO_ACTION,False,0.0
2026-08-21T00:41:30.498267,0.3542997375995881,0.0032008730118316393,0.0,False,0,0.0,False,0.0,1.4969053879555076,14.730402113378972,-3.519126913166332,CENTER,0.0,0.91105464539854,0.015656758173641393,NORMAL,STABLE,NORMAL,NO_ACTION,False,0.0
2026-08-21T00:41:30.536141,0.3363803146785985,0.002434436282201745,0.0,False,0,0.0,False,0.0,1.3240946498673054,14.487029250562244,-3.8252615911737564,CENTER,0.0,0.9109120730146483,0.01560879939470053,NORMAL,STABLE,NORMAL,NO_ACTION,False,0.0
2026-08-21T00:41:30.582478,0.3227083875742892,0.0009007660678141161,0.0,False,0,0.0,False,0.0,1.4716515305706253,12.93453645457592,-3.7698340128084737,CENTER,0.0,0.9138602086089066,0.014563730881394772,NORMAL,STABLE,NORMAL,NO_ACTION,False,0.0
2026-08-21T00:41:30.613595,0.32317162748310757,0.0037298521971708795,0.0,False,0,0.0,False,0.0,1.2975365325455357,12.000005813077138,-3.66000612344385,CENTER,0.0,0.9152314332561728,0.013603846993954423,NORMAL,STABLE,NORMAL,NO_ACTION,False,0.0
2026-08-21T00:41:30.662064,0.3303101275822371,0.0026558936746826135,0.0,False,0,0.0,False,0.0,0.973795292325832,11.356474373757294,-3.8163317562146233,CENTER,0.0,0.9156269688173623,0.012970256168477998,NORMAL,STABLE,NORMAL,NO_ACTION,False,0.0
2026-08-21T00:41:30.708821,0.32383178141354385,0.0034600234905412535,0.0,False,0,0.0,False,0.0,0.5440420046229519,11.19468510088555,-3.7115614061365534,CENTER,0.0,0.9157444908325986,0.012331010951679988,NORMAL,STABLE,NORMAL,NO_ACTION,False,0.0
2026-08-21T00:41:30.756409,0.3435932964369956,0.002434658304144254,0.0,False,0,0.0,False,0.0,0.6534479019998116,12.974397296855358,-3.539684705831604,CENTER,0.0,0.9152123689496374,0.013571082437108124,NORMAL,STABLE,NORMAL,NO_ACTION,False,0.0
2026-08-21T00:41:30.804298,0.32332157231084996,0.002988273656539939,0.0,False,0,0.0,False,0.0,1.1104171444288227,11.908087625461661,-3.5019064148442,CENTER,0.0,0.9148611042217814,0.013200184481841392,NORMAL,STABLE,NORMAL,NO_ACTION,False,0.0
2026-08-21T00:41:30.852649,0.32388292176403016,0.001768376633363875,0.0,False,0,0.0,False,0.0,1.391065369931198,12.676942586084323,-3.58384831847232,CENTER,0.0,0.9141401611184597,0.01411561464714109,NORMAL,STABLE,NORMAL,NO_ACTION,False,0.0
2026-08-21T00:41:30.882596,0.3356656437912977,0.0043006808682579676,0.0,False,0,0.0,False,0.0,1.4814194122869822,12.196583569691711,-3.5346427523631405,CENTER,0.0,0.9145760505462474,0.013804580742611018,NORMAL,STABLE,NORMAL,NO_ACTION,False,0.0
2026-08-21T00:41:30.930961,0.3297157181004644,0.002803585601342352,0.0,False,0,0.0,False,0.0,1.5854867698443513,10.82789980791182,-3.7109346215998187,CENTER,0.0,0.9150701088820302,0.013077335523760267,NORMAL,STABLE,NORMAL,NO_ACTION,False,0.0
2026-08-21T00:41:30.977776,0.34421312405123883,0.0033542379238594273,0.0,False,0,0.0,False,0.0,2.1044472058767667,12.889095641689408,-3.94038996599852,CENTER,0.0,0.9167909846230159,0.01531350770286778,NORMAL,STABLE,NORMAL,NO_ACTION,False,0.0
2026-08-21T00:41:31.025107,0.3378996778666517,0.0023507117139397304,0.0,False,0,0.0,False,0.0,1.9032673725151312,14.147318201372315,-3.88544452479627,CENTER,0.0,0.9148177182845875,0.01598362626543922,NORMAL,STABLE,NORMAL,NO_ACTION,False,0.0
2026-08-21T00:41:31.070460,0.34029524417425433,0.0022319601072989456,0.0,False,0,0.0,False,0.0,1.8102029284725063,14.270331665723859,-3.6741475420669474,CENTER,0.0,0.9124747735706938,0.015776899824397998,NORMAL,STABLE,NORMAL,NO_ACTION,False,0.0
2026-08-21T00:41:31.117285,0.3483122600272631,0.001333630621939534,0.0,False,0,0.0,False,0.0,1.501437126933439,13.166881992019455,-3.6425231869154118,CENTER,0.0,0.9113184095140114,0.014638520280568655,NORMAL,STABLE,NORMAL,NO_ACTION,False,0.0
2026-08-21T00:41:31.154062,0.320673110260272,0.0015392332085937092,0.0,False,0,0.0,False,0.0,1.0982757788162871,11.210722382224048,-3.633093638548104,CENTER,0.0,0.9114866568991279,0.01280644366864759,NORMAL,STABLE,NORMAL,NO_ACTION,False,0.0
2026-08-21T00:41:31.211352,0.3452133696822349,0.003614232293463167,0.0,False,0,0.0,False,0.0,1.7856384384122066,12.28116842872646,-3.656492713416384,CENTER,0.0,0.9129995690341467,0.014281683697245064,NORMAL,STABLE,NORMAL,NO_ACTION,False,0.0
2026-08-21T00:41:31.257981,0.34355017237771357,0.0013698779006724657,0.0,False,0,0.0,False,0.0,1.9187520547105237,12.402286520784315,-3.598621127566588,CENTER,0.0,0.9147700119721244,0.014443555626574412,NORMAL,STABLE,NORMAL,NO_ACTION,False,0.0
2026-08-21T00:41:31.307180,0.37503472065675797,0.002360332200800686,0.0,False,0,0.0,False,0.0,1.7291962492359119,13.51433712144896,-4.207368481269754,CENTER,0.0,0.9130934461040076,0.015665026872897062,NORMAL,STABLE,NORMAL,NO_ACTION,False,0.0
2026-08-21T00:41:31.338013,0.37384293369559973,0.002796866489079294,0.0,False,0,0.0,False,0.0,1.7491731384912725,15.46683974871479,-4.3633277390832745,CENTER,0.0,0.9125889251726925,0.017263772601472355,NORMAL,STABLE,NORMAL,NO_ACTION,False,0.0
2026-08-21T00:41:31.384359,0.3888851970184793,0.002537755964479341,0.0,False,0,0.0,False,0.0,0.9476102784360592,15.487183793693475,-4.374173603500509,CENTER,0.0,0.9115834879605134,0.016507964646400267,NORMAL,STABLE,NORMAL,NO_ACTION,False,0.0
2026-08-21T00:41:31.432142,0.38238567434120685,0.0008493987215481525,0.0,False,0,0.0,False,0.0,1.036548099961152,15.580032175859657,-4.440314784669539,CENTER,0.0,0.9112086693795316,0.01672698539622362,NORMAL,STABLE,NORMAL,NO_ACTION,False,0.0
2026-08-21T00:41:31.464256,0.36373424777188335,0.003077887970141208,0.0,False,0,0.0,False,0.0,1.6251084150936776,16.525861473197693,-4.548402136746631,CENTER,0.0,0.9111231727966393,0.01809737490910193,NORMAL,STABLE,NORMAL,NO_ACTION,False,0.0
2026-08-21T00:41:31.495572,0.36962203728161536,0.002010693112790291,0.0,False,0,0.0,False,0.0,2.0982555977400636,15.746468701148274,-4.2688578413196865,CENTER,0.0,0.9119799864969137,0.017716340121755318,NORMAL,STABLE,NORMAL,NO_ACTION,False,0.0
2026-08-21T00:41:31.542337,0.36334696212106943,0.0018787351546310604,0.0,False,0,0.0,False,0.0,1.61097327422317,16.295577057839125,-4.374295896282348,CENTER,0.0,0.9138443455442876,0.017745567216262047,NORMAL,STABLE,NORMAL,NO_ACTION,False,0.0
2026-08-21T00:41:31.589863,0.36530154417386135,0.0025479026630003273,0.0,False,0,0.0,False,0.0,1.644821351962804,15.971980811844645,-4.358767251685805,CENTER,0.0,0.9142690045990103,0.017526875450811007,NORMAL,STABLE,NORMAL,NO_ACTION,False,0.0
2026-08-21T00:41:31.638191,0.36493132901420633,0.004640460834080085,0.0,False,0,0.0,False,0.0,1.6894670485372671,16.15667132889112,-4.3347674376551595,CENTER,0.0,0.913879246889085,0.01768200583124831,NORMAL,STABLE,NORMAL,NO_ACTION,False,0.0
2026-08-21T00:41:31.685073,0.36788192175069323,0.001572541148290368,0.0,False,0,0.0,False,0.0,1.1116583412415082,17.100162274109124,-4.48003539676418,CENTER,0.0,0.9127845392722419,0.017950112518116502,NORMAL,STABLE,NORMAL,NO_ACTION,False,0.0
2026-08-21T00:41:31.734234,0.3727218158014729,0.00208985821820418,0.0,False,0,0.0,False,0.0,0.6822934121647393,16.926768544154413,-4.6954116595059645,CENTER,0.0,0.9094231701940035,0.017614796763924478,NORMAL,STABLE,NORMAL,NO_ACTION,False,0.0
2026-08-21T00:41:31.764565,0.3579205996084842,0.0019414878270906548,0.0,False,0,0.0,False,0.0,1.8671477775342566,17.399316113266565,-4.608785559414173,CENTER,0.0,0.9107427195093573,0.019030624192883382,NORMAL,STABLE,NORMAL,NO_ACTION,False,0.0
2026-08-21T00:41:31.811483,0.3771416077468539,0.003758519971891584,0.0,False,0,0.0,False,0.0,1.3435898272907139,16.275382927726383,-4.471013324889725,CENTER,0.0,0.914264489026063,0.017564464276778973,NORMAL,STABLE,NORMAL,NO_ACTION,False,0.0
2026-08-21T00:41:31.857360,0.34872997360987634,0.0007159019112249862,0.0,False,0,0.0,False,0.0,1.7826262398065182,17.930439187840705,-4.434855609772399,CENTER,0.0,0.9186106694285224,0.019166970019940978,NORMAL,STABLE,NORMAL,NO_ACTION,False,0.0
2026-08-21T00:41:31.905063,0.34006793025321397,0.001562993251616116,0.0,False,0,0.0,False,0.0,1.293006173669994,18.672873899283587,-4.335489417743503,CENTER,0.0,0.920530165313296,0.019135624771809148,NORMAL,STABLE,NORMAL,NO_ACTION,False,0.0
2026-08-21T00:41:31.951488,0.360657514437569,0.003342243165234468,0.0,False,0,0.0,False,0.0,1.4888117818410365,18.934719174744515,-4.24419656455666,CENTER,0.0,0.9215709072788065,0.019428896420522496,NORMAL,STABLE,NORMAL,NO_ACTION,False,0.0
2026-08-21T00:41:31.997460,0.38308675460092856,0.002505329317085059,0.0,False,0,0.0,False,0.0,1.7058414178997623,19.1598756978087,-3.9830641804884124,CENTER,0.0,0.9224551137198708,0.0195504993876654,NORMAL,STABLE,NORMAL,NO_ACTION,False,0.0
2026-08-21T00:41:32.037529,0.37961755779171136,0.0017574611200363954,0.0,False,0,0.0,False,0.0,1.2364616123910537,19.125371874477793,-4.2481980238394215,CENTER,0.0,0.9219401041666666,0.019326207156031987,NORMAL,STABLE,NORMAL,NO_ACTION,False,0.0
2026-08-21T00:41:32.082298,0.3965544153821922,0.0014236820726720853,0.0,False,0,0.0,False,0.0,1.9347956595986773,19.126805558684907,-4.070934518732031,CENTER,0.0,0.921885487856408,0.019835121196242093,NORMAL,STABLE,NORMAL,NO_ACTION,False,0.0
2026-08-21T00:41:32.122759,0.3934775730394777,0.0016300578985607153,0.0,False,0,0.0,False,0.0,1.5532718439825999,18.921034826187054,-4.1268321347717745,CENTER,0.0,0.9219238246803351,0.019367329530599085,NORMAL,STABLE,NORMAL,NO_ACTION,False,0.0
2026-08-21T00:41:32.168360,0.4134373009928381,0.0010672919031749113,0.0,False,0,0.0,False,0.0,1.6759618260817604,17.44681736941166,-4.164063779028993,CENTER,0.0,0.927197115973447,0.01844555422238743,NORMAL,STABLE,NORMAL,NO_ACTION,False,0.0
2026-08-21T00:41:32.215799,0.40769199582362886,0.0028718585842545832,0.0,False,0,0.0,False,0.0,1.7376100514385087,19.05554716199373,-4.103579528365174,CENTER,0.0,0.9301622597920342,0.01962266077124657,NORMAL,STABLE,NORMAL,NO_ACTION,False,0.0
2026-08-21T00:41:32.262746,0.40125947783676347,0.0006642839923479324,0.0,False,0,0.0,False,0.0,1.6931945477754482,19.477864002923013,-4.011434725017267,CENTER,0.0,0.9314098722565157,0.019798272197841107,NORMAL,STABLE,NORMAL,NO_ACTION,False,0.0
2026-08-21T00:41:32.309716,0.4058257036528419,0.001985587719530734,0.0,False,0,0.0,False,0.0,2.1780232151130576,19.358108205397457,-4.037417242006228,CENTER,0.0,0.9306414961174799,0.020208598061566645,NORMAL,STABLE,NORMAL,NO_ACTION,False,0.0
2026-08-21T00:41:32.356284,0.41258116241937604,0.001995073548659622,0.0,False,0,0.0,False,0.0,2.422475189392287,18.488231680055918,-4.027334537822128,CENTER,0.0,0.9275334155460023,0.01980115349635122,NORMAL,STABLE,NORMAL,NO_ACTION,False,0.0
2026-08-21T00:41:32.388721,0.3900444854373756,0.0007090638839517121,0.0,False,0,0.0,False,0.0,1.5929778010925588,18.254895648896024,-4.097585691176079,CENTER,0.0,0.9233591001922887,0.018890580145166327,NORMAL,STABLE,NORMAL,NO_ACTION,False,0.0
2026-08-21T00:41:32.449743,0.41111105161030337,0.00170736418338006,0.0,False,0,0.0,False,0.0,1.7929498517445097,17.834784158110324,-4.139841771601823,CENTER,0.0,0.924137249228395,0.018819570898566347,NORMAL,STABLE,NORMAL,NO_ACTION,False,0.0
2026-08-21T00:41:32.480290,0.4157061163743264,0.001557357287218826,0.0,False,0,0.0,False,0.0,1.538232887364103,18.63923307829063,-4.168323500215479,CENTER,0.0,0.9241466057037526,0.01918711617572861,NORMAL,STABLE,NORMAL,NO_ACTION,False,0.0
2026-08-21T00:41:32.515220,0.387841661188403,0.0032955573213663872,0.0,False,0,0.0,False,0.0,1.641749733919852,18.634998610893547,-4.114626826873092,CENTER,0.0,0.9266550390089163,0.019232578478521542,NORMAL,STABLE,NORMAL,NO_ACTION,False,0.0
2026-08-21T00:41:32.558458,0.38875427533626794,0.002664794033946611,0.0,False,0,0.0,False,0.0,2.2395542611729695,19.02994661837917,-3.88954355874975,CENTER,0.0,0.9306533771494709,0.019884559243379236,NORMAL,STABLE,NORMAL,NO_ACTION,False,0.0
2026-08-21T00:41:32.605120,0.4089441595304236,0.0010937687455148052,0.0,False,0,0.0,False,0.0,2.019987890784847,19.851916339418892,-4.240520373204589,CENTER,0.0,0.9307243380119538,0.02061349465745965,NORMAL,STABLE,NORMAL,NO_ACTION,False,0.0
2026-08-21T00:41:32.652205,0.4170941900388059,0.0018695039650286974,0.0,False,0,0.0,False,0.0,2.489346343790004,19.386051897243874,-4.141931649845333,CENTER,0.0,0.9281384893077602,0.020634324480086008,NORMAL,STABLE,NORMAL,NO_ACTION,False,0.0
2026-08-21T00:41:32.699275,0.40549281993666625,0.0015090905363317544,0.0,False,0,0.0,False,0.0,1.153195012406286,19.331527485236904,-4.329669722229369,CENTER,0.0,0.9262075418258867,0.01947515628514945,NORMAL,STABLE,NORMAL,NO_ACTION,False,0.0
2026-08-21T00:41:32.746439,0.40189806897756136,0.004154956945634234,0.0,False,0,0.0,False,0.0,1.6126963565711492,18.861910229151675,-4.33637847632906,CENTER,0.0,0.9269568536583872,0.01958626462452628,NORMAL,STABLE,NORMAL,NO_ACTION,False,0.0
2026-08-21T00:41:32.780092,0.415458998671265,0.001234159353696596,0.0,False,0,0.0,False,0.0,1.9442816484701098,17.567991570676583,-4.245451440218972,CENTER,0.0,0.9333436175717714,0.018874977355454695,NORMAL,STABLE,NORMAL,NO_ACTION,False,0.0
2026-08-21T00:41:32.824897,0.39792578933834444,0.0022302761647004354,0.0,False,0,0.0,False,0.0,2.12943448947766,17.798106859756984,-4.246301289503037,CENTER,0.0,0.9352894651430531,0.01922447945789321,NORMAL,STABLE,NORMAL,NO_ACTION,False,0.0
2026-08-21T00:41:32.872136,0.38827776037377354,0.0006571091838916874,0.0,False,0,0.0,False,0.0,2.1533165821893476,18.57949869358731,-4.175788109867057,CENTER,0.0,0.9343516444064767,0.01975022291641997,NORMAL,STABLE,NORMAL,NO_ACTION,False,0.0
2026-08-21T00:41:32.918327,0.38520211289664663,0.003546078870951013,0.0,False,0,0.0,False,0.0,1.4736859319396842,17.06530587652429,-4.44470656084161,CENTER,0.0,0.9276198360645698,0.018243052534283148,NORMAL,STABLE,NORMAL,NO_ACTION,False,0.0
2026-08-21T00:41:32.952557,0.4023648879514799,0.000656193922887173,0.0,False,0,0.0,False,0.0,1.6513969086192333,18.76101156840511,-4.242698875374884,CENTER,0.0,0.9278210848704195,0.019458922475923925,NORMAL,STABLE,NORMAL,NO_ACTION,False,0.0
2026-08-21T00:41:32.996928,0.3948313554034237,0.0011201446831658837,0.0,False,0,0.0,False,0.0,2.484006947102131,18.42902748449319,-4.0829599972121,CENTER,0.0,0.9299178462730257,0.019872063896378286,NORMAL,STABLE,NORMAL,NO_ACTION,False,0.0
2026-08-21T00:41:33.040034,0.39821162064732274,0.004294005348250667,0.0,False,0,0.0,False,0.0,2.312781632861288,18.47353920382963,-4.205051926301621,CENTER,0.0,0.9333472482485794,0.019856713413289602,NORMAL,STABLE,NORMAL,NO_ACTION,False,0.0
2026-08-21T00:41:33.090026,0.38392212173729257,0.0037334483059225485,0.0,False,0,0.0,False,0.0,2.5533566205319858,19.57443717557669,-3.9327162570364465,CENTER,0.0,0.9374896813149128,0.020630507562622757,NORMAL,STABLE,NORMAL,NO_ACTION,False,0.0
2026-08-21T00:41:33.128956,0.387946399156981,0.0011251584306062317,0.0,False,0,0.0,False,0.0,2.834616206167084,18.213368979491406,-4.081716607559969,CENTER,0.0,0.9394831441064079,0.02005493133367018,NORMAL,STABLE,NORMAL,NO_ACTION,False,0.0
2026-08-21T00:41:33.166665,0.37820014683713943,0.002429484971982381,0.0,False,0,0.0,False,0.0,2.3252072699017674,18.095289015658807,-4.313600250707481,CENTER,0.0,0.9355944680212619,0.019698123082215746,NORMAL,STABLE,NORMAL,NO_ACTION,False,0.0
2026-08-21T00:41:33.217225,0.38373172648437626,0.0024376524110294837,0.0,False,0,0.0,False,0.0,2.557311583285042,18.591625559290378,-3.9390239966004117,CENTER,0.0,0.9321690350651577,0.019922080652391073,NORMAL,STABLE,NORMAL,NO_ACTION,False,0.0
2026-08-21T00:41:33.260092,0.3880265509798587,0.00202101978045699,0.0,False,0,0.0,False,0.0,1.7933496563987035,18.192247833396607,-4.25299348681034,CENTER,0.0,0.9299556625698119,0.019191548750737333,NORMAL,STABLE,NORMAL,NO_ACTION,False,0.0
2026-08-21T00:41:33.306052,0.3917403770369928,0.0022744903090194894,0.0,False,0,0.0,False,0.0,2.12579851711007,17.91522117550528,-4.242421067631369,CENTER,0.0,0.9299918652324612,0.01930276361244678,NORMAL,STABLE,NORMAL,NO_ACTION,False,0.0
2026-08-21T00:41:33.337616,0.3891796129511547,0.0018291109977303579,0.0,False,0,0.0,False,0.0,2.521470506126917,17.946239413899264,-3.8719986972611196,CENTER,0.0,0.9323756192742014,0.01935004752808234,NORMAL,STABLE,NORMAL,NO_ACTION,False,0.0
2026-08-21T00:41:33.384889,0.38460856606584437,0.001323831210808135,0.0,False,0,0.0,False,0.0,3.01318391971148,18.41476064222701,-3.9233405724718295,CENTER,0.0,0.936042446691897,0.02022182745989626,NORMAL,STABLE,NORMAL,NO_ACTION,False,0.0
2026-08-21T00:41:33.430820,0.3989991611074687,0.002581171848970373,0.0,False,0,0.0,False,0.0,2.705744694219561,18.520638123695022,-4.0298290245579835,CENTER,0.0,0.9399688740079365,0.020103364826070964,NORMAL,STABLE,NORMAL,NO_ACTION,False,0.0
2026-08-21T00:41:33.468020,0.3912195658853285,0.003021845072592445,0.0,False,0,0.0,False,0.0,2.481171712911305,18.16016711075531,-3.919639631517839,CENTER,0.0,0.9347028050289045,0.019513583506331016,NORMAL,STABLE,NORMAL,NO_ACTION,False,0.0
2026-08-21T00:41:33.508206,0.38401151944471035,0.002470974191905478,0.0,False,0,0.0,False,0.0,2.776419927610334,19.14499004281805,-3.9822495082185867,CENTER,0.0,0.9304055281513326,0.020582272873238265,NORMAL,STABLE,NORMAL,NO_ACTION,False,0.0
2026-08-21T00:41:33.550682,0.3963722585501231,0.001462373561361439,0.0,False,0,0.0,False,0.0,1.7810738140859996,18.240393920030982,-3.9741990145841157,CENTER,0.0,0.9229075559107388,0.018943048994827825,NORMAL,STABLE,NORMAL,NO_ACTION,False,0.0
2026-08-21T00:41:33.586809,0.3997399855653783,0.002015762946732827,0.0,False,0,0.0,False,0.0,1.7940301643009775,17.926784524947806,-3.693576088226365,CENTER,0.0,0.9220434548304918,0.018452918758516762,NORMAL,STABLE,NORMAL,NO_ACTION,False,0.0
2026-08-21T00:41:33.632633,0.40085070594138617,0.004327129244445883,0.0,False,0,0.0,False,0.0,1.814772314506854,18.614567450970725,-3.6093926468294626,CENTER,0.0,0.9179123302162944,0.018893850438171888,NORMAL,STABLE,NORMAL,NO_ACTION,False,0.0
2026-08-21T00:41:33.679772,0.39538575545081794,0.0031820557388290796,0.0,False,0,0.0,False,0.0,2.0625339097745155,18.85845510966638,-3.5527978333950614,CENTER,0.0,0.915082133058985,0.01925845328988242,NORMAL,STABLE,NORMAL,NO_ACTION,False,0.0
2026-08-21T00:41:33.729392,0.39499353128771925,0.0016707576742882133,0.0,False,0,0.0,False,0.0,1.6645752795991768,17.410758994729832,-3.9000062825769533,CENTER,0.0,0.9148545976325201,0.018150731781894254,NORMAL,STABLE,NORMAL,NO_ACTION,False,0.0
2026-08-21T00:41:33.758468,0.3875209552699065,0.0013056140130310047,0.0,False,0,0.0,False,0.0,1.688462098517789,17.077119171707693,-3.9266459370630002,CENTER,0.0,0.9163693185993533,0.01795608909781828,NORMAL,STABLE,NORMAL,NO_ACTION,False,0.0
2026-08-21T00:41:33.789162,0.38693871409692815,0.0013821314288260283,0.0,False,0,0.0,False,0.0,2.940686969248361,18.36394487405923,-3.5640061826837837,CENTER,0.0,0.9180387142061043,0.01976379318467501,NORMAL,STABLE,NORMAL,NO_ACTION,False,0.0
2026-08-21T00:41:33.821227,0.4197915916483119,0.002755792171011404,0.0,False,0,0.0,False,0.0,2.420963128652602,18.54872155318421,-3.4824080227896275,CENTER,0.0,0.9199960784403781,0.01931278003540973,NORMAL,STABLE,NORMAL,NO_ACTION,False,0.0
2026-08-21T00:41:33.867704,0.453781039608079,0.0034425331360543624,0.0,False,0,0.0,False,0.0,1.539621568834832,17.36022505922051,-3.5495105302110517,CENTER,0.0,0.9214792945020085,0.017650390734367704,NORMAL,STABLE,NORMAL,NO_ACTION,False,0.0
2026-08-21T00:41:33.915661,0.457615755040803,0.0034052215588453606,0.0,False,0,0.0,False,0.0,1.8480486993831278,19.048902966840103,-3.4493996656824777,CENTER,0.0,0.9217923785640799,0.019087841705843742,NORMAL,STABLE,NORMAL,NO_ACTION,False,0.0
2026-08-21T00:41:33.962490,0.459213430601678,0.003659337209834129,0.0,False,0,0.0,False,0.0,2.4179751873738553,18.54488155618489,-3.323945964585306,CENTER,0.0,0.9201084472369195,0.01915261434609925,NORMAL,STABLE,NORMAL,NO_ACTION,False,0.0
2026-08-21T00:41:33.998052,0.4008279160943553,0.002512631419110336,0.0,False,0,0.0,False,0.0,1.5395161231398617,19.3565251867945,-3.3950597671159244,CENTER,0.0,0.9182158365789732,0.018959034873637096,NORMAL,STABLE,NORMAL,NO_ACTION,False,0.0
2026-08-21T00:41:34.044193,0.38213139111362027,0.0026169816440537556,0.0,False,0,0.0,False,0.0,2.1280282564970037,17.963010871852987,-2.9117508629523456,CENTER,0.0,0.9210643562916422,0.018042921319043947,NORMAL,STABLE,NORMAL,NO_ACTION,False,0.0
2026-08-21T00:41:34.100882,0.4145562057463372,0.0030439401005719793,0.0,False,0,0.0,False,0.0,1.9582512368883727,17.674634727375405,-2.7804248040349933,CENTER,0.0,0.9228729798954046,0.01753864725775333,NORMAL,STABLE,NORMAL,NO_ACTION,False,0.0
2026-08-21T00:41:34.148026,0.42771080149145924,0.00448159643102353,0.0,False,0,0.0,False,0.0,2.6916057869821657,19.129547651287083,-2.774734625759521,CENTER,0.0,0.9250955136684302,0.01931140463080604,NORMAL,STABLE,NORMAL,NO_ACTION,False,0.0
2026-08-21T00:41:34.187036,0.42946358129556406,0.002545659155946663,0.0,False,0,0.0,False,0.0,2.1979855990986152,17.87918119419544,-2.8416728963617572,CENTER,0.0,0.9262337243410739,0.017981524747667593,NORMAL,STABLE,NORMAL,NO_ACTION,False,0.0
2026-08-21T00:41:34.227210,0.4505671760238938,0.003544312695265042,0.0,False,0,0.0,False,0.0,2.7531894708029654,18.993029119423454,-2.8664419593805803,CENTER,0.0,0.9247985138950127,0.01936101683211612,NORMAL,STABLE,NORMAL,NO_ACTION,False,0.0
2026-08-21T00:41:34.274911,0.4669730665305354,0.004784263650063024,0.0,False,0,0.0,False,0.0,3.23551829291938,18.551420363492326,-2.993408829512674,CENTER,0.0,0.9220492847344699,0.019632058864572415,NORMAL,STABLE,NORMAL,NO_ACTION,False,0.0
2026-08-21T00:41:34.334248,0.4525421551328981,0.006452084574569944,0.0,False,0,0.0,False,0.0,2.611111668292608,19.039980517588248,-2.9362650095558536,CENTER,0.0,0.9196256973532727,0.019324914294385622,NORMAL,STABLE,NORMAL,NO_ACTION,False,0.0
2026-08-21T00:41:34.370625,0.4624581348143648,0.0027853116706335105,0.0,False,0,0.0,False,0.0,2.126534871039979,18.535220569277925,-3.056030606581004,CENTER,0.0,0.9183530735596709,0.01860037125202673,NORMAL,STABLE,NORMAL,NO_ACTION,False,0.0
2026-08-21T00:41:34.415228,0.465882495719794,0.004163353328594507,0.0,False,0,0.0,False,0.0,3.0006810607298746,17.326512947647075,-2.649351578775338,CENTER,0.0,0.9223270380168528,0.01817243406456191,NORMAL,STABLE,NORMAL,NO_ACTION,False,0.0
2026-08-21T00:41:34.465572,0.4705540575718757,0.002393039836608626,0.0,False,0,0.0,False,0.0,2.545723103543196,17.58760658835118,-2.62270983418216,CENTER,0.0,0.9215852998542525,0.017893896568215148,NORMAL,STABLE,NORMAL,NO_ACTION,False,0.0
2026-08-21T00:41:34.502207,0.4876076529793209,0.0019952739483241966,0.0,False,0,0.0,False,0.0,2.7125126602970795,17.805099421032963,-2.638011580798093,CENTER,0.0,0.920139743931266,0.018230359460886837,NORMAL,STABLE,NORMAL,NO_ACTION,False,0.0
2026-08-21T00:41:34.538191,0.4937325393796478,0.004741906666632758,0.0,False,0,0.0,False,0.0,2.8019418802911105,18.444975472009276,-2.6673204340447683,CENTER,0.0,0.9183881961285029,0.01881383422840432,NORMAL,STABLE,NORMAL,NO_ACTION,False,0.0
2026-08-21T00:41:34.583234,0.4912072926300214,0.00396574464242536,0.0,False,0,0.0,False,0.0,2.2717671737275396,17.662244239705785,-2.6613009548601383,CENTER,0.0,0.9166690251139036,0.017719055856108206,NORMAL,STABLE,NORMAL,NO_ACTION,False,0.0
2026-08-21T00:41:34.612335,0.4981399831546567,0.004566946299588379,0.0,False,0,0.0,False,0.0,1.6257878248387385,18.32669632722758,-2.6662185898703683,CENTER,0.0,0.9152121607387811,0.01757994996114015,NORMAL,STABLE,NORMAL,NO_ACTION,False,0.0
2026-08-21T00:41:34.644977,0.4988682352961349,0.004256221428414755,0.0,False,0,0.0,False,0.0,1.6960989876925794,17.571918355720356,-2.722244211479392,CENTER,0.0,0.9136337662894375,0.017151346945382298,NORMAL,STABLE,NORMAL,NO_ACTION,False,0.0
2026-08-21T00:41:34.677304,0.49576237887083474,0.0024472040621983924,0.0,False,0,0.0,False,0.0,2.9175816837518767,17.734565721243087,-2.80792655767641,CENTER,0.0,0.91130776473398,0.018544281220624365,NORMAL,STABLE,NORMAL,NO_ACTION,False,0.0
2026-08-21T00:41:34.721985,0.4990604167324675,0.003233007324064405,0.0,False,0,0.0,False,0.0,2.391611311160972,17.138759616902405,-2.6800829557335817,CENTER,0.0,0.9091056486380561,0.017471504853383384,NORMAL,STABLE,NORMAL,NO_ACTION,False,0.0
2026-08-21T00:41:34.754243,0.49081797270180655,0.0016210875904511194,0.0,False,0,0.0,False,0.0,1.8505923031702878,17.7669499419639,-2.5315199398698383,CENTER,0.0,0.9093374784134333,0.017258601071650153,NORMAL,STABLE,NORMAL,NO_ACTION,False,0.0
2026-08-21T00:41:34.802021,0.4813146948375244,0.0027711063822434346,0.0,False,0,0.0,False,0.0,2.1487374538664312,18.157662037612965,-2.445078964296073,CENTER,0.0,0.9114253908546444,0.017750548680674688,NORMAL,STABLE,NORMAL,NO_ACTION,False,0.0
2026-08-21T00:41:34.847253,0.4999446572274494,0.002475083308992199,0.0,False,0,0.0,False,0.0,2.4764633268103466,18.629638975483516,-2.3357210736121203,CENTER,0.0,0.9144143227635705,0.01830839535286073,NORMAL,STABLE,NORMAL,NO_ACTION,False,0.0
2026-08-21T00:41:34.879212,0.4939288003940322,0.004795348289306816,0.0,False,0,0.0,False,0.0,2.32741818141659,16.694519739654226,-2.3850844983826676,CENTER,0.0,0.918236085084754,0.016796678834834235,NORMAL,STABLE,NORMAL,NO_ACTION,False,0.0
2026-08-21T00:41:34.909893,0.4891534876590214,0.0017991257885255504,0.0,False,0,0.0,False,0.0,2.4536357858972337,17.46525612282133,-2.4736719547248924,CENTER,0.0,0.9202017907664609,0.01756944428142117,NORMAL,STABLE,NORMAL,NO_ACTION,False,0.0
2026-08-21T00:41:34.941145,0.5051594063327842,0.006046336952682685,0.0,False,0,0.0,False,0.0,2.0536041776543925,17.03137475516627,-2.3979651377841265,CENTER,0.0,0.9200737931425144,0.016788596863365708,NORMAL,STABLE,NORMAL,NO_ACTION,False,0.0
2026-08-21T00:41:34.970687,0.4888813069825383,0.00521393951815149,0.0,False,0,0.0,False,0.0,1.3814196475123879,16.436496408594024,-2.4198945774551532,CENTER,0.0,0.9183944034146581,0.015719967379544893,NORMAL,STABLE,NORMAL,NO_ACTION,False,0.0
2026-08-21T00:41:35.002162,0.5188162959704417,0.0027847433261832073,0.0,False,0,0.0,False,0.0,2.27643229384239,16.603657576275737,-2.1233302653951114,CENTER,0.0,0.9161804973789928,0.016425444192440842,NORMAL,STABLE,NORMAL,NO_ACTION,False,0.0
2026-08-21T00:41:35.033469,0.4928038043041334,0.005008516120507406,0.0,False,0,0.0,False,0.0,1.6876431876233084,16.148890805523507,-2.170854332216294,CENTER,0.0,0.9144652173047717,0.015565463571132776,NORMAL,STABLE,NORMAL,NO_ACTION,False,0.0
2026-08-21T00:41:35.064931,0.48855019442672526,0.004524996735482762,0.0,False,0,0.0,False,0.0,1.7365330319547638,15.762818854054245,-2.0137556625873003,CENTER,0.0,0.9144060203556732,0.015177780541016322,NORMAL,STABLE,NORMAL,NO_ACTION,False,0.0
2026-08-21T00:41:35.096982,0.4817841063114088,0.005392998339807219,0.0,False,0,0.0,False,0.0,1.9385054069303749,15.916805781371778,-1.6192275857522986,CENTER,0.0,0.9160273192546052,0.015102667961707124,NORMAL,STABLE,NORMAL,NO_ACTION,False,0.0
2026-08-21T00:41:35.143212,0.48678311734756347,0.004490851951090421,0.0,False,0,0.0,False,0.0,2.1527473719170303,13.83387922212151,-1.335137972292955,CENTER,0.0,0.9168029307208995,0.013511983197661911,NORMAL,STABLE,NORMAL,NO_ACTION,False,0.0
2026-08-21T00:41:35.190679,0.49945057766260514,0.0033496564378257807,0.0,False,0,0.0,False,0.0,1.9819579297148664,14.090641910745092,-1.2318016928705333,CENTER,0.0,0.9173329704952969,0.013432496155598652,NORMAL,STABLE,NORMAL,NO_ACTION,False,0.0
2026-08-21T00:41:35.236276,0.4891977386427149,0.0018134964872033373,0.0,False,0,0.0,False,0.0,1.2727963463302672,-1.8222399204569797,0.08053599042915494,CENTER,0.0,0.9139601368067802,0.0026510840907428427,NORMAL,STABLE,NORMAL,NO_ACTION,False,0.0
2026-08-21T00:41:35.266837,0.45188288853726327,0.0011264294465275263,0.0,False,0,0.0,False,0.0,1.6931407595282622,-4.681279425285396,0.5464659774451945,CENTER,0.0,0.9127291161449147,0.0056048404541301205,NORMAL,STABLE,NORMAL,NO_ACTION,False,0.0
2026-08-21T00:41:35.299150,0.4486006414903334,0.005547579358992383,0.0,False,0,0.0,False,0.0,1.4278076982393486,-7.937427007459917,1.142602299914131,CENTER,0.0,0.9112028134491965,0.008307485627435104,NORMAL,STABLE,NORMAL,NO_ACTION,False,0.0
2026-08-21T00:41:35.331046,0.48351843857952514,0.0035403100992738657,0.0,False,0,0.0,False,0.0,1.770680710355009,-13.956667898069753,1.751964807923514,CENTER,0.0,0.9082007902826769,0.01363562031367528,NORMAL,STABLE,NORMAL,NO_ACTION,False,0.0
2026-08-21T00:41:35.363087,0.5123015449715256,0.006323266594552434,0.0,False,0,0.0,False,0.0,1.9429340708676364,-12.470278910036853,1.8989392696273626,CENTER,0.0,0.9040350506136097,0.012860216884037658,NORMAL,STABLE,NORMAL,NO_ACTION,False,0.0
2026-08-21T00:41:35.395005,0.4965846952631633,0.006687282732118133,0.0,False,0,0.0,False,0.0,0.9617199087590507,-13.72117264595849,2.271535279796126,CENTER,0.0,0.9004629200960219,0.013181417809964954,NORMAL,STABLE,NORMAL,NO_ACTION,False,0.0
2026-08-21T00:41:35.426423,0.5142988517421716,0.002544342868106654,0.0,False,0,0.0,False,0.0,1.3348831465460478,-14.585086908483333,2.3550299158024757,CENTER,0.0,0.8996648869231334,0.0142580197307125,NORMAL,STABLE,NORMAL,NO_ACTION,False,0.0
2026-08-21T00:41:35.458314,0.49076545712845787,0.0027415512475113873,0.0,False,0,0.0,False,0.0,1.2551845718435857,-15.028588027711407,2.4773623988200484,CENTER,0.0,0.9002561667156573,0.014623769972170748,NORMAL,STABLE,NORMAL,NO_ACTION,False,0.0
2026-08-21T00:41:35.503341,0.49351437906581047,0.0028806786131269535,0.0,False,0,0.0,False,0.0,1.3188445356186662,-16.303217788306995,2.7930132310247586,CENTER,0.0,0.9006240232461297,0.015925215504750165,NORMAL,STABLE,NORMAL,NO_ACTION,False,0.0
2026-08-21T00:41:35.556866,0.4955004950335927,0.002191558436170562,0.0,False,0,0.0,False,0.0,3.0110348322117204,-15.398615272883433,2.821969139314348,CENTER,0.0,0.9053453605722125,0.01694148677016437,NORMAL,STABLE,NORMAL,NO_ACTION,False,0.0
2026-08-21T00:41:35.596725,0.5168221192134332,0.0032312847415996685,0.0,False,0,0.0,False,0.0,2.172920247334588,-16.82329461753133,2.9776664217532414,CENTER,0.0,0.9053770476619147,0.0173177949631933,NORMAL,STABLE,NORMAL,NO_ACTION,False,0.0
2026-08-21T00:41:35.628468,0.4901911322355944,0.003458053276963289,0.0,False,0,0.0,False,0.0,2.12009739921146,-17.270068129277035,3.1480625275758882,CENTER,0.0,0.9074314251420733,0.0177589776059894,NORMAL,STABLE,NORMAL,NO_ACTION,False,0.0
2026-08-21T00:41:35.675463,0.5011828748165366,0.0020041612082615447,0.0,False,0,0.0,False,0.0,2.434403460940615,-18.10062924531877,3.1132028785625323,CENTER,0.0,0.9060260929538996,0.018638477849407628,NORMAL,STABLE,NORMAL,NO_ACTION,False,0.0
2026-08-21T00:41:35.704812,0.5109342809985655,0.0012363493913501858,0.0,False,0,0.0,False,0.0,2.0561551774220277,-18.831130994617155,3.027879314331841,CENTER,0.0,0.9036080882262885,0.018720645943193694,NORMAL,STABLE,NORMAL,NO_ACTION,False,0.0
2026-08-21T00:41:35.737348,0.5120091524468119,0.001115100497186182,0.0,False,0,0.0,False,0.0,1.620563116447471,-18.291692230248685,3.1594427029578185,CENTER,0.0,0.9018587786902312,0.01802999511899786,NORMAL,STABLE,NORMAL,NO_ACTION,False,0.0
2026-08-21T00:41:35.764264,0.5065546476565717,0.0023927606876304715,0.0,False,0,0.0,False,0.0,1.4197257887119576,-17.635773899132403,3.198050796603013,CENTER,0.0,0.9006990572334902,0.01739240449285017,NORMAL,STABLE,NORMAL,NO_ACTION,False,0.0
2026-08-21T00:41:35.794135,0.5119677431049365,0.0018721659200848918,0.0,False,0,0.0,False,0.0,1.9450199115082967,-18.266020067464126,2.848815811847089,CENTER,0.0,0.9011819372489223,0.018024708356679808,NORMAL,STABLE,NORMAL,NO_ACTION,False,0.0
2026-08-21T00:41:35.820075,0.5117517070806432,0.002500155569777692,0.0,False,0,0.0,False,0.0,1.8955087437412033,-16.375078131019393,2.928014590105221,CENTER,0.0,0.9033747228958455,0.016671376152154947,NORMAL,STABLE,NORMAL,NO_ACTION,False,0.0
2026-08-21T00:41:35.851840,0.5096862120347354,0.002601604234247616,0.0,False,0,0.0,False,0.0,1.6810375815736904,-16.856629490799747,2.8936954273902415,CENTER,0.0,0.9052466425999413,0.016780901683297992,NORMAL,STABLE,NORMAL,NO_ACTION,False,0.0
2026-08-21T00:41:35.879421,0.5011963104942012,0.005012946887298609,0.0,False,0,0.0,False,0.0,1.6954190261605788,-18.992624329048994,2.8994354546352383,CENTER,0.0,0.9054270573069764,0.018361912989846546,NORMAL,STABLE,NORMAL,NO_ACTION,False,0.0
2026-08-21T00:41:35.909351,0.5137925783621163,0.0036375530959570916,0.0,False,0,0.0,False,0.0,1.6982891568177934,-19.437234743312985,2.791926683911214,CENTER,0.0,0.9047760340118557,0.018584933623990003,NORMAL,STABLE,NORMAL,NO_ACTION,False,0.0
2026-08-21T00:41:35.954901,0.4936783629218611,0.003691752515267924,0.0,False,0,0.0,False,0.0,1.2976543443253945,-18.98049594070625,2.8144578636717483,CENTER,0.0,0.9021864375122476,0.01788253817107878,NORMAL,STABLE,NORMAL,NO_ACTION,False,0.0
2026-08-21T00:41:35.986090,0.49667230790835415,0.002874080277646649,0.0,False,0,0.0,False,0.0,1.580412805092891,-18.023147387502974,2.6966955630236953,CENTER,0.0,0.9016721046443268,0.017343536948093385,NORMAL,STABLE,NORMAL,NO_ACTION,False,0.0
2026-08-21T00:41:36.018317,0.5071936872596925,0.00360782499057566,0.0,False,0,0.0,False,0.0,1.1173284812328177,-19.14025161669312,2.460282875685408,CENTER,0.0,0.9024476770710856,0.01747836264077784,NORMAL,STABLE,NORMAL,NO_ACTION,False,0.0
2026-08-21T00:41:36.053082,0.49901844359340464,0.004904716856723546,0.0,False,0,0.0,False,0.0,1.6431419288028337,-18.248754561535463,2.356770863525412,CENTER,0.0,0.9033705456655399,0.017238283346471577,NORMAL,STABLE,NORMAL,NO_ACTION,False,0.0
2026-08-21T00:41:36.082663,0.5104018338368554,0.00767655775927984,0.0,False,0,0.0,False,0.0,1.5648478606766218,-18.562915258041755,2.4650084789102777,CENTER,0.0,0.9047112934487066,0.017497117722337443,NORMAL,STABLE,NORMAL,NO_ACTION,False,0.0
2026-08-21T00:41:36.111141,0.4914957777354535,0.0051699423768455785,0.0,False,0,0.0,False,0.0,1.4382029618976446,-18.85607199752488,2.4204878946011092,CENTER,0.0,0.9047500076548108,0.017544585628306446,NORMAL,STABLE,NORMAL,NO_ACTION,False,0.0
2026-08-21T00:41:36.142785,0.5048435690577421,0.005964817930905818,0.0,False,0,0.0,False,0.0,1.8463509165759717,-17.83732749300819,2.3103986909815717,CENTER,0.0,0.9059838261500588,0.017090394958395407,NORMAL,STABLE,NORMAL,NO_ACTION,False,0.0
2026-08-21T00:41:36.177979,0.4957137034009797,0.005160776704811539,0.0,False,0,0.0,False,0.0,2.19766821901689,-18.82749755113403,2.1965944219143125,CENTER,0.0,0.9063931817068391,0.018045697664991932,NORMAL,STABLE,NORMAL,NO_ACTION,False,0.0
2026-08-21T00:41:36.205126,0.5042697682090308,0.005170732816341073,0.0,False,0,0.0,False,0.0,1.8417519205301573,-18.101976551322764,2.297325630915111,CENTER,0.0,0.905931070724329,0.017266627646137758,NORMAL,STABLE,NORMAL,NO_ACTION,False,0.0
2026-08-21T00:41:36.254921,0.5010703939301935,0.004037998827465612,0.0,False,0,0.0,False,0.0,2.214025144830032,-19.32313876004892,2.253656682404994,CENTER,0.0,0.9050227508634627,0.018479567151336952,NORMAL,STABLE,NORMAL,NO_ACTION,False,0.0
2026-08-21T00:41:36.299798,0.5004276257011555,0.004875012616573542,0.0,False,0,0.0,False,0.0,1.9908246553519007,-19.79676490563864,2.192170564990107,CENTER,0.0,0.9040810261733293,0.018548312767613047,NORMAL,STABLE,NORMAL,NO_ACTION,False,0.0
2026-08-21T00:41:36.332010,0.5008859775284916,0.00662051953313368,0.0,False,0,0.0,False,0.0,1.8590450887153338,-18.40985373295308,2.339141392982441,CENTER,0.0,0.9036642140652557,0.017549295108589266,NORMAL,STABLE,NORMAL,NO_ACTION,False,0.0
2026-08-21T00:41:36.378400,0.5046769025883986,0.010902571426983029,0.0,False,0,0.0,False,0.0,1.9378773708745314,-17.547014924398752,2.397025724359338,CENTER,0.0,0.9054557513656183,0.01705181704535374,NORMAL,STABLE,NORMAL,NO_ACTION,False,0.0
2026-08-21T00:41:36.464231,0.5037668804701037,0.0074082781421090415,0.0,False,0,0.0,False,0.0,2.211600143800837,-18.974716264413388,2.1960698350355017,CENTER,0.0,0.9072577642746914,0.018166381264275226,NORMAL,STABLE,NORMAL,NO_ACTION,False,0.0
2026-08-21T00:41:36.500323,0.4903516733406327,0.00842363636642811,0.0,False,0,0.0,False,0.0,1.8978023564186515,-18.06436771214365,2.306537183306574,CENTER,0.0,0.908890410665295,0.017302743980344013,NORMAL,STABLE,NORMAL,NO_ACTION,False,0.0
2026-08-21T00:41:36.545272,0.4925910534378356,0.00481659919779899,0.0,False,0,0.0,False,0.0,2.5185816580093956,-18.26772154317942,2.2423340236969693,CENTER,0.0,0.9095906237752303,0.017993866314903437,NORMAL,STABLE,NORMAL,NO_ACTION,False,0.0
2026-08-21T00:41:36.577833,0.49378214627765826,0.0030783658259899696,0.0,False,0,0.0,False,0.0,1.5496261800589934,-19.646084944861485,2.3895888613978684,CENTER,0.0,0.9084411567031648,0.01820056408392103,NORMAL,STABLE,NORMAL,NO_ACTION,False,0.0
2026-08-21T00:41:36.629872,0.4970500132307769,0.002776056191747379,0.0,False,0,0.0,False,0.0,1.8718902744466561,-20.06475469721545,2.311015783512005,CENTER,0.0,0.9070338204854986,0.018744124835156185,NORMAL,STABLE,NORMAL,NO_ACTION,False,0.0
2026-08-21T00:41:36.677233,0.4901997528173827,0.006555347015473821,0.0,False,0,0.0,False,0.0,1.8499539691067355,-19.139264437732265,2.179069225048977,CENTER,0.0,0.9069992965228788,0.01791761356964416,NORMAL,STABLE,NORMAL,NO_ACTION,False,0.0
2026-08-21T00:41:36.727054,0.4891958740719138,0.007283712833265164,0.0,False,0,0.0,False,0.0,1.8332624736961236,-18.338642572301836,2.2396964819643017,CENTER,0.0,0.9088041723312268,0.017375186047647956,NORMAL,STABLE,NORMAL,NO_ACTION,False,0.0
2026-08-21T00:41:36.760355,0.49107173340857935,0.00697377078343894,0.0,False,0,0.0,False,0.0,1.872967245828363,-17.568119276411352,2.411988758237271,CENTER,0.0,0.9106423618765922,0.017018562827850046,NORMAL,STABLE,NORMAL,NO_ACTION,False,0.0
2026-08-21T00:41:36.797070,0.4789123698099658,0.004225611022563298,0.0,False,0,0.0,False,0.0,2.1610202789063067,-18.553306056174137,2.2014691736012253,CENTER,0.0,0.9102309242112483,0.017814297265729175,NORMAL,STABLE,NORMAL,NO_ACTION,False,0.0
2026-08-21T00:41:36.837698,0.4932122900365448,0.004597567627711213,0.0,False,0,0.0,False,0.0,1.9402344427048206,-20.059467135079018,2.458049168944484,CENTER,0.0,0.9085329646776407,0.018950179301129206,NORMAL,STABLE,NORMAL,NO_ACTION,False,0.0
2026-08-21T00:41:36.870989,0.4926393994303372,0.006060119187756843,0.0,False,0,0.0,False,0.0,2.0188512705257438,-19.25242983257408,2.5297590401201546,CENTER,0.0,0.9071315364430237,0.018506757002998496,NORMAL,STABLE,NORMAL,NO_ACTION,False,0.0
2026-08-21T00:41:36.914231,0.49309233737317204,0.004923110323960801,0.0,False,0,0.0,False,0.0,1.2222013007579164,-18.727193074450838,2.3067068064034686,CENTER,0.0,0.9063707730134235,0.017128950207601867,NORMAL,STABLE,NORMAL,NO_ACTION,False,0.0
2026-08-21T00:41:36.950058,0.500712701273578,0.008665043106733106,0.0,False,0,0.0,False,0.0,1.6861633605962538,-18.191028836813956,2.491636046672255,CENTER,0.0,0.9067901877572017,0.017369464946275805,NORMAL,STABLE,NORMAL,NO_ACTION,False,0.0
2026-08-21T00:41:36.982949,0.4839487307788295,0.005447851291740837,0.0,False,0,0.0,False,0.0,1.651633705854664,-18.61515247090881,2.5356327409065784,CENTER,0.0,0.907360529345483,0.017688723976552485,NORMAL,STABLE,NORMAL,NO_ACTION,False,0.0
2026-08-21T00:41:37.015671,0.4965562960918498,0.007081946798070573,0.0,False,0,0.0,False,0.0,1.8910344196421534,-19.153166082150932,2.4066564572528364,CENTER,0.0,0.907795507850774,0.01818963493031987,NORMAL,STABLE,NORMAL,NO_ACTION,False,0.0
2026-08-21T00:41:37.048417,0.47992745758250005,0.006712519990625986,0.0,False,0,0.0,False,0.0,1.8829208533966266,-18.06474789492549,2.2941879889920926,CENTER,0.0,0.9079117806008721,0.0172764812510554,NORMAL,STABLE,NORMAL,NO_ACTION,False,0.0
2026-08-21T00:41:37.088959,0.4955491271447968,0.0060705519327525865,0.0,False,0,0.0,False,0.0,1.7737906196051938,-20.165671154941208,2.367843753638738,CENTER,0.0,0.9074098492920832,0.018777668362036877,NORMAL,STABLE,NORMAL,NO_ACTION,False,0.0
2026-08-21T00:41:37.130059,0.4934676953008357,0.006108032371793572,0.0,False,0,0.0,False,0.0,1.5759415357483704,-18.595206671629114,2.3297571782693183,CENTER,0.0,0.9060155913188321,0.017399711225866987,NORMAL,STABLE,NORMAL,NO_ACTION,False,0.0
2026-08-21T00:41:37.165364,0.4924740752087202,0.005544881359229183,0.0,False,0,0.0,False,0.0,1.331765634019547,-19.406437194062107,2.6472531132010886,CENTER,0.0,0.9042209178424455,0.018064178014393,NORMAL,STABLE,NORMAL,NO_ACTION,False,0.0
2026-08-21T00:41:37.212089,0.5052984286313711,0.006104766661412209,0.0,False,0,0.0,False,0.0,1.4635836083060383,-18.35150626832717,2.585867229289505,CENTER,0.0,0.9019119245113169,0.01736167693844145,NORMAL,STABLE,NORMAL,NO_ACTION,False,0.0
2026-08-21T00:41:37.245003,0.4916952421228248,0.005645979319083583,0.0,False,0,0.0,False,0.0,1.5462855974870706,-18.85240554827888,2.5902508350739026,CENTER,0.0,0.9024352885251323,0.017812710130380247,NORMAL,STABLE,NORMAL,NO_ACTION,False,0.0
2026-08-21T00:41:37.284156,0.4907731532767618,0.00791175442408721,0.0,False,0,0.0,False,0.0,1.3692927453199104,-17.88531677777098,2.6448947736541584,CENTER,0.0,0.9026343381038114,0.01698652544084045,NORMAL,STABLE,NORMAL,NO_ACTION,False,0.0
2026-08-21T00:41:37.326978,0.4942393059060101,0.006880034937154957,0.0,False,0,0.0,False,0.0,1.6764992025972845,-18.726763335864803,2.566472327692054,CENTER,0.0,0.9022818891767097,0.017824604319871287,NORMAL,STABLE,NORMAL,NO_ACTION,False,0.0
2026-08-21T00:41:37.359436,0.4797926009212913,0.0035153200889185762,0.0,False,0,0.0,False,0.0,2.0832862799527447,-18.154065418913802,2.5214533061915745,CENTER,0.0,0.9018006097822359,0.01775856593599383,NORMAL,STABLE,NORMAL,NO_ACTION,False,0.0
2026-08-21T00:41:37.395187,0.49535170550480795,0.008892282882817551,0.0,False,0,0.0,False,0.0,1.86571719291328,-20.18232575990112,2.776200013050669,CENTER,0.0,0.9006735644167646,0.0192774478809842,NORMAL,STABLE,NORMAL,NO_ACTION,False,0.0
2026-08-21T00:41:37.430108,0.4928620597562977,0.003175935507315316,0.0,False,0,0.0,False,0.0,1.6231146068140276,-19.21707551975831,2.7972072947659967,CENTER,0.0,0.8992659288959926,0.01835587577134382,NORMAL,STABLE,NORMAL,NO_ACTION,False,0.0
2026-08-21T00:41:37.477355,0.4827333669074022,0.004970284882716142,0.0,False,0,0.0,False,0.0,1.079335132914963,-18.37052995250224,3.020395728181569,CENTER,0.0,0.897904737409367,0.017424589011182465,NORMAL,STABLE,NORMAL,NO_ACTION,False,0.0
2026-08-21T00:41:37.507706,0.4803546706878098,0.009229596144981637,0.0,False,0,0.0,False,0.0,1.4935211560552375,-19.47214217782181,3.057737317730357,CENTER,0.0,0.8978702264599256,0.01866994649819878,NORMAL,STABLE,NORMAL,NO_ACTION,False,0.0
2026-08-21T00:41:37.544690,0.49250808827546433,0.009096576600697948,0.0,False,0,0.0,False,0.0,2.025814141138568,-19.80878399971934,3.1205269519186345,CENTER,0.0,0.8978535826045954,0.019496032254236552,NORMAL,STABLE,NORMAL,NO_ACTION,False,0.0
2026-08-21T00:41:37.572067,0.5289764491481278,0.008080194759713425,0.0,False,0,0.0,False,0.0,2.2284108703478864,-18.947545944143826,3.065228795322554,CENTER,0.0,0.8989293690598668,0.019010038132337533,NORMAL,STABLE,NORMAL,NO_ACTION,False,0.0
2026-08-21T00:41:37.610865,0.5060378168112851,0.006760106346377472,0.0,False,0,0.0,False,0.0,2.4940116803006163,-18.50388348979442,3.040338615536939,CENTER,0.0,0.9010290193881051,0.0189203342233756,NORMAL,STABLE,NORMAL,NO_ACTION,False,0.0
2026-08-21T00:41:37.644948,0.4853591233615223,0.00922348125487151,0.0,False,0,0.0,False,0.0,1.8977769595693985,-21.110878958379487,3.3900674365496,CENTER,0.0,0.901507240685626,0.02058577350380469,NORMAL,STABLE,NORMAL,NO_ACTION,False,0.0
2026-08-21T00:41:37.677624,0.4962260986671565,0.011552241250638327,0.0,False,0,0.0,False,0.0,1.5720168215729018,-19.30252500559422,3.329467690765199,CENTER,0.0,0.9012543946269351,0.01888730825198223,NORMAL,STABLE,NORMAL,NO_ACTION,False,0.0
2026-08-21T00:41:37.711007,0.4917566547680366,0.005711663282300018,0.0,False,0,0.0,False,0.0,2.0359608847066397,-18.959234301500373,3.3259160505098464,CENTER,0.0,0.901443150781403,0.019085090313198605,NORMAL,STABLE,NORMAL,NO_ACTION,False,0.0
2026-08-21T00:41:37.745291,0.5112558168808847,0.00725210661781263,0.0,False,0,0.0,False,0.0,0.959587879708323,-20.653408675523337,3.581500352772764,CENTER,0.0,0.9024967497672938,0.01952353288413605,NORMAL,STABLE,NORMAL,NO_ACTION,False,0.0
2026-08-21T00:41:37.778140,0.4927100764727543,0.0103205580615828,0.0,False,0,0.0,False,0.0,1.6106999082866764,-18.968140440267547,3.1632340505529157,CENTER,0.0,0.9062853414964236,0.01851855681193007,NORMAL,STABLE,NORMAL,NO_ACTION,False,0.0
2026-08-21T00:41:37.811822,0.502146806757369,0.0011306346526156416,0.0,False,0,0.0,False,0.0,3.4913756432762284,-21.568733706797104,2.4654275692725776,CENTER,0.0,0.9145487098581716,0.02157246929107859,NORMAL,STABLE,NORMAL,NO_ACTION,False,0.0
2026-08-21T00:41:37.844166,0.572159571895065,0.010329714035855399,0.0,False,0,0.0,False,0.0,5.341143540098614,-22.232998048295116,1.8639392976444071,CENTER,0.0,0.9298229411620617,0.02327468944830834,NORMAL,STABLE,NORMAL,NO_ACTION,False,0.0
2026-08-21T00:41:37.876270,0.6168319533804635,0.01683139906765084,0.0,False,0,0.0,False,0.0,7.2094022289348345,-20.81656893969668,1.7149761620601964,CENTER,0.0,0.9496696910824515,0.02391501471322372,NORMAL,STABLE,NORMAL,NO_ACTION,False,0.0
2026-08-21T00:41:37.909405,0.5912953096263787,0.008584108957539098,0.0,False,0,0.0,False,0.0,7.315514473977686,-20.473075716228834,1.421205510309477,CENTER,0.0,0.9686369062928669,0.023481020245086536,NORMAL,STABLE,NORMAL,NO_ACTION,False,0.0
2026-08-21T00:41:37.946866,0.5873539076864125,0.012149022127426965,0.0,False,0,0.0,False,0.0,7.101526444846428,-20.856120781648627,1.3325232337241744,CENTER,0.0,0.9570133790784833,0.02346602364990943,NORMAL,STABLE,NORMAL,NO_ACTION,False,0.0
2026-08-21T00:41:37.977132,0.5431491420249643,0.0031775193342425847,0.0,False,0,0.0,False,0.0,6.486299742936552,-17.481421376119698,1.7752355974568559,CENTER,0.0,0.9436849042536254,0.020830995489749687,NORMAL,STABLE,NORMAL,NO_ACTION,False,0.0
2026-08-21T00:41:38.010316,0.4986032015120931,0.010211392101571895,0.0,False,0,0.0,False,0.0,5.304211815509575,-20.451294158890136,1.8431530580325273,CENTER,0.0,0.9368493548525377,0.0219160189987424,NORMAL,STABLE,NORMAL,NO_ACTION,False,0.0
2026-08-21T00:41:38.042300,0.5013915509440323,0.007321141900022927,0.0,False,0,0.0,False,0.0,5.382973181950035,-21.535699472456002,1.5579880020342216,CENTER,0.0,0.9351599710035764,0.022507539754703956,NORMAL,STABLE,NORMAL,NO_ACTION,False,0.0
2026-08-21T00:41:38.078038,0.5054634951781496,0.005431505291731184,0.0,False,0,0.0,False,0.0,5.597251599193328,-21.02301936054468,1.5874413919220842,CENTER,0.0,0.9345090388007055,0.022370328958600312,NORMAL,STABLE,NORMAL,NO_ACTION,False,0.0
2026-08-21T00:41:38.111162,0.523086855368537,0.006055145195293004,0.0,False,0,0.0,False,0.0,6.39764799969393,-20.081227137444642,1.6257310770646711,CENTER,0.0,0.9329088082378013,0.022499317183081954,NORMAL,STABLE,NORMAL,NO_ACTION,False,0.0
2026-08-21T00:41:38.145751,0.5220681829912066,0.004102486666639129,0.0,False,0,0.0,False,0.0,7.240242117767963,-19.632135949537627,1.4373239722374365,CENTER,0.0,0.9295174828226044,0.022808643325690662,NORMAL,STABLE,NORMAL,NO_ACTION,False,0.0
2026-08-21T00:41:38.178643,0.5568373918344288,0.004121421577617794,0.0,False,0,0.0,False,0.0,7.519582154415161,-18.083533540654315,1.285927937020972,CENTER,0.0,0.9228455220887223,0.02180132577673184,NORMAL,STABLE,NORMAL,NO_ACTION,False,0.0
2026-08-21T00:41:38.211465,0.5485796309537208,0.006355215375346912,0.0,False,0,0.0,False,0.0,8.31584053209582,-19.155916913249627,1.1279878778886712,CENTER,0.0,0.9154641869672251,0.02320737436152213,NORMAL,STABLE,NORMAL,NO_ACTION,False,0.0
2026-08-21T00:41:38.244182,0.5130643672536488,0.008438187575296933,0.0,False,0,0.0,False,0.0,7.27332402243988,-20.451407615198974,1.0357234336355248,CENTER,0.0,0.9098894323804625,0.02304834616712927,NORMAL,STABLE,NORMAL,NO_ACTION,False,0.0
2026-08-21T00:41:38.280883,0.5016127929186907,0.00879516757573225,0.0,False,0,0.0,False,0.0,7.25024649562684,-20.68242456853875,1.0482240053923704,CENTER,0.0,0.9065412196257103,0.023206909285987596,NORMAL,STABLE,NORMAL,NO_ACTION,False,0.0
2026-08-21T00:41:38.310820,0.5055333927536345,0.0037641295622699764,0.0,False,0,0.0,False,0.0,7.2019615132511206,-20.90554092784768,0.7261898250574177,CENTER,0.0,0.9041890225418872,0.02300907118342524,NORMAL,STABLE,NORMAL,NO_ACTION,False,0.0
2026-08-21T00:41:38.345370,0.5014504148816745,0.005385380094113818,0.0,False,0,0.0,False,0.0,7.303487356859023,-19.789318607719338,0.8559747654623777,CENTER,0.0,0.9027676451045954,0.02241856830225234,NORMAL,STABLE,NORMAL,NO_ACTION,False,0.0
2026-08-21T00:41:38.376867,0.5031409918875989,0.007626197760743354,0.0,False,0,0.0,False,0.0,7.151466977237305,-19.33398886344247,0.9438979976990822,CENTER,0.0,0.9016196615348814,0.02202325206873123,NORMAL,STABLE,NORMAL,NO_ACTION,False,0.0
2026-08-21T00:41:38.411281,0.5034838416584484,0.005906132417356639,0.0,False,0,0.0,False,0.0,8.173705209528833,-18.87446924209968,0.7489403143240168,CENTER,0.0,0.9001252411265431,0.02249366223725888,NORMAL,STABLE,NORMAL,NO_ACTION,False,0.0
2026-08-21T00:41:38.443480,0.5123327136827573,0.0039074152717764234,0.0,False,0,0.0,False,0.0,9.319754260993307,-18.867505900007444,0.45207922676334533,CENTER,0.0,0.8976122401957182,0.023316240655713673,NORMAL,STABLE,NORMAL,NO_ACTION,False,0.0
2026-08-21T00:41:38.477634,0.5010876477761457,0.007910292177319702,0.0,False,0,0.0,False,0.0,8.324257420834954,-19.851288364901052,0.35118571677355703,CENTER,0.0,0.8949064360119048,0.02296677330534532,NORMAL,STABLE,NORMAL,NO_ACTION,False,0.0
2026-08-21T00:41:38.511161,0.5115935426380362,0.006659459794783938,0.0,False,0,0.0,False,0.0,7.967840935687633,-19.473651980527507,0.5642338969898617,CENTER,0.0,0.8933051774078973,0.022550988126776923,NORMAL,STABLE,NORMAL,NO_ACTION,False,0.0
2026-08-21T00:41:38.545041,0.491785807182584,0.006267376232702914,0.0,False,0,0.0,False,0.0,7.873667133351574,-19.04303851828479,0.48710236977996146,CENTER,0.0,0.8925488254458162,0.022069247945268163,NORMAL,STABLE,NORMAL,NO_ACTION,False,0.0
2026-08-21T00:41:38.575984,0.49395086853750825,0.006041959937343718,0.0,False,0,0.0,False,0.0,8.630700649210894,-18.865508844441877,0.565104079895093,CENTER,0.0,0.8912256975063688,0.022753349281128064,NORMAL,STABLE,NORMAL,NO_ACTION,False,0.0
2026-08-21T00:41:38.611098,0.5036503603073044,0.004435199340187874,0.0,False,0,0.0,False,0.0,9.478604289127446,-18.575073656380965,0.1321409059931966,CENTER,0.0,0.8900226942178621,0.022945468262579302,NORMAL,STABLE,NORMAL,NO_ACTION,False,0.0
2026-08-21T00:41:38.645246,0.5068067978649617,0.004936456294753528,0.0,False,0,0.0,False,0.0,9.676487121262909,-18.812189094602985,0.09910055273181229,CENTER,0.0,0.888664677946796,0.023279463445367403,NORMAL,STABLE,NORMAL,NO_ACTION,False,0.0
2026-08-21T00:41:38.677342,0.48546980522348543,0.006040595682225949,0.0,False,0,0.0,False,0.0,9.168674635522393,-18.847547086405797,0.17309696799947005,CENTER,0.0,0.8877672761427101,0.022882487249830614,NORMAL,STABLE,NORMAL,NO_ACTION,False,0.0
2026-08-21T00:41:38.710910,0.5019876462885929,0.003421333532862531,0.0,False,0,0.0,False,0.0,9.53570436305887,-19.58457052557955,-0.0233642808003367,CENTER,0.0,0.8874835237850284,0.02363303756144626,NORMAL,STABLE,NORMAL,NO_ACTION,False,0.0
2026-08-21T00:41:38.745402,0.5192003381930219,0.005121342117579316,0.0,False,0,0.0,False,0.0,9.939272090982314,-18.200959883483677,0.0067334025060290514,CENTER,0.0,0.8871094729815795,0.022998757705751556,NORMAL,STABLE,NORMAL,NO_ACTION,False,0.0
2026-08-21T00:41:38.776293,0.5384450798527654,0.0011403149014630333,0.0,False,0,0.0,False,0.0,11.776555387372525,-15.37229524056616,-0.14509461150538527,CENTER,0.0,0.8881347683041838,0.022856599833628196,NORMAL,STABLE,NORMAL,NO_ACTION,False,0.0
2026-08-21T00:41:38.812102,0.5542719661963844,0.006466299290736847,0.0,False,0,0.0,False,0.0,12.474506440159018,-14.689670379874315,-0.1967903951789367,CENTER,0.0,0.8895419743900647,0.02308825499049093,NORMAL,STABLE,NORMAL,NO_ACTION,False,0.0
2026-08-21T00:41:38.844247,0.5563734829009357,0.005522588840132272,0.0,False,0,0.0,False,0.0,12.774224691967675,-13.195966343088173,-0.22699034674994323,CENTER,0.0,0.8914480667009601,0.02231792377781067,NORMAL,STABLE,NORMAL,NO_ACTION,False,0.0
2026-08-21T00:41:38.877716,0.5205478650124411,0.001076513602153101,0.0,False,0,0.0,False,0.0,13.095274804801562,-16.53520837595184,-0.8308611960321457,CENTER,0.0,0.8938482303608171,0.025660372595319288,NORMAL,STABLE,NORMAL,NO_ACTION,False,0.0
2026-08-21T00:41:38.911379,0.5005319482180024,0.005739553652291713,0.0,False,0,0.0,False,0.0,11.236351260898772,-17.882201688751906,-0.8212798681360027,CENTER,0.0,0.8944298673880561,0.02482386198401433,NORMAL,STABLE,NORMAL,NO_ACTION,False,0.0
2026-08-21T00:41:38.945198,0.5001706209476341,0.005624241828972675,0.0,False,0,0.0,False,0.0,12.839553919520512,-15.213002922384618,-0.5690593379553377,CENTER,0.0,0.893894505223643,0.024189440009029547,NORMAL,STABLE,NORMAL,NO_ACTION,False,0.0
2026-08-21T00:41:38.976562,0.5131021565343454,0.0018144361354812408,0.0,False,0,0.0,False,0.0,12.464575688113428,-15.945670246242656,-0.5592360658174584,CENTER,0.0,0.8934122368276014,0.02434996533977863,NORMAL,STABLE,NORMAL,NO_ACTION,False,0.0
2026-08-21T00:41:39.011704,0.536882974140507,0.003203503056110493,0.0,False,0,0.0,False,0.0,12.445302189301543,-15.25037943909166,-0.27207170231989153,CENTER,0.0,0.8933210014329805,0.023543039445360795,NORMAL,STABLE,NORMAL,NO_ACTION,False,0.0
2026-08-21T00:41:39.046133,0.584196356803222,0.0076464666126400665,0.0,False,0,0.0,False,0.0,11.143338990552394,-19.351980132334717,-1.0696835948657508,CENTER,0.0,0.8916580473495984,0.026049715092270158,NORMAL,STABLE,NORMAL,NO_ACTION,False,0.0
2026-08-21T00:41:39.086757,0.5453214037823609,0.0056785537545928294,0.0,False,0,0.0,False,0.0,9.689780267516454,-15.696730114800687,0.11744664613112832,CENTER,0.0,0.8901988666286987,0.021032918615738885,NORMAL,STABLE,NORMAL,NO_ACTION,False,0.0
2026-08-21T00:41:39.126913,0.5172541424918521,0.004011494867882541,0.0,False,0,0.0,False,0.0,10.75092802043568,-15.108446141676438,0.17262912110373918,CENTER,0.0,0.8911458746693122,0.021690927629431526,NORMAL,STABLE,NORMAL,NO_ACTION,False,0.0
2026-08-21T00:41:39.161990,0.5309885641255141,0.00039301373922093956,0.0,False,0,0.0,False,0.0,10.91966522132185,-16.21588802431171,0.15226740037340392,CENTER,0.0,0.8931462864981384,0.02264507664710433,NORMAL,STABLE,NORMAL,NO_ACTION,False,0.0
2026-08-21T00:41:39.210936,0.5325018063664504,0.001030637219405471,0.0,False,0,0.0,False,0.0,8.604398796508434,-14.943568569855927,0.13746625121248712,CENTER,0.0,0.8960162909685477,0.019443997539096362,NORMAL,STABLE,NORMAL,NO_ACTION,False,0.0
2026-08-21T00:41:39.244355,0.5304597372302071,0.004298766248849323,0.0,False,0,0.0,False,0.0,8.869753021542635,-17.078442043882262,-0.15742453878863216,CENTER,0.0,0.9003869361466295,0.021282659934934663,NORMAL,STABLE,NORMAL,NO_ACTION,False,0.0
2026-08-21T00:41:39.276841,0.542286683857577,0.006367276837220838,0.0,False,0,0.0,False,0.0,8.198098257780458,-15.395951417504563,0.1267618638582917,CENTER,0.0,0.9045969726753871,0.019368249205426097,NORMAL,STABLE,NORMAL,NO_ACTION,False,0.0
2026-08-21T00:41:39.311063,0.5293119099974275,0.006542699791234158,0.0,False,0,0.0,False,0.0,8.19021303924805,-17.155169220644893,0.09823225050695328,CENTER,0.0,0.9098206317056142,0.020618735092825215,NORMAL,STABLE,NORMAL,NO_ACTION,False,0.0
2026-08-21T00:41:39.345198,0.5271484670528315,0.005240808081617951,0.0,False,0,0.0,False,0.0,9.254164472651695,-16.085125132455744,0.21973414710367933,CENTER,0.0,0.9097529761904762,0.020991951724266263,NORMAL,STABLE,NORMAL,NO_ACTION,False,0.0
2026-08-21T00:41:39.393505,0.4574614715669007,0.003626366838278303,0.0,False,0,0.0,False,0.0,6.8409760788009635,-12.168879858988873,1.0001881307725284,CENTER,0.0,0.915488196281599,0.016537840257129777,NORMAL,STABLE,NORMAL,NO_ACTION,False,0.0
2026-08-21T00:41:39.427653,0.3696606980086553,0.004636756833588215,0.0,False,0,0.0,False,0.0,5.604829441596621,-5.283439787818168,1.2944148192445653,CENTER,0.0,0.9253384306719087,0.010586573198542702,NORMAL,STABLE,NORMAL,NO_ACTION,False,0.0
2026-08-21T00:41:39.460779,0.4102481367177015,0.00719781954575173,0.0,False,0,0.0,False,0.0,5.228559801644394,-7.774435751645825,1.2761243815200203,CENTER,0.0,0.9260334385104352,0.012022915201655734,NORMAL,STABLE,NORMAL,NO_ACTION,False,0.0
2026-08-21T00:41:39.495326,0.44203962519713424,0.004997248414161922,0.0,False,0,0.0,False,0.0,5.295213005876036,-1.76796431220032,1.5085909010761611,CENTER,0.0,0.9276769899446403,0.007923759396786,NORMAL,STABLE,NORMAL,NO_ACTION,False,0.0
2026-08-21T00:41:39.554278,0.45748458497406996,0.0009384127807662753,0.0,False,0,0.0,False,0.0,5.913976265300249,5.901469552485253,1.321309830205962,CENTER,0.0,0.933376710084754,0.011365875496949463,NORMAL,STABLE,NORMAL,NO_ACTION,False,0.0
2026-08-21T00:41:39.591866,0.44306949176318783,0.006770259933983244,0.0,False,0,0.0,False,0.0,5.468806988298184,5.873015596813104,1.3563771889104146,CENTER,0.0,0.9370744828409759,0.01094536634972556,NORMAL,STABLE,NORMAL,NO_ACTION,False,0.0
2026-08-21T00:41:39.624403,0.47652341008305577,0.00359702966204181,0.0,False,0,0.0,False,0.0,5.135516321647771,11.324917698713506,1.4039772083449975,CENTER,0.0,0.9395977641828336,0.014652223980534014,NORMAL,STABLE,NORMAL,NO_ACTION,False,0.0
2026-08-21T00:41:39.660779,0.46950694161595996,0.002160055411263475,0.0,False,0,0.0,False,0.0,5.34906583562244,10.217228160241206,1.254999271990215,CENTER,0.0,0.9401516961529982,0.013905444666465459,NORMAL,STABLE,NORMAL,NO_ACTION,False,0.0
2026-08-21T00:41:39.694965,0.4684498449790371,0.004170689738751626,0.0,False,0,0.0,False,0.0,5.322976926382495,9.594226321781605,1.1188444552771557,CENTER,0.0,0.9396555166691163,0.013291901679333189,NORMAL,STABLE,NORMAL,NO_ACTION,False,0.0
2026-08-21T00:41:39.726527,0.46930219531869866,0.0025984513737295537,0.0,False,0,0.0,False,0.0,5.553156698313245,12.71857854108535,1.1748393382404743,CENTER,0.0,0.940185439324907,0.01585470754616738,NORMAL,STABLE,NORMAL,NO_ACTION,False,0.0
2026-08-21T00:41:39.760687,0.4676733893550129,0.002273590959825667,0.0,False,0,0.0,False,0.0,5.730799030786187,12.118282865875074,1.132229611805684,CENTER,0.0,0.940250179888056,0.015547505645222393,NORMAL,STABLE,NORMAL,NO_ACTION,False,0.0
2026-08-21T00:41:39.796475,0.47720980544438585,0.004954778532624421,0.0,False,0,0.0,False,0.0,5.962671510787089,13.235176365503946,1.277503190332709,CENTER,0.0,0.9405960051072899,0.01673153701291204,NORMAL,STABLE,NORMAL,NO_ACTION,False,0.0
2026-08-21T00:41:39.844214,0.49516575010500546,0.0033621873437886525,0.0,False,0,0.0,False,0.0,5.587967316140265,12.948762713798118,1.2529192198551868,CENTER,0.0,0.9405511486809229,0.016133000556865534,NORMAL,STABLE,NORMAL,NO_ACTION,False,0.0
2026-08-21T00:41:39.877714,0.4505245019681891,0.0028008814862310106,0.0,False,0,0.0,False,0.0,5.969237620487064,14.405474402739316,1.5773761038634007,CENTER,0.0,0.9418148714604154,0.017885691546203654,NORMAL,STABLE,NORMAL,NO_ACTION,False,0.0
2026-08-21T00:41:39.910728,0.4683664305472874,0.0015021375647782144,0.0,False,0,0.0,False,0.0,4.966176282493308,15.511886905571089,1.4485618474817272,CENTER,0.0,0.943211159489516,0.01759128002841457,NORMAL,STABLE,NORMAL,NO_ACTION,False,0.0
2026-08-21T00:41:39.944231,0.47613059052870893,0.0018160161900308885,0.0,False,0,0.0,False,0.0,4.789186444710367,14.992957781924929,1.5577923294279685,CENTER,0.0,0.9451386714922594,0.01714590361655169,NORMAL,STABLE,NORMAL,NO_ACTION,False,0.0
2026-08-21T00:41:39.977616,0.46127049962322864,0.004493637865142305,0.0,False,0,0.0,False,0.0,5.132841859634198,12.952169474192374,1.441549159822955,CENTER,0.0,0.9513544292266803,0.01587574865994292,NORMAL,STABLE,NORMAL,NO_ACTION,False,0.0
2026-08-21T00:41:40.010720,0.4592825295046069,0.002729139445627422,0.0,False,0,0.0,False,0.0,5.429696688624347,14.459554612369459,1.7871512844979236,CENTER,0.0,0.9527392526455027,0.017603814748927252,NORMAL,STABLE,NORMAL,NO_ACTION,False,0.0
2026-08-21T00:41:40.045408,0.46279829569187636,0.0013713153846081454,0.0,False,0,0.0,False,0.0,4.621923077411736,13.382099280695229,1.5638071619632115,CENTER,0.0,0.9521801804698217,0.01581121315779373,NORMAL,STABLE,NORMAL,NO_ACTION,False,0.0
2026-08-21T00:41:40.077741,0.46073194527535966,0.0038114578791009724,0.0,False,0,0.0,False,0.0,5.332902677510845,14.645673702125293,1.759342330569467,CENTER,0.0,0.9508523938124632,0.01761842133009189,NORMAL,STABLE,NORMAL,NO_ACTION,False,0.0
2026-08-21T00:41:40.111103,0.47396983495732925,0.0024501238963714252,0.0,False,0,0.0,False,0.0,4.985978549164656,13.823645226105612,1.625968166194241,CENTER,0.0,0.948742905521262,0.01654939633034903,NORMAL,STABLE,NORMAL,NO_ACTION,False,0.0
2026-08-21T00:41:40.145139,0.46651439571813325,0.0021433545997125783,0.0,False,0,0.0,False,0.0,5.214106550752376,13.840133168621804,1.8315878613557572,CENTER,0.0,0.947083269798403,0.016984204959624254,NORMAL,STABLE,NORMAL,NO_ACTION,False,0.0
2026-08-21T00:41:40.177137,0.47741079459359254,0.003186217344293764,0.0,False,0,0.0,False,0.0,5.1575199177331115,13.362803258985764,1.9247560303433033,CENTER,0.0,0.9465997911767587,0.016670934105570894,NORMAL,STABLE,NORMAL,NO_ACTION,False,0.0
2026-08-21T00:41:40.210036,0.4752811153403654,0.00427123744751648,0.0,False,0,0.0,False,0.0,5.488274516140308,14.363759253893448,1.771276585137258,CENTER,0.0,0.9473594224598275,0.017575409884695567,NORMAL,STABLE,NORMAL,NO_ACTION,False,0.0
2026-08-21T00:41:40.243640,0.4631386472788821,0.002776665118328373,0.0,False,0,0.0,False,0.0,5.1352173959893435,14.26032276972424,1.6597026834666053,CENTER,0.0,0.9485223841980208,0.01704694167324476,NORMAL,STABLE,NORMAL,NO_ACTION,False,0.0
2026-08-21T00:41:40.276726,0.4498795056255147,0.0020529945099222167,0.0,False,0,0.0,False,0.0,4.989807913359158,15.364787531680832,1.4254364575216698,CENTER,0.0,0.9514500630756418,0.017484244658519933,NORMAL,STABLE,NORMAL,NO_ACTION,False,0.0
2026-08-21T00:41:40.310256,0.45116171063980715,0.0016185644304816278,0.0,False,0,0.0,False,0.0,4.82465223065239,15.11731360650677,1.2576011149058957,CENTER,0.0,0.9544423263582696,0.01697879001017384,NORMAL,STABLE,NORMAL,NO_ACTION,False,0.0
2026-08-21T00:41:40.344766,0.4556054510132588,0.0029304418970624462,0.0,False,0,0.0,False,0.0,4.857820824060781,14.668900223303297,1.1777486295723065,CENTER,0.0,0.9564487632887518,0.016605501580029786,NORMAL,STABLE,NORMAL,NO_ACTION,False,0.0
2026-08-21T00:41:40.379065,0.45689140977991183,0.0022663735705219547,0.0,False,0,0.0,False,0.0,4.138791240994209,12.902669071897833,1.0093237659916667,CENTER,0.0,0.956924772345924,0.014449431589580165,NORMAL,STABLE,NORMAL,NO_ACTION,False,0.0
2026-08-21T00:41:40.410681,0.47111322738658856,0.003988267144137086,0.0,False,0,0.0,False,0.0,5.035716908770411,14.89791100829126,1.079572249877259,CENTER,0.0,0.9564626093106996,0.0168506066421697,NORMAL,STABLE,NORMAL,NO_ACTION,False,0.0
2026-08-21T00:41:40.445191,0.4522734544463431,0.003313535778967508,0.0,False,0,0.0,False,0.0,4.695248211840294,14.468729168932299,1.0572973765132474,CENTER,0.0,0.9550545833945717,0.01618332598933018,NORMAL,STABLE,NORMAL,NO_ACTION,False,0.0
2026-08-21T00:41:40.479418,0.4553462181829744,0.004945581946881564,0.0,False,0,0.0,False,0.0,5.291863581837902,15.632770010855467,1.3004014625688,CENTER,0.0,0.9529811806474132,0.017852673053165985,NORMAL,STABLE,NORMAL,NO_ACTION,False,0.0
2026-08-21T00:41:40.511788,0.45263692104556696,0.0050046285326060405,0.0,False,0,0.0,False,0.0,5.342677549449661,14.943908832107326,1.1869176292428563,CENTER,0.0,0.9510957142244757,0.017288037819466875,NORMAL,STABLE,NORMAL,NO_ACTION,False,0.0
2026-08-21T00:41:40.545233,0.4630878721487268,0.004002070723408557,0.0,False,0,0.0,False,0.0,5.208992784094789,15.199545460761385,1.115796104649604,CENTER,0.0,0.9495105529223006,0.017275290433055975,NORMAL,STABLE,NORMAL,NO_ACTION,False,0.0
2026-08-21T00:41:40.577938,0.4470033798155604,0.005742256326919149,0.0,False,0,0.0,False,0.0,5.591901700980259,14.48314991238908,1.1450239610640267,CENTER,0.0,0.9485743588330394,0.017153302238144343,NORMAL,STABLE,NORMAL,NO_ACTION,False,0.0
2026-08-21T00:41:40.610615,0.45318662434006013,0.0029340823492132132,0.0,False,0,0.0,False,0.0,4.872868846983323,14.86356354596083,1.0805828157524218,CENTER,0.0,0.948480247525965,0.01666776249727716,NORMAL,STABLE,NORMAL,NO_ACTION,False,0.0
2026-08-21T00:41:40.642138,0.4460459670515232,0.002101354411420444,0.0,False,0,0.0,False,0.0,5.1374702039287,15.2429874443026,1.0245650443767431,CENTER,0.0,0.9489529512357926,0.017148416989797653,NORMAL,STABLE,NORMAL,NO_ACTION,False,0.0
2026-08-21T00:41:40.679369,0.4562662912789916,0.0018932069429035186,0.0,False,0,0.0,False,0.0,4.791559940479971,14.92688812365904,0.9279567043195414,CENTER,0.0,0.9493708174113266,0.01648604555316159,NORMAL,STABLE,NORMAL,NO_ACTION,False,0.0
2026-08-21T00:41:40.710480,0.45702271514400206,0.0026176477750044155,0.0,False,0,0.0,False,0.0,5.211567955612736,14.449367891434719,0.9346621534489259,CENTER,0.0,0.9493126615165098,0.01655288111855526,NORMAL,STABLE,NORMAL,NO_ACTION,False,0.0
2026-08-21T00:41:40.744106,0.4446299711067958,0.002232922492775677,0.0,False,0,0.0,False,0.0,5.2116395596638085,14.662751513197463,0.956035679980971,CENTER,0.0,0.9490841110621204,0.016729764984934576,NORMAL,STABLE,NORMAL,NO_ACTION,False,0.0
2026-08-21T00:41:40.777095,0.4628493013604378,0.0028426115467252103,0.0,False,0,0.0,False,0.0,5.507802725266998,14.77013883279028,1.0727572490736748,CENTER,0.0,0.948042900622183,0.017210686256270355,NORMAL,STABLE,NORMAL,NO_ACTION,False,0.0
2026-08-21T00:41:40.810588,0.44786758714389496,0.0050407034948669,0.0,False,0,0.0,False,0.0,4.927503891593773,14.527023729513814,1.014880219155657,CENTER,0.0,0.9462771164021164,0.016410966771817533,NORMAL,STABLE,NORMAL,NO_ACTION,False,0.0
2026-08-21T00:41:40.843098,0.44896167131190845,0.002538062352054261,0.0,False,0,0.0,False,0.0,5.323105967686786,14.339802287371725,1.0966139269132782,CENTER,0.0,0.9451423672349598,0.01673934854788388,NORMAL,STABLE,NORMAL,NO_ACTION,False,0.0
2026-08-21T00:41:40.878256,0.4322369328428811,0.0022458529350470294,0.0,False,0,0.0,False,0.0,5.339136763268868,14.805065931716285,1.0918940232345449,CENTER,0.0,0.9447662863756614,0.0170904778121741,NORMAL,STABLE,NORMAL,NO_ACTION,False,0.0
2026-08-21T00:41:40.910565,0.43934337675171,0.003728585467308202,0.0,False,0,0.0,False,0.0,5.422409357539294,15.275910985070396,1.1548803475818943,CENTER,0.0,0.944978622409612,0.01757721534495515,NORMAL,STABLE,NORMAL,NO_ACTION,False,0.0
2026-08-21T00:41:40.945324,0.4325897851634539,0.0034845255059512306,0.0,False,0,0.0,False,0.0,5.264254718713374,14.626771343368603,1.0649896631802278,CENTER,0.0,0.9455600902655302,0.016860938488713503,NORMAL,STABLE,NORMAL,NO_ACTION,False,0.0
2026-08-21T00:41:40.979507,0.42090702026106236,0.0019419679653569228,0.0,False,0,0.0,False,0.0,5.148117906805993,15.623074975298408,1.0201370907375065,CENTER,0.0,0.9465526964836861,0.01743232088598178,NORMAL,STABLE,NORMAL,NO_ACTION,False,0.0
2026-08-21T00:41:41.010088,0.4194799694467296,0.002194585386382722,0.0,False,0,0.0,False,0.0,4.9009881710686045,14.532437582436899,1.0354244017889869,CENTER,0.0,0.947304832175926,0.016409104054274138,NORMAL,STABLE,NORMAL,NO_ACTION,False,0.0
2026-08-21T00:41:41.045381,0.343312771317196,0.00436945461606637,0.0,False,0,0.0,False,0.0,5.308574862149015,16.58969024448544,0.9806562854705874,CENTER,0.0,0.9473543082806682,0.018256821472693648,NORMAL,STABLE,NORMAL,NO_ACTION,False,0.0
2026-08-21T00:41:41.078097,0.15249496141480917,0.00444078830696617,0.002304147465437788,True,0,0.0,False,0.0,4.917766180776624,14.579569566482434,0.9548327025215997,UP,0.0,0.9476242536559376,0.24266410836374094,LOW,STABLE,NORMAL,NO_ACTION,False,0.0
2026-08-21T00:41:41.126267,0.09215066671534197,0.007752282407370575,0.004597701149425287,True,0,0.0,False,0.04817008972167969,4.305323080909773,12.779985920346462,0.7445530398996425,UP,0.04817008972167969,0.9475384577699392,0.24392907329184493,LOW,STABLE,NORMAL,NO_ACTION,False,0.04817008972167969
2026-08-21T00:41:41.158359,0.10073078056233037,0.004220063319533384,0.006880733944954129,True,0,0.0,False,0.0802617073059082,4.771910945859503,12.294252352039535,0.8594237764156958,UP,0.0802617073059082,0.9471438331312463,0.2441407286770648,LOW,STABLE,NORMAL,NO_ACTION,False,0.0802617073059082
2026-08-21T00:41:41.194225,0.2683667425122426,0.004696295386027336,0.006864988558352402,False,1,0.11612844467163086,False,0.0,5.2642092637897235,14.349600984378128,0.8891764196982876,UP,0.11612844467163086,0.9760201930084019,0.08427540655356655,NORMAL,STABLE,NORMAL,NO_ACTION,False,0.0
2026-08-21T00:41:41.228859,0.3371606481050587,0.005309590518586387,0.00684931506849315,False,1,0.11612844467163086,False,0.0,5.502418858996293,14.348470833262326,0.742046360715932,UP,0.15076208114624023,0.9763986009302126,0.04218422673562079,NORMAL,STABLE,NORMAL,NO_ACTION,False,0.0
2026-08-21T00:41:41.261101,0.35441815316382375,0.004290776008786992,0.00683371298405467,False,1,0.11612844467163086,False,0.0,5.517243353178145,13.559554965965333,0.7941465200618154,UP,0.18300437927246094,0.9754888572745198,0.041681186673189846,NORMAL,STABLE,NORMAL,NO_ACTION,False,0.0
2026-08-21T00:41:41.295310,0.36997440187169117,0.0029403026633413078,0.006818181818181818,False,1,0.11612844467163086,False,0.0,5.660434622612399,16.64412201432961,0.955234740289626,UP,0.21721315383911133,0.9735325038580248,0.04419053329935875,NORMAL,STABLE,NORMAL,NO_ACTION,False,0.0
2026-08-21T00:41:41.336197,0.3710483006628561,0.004015375991833915,0.006802721088435374,False,1,0.11612844467163086,False,0.0,5.744525716806692,15.18614507031404,1.0521939425769347,CENTER,0.0,0.9716146503129287,0.01743351748002708,NORMAL,STABLE,NORMAL,NO_ACTION,False,0.0
2026-08-21T00:41:41.375001,0.37742328669794234,0.006834486036789508,0.006787330316742082,False,1,0.11612844467163086,False,0.0,5.762378072796281,15.836651953018247,1.189713307969754,CENTER,0.0,0.9697459597908094,0.01805014237915703,NORMAL,STABLE,NORMAL,NO_ACTION,False,0.0
2026-08-21T00:41:41.413051,0.3792890657192789,0.002876336218859763,0.006772009029345372,False,1,0.11612844467163086,False,0.0,5.724872294925461,14.714059808723732,1.125228741448666,CENTER,0.0,0.968892679933985,0.01714528146597701,NORMAL,STABLE,NORMAL,NO_ACTION,False,0.0
2026-08-21T00:41:41.443464,0.39751163939440015,0.0028674972636792283,0.006756756756756757,False,1,0.11612844467163086,False,0.0,6.001242208006715,15.241603291679212,0.900795994906332,CENTER,0.0,0.9695123483581962,0.017574348356287326,NORMAL,STABLE,NORMAL,NO_ACTION,False,0.0
2026-08-21T00:41:41.477479,0.38758935047439846,0.001314989666334325,0.006741573033707865,False,1,0.11612844467163086,False,0.0,5.5007607377635,14.913925709592888,0.8180009441814207,CENTER,0.0,0.9706667952674897,0.016779630989589147,NORMAL,STABLE,NORMAL,NO_ACTION,False,0.0
2026-08-21T00:41:41.510603,0.39586842483640783,0.0020255986299745217,0.006726457399103139,False,1,0.11612844467163086,False,0.0,5.599391071005243,15.315185924294099,0.8647190322669189,CENTER,0.0,0.971611140582133,0.017207450545657522,NORMAL,STABLE,NORMAL,NO_ACTION,False,0.0
2026-08-21T00:41:41.545302,0.39479187546957173,0.0023412385103973796,0.006711409395973154,False,1,0.11612844467163086,False,0.0,5.524109089645208,14.447369391286372,0.9611795746443192,CENTER,0.0,0.9736376618227024,0.016603832051006306,NORMAL,STABLE,NORMAL,NO_ACTION,False,0.0
2026-08-21T00:41:41.578073,0.42118003827224937,0.0028837543342711894,0.006696428571428571,False,1,0.11612844467163086,False,0.0,5.773714680674431,14.51474140272012,0.7795817425346172,CENTER,0.0,0.974123491619513,0.016717462067776946,NORMAL,STABLE,NORMAL,NO_ACTION,False,0.0
2026-08-21T00:41:41.610516,0.39586398699129166,0.004012111809404271,0.0066815144766146995,False,1,0.11612844467163086,False,0.0,5.6393812937430425,14.163367708936846,1.0036061273758605,CENTER,0.0,0.9720948940114883,0.01655081875651738,NORMAL,STABLE,NORMAL,NO_ACTION,False,0.0
2026-08-21T00:41:41.644155,0.3946249154955126,0.003635473793682206,0.006666666666666667,False,1,0.11612844467163086,False,0.0,6.416348257595473,13.75648159604907,1.1047462223947946,CENTER,0.0,0.9689244550540124,0.01710004465771658,NORMAL,STABLE,NORMAL,NO_ACTION,False,0.0
2026-08-21T00:41:41.676906,0.3854828258097186,0.002979235579319096,0.0066518847006651885,False,1,0.11612844467163086,False,0.0,6.038570211773646,16.43547051440055,1.2781241864134927,CENTER,0.0,0.9665085412379971,0.018830176045652555,NORMAL,STABLE,NORMAL,NO_ACTION,False,0.0
2026-08-21T00:41:41.710808,0.3927911733984709,0.0034452883081967506,0.00663716814159292,False,1,0.11612844467163086,False,0.0,5.547368961199396,14.450722368403149,0.860932613807222,CENTER,0.0,0.9652800684799383,0.016532442428270042,NORMAL,STABLE,NORMAL,NO_ACTION,False,0.0
2026-08-21T00:41:41.745228,0.37735155885295435,0.0028528431291373548,0.006622516556291391,False,1,0.11612844467163086,False,0.0,5.778450016673133,15.388128433235977,0.8203206877367393,CENTER,0.0,0.966131419324417,0.01738897928738174,NORMAL,STABLE,NORMAL,NO_ACTION,False,0.0
2026-08-21T00:41:41.778321,0.3797851145347009,0.0016571512924827376,0.006607929515418502,False,1,0.11612844467163086,False,0.0,5.749838131547648,14.448339884094253,0.9086249316827093,CENTER,0.0,0.9686042791923868,0.01677053575070253,NORMAL,STABLE,NORMAL,NO_ACTION,False,0.0
2026-08-21T00:41:41.810451,0.3756469844655538,0.0013990411255935086,0.006593406593406593,False,1,0.11612844467163086,False,0.0,5.223458204763517,15.553239197635492,0.6812821716151234,CENTER,0.0,0.9706638615612141,0.016842384969120508,NORMAL,STABLE,NORMAL,NO_ACTION,False,0.0
2026-08-21T00:41:41.845160,0.3831005265584261,0.0020518611409831807,0.006578947368421052,False,1,0.11612844467163086,False,0.0,5.0075072539197265,13.601986371329986,0.7633259890309887,CENTER,0.0,0.9710785456318588,0.01531115932339261,NORMAL,STABLE,NORMAL,NO_ACTION,False,0.0
2026-08-21T00:41:41.879074,0.3664142875983185,0.009295108182259409,0.006564551422319475,False,1,0.11612844467163086,False,0.0,5.8848169030443955,14.579143890145957,0.6720396021172235,CENTER,0.0,0.9700035633144719,0.016767177224442868,NORMAL,STABLE,NORMAL,NO_ACTION,False,0.0
2026-08-21T00:41:41.910727,0.38046418895707657,0.0021909779476992916,0.006550218340611353,False,1,0.11612844467163086,False,0.0,5.725817037271753,14.004820182566618,0.877526722647616,CENTER,0.0,0.9679325408307614,0.01639882770067866,NORMAL,STABLE,NORMAL,NO_ACTION,False,0.0
2026-08-21T00:41:41.945313,0.37634293863735924,0.004190936229598087,0.006535947712418301,False,1,0.11612844467163086,False,0.0,6.249318008322263,15.239797683120003,0.9511134966856787,CENTER,0.0,0.9660434751157407,0.01785909171597624,NORMAL,STABLE,NORMAL,NO_ACTION,False,0.0
2026-08-21T00:41:41.979021,0.38165991702832236,0.003955232657446749,0.006521739130434782,False,1,0.11612844467163086,False,0.0,5.366797753047393,14.702611383522168,0.9315846120099707,CENTER,0.0,0.9655081741898149,0.016608169928513196,NORMAL,STABLE,NORMAL,NO_ACTION,False,0.0
2026-08-21T00:41:42.010466,0.3677818128929443,0.001974190839284728,0.006507592190889371,False,1,0.11612844467163086,False,0.0,5.691374045332054,15.223266997012018,0.9052040885381132,CENTER,0.0,0.966414635845336,0.01726834964687764,NORMAL,STABLE,NORMAL,NO_ACTION,False,0.0
2026-08-21T00:41:42.045169,0.3938648432482537,0.0025306409652833847,0.006493506493506494,False,1,0.11612844467163086,False,0.0,5.66101547641361,14.767594395576566,1.0858861430289153,CENTER,0.0,0.967524313593107,0.01708484283898688,NORMAL,STABLE,NORMAL,NO_ACTION,False,0.0
2026-08-21T00:41:42.095316,0.3858398702932335,0.002821554993217275,0.0064794816414686825,False,1,0.11612844467163086,False,0.0,5.742316721997696,14.921159623766812,1.1087946122507617,CENTER,0.0,0.968720676333162,0.0172951452351032,NORMAL,STABLE,NORMAL,NO_ACTION,False,0.0
2026-08-21T00:41:42.129258,0.3772263158171165,0.001933526692239219,0.00646551724137931,False,1,0.11612844467163086,False,0.0,5.553468808873447,15.514212392803444,1.1957953366096774,CENTER,0.0,0.9698819953489368,0.017623891750844688,NORMAL,STABLE,NORMAL,NO_ACTION,False,0.0
2026-08-21T00:41:42.163306,0.40304252903925947,0.0018044564244648529,0.0064516129032258064,False,1,0.11612844467163086,False,0.0,5.585971527342622,14.740168131092616,1.2935870009638961,CENTER,0.0,0.9701099135159466,0.01719229027388983,NORMAL,STABLE,NORMAL,NO_ACTION,False,0.0
2026-08-21T00:41:42.194218,0.4074462461225179,0.002270109526254831,0.006437768240343348,False,1,0.11612844467163086,False,0.0,6.155371910670112,15.357143858085351,1.3865272326368654,CENTER,0.0,0.9692592190715021,0.01827079105930988,NORMAL,STABLE,NORMAL,NO_ACTION,False,0.0
2026-08-21T00:41:42.227450,0.41075374851556434,0.002994700075643104,0.006423982869379015,False,1,0.11612844467163086,False,0.0,6.167941706723269,14.467645558261125,1.4527640479532806,CENTER,0.0,0.9674015935785322,0.017706826941794887,NORMAL,STABLE,NORMAL,NO_ACTION,False,0.0
2026-08-21T00:41:42.260308,0.4174915646614892,0.001476427804855263,0.00641025641025641,False,1,0.11612844467163086,False,0.0,4.947264247190873,12.498533617382208,1.9205911085525713,CENTER,0.0,0.9673229863254458,0.015569438889462408,NORMAL,STABLE,NORMAL,NO_ACTION,False,0.0
2026-08-21T00:41:42.293215,0.40242018443990846,0.001965735607439625,0.006396588486140725,False,1,0.11612844467163086,False,0.0,5.555024189999443,13.326432988751606,1.8015474970783316,CENTER,0.0,0.9688174886402606,0.016633146903272878,NORMAL,STABLE,NORMAL,NO_ACTION,False,0.0
2026-08-21T00:41:42.354193,0.4074500085045317,0.0017841963268713438,0.006382978723404255,False,1,0.11612844467163086,False,0.0,5.6735541709373365,13.002210049000666,1.7229853297070008,CENTER,0.0,0.9683987456061385,0.016438358815803328,NORMAL,STABLE,NORMAL,NO_ACTION,False,0.0
2026-08-21T00:41:42.386531,0.4163933314983972,0.0024956233400106826,0.006369426751592357,False,1,0.11612844467163086,False,0.0,5.580455758386876,11.580640487141721,1.6778116358305795,CENTER,0.0,0.9676382056970165,0.015283766915495533,NORMAL,STABLE,NORMAL,NO_ACTION,False,0.0
2026-08-21T00:41:42.426789,0.4006365048049808,0.0011547056689635046,0.006355932203389831,False,1,0.11612844467163086,False,0.0,5.54976791887546,12.867118679026646,1.777520387842742,CENTER,0.0,0.9667097881301441,0.01627484971467277,NORMAL,STABLE,NORMAL,NO_ACTION,False,0.0
2026-08-21T00:41:42.459980,0.4066308421922479,0.0003840600474464817,0.006342494714587738,False,1,0.11612844467163086,False,0.0,5.5421339930588545,11.232870876158302,1.7659430809049468,CENTER,0.0,0.9666755883487654,0.015081484317377583,NORMAL,STABLE,NORMAL,NO_ACTION,False,0.0
2026-08-21T00:41:42.490007,0.40523312434023984,0.0007768351463500085,0.006329113924050633,False,1,0.11612844467163086,False,0.0,5.203213621811017,11.706273854225685,1.9000948709452246,CENTER,0.0,0.966226704496742,0.015225547077793514,NORMAL,STABLE,NORMAL,NO_ACTION,False,0.0
2026-08-21T00:41:42.536939,0.39558538429982726,0.001132505214214963,0.00631578947368421,False,1,0.11612844467163086,False,0.0,5.057292461400522,10.809482009519968,1.922069939471271,CENTER,0.0,0.9662140453532235,0.014461979345370758,NORMAL,STABLE,NORMAL,NO_ACTION,False,0.0
2026-08-21T00:41:42.576650,0.40309529487408824,0.0012163277322491037,0.0063025210084033615,False,1,0.11612844467163086,False,0.0,5.113889173759134,12.582878164637776,1.9845775669312786,CENTER,0.0,0.9671450081447188,0.015851144139943894,NORMAL,STABLE,NORMAL,NO_ACTION,False,0.0
2026-08-21T00:41:42.610404,0.39831458842465567,0.0019288199601397258,0.006289308176100629,False,1,0.11612844467163086,False,0.0,5.215055742309488,12.6624078890583,1.8911239273218143,CENTER,0.0,0.9684962009173527,0.015915716030559943,NORMAL,STABLE,NORMAL,NO_ACTION,False,0.0
2026-08-21T00:41:42.644168,0.40274908221327316,0.0013059530697632866,0.006276150627615063,False,1,0.11612844467163086,False,0.0,4.907387901991115,11.316580889212418,1.696206343724242,CENTER,0.0,0.9693406260716735,0.01446634675720012,NORMAL,STABLE,NORMAL,NO_ACTION,False,0.0
2026-08-21T00:41:42.676485,0.4071818809557491,0.0014621902937697689,0.006263048016701462,False,1,0.11612844467163086,False,0.0,5.06029040401782,12.086206213201564,1.901038032415812,CENTER,0.0,0.9695150543338478,0.01536259817513576,NORMAL,STABLE,NORMAL,NO_ACTION,False,0.0
2026-08-21T00:41:42.702032,0.4030603338359623,0.0018096420284220874,0.00625,False,1,0.11612844467163086,False,0.0,5.209375062819333,11.607445659814147,1.9435106853514412,CENTER,0.0,0.9689160826045953,0.015202019165433135,NORMAL,STABLE,NORMAL,NO_ACTION,False,0.0
2026-08-21T00:41:42.734517,0.403532816319655,0.0025856561069486734,0.006237006237006237,False,1,0.11612844467163086,False,0.0,4.718003779927301,10.971391865403689,1.9171492808499693,CENTER,0.0,0.968637192965535,0.014248424100926395,NORMAL,STABLE,NORMAL,NO_ACTION,False,0.0
2026-08-21T00:41:42.762512,0.39447579911645103,0.002038774946184977,0.006224066390041493,False,1,0.11612844467163086,False,0.0,4.978288702075247,10.581937394269232,1.7561448730356517,CENTER,0.0,0.9689822584447872,0.01406359501777264,NORMAL,STABLE,NORMAL,NO_ACTION,False,0.0
2026-08-21T00:41:42.793508,0.4134627397509115,0.002753616071248611,0.006211180124223602,False,1,0.11612844467163086,False,0.0,4.4848857669619235,11.576182858022577,2.2368036819480324,CENTER,0.0,0.9698681573645404,0.014766195426291567,NORMAL,STABLE,NORMAL,NO_ACTION,False,0.0
2026-08-21T00:41:42.827077,0.39698452317262556,0.0009562328534586605,0.006198347107438017,False,1,0.11612844467163086,False,0.0,4.458149494416716,11.460121351027254,2.2002446026823748,CENTER,0.0,0.9715661436899863,0.014622077229983863,NORMAL,STABLE,NORMAL,NO_ACTION,False,0.0
2026-08-21T00:41:42.860312,0.4022497917628326,0.0012726602008809337,0.006185567010309278,False,1,0.11612844467163086,False,0.0,4.934288983734291,12.102768392734362,1.942713568132035,CENTER,0.0,0.9733764414008916,0.015293670353863881,NORMAL,STABLE,NORMAL,NO_ACTION,False,0.0
2026-08-21T00:41:42.895170,0.39784855084012377,0.0003717291670875035,0.006172839506172839,False,1,0.11612844467163086,False,0.0,4.57337155702092,12.607058021492804,1.8156073841205114,CENTER,0.0,0.9738904026277435,0.015188409327221906,NORMAL,STABLE,NORMAL,NO_ACTION,False,0.0
2026-08-21T00:41:42.936741,0.40598266789877624,0.0013657909179810234,0.006160164271047228,False,1,0.11612844467163086,False,0.0,4.685630360936784,11.173491913885073,1.5742686740357215,CENTER,0.0,0.97339484739369,0.014034004154618687,NORMAL,STABLE,NORMAL,NO_ACTION,False,0.0
2026-08-21T00:41:42.977472,0.38968600301452655,0.003186756506816257,0.006147540983606557,False,1,0.11612844467163086,False,0.0,4.991271684547286,11.852664050170148,1.8598813935703618,CENTER,0.0,0.9720831189986283,0.015089077322283038,NORMAL,STABLE,NORMAL,NO_ACTION,False,0.0
2026-08-21T00:41:43.010477,0.3934447510436542,0.0032121245045207375,0.006134969325153374,False,1,0.11612844467163086,False,0.0,4.464405915822169,11.199858250159593,1.7712500745059003,CENTER,0.0,0.9720586044667353,0.014029720824176506,NORMAL,STABLE,NORMAL,NO_ACTION,False,0.0
2026-08-21T00:41:43.045124,0.3963424611758361,0.0020187933065968764,0.006122448979591836,False,1,0.11612844467163086,False,0.0,4.688576671760188,10.856297001160954,1.949403705147148,CENTER,0.0,0.9704026947230796,0.01416838644057155,NORMAL,STABLE,NORMAL,NO_ACTION,False,0.0
2026-08-21T00:41:43.076434,0.4127466435473189,0.0007826614792597351,0.006109979633401222,False,1,0.11612844467163086,False,0.0,4.839499683102616,10.284639326086506,2.0341913940200413,CENTER,0.0,0.9686664228609396,0.013983344338872584,NORMAL,STABLE,NORMAL,NO_ACTION,False,0.0
2026-08-21T00:41:43.110033,0.4043770398540821,0.0015296732009782968,0.006097560975609756,False,1,0.11612844467163086,False,0.0,4.392311323034676,10.009462591194023,1.9780457852585869,CENTER,0.0,0.9678111871999313,0.013303006062621053,NORMAL,STABLE,NORMAL,NO_ACTION,False,0.0
2026-08-21T00:41:43.143564,0.3893204580856987,0.000690612583256276,0.006085192697768763,False,1,0.11612844467163086,False,0.0,4.63509056849324,9.22928885573478,1.8741385653684688,CENTER,0.0,0.9681272505144033,0.012875220351397884,NORMAL,STABLE,NORMAL,NO_ACTION,False,0.0
2026-08-21T00:41:43.176516,0.3992813842447216,0.004440434200611618,0.006072874493927126,False,1,0.11612844467163086,False,0.0,4.229186467451939,11.982261502903611,1.7843287760567534,CENTER,0.0,0.9696227977109053,0.014379287588457553,NORMAL,STABLE,NORMAL,NO_ACTION,False,0.0
2026-08-21T00:41:43.210405,0.3996847625356452,0.0012926502133661138,0.006060606060606061,False,1,0.11612844467163086,False,0.0,4.507422611202458,10.56008868346484,1.8456645596073145,CENTER,0.0,0.9695439359353566,0.013682325971023306,NORMAL,STABLE,NORMAL,NO_ACTION,False,0.0
2026-08-21T00:41:43.244233,0.3978548084793433,0.005466552682292939,0.006048387096774193,False,1,0.11612844467163086,False,0.0,4.677337474669173,9.52216045080047,1.661617935514471,CENTER,0.0,0.9686674275548697,0.012922556272864835,NORMAL,STABLE,NORMAL,NO_ACTION,False,0.0
2026-08-21T00:41:43.276667,0.4185162993970414,0.003498760121660112,0.006036217303822937,False,1,0.11612844467163086,False,0.0,5.280407469336666,10.321459788900768,1.9080420783445504,CENTER,0.0,0.967840189364712,0.014311545819862718,NORMAL,STABLE,NORMAL,NO_ACTION,False,0.0
2026-08-21T00:41:43.310760,0.4122239083168838,0.0027377784915417,0.006024096385542169,False,1,0.11612844467163086,False,0.0,5.310496162944304,12.068705356927552,2.1510638142824234,CENTER,0.0,0.966414220571845,0.01582954064872735,NORMAL,STABLE,NORMAL,NO_ACTION,False,0.0
2026-08-21T00:41:43.344195,0.4074960436278058,0.00169897643401316,0.006012024048096192,False,1,0.11612844467163086,False,0.0,5.0677907484650575,9.856150088255504,1.874912676910128,CENTER,0.0,0.9651190227409121,0.013741435808909365,NORMAL,STABLE,NORMAL,NO_ACTION,False,0.0
2026-08-21T00:41:43.377244,0.4239642702054112,0.001890051158330196,0.006,False,1,0.11612844467163086,False,0.0,4.561179986551821,8.147028383485207,1.830539340640513,CENTER,0.0,0.9648024235896777,0.011984479020729293,NORMAL,STABLE,NORMAL,NO_ACTION,False,0.0
2026-08-21T00:41:43.410633,0.4177509201779243,0.001299061661034625,0.005988023952095809,False,1,0.11612844467163086,False,0.0,4.779015221387567,9.747012550216454,1.9900723821698705,CENTER,0.0,0.9657980618784293,0.013496541802040744,NORMAL,STABLE,NORMAL,NO_ACTION,False,0.0
2026-08-21T00:41:43.445130,0.41638560923716095,0.004080421273478725,0.00597609561752988,False,1,0.11612844467163086,False,0.0,3.8300222998479114,7.938065774542196,1.851051678497015,CENTER,0.0,0.9668015635716737,0.01115301580843288,NORMAL,STABLE,NORMAL,NO_ACTION,False,0.0
2026-08-21T00:41:43.477337,0.414669207062483,0.002430466000278275,0.005964214711729622,False,1,0.11612844467163086,False,0.0,4.816931513916757,9.552441148161506,1.9267525519411492,CENTER,0.0,0.9672928187157064,0.013332301890786,NORMAL,STABLE,NORMAL,NO_ACTION,False,0.0
2026-08-21T00:41:43.527396,0.4242149843710796,0.00215616637287862,0.005952380952380952,False,1,0.11612844467163086,False,0.0,5.114499540121216,8.914927630007753,1.994495192625294,CENTER,0.0,0.9677347366898148,0.013224147713095909,NORMAL,STABLE,NORMAL,NO_ACTION,False,0.0
2026-08-21T00:41:43.575059,0.4251093294318553,0.0018570175597149674,0.005940594059405941,False,1,0.11612844467163086,False,0.0,4.948775682187346,8.658941464250546,1.99310227387258,CENTER,0.0,0.9677299543467078,0.012879906282939104,NORMAL,STABLE,NORMAL,NO_ACTION,False,0.0
2026-08-21T00:41:43.608500,0.41808103405293917,0.0029292449041131443,0.005928853754940711,False,1,0.11612844467163086,False,0.0,5.073507437659856,9.373836156458708,1.9382566115787938,CENTER,0.0,0.9666079925411523,0.013460876063826534,NORMAL,STABLE,NORMAL,NO_ACTION,False,0.0
2026-08-21T00:41:43.645229,0.4276804452821129,0.002659083328254834,0.005917159763313609,False,1,0.11612844467163086,False,0.0,5.329287430904003,11.367861383161824,1.9254748711355774,CENTER,0.0,0.9664755470893347,0.015127428473509405,NORMAL,STABLE,NORMAL,NO_ACTION,False,0.0
2026-08-21T00:41:43.671974,0.41535759251508797,0.0017029302573812516,0.005905511811023622,False,1,0.11612844467163086,False,0.0,4.758414497812623,9.966942263390962,1.894945321503286,CENTER,0.0,0.9664032225222908,0.0135437238941569,NORMAL,STABLE,NORMAL,NO_ACTION,False,0.0
2026-08-21T00:41:43.703608,0.41165803057432043,0.0020611371143489693,0.005893909626719057,False,1,0.11612844467163086,False,0.0,5.230911783555484,9.570542432027537,1.7816879683394689,CENTER,0.0,0.9663961628729424,0.013603099985627162,NORMAL,STABLE,NORMAL,NO_ACTION,False,0.0
2026-08-21T00:41:43.745059,0.4068355948810274,0.0003867485051010259,0.0058823529411764705,False,1,0.11612844467163086,False,0.0,4.929333132470333,10.642574822309712,1.8500498369181742,CENTER,0.0,0.9670321341306585,0.014150279298242151,NORMAL,STABLE,NORMAL,NO_ACTION,False,0.0
2026-08-21T00:41:43.779941,0.41451873542332857,0.0027259087772318483,0.005870841487279843,False,1,0.11612844467163086,False,0.0,4.9424367774686,9.070219717848573,1.8411536149287144,CENTER,0.0,0.9678539871613511,0.013023861175478971,NORMAL,STABLE,NORMAL,NO_ACTION,False,0.0
2026-08-21T00:41:43.810671,0.4198958313272516,0.0007102346622886242,0.005859375,False,1,0.11612844467163086,False,0.0,4.4415528461421445,9.438828785326251,2.025256787243194,CENTER,0.0,0.9681027225865912,0.012985206400538586,NORMAL,STABLE,NORMAL,NO_ACTION,False,0.0
2026-08-21T00:41:43.844677,0.4190076489252348,0.0015733737180219213,0.005847953216374269,False,1,0.11612844467163086,False,0.0,4.609490620041328,7.488369407136162,2.113394607918906,CENTER,0.0,0.968230050797325,0.011828390859820122,NORMAL,STABLE,NORMAL,NO_ACTION,False,0.0
2026-08-21T00:41:43.872760,0.41506320771383065,0.0019011129661260222,0.005836575875486381,False,1,0.11612844467163086,False,0.0,4.7218649310646015,7.1036208695237235,2.0576900985381883,CENTER,0.0,0.9686184386788409,0.011606098257011014,NORMAL,STABLE,NORMAL,NO_ACTION,False,0.0
2026-08-21T00:41:43.908426,0.41390824244338675,0.001120259491529066,0.005825242718446602,False,1,0.11612844467163086,False,0.0,4.902595986545208,7.349591386768395,2.0019881591273077,CENTER,0.0,0.9680892864797668,0.01190279342424723,NORMAL,STABLE,NORMAL,NO_ACTION,False,0.0
2026-08-21T00:41:43.943497,0.40869447317909685,0.0028846704435803285,0.005813953488372093,False,1,0.11612844467163086,False,0.0,5.415278422761332,9.807941737618705,2.0393609521738085,CENTER,0.0,0.9665867332175926,0.014197520911515544,NORMAL,STABLE,NORMAL,NO_ACTION,False,0.0
2026-08-21T00:41:43.977908,0.414206128457563,0.0005902034066487544,0.005802707930367505,False,1,0.11612844467163086,False,0.0,5.0586526063571,8.844244343948105,2.0035173365290575,CENTER,0.0,0.9652751119898834,0.013128443155496262,NORMAL,STABLE,NORMAL,NO_ACTION,False,0.0
2026-08-21T00:41:44.010964,0.4240889103047477,0.00038293088089564085,0.005791505791505791,False,1,0.11612844467163086,False,0.0,5.476146206226673,10.185155993627376,2.06844622391219,CENTER,0.0,0.9652004967206791,0.014554950211673495,NORMAL,STABLE,NORMAL,NO_ACTION,False,0.0
2026-08-21T00:41:44.045085,0.41858743718191993,0.0021061732243370726,0.005780346820809248,False,1,0.11612844467163086,False,0.0,5.147291737568366,10.017205256013398,1.9137440009344573,CENTER,0.0,0.9657671440972221,0.013970661131646328,NORMAL,STABLE,NORMAL,NO_ACTION,False,0.0
2026-08-21T00:41:44.079323,0.4042060258830874,0.0015245964361288947,0.0057692307692307696,False,1,0.11612844467163086,False,0.0,5.102957600764938,8.780403848570188,2.0145302816335118,CENTER,0.0,0.966369384430727,0.013135572850290801,NORMAL,STABLE,NORMAL,NO_ACTION,False,0.0
2026-08-21T00:41:44.112756,0.389762568872686,0.0015684767457276334,0.005758157389635317,False,1,0.11612844467163086,False,0.0,5.289251338234948,12.417760322406764,2.078037849615754,CENTER,0.0,0.9670210557055897,0.015990126686380262,NORMAL,STABLE,NORMAL,NO_ACTION,False,0.0
2026-08-21T00:41:44.146068,0.40418892292563086,0.0034334987617105424,0.005747126436781609,False,1,0.11612844467163086,False,0.0,5.263055398007168,10.679054278201136,2.1075956231818793,CENTER,0.0,0.9668912626457475,0.014743299261720168,NORMAL,STABLE,NORMAL,NO_ACTION,False,0.0
2026-08-21T00:41:44.177646,0.39348646670196563,0.0023155231531291807,0.0057361376673040155,False,1,0.11612844467163086,False,0.0,4.907364958714737,9.22804679588873,1.9352595131448425,CENTER,0.0,0.9661928798010974,0.0131939220267135,NORMAL,STABLE,NORMAL,NO_ACTION,False,0.0
2026-08-21T00:41:44.211421,0.39008062690739376,0.0022395979652259593,0.0057251908396946565,False,1,0.11612844467163086,False,0.0,5.0297749623785535,9.91992017273654,2.0908886174245254,CENTER,0.0,0.9659405542695474,0.013957877194153402,NORMAL,STABLE,NORMAL,NO_ACTION,False,0.0
2026-08-21T00:41:44.245721,0.3897832924915127,0.0020753733020917172,0.005714285714285714,False,1,0.11612844467163086,False,0.0,5.0912587724101,10.745384918632169,2.202031765186746,CENTER,0.0,0.9657277065114884,0.014716829759675877,NORMAL,STABLE,NORMAL,NO_ACTION,False,0.0
2026-08-21T00:41:44.276242,0.3999680587911724,0.001233068816182491,0.005703422053231939,False,1,0.11612844467163086,False,0.0,5.278740750316501,8.69779477506367,2.0214397014373446,CENTER,0.0,0.9653842887302814,0.013251310837783666,NORMAL,STABLE,NORMAL,NO_ACTION,False,0.0
2026-08-21T00:41:44.310395,0.3785722738229831,0.0015917471474866465,0.0056925996204933585,False,1,0.11612844467163086,False,0.0,5.044517342100761,8.505007147579363,1.9912594506506025,CENTER,0.0,0.9658973926183128,0.012859246508740284,NORMAL,STABLE,NORMAL,NO_ACTION,False,0.0
2026-08-21T00:41:44.360563,0.38882443582514203,0.0030444608819720355,0.005681818181818182,False,1,0.11612844467163086,False,0.0,4.902517229793489,9.685464189821062,2.07229019665985,CENTER,0.0,0.9662258337620026,0.013649495534379996,NORMAL,STABLE,NORMAL,NO_ACTION,False,0.0
2026-08-21T00:41:44.395169,0.3921737252287503,0.0006424806110890808,0.005671077504725898,False,1,0.11612844467163086,False,0.0,4.949185458319107,9.090409606109858,2.0162930068507876,CENTER,0.0,0.9667768347050755,0.01321273571828106,NORMAL,STABLE,NORMAL,NO_ACTION,False,0.0
2026-08-21T00:41:44.426696,0.38429138600279167,0.0016759999583619953,0.005660377358490566,False,1,0.11612844467163086,False,0.0,5.137981201747067,10.39913312530632,1.9055593744605517,CENTER,0.0,0.966568474579904,0.014228478834166529,NORMAL,STABLE,NORMAL,NO_ACTION,False,0.0
2026-08-21T00:41:44.461667,0.394774653384841,0.002660141156083448,0.005649717514124294,False,1,0.11612844467163086,False,0.0,4.7080003077151105,7.317578839209631,1.805867248494252,CENTER,0.0,0.9667545171039095,0.011505234731310019,NORMAL,STABLE,NORMAL,NO_ACTION,False,0.0
2026-08-21T00:41:44.494659,0.3949890892238622,0.00100409745563695,0.005639097744360902,False,1,0.11612844467163086,False,0.0,5.6059230003886,10.305505578647853,2.0268558874065548,CENTER,0.0,0.9668623140646433,0.014726012094953504,NORMAL,STABLE,NORMAL,NO_ACTION,False,0.0
2026-08-21T00:41:44.527021,0.4141674768494956,0.0013525663707357495,0.005628517823639775,False,1,0.11612844467163086,False,0.0,5.741327377956452,10.425130592205875,2.1291102172403953,CENTER,0.0,0.9664862638245886,0.01503983798979205,NORMAL,STABLE,NORMAL,NO_ACTION,False,0.0
2026-08-21T00:41:44.558158,0.40926897907906956,0.0013259084908752833,0.0056179775280898875,False,1,0.11612844467163086,False,0.0,5.5429003236112635,11.308799022194364,2.0697236298116195,CENTER,0.0,0.9665362841863855,0.015428013544292392,NORMAL,STABLE,NORMAL,NO_ACTION,False,0.0
2026-08-21T00:41:44.595990,0.40549869611256617,0.003142119241260878,0.005607476635514018,False,1,0.11612844467163086,False,0.0,5.35805069112908,10.589254545982044,2.31665570643662,CENTER,0.0,0.9669275521905007,0.014970206568851813,NORMAL,STABLE,NORMAL,NO_ACTION,False,0.0
2026-08-21T00:41:44.626630,0.41548998141652654,0.00332561480907108,0.005597014925373134,False,1,0.11612844467163086,False,0.0,5.510334367104576,10.356453266865316,2.2316088913782153,CENTER,0.0,0.9670699374142663,0.01486728673594332,NORMAL,STABLE,NORMAL,NO_ACTION,False,0.0
2026-08-21T00:41:44.655515,0.4006179923358739,0.0008049632001891415,0.00558659217877095,False,1,0.11612844467163086,False,0.0,5.398876254285653,9.65462011031758,2.047838176466854,CENTER,0.0,0.9672581366812414,0.014079692779816784,NORMAL,STABLE,NORMAL,NO_ACTION,False,0.0
2026-08-21T00:41:44.693512,0.4076479686264071,0.0005626377474128205,0.0055762081784386614,False,1,0.11612844467163086,False,0.0,5.639775941884096,9.373000309430239,2.158556191484081,CENTER,0.0,0.9669467887302812,0.014214283749006483,NORMAL,STABLE,NORMAL,NO_ACTION,False,0.0
2026-08-21T00:41:44.727596,0.4067417495376956,0.0005254956562317432,0.0055658627087198514,False,1,0.11612844467163086,False,0.0,5.448428879884034,8.68504194166124,2.124426446095754,CENTER,0.0,0.9662650838048696,0.013503529813026834,NORMAL,STABLE,NORMAL,NO_ACTION,False,0.0
2026-08-21T00:41:44.761063,0.4153271710258624,0.00014203332465640982,0.005555555555555556,False,1,0.11612844467163086,False,0.0,5.067373785484307,8.54481381458055,2.054593774399251,CENTER,0.0,0.966104105045439,0.012970488638693567,NORMAL,STABLE,NORMAL,NO_ACTION,False,0.0
2026-08-21T00:41:44.792144,0.41294329187992895,0.0037271753166138294,0.005545286506469501,False,1,0.11612844467163086,False,0.0,4.60501514009394,7.214627868378074,2.0520250238614324,CENTER,0.0,0.9664190564986282,0.011568463766242106,NORMAL,STABLE,NORMAL,NO_ACTION,False,0.0
2026-08-21T00:41:44.817896,0.4169523149962332,0.002243640322621486,0.005535055350553505,False,1,0.11612844467163086,False,0.0,5.126412013627146,7.872463021192999,2.3150416877376188,CENTER,0.0,0.9663044678069274,0.01279336040434463,NORMAL,STABLE,NORMAL,NO_ACTION,False,0.0
2026-08-21T00:41:44.860560,0.4174733590167151,0.0036509248516632337,0.0055248618784530384,False,1,0.11612844467163086,False,0.0,5.348088366720901,8.04658248510961,2.3669851988740334,CENTER,0.0,0.9649503011402606,0.013180837884418175,NORMAL,STABLE,NORMAL,NO_ACTION,False,0.0
2026-08-21T00:41:44.895532,0.4082634326569455,0.0038177855743249385,0.0055147058823529415,False,1,0.11612844467163086,False,0.0,5.61565283293146,9.119572240535462,2.430149308804829,CENTER,0.0,0.9642666538065844,0.014269306714031963,NORMAL,STABLE,NORMAL,NO_ACTION,False,0.0
2026-08-21T00:41:44.938781,0.41881611280013076,0.0025397122584697846,0.005504587155963303,False,1,0.11612844467163086,False,0.0,4.74459762966606,5.193865447703075,1.9796465871042699,CENTER,0.0,0.9646418333118998,0.010180050224664401,NORMAL,STABLE,NORMAL,NO_ACTION,False,0.0
2026-08-21T00:41:44.978146,0.41494290816549295,0.0003882007874167114,0.005494505494505495,False,1,0.11612844467163086,False,0.0,5.168306712884544,7.814324723721995,2.428549329293162,CENTER,0.0,0.9641935120884774,0.01290053119256307,NORMAL,STABLE,NORMAL,NO_ACTION,False,0.0
2026-08-21T00:41:45.010001,0.4075219690819051,0.0026440219616850774,0.005484460694698354,False,1,0.11612844467163086,False,0.0,5.1712029325163655,7.223645034715645,2.3457984288604052,CENTER,0.0,0.9639106036736969,0.012399310371376782,NORMAL,STABLE,NORMAL,NO_ACTION,False,0.0
2026-08-21T00:41:45.043386,0.4139580506453562,0.0016862325040524944,0.005474452554744526,False,1,0.11612844467163086,False,0.0,5.648057078649032,6.257220068912005,2.4496669904623047,CENTER,0.0,0.9638682457776063,0.012261179113616448,NORMAL,STABLE,NORMAL,NO_ACTION,False,0.0
2026-08-21T00:41:45.077200,0.4195254239059315,0.003467436955828646,0.00546448087431694,False,1,0.11612844467163086,False,0.0,4.422282371442918,3.249606618868853,2.403695485436799,CENTER,0.0,0.9639164710862482,0.00887973952342875,NORMAL,STABLE,NORMAL,NO_ACTION,False,0.0
2026-08-21T00:41:45.104945,0.40076536437833155,0.00038155006339872586,0.005454545454545455,False,1,0.11612844467163086,False,0.0,4.801929824110289,4.549165499508291,2.3868245591785637,CENTER,0.0,0.9641630497685185,0.010161822534825341,NORMAL,STABLE,NORMAL,NO_ACTION,False,0.0
2026-08-21T00:41:45.143359,0.3996073826527463,0.0016845193255370634,0.0054446460980036296,False,1,0.11612844467163086,False,0.0,5.401331433981113,9.095849690183258,2.48734368683202,CENTER,0.0,0.9647842721193415,0.0141016284333731,NORMAL,STABLE,NORMAL,NO_ACTION,False,0.0
2026-08-21T00:41:45.176169,0.40530320267086545,0.0035858585755024226,0.005434782608695652,False,1,0.11612844467163086,False,0.0,4.89092972091035,6.1548674493866145,2.061468380543829,CENTER,0.0,0.9649795444315844,0.011089676302695908,NORMAL,STABLE,NORMAL,NO_ACTION,False,0.0
2026-08-21T00:41:45.210321,0.4179448106048449,0.0036911277697807285,0.0054249547920434,False,1,0.11612844467163086,False,0.0,4.7538741043497055,5.491585538565857,2.1828639623231254,CENTER,0.0,0.9640663848165294,0.010597795156999516,NORMAL,STABLE,NORMAL,NO_ACTION,False,0.0
2026-08-21T00:41:45.245061,0.408135052181523,0.0026105065618365945,0.005415162454873646,False,1,0.11612844467163086,False,0.0,5.2107545802358,4.449031438211392,2.3541389041862715,CENTER,0.0,0.9639366721322017,0.010450399799031528,NORMAL,STABLE,NORMAL,NO_ACTION,False,0.0
2026-08-21T00:41:45.274227,0.42922625626395716,0.0012218044243009665,0.005405405405405406,False,1,0.11612844467163086,False,0.0,4.951493893640219,4.63408648137829,2.467783205789516,CENTER,0.0,0.9636634623628257,0.010443857217002002,NORMAL,STABLE,NORMAL,NO_ACTION,False,0.0
2026-08-21T00:41:45.310189,0.41079032006970095,0.0018831244961258476,0.00539568345323741,False,1,0.11612844467163086,False,0.0,5.022243430598678,4.648216231920173,2.5213406661623594,CENTER,0.0,0.963433307077332,0.010573177252959726,NORMAL,STABLE,NORMAL,NO_ACTION,False,0.0
2026-08-21T00:41:45.343369,0.4146917151478294,0.0021774053515418675,0.005385996409335727,False,1,0.11612844467163086,False,0.0,4.933814199221018,6.186037740693308,2.566087330142949,CENTER,0.0,0.9634636622299383,0.01163692620337459,NORMAL,STABLE,NORMAL,NO_ACTION,False,0.0
2026-08-21T00:41:45.372956,0.4037727543321575,0.002310663690112423,0.005376344086021506,False,1,0.11612844467163086,False,0.0,4.817434373183545,7.112006936072589,2.5941477701609585,CENTER,0.0,0.9647960605281207,0.012217992226526222,NORMAL,STABLE,NORMAL,NO_ACTION,False,0.0
2026-08-21T00:41:45.409964,0.40082626455926484,0.002208678625693911,0.005366726296958855,False,1,0.11612844467163086,False,0.0,4.80813937654392,7.44358907097515,2.383909390716127,CENTER,0.0,0.9657614642275377,0.012245938673237951,NORMAL,STABLE,NORMAL,NO_ACTION,False,0.0
2026-08-21T00:41:45.445621,0.4071882299601163,0.0028429037399103877,0.005357142857142857,False,1,0.11612844467163086,False,0.0,4.541967783944585,2.2891075064770803,2.330462679028045,CENTER,0.0,0.9658342710476681,0.008233714337353799,NORMAL,STABLE,NORMAL,NO_ACTION,False,0.0
2026-08-21T00:41:45.476537,0.4101380895072645,0.002054191212413953,0.0053475935828877,False,1,0.11612844467163086,False,0.0,4.737465723582119,5.131917433768734,2.353624599089784,CENTER,0.0,0.9656284159593623,0.010487173191981088,NORMAL,STABLE,NORMAL,NO_ACTION,False,0.0
2026-08-21T00:41:45.511339,0.4102064003015121,0.0022927873100109177,0.005338078291814947,False,1,0.11612844467163086,False,0.0,4.4275055572304325,1.3950870027867666,2.191095847143629,CENTER,0.0,0.965132324888546,0.007347632524715077,NORMAL,STABLE,NORMAL,NO_ACTION,False,0.0
2026-08-21T00:41:45.555299,0.4130426932342157,0.0008715932426862645,0.0053285968028419185,False,1,0.11612844467163086,False,0.0,4.510550896430459,6.325866474072058,2.42530942518988,CENTER,0.0,0.9657380347650892,0.011196763568533174,NORMAL,STABLE,NORMAL,NO_ACTION,False,0.0
2026-08-21T00:41:45.591141,0.4253665507617629,0.003069720011291973,0.005319148936170213,False,1,0.11612844467163086,False,0.0,4.892910421288207,6.976582239977091,2.594905751185337,CENTER,0.0,0.9669311289008916,0.012193706438084527,NORMAL,STABLE,NORMAL,NO_ACTION,False,0.0
2026-08-21T00:41:45.626176,0.419204306012231,0.004115451858064512,0.005309734513274336,False,1,0.11612844467163086,False,0.0,4.912851419955359,2.0292625392256696,2.382519290007167,CENTER,0.0,0.9669704325274349,0.008452330610736344,NORMAL,STABLE,NORMAL,NO_ACTION,False,0.0
2026-08-21T00:41:45.660876,0.40613201517258146,0.0049777865007187205,0.00530035335689046,False,1,0.11612844467163086,False,0.0,4.232848199635185,3.88633222850288,2.274410814900534,CENTER,0.0,0.9675130744170095,0.009031990417868558,NORMAL,STABLE,NORMAL,NO_ACTION,False,0.0
2026-08-21T00:41:45.687671,0.403118852476667,0.004643195293074455,0.005291005291005291,False,1,0.11612844467163086,False,0.0,4.551806633214369,5.123072633823966,2.5391806827668972,CENTER,0.0,0.9676618093064129,0.010480715442687727,NORMAL,STABLE,NORMAL,NO_ACTION,False,0.0
2026-08-21T00:41:45.729568,0.4082006034421205,0.002588860212372439,0.00528169014084507,False,1,0.11612844467163086,False,0.0,4.732141167129413,4.909995857836947,2.50280651184309,CENTER,0.0,0.9679335589206104,0.010465524208788875,NORMAL,STABLE,NORMAL,NO_ACTION,False,0.0
2026-08-21T00:41:45.762023,0.40665023717634197,0.0017762027308153858,0.005272407732864675,False,1,0.11612844467163086,False,0.0,4.511960272811137,4.069446141414602,2.406635941599319,CENTER,0.0,0.9679282809284979,0.009557951113305927,NORMAL,STABLE,NORMAL,NO_ACTION,False,0.0
2026-08-21T00:41:45.794169,0.40934407778083953,0.004799344285563509,0.005263157894736842,False,1,0.11612844467163086,False,0.0,4.519370288823751,6.591755906403165,2.6680088132944775,CENTER,0.0,0.9682799104080934,0.011629033233213648,NORMAL,STABLE,NORMAL,NO_ACTION,False,0.0
2026-08-21T00:41:45.823327,0.4035052003607998,0.005296920744473774,0.005253940455341506,False,1,0.11612844467163086,False,0.0,4.384932134568771,4.696945890818114,2.48532034622977,CENTER,0.0,0.9686888744212963,0.009962752147105304,NORMAL,STABLE,NORMAL,NO_ACTION,False,0.0
2026-08-21T00:41:45.861992,0.41337320496693597,0.003626989767354902,0.005244755244755245,False,1,0.11612844467163086,False,0.0,4.256916215555208,3.5992619209622774,2.4065306092529113,CENTER,0.0,0.969158950617284,0.008975322520333603,NORMAL,STABLE,NORMAL,NO_ACTION,False,0.0
2026-08-21T00:41:45.893162,0.40941488644120905,0.001778907700610536,0.005235602094240838,False,1,0.11612844467163086,False,0.0,4.350496262574097,4.314308070171535,2.316311588694873,CENTER,0.0,0.9692370354295268,0.009492629886089224,NORMAL,STABLE,NORMAL,NO_ACTION,False,0.0
2026-08-21T00:41:45.927077,0.41156587096267383,0.0039563001943259965,0.005226480836236934,False,1,0.11612844467163086,False,0.0,4.4851549648244315,3.4698408429168808,2.16782249973528,CENTER,0.0,0.9696268298825446,0.008872238698407068,NORMAL,STABLE,NORMAL,NO_ACTION,False,0.0
2026-08-21T00:41:45.959279,0.41083824112697664,0.0035499140514340956,0.0052173913043478265,False,1,0.11612844467163086,False,0.0,4.628225094675656,4.8857366861385,2.6496178463402487,CENTER,0.0,0.9697551627872085,0.010489202615408939,NORMAL,STABLE,NORMAL,NO_ACTION,False,0.0
2026-08-21T00:41:45.994334,0.4156083374294985,0.004277979381796809,0.005208333333333333,False,1,0.11612844467163086,False,0.0,4.554480076909698,4.700991282635499,2.5454782346305365,CENTER,0.0,0.9695416050454391,0.010185857909253635,NORMAL,STABLE,NORMAL,NO_ACTION,False,0.0
2026-08-21T00:41:46.026669,0.4113082975299188,0.0008371188391486148,0.005199306759098787,False,1,0.11612844467163086,False,0.0,4.462306613924312,1.473783035828859,2.400668158775261,CENTER,0.0,0.9692247379758231,0.007638469067127094,NORMAL,STABLE,NORMAL,NO_ACTION,False,0.0
2026-08-21T00:41:46.060120,0.3947654169546637,0.005102012245795942,0.005190311418685121,False,1,0.11612844467163086,False,0.0,4.140446967678031,4.421331099386833,2.448504644444,CENTER,0.0,0.9686290080589849,0.009494941115754574,NORMAL,STABLE,NORMAL,NO_ACTION,False,0.0
2026-08-21T00:41:46.095314,0.3789085833639734,0.0010695092839799693,0.0051813471502590676,False,1,0.11612844467163086,False,0.0,5.008888480903607,3.9419149852450914,2.595882935873931,CENTER,0.0,0.9680334924768518,0.01012403348259912,NORMAL,STABLE,NORMAL,NO_ACTION,False,0.0
2026-08-21T00:41:46.142586,0.4056663933248261,0.0035683796803404433,0.005172413793103448,False,1,0.11612844467163086,False,0.0,4.874693042504418,6.216696839753325,2.9327413659617037,UP,0.0,0.9681064064643348,0.037836124393994974,NORMAL,STABLE,NORMAL,NO_ACTION,False,0.0
2026-08-21T00:41:46.191129,0.4050556762120331,0.003790525144347569,0.0051635111876075735,False,1,0.11612844467163086,False,0.0,4.8718416139018075,6.682982542012695,2.8459593903367875,UP,0.04854249954223633,0.9681246249142662,0.03808543939156682,NORMAL,STABLE,NORMAL,NO_ACTION,False,0.0
2026-08-21T00:41:46.224902,0.4351513753624146,0.00527015816232384,0.005154639175257732,False,1,0.11612844467163086,False,0.0,4.887253724096013,11.538900374387651,3.111447309752009,UP,0.08231520652770996,0.96886359739369,0.041845894506407535,NORMAL,STABLE,NORMAL,NO_ACTION,False,0.0
2026-08-21T00:41:46.259759,0.4527104129914581,0.00452887605827807,0.005145797598627788,False,1,0.11612844467163086,False,0.0,4.859180614791796,9.971145130307434,3.2251354911986994,UP,0.1171729564666748,0.9702715084876543,0.04080082130639928,NORMAL,STABLE,NORMAL,NO_ACTION,False,0.0
2026-08-21T00:41:46.293486,0.4662135825998641,0.007225024157368206,0.005136986301369863,False,1,0.11612844467163086,False,0.0,4.944615778292672,10.298448919674001,3.3689366321832495,CENTER,0.0,0.9727627743484224,0.015373532035080231,NORMAL,STABLE,NORMAL,NO_ACTION,False,0.0
2026-08-21T00:41:46.326498,0.49208557424641997,0.004745356915530939,0.005128205128205128,False,1,0.11612844467163086,False,0.0,4.9434660459643,10.769557241452446,3.3720769507814907,CENTER,0.0,0.9753994529106654,0.015714145551737377,NORMAL,STABLE,NORMAL,NO_ACTION,False,0.0
2026-08-21T00:41:46.360808,0.47832660087591256,0.005135631447448272,0.005119453924914676,False,1,0.11612844467163086,False,0.0,4.7361192571776485,11.222208312163929,3.453377282459968,CENTER,0.0,0.9759515255272634,0.01591875211428028,NORMAL,STABLE,NORMAL,NO_ACTION,False,0.0
2026-08-21T00:41:46.393023,0.4698093474738503,0.0015803444217478745,0.005110732538330494,False,1,0.11612844467163086,False,0.0,5.17969302448509,6.66599021505894,3.1720823115591372,CENTER,0.0,0.9736311648019548,0.012798601130346208,NORMAL,STABLE,NORMAL,NO_ACTION,False,0.0
2026-08-21T00:41:46.436439,0.48416904563763224,0.000835022472985461,0.00510204081632653,False,1,0.11612844467163086,False,0.0,4.80117211136124,6.169283316761124,3.1950741367933233,CENTER,0.0,0.9716293054483882,0.012100679398080998,NORMAL,STABLE,NORMAL,NO_ACTION,False,0.0
2026-08-21T00:41:46.464339,0.4705274189516373,0.003278223249297606,0.0050933786078098476,False,1,0.11612844467163086,False,0.0,5.008628914346957,10.410840055264941,3.5097392873829563,CENTER,0.0,0.9698062146347736,0.01565067369716469,NORMAL,STABLE,NORMAL,NO_ACTION,False,0.0
2026-08-21T00:41:46.493210,0.4785063101454438,0.00646750976717732,0.005084745762711864,False,1,0.11612844467163086,False,0.0,5.210909101345578,11.855849208680809,3.5145292410106492,CENTER,0.0,0.9696874598122428,0.01688806777669152,NORMAL,STABLE,NORMAL,NO_ACTION,False,0.0
2026-08-21T00:41:46.526364,0.4974343843953701,0.002885345239592055,0.005076142131979695,False,1,0.11612844467163086,False,0.0,5.553060859291151,9.338940532523537,3.400870056852483,CENTER,0.0,0.9705305185828189,0.015297559866745025,NORMAL,STABLE,NORMAL,NO_ACTION,False,0.0
2026-08-21T00:41:46.563175,0.5020837705925272,0.004962190951736491,0.005067567567567568,False,1,0.11612844467163086,False,0.0,5.003874872957056,8.883087143757024,3.5018537651718873,CENTER,0.0,0.9709843455289782,0.014540172893717975,NORMAL,STABLE,NORMAL,NO_ACTION,False,0.0
2026-08-21T00:41:46.594162,0.5046613412626187,0.005741853552736232,0.00505902192242833,False,1,0.11612844467163086,False,0.0,5.098161801501959,8.361590930824633,3.504376322871053,CENTER,0.0,0.9721477810999657,0.014258043097813193,NORMAL,STABLE,NORMAL,NO_ACTION,False,0.0
2026-08-21T00:41:46.627779,0.503750973616706,0.0042505743289587275,0.005050505050505051,False,1,0.11612844467163086,False,0.0,5.681369026065852,7.615399750797451,3.464473310486113,CENTER,0.0,0.973656911758402,0.014242380274174345,NORMAL,STABLE,NORMAL,NO_ACTION,False,0.0
2026-08-21T00:41:46.660398,0.49986794932226875,0.003983823026218717,0.005042016806722689,False,1,0.11612844467163086,False,0.0,5.091930484953792,8.327021712217629,3.4880384103100823,CENTER,0.0,0.9739562971536351,0.014211554420365842,NORMAL,STABLE,NORMAL,NO_ACTION,False,0.0
2026-08-21T00:41:46.695477,0.5059322620755801,0.006453896453444693,0.0050335570469798654,False,1,0.11612844467163086,False,0.0,4.825745938261889,8.733844597420273,3.6061081770372425,CENTER,0.0,0.9732757442772634,0.014362057794946204,NORMAL,STABLE,NORMAL,NO_ACTION,False,0.0
2026-08-21T00:41:46.726428,0.4911523940179148,0.005857054455968586,0.005025125628140704,False,1,0.11612844467163086,False,0.0,5.148441064842871,8.003100380049233,3.4372611549402166,CENTER,0.0,0.9732753156078532,0.013984165799827461,NORMAL,STABLE,NORMAL,NO_ACTION,False,0.0
2026-08-21T00:41:46.754592,0.4829431888202262,0.006675875863711389,0.005016722408026756,False,1,0.11612844467163086,False,0.0,4.819669769471602,8.916119537251689,3.373339176345354,CENTER,0.0,0.9721799179098081,0.014264146804907446,NORMAL,STABLE,NORMAL,NO_ACTION,False,0.0
2026-08-21T00:41:46.793535,0.5030739609276456,0.00746144786078049,0.005008347245409015,False,1,0.11612844467163086,False,0.0,5.0596138732424265,6.3527600040741845,3.569646104612872,CENTER,0.0,0.9702587555727024,0.01283940128889066,NORMAL,STABLE,NORMAL,NO_ACTION,False,0.0
2026-08-21T00:41:46.827664,0.5090213634968141,0.0018572996036874247,0.005,False,1,0.11612844467163086,False,0.0,5.610866914006664,4.325461537672595,3.3179371102565653,CENTER,0.0,0.9710153838734568,0.011669011063415636,NORMAL,STABLE,NORMAL,NO_ACTION,False,0.0
2026-08-21T00:41:46.856257,0.5066716911296303,0.009038488726987402,0.004991680532445923,False,1,0.11612844467163086,False,0.0,5.28532330541438,4.805930637100431,3.428347590558957,CENTER,0.0,0.9719606802983539,0.011808218528260151,NORMAL,STABLE,NORMAL,NO_ACTION,False,0.0
2026-08-21T00:41:46.884451,0.5097817462178167,0.005631289888899154,0.0049833887043189366,False,1,0.11612844467163086,False,0.0,5.27204096589486,5.624123322821532,3.514382389725739,CENTER,0.0,0.9727507582090192,0.012466202555564635,NORMAL,STABLE,NORMAL,NO_ACTION,False,0.0
2026-08-21T00:41:46.918585,0.5128053054354706,0.0038530666593093866,0.004975124378109453,False,1,0.11612844467163086,False,0.0,5.582477079210491,4.4384737529240965,3.445256182301506,CENTER,0.0,0.9728629356352881,0.011845095802898109,NORMAL,STABLE,NORMAL,NO_ACTION,False,0.0
2026-08-21T00:41:46.947197,0.49803246027421594,0.004226560605779594,0.004966887417218543,False,1,0.11612844467163086,False,0.0,5.199987850501628,-0.6921252608616157,3.098912381659858,CENTER,0.0,0.9722468975051441,0.008452979168268815,NORMAL,STABLE,NORMAL,NO_ACTION,False,0.0
2026-08-21T00:41:46.976465,0.5129195034884126,0.005292900652073031,0.0049586776859504135,False,1,0.11612844467163086,False,0.0,4.985077425436003,4.761840600205176,3.415182215928411,CENTER,0.0,0.9712519424082647,0.011476082004941284,NORMAL,STABLE,NORMAL,NO_ACTION,False,0.0
2026-08-21T00:41:47.003704,0.49827183572973355,0.0065819028594756935,0.0049504950495049506,False,1,0.11612844467163086,False,0.0,5.125082481360067,3.6302291549587267,3.2743567709237595,CENTER,0.0,0.9704516032235938,0.010661718719262012,NORMAL,STABLE,NORMAL,NO_ACTION,False,0.0
2026-08-21T00:41:47.037978,0.49192410482998206,0.004639705033329766,0.004942339373970346,False,1,0.11612844467163086,False,0.0,5.219713634413807,5.173392843189504,3.3040552881835197,CENTER,0.0,0.9703819578403635,0.011890365935066144,NORMAL,STABLE,NORMAL,NO_ACTION,False,0.0
2026-08-21T00:41:47.079353,0.5044882376778644,0.005665241023659271,0.004934210526315789,False,1,0.11612844467163086,False,0.0,5.467663846794153,7.23589911639192,3.3500844557924836,CENTER,0.0,0.9706867685828188,0.013655023881367,NORMAL,STABLE,NORMAL,NO_ACTION,False,0.0
2026-08-21T00:41:47.110320,0.5195681476029242,0.004016775548637302,0.0049261083743842365,False,1,0.11612844467163086,False,0.0,5.502575490170301,2.4017430237299777,2.897211044871568,CENTER,0.0,0.9711042925883059,0.009778826303375416,NORMAL,STABLE,NORMAL,NO_ACTION,False,0.0
2026-08-21T00:41:47.144434,0.5176439665629177,0.0037957705869411896,0.004918032786885246,False,1,0.11612844467163086,False,0.0,5.407209339021989,-0.24295023107430325,2.7491634207164566,CENTER,0.0,0.9717739411865569,0.007993415229933411,NORMAL,STABLE,NORMAL,NO_ACTION,False,0.0
2026-08-21T00:41:47.172117,0.52191621305193,0.007682789892814302,0.004909983633387889,False,1,0.11612844467163086,False,0.0,5.741458119078544,-0.15960081225424005,2.8674982537954747,CENTER,0.0,0.9722895635073732,0.008367340026380102,NORMAL,STABLE,NORMAL,NO_ACTION,False,0.0
2026-08-21T00:41:47.211574,0.5254128262686388,0.005655235354642045,0.004901960784313725,False,1,0.11612844467163086,False,0.0,5.118022762192709,4.309362564722107,2.9658888200672777,CENTER,0.0,0.9721062403549384,0.010847517957631132,NORMAL,STABLE,NORMAL,NO_ACTION,False,0.0
2026-08-21T00:41:47.243081,0.5285988372285788,0.00664578394967807,0.004893964110929853,False,1,0.11612844467163086,False,0.0,5.154476623245841,6.152806698397342,2.9996786855871562,CENTER,0.0,0.9717059167095338,0.01224020598334998,NORMAL,STABLE,NORMAL,NO_ACTION,False,0.0
2026-08-21T00:41:47.277292,0.5300822780216687,0.0033380925618143598,0.004885993485342019,False,1,0.11612844467163086,False,0.0,5.350979219299717,2.758658151149433,2.9669087901353635,CENTER,0.0,0.9719357906807271,0.009956923559979843,NORMAL,STABLE,NORMAL,NO_ACTION,False,0.0
2026-08-21T00:41:47.328488,0.5236936688439005,0.0040490964289999435,0.004878048780487805,False,1,0.11612844467163086,False,0.0,4.984612542271577,4.9522532639981875,2.795398593272637,CENTER,0.0,0.9719257303455076,0.011018406267448488,NORMAL,STABLE,NORMAL,NO_ACTION,False,0.0
2026-08-21T00:41:47.357632,0.5209483523087335,0.0035685006397163117,0.00487012987012987,False,1,0.11612844467163086,False,0.0,5.226350664023329,6.33827323296336,2.937109296496601,CENTER,0.0,0.9714358281893004,0.012382467428119121,NORMAL,STABLE,NORMAL,NO_ACTION,False,0.0
2026-08-21T00:41:47.391354,0.5167061786346956,0.003932561449475419,0.004862236628849271,False,1,0.11612844467163086,False,0.0,4.979865199108332,5.718829885101741,2.86897812886599,CENTER,0.0,0.9710632608882032,0.011635522715451582,NORMAL,STABLE,NORMAL,NO_ACTION,False,0.0
2026-08-21T00:41:47.436903,0.5108870229868439,0.00571195241530368,0.0048543689320388345,False,1,0.11612844467163086,False,0.0,5.611650163268564,6.0451912093109,2.798096185120812,CENTER,0.0,0.9711448956189986,0.012407846388592424,NORMAL,STABLE,NORMAL,NO_ACTION,False,0.0
2026-08-21T00:41:47.485076,0.5282370631612232,0.006083905870517034,0.004846526655896607,False,1,0.11612844467163086,False,0.0,5.777575607086277,7.275814262808012,2.7991657509642494,CENTER,0.0,0.9710832208076132,0.013452690423243735,NORMAL,STABLE,NORMAL,NO_ACTION,False,0.0
2026-08-21T00:41:47.519927,0.5135431291381016,0.0036555161850145845,0.004838709677419355,False,1,0.11612844467163086,False,0.0,5.082992951242687,3.673106646416443,2.6198106960132463,CENTER,0.0,0.9716011472265089,0.010024746836841038,NORMAL,STABLE,NORMAL,NO_ACTION,False,0.0
2026-08-21T00:41:47.552423,0.5086120351281604,0.0045552913700416435,0.004830917874396135,False,1,0.11612844467163086,False,0.0,5.905795707787348,3.6370857217464447,2.615419220739909,CENTER,0.0,0.9715560833547668,0.010783383130127057,NORMAL,STABLE,NORMAL,NO_ACTION,False,0.0
2026-08-21T00:41:47.586297,0.5223801957779429,0.005747801779173245,0.00482315112540193,False,1,0.11612844467163086,False,0.0,5.430551128918637,2.8305365306926262,2.520276840861129,CENTER,0.0,0.9703909197102195,0.009656734993097304,NORMAL,STABLE,NORMAL,NO_ACTION,False,0.0
2026-08-21T00:41:47.627435,0.5366038769770669,0.006035651282539217,0.004815409309791332,False,1,0.11612844467163086,False,0.0,5.069795367903083,2.21780607644817,2.409484181195012,CENTER,0.0,0.969116713284465,0.00876418084276919,NORMAL,STABLE,NORMAL,NO_ACTION,False,0.0
2026-08-21T00:41:47.659280,0.5278943044729277,0.0060018990253935135,0.004807692307692308,False,1,0.11612844467163086,False,0.0,5.282848266463446,6.659614575205154,2.580540887585954,CENTER,0.0,0.9686094098293896,0.01232584757646936,NORMAL,STABLE,NORMAL,NO_ACTION,False,0.0
2026-08-21T00:41:47.709543,0.5319732430279941,0.0066545773616196666,0.0048,False,1,0.11612844467163086,False,0.0,5.610773995517036,5.915516440421044,3.090868354935111,CENTER,0.0,0.9716926681455761,0.012594429323611963,NORMAL,STABLE,NORMAL,NO_ACTION,False,0.0
2026-08-21T00:41:47.737101,0.5000285215858633,0.004774565123481077,0.004792332268370607,False,1,0.11612844467163086,False,0.0,5.57049811911898,6.825659710990834,2.8869585749775695,CENTER,0.0,0.9719446855709878,0.013014702941240647,NORMAL,STABLE,NORMAL,NO_ACTION,False,0.0
2026-08-21T00:41:47.777617,0.5102095872778616,0.006029739340681148,0.004784688995215311,False,1,0.11612844467163086,False,0.0,4.9281511481243285,8.546378628322856,2.957196976941816,CENTER,0.0,0.9714710594564472,0.013703394602125591,NORMAL,STABLE,NORMAL,NO_ACTION,False,0.0
2026-08-21T00:41:47.810747,0.5108475104402369,0.007480646839286659,0.004777070063694267,False,1,0.11612844467163086,False,0.0,4.883229806702275,7.966422801505985,2.757278336298441,CENTER,0.0,0.9705319251543211,0.01305172790286991,NORMAL,STABLE,NORMAL,NO_ACTION,False,0.0
2026-08-21T00:41:47.842775,0.5130066322819612,0.007157853200343936,0.0047694753577106515,False,1,0.11612844467163086,False,0.0,4.976205718429441,7.854980281142758,2.9144688622646697,CENTER,0.0,0.9693286367241083,0.013211416793643831,NORMAL,STABLE,NORMAL,NO_ACTION,False,0.0
2026-08-21T00:41:47.875846,0.5118589796343758,0.005425245716359697,0.004761904761904762,False,1,0.11612844467163086,False,0.0,5.534719426622246,6.170142685809935,2.8754085492677746,CENTER,0.0,0.9690040402091906,0.012498046613744854,NORMAL,STABLE,NORMAL,NO_ACTION,False,0.0
2026-08-21T00:41:47.909722,0.5103574457675208,0.005411302062995935,0.004754358161648178,False,1,0.11612844467163086,False,0.0,5.829546764708283,9.243587357633686,3.0936333976376034,CENTER,0.0,0.9695501516418039,0.01519952744978498,NORMAL,STABLE,NORMAL,NO_ACTION,False,0.0
2026-08-21T00:41:47.943316,0.5116386327965667,0.0051429015354367705,0.004746835443037975,False,1,0.11612844467163086,False,0.0,6.087000096687092,8.191595924829699,3.024226479200138,CENTER,0.0,0.9700375085733882,0.014623456097133293,NORMAL,STABLE,NORMAL,NO_ACTION,False,0.0
2026-08-21T00:41:47.971910,0.49868120726502163,0.005441506419739446,0.004739336492890996,False,1,0.11612844467163086,False,0.0,5.611559625702029,7.271542632827419,2.943149321689077,CENTER,0.0,0.9700287878300754,0.013428498923061293,NORMAL,STABLE,NORMAL,NO_ACTION,False,0.0
2026-08-21T00:41:48.010185,0.50647834954761,0.004743775187644798,0.00473186119873817,False,1,0.11612844467163086,False,0.0,5.803292512973798,7.107459053117594,3.001096655273386,CENTER,0.0,0.9704071957518862,0.013549875210365072,NORMAL,STABLE,NORMAL,NO_ACTION,False,0.0
2026-08-21T00:41:48.059232,0.5097699729831342,0.0020855486946202585,0.004724409448818898,False,1,0.11612844467163086,False,0.0,5.411291700847585,8.339926423820657,2.9495679973406084,CENTER,0.0,0.9701944015775036,0.014010793000138608,NORMAL,STABLE,NORMAL,NO_ACTION,False,0.0
2026-08-21T00:41:48.093128,0.5077930714942398,0.005446178292265003,0.0047169811320754715,False,1,0.11612844467163086,False,0.0,5.458672226392082,8.880580310493826,2.9135289813515897,CENTER,0.0,0.9693556964806241,0.014410370444161607,NORMAL,STABLE,NORMAL,NO_ACTION,False,0.0
2026-08-21T00:41:48.131530,0.4977937653815395,0.005995978263611236,0.004709576138147566,False,1,0.11612844467163086,False,0.0,5.576043919964803,8.432173560781592,2.8121416871759664,CENTER,0.0,0.9690354804312413,0.014103309242265495,NORMAL,STABLE,NORMAL,NO_ACTION,False,0.0
2026-08-21T00:41:48.158213,0.5003106554589457,0.007685090659043738,0.004702194357366771,False,1,0.11612844467163086,False,0.0,5.369271758222766,7.402764669800121,2.7997470238765345,CENTER,0.0,0.969205380872771,0.013153116786836016,NORMAL,STABLE,NORMAL,NO_ACTION,False,0.0
2026-08-21T00:41:48.193583,0.5035852878168258,0.009130399722628827,0.004694835680751174,False,1,0.11612844467163086,False,0.0,5.361222399753558,6.587379026501992,2.7699369090462653,CENTER,0.0,0.9692469350137174,0.012530599508970765,NORMAL,STABLE,NORMAL,NO_ACTION,False,0.0
2026-08-21T00:41:48.219124,0.5069529341730932,0.004533715648005314,0.0046875,False,1,0.11612844467163086,False,0.0,5.0965572125985545,6.752439666580472,2.8746857689449996,CENTER,0.0,0.9691270281421467,0.012495973860241219,NORMAL,STABLE,NORMAL,NO_ACTION,False,0.0
2026-08-21T00:41:48.259684,0.502240022361715,0.003931149700448911,0.0046801872074883,False,1,0.11612844467163086,False,0.0,5.661997457185834,9.502555391325359,2.8002325760610347,CENTER,0.0,0.968788446287723,0.014943844212997803,NORMAL,STABLE,NORMAL,NO_ACTION,False,0.0
2026-08-21T00:41:48.293926,0.5121564251886854,0.005270598173989682,0.004672897196261682,False,1,0.11612844467163086,False,0.0,5.39857477129496,9.377550715235714,2.7686720868963164,CENTER,0.0,0.9682661394032922,0.014571199027520581,NORMAL,STABLE,NORMAL,NO_ACTION,False,0.0
2026-08-21T00:41:48.326401,0.5149515700498761,0.003373223138980562,0.004665629860031105,False,1,0.11612844467163086,False,0.0,5.3527714300490175,3.6689320186764007,2.6120187686860277,CENTER,0.0,0.9676425191829561,0.010272887262759545,NORMAL,STABLE,NORMAL,NO_ACTION,False,0.0
2026-08-21T00:41:48.359958,0.5131256780774901,0.004153668251749376,0.004658385093167702,False,1,0.11612844467163086,False,0.0,4.988423469286317,5.243905468311283,2.682983049366385,CENTER,0.0,0.9677207513503087,0.011123981857842946,NORMAL,STABLE,NORMAL,NO_ACTION,False,0.0
2026-08-21T00:41:48.393216,0.5036708124550979,0.005626170009439681,0.004651162790697674,False,1,0.11612844467163086,False,0.0,5.237417719429175,6.095812143102023,2.7903878138905327,CENTER,0.0,0.9676270602923526,0.012078109895172853,NORMAL,STABLE,NORMAL,NO_ACTION,False,0.0
2026-08-21T00:41:48.568509,0.510867783167299,0.004696081765389864,0.0046439628482972135,False,1,0.11612844467163086,False,0.0,5.3114754249546365,6.358871568185634,2.767955006934926,CENTER,0.0,0.9670893882887517,0.01231672550660712,NORMAL,STABLE,NORMAL,NO_ACTION,False,0.0
2026-08-21T00:41:48.602721,0.5015035197243617,0.003946157547339563,0.00463678516228748,False,1,0.11612844467163086,False,0.0,5.445247794215561,7.848044525568014,2.7706725739760145,CENTER,0.0,0.9673568913966049,0.013518212756953678,NORMAL,STABLE,NORMAL,NO_ACTION,False,0.0
2026-08-21T00:41:48.648730,0.5113676157731676,0.006448485206490028,0.004629629629629629,False,1,0.11612844467163086,False,0.0,5.451239972364306,6.036987877205831,2.615307642075635,CENTER,0.0,0.9680142693329904,0.01207295631771568,NORMAL,STABLE,NORMAL,NO_ACTION,False,0.0
2026-08-21T00:41:48.698841,0.5006796974638963,0.006659819110534896,0.004622496147919877,False,1,0.11612844467163086,False,0.0,5.398802339001804,6.911872746727056,2.368042738598973,CENTER,0.0,0.9683356106395747,0.01241466196201366,NORMAL,STABLE,NORMAL,NO_ACTION,False,0.0
2026-08-21T00:41:48.754253,0.5073544646289886,0.005634784857610725,0.004615384615384616,False,1,0.11612844467163086,False,0.0,5.347147219437403,4.0121972759403945,2.3550889090940927,CENTER,0.0,0.967806311085391,0.01026799345885444,NORMAL,STABLE,NORMAL,NO_ACTION,False,0.0
2026-08-21T00:41:48.788243,0.5022676162306923,0.005225276503066326,0.004608294930875576,False,1,0.11612844467163086,False,0.0,5.401092846859001,0.9564003509102292,2.3847593024835874,CENTER,0.0,0.9678131296081963,0.008151170068651667,NORMAL,STABLE,NORMAL,NO_ACTION,False,0.0
2026-08-21T00:41:48.820343,0.5065194050550882,0.006234352555110715,0.004601226993865031,False,1,0.11612844467163086,False,0.0,5.487085333144421,8.474560130743072,2.490611348395703,CENTER,0.0,0.9677337453918037,0.013740286237522588,NORMAL,STABLE,NORMAL,NO_ACTION,False,0.0
2026-08-21T00:41:48.895140,0.48837718924628165,0.007256947079901023,0.004594180704441042,False,1,0.11612844467163086,False,0.0,6.253065479642544,10.195586522957626,2.506245593803385,CENTER,0.0,0.9679244095078875,0.015726885457281535,NORMAL,STABLE,NORMAL,NO_ACTION,False,0.0
2026-08-21T00:41:48.927008,0.5050353618507044,0.007560065078953487,0.0045871559633027525,False,1,0.11612844467163086,False,0.0,6.207215381774887,10.125704046107131,2.348983330031899,CENTER,0.0,0.9685785992155349,0.015481938493268711,NORMAL,STABLE,NORMAL,NO_ACTION,False,0.0
2026-08-21T00:41:48.960652,0.4868618054473637,0.005587600392882923,0.004580152671755725,False,1,0.11612844467163086,False,0.0,5.2477874796603885,6.225260184205581,1.850839480566549,CENTER,0.0,0.9696625835905349,0.011280461270779292,NORMAL,STABLE,NORMAL,NO_ACTION,False,0.0
2026-08-21T00:41:49.003132,0.4963871472710113,0.006408517153259386,0.004573170731707317,False,1,0.11612844467163086,False,0.0,4.778571863199915,3.1404545931284247,1.7163541171793781,CENTER,0.0,0.9700204689643348,0.00848391600675222,NORMAL,STABLE,NORMAL,NO_ACTION,False,0.0
2026-08-21T00:41:49.050048,0.5108486258389016,0.0028789939816663513,0.0045662100456621,False,1,0.11612844467163086,False,0.0,5.323238554182893,3.005806054036128,1.7121339711682424,CENTER,0.0,0.9701291098679699,0.008905184986898525,NORMAL,STABLE,NORMAL,NO_ACTION,False,0.0
2026-08-21T00:41:49.080941,0.49905016607409725,0.004730691792575631,0.004559270516717325,False,1,0.11612844467163086,False,0.0,5.117940671106396,5.286202395312841,1.8523445275299366,CENTER,0.0,0.9704641016160837,0.010482292544342535,NORMAL,STABLE,NORMAL,NO_ACTION,False,0.0
2026-08-21T00:41:49.114666,0.5000825472009808,0.005011324147882146,0.004552352048558422,False,1,0.11612844467163086,False,0.0,4.944710672963822,5.861125035279201,1.7039839063720876,CENTER,0.0,0.9708679885759602,0.010587357029520558,NORMAL,STABLE,NORMAL,NO_ACTION,False,0.0
2026-08-21T00:41:49.146025,0.49949224175573875,0.006390441103576629,0.004545454545454545,False,1,0.11612844467163086,False,0.0,5.479866222007644,6.041088515403288,1.752778489044033,CENTER,0.0,0.9709364819101509,0.011276520442147761,NORMAL,STABLE,NORMAL,NO_ACTION,False,0.0
2026-08-21T00:41:49.189237,0.5018058470040305,0.005740279350365645,0.0045385779122541605,False,1,0.11612844467163086,False,0.0,4.72868508119447,2.0050800138953946,1.6450751000285777,CENTER,0.0,0.9706448125643004,0.007551483408112463,NORMAL,STABLE,NORMAL,NO_ACTION,False,0.0
2026-08-21T00:41:49.217787,0.488626975793307,0.0015233875827713908,0.004531722054380665,False,1,0.11612844467163086,False,0.0,5.009782359460075,6.989745294975052,1.3634902428409248,CENTER,0.0,0.9687503616898148,0.011134762292710692,NORMAL,STABLE,NORMAL,NO_ACTION,False,0.0
2026-08-21T00:41:49.249347,0.4678715158456307,0.0036663982154568845,0.004524886877828055,False,1,0.11612844467163086,False,0.0,4.848608582921031,7.1416406187357495,1.3381760944538996,CENTER,0.0,0.9676149637774348,0.011065199699842626,NORMAL,STABLE,NORMAL,NO_ACTION,False,0.0
2026-08-21T00:41:49.283218,0.06195296690494412,0.0013844554092995872,0.006024096385542169,True,1,0.11612844467163086,False,0.0,3.693640909347806,7.424423333839286,0.6648941602943239,UP,0.0,0.9671840840406378,0.2353982900453366,LOW,STABLE,NORMAL,NO_ACTION,False,0.0
2026-08-21T00:41:49.330109,0.10377201840917823,0.002040770004063477,0.007518796992481203,True,1,0.11612844467163086,False,0.0468904972076416,3.8227590823711353,5.532525112449605,0.528780009674847,UP,0.0468904972076416,0.9681756499699932,0.23403139539784007,LOW,STABLE,NORMAL,NO_ACTION,False,0.0468904972076416
2026-08-21T00:41:49.377088,0.28137018168826916,0.0016969065804633152,0.0075075075075075074,False,2,0.09386944770812988,False,0.0,4.427157647818149,7.248782606838404,0.24304226775760185,UP,0.09386944770812988,0.968620863340192,0.06041053383418143,NORMAL,STABLE,NORMAL,NO_ACTION,False,0.0
2026-08-21T00:41:49.407809,0.3653375385020133,0.0027889560515845396,0.0074962518740629685,False,2,0.09386944770812988,False,0.0,4.301889901981184,7.401092632449007,0.3665259422884617,UP,0.12459063529968262,0.9687034759730796,0.03567856980432857,NORMAL,STABLE,NORMAL,NO_ACTION,False,0.0
2026-08-21T00:41:49.439786,0.39924453668137827,0.0021565787265410944,0.0074850299401197605,False,2,0.09386944770812988,False,0.0,4.434658160968212,8.306592355149462,0.32813258587441396,UP,0.15656828880310059,0.968730294603052,0.03642005099305028,NORMAL,STABLE,NORMAL,NO_ACTION,False,0.0
2026-08-21T00:41:49.485669,0.4381688154450615,0.0014649591403242158,0.007473841554559043,False,2,0.09386944770812988,False,0.0,4.031778964093746,9.129253720419797,0.23236673872000324,UP,0.20245122909545898,0.9685212378900891,0.03653350291280301,NORMAL,STABLE,NORMAL,NO_ACTION,False,0.0
2026-08-21T00:41:49.513507,0.4396726986439478,0.0023303344586494664,0.007462686567164179,False,2,0.09386944770812988,False,0.0,4.483374439412728,10.361672239641166,0.5065435615177876,CENTER,0.0,0.9678691781335733,0.012232931937888913,NORMAL,STABLE,NORMAL,NO_ACTION,False,0.0
2026-08-21T00:41:49.554584,0.45378840814154553,0.005346225404384162,0.007451564828614009,False,2,0.09386944770812988,False,0.0,4.65774857944001,11.52800023603919,0.5392653218406167,CENTER,0.0,0.9661159738297325,0.013269991709055358,NORMAL,STABLE,NORMAL,NO_ACTION,False,0.0
2026-08-21T00:41:49.596424,0.4644490279437403,0.002020048083958783,0.00744047619047619,False,2,0.09386944770812988,False,0.0,4.53834095785993,12.242357732651925,0.27393517997703043,CENTER,0.0,0.9661198184585048,0.013414770266717639,NORMAL,STABLE,NORMAL,NO_ACTION,False,0.0
2026-08-21T00:41:49.642670,0.4549986584954098,0.005165272545261982,0.007429420505200594,False,2,0.09386944770812988,False,0.0,5.008309854344077,12.863038298040465,0.31121846699167577,CENTER,0.0,0.9664336312585734,0.014347266012507808,NORMAL,STABLE,NORMAL,NO_ACTION,False,0.0
2026-08-21T00:41:49.673001,0.46186948361895486,0.0007718636930226925,0.00741839762611276,False,2,0.09386944770812988,False,0.0,5.430070441578835,14.162909910417454,0.07602815005935781,CENTER,0.0,0.9673772665895062,0.015460661548493602,NORMAL,STABLE,NORMAL,NO_ACTION,False,0.0
2026-08-21T00:41:49.720928,0.4588099993992881,0.0022070015882937333,0.007407407407407408,False,2,0.09386944770812988,False,0.0,5.5239985543744865,13.43426822833959,0.07567768694991628,CENTER,0.0,0.9680286833419067,0.015026505580685846,NORMAL,STABLE,NORMAL,NO_ACTION,False,0.0
2026-08-21T00:41:49.752626,0.4591728535486508,0.0002083291785919904,0.0073964497041420114,False,2,0.09386944770812988,False,0.0,5.719302397883524,13.929146713202357,0.2517092266777752,CENTER,0.0,0.9679806589720508,0.01573826477159858,NORMAL,STABLE,NORMAL,NO_ACTION,False,0.0
2026-08-21T00:41:49.784249,0.45569088089487964,0.0007296307986344447,0.007385524372230428,False,2,0.09386944770812988,False,0.0,6.275689370809317,13.201586707166513,0.3920637835343541,CENTER,0.0,0.9679427217292524,0.015883082791451338,NORMAL,STABLE,NORMAL,NO_ACTION,False,0.0
2026-08-21T00:41:49.814515,0.45713339047755375,0.0005633668427555555,0.007374631268436578,False,2,0.09386944770812988,False,0.0,6.652185614744951,14.626509101476188,0.4470434996574397,CENTER,0.0,0.9678857890732167,0.01732115209983484,NORMAL,STABLE,NORMAL,NO_ACTION,False,0.0
2026-08-21T00:41:49.844072,0.4446070992650254,0.0026813695173673407,0.007363770250368188,False,2,0.09386944770812988,False,0.0,6.619367640649614,14.782365507354967,0.466405215688269,CENTER,0.0,0.9678416629158093,0.017420306479773006,NORMAL,STABLE,NORMAL,NO_ACTION,False,0.0
2026-08-21T00:41:49.877320,0.4479241189266212,0.0038678187087840396,0.007352941176470588,False,2,0.09386944770812988,False,0.0,6.4816485380641495,14.648846951599324,0.44826554835384513,CENTER,0.0,0.9678422925240054,0.017174905647171453,NORMAL,STABLE,NORMAL,NO_ACTION,False,0.0
2026-08-21T00:41:49.907439,0.4398746056310596,0.0032896435400915245,0.007342143906020558,False,2,0.09386944770812988,False,0.0,6.802238259109174,13.949098729582602,0.5050978883945447,CENTER,0.0,0.9681284427512002,0.017033617615825475,NORMAL,STABLE,NORMAL,NO_ACTION,False,0.0
2026-08-21T00:41:49.938704,0.44520205595035556,0.0008340571196240896,0.007331378299120235,False,2,0.09386944770812988,False,0.0,7.078617228494949,14.817479856060771,0.30531505172285733,CENTER,0.0,0.9685540578918038,0.017731369402605425,NORMAL,STABLE,NORMAL,NO_ACTION,False,0.0
2026-08-21T00:41:49.969526,0.4483410025793018,0.004008590748864015,0.007320644216691069,False,2,0.09386944770812988,False,0.0,7.420374833966491,13.505176789382688,0.4364265160039906,CENTER,0.0,0.9666692520790466,0.017241178506499564,NORMAL,STABLE,NORMAL,NO_ACTION,False,0.0
2026-08-21T00:41:50.000227,0.44495481703842776,0.006033501293414344,0.007309941520467836,False,2,0.09386944770812988,False,0.0,6.668533246694409,14.363643879415662,0.45030595595133605,CENTER,0.0,0.9654255481610082,0.017150962373357944,NORMAL,STABLE,NORMAL,NO_ACTION,False,0.0
2026-08-21T00:41:50.032185,0.4564532609386305,0.0021639741712410994,0.0072992700729927005,False,2,0.09386944770812988,False,0.0,6.726617602896056,15.564529908336397,0.5158583944116231,CENTER,0.0,0.9650729943629973,0.01813286341735597,NORMAL,STABLE,NORMAL,NO_ACTION,False,0.0
2026-08-21T00:41:50.064133,0.43677105514016473,0.003013204023430528,0.007288629737609329,False,2,0.09386944770812988,False,0.0,6.600270084540568,15.92913485210741,0.4743751586193241,CENTER,0.0,0.9648710106953018,0.01823411417905402,NORMAL,STABLE,NORMAL,NO_ACTION,False,0.0
2026-08-21T00:41:50.110826,0.43314032061978347,0.006622540879924698,0.00727802037845706,False,2,0.09386944770812988,False,0.0,6.2324229074558275,16.423901722192795,0.31934485797259526,CENTER,0.0,0.9646089463305898,0.018088595610266073,NORMAL,STABLE,NORMAL,NO_ACTION,False,0.0
2026-08-21T00:41:50.156776,0.4333729590488159,0.003803913499521371,0.007267441860465116,False,2,0.09386944770812988,False,0.0,6.044218370067142,15.179948046005762,0.2800307569653171,CENTER,0.0,0.9645192606524349,0.01697614917445792,NORMAL,STABLE,NORMAL,NO_ACTION,False,0.0
2026-08-21T00:41:50.204900,0.4407816277100648,0.004949967091991442,0.00725689404934688,False,2,0.09386944770812988,False,0.0,5.876277424925178,15.829635288860288,0.351695432660307,CENTER,0.0,0.9641159497170781,0.017350953600569735,NORMAL,STABLE,NORMAL,NO_ACTION,False,0.0
2026-08-21T00:41:50.235671,0.4429021058963165,0.007426311692897271,0.007246376811594203,False,2,0.09386944770812988,False,0.0,5.981789197515269,15.468359931820942,0.23020944553351796,CENTER,0.0,0.9630686701603224,0.017075900175255725,NORMAL,STABLE,NORMAL,NO_ACTION,False,0.0
2026-08-21T00:41:50.266224,0.4498585533803642,0.003883598075256332,0.00723589001447178,False,2,0.09386944770812988,False,0.0,6.241764152189347,15.870913905239377,0.4478728918248862,CENTER,0.0,0.9619207336676955,0.017823184941384,NORMAL,STABLE,NORMAL,NO_ACTION,False,0.0
2026-08-21T00:41:50.297312,0.4514141182039556,0.005930343121271778,0.0072254335260115606,False,2,0.09386944770812988,False,0.0,5.921814626339426,16.332062115787693,0.30313301840311624,CENTER,0.0,0.9609222956318587,0.01770927551611472,NORMAL,STABLE,NORMAL,NO_ACTION,False,0.0
2026-08-21T00:41:50.327774,0.4415748337567279,0.006367242100142439,0.007215007215007215,False,2,0.09386944770812988,False,0.0,6.10614219107822,16.818700435181313,0.37235312760967076,CENTER,0.0,0.9601893647119342,0.018302198439722236,NORMAL,STABLE,NORMAL,NO_ACTION,False,0.0
2026-08-21T00:41:50.359938,0.4485204516336002,0.006791690051889156,0.007204610951008645,False,2,0.09386944770812988,False,0.0,5.8269450117205395,16.310148255437866,0.2492403610395968,CENTER,0.0,0.9603627480924211,0.017550916096533673,NORMAL,STABLE,NORMAL,NO_ACTION,False,0.0
2026-08-21T00:41:50.390136,0.43476749325843234,0.003083732407297546,0.007194244604316547,False,2,0.09386944770812988,False,0.0,6.7496874094213695,17.64137459145803,0.2118343461823713,CENTER,0.0,0.9607434333204731,0.019356695397923306,NORMAL,STABLE,NORMAL,NO_ACTION,False,0.0
2026-08-21T00:41:50.421275,0.4451691759566991,0.008078009322376801,0.007183908045977011,False,2,0.09386944770812988,False,0.0,5.922265893521342,16.538853436365542,0.03902140460843384,CENTER,0.0,0.9608732397762345,0.017605202712805513,NORMAL,STABLE,NORMAL,NO_ACTION,False,0.0
2026-08-21T00:41:50.467216,0.4423522262405261,0.005276761921330606,0.007173601147776184,False,2,0.09386944770812988,False,0.0,5.4757184703611586,16.610718549919397,0.15282240386321178,CENTER,0.0,0.9611577958890604,0.01733789783471051,NORMAL,STABLE,NORMAL,NO_ACTION,False,0.0
2026-08-21T00:41:50.498060,0.43569487686249353,0.005393503359084138,0.0071633237822349575,False,2,0.09386944770812988,False,0.0,5.879585897025407,16.279017859128004,0.21129710953286462,CENTER,0.0,0.9612401004158093,0.01754262400086684,NORMAL,STABLE,NORMAL,NO_ACTION,False,0.0
2026-08-21T00:41:50.529752,0.44567901302296786,0.00920404766632049,0.00715307582260372,False,2,0.09386944770812988,False,0.0,6.023984735958209,16.64196136968104,0.27667185379314674,CENTER,0.0,0.9608516321587792,0.018004653924804662,NORMAL,STABLE,NORMAL,NO_ACTION,False,0.0
2026-08-21T00:41:50.560797,0.44018106561176995,0.007910839208409676,0.007142857142857143,False,2,0.09386944770812988,False,0.0,5.468738669390632,16.48220087225218,0.08111125035745204,CENTER,0.0,0.9603383541237998,0.01717006590965659,NORMAL,STABLE,NORMAL,NO_ACTION,False,0.0
2026-08-21T00:41:50.591634,0.4392739453822605,0.005490660812266947,0.007132667617689016,False,2,0.09386944770812988,False,0.0,5.682353937000499,16.377331984002353,0.2493163187924381,CENTER,0.0,0.9601025189686213,0.017460685113877276,NORMAL,STABLE,NORMAL,NO_ACTION,False,0.0
2026-08-21T00:41:50.622836,0.4326226076860105,0.004078578189078266,0.007122507122507123,False,2,0.09386944770812988,False,0.0,5.501010312296188,17.266372997360435,0.2935962123653155,CENTER,0.0,0.959960120348937,0.017968474858344238,NORMAL,STABLE,NORMAL,NO_ACTION,False,0.0
2026-08-21T00:41:50.654104,0.42982444371727346,0.004880897850893653,0.007112375533428165,False,2,0.09386944770812988,False,0.0,5.4524033115258135,17.389499331639342,0.21127493215712434,CENTER,0.0,0.9599828934113511,0.01793148846767206,NORMAL,STABLE,NORMAL,NO_ACTION,False,0.0
2026-08-21T00:41:50.684955,0.4387648164150172,0.002526474793451287,0.007102272727272727,False,2,0.09386944770812988,False,0.0,5.685702227585978,17.123244627330223,-0.01897632500998725,CENTER,0.0,0.9608078408993485,0.017779366645231363,NORMAL,STABLE,NORMAL,NO_ACTION,False,0.0
2026-08-21T00:41:50.713212,0.4420169184317818,0.00475781029131105,0.0070921985815602835,False,2,0.09386944770812988,False,0.0,5.708355426531625,17.453073215091337,-0.08660585344316019,CENTER,0.0,0.9613911260073731,0.018103043843505546,NORMAL,STABLE,NORMAL,NO_ACTION,False,0.0
2026-08-21T00:41:50.746842,0.4461476352349817,0.006833148706058402,0.007082152974504249,False,2,0.09386944770812988,False,0.0,5.249565732121994,15.827682682503593,0.013091414635056253,CENTER,0.0,0.9612011852709189,0.016424192657514786,NORMAL,STABLE,NORMAL,NO_ACTION,False,0.0
2026-08-21T00:41:50.792974,0.4357063020441443,0.006675478293682216,0.007072135785007072,False,2,0.09386944770812988,False,0.0,5.578310270574889,15.588480160737134,-0.09323003928753337,CENTER,0.0,0.960744170096022,0.016644174704537516,NORMAL,STABLE,NORMAL,NO_ACTION,False,0.0
2026-08-21T00:41:50.825035,0.4365345859473041,0.006994955770646232,0.007062146892655367,False,2,0.09386944770812988,False,0.0,5.348796983379117,16.612464729389217,0.10080861700808441,CENTER,0.0,0.9597010298782579,0.017167624890781722,NORMAL,STABLE,NORMAL,NO_ACTION,False,0.0
2026-08-21T00:41:50.856153,0.42168911976408857,0.0060150608383996215,0.007052186177715092,False,2,0.09386944770812988,False,0.0,5.577174553766582,16.349745877379945,0.09772899427477455,CENTER,0.0,0.959092198752572,0.01719471394482261,NORMAL,STABLE,NORMAL,NO_ACTION,False,0.0
2026-08-21T00:41:50.886879,0.429562990573728,0.004398985062719348,0.007042253521126761,False,2,0.09386944770812988,False,0.0,5.422751397353153,17.268858318506943,-0.062175821963478484,CENTER,0.0,0.9588137243870027,0.01767340135426276,NORMAL,STABLE,NORMAL,NO_ACTION,False,0.0
2026-08-21T00:41:50.917688,0.42471370228537847,0.0034902973786622967,0.007032348804500703,False,2,0.09386944770812988,False,0.0,5.32148211668212,17.558703170023392,0.011341023488625979,CENTER,0.0,0.9594622208290466,0.017735978709766554,NORMAL,STABLE,NORMAL,NO_ACTION,False,0.0
2026-08-21T00:41:50.949552,0.4208956608626312,0.006574215317357698,0.007022471910112359,False,2,0.09386944770812988,False,0.0,5.3402315288410875,18.000822250043996,0.03231334349658255,CENTER,0.0,0.9600139853395062,0.018091919578089526,NORMAL,STABLE,NORMAL,NO_ACTION,False,0.0
2026-08-21T00:41:50.980361,0.4318864075298391,0.007993062438671497,0.0070126227208976155,False,2,0.09386944770812988,False,0.0,5.271112219553316,15.585758863548335,-0.04808675658279071,CENTER,0.0,0.9598588472007888,0.016304461818019256,NORMAL,STABLE,NORMAL,NO_ACTION,False,0.0
2026-08-21T00:41:51.012348,0.4352073415692185,0.005166096313328134,0.0070028011204481795,False,2,0.09386944770812988,False,0.0,5.417442033407866,16.82364503984857,0.15345866658688578,CENTER,0.0,0.9599571196630657,0.01743572804171616,NORMAL,STABLE,NORMAL,NO_ACTION,False,0.0
2026-08-21T00:41:51.043350,0.4103279339573413,0.008561373197181745,0.006993006993006993,False,2,0.09386944770812988,False,0.0,5.317228406655687,16.805998613083176,0.10120288707884129,CENTER,0.0,0.9596043247385116,0.017276883031722527,NORMAL,STABLE,NORMAL,NO_ACTION,False,0.0
2026-08-21T00:41:51.074819,0.41901499510308393,0.007412250576788073,0.006983240223463687,False,2,0.09386944770812988,False,0.0,4.54903805183082,15.937649860113254,-0.022427306256730617,CENTER,0.0,0.9589999008701989,0.015840673663171885,NORMAL,STABLE,NORMAL,NO_ACTION,False,0.0
2026-08-21T00:41:51.105748,0.4245693141280519,0.00886508721123789,0.00697350069735007,False,2,0.09386944770812988,False,0.0,5.55503251695157,16.655280196937298,0.05529883179755757,CENTER,0.0,0.9590022183641975,0.017352479865880007,NORMAL,STABLE,NORMAL,NO_ACTION,False,0.0
2026-08-21T00:41:51.137622,0.42626149513037515,0.007203859224279595,0.006963788300835654,False,2,0.09386944770812988,False,0.0,5.27502490569799,17.469939714159608,0.06300438412284848,CENTER,0.0,0.9591855817043896,0.017677152490618384,NORMAL,STABLE,NORMAL,NO_ACTION,False,0.0
2026-08-21T00:41:51.184556,0.41447448720909874,0.0012142034243253555,0.006954102920723227,False,2,0.09386944770812988,False,0.0,5.375171582528566,17.453326218383978,0.025836953859737832,CENTER,0.0,0.9594835605281207,0.017725580409755047,NORMAL,STABLE,NORMAL,NO_ACTION,False,0.0
2026-08-21T00:41:51.215148,0.41398868450637294,0.004673466695178122,0.006944444444444444,False,2,0.09386944770812988,False,0.0,5.079174246007,17.29713940456878,0.0995242083612311,CENTER,0.0,0.9596132464206104,0.017400181532526617,NORMAL,STABLE,NORMAL,NO_ACTION,False,0.0
2026-08-21T00:41:51.246454,0.42860448646071303,0.007485684961093806,0.006934812760055479,False,2,0.09386944770812988,False,0.0,5.016870431252215,16.76120698354569,0.12069537696632437,CENTER,0.0,0.9599360076946161,0.01697544065400051,NORMAL,STABLE,NORMAL,NO_ACTION,False,0.0
2026-08-21T00:41:51.278022,0.42186297945966816,0.0034974612393944547,0.006925207756232687,False,2,0.09386944770812988,False,0.0,5.176003316219351,17.263138706447336,0.0862208319552451,CENTER,0.0,0.9599065768604252,0.017455804789377867,NORMAL,STABLE,NORMAL,NO_ACTION,False,0.0
2026-08-21T00:41:51.326126,0.42185072427501913,0.005127603849845143,0.006915629322268326,False,2,0.09386944770812988,False,0.0,4.889601029027517,17.0793170909877,0.05412181929133908,CENTER,0.0,0.9594068019118656,0.017018328307813153,NORMAL,STABLE,NORMAL,NO_ACTION,False,0.0
2026-08-21T00:41:51.389531,0.42732274647384727,0.002570120315187407,0.006906077348066298,False,2,0.09386944770812988,False,0.0,5.066086751832074,15.686648158758686,-0.096637699874492,CENTER,0.0,0.959499541859568,0.016226999239959163,NORMAL,STABLE,NORMAL,NO_ACTION,False,0.0
2026-08-21T00:41:51.435220,0.41719561170085073,0.000907005078791407,0.006896551724137931,False,2,0.09386944770812988,False,0.0,5.5981520474955175,17.366551168574375,0.03555392272380686,CENTER,0.0,0.9610831270361798,0.017886258197224503,NORMAL,STABLE,NORMAL,NO_ACTION,False,0.0
2026-08-21T00:41:51.466139,0.42645123215404246,0.002637428922905372,0.006887052341597796,False,2,0.09386944770812988,False,0.0,5.0414540352587665,16.610918555519106,-0.019766227801198966,CENTER,0.0,0.9614050175754458,0.016794204878143114,NORMAL,STABLE,NORMAL,NO_ACTION,False,0.0
2026-08-21T00:41:51.498029,0.4126507830226014,0.004708944040333079,0.0068775790921595595,False,2,0.09386944770812988,False,0.0,5.24444637204607,16.690379268039038,0.06746939738388846,CENTER,0.0,0.9613062762560014,0.01709165162745548,NORMAL,STABLE,NORMAL,NO_ACTION,False,0.0
2026-08-21T00:41:51.538539,0.42321331926971517,0.006196456089250462,0.006868131868131868,False,2,0.09386944770812988,False,0.0,5.255777686709536,16.220337493140818,0.1407841210520644,CENTER,0.0,0.9617416168338477,0.01683485526830408,NORMAL,STABLE,NORMAL,NO_ACTION,False,0.0
2026-08-21T00:41:51.576418,0.43761727970239017,0.0035776699378122444,0.006858710562414266,False,2,0.09386944770812988,False,0.0,5.490817133814261,16.143459255426393,0.09830237003251341,CENTER,0.0,0.9620725764103224,0.016964170230900414,NORMAL,STABLE,NORMAL,NO_ACTION,False,0.0
2026-08-21T00:41:51.609629,0.43938284818305173,0.006081017418943594,0.00684931506849315,False,2,0.09386944770812988,False,0.0,5.457370349160641,17.395733187533153,0.08333746525300967,CENTER,0.0,0.9616636927726337,0.01781809017478855,NORMAL,STABLE,NORMAL,NO_ACTION,False,0.0
2026-08-21T00:41:51.656498,0.43132758833867063,0.0029054719367089094,0.006839945280437756,False,2,0.09386944770812988,False,0.0,5.188898910472346,16.550416101233026,0.19338916097166248,CENTER,0.0,0.9618048321759259,0.01705848380139927,NORMAL,STABLE,NORMAL,NO_ACTION,False,0.0
2026-08-21T00:41:51.688578,0.43598287223410703,0.0024150778238124808,0.006830601092896175,False,2,0.09386944770812988,False,0.0,5.80321435878875,17.743868053859302,0.2366957077142331,CENTER,0.0,0.9624966778120714,0.01854692132251608,NORMAL,STABLE,NORMAL,NO_ACTION,False,0.0
2026-08-21T00:41:51.719047,0.4387801353692131,0.0021916172598362366,0.0068212824010914054,False,2,0.09386944770812988,False,0.0,5.6200398294994045,18.191806971608486,0.12762069893491912,CENTER,0.0,0.9634252963177298,0.018588816847803707,NORMAL,STABLE,NORMAL,NO_ACTION,False,0.0
2026-08-21T00:41:51.766500,0.44263421115715884,0.002218521979896634,0.006811989100817439,False,2,0.09386944770812988,False,0.0,5.4988986287831665,17.427730331346083,0.09854876316046557,CENTER,0.0,0.9648752973894033,0.017895485537689337,NORMAL,STABLE,NORMAL,NO_ACTION,False,0.0
2026-08-21T00:41:51.798212,0.43402812482542735,0.0018065965132760351,0.006802721088435374,False,2,0.09386944770812988,False,0.0,5.230266387158906,17.08556483939526,-0.003940042383277387,CENTER,0.0,0.9664263170867626,0.017301279359474935,NORMAL,STABLE,NORMAL,NO_ACTION,False,0.0
2026-08-21T00:41:51.825143,0.43656773408912375,0.0032087220706259966,0.006793478260869565,False,2,0.09386944770812988,False,0.0,5.232238883830831,18.05228754600924,-0.01947159376661034,CENTER,0.0,0.9673545605066873,0.01801308823600419,NORMAL,STABLE,NORMAL,NO_ACTION,False,0.0
2026-08-21T00:41:51.861194,0.429354468757645,0.001521535913447348,0.0067842605156037995,False,2,0.09386944770812988,False,0.0,5.580766008365487,17.964645632175262,0.06704762937019382,CENTER,0.0,0.9682652284807955,0.018329784442748444,NORMAL,STABLE,NORMAL,NO_ACTION,False,0.0
2026-08-21T00:41:51.890972,0.4470464475756716,0.0009110101577843716,0.006775067750677507,False,2,0.09386944770812988,False,0.0,5.289209621359447,18.0323373205905,0.030001746185462252,CENTER,0.0,0.969919088648834,0.01806345167214515,NORMAL,STABLE,NORMAL,NO_ACTION,False,0.0
2026-08-21T00:41:51.937975,0.4454655005832463,0.0016612474819084158,0.006775067750677507,False,2,0.09386944770812988,False,0.0,4.947256641177148,18.082945061435197,0.003301004965891252,CENTER,0.0,0.9715719575188615,0.017746442776855238,NORMAL,STABLE,NORMAL,NO_ACTION,False,0.0
2026-08-21T00:41:51.968522,0.43297551702497655,0.005711672943566562,0.006765899864682003,False,2,0.09386944770812988,False,0.0,5.01842322900373,17.360472920399246,0.06917224219293416,CENTER,0.0,0.9726342940886489,0.017358383597076865,NORMAL,STABLE,NORMAL,NO_ACTION,False,0.0
2026-08-21T00:41:52.000926,0.44958425909518884,0.004712713356961669,0.006765899864682003,False,2,0.09386944770812988,False,0.0,5.334227138199537,17.188764613191836,-0.02720234355419393,CENTER,0.0,0.9734064482596022,0.017497432013779842,NORMAL,STABLE,NORMAL,NO_ACTION,False,0.0
2026-08-21T00:41:52.031857,0.4346544953432284,0.0036625476070866964,0.006756756756756757,False,2,0.09386944770812988,False,0.0,5.024554550197166,16.27290193497595,0.03806419786005222,CENTER,0.0,0.9733542175711591,0.016552526988425357,NORMAL,STABLE,NORMAL,NO_ACTION,False,0.0
2026-08-21T00:41:52.062315,0.43147235691607205,0.004031562046350186,0.006756756756756757,False,2,0.09386944770812988,False,0.0,4.7625021614685465,16.10105826311397,0.20875720832330558,CENTER,0.0,0.9723252904235254,0.01634140163297609,NORMAL,STABLE,NORMAL,NO_ACTION,False,0.0
2026-08-21T00:41:52.094148,0.4274860998974848,0.004881455105270862,0.006747638326585695,False,2,0.09386944770812988,False,0.0,5.033762185006566,16.043091718437694,0.07475145359180146,CENTER,0.0,0.9707016112611454,0.01643129905897107,NORMAL,STABLE,NORMAL,NO_ACTION,False,0.0
2026-08-21T00:41:52.140327,0.43556569096529546,0.0041973118953464224,0.006747638326585695,False,2,0.09386944770812988,False,0.0,5.266986898608849,15.875818282756512,0.00953017793213462,CENTER,0.0,0.969076230817044,0.016472086159014555,NORMAL,STABLE,NORMAL,NO_ACTION,False,0.0
2026-08-21T00:41:52.172133,0.4504080257314198,0.005637349611908459,0.006747638326585695,False,2,0.09386944770812988,False,0.0,5.0296843779840685,15.707259885042419,-0.0003504466521349059,CENTER,0.0,0.9676669399434157,0.016114621100008556,NORMAL,STABLE,NORMAL,NO_ACTION,False,0.0
2026-08-21T00:41:52.219222,0.42976488298498566,0.004996776526698445,0.006738544474393531,False,2,0.09386944770812988,False,0.0,5.418521284272572,16.47346645484626,0.1698254761169835,CENTER,0.0,0.9664599274477024,0.01720068955265941,NORMAL,STABLE,NORMAL,NO_ACTION,False,0.0
2026-08-21T00:41:52.250369,0.42368287519630465,0.006813304891736813,0.006738544474393531,False,2,0.09386944770812988,False,0.0,4.6806838111707805,15.968866091930948,0.008190862851449765,CENTER,0.0,0.9660027381258575,0.01597566594097384,NORMAL,STABLE,NORMAL,NO_ACTION,False,0.0
2026-08-21T00:41:52.279053,0.44232480938586893,0.005969556138461567,0.006738544474393531,False,2,0.09386944770812988,False,0.0,5.678082830920829,16.023867438323776,0.14428978419832106,CENTER,0.0,0.9655357697830933,0.01710178693964983,NORMAL,STABLE,NORMAL,NO_ACTION,False,0.0
2026-08-21T00:41:52.312280,0.44175500508906834,0.006468270752140729,0.006729475100942127,False,2,0.09386944770812988,False,0.0,5.219027699488265,16.401125617755042,0.07691355058989302,CENTER,0.0,0.964570285708162,0.016868378221990315,NORMAL,STABLE,NORMAL,NO_ACTION,False,0.0
2026-08-21T00:41:52.344280,0.43684428775738465,0.004137934828012769,0.006729475100942127,False,2,0.09386944770812988,False,0.0,5.413127931041572,16.83875855610745,0.01674032575638762,CENTER,0.0,0.9628885218407064,0.01731139946951321,NORMAL,STABLE,NORMAL,NO_ACTION,False,0.0
2026-08-21T00:41:52.377495,0.4440406167348725,0.0035885301773064555,0.006720430107526882,False,2,0.09386944770812988,False,0.0,5.134129936185559,17.51621313481303,-0.1906963205632053,CENTER,0.0,0.962856706532922,0.01769776446069228,NORMAL,STABLE,NORMAL,NO_ACTION,False,0.0
2026-08-21T00:41:52.406898,0.4394213867609256,0.004722018453940213,0.006720430107526882,False,2,0.09386944770812988,False,0.0,5.508008510505761,18.483884816022083,-0.1552625202197646,CENTER,0.0,0.9645802924597051,0.018717911204371496,NORMAL,STABLE,NORMAL,NO_ACTION,False,0.0
2026-08-21T00:41:52.436733,0.4357854878018539,0.003960888287943762,0.006711409395973154,False,2,0.09386944770812988,False,0.0,4.779642873172378,18.01116096311887,-0.06466034640195062,CENTER,0.0,0.966224494170096,0.017592977199219893,NORMAL,STABLE,NORMAL,NO_ACTION,False,0.0
2026-08-21T00:41:52.467657,0.44015814365479067,0.003639678476231715,0.006711409395973154,False,2,0.09386944770812988,False,0.0,5.208849628486547,18.012038496397082,-0.2813035289114225,CENTER,0.0,0.9674239781592935,0.018212723514305324,NORMAL,STABLE,NORMAL,NO_ACTION,False,0.0
2026-08-21T00:41:52.499055,0.44293302251165967,0.002006539624666378,0.006702412868632708,False,2,0.09386944770812988,False,0.0,5.0463270497341455,17.629689741949278,-0.23652610715220135,CENTER,0.0,0.9674558068629973,0.01773911329819881,NORMAL,STABLE,NORMAL,NO_ACTION,False,0.0
2026-08-21T00:41:52.530993,0.4491049332528906,0.0038245921233530794,0.006702412868632708,False,2,0.09386944770812988,False,0.0,4.887885322576864,18.37743180502241,-0.3175778207609312,CENTER,0.0,0.9681336001800412,0.018202519125764757,NORMAL,STABLE,NORMAL,NO_ACTION,False,0.0
2026-08-21T00:41:52.561963,0.43394185249812967,0.0016151814520009846,0.006702412868632708,False,2,0.09386944770812988,False,0.0,4.628980592851434,18.707823945996722,-0.36351080901954447,CENTER,0.0,0.9703434311771263,0.01823590004139902,NORMAL,STABLE,NORMAL,NO_ACTION,False,0.0
2026-08-21T00:41:52.593006,0.4498535580634738,0.00596121201613778,0.006693440428380187,False,2,0.09386944770812988,False,0.0,4.366695625967594,17.796204712914744,-0.7014816795171441,CENTER,0.0,0.9714519166881003,0.017653040456808603,NORMAL,STABLE,NORMAL,NO_ACTION,False,0.0
2026-08-21T00:41:52.639724,0.42483594962350424,0.004107640548366917,0.006693440428380187,False,2,0.09386944770812988,False,0.0,4.663555251244901,16.68699637406749,-0.7630381282303915,CENTER,0.0,0.9703325670867626,0.017199150088042264,NORMAL,STABLE,NORMAL,NO_ACTION,False,0.0
2026-08-21T00:41:52.686534,0.3874496925395865,0.0014747310704275685,0.006693440428380187,False,2,0.09386944770812988,False,0.0,3.913555662735064,16.556728619563728,-0.9410065132286718,CENTER,0.0,0.9684791479123801,0.016557141180566608,NORMAL,STABLE,NORMAL,NO_ACTION,False,0.0
2026-08-21T00:41:52.717043,0.3630719428903195,0.0033703319303142296,0.006693440428380187,False,2,0.09386944770812988,False,0.0,4.630212556845464,18.43747872289248,-0.9485371224864707,CENTER,0.0,0.9668029031635802,0.018603524700349826,NORMAL,STABLE,NORMAL,NO_ACTION,False,0.0
2026-08-21T00:41:52.747813,0.36267579644802644,0.005725385396816852,0.006693440428380187,False,2,0.09386944770812988,False,0.0,4.013594928774154,16.866133678826344,-1.2023831484526113,CENTER,0.0,0.9655891659164952,0.017126044592576186,NORMAL,STABLE,NORMAL,NO_ACTION,False,0.0
2026-08-21T00:41:52.779484,0.3579648027303335,0.0012253438260099265,0.0066844919786096255,False,2,0.09386944770812988,False,0.0,5.150281220771717,17.572380618677784,-1.0607633957741314,CENTER,0.0,0.9657915380658437,0.018587680251511637,NORMAL,STABLE,NORMAL,NO_ACTION,False,0.0
2026-08-21T00:41:52.808944,0.36857474483848407,0.002797822110256473,0.006675567423230975,False,2,0.09386944770812988,False,0.0,4.7895408496076755,17.913971430857373,-1.0428973192051387,CENTER,0.0,0.9666981068887175,0.018470334131722378,NORMAL,STABLE,NORMAL,NO_ACTION,False,0.0
2026-08-21T00:41:52.839714,0.3702338938273365,0.0068342938601096545,0.006666666666666667,False,2,0.09386944770812988,False,0.0,4.7725632177239845,17.092068493096377,-1.1031148846882388,CENTER,0.0,0.9670355902777779,0.017920873568155082,NORMAL,STABLE,NORMAL,NO_ACTION,False,0.0
2026-08-21T00:41:52.886355,0.3622836208457009,0.0026623435453690886,0.006666666666666667,False,2,0.09386944770812988,False,0.0,5.0118250515785405,15.851162511774362,-1.248709458504635,CENTER,0.0,0.9671817397548012,0.017397644473468702,NORMAL,STABLE,NORMAL,NO_ACTION,False,0.0
2026-08-21T00:41:52.917567,0.36719905344782083,0.0018818674128083075,0.006666666666666667,False,2,0.09386944770812988,False,0.0,4.919539265888346,15.797432477714693,-1.3163312303877603,CENTER,0.0,0.9669558577674897,0.017335371973872186,NORMAL,STABLE,NORMAL,NO_ACTION,False,0.0
2026-08-21T00:41:52.964891,0.3603417905372627,0.0012233688518325794,0.006666666666666667,False,2,0.09386944770812988,False,0.0,4.436622782419477,15.53192458032845,-1.2483795726922438,CENTER,0.0,0.9656952883873456,0.016616418622565455,NORMAL,STABLE,NORMAL,NO_ACTION,False,0.0
2026-08-21T00:41:53.000334,0.35581864969057375,0.00215886603324771,0.006666666666666667,False,2,0.09386944770812988,False,0.0,5.013105550991668,15.035057679892446,-1.2031960690523817,CENTER,0.0,0.9650518020190327,0.01676850053852699,NORMAL,STABLE,NORMAL,NO_ACTION,False,0.0
2026-08-21T00:41:53.042617,0.3652269421205544,0.0018854633832228252,0.006657789613848202,False,2,0.09386944770812988,False,0.0,4.51337696974889,15.49999685516363,-1.2052085069099974,CENTER,0.0,0.9665914619770233,0.016625657019463856,NORMAL,STABLE,NORMAL,NO_ACTION,False,0.0
2026-08-21T00:41:53.090851,0.3669293592141125,0.003606238266991993,0.006666666666666667,False,2,0.09386944770812988,False,0.0,4.341764685859005,13.88961371978661,-1.2167238762961574,CENTER,0.0,0.9680476385673868,0.015314395413677242,NORMAL,STABLE,NORMAL,NO_ACTION,False,0.0
2026-08-21T00:41:53.154316,0.36718207497769556,0.0014567206306246951,0.006666666666666667,False,2,0.09386944770812988,False,0.0,4.919075692626791,13.846056516446538,-1.2058797320641474,CENTER,0.0,0.9685436358667696,0.0158260981204605,NORMAL,STABLE,NORMAL,NO_ACTION,False,0.0
2026-08-21T00:41:53.186300,0.36260807293100866,0.0022829700166661377,0.006666666666666667,False,2,0.09386944770812988,False,0.0,4.692965417877559,13.633823479162402,-1.236499069775931,CENTER,0.0,0.9685076008444788,0.01548611355706128,NORMAL,STABLE,NORMAL,NO_ACTION,False,0.0
2026-08-21T00:41:53.227808,0.3695978748088045,0.0027593186236605166,0.006657789613848202,False,2,0.09386944770812988,False,0.0,4.488988994490427,13.299608384236649,-1.3417559862950554,CENTER,0.0,0.9675746152692044,0.01515119511621722,NORMAL,STABLE,NORMAL,NO_ACTION,False,0.0
2026-08-21T00:41:53.259712,0.3702533304733813,0.004338119028751267,0.006657789613848202,False,2,0.09386944770812988,False,0.0,4.484693570232167,13.368913525329646,-1.4162204244186114,CENTER,0.0,0.9664394048996913,0.015268286756002456,NORMAL,STABLE,NORMAL,NO_ACTION,False,0.0
2026-08-21T00:41:53.291124,0.35936425940893735,0.0028775288539951735,0.006657789613848202,False,2,0.09386944770812988,False,0.0,4.348965913980891,14.447378699902373,-1.5335811332871572,CENTER,0.0,0.966177662037037,0.016026047215175872,NORMAL,STABLE,NORMAL,NO_ACTION,False,0.0
2026-08-21T00:41:53.321584,0.36808541291924296,0.003546138834849129,0.006648936170212766,False,2,0.09386944770812988,False,0.0,4.656961107026206,12.860114520203098,-1.604195849487411,CENTER,0.0,0.9657957041966735,0.01524781449353598,NORMAL,STABLE,NORMAL,NO_ACTION,False,0.0
2026-08-21T00:41:53.366735,0.3595115953578987,0.0031049334324532375,0.006648936170212766,False,2,0.09386944770812988,False,0.0,4.6865761399882615,13.398199232195651,-1.519905167157873,CENTER,0.0,0.9649867648319617,0.015582260396010596,NORMAL,STABLE,NORMAL,NO_ACTION,False,0.0
2026-08-21T00:41:53.398233,0.3641072612051395,0.0026308236308951465,0.006648936170212766,False,2,0.09386944770812988,False,0.0,4.868401485376722,14.60834799938786,-1.483025241247816,CENTER,0.0,0.9644210819615913,0.016591247493491917,NORMAL,STABLE,NORMAL,NO_ACTION,False,0.0
2026-08-21T00:41:53.445776,0.3600753098153602,0.0016612154331260586,0.006640106241699867,False,2,0.09386944770812988,False,0.0,4.488356306753957,13.048932599090023,-1.6509666514024275,CENTER,0.0,0.963938748499657,0.01526677529256757,NORMAL,STABLE,NORMAL,NO_ACTION,False,0.0
2026-08-21T00:41:53.478137,0.36936082901462614,0.0009280487122345569,0.006640106241699867,False,2,0.09386944770812988,False,0.0,4.388512073836097,11.151062100867762,-1.8166499475680382,CENTER,0.0,0.9628972693758574,0.013965406933996035,NORMAL,STABLE,NORMAL,NO_ACTION,False,0.0
2026-08-21T00:41:53.509315,0.36294505191481086,0.0017888178932450843,0.006640106241699867,False,2,0.09386944770812988,False,0.0,4.9409658712488636,13.553663622192062,-1.6691393284511378,CENTER,0.0,0.9614287953317902,0.016080948329392986,NORMAL,STABLE,NORMAL,NO_ACTION,False,0.0
2026-08-21T00:41:53.540057,0.35981222704403537,0.001398530060251281,0.006631299734748011,False,2,0.09386944770812988,False,0.0,4.892082605854853,13.16855909210932,-1.724410678336966,CENTER,0.0,0.9597698849022633,0.015810199445404086,NORMAL,STABLE,NORMAL,NO_ACTION,False,0.0
2026-08-21T00:41:53.571611,0.3743434742528575,0.0010064709901799924,0.006631299734748011,False,2,0.09386944770812988,False,0.0,5.075860779564209,13.866396113426248,-1.791813126847444,CENTER,0.0,0.9578415423525376,0.016552695503816533,NORMAL,STABLE,NORMAL,NO_ACTION,False,0.0
2026-08-21T00:41:53.602187,0.3708487629183096,0.0017828278950803185,0.006631299734748011,False,2,0.09386944770812988,False,0.0,4.884159047660489,13.74721933501803,-1.757591483743397,CENTER,0.0,0.9558877341606653,0.016250441425650675,NORMAL,STABLE,NORMAL,NO_ACTION,False,0.0
2026-08-21T00:41:53.632657,0.33924301728566353,0.0015291074924070347,0.006622516556291391,False,2,0.09386944770812988,False,0.0,4.869439965552118,13.784135009137714,-1.7826737908281132,CENTER,0.0,0.9548653040337791,0.016286916352555005,NORMAL,STABLE,NORMAL,NO_ACTION,False,0.0
2026-08-21T00:41:53.664931,0.35715462879156923,0.00012847695851649334,0.006622516556291391,False,2,0.09386944770812988,False,0.0,5.038747859568787,13.621503396146664,-1.6480836795542189,CENTER,0.0,0.9545337684327846,0.016203272326672156,NORMAL,STABLE,NORMAL,NO_ACTION,False,0.0
2026-08-21T00:41:53.711542,0.3571886872080057,0.002895967915757323,0.006622516556291391,False,2,0.09386944770812988,False,0.0,5.006200351002207,14.210227525073321,-1.6805289050504655,CENTER,0.0,0.9545900982724623,0.016626439991148958,NORMAL,STABLE,NORMAL,NO_ACTION,False,0.0
2026-08-21T00:41:53.742084,0.3599820752584789,0.003061517997286736,0.006613756613756613,False,2,0.09386944770812988,False,0.0,4.880321651908105,14.953875114115192,-1.5611359327109824,CENTER,0.0,0.9552482129843964,0.016925969771003076,NORMAL,STABLE,NORMAL,NO_ACTION,False,0.0
2026-08-21T00:41:53.772335,0.3707666464543055,0.00016101764701102178,0.006613756613756613,False,2,0.09386944770812988,False,0.0,5.146591709743035,14.966774849925343,-1.6026572068599592,CENTER,0.0,0.9559562140989369,0.017230294605186665,NORMAL,STABLE,NORMAL,NO_ACTION,False,0.0
2026-08-21T00:41:53.818032,0.4197860433297549,0.0019121928104479503,0.006613756613756613,False,2,0.09386944770812988,False,0.0,5.036632430506131,15.958237075441616,-1.415394491902532,CENTER,0.0,0.9559681498628259,0.017658191897070904,NORMAL,STABLE,NORMAL,NO_ACTION,False,0.0
2026-08-21T00:41:53.849171,0.4189763527838152,0.003234185477116122,0.0066050198150594455,False,2,0.09386944770812988,False,0.0,5.423789408207881,15.890544838992355,-1.3843393838571103,CENTER,0.0,0.9548102200145747,0.01795088554548164,NORMAL,STABLE,NORMAL,NO_ACTION,False,0.0
2026-08-21T00:41:53.880798,0.4260094724064927,0.0016614405718231608,0.0066050198150594455,False,2,0.09386944770812988,False,0.0,5.35982730827169,14.273911679575605,-1.3148308428539508,CENTER,0.0,0.9538363366983882,0.016660654555022292,NORMAL,STABLE,NORMAL,NO_ACTION,False,0.0
2026-08-21T00:41:53.926903,0.41979989414527247,0.0014438719641236431,0.0066050198150594455,False,2,0.09386944770812988,False,0.0,5.415043695779474,14.354737539203796,-1.1786114088644126,CENTER,0.0,0.953075582454561,0.01664111467098162,NORMAL,STABLE,NORMAL,NO_ACTION,False,0.0
2026-08-21T00:41:53.975813,0.41617851877918033,0.003473645331860578,0.006596306068601583,False,2,0.09386944770812988,False,0.0,6.921728683069915,14.452939420082089,-1.0869360542058075,CENTER,0.0,0.9519491598079561,0.018068153579582587,NORMAL,STABLE,NORMAL,NO_ACTION,False,0.0
2026-08-21T00:41:54.031080,0.41818916990612437,0.0023326540649721787,0.0066050198150594455,False,2,0.09386944770812988,False,0.0,7.9727963579923085,12.686064568933489,-1.0201581390275862,CENTER,0.0,0.9513964441872428,0.017741397138206542,NORMAL,STABLE,NORMAL,NO_ACTION,False,0.0
2026-08-21T00:41:54.085035,0.40118343966679615,0.0020699801855892535,0.0066050198150594455,False,2,0.09386944770812988,False,0.0,9.20390997548219,11.041455600302669,-0.7830440683216295,CENTER,0.0,0.9574130069015776,0.01751185212935416,NORMAL,STABLE,NORMAL,NO_ACTION,False,0.0
2026-08-21T00:41:54.130792,0.4169156329887016,0.0024690665654238824,0.0066050198150594455,False,2,0.09386944770812988,False,0.0,8.236477495601434,11.106073066439336,-0.6525946935970808,CENTER,0.0,0.9596029851466049,0.016505873366388514,NORMAL,STABLE,NORMAL,NO_ACTION,False,0.0
2026-08-21T00:41:54.178135,0.41423046617869064,0.0006079622030778399,0.0066050198150594455,False,2,0.09386944770812988,False,0.0,8.408287854731782,11.421892489843714,-0.5424532576620322,CENTER,0.0,0.9608089259687927,0.016792049261659486,NORMAL,STABLE,NORMAL,NO_ACTION,False,0.0
2026-08-21T00:41:54.225123,0.41137940377645793,0.0010948479508834992,0.0066050198150594455,False,2,0.09386944770812988,False,0.0,7.822621476801146,8.955483453648753,-0.7165738288818488,CENTER,0.0,0.9615335246270575,0.01462430386536951,NORMAL,STABLE,NORMAL,NO_ACTION,False,0.0
2026-08-21T00:41:54.272699,0.39944218314363567,0.0022894130410672673,0.0066050198150594455,False,2,0.09386944770812988,False,0.0,7.559933593196632,9.636919615276497,-0.778135941955469,CENTER,0.0,0.9615538730281207,0.014921424985856576,NORMAL,STABLE,NORMAL,NO_ACTION,False,0.0
2026-08-21T00:41:54.336605,0.40288623944324403,0.0008168083741881887,0.0066050198150594455,False,2,0.09386944770812988,False,0.0,7.411340814914382,11.239460719084718,-0.656034448704105,CENTER,0.0,0.9628657487782922,0.015814089658584083,NORMAL,STABLE,NORMAL,NO_ACTION,False,0.0
2026-08-21T00:41:54.372947,0.40809009627939674,0.0010954726173110607,0.0066050198150594455,False,2,0.09386944770812988,False,0.0,5.579843047535945,11.812865620869161,-0.7515860983918401,CENTER,0.0,0.9689325997728052,0.014562253767091608,NORMAL,STABLE,NORMAL,NO_ACTION,False,0.0
2026-08-21T00:41:54.430782,0.4106625141726182,0.00245362129766794,0.0066050198150594455,False,2,0.09386944770812988,False,0.0,6.168891499618354,9.054387604276059,-0.7792526995681612,CENTER,0.0,0.9684062339248971,0.013170220821466594,NORMAL,STABLE,NORMAL,NO_ACTION,False,0.0
2026-08-21T00:41:54.479100,0.4003316057329753,0.0010031480227049743,0.0066050198150594455,False,2,0.09386944770812988,False,0.0,5.920896315968292,10.721632407683842,-0.6815429365418879,CENTER,0.0,0.9674743602109054,0.014037498835817315,NORMAL,STABLE,NORMAL,NO_ACTION,False,0.0
2026-08-21T00:41:54.518446,0.41481670244895996,0.0005982159157588814,0.0066050198150594455,False,2,0.09386944770812988,False,0.0,5.678273017159597,11.170839316528259,-0.4675166604743879,CENTER,0.0,0.9665614953060698,0.013922711182164005,NORMAL,STABLE,NORMAL,NO_ACTION,False,0.0
2026-08-21T00:41:54.556018,0.4220424447547852,0.001498990235682441,0.0066050198150594455,False,2,0.09386944770812988,False,0.0,6.0810182015046905,11.363465387637689,-0.17742772757702596,CENTER,0.0,0.9674654117369685,0.014169193435111966,NORMAL,STABLE,NORMAL,NO_ACTION,False,0.0
2026-08-21T00:41:54.604408,0.46330894236265774,0.002714706719932768,0.0066050198150594455,False,2,0.09386944770812988,False,0.0,5.685024537314064,10.5495385325558,-0.1667319701628287,CENTER,0.0,0.9690076705032579,0.013194162481553912,NORMAL,STABLE,NORMAL,NO_ACTION,False,0.0
2026-08-21T00:41:54.648453,0.4636557055389319,0.0019718596335227285,0.0066050198150594455,False,2,0.09386944770812988,False,0.0,6.357211641271618,11.469924919874614,0.09294422241652,CENTER,0.0,0.9695335139103224,0.014429507197345105,NORMAL,STABLE,NORMAL,NO_ACTION,False,0.0
2026-08-21T00:41:54.704185,0.47512789797054394,0.0008990893577339219,0.0066050198150594455,False,2,0.09386944770812988,False,0.0,6.072023220659759,12.619285589848687,0.09390674687912792,CENTER,0.0,0.9698099788880316,0.014983384379884916,NORMAL,STABLE,NORMAL,NO_ACTION,False,0.0
2026-08-21T00:41:54.761072,0.462636565821299,0.0033462867208325854,0.0066050198150594455,False,2,0.09386944770812988,False,0.0,6.015178487193907,12.06880119368111,0.06985967866160081,CENTER,0.0,0.968784682034465,0.014510067945296707,NORMAL,STABLE,NORMAL,NO_ACTION,False,0.0
2026-08-21T00:41:54.817555,0.48786938058544205,0.0022070194768298605,0.0066050198150594455,False,2,0.09386944770812988,False,0.0,5.931956297610384,11.805046317166585,0.040251323227408875,CENTER,0.0,0.9688888219092935,0.01421228025671809,NORMAL,STABLE,NORMAL,NO_ACTION,False,0.0
2026-08-21T00:41:54.882006,0.4775833519457068,0.0007980516277273213,0.006613756613756613,False,2,0.09386944770812988,False,0.0,5.674097411151649,11.997648052021987,-0.14595328019930776,CENTER,0.0,0.9684184376071674,0.014204893597737854,NORMAL,STABLE,NORMAL,NO_ACTION,False,0.0
2026-08-21T00:41:54.929104,0.48576987262730476,0.0015048147669383628,0.0066050198150594455,False,2,0.09386944770812988,False,0.0,6.362876241460839,13.108637611204188,-0.15767350843992745,CENTER,0.0,0.968289622449417,0.015675146626696557,NORMAL,STABLE,NORMAL,NO_ACTION,False,0.0
2026-08-21T00:41:54.975688,0.5024371094599197,0.0018012028705487728,0.006613756613756613,False,2,0.09386944770812988,False,0.0,6.553452364155845,12.576823632166224,-0.10736184827564443,CENTER,0.0,0.9656029503172153,0.015427255015435097,NORMAL,STABLE,NORMAL,NO_ACTION,False,0.0
2026-08-21T00:41:55.031630,0.5197748214221257,0.001027604953626465,0.0066050198150594455,False,2,0.09386944770812988,False,0.0,6.190512582475208,13.900572685787836,-0.21379363528998852,CENTER,0.0,0.9657901448902606,0.01613308000463327,NORMAL,STABLE,NORMAL,NO_ACTION,False,0.0
2026-08-21T00:41:55.084600,0.5123185581644879,0.00163988410269857,0.0066050198150594455,False,2,0.09386944770812988,False,0.0,6.221938945379435,15.288057716788842,-0.16860144833879076,CENTER,0.0,0.9662211585862482,0.017117422265307925,NORMAL,STABLE,NORMAL,NO_ACTION,False,0.0
2026-08-21T00:41:55.131300,0.5074743508142522,0.0001541537413494548,0.0066050198150594455,False,2,0.09386944770812988,False,0.0,6.206295673173827,14.652704017571153,-0.27493143985614665,CENTER,0.0,0.9665789501886145,0.016747564826866384,NORMAL,STABLE,NORMAL,NO_ACTION,False,0.0
2026-08-21T00:41:55.179075,0.5244290312223686,0.002023283753999688,0.0066050198150594455,False,2,0.09386944770812988,False,0.0,5.786269442204457,15.1446816644293,-0.49887294390163106,CENTER,0.0,0.9678510936428326,0.01691330631622734,NORMAL,STABLE,NORMAL,NO_ACTION,False,0.0
2026-08-21T00:41:55.217858,0.5348732615914321,0.002638902956975612,0.0066050198150594455,False,2,0.09386944770812988,False,0.0,5.750766392177525,15.461325010495983,-0.4728235846700386,CENTER,0.0,0.969287899734225,0.0170819539069207,NORMAL,STABLE,NORMAL,NO_ACTION,False,0.0
2026-08-21T00:41:55.265430,0.5132231306416212,0.0029355544640271222,0.0066050198150594455,False,2,0.09386944770812988,False,0.0,5.521796135401843,14.338233513060459,-0.7509965740809719,CENTER,0.0,0.970455796146262,0.016321668521748132,NORMAL,STABLE,NORMAL,NO_ACTION,False,0.0
2026-08-21T00:41:55.319703,0.5362189101761369,0.00023790652356128758,0.0066050198150594455,False,2,0.09386944770812988,False,0.0,6.5215948630662695,17.27856307246668,-0.08902208453648086,CENTER,0.0,0.9612841595936216,0.018759471178342514,NORMAL,STABLE,NORMAL,NO_ACTION,False,0.0
2026-08-21T00:41:55.409130,0.5095141438915873,0.0016039014962788895,0.006613756613756613,False,2,0.09386944770812988,False,0.0,6.001231473589797,16.693557414918246,-0.5021715223545016,CENTER,0.0,0.9594359246399177,0.01823610297415798,NORMAL,STABLE,NORMAL,NO_ACTION,False,0.0
2026-08-21T00:41:55.460163,0.48964217775624436,0.0020601912014103444,0.006613756613756613,False,2,0.09386944770812988,False,0.0,5.676348505441268,15.393546821070998,-0.8600619441519939,CENTER,0.0,0.965434081361454,0.017333095966828898,NORMAL,STABLE,NORMAL,NO_ACTION,False,0.0
2026-08-21T00:41:55.492851,0.5135600724226939,0.0011288142102566197,0.006613756613756613,False,2,0.09386944770812988,False,0.0,5.692547849680011,17.124894275040845,-0.45224047795133515,CENTER,0.0,0.9663463702417696,0.01820244438980669,NORMAL,STABLE,NORMAL,NO_ACTION,False,0.0
2026-08-21T00:41:55.554108,0.5091633416256168,0.0020600265748430048,0.006613756613756613,False,2,0.09386944770812988,False,0.0,5.888215205933022,16.346845731159334,-0.4209583345278247,CENTER,0.0,0.963849250364369,0.01780064367992451,NORMAL,STABLE,NORMAL,NO_ACTION,False,0.0
2026-08-21T00:41:55.599077,0.522277031774404,0.003794374147519006,0.006613756613756613,False,2,0.09386944770812988,False,0.0,5.989466808313466,15.732460669284933,-0.6392284572600317,CENTER,0.0,0.9623862686471194,0.01766522426517727,NORMAL,STABLE,NORMAL,NO_ACTION,False,0.0
2026-08-21T00:41:55.646527,0.5232156614364916,0.0015834579344015812,0.0066050198150594455,False,2,0.09386944770812988,False,0.0,5.534479989820653,16.300682521015176,-0.6414150599418633,CENTER,0.0,0.9615196866426612,0.017639692927735325,NORMAL,STABLE,NORMAL,NO_ACTION,False,0.0
2026-08-21T00:41:55.692906,0.5278546653064491,0.0009145132192110449,0.0066050198150594455,False,2,0.09386944770812988,False,0.0,5.630264882189209,16.590503925826624,-0.6716561234042047,CENTER,0.0,0.96152243280607,0.017968870453123943,NORMAL,STABLE,NORMAL,NO_ACTION,False,0.0
2026-08-21T00:41:55.727679,0.5274470968990563,0.0007461886748387605,0.0066050198150594455,False,2,0.09386944770812988,False,0.0,5.732521818193987,15.317383687623675,-0.7023880128247981,CENTER,0.0,0.9620012029535322,0.017181039090553546,NORMAL,STABLE,NORMAL,NO_ACTION,False,0.0
2026-08-21T00:41:55.770029,0.5261705489459266,0.0038312498895292264,0.006596306068601583,False,2,0.09386944770812988,False,0.0,5.951890240292755,16.115147454194783,-0.8244465690233937,CENTER,0.0,0.9634827782064471,0.0180818885751272,NORMAL,STABLE,NORMAL,NO_ACTION,False,0.0
2026-08-21T00:41:55.816116,0.5246718488448263,0.002725508118521413,0.006596306068601583,False,2,0.09386944770812988,False,0.0,5.907998465101798,17.395558170330588,-0.7145808640849793,CENTER,0.0,0.9659102125128601,0.018855052507736985,NORMAL,STABLE,NORMAL,NO_ACTION,False,0.0
2026-08-21T00:41:55.863227,0.5280733104296693,0.0027293273457984846,0.006596306068601583,False,2,0.09386944770812988,False,0.0,5.2036444600872755,16.098022719628347,-0.5854726514283755,CENTER,0.0,0.9640590438528805,0.017123222280052815,NORMAL,STABLE,NORMAL,NO_ACTION,False,0.0
2026-08-21T00:41:55.909701,0.5265267191229686,0.0018572125027215404,0.006596306068601583,False,2,0.09386944770812988,False,0.0,5.8931137069947965,16.43936617954904,-0.7847249140195629,CENTER,0.0,0.963073358731996,0.01822056608387255,NORMAL,STABLE,NORMAL,NO_ACTION,False,0.0
2026-08-21T00:41:55.954537,0.5234616084505876,0.004540880455750011,0.006596306068601583,False,2,0.09386944770812988,False,0.0,6.083786867783971,17.18652344903282,-0.6868433114587731,CENTER,0.0,0.9638115676440329,0.01884668849029986,NORMAL,STABLE,NORMAL,NO_ACTION,False,0.0
2026-08-21T00:41:56.002041,0.5378665024209945,0.0038635027873635238,0.006587615283267457,False,2,0.09386944770812988,False,0.0,5.476384601183753,17.615416004792593,-0.6876010211180983,CENTER,0.0,0.9644557773919752,0.018573509706741546,NORMAL,STABLE,NORMAL,NO_ACTION,False,0.0
2026-08-21T00:41:56.049426,0.5249412047131015,0.0024379598908863503,0.006587615283267457,False,2,0.09386944770812988,False,0.0,5.57295884642906,16.692445368622174,-0.6949659738226046,CENTER,0.0,0.964543801976166,0.018009572750666773,NORMAL,STABLE,NORMAL,NO_ACTION,False,0.0
2026-08-21T00:41:56.096584,0.5365163509270843,0.004857034650076638,0.006587615283267457,False,2,0.09386944770812988,False,0.0,5.297637368988944,17.587334967972907,-0.5900808259580117,CENTER,0.0,0.9643197150420096,0.01828848920524558,NORMAL,STABLE,NORMAL,NO_ACTION,False,0.0
2026-08-21T00:41:56.142657,0.5202730206669612,0.002787106395803059,0.006587615283267457,False,2,0.09386944770812988,False,0.0,5.626135298440687,17.358351827431363,-0.6385784046641731,CENTER,0.0,0.9633078944830247,0.018485250833155747,NORMAL,STABLE,NORMAL,NO_ACTION,False,0.0
2026-08-21T00:41:56.178238,0.5104260456830813,0.002669539137764213,0.006587615283267457,False,2,0.09386944770812988,False,0.0,5.220067616496863,16.205345456444547,-0.7406237867076015,CENTER,0.0,0.9620203725137174,0.0173648545055265,NORMAL,STABLE,NORMAL,NO_ACTION,False,0.0
2026-08-21T00:41:56.211617,0.5209439636825547,0.003011372998403267,0.006578947368421052,False,2,0.09386944770812988,False,0.0,5.674877604198315,16.948281802165894,-0.6831479153502471,CENTER,0.0,0.9609692215363512,0.01827987848217018,NORMAL,STABLE,NORMAL,NO_ACTION,False,0.0
2026-08-21T00:41:56.258948,0.5197254572405877,0.0015429505191119177,0.006578947368421052,False,2,0.09386944770812988,False,0.0,5.694814530777705,17.047414021531694,-0.6174204274582848,CENTER,0.0,0.9611768984696502,0.018307254920978854,NORMAL,STABLE,NORMAL,NO_ACTION,False,0.0
2026-08-21T00:41:56.299821,0.5231452754618986,0.0016893857477281679,0.006578947368421052,False,2,0.09386944770812988,False,0.0,6.037719472858157,17.19756760409308,-0.6473551251356184,CENTER,0.0,0.9617278726208848,0.018772614667686222,NORMAL,STABLE,NORMAL,NO_ACTION,False,0.0
2026-08-21T00:41:56.354430,0.513075548456426,0.00470135843370429,0.006578947368421052,False,2,0.09386944770812988,False,0.0,5.919405357385159,16.962210361350913,-0.3781990379328306,CENTER,0.0,0.9616943828232168,0.018231972447027702,NORMAL,STABLE,NORMAL,NO_ACTION,False,0.0
2026-08-21T00:41:56.392861,0.5308002593377279,0.0015769279950803234,0.006578947368421052,False,2,0.09386944770812988,False,0.0,5.663537303736035,16.609502646277548,-0.6619662948226903,CENTER,0.0,0.9611460074802812,0.018005136071105512,NORMAL,STABLE,NORMAL,NO_ACTION,False,0.0
2026-08-21T00:41:56.431110,0.53211036527033,0.0017162926740379315,0.006570302233902759,False,2,0.09386944770812988,False,0.0,5.658165794329619,16.22398663380133,-0.49880907658257456,CENTER,0.0,0.9606989320773321,0.01756641510317168,NORMAL,STABLE,NORMAL,NO_ACTION,False,0.0
2026-08-21T00:41:56.470980,0.5186727088511334,0.00257946497895571,0.006570302233902759,False,2,0.09386944770812988,False,0.0,6.627168493792851,16.15090851921542,-0.3910710276288967,CENTER,0.0,0.9595939429012346,0.018339488454829318,NORMAL,STABLE,NORMAL,NO_ACTION,False,0.0
2026-08-21T00:41:56.517647,0.5135445023824693,0.002151525343874335,0.006570302233902759,False,2,0.09386944770812988,False,0.0,6.324118998643996,16.247573933668804,-0.4864207889042973,CENTER,0.0,0.9588391096536352,0.018209884323816893,NORMAL,STABLE,NORMAL,NO_ACTION,False,0.0
2026-08-21T00:41:56.565051,0.5204011972137338,0.0016352269438204862,0.006570302233902759,False,2,0.09386944770812988,False,0.0,6.88576948882411,16.390602365815425,-0.4485566446043663,CENTER,0.0,0.9587583992412553,0.01881481978088806,NORMAL,STABLE,NORMAL,NO_ACTION,False,0.0
2026-08-21T00:41:56.611805,0.5179024111757566,0.0016879515199299858,0.006570302233902759,False,2,0.09386944770812988,False,0.0,6.755333275679789,17.332675635045717,-0.31254627936067436,CENTER,0.0,0.9587537240655006,0.01923671016074704,NORMAL,STABLE,NORMAL,NO_ACTION,False,0.0
2026-08-21T00:41:56.643458,0.5286805547702201,0.001481564990509246,0.006570302233902759,False,2,0.09386944770812988,False,0.0,6.922549373631512,16.823316839004804,-0.44678940767019526,CENTER,0.0,0.9591085685656722,0.019159485012297025,NORMAL,STABLE,NORMAL,NO_ACTION,False,0.0
2026-08-21T00:41:56.688986,0.5265750700154362,0.0022203019010198573,0.006570302233902759,False,2,0.09386944770812988,False,0.0,6.663897202996253,16.948073220686013,-0.37817486366299136,CENTER,0.0,0.9600044206532922,0.01893545941646286,NORMAL,STABLE,NORMAL,NO_ACTION,False,0.0
2026-08-21T00:41:56.765177,0.5111134818641963,0.0021710619790226565,0.006570302233902759,False,2,0.09386944770812988,False,0.0,6.113594604233015,16.24020353099246,-0.2799644114832631,CENTER,0.0,0.958697206682956,0.01780486521163981,NORMAL,STABLE,NORMAL,NO_ACTION,False,0.0
2026-08-21T00:41:56.831004,0.5200730242815333,0.0013309684329970452,0.006570302233902759,False,2,0.09386944770812988,False,0.0,6.202634288497904,14.957526127589801,-0.42927362512230616,CENTER,0.0,0.9576906239283265,0.01711116144683557,NORMAL,STABLE,NORMAL,NO_ACTION,False,0.0
2026-08-21T00:41:56.880151,0.5245523535660762,0.0011898941113263626,0.006561679790026247,False,2,0.09386944770812988,False,0.0,6.144575808563928,15.55177402770002,-0.2953249029606013,CENTER,0.0,0.9570904465663581,0.017354339307650977,NORMAL,STABLE,NORMAL,NO_ACTION,False,0.0
2026-08-21T00:41:56.924709,0.5062707839647873,0.0014139005568671761,0.006561679790026247,False,2,0.09386944770812988,False,0.0,6.835038969274763,16.434858333344465,-0.1207575971590984,CENTER,0.0,0.9569735403806584,0.01848377720966138,NORMAL,STABLE,NORMAL,NO_ACTION,False,0.0
2026-08-21T00:41:56.970459,0.5217482743621283,0.001634965186429447,0.006561679790026247,False,2,0.09386944770812988,False,0.0,6.686672556263289,16.105509213032434,-0.1089041663468322,CENTER,0.0,0.957019689321845,0.01809340261056461,NORMAL,STABLE,NORMAL,NO_ACTION,False,0.0
2026-08-21T00:41:57.017817,0.504940295190325,0.002481438836181191,0.006561679790026247,False,2,0.09386944770812988,False,0.0,6.6181350898802975,15.111910066004327,-0.06927885671871081,CENTER,0.0,0.9598557259516461,0.017275364832864903,NORMAL,STABLE,NORMAL,NO_ACTION,False,0.0
2026-08-21T00:41:57.064282,0.488705549257094,0.004143581093569517,0.00655307994757536,False,2,0.09386944770812988,False,0.0,6.763779504402095,16.519930966612577,0.20453818503048637,CENTER,0.0,0.9602175765174896,0.018556943360201493,NORMAL,STABLE,NORMAL,NO_ACTION,False,0.0
2026-08-21T00:41:57.110898,0.4994650042238389,0.001548361026572101,0.006544502617801047,False,2,0.09386944770812988,False,0.0,6.423069361494356,15.332980654434351,0.12007724254709728,CENTER,0.0,0.9598952707047326,0.01729600897982914,NORMAL,STABLE,NORMAL,NO_ACTION,False,0.0
2026-08-21T00:41:57.157695,0.4896867210515509,0.0020128716790459135,0.006535947712418301,False,2,0.09386944770812988,False,0.0,6.179964884836181,15.043371750651232,0.15091953007399184,CENTER,0.0,0.9589132292738339,0.01688431769123177,NORMAL,STABLE,NORMAL,NO_ACTION,False,0.0
2026-08-21T00:41:57.203442,0.4868334441865695,0.0014006642221248583,0.006535947712418301,False,2,0.09386944770812988,False,0.0,5.930885517337941,13.70706870012745,0.12120654887539217,CENTER,0.0,0.958028321652092,0.01565632501127652,NORMAL,STABLE,NORMAL,NO_ACTION,False,0.0
2026-08-21T00:41:57.249947,0.4840510215632795,0.0022245694962226867,0.006527415143603133,False,2,0.09386944770812988,False,0.0,5.780539336003926,14.663166182381616,0.4509742018109648,CENTER,0.0,0.9575989556541495,0.016515709797003234,NORMAL,STABLE,NORMAL,NO_ACTION,False,0.0
2026-08-21T00:41:57.297557,0.4667158921396854,0.001289436446802865,0.00651890482398957,False,2,0.09386944770812988,False,0.0,5.946660259884624,13.197837614185204,0.21652881325690032,CENTER,0.0,0.9569702985682442,0.015396709378787338,NORMAL,STABLE,NORMAL,NO_ACTION,False,0.0
2026-08-21T00:41:57.345007,0.4727861017744803,0.0009488537863591744,0.00651890482398957,False,2,0.09386944770812988,False,0.0,6.323898406494351,12.694923873328406,0.22291906573391884,CENTER,0.0,0.9560310035150892,0.015402885764659723,NORMAL,STABLE,NORMAL,NO_ACTION,False,0.0
2026-08-21T00:41:57.391343,0.4826970187721377,0.0006213898773146345,0.006510416666666667,False,2,0.09386944770812988,False,0.0,5.2941670420174205,11.415175190032926,0.45254314512351357,CENTER,0.0,0.9557867021390604,0.013715817636280776,NORMAL,STABLE,NORMAL,NO_ACTION,False,0.0
2026-08-21T00:41:57.438961,0.4652669600668906,0.0008902115031407062,0.006510416666666667,False,2,0.09386944770812988,False,0.0,5.978004617615909,14.273229335614218,0.590305460349839,CENTER,0.0,0.9566277381258573,0.016558218115593947,NORMAL,STABLE,NORMAL,NO_ACTION,False,0.0
2026-08-21T00:41:57.484902,0.4760574415591585,0.0014946009252031363,0.006501950585175552,False,2,0.09386944770812988,False,0.0,5.662537312801362,11.057254795804226,0.3680623653403643,CENTER,0.0,0.9570642977323388,0.013730627322435194,NORMAL,STABLE,NORMAL,NO_ACTION,False,0.0
2026-08-21T00:41:57.530925,0.4866866107578006,0.001156283079634086,0.006501950585175552,False,2,0.09386944770812988,False,0.0,6.406871486455572,12.563929363337508,0.5109407549498997,CENTER,0.0,0.9572269643775719,0.01566434439241783,NORMAL,STABLE,NORMAL,NO_ACTION,False,0.0
2026-08-21T00:41:57.576921,0.48579452214247076,0.0004160884724882688,0.006501950585175552,False,2,0.09386944770812988,False,0.0,6.504239389439192,9.411427110818124,0.5359173063320668,CENTER,0.0,0.957077707047325,0.013515119591959333,NORMAL,STABLE,NORMAL,NO_ACTION,False,0.0
2026-08-21T00:41:57.626145,0.4743868129800077,0.0006474175333764636,0.006501950585175552,False,2,0.09386944770812988,False,0.0,6.545606834468941,10.606793429573429,0.5378960385602056,CENTER,0.0,0.9563899739583334,0.014416085176235417,NORMAL,STABLE,NORMAL,NO_ACTION,False,0.0
2026-08-21T00:41:57.686074,0.48243195917624637,0.00044310159148990697,0.006501950585175552,False,2,0.09386944770812988,False,0.0,6.029745467849978,7.658752951549559,0.590991993720877,CENTER,0.0,0.9537828066057956,0.011852969405452139,NORMAL,STABLE,NORMAL,NO_ACTION,False,0.0
2026-08-21T00:41:57.801705,0.4423655144171681,0.0026838699697935373,0.006510416666666667,False,2,0.09386944770812988,False,0.0,5.904654375608885,12.312798145624612,0.8502106458974197,CENTER,0.0,0.958153493119856,0.015327590408537898,NORMAL,STABLE,NORMAL,NO_ACTION,False,0.0
2026-08-21T00:41:57.861435,0.44853535250693755,0.0036145886264615126,0.006510416666666667,False,2,0.09386944770812988,False,0.0,5.903763634918079,10.093947809632567,0.6411328779993539,CENTER,0.0,0.9587438780649862,0.013531061531290672,NORMAL,STABLE,NORMAL,NO_ACTION,False,0.0
2026-08-21T00:41:57.918977,0.46002000947469585,0.0011215693527506032,0.006510416666666667,False,2,0.09386944770812988,False,0.0,5.880935230773929,9.656679215321276,0.807920301405062,CENTER,0.0,0.9582908280821331,0.013354685349051801,NORMAL,STABLE,NORMAL,NO_ACTION,False,0.0
2026-08-21T00:41:57.982041,0.4500711996597313,0.0021942062183891824,0.006510416666666667,False,2,0.09386944770812988,False,0.0,5.91853717117138,9.619738364457078,0.769984541551537,CENTER,0.0,0.9576342940886489,0.013327806566163223,NORMAL,STABLE,NORMAL,NO_ACTION,False,0.0
2026-08-21T00:41:58.030399,0.4395552890975481,0.0019560686917878133,0.006510416666666667,False,2,0.09386944770812988,False,0.0,6.001314309951766,10.171926481008398,0.6100469340869097,CENTER,0.0,0.9575505829903977,0.013650838096099755,NORMAL,STABLE,NORMAL,NO_ACTION,False,0.0
2026-08-21T00:41:58.109865,0.46127331983102315,0.0029346404048910756,0.006510416666666667,False,2,0.09386944770812988,False,0.0,6.341362151406884,9.840571545845023,0.5797662394033409,CENTER,0.0,0.9605569755229766,0.013709553599314502,NORMAL,STABLE,NORMAL,NO_ACTION,False,0.0
2026-08-21T00:41:58.162060,0.4578434583123092,0.001551622182251659,0.006510416666666667,False,2,0.09386944770812988,False,0.0,5.758441083827307,8.811242975564255,0.3756943515666933,CENTER,0.0,0.9620130449459877,0.012215097545772468,NORMAL,STABLE,NORMAL,NO_ACTION,False,0.0
2026-08-21T00:41:58.211886,0.4504625581986466,0.002589487781040861,0.006510416666666667,False,2,0.09386944770812988,False,0.0,5.72974694215398,9.262221261751364,0.32236005393474443,CENTER,0.0,0.9633831393604252,0.012460697373980367,NORMAL,STABLE,NORMAL,NO_ACTION,False,0.0
2026-08-21T00:41:58.264096,0.46053237557974636,0.0018017245755990296,0.006510416666666667,False,2,0.09386944770812988,False,0.0,5.820684977298782,11.059221645360424,0.21853396881229514,CENTER,0.0,0.964654800561557,0.013740303876378679,NORMAL,STABLE,NORMAL,NO_ACTION,False,0.0
2026-08-21T00:41:58.315765,0.43077053048871844,0.0003817375139361147,0.006510416666666667,False,2,0.09386944770812988,False,0.0,5.761045990905217,9.36608693681356,0.30121414250791645,CENTER,0.0,0.965109417866941,0.012545104897277242,NORMAL,STABLE,NORMAL,NO_ACTION,False,0.0
2026-08-21T00:41:58.375892,0.4147901884766899,0.002550349638890702,0.006510416666666667,False,2,0.09386944770812988,False,0.0,5.818191255472556,12.705648148160861,0.6538396498677344,CENTER,0.0,0.9657440495327503,0.015338905200964731,NORMAL,STABLE,NORMAL,NO_ACTION,False,0.0
2026-08-21T00:41:58.444296,0.43383963386800517,0.001590452492282554,0.00651890482398957,False,2,0.09386944770812988,False,0.0,5.3571211343735,11.620741053994692,0.8357887531773827,CENTER,0.0,0.9663342603309327,0.01429133964780095,NORMAL,STABLE,NORMAL,NO_ACTION,False,0.0
2026-08-21T00:41:58.495029,0.43278177345797253,0.0010973627708246879,0.006510416666666667,False,2,0.09386944770812988,False,0.0,5.696687130582632,12.221306571840955,0.941334977651195,CENTER,0.0,0.9667716638803154,0.015149805874358165,NORMAL,STABLE,NORMAL,NO_ACTION,False,0.0
2026-08-21T00:41:58.546454,0.4789174632396791,0.0011475545260448954,0.006510416666666667,False,2,0.09386944770812988,False,0.0,5.939603029684946,10.543721597706337,1.1780223678752577,CENTER,0.0,0.9636653377914952,0.014403449460064447,NORMAL,STABLE,NORMAL,NO_ACTION,False,0.0
2026-08-21T00:41:58.595735,0.4841047225955203,0.0033007219316248805,0.006510416666666667,False,2,0.09386944770812988,False,0.0,6.247345755371782,12.313925484735051,1.2777494561891842,CENTER,0.0,0.9625612863297325,0.016066747936926782,NORMAL,STABLE,NORMAL,NO_ACTION,False,0.0
2026-08-21T00:41:58.645803,0.5025446295367838,0.003555677131508557,0.006501950585175552,False,2,0.09386944770812988,False,0.0,5.907243987946572,11.285544769339225,1.3696783915718527,CENTER,0.0,0.9626635909636488,0.015089489370087257,NORMAL,STABLE,NORMAL,NO_ACTION,False,0.0
2026-08-21T00:41:58.703365,0.5008489869619538,0.001702891864551005,0.006501950585175552,False,2,0.09386944770812988,False,0.0,5.645581306526452,9.495740075579278,1.1785614284932535,CENTER,0.0,0.9626594784164952,0.01336866454978177,NORMAL,STABLE,NORMAL,NO_ACTION,False,0.0
2026-08-21T00:41:58.764924,0.48905477524956836,0.0033638696752124656,0.006501950585175552,False,2,0.09386944770812988,False,0.0,5.875219700942978,11.256426737396453,1.1695954393964882,CENTER,0.0,0.9626305834190673,0.014846055523072317,NORMAL,STABLE,NORMAL,NO_ACTION,False,0.0
2026-08-21T00:41:58.813112,0.5259931161533398,0.0003818440511052805,0.006493506493506494,False,2,0.09386944770812988,False,0.0,6.414775680993614,7.509925461522528,1.2228288536958303,CENTER,0.0,0.9602619170096023,0.012720743785546383,NORMAL,STABLE,NORMAL,NO_ACTION,False,0.0
2026-08-21T00:41:58.860285,0.48912900530907066,0.0043287771228459745,0.006493506493506494,False,2,0.09386944770812988,False,0.0,5.696234019623461,7.784111415589933,1.268044585945404,CENTER,0.0,0.9596079952203361,0.012272416892363787,NORMAL,STABLE,NORMAL,NO_ACTION,False,0.0
2026-08-21T00:41:58.911200,0.5026888874720119,0.0024535700970196275,0.006493506493506494,False,2,0.09386944770812988,False,0.0,6.594134698512676,9.006327962834831,1.467816703670735,CENTER,0.0,0.9590361636231138,0.014203370032017854,NORMAL,STABLE,NORMAL,NO_ACTION,False,0.0
2026-08-21T00:41:58.969708,0.5121899959809056,0.0026801681543929096,0.006493506493506494,False,2,0.09386944770812988,False,0.0,6.91204753238307,8.829288639976511,1.3578396433794353,CENTER,0.0,0.9595671510631002,0.014275415269123641,NORMAL,STABLE,NORMAL,NO_ACTION,False,0.0
2026-08-21T00:41:59.016141,0.5105277456790445,0.004473716154387688,0.006493506493506494,False,2,0.09386944770812988,False,0.0,6.95948253885561,4.159289366335372,1.1056160745460772,CENTER,0.0,0.9613014001414609,0.010721587975571711,NORMAL,STABLE,NORMAL,NO_ACTION,False,0.0
2026-08-21T00:41:59.060435,0.5167788468337418,0.004128375181748473,0.006493506493506494,False,2,0.09386944770812988,False,0.0,6.1910894045697376,8.338470507334392,1.290810610227851,CENTER,0.0,0.9621952830289782,0.013167170531440715,NORMAL,STABLE,NORMAL,NO_ACTION,False,0.0
2026-08-21T00:41:59.113327,0.5123108971947369,0.0015801491491745962,0.006493506493506494,False,2,0.09386944770812988,False,0.0,6.307709540156964,8.709926119742391,1.2218413115676583,CENTER,0.0,0.9590652595593279,0.013479908484256694,NORMAL,STABLE,NORMAL,NO_ACTION,False,0.0
2026-08-21T00:41:59.172215,0.5108986694778458,0.003314092052333136,0.006493506493506494,False,2,0.09386944770812988,False,0.0,6.628581055220138,6.078190029663148,1.0572205311041216,CENTER,0.0,0.9591658897033609,0.01173759348098369,NORMAL,STABLE,NORMAL,NO_ACTION,False,0.0
2026-08-21T00:41:59.230244,0.5031295377042968,0.004349132267635072,0.006493506493506494,False,2,0.09386944770812988,False,0.0,5.994027961526768,6.4129761381434776,1.3044525290893887,CENTER,0.0,0.9597025570130315,0.011607001179648054,NORMAL,STABLE,NORMAL,NO_ACTION,False,0.0
2026-08-21T00:41:59.296229,0.4966509582743997,0.0015789041654450627,0.006493506493506494,False,2,0.09386944770812988,False,0.0,6.373369637420126,7.691861679999391,1.4520592080259291,CENTER,0.0,0.9602597602666324,0.013031597050971813,NORMAL,STABLE,NORMAL,NO_ACTION,False,0.0
2026-08-21T00:41:59.355333,0.4609151326286312,0.0056939777084431846,0.006501950585175552,False,2,0.09386944770812988,False,0.0,5.2082597647662965,4.0076847160784155,0.5995386758352197,CENTER,0.0,0.9594160718878602,0.008448730436101405,NORMAL,STABLE,NORMAL,NO_ACTION,False,0.0
2026-08-21T00:41:59.423042,0.45294096863762845,0.003921890391668282,0.006501950585175552,False,2,0.09386944770812988,False,0.0,5.780177912422744,4.313612666030622,0.7409174224341939,CENTER,0.0,0.9592121859996571,0.009352449078708405,NORMAL,STABLE,NORMAL,NO_ACTION,False,0.0
2026-08-21T00:41:59.470066,0.4598048382322524,0.0030279699107415322,0.006501950585175552,False,2,0.09386944770812988,False,0.0,5.655901251317317,-1.4400661090417657,0.6736732136204466,CENTER,0.0,0.9589842544367284,0.007102907582911543,NORMAL,STABLE,NORMAL,NO_ACTION,False,0.0
2026-08-21T00:41:59.530706,0.47392273492998216,0.004613252833769337,0.006501950585175552,False,2,0.09386944770812988,False,0.0,5.906901307907475,3.4035143394380327,0.5972005304669494,CENTER,0.0,0.9591526277434843,0.008681839958386268,NORMAL,STABLE,NORMAL,NO_ACTION,False,0.0
2026-08-21T00:41:59.593149,0.4826876947371006,0.0024728490986295143,0.006501950585175552,False,2,0.09386944770812988,False,0.0,5.189460425076078,2.787652148858882,0.5639246400475599,CENTER,0.0,0.9607637817215363,0.007519421868797019,NORMAL,STABLE,NORMAL,NO_ACTION,False,0.0
2026-08-21T00:41:59.651153,0.4895686126074959,0.005276390161484923,0.006510416666666667,False,2,0.09386944770812988,False,0.0,5.530806115308678,0.7118355192673675,0.48863181087759244,CENTER,0.0,0.9602518030907063,0.006282044463791263,NORMAL,STABLE,NORMAL,NO_ACTION,False,0.0
2026-08-21T00:41:59.698879,0.47801297399005604,0.005647067401179602,0.006510416666666667,False,2,0.09386944770812988,False,0.0,5.769821278229841,3.6487506161767556,0.6420588338429525,CENTER,0.0,0.9595428374699931,0.008769749352179432,NORMAL,STABLE,NORMAL,NO_ACTION,False,0.0
2026-08-21T00:41:59.752403,0.49273413423263734,0.003099855204480278,0.006510416666666667,False,2,0.09386944770812988,False,0.0,5.564931358387412,3.569648967768188,0.6370022522974921,CENTER,0.0,0.9594586843064129,0.008511622980533465,NORMAL,STABLE,NORMAL,NO_ACTION,False,0.0
2026-08-21T00:41:59.801762,0.4831634984613844,0.0033561671599796387,0.006510416666666667,False,2,0.09386944770812988,False,0.0,5.725052057276088,1.9319962385448832,0.521340734757672,CENTER,0.0,0.9600366110468107,0.007376844416589687,NORMAL,STABLE,NORMAL,NO_ACTION,False,0.0
2026-08-21T00:41:59.872833,0.4660699535781375,0.0022435155990877986,0.00651890482398957,False,2,0.09386944770812988,False,0.0,5.535720570516901,3.7301611260135132,0.4537649807045625,CENTER,0.0,0.9622661206490056,0.008423369965407197,NORMAL,STABLE,NORMAL,NO_ACTION,False,0.0
2026-08-21T00:41:59.938206,0.4696658761652349,0.0026650955587775825,0.00651890482398957,False,2,0.09386944770812988,False,0.0,5.681080323854019,4.707121835922976,0.6284033547526349,CENTER,0.0,0.962229536394033,0.009432512035820281,NORMAL,STABLE,NORMAL,NO_ACTION,False,0.0
2026-08-21T00:42:00.011781,0.4774218456806751,0.003111708449339833,0.006527415143603133,False,2,0.09386944770812988,False,0.0,5.347316767415151,3.163135278881157,0.6526517622195342,CENTER,0.0,0.961798656657236,0.00802575336616567,NORMAL,STABLE,NORMAL,NO_ACTION,False,0.0
2026-08-21T00:42:00.073333,0.4707316766847587,0.0034874397759851075,0.006527415143603133,False,2,0.09386944770812988,False,0.0,5.653181221327543,2.923015736536712,0.5925676696118956,CENTER,0.0,0.9607122610168038,0.008088724847648077,NORMAL,STABLE,NORMAL,NO_ACTION,False,0.0
2026-08-21T00:42:00.130087,0.4632993014748411,0.005606497395601173,0.006527415143603133,False,2,0.09386944770812988,False,0.0,5.3236315409272095,1.5444059548107987,0.43367105428285413,CENTER,0.0,0.9609373258530521,0.006629340102352922,NORMAL,STABLE,NORMAL,NO_ACTION,False,0.0
2026-08-21T00:42:00.179550,0.46163301376946886,0.0043168161224218194,0.006527415143603133,False,2,0.09386944770812988,False,0.0,5.348127564031785,4.869298513185242,0.5934234048756366,CENTER,0.0,0.9606430978866598,0.009196407267255765,NORMAL,STABLE,NORMAL,NO_ACTION,False,0.0
2026-08-21T00:42:00.250957,0.4616518459008382,0.0036952062919288695,0.006527415143603133,False,2,0.09386944770812988,False,0.0,6.002444069075494,4.833005369017513,0.690979962916856,CENTER,0.0,0.9585820553626542,0.009891063934318984,NORMAL,STABLE,NORMAL,NO_ACTION,False,0.0
2026-08-21T00:42:00.322228,0.45275349467666776,0.004884328218938929,0.006527415143603133,False,2,0.09386944770812988,False,0.0,5.786258356568055,2.502059054221945,0.5485062563417387,CENTER,0.0,0.9589106036736968,0.007871407227829086,NORMAL,STABLE,NORMAL,NO_ACTION,False,0.0
2026-08-21T00:42:00.369817,0.4657299597193675,0.003609191771249262,0.006535947712418301,False,2,0.09386944770812988,False,0.0,5.74842516394844,4.097678396660939,0.6581636788344554,CENTER,0.0,0.9588658746999315,0.009087435646454431,NORMAL,STABLE,NORMAL,NO_ACTION,False,0.0
2026-08-21T00:42:00.415027,0.4620325579075204,0.002797967027174343,0.006535947712418301,False,2,0.09386944770812988,False,0.0,5.2138370133530145,0.5554446270426752,0.5754039796841255,CENTER,0.0,0.9588974086934157,0.005948938483356046,NORMAL,STABLE,NORMAL,NO_ACTION,False,0.0
2026-08-21T00:42:00.458261,0.4720107683975824,0.005998767237728147,0.006527415143603133,False,2,0.09386944770812988,False,0.0,5.649228823131807,4.266848528902699,0.6731839320111419,CENTER,0.0,0.9585655114026064,0.009128369557300191,NORMAL,STABLE,NORMAL,NO_ACTION,False,0.0
2026-08-21T00:42:00.495146,0.460453161650874,0.005547243087913179,0.006527415143603133,False,2,0.09386944770812988,False,0.0,5.923079088076179,5.925667842282792,0.8948715001351388,CENTER,0.0,0.9580243162722908,0.010796010123673861,NORMAL,STABLE,NORMAL,NO_ACTION,False,0.0
2026-08-21T00:42:00.542157,0.45439628210044813,0.004300129830427169,0.006535947712418301,False,2,0.09386944770812988,False,0.0,6.257901665243281,1.7986944344790459,0.733604714191813,CENTER,0.0,0.9575567317172498,0.007995276623811606,NORMAL,STABLE,NORMAL,NO_ACTION,False,0.0
2026-08-21T00:42:00.604962,0.4463974665810757,0.0042937637761381155,0.006535947712418301,False,2,0.09386944770812988,False,0.0,6.252971388804895,5.514159773079939,0.8184825253208032,CENTER,0.0,0.957724234289266,0.01074316437327165,NORMAL,STABLE,NORMAL,NO_ACTION,False,0.0
2026-08-21T00:42:00.672343,0.44298104941290495,0.00620829440661767,0.006544502617801047,False,2,0.09386944770812988,False,0.0,6.067790102659586,6.528642053864644,0.743071845721289,CENTER,0.0,0.958356186771262,0.0112227257844508,NORMAL,STABLE,NORMAL,NO_ACTION,False,0.0
2026-08-21T00:42:00.737960,0.4417965994776311,0.005479595152594863,0.006544502617801047,False,2,0.09386944770812988,False,0.0,5.473360956715766,5.196015438444107,0.7054412512252384,CENTER,0.0,0.9583791875643003,0.009658732170328097,NORMAL,STABLE,NORMAL,NO_ACTION,False,0.0
2026-08-21T00:42:00.791550,0.4432705646914884,0.00425378126652591,0.006544502617801047,False,2,0.09386944770812988,False,0.0,5.8132039949706495,5.497407166257659,0.7242028451692875,CENTER,0.0,0.9591169812028463,0.010219179465199561,NORMAL,STABLE,NORMAL,NO_ACTION,False,0.0
2026-08-21T00:42:00.850876,0.43867792134500894,0.004885673358636237,0.006544502617801047,False,2,0.09386944770812988,False,0.0,6.045540114402002,4.369524919896463,0.748197214322829,CENTER,0.0,0.9595740901491769,0.009654003590860043,NORMAL,STABLE,NORMAL,NO_ACTION,False,0.0
2026-08-21T00:42:00.902774,0.44179269436907886,0.00018732611882597668,0.00655307994757536,False,2,0.09386944770812988,False,0.0,5.50404403448232,2.870462980888732,0.6380441467758544,CENTER,0.0,0.9598861614797668,0.007951572077226313,NORMAL,STABLE,NORMAL,NO_ACTION,False,0.0
2026-08-21T00:42:00.962653,0.4467860709614695,0.006927610921437413,0.00655307994757536,False,2,0.09386944770812988,False,0.0,5.500518060332553,3.383899051522718,0.5845993941955214,CENTER,0.0,0.9598490279921126,0.008266096660119496,NORMAL,STABLE,NORMAL,NO_ACTION,False,0.0
2026-08-21T00:42:01.017059,0.4388030147325904,0.004623456932887664,0.00655307994757536,False,2,0.09386944770812988,False,0.0,5.332766307501686,4.995575199501417,0.7224141148589638,CENTER,0.0,0.960024112654321,0.009396120265085302,NORMAL,STABLE,NORMAL,NO_ACTION,False,0.0
2026-08-21T00:42:01.071243,0.43971791145770633,0.0042847340287044825,0.006561679790026247,False,2,0.09386944770812988,False,0.0,5.888392299445712,5.276155403009,0.8239379709541481,CENTER,0.0,0.9608633000042868,0.010227792161152304,NORMAL,STABLE,NORMAL,NO_ACTION,False,0.0
2026-08-21T00:42:01.132998,0.4375125293875242,0.0011522996013589625,0.006561679790026247,False,2,0.09386944770812988,False,0.0,6.043932996724067,5.212086776283172,0.7961770277545668,CENTER,0.0,0.9610886997385116,0.010304220145847594,NORMAL,STABLE,NORMAL,NO_ACTION,False,0.0
2026-08-21T00:42:01.179578,0.4394815547442399,0.004470463763936687,0.006561679790026247,False,2,0.09386944770812988,False,0.0,5.341998137467954,4.8714466800588525,0.7909776653682172,CENTER,0.0,0.9612786136831275,0.009381452631083522,NORMAL,STABLE,NORMAL,NO_ACTION,False,0.0
2026-08-21T00:42:01.210770,0.4430590202848459,0.004498198050842808,0.00655307994757536,False,2,0.09386944770812988,False,0.0,5.347237522271399,3.798164566394803,0.7717700189927825,CENTER,0.0,0.9610734685785323,0.00859642184110354,NORMAL,STABLE,NORMAL,NO_ACTION,False,0.0
2026-08-21T00:42:01.259089,0.4527666504398811,0.00614567843920132,0.006561679790026247,False,2,0.09386944770812988,False,0.0,5.32966274917672,4.609030300768268,0.7551551290252974,CENTER,0.0,0.9606514167524006,0.009146622801007441,NORMAL,STABLE,NORMAL,NO_ACTION,False,0.0
2026-08-21T00:42:01.320399,0.44959099966751614,0.004879211979817291,0.006561679790026247,False,2,0.09386944770812988,False,0.0,5.231360254916666,5.417062047548853,0.8022050288959406,CENTER,0.0,0.959824433084705,0.009678429630868558,NORMAL,STABLE,NORMAL,NO_ACTION,False,0.0
2026-08-21T00:42:01.367743,0.44082451398822686,0.0035693802946154037,0.006561679790026247,False,2,0.09386944770812988,False,0.0,5.175851973104159,0.23352190056419886,0.7481598239942002,CENTER,0.0,0.9591087561085391,0.005846682827689463,NORMAL,STABLE,NORMAL,NO_ACTION,False,0.0
2026-08-21T00:42:01.415173,0.44384448193129705,0.006045926465218192,0.006561679790026247,False,2,0.09386944770812988,False,0.0,5.535878270988832,5.621590752011173,1.0026604458761028,CENTER,0.0,0.9589224322702332,0.010309546805194464,NORMAL,STABLE,NORMAL,NO_ACTION,False,0.0
2026-08-21T00:42:01.462929,0.4357431505662232,0.004042040059794031,0.006561679790026247,False,2,0.09386944770812988,False,0.0,5.53355006339163,4.15339432790293,0.8209520675108593,CENTER,0.0,0.958433936685528,0.009077562234869415,NORMAL,STABLE,NORMAL,NO_ACTION,False,0.0
2026-08-21T00:42:01.511130,0.4319797380039991,0.0036291710780550542,0.006570302233902759,False,2,0.09386944770812988,False,0.0,5.261858529287224,3.113436440754384,0.6738450225466295,CENTER,0.0,0.9582052951388889,0.0079284174036075,NORMAL,STABLE,NORMAL,NO_ACTION,False,0.0
2026-08-21T00:42:01.550359,0.4455153614465225,0.005251019546169877,0.006570302233902759,False,2,0.09386944770812988,False,0.0,5.589186927449504,5.289754895884187,0.9551840630789457,CENTER,0.0,0.95839283800583,0.01007656285724248,NORMAL,STABLE,NORMAL,NO_ACTION,False,0.0
2026-08-21T00:42:01.598963,0.4245256873222806,0.005696945133477336,0.006570302233902759,False,2,0.09386944770812988,False,0.0,5.751898613412465,6.173731583650408,0.9066144437471166,CENTER,0.0,0.9582971509559328,0.010821518883997497,NORMAL,STABLE,NORMAL,NO_ACTION,False,0.0
2026-08-21T00:42:01.652573,0.42645533111248013,0.004405546196902053,0.006570302233902759,False,2,0.09386944770812988,False,0.0,5.496089217043107,4.122131638212522,0.9455323341533983,CENTER,0.0,0.9574080772033607,0.009138598961081903,NORMAL,STABLE,NORMAL,NO_ACTION,False,0.0
2026-08-21T00:42:01.695150,0.4076685655116643,0.0039078999780888714,0.006570302233902759,False,2,0.09386944770812988,False,0.0,5.784036305307268,4.622027433325542,0.863736772643648,CENTER,0.0,0.9578650521905007,0.00969561918800835,NORMAL,STABLE,NORMAL,NO_ACTION,False,0.0
2026-08-21T00:42:01.731688,0.4127499914347222,0.0017658364237150236,0.006561679790026247,False,2,0.09386944770812988,False,0.0,5.5599193475677,3.221081586133664,0.8414282057742071,CENTER,0.0,0.958609490204904,0.008452178315674398,NORMAL,STABLE,NORMAL,NO_ACTION,False,0.0
2026-08-21T00:42:01.789888,0.41052542144734033,0.004900681505262913,0.006570302233902759,False,2,0.09386944770812988,False,0.0,5.3677821059316955,5.276888961407252,0.9473029224863581,CENTER,0.0,0.9583662203146434,0.009847518016924482,NORMAL,STABLE,NORMAL,NO_ACTION,False,0.0
2026-08-21T00:42:01.837285,0.42188005128984574,0.0026205648342514172,0.006570302233902759,False,2,0.09386944770812988,False,0.0,5.742212855080652,2.0139449346915512,1.002885881062241,CENTER,0.0,0.9576090561771261,0.007913824122769248,NORMAL,STABLE,NORMAL,NO_ACTION,False,0.0
2026-08-21T00:42:01.899724,0.4198129013943278,0.005759609976651096,0.006570302233902759,False,2,0.09386944770812988,False,0.0,5.5589618665306375,6.410269727663831,1.0458916650234187,CENTER,0.0,0.9557377936385459,0.01094014066233736,NORMAL,STABLE,NORMAL,NO_ACTION,False,0.0
2026-08-21T00:42:01.954931,0.41802964934407294,0.004582909933309995,0.006578947368421052,False,2,0.09386944770812988,False,0.0,5.73713612154134,6.7280156778991795,1.1033266052903343,CENTER,0.0,0.956395493076989,0.011394441772358752,NORMAL,STABLE,NORMAL,NO_ACTION,False,0.0
2026-08-21T00:42:01.995078,0.41193517419581477,0.0038592008205073367,0.006570302233902759,False,2,0.09386944770812988,False,0.0,5.98419635590372,7.826501767273072,1.201204040027278,CENTER,0.0,0.956408433534808,0.012514862216578979,NORMAL,STABLE,NORMAL,NO_ACTION,False,0.0
2026-08-21T00:42:02.039696,0.4159446400642762,0.003263705596196996,0.006578947368421052,False,2,0.09386944770812988,False,0.0,5.574356091220494,5.747852300061965,1.1626175415464672,CENTER,0.0,0.9565555609139231,0.010590543915986735,NORMAL,STABLE,NORMAL,NO_ACTION,False,0.0
2026-08-21T00:42:02.101685,0.42950651570772036,0.005521855228083873,0.006578947368421052,False,2,0.09386944770812988,False,0.0,5.600182250366942,7.542061006215306,1.3052055465373087,CENTER,0.0,0.9563983598036694,0.012041940659452986,NORMAL,STABLE,NORMAL,NO_ACTION,False,0.0
2026-08-21T00:42:02.147203,0.4257637210917693,0.006263340011789217,0.006578947368421052,False,2,0.09386944770812988,False,0.0,5.251437100869026,8.3159487777817,1.376821105061424,CENTER,0.0,0.9558583837019891,0.012332672564874416,NORMAL,STABLE,NORMAL,NO_ACTION,False,0.0
2026-08-21T00:42:02.197178,0.4190189596252036,0.004668982877246715,0.006578947368421052,False,2,0.09386944770812988,False,0.0,5.721324672406183,6.983305370480224,1.2232849046243928,CENTER,0.0,0.9563374485596707,0.011677819141943196,NORMAL,STABLE,NORMAL,NO_ACTION,False,0.0
2026-08-21T00:42:02.239992,0.4205459223761335,0.0042584532441461275,0.006578947368421052,False,2,0.09386944770812988,False,0.0,5.779670813255507,8.04831935163989,1.1445880758061548,CENTER,0.0,0.9566967672968107,0.012424007183503909,NORMAL,STABLE,NORMAL,NO_ACTION,False,0.0
2026-08-21T00:42:02.302966,0.4162955328765538,0.004808185177367048,0.006578947368421052,False,2,0.09386944770812988,False,0.0,5.68482845398222,6.591306345842469,1.2477526466357745,CENTER,0.0,0.9567948120284636,0.01138445921220029,NORMAL,STABLE,NORMAL,NO_ACTION,False,0.0
2026-08-21T00:42:02.366213,0.41670494814937786,0.001623040796042286,0.006587615283267457,False,2,0.09386944770812988,False,0.0,5.30434776420816,5.000449933771506,1.1522893799781286,CENTER,0.0,0.9566450456532921,0.009784463663587286,NORMAL,STABLE,NORMAL,NO_ACTION,False,0.0
2026-08-21T00:42:02.415032,0.4174468237516019,0.004799916335454623,0.006587615283267457,False,2,0.09386944770812988,False,0.0,5.938770106823739,7.419378334858209,1.286554662604118,CENTER,0.0,0.9563777702760632,0.012260430825820186,NORMAL,STABLE,NORMAL,NO_ACTION,False,0.0
2026-08-21T00:42:02.461873,0.4180438059464033,0.004372697941136036,0.006587615283267457,False,2,0.09386944770812988,False,0.0,5.818892312302864,6.483484924517484,1.3012758501949122,CENTER,0.0,0.9567358431927298,0.011486762563376449,NORMAL,STABLE,NORMAL,NO_ACTION,False,0.0
2026-08-21T00:42:02.524067,0.4200190267822367,0.00398129513044243,0.006596306068601583,False,2,0.09386944770812988,False,0.0,6.2118070728972725,5.029033739487801,1.097685676099502,CENTER,0.0,0.9574194503386488,0.010622566325903169,NORMAL,STABLE,NORMAL,NO_ACTION,False,0.0
2026-08-21T00:42:02.585068,0.4156459177588602,0.006063652853692806,0.006596306068601583,False,2,0.09386944770812988,False,0.0,5.313860495712561,6.836115871640885,1.3425701913710384,CENTER,0.0,0.9575281850137174,0.01129574671014875,NORMAL,STABLE,NORMAL,NO_ACTION,False,0.0
2026-08-21T00:42:02.637635,0.4096188506737367,0.0036269724394258056,0.006596306068601583,False,2,0.09386944770812988,False,0.0,5.818875176082344,4.295542548507115,1.0678312456002175,CENTER,0.0,0.9580005653077845,0.009689934349777071,NORMAL,STABLE,NORMAL,NO_ACTION,False,0.0
2026-08-21T00:42:02.690195,0.4233234361406526,0.004932682227318683,0.006596306068601583,False,2,0.09386944770812988,False,0.0,5.559389448351595,6.242610121733549,1.2111421568527305,CENTER,0.0,0.9582995622213648,0.010978421016257029,NORMAL,STABLE,NORMAL,NO_ACTION,False,0.0
2026-08-21T00:42:02.758076,0.4184393267206863,0.0034248959150426543,0.0066050198150594455,False,2,0.09386944770812988,False,0.0,6.153549570045527,6.818156861007225,1.0570509184777848,CENTER,0.0,0.9561935094092935,0.011814065313905537,NORMAL,STABLE,NORMAL,NO_ACTION,False,0.0
2026-08-21T00:42:02.803139,0.4290488990005784,0.0044338671802666655,0.0066050198150594455,False,2,0.09386944770812988,False,0.0,5.572635079977601,5.877091715895915,1.1496331169539076,CENTER,0.0,0.9569836810913923,0.010669364428966266,NORMAL,STABLE,NORMAL,NO_ACTION,False,0.0
2026-08-21T00:42:02.865229,0.4216207093608718,0.004739750174207522,0.0066050198150594455,False,2,0.09386944770812988,False,0.0,5.450259585434452,5.301437179579267,1.1627463444555417,CENTER,0.0,0.9572089602623457,0.010150755726389446,NORMAL,STABLE,NORMAL,NO_ACTION,False,0.0
2026-08-21T00:42:02.928013,0.40940043705805407,0.003055188086460831,0.006613756613756613,False,2,0.09386944770812988,False,0.0,5.526179957114977,6.053189221974122,1.1439121638338463,CENTER,0.0,0.9568127625600137,0.010745954197100093,NORMAL,STABLE,NORMAL,NO_ACTION,False,0.0
2026-08-21T00:42:02.986575,0.4348980780913092,0.002221682953394444,0.006613756613756613,False,2,0.09386944770812988,False,0.0,6.329172822920242,-1.499432420401405,0.522503023069163,CENTER,0.0,0.9553706516846707,0.007646078585986494,NORMAL,STABLE,NORMAL,NO_ACTION,False,0.0
2026-08-21T00:42:03.037397,0.4316642792110824,0.002666571158876091,0.006613756613756613,False,2,0.09386944770812988,False,0.0,6.249360922034299,-0.8392572572333847,0.47762185602982754,CENTER,0.0,0.9555312285665295,0.007051911366525561,NORMAL,STABLE,NORMAL,NO_ACTION,False,0.0
2026-08-21T00:42:03.095335,0.4349983008795423,0.002121916114769153,0.006622516556291391,False,2,0.09386944770812988,False,0.0,6.22160812435132,0.05716140546095971,0.48492337629494386,CENTER,0.0,0.955530344435871,0.006470015520885562,NORMAL,STABLE,NORMAL,NO_ACTION,False,0.0
2026-08-21T00:42:03.147371,0.45890635505665056,0.004373385946778709,0.006622516556291391,False,2,0.09386944770812988,False,0.0,5.932781318431523,2.942969005883839,0.6099263536864328,CENTER,0.0,0.9555368548525377,0.008387736705171171,NORMAL,STABLE,NORMAL,NO_ACTION,False,0.0
2026-08-21T00:42:03.200309,0.44094851163969084,0.002797942280983125,0.006622516556291391,False,2,0.09386944770812988,False,0.0,6.43861616118383,3.262889041959852,0.7135031531577454,CENTER,0.0,0.955142063721708,0.009201930026485935,NORMAL,STABLE,NORMAL,NO_ACTION,False,0.0
2026-08-21T00:42:03.244980,0.4552540691299547,0.007443577604893655,0.006622516556291391,False,2,0.09386944770812988,False,0.0,6.343096105846342,3.3857080786958704,0.7557754347616594,CENTER,0.0,0.955129350994513,0.009239187677205139,NORMAL,STABLE,NORMAL,NO_ACTION,False,0.0
2026-08-21T00:42:03.301777,0.4406743893214523,0.004562369108749682,0.006622516556291391,False,2,0.09386944770812988,False,0.0,7.256864040142602,-1.477413386348644,0.34153590172837767,CENTER,0.0,0.9570368762860083,0.00834606185603112,NORMAL,STABLE,NORMAL,NO_ACTION,False,0.0
2026-08-21T00:42:03.355976,0.4451812579436716,0.006123206525440977,0.006631299734748011,False,2,0.09386944770812988,False,0.0,6.728522554322694,0.25631489145698083,0.4457863415453289,CENTER,0.0,0.9588803824802812,0.007061611826498332,NORMAL,STABLE,NORMAL,NO_ACTION,False,0.0
2026-08-21T00:42:03.403420,0.43258970344353553,0.004652312384487352,0.006631299734748011,False,2,0.09386944770812988,False,0.0,6.856432080922559,-2.0004037848173652,0.4463265643551608,CENTER,0.0,0.9616825542266805,0.008438664603293958,NORMAL,STABLE,NORMAL,NO_ACTION,False,0.0
2026-08-21T00:42:03.456915,0.44444356839624044,0.004458208682519393,0.006631299734748011,False,2,0.09386944770812988,False,0.0,6.324218594042264,1.9683636416612273,0.3862986000919193,CENTER,0.0,0.964079218106996,0.007847903196442801,NORMAL,STABLE,NORMAL,NO_ACTION,False,0.0
2026-08-21T00:42:03.509858,0.45283520375076936,0.004325460930620935,0.006640106241699867,False,2,0.09386944770812988,False,0.0,5.324039653982396,3.8967214575732214,0.42066886783103996,CENTER,0.0,0.9654339741941015,0.008308474576464215,NORMAL,STABLE,NORMAL,NO_ACTION,False,0.0
2026-08-21T00:42:03.544399,0.41708697019469226,0.003895879498285362,0.006631299734748011,False,2,0.09386944770812988,False,0.0,6.294507889560208,4.637214674746701,0.508050823201927,CENTER,0.0,0.9619178669410152,0.009854916506060457,NORMAL,STABLE,NORMAL,NO_ACTION,False,0.0
2026-08-21T00:42:03.582048,0.42006795049897816,0.0028313831832568782,0.006631299734748011,False,2,0.09386944770812988,False,0.0,6.048243240366276,3.2046628842011557,0.6342940231532168,CENTER,0.0,0.9622960069444444,0.008709924069139343,NORMAL,STABLE,NORMAL,NO_ACTION,False,0.0
2026-08-21T00:42:03.612911,0.4176718709870996,0.005128839527133302,0.006631299734748011,False,2,0.09386944770812988,False,0.0,4.754050003598962,4.121782296441182,0.6242497214435332,CENTER,0.0,0.9624576688957476,0.008119041474606292,NORMAL,STABLE,NORMAL,NO_ACTION,False,0.0
2026-08-21T00:42:03.651613,0.41701473906670505,0.004603862153726215,0.006631299734748011,False,2,0.09386944770812988,False,0.0,5.385728966381691,6.044690569783654,0.7828028476354518,CENTER,0.0,0.9629716435185186,0.010259045503695313,NORMAL,STABLE,NORMAL,NO_ACTION,False,0.0
2026-08-21T00:42:03.690623,0.42054679222430036,0.005387367046954345,0.006631299734748011,False,2,0.09386944770812988,False,0.0,5.153444538702701,4.866808880163774,0.7588730830278223,CENTER,0.0,0.9633136815200618,0.009166594082822388,NORMAL,STABLE,NORMAL,NO_ACTION,False,0.0
2026-08-21T00:42:03.721872,0.4176784702494739,0.004814822445387842,0.006622516556291391,False,2,0.09386944770812988,False,0.0,4.909668531701897,2.8289369213909765,0.7917436368590529,CENTER,0.0,0.9635304408864884,0.007499282218356949,NORMAL,STABLE,NORMAL,NO_ACTION,False,0.0
2026-08-21T00:42:03.755047,0.4197760903289327,0.002875803590890341,0.006622516556291391,False,2,0.09386944770812988,False,0.0,5.407517064233986,4.458175499637264,0.7069671583290926,CENTER,0.0,0.9640077642746914,0.009066603426597061,NORMAL,STABLE,NORMAL,NO_ACTION,False,0.0
2026-08-21T00:42:03.800855,0.41800533506895676,0.005696269230593767,0.006631299734748011,False,2,0.09386944770812988,False,0.0,5.137280938160615,-0.3091704096167973,0.5212252799651367,CENTER,0.0,0.9647635620284636,0.005646555492699072,NORMAL,STABLE,NORMAL,NO_ACTION,False,0.0
2026-08-21T00:42:03.847552,0.4063007320802773,0.0034242708005666612,0.006631299734748011,False,2,0.09386944770812988,False,0.0,5.441704834847286,4.478119397100244,0.7633746526111906,CENTER,0.0,0.9652685613854596,0.009167787310511568,NORMAL,STABLE,NORMAL,NO_ACTION,False,0.0
2026-08-21T00:42:03.880293,0.4176923989396821,0.004637216246533406,0.006631299734748011,False,2,0.09386944770812988,False,0.0,4.936741248027289,10.155904756423979,1.0156660203564911,CENTER,0.0,0.9655991056884431,0.013007642195443956,NORMAL,STABLE,NORMAL,NO_ACTION,False,0.0
2026-08-21T00:42:03.912531,0.44042300900759423,0.005389073867407449,0.006622516556291391,False,2,0.09386944770812988,False,0.0,5.2210914678561835,10.382743329782272,1.2450833055143562,CENTER,0.0,0.9662314600480109,0.013663229191963371,NORMAL,STABLE,NORMAL,NO_ACTION,False,0.0
2026-08-21T00:42:03.958056,0.44632533862078894,0.006158522082726636,0.006622516556291391,False,2,0.09386944770812988,False,0.0,5.6546530972383096,8.338276524510832,0.9758553821371834,CENTER,0.0,0.9671542647247943,0.012350882318112833,NORMAL,STABLE,NORMAL,NO_ACTION,False,0.0
2026-08-21T00:42:03.988371,0.4575311206690579,0.004945567333705857,0.006622516556291391,False,2,0.09386944770812988,False,0.0,5.223617622896455,7.768272303136428,1.1732765984745868,CENTER,0.0,0.967441031164266,0.011717131410540912,NORMAL,STABLE,NORMAL,NO_ACTION,False,0.0
2026-08-21T00:42:04.026651,0.45444503410125964,0.004107134615996113,0.006622516556291391,False,2,0.09386944770812988,False,0.0,5.655711814880391,8.29268362902934,1.1784281330839974,CENTER,0.0,0.9677823055984225,0.012513305391468438,NORMAL,STABLE,NORMAL,NO_ACTION,False,0.0
2026-08-21T00:42:04.058295,0.45618503694556073,0.004464988182680824,0.006622516556291391,False,2,0.09386944770812988,False,0.0,5.041429069168174,6.43368046280176,1.091251615601351,CENTER,0.0,0.9680082277734912,0.010504344344277062,NORMAL,STABLE,NORMAL,NO_ACTION,False,0.0
2026-08-21T00:42:04.095818,0.4671886552087293,0.004846164178215524,0.006613756613756613,False,2,0.09386944770812988,False,0.0,5.588546123801308,10.927243971653695,1.3767249518288338,CENTER,0.0,0.9682393207733196,0.014533136784145933,NORMAL,STABLE,NORMAL,NO_ACTION,False,0.0
2026-08-21T00:42:04.129376,0.4541796727367098,0.004485229561338409,0.006613756613756613,False,2,0.09386944770812988,False,0.0,5.5738993270046535,7.014610966632432,1.1383014501290347,CENTER,0.0,0.968960664223251,0.011477538041236439,NORMAL,STABLE,NORMAL,NO_ACTION,False,0.0
2026-08-21T00:42:04.165058,0.4688453593464962,0.00373916995946111,0.006613756613756613,False,2,0.09386944770812988,False,0.0,5.931723561500235,7.090820291708241,1.1188245673361337,CENTER,0.0,0.9710562414266118,0.011856670747171507,NORMAL,STABLE,NORMAL,NO_ACTION,False,0.0
2026-08-21T00:42:04.199921,0.4702139516477134,0.0008301785780567999,0.006613756613756613,False,2,0.09386944770812988,False,0.0,5.962107940732466,8.612597752650402,1.3903432517641647,CENTER,0.0,0.9731923010973936,0.013240165104734532,NORMAL,STABLE,NORMAL,NO_ACTION,False,0.0
2026-08-21T00:42:04.240294,0.46358972816303584,0.006098387777467682,0.006613756613756613,False,2,0.09386944770812988,False,0.0,4.316664743457949,5.1506798375611424,1.0321690974894295,CENTER,0.0,0.9736425245413237,0.008830525569525105,NORMAL,STABLE,NORMAL,NO_ACTION,False,0.0
2026-08-21T00:42:04.307521,0.46269312175888727,0.0037143449719358435,0.006613756613756613,False,2,0.09386944770812988,False,0.0,5.206956069909211,5.801185328400493,1.1384916933562863,CENTER,0.0,0.9731003916966736,0.010253569006991243,NORMAL,STABLE,NORMAL,NO_ACTION,False,0.0
2026-08-21T00:42:04.364187,0.45859521662013725,0.0034507139623977897,0.006613756613756613,False,2,0.09386944770812988,False,0.0,5.441379088313852,8.905783504561299,1.1391626593177193,CENTER,0.0,0.9694219660922496,0.012710995480311807,NORMAL,STABLE,NORMAL,NO_ACTION,False,0.0
2026-08-21T00:42:04.418081,0.4614872590717246,0.003396042373615331,0.006622516556291391,False,2,0.09386944770812988,False,0.0,5.964117122335608,5.879426291798325,1.0332063608435078,CENTER,0.0,0.9709075869127227,0.010934712437673763,NORMAL,STABLE,NORMAL,NO_ACTION,False,0.0
2026-08-21T00:42:04.492388,0.4553983150393758,0.006294066112798615,0.006622516556291391,False,2,0.09386944770812988,False,0.0,5.336988063038291,5.25752871615191,1.1346259070606663,CENTER,0.0,0.971796285579561,0.00998364841650037,NORMAL,STABLE,NORMAL,NO_ACTION,False,0.0
2026-08-21T00:42:04.544530,0.4544884020805787,0.004334229536937957,0.006631299734748011,False,2,0.09386944770812988,False,0.0,5.963334863570282,5.14420678718227,0.9794361748009521,CENTER,0.0,0.9689542073902606,0.01035382896874399,NORMAL,STABLE,NORMAL,NO_ACTION,False,0.0
2026-08-21T00:42:04.616656,0.4525064151664756,0.005771028158194972,0.006640106241699867,False,2,0.09386944770812988,False,0.0,5.989394903974556,7.9076798749185855,1.0163409958665852,CENTER,0.0,0.9685329727151922,0.012400998158285914,NORMAL,STABLE,NORMAL,NO_ACTION,False,0.0
2026-08-21T00:42:04.679679,0.43426618863897004,0.003992380804534165,0.006648936170212766,False,2,0.09386944770812988,False,0.0,5.186289455409735,5.21955635855295,1.1061265981797135,CENTER,0.0,0.9686889280049726,0.00978456789085366,NORMAL,STABLE,NORMAL,NO_ACTION,False,0.0
2026-08-21T00:42:04.752177,0.4480157557120098,0.0012635876016180642,0.006648936170212766,False,2,0.09386944770812988,False,0.0,5.6907416802169735,5.59037093397265,0.9419002796429936,CENTER,0.0,0.9696541977451989,0.010377309086164183,NORMAL,STABLE,NORMAL,NO_ACTION,False,0.0
2026-08-21T00:42:04.839956,0.43493529282899324,0.0036641437728742073,0.006657789613848202,False,2,0.09386944770812988,False,0.0,5.197606875404972,5.384072773211528,0.9000259217999371,CENTER,0.0,0.9708140833976338,0.009716127333180752,NORMAL,STABLE,NORMAL,NO_ACTION,False,0.0
2026-08-21T00:42:04.951370,0.4289836696055192,0.004963203182094817,0.0066844919786096255,False,2,0.09386944770812988,False,0.0,5.183452725608902,6.485426458466264,0.886859225063148,CENTER,0.0,0.9680817847650892,0.0104817603259032,NORMAL,STABLE,NORMAL,NO_ACTION,False,0.0
2026-08-21T00:42:05.078979,0.44392904161672625,0.005233587981512357,0.006711409395973154,False,2,0.09386944770812988,False,0.0,5.287498627289011,4.3219224581404205,0.4275820994746198,CENTER,0.0,0.970643727494856,0.00858577327007045,NORMAL,STABLE,NORMAL,NO_ACTION,False,0.0
2026-08-21T00:42:05.149967,0.42628758448393567,0.0019198159859672751,0.006720430107526882,False,2,0.09386944770812988,False,0.0,5.673421817189563,1.0120953976561111,0.46316420737676367,CENTER,0.0,0.9686884457518862,0.006610216409663835,NORMAL,STABLE,NORMAL,NO_ACTION,False,0.0
2026-08-21T00:42:05.220721,0.42482506553398014,0.0020137513287262583,0.006720430107526882,False,2,0.09386944770812988,False,0.0,5.437892525606372,4.397967313261745,0.3523651021226897,CENTER,0.0,0.9657814375428669,0.008712511044830423,NORMAL,STABLE,NORMAL,NO_ACTION,False,0.0
2026-08-21T00:42:05.298934,0.4359267247141526,0.0029702951816607606,0.006729475100942127,False,2,0.09386944770812988,False,0.0,5.878107140678367,3.0394597949343733,0.5289073483201037,CENTER,0.0,0.9666865060228051,0.008327032913916493,NORMAL,STABLE,NORMAL,NO_ACTION,False,0.0
2026-08-21T00:42:05.363034,0.41996615132446247,0.005502938048032034,0.006738544474393531,False,2,0.09386944770812988,False,0.0,6.687968983288698,2.09682338173198,0.5441335270716081,CENTER,0.0,0.9681963466649519,0.008440254510958796,NORMAL,STABLE,NORMAL,NO_ACTION,False,0.0
2026-08-21T00:42:05.430845,0.41458185047335516,0.005469036006404472,0.006756756756756757,False,2,0.09386944770812988,False,0.0,5.4801593834400535,5.495022049454263,0.687009833396047,CENTER,0.0,0.9690702428412209,0.009862552792435272,NORMAL,STABLE,NORMAL,NO_ACTION,False,0.0
2026-08-21T00:42:05.496851,0.41567183050685536,0.005769202810267209,0.006756756756756757,False,2,0.09386944770812988,False,0.0,4.996803709078023,6.170148834143532,0.6871128982766095,CENTER,0.0,0.9679152734910836,0.009884689373645757,NORMAL,STABLE,NORMAL,NO_ACTION,False,0.0
2026-08-21T00:42:05.561203,0.42047719745461704,0.0035259147928447397,0.006765899864682003,False,2,0.09386944770812988,False,0.0,5.075028537107471,5.8759272590192495,0.7059476293618161,CENTER,0.0,0.9672822091478052,0.009766199365409236,NORMAL,STABLE,NORMAL,NO_ACTION,False,0.0
2026-08-21T00:42:05.624588,0.43737761923615354,0.0058081733864451006,0.006765899864682003,False,2,0.09386944770812988,False,0.0,6.120626789936097,5.65932497088383,0.6787416912361266,CENTER,0.0,0.970358327439129,0.010586708871693771,NORMAL,STABLE,NORMAL,NO_ACTION,False,0.0
2026-08-21T00:42:05.686751,0.41413581582129694,0.002759410141964441,0.006775067750677507,False,2,0.09386944770812988,False,0.0,5.573365361407554,5.546286450521222,0.5988126229976842,CENTER,0.0,0.9697314386145405,0.009904210984336184,NORMAL,STABLE,NORMAL,NO_ACTION,False,0.0
2026-08-21T00:42:05.740317,0.4112476953303891,0.002100858680402628,0.0067842605156037995,False,2,0.09386944770812988,False,0.0,5.313614960620868,6.041193868421885,0.5793853096662076,CENTER,0.0,0.9696991008659123,0.009992405436831229,NORMAL,STABLE,NORMAL,NO_ACTION,False,0.0
2026-08-21T00:42:05.805112,0.40866528756736653,0.003705348732055158,0.006793478260869565,False,2,0.09386944770812988,False,0.0,4.927792154556755,5.027734761988654,0.574773665541926,CENTER,0.0,0.9672599183384774,0.008889502031153977,NORMAL,STABLE,NORMAL,NO_ACTION,False,0.0
2026-08-21T00:42:05.855809,0.42757497070616923,0.0030694621907593395,0.006802721088435374,False,2,0.09386944770812988,False,0.0,6.421252292472502,4.417902569888469,0.4392177412967442,CENTER,0.0,0.9675183925968793,0.00975275525690994,NORMAL,STABLE,NORMAL,NO_ACTION,False,0.0
2026-08-21T00:42:05.910118,0.4142090489701785,0.004493251136760761,0.006811989100817439,False,2,0.09386944770812988,False,0.0,5.466980869194259,4.604907719373472,0.6030310463914361,CENTER,0.0,0.9678582604595336,0.009129465773967213,NORMAL,STABLE,NORMAL,NO_ACTION,False,0.0
2026-08-21T00:42:05.966119,0.41804922566344327,0.002131279300872238,0.006811989100817439,False,2,0.09386944770812988,False,0.0,5.9344481813195955,5.441992505913106,0.5024049522560574,CENTER,0.0,0.9678730495541839,0.0100829475070253,NORMAL,STABLE,NORMAL,NO_ACTION,False,0.0
2026-08-21T00:42:06.024238,0.4320971865156197,0.0029795728328946298,0.0068212824010914054,False,2,0.09386944770812988,False,0.0,6.284063860585036,4.013308711686079,0.6747929729355064,CENTER,0.0,0.9660136022162209,0.009556184927244978,NORMAL,STABLE,NORMAL,NO_ACTION,False,0.0
2026-08-21T00:42:06.079319,0.4210979371620216,0.003598247502114783,0.0068212824010914054,False,2,0.09386944770812988,False,0.0,5.689168289194868,7.845458865039319,0.7403497357312574,CENTER,0.0,0.9654907594950275,0.011803898380022812,NORMAL,STABLE,NORMAL,NO_ACTION,False,0.0
2026-08-21T00:42:06.137734,0.41845606413371794,0.003497654517748437,0.006830601092896175,False,2,0.09386944770812988,False,0.0,5.994124032930529,3.9472375347667708,0.6584346831157006,CENTER,0.0,0.9636541120113169,0.009215063663471407,NORMAL,STABLE,NORMAL,NO_ACTION,False,0.0
2026-08-21T00:42:06.200008,0.4095633481828115,0.003610128278415947,0.006839945280437756,False,2,0.09386944770812988,False,0.0,5.446039992407208,6.81358409402165,0.6570968219480449,CENTER,0.0,0.9631466076174554,0.010749156752382255,NORMAL,STABLE,NORMAL,NO_ACTION,False,0.0
2026-08-21T00:42:06.278023,0.4058301127695576,0.0032523554518192584,0.00684931506849315,False,2,0.09386944770812988,False,0.0,6.062082820379118,6.789536082882989,0.6800533171247309,CENTER,0.0,0.9639397799854252,0.011344415703383615,NORMAL,STABLE,NORMAL,NO_ACTION,False,0.0
2026-08-21T00:42:06.337627,0.4111493660581968,0.00423363044780564,0.006858710562414266,False,2,0.09386944770812988,False,0.0,5.283405163934901,6.651954296646494,0.5755285366854253,CENTER,0.0,0.963565819508745,0.01039885783478494,NORMAL,STABLE,NORMAL,NO_ACTION,False,0.0
2026-08-21T00:42:06.390417,0.42389063593562987,0.0035703356786180827,0.006858710562414266,False,2,0.09386944770812988,False,0.0,6.19428422806115,0.9516038375393236,0.3502233300878004,CENTER,0.0,0.9648382710691015,0.006957761638286525,NORMAL,STABLE,NORMAL,NO_ACTION,False,0.0
2026-08-21T00:42:06.442333,0.41079069281661995,0.0023771797417242286,0.00684931506849315,False,2,0.09386944770812988,False,0.0,5.504552591843918,5.020134317022979,0.5821443186324018,CENTER,0.0,0.9654478657621742,0.009443989030995999,NORMAL,STABLE,NORMAL,NO_ACTION,False,0.0
2026-08-21T00:42:06.514109,0.4275755480935775,0.004685171753443722,0.006858710562414266,False,2,0.09386944770812988,False,0.0,5.173960440967306,7.683583560891094,0.7584466888932013,CENTER,0.0,0.9656538146219136,0.011210984122511298,NORMAL,STABLE,NORMAL,NO_ACTION,False,0.0
2026-08-21T00:42:06.568010,0.4117030983755988,0.00219260052060842,0.006858710562414266,False,2,0.09386944770812988,False,0.0,5.301216392667328,3.107256657008236,0.17809982717480466,CENTER,0.0,0.9630484021347735,0.007486478940181387,NORMAL,STABLE,NORMAL,NO_ACTION,False,0.0
2026-08-21T00:42:06.628320,0.4011182899852309,0.006365018298668272,0.006858710562414266,False,2,0.09386944770812988,False,0.0,6.5037945902493846,0.9714143815349416,0.39870944045298984,CENTER,0.0,0.9648789410793895,0.007315181959511056,NORMAL,STABLE,NORMAL,NO_ACTION,False,0.0
2026-08-21T00:42:06.679685,0.40314758246018234,0.003646468875471013,0.006868131868131868,False,2,0.09386944770812988,False,0.0,6.539437708560911,2.1583522932959625,0.5490514893926957,CENTER,0.0,0.967244700574417,0.008346822448556107,NORMAL,STABLE,NORMAL,NO_ACTION,False,0.0
2026-08-21T00:42:06.746951,0.4257313289854824,0.005228922384693785,0.006868131868131868,False,2,0.09386944770812988,False,0.0,5.589727577699108,5.522211125808411,0.45727786612181376,CENTER,0.0,0.9686431139617627,0.009766910820910633,NORMAL,STABLE,NORMAL,NO_ACTION,False,0.0
2026-08-21T00:42:06.794138,0.4387871818199367,0.0046453533721053375,0.006868131868131868,False,2,0.09386944770812988,False,0.0,5.466758484536399,4.256589870696359,0.2464176828299287,CENTER,0.0,0.9677517093192728,0.008536976407344188,NORMAL,STABLE,NORMAL,NO_ACTION,False,0.0
2026-08-21T00:42:06.850153,0.4241662434140788,0.006847159904779368,0.0068775790921595595,False,2,0.09386944770812988,False,0.0,6.117772698482298,3.127255512795415,0.16882439120436743,CENTER,0.0,0.967566939407579,0.00827472121717782,NORMAL,STABLE,NORMAL,NO_ACTION,False,0.0
2026-08-21T00:42:06.897980,0.42178345990658117,0.0025400044468406064,0.0068775790921595595,False,2,0.09386944770812988,False,0.0,5.425409400165506,3.585131741550299,0.03906205881852998,CENTER,0.0,0.9681393202374828,0.007815818990554628,NORMAL,STABLE,NORMAL,NO_ACTION,False,0.0
2026-08-21T00:42:06.946758,0.4295382308288889,0.001963939029681275,0.0068775790921595595,False,2,0.09386944770812988,False,0.0,6.09372071645214,5.212474588847726,0.13877406380635193,CENTER,0.0,0.9693668820730453,0.009722035550399754,NORMAL,STABLE,NORMAL,NO_ACTION,False,0.0
2026-08-21T00:42:06.995171,0.43050908210630723,0.005465578187354765,0.006887052341597796,False,2,0.09386944770812988,False,0.0,5.826386375792055,4.893390643386141,0.18888521018320148,CENTER,0.0,0.9694797426911865,0.009284397407726666,NORMAL,STABLE,NORMAL,NO_ACTION,False,0.0
2026-08-21T00:42:07.056254,0.4246372061756708,0.002736627200307086,0.006896551724137931,False,2,0.09386944770812988,False,0.0,5.879461626880271,1.1210761863468122,0.059285572502687955,CENTER,0.0,0.9669185769247257,0.006498919192206863,NORMAL,STABLE,NORMAL,NO_ACTION,False,0.0
2026-08-21T00:42:07.094980,0.4276293359364065,0.0005757265332034134,0.006896551724137931,False,2,0.09386944770812988,False,0.0,6.335093390288989,4.954454342771413,0.13084799789203316,CENTER,0.0,0.9680936669453016,0.009760314039028795,NORMAL,STABLE,NORMAL,NO_ACTION,False,0.0
2026-08-21T00:42:07.148038,0.4393542638237687,0.004693632362662464,0.006896551724137931,False,2,0.09386944770812988,False,0.0,5.212849765885835,3.052904749868162,0.2597963255804814,CENTER,0.0,0.9697858260459533,0.007441008382792314,NORMAL,STABLE,NORMAL,NO_ACTION,False,0.0
2026-08-21T00:42:07.184954,0.4374439023621932,0.004993976113321637,0.006896551724137931,False,2,0.09386944770812988,False,0.0,5.571670628941263,4.397063993310923,0.30613160095234093,CENTER,0.0,0.9704632442772633,0.008795782350644423,NORMAL,STABLE,NORMAL,NO_ACTION,False,0.0
2026-08-21T00:42:07.224971,0.4385039229114065,0.004674951513547207,0.006896551724137931,False,2,0.09386944770812988,False,0.0,6.006011426375721,0.9704653675856321,0.234862853447936,CENTER,0.0,0.9700194642704046,0.006680257634914307,NORMAL,STABLE,NORMAL,NO_ACTION,False,0.0
2026-08-21T00:42:07.255347,0.42458689851178893,0.006282969186466165,0.006896551724137931,False,2,0.09386944770812988,False,0.0,5.712196178322074,5.135409978868722,0.4512737462833911,CENTER,0.0,0.9699215936856996,0.009600462004037217,NORMAL,STABLE,NORMAL,NO_ACTION,False,0.0
2026-08-21T00:42:07.301249,0.43823607895576155,0.002267987750285293,0.006896551724137931,False,2,0.09386944770812988,False,0.0,5.677927514331174,4.670960578944204,0.44041206816103795,CENTER,0.0,0.9700610585991083,0.009223281933220395,NORMAL,STABLE,NORMAL,NO_ACTION,False,0.0
2026-08-21T00:42:07.332202,0.4337393879284736,0.005495124647353915,0.006896551724137931,False,2,0.09386944770812988,False,0.0,5.096514791432526,1.6673549734912285,0.1835104338218514,CENTER,0.0,0.9692284888331619,0.006260214031294186,NORMAL,STABLE,NORMAL,NO_ACTION,False,0.0
2026-08-21T00:42:07.377232,0.438042398061553,0.005431719287455513,0.006896551724137931,False,2,0.09386944770812988,False,0.0,5.928864832849399,2.9554676415763765,0.2590779562733019,CENTER,0.0,0.969448155114026,0.008056643026000421,NORMAL,STABLE,NORMAL,NO_ACTION,False,0.0
2026-08-21T00:42:07.409546,0.4246537543572628,0.002733568783990313,0.006896551724137931,False,2,0.09386944770812988,False,0.0,6.208786227087728,3.142712405688144,0.0441738381437915,CENTER,0.0,0.9712123976551783,0.008253589373810363,NORMAL,STABLE,NORMAL,NO_ACTION,False,0.0
2026-08-21T00:42:07.444944,0.427753924290045,0.0052367338207207105,0.006896551724137931,False,2,0.09386944770812988,False,0.0,5.65010857377527,1.2982857408238146,0.05581961121833956,CENTER,0.0,0.9731771905006859,0.006403143128255005,NORMAL,STABLE,NORMAL,NO_ACTION,False,0.0
2026-08-21T00:42:07.478075,0.42228740857987523,0.003537025766660387,0.006896551724137931,False,2,0.09386944770812988,False,0.0,5.6823702692581435,4.47986687843499,-0.018875467223608666,CENTER,0.0,0.9748953108924897,0.008686065781994592,NORMAL,STABLE,NORMAL,NO_ACTION,False,0.0
2026-08-21T00:42:07.532584,0.4326342648383356,0.0031889056303618926,0.006896551724137931,False,2,0.09386944770812988,False,0.0,5.411911283945443,3.329900216984697,-0.015541977558712006,CENTER,0.0,0.9754137195644719,0.007596833347857906,NORMAL,STABLE,NORMAL,NO_ACTION,False,0.0
2026-08-21T00:42:07.580237,0.41167655482310495,0.004684369183117699,0.006906077348066298,False,2,0.09386944770812988,False,0.0,6.468310198156217,6.765508868446801,-0.29973769202445055,CENTER,0.0,0.970144287444273,0.01135198038838113,NORMAL,STABLE,NORMAL,NO_ACTION,False,0.0
2026-08-21T00:42:07.625826,0.42513728026249326,0.0024649101957370393,0.006906077348066298,False,2,0.09386944770812988,False,0.0,5.463879076499438,4.13549266163497,-0.2810331798481229,CENTER,0.0,0.9702411667309672,0.008480335449090343,NORMAL,STABLE,NORMAL,NO_ACTION,False,0.0
2026-08-21T00:42:07.658146,0.4260889985415835,0.0022855633283145995,0.006906077348066298,False,2,0.09386944770812988,False,0.0,5.378577108378238,5.598818330781398,-0.0818841008264144,CENTER,0.0,0.9716082336676954,0.009259723270605466,NORMAL,STABLE,NORMAL,NO_ACTION,False,0.0
2026-08-21T00:42:07.688901,0.4158448180745519,0.0032809155296916878,0.006906077348066298,False,2,0.09386944770812988,False,0.0,5.2272665401127085,3.7008802017858216,-0.1919854135483945,CENTER,0.0,0.9729260572059327,0.007855689163834874,NORMAL,STABLE,NORMAL,NO_ACTION,False,0.0
2026-08-21T00:42:07.720067,0.42704085740901443,0.002606173822801912,0.006906077348066298,False,2,0.09386944770812988,False,0.0,5.654956131549028,4.452068118676777,-0.16848690929350596,CENTER,0.0,0.9734770045653292,0.008783218773712532,NORMAL,STABLE,NORMAL,NO_ACTION,False,0.0
2026-08-21T00:42:07.766617,0.42626105536062525,0.000996374405033935,0.006906077348066298,False,2,0.09386944770812988,False,0.0,5.241404794741499,4.579091716434704,-0.10543330294288467,CENTER,0.0,0.9734095695087449,0.008417666730728935,NORMAL,STABLE,NORMAL,NO_ACTION,False,0.0
2026-08-21T00:42:07.812680,0.426983112040436,0.0007898610128585602,0.006915629322268326,False,2,0.09386944770812988,False,0.0,5.589492323790921,5.002768649859149,0.10260243018998949,CENTER,0.0,0.97324936771262,0.009053236048377168,NORMAL,STABLE,NORMAL,NO_ACTION,False,0.0
2026-08-21T00:42:07.860459,0.4212027082947228,0.00402680411412592,0.006915629322268326,False,2,0.09386944770812988,False,0.0,5.90260115047775,6.503583377011296,-0.07077332717182117,CENTER,0.0,0.9728642216435185,0.010401889508887882,NORMAL,STABLE,NORMAL,NO_ACTION,False,0.0
2026-08-21T00:42:07.890894,0.43118166994690044,0.0008619666405190258,0.006915629322268326,False,2,0.09386944770812988,False,0.0,6.056178294084731,6.096487475919645,0.04039769807579319,CENTER,0.0,0.9719113967121056,0.010227307850989353,NORMAL,STABLE,NORMAL,NO_ACTION,False,0.0
2026-08-21T00:42:07.937108,0.4189177882166395,0.002633013652588577,0.006915629322268326,False,2,0.09386944770812988,False,0.0,6.086317128312032,5.211679918600225,-0.13829860272269912,CENTER,0.0,0.9712672539437586,0.009713911317632584,NORMAL,STABLE,NORMAL,NO_ACTION,False,0.0
2026-08-21T00:42:07.967928,0.40717462299279683,0.0025951819074074654,0.006915629322268326,False,2,0.09386944770812988,False,0.0,5.863906303020286,4.9617752490040345,-0.12177611952796497,CENTER,0.0,0.9712249630272634,0.009305198470789894,NORMAL,STABLE,NORMAL,NO_ACTION,False,0.0
2026-08-21T00:42:08.014966,0.4062703135428593,0.0023095259311878913,0.006925207756232687,False,2,0.09386944770812988,False,0.0,5.880030227135251,8.639624669819767,-0.12117913768898347,CENTER,0.0,0.9715303497942387,0.011964288151553782,NORMAL,STABLE,NORMAL,NO_ACTION,False,0.0
2026-08-21T00:42:08.047509,0.375816399539735,0.0035394465425264473,0.006925207756232687,False,2,0.09386944770812988,False,0.0,6.130642009308474,10.78157745703382,0.0434793236265989,CENTER,0.0,0.972569953489369,0.013670008599809571,NORMAL,STABLE,NORMAL,NO_ACTION,False,0.0
2026-08-21T00:42:08.093325,0.42840117133810385,0.0017662126742533438,0.006925207756232687,False,2,0.09386944770812988,False,0.0,6.594416841477766,7.593886749226158,0.030616162920892975,CENTER,0.0,0.973069594478738,0.011810451305403142,NORMAL,STABLE,NORMAL,NO_ACTION,False,0.0
2026-08-21T00:42:08.124545,0.44492955606127904,0.0017353054446094872,0.006925207756232687,False,2,0.09386944770812988,False,0.0,6.47930869954709,7.840652088111938,-0.037085827651054615,CENTER,0.0,0.9726856406464334,0.011883722834518785,NORMAL,STABLE,NORMAL,NO_ACTION,False,0.0
2026-08-21T00:42:08.157027,0.45161865403876134,0.0014518345930911972,0.006925207756232687,False,2,0.09386944770812988,False,0.0,6.809937943051182,8.28066535679173,0.25421239808315477,CENTER,0.0,0.971940586419753,0.012725154069369016,NORMAL,STABLE,NORMAL,NO_ACTION,False,0.0
2026-08-21T00:42:08.201040,0.08382296794575023,0.0014818423326685866,0.008310249307479225,True,2,0.09386944770812988,False,0.0,5.4635218131231795,4.794787877583985,0.5711987157269789,UP,0.0,0.9714283264746228,0.23511450333833722,LOW,STABLE,NORMAL,NO_ACTION,False,0.0
2026-08-21T00:42:08.247304,0.24090519533012708,0.0007427965223654825,0.008321775312066574,False,3,0.0462644100189209,False,0.0,5.438480297286958,9.000398951751777,0.36397778907948464,UP,0.0462644100189209,0.9726261225780178,0.11670857008723648,NORMAL,STABLE,NORMAL,NO_ACTION,False,0.0
2026-08-21T00:42:08.295056,0.36945242554283797,0.0028388725292462125,0.008321775312066574,False,3,0.0462644100189209,False,0.0,5.845700028917406,10.353406288860015,0.6566938592016811,UP,0.09401679039001465,0.9727626135973937,0.039559209991495,NORMAL,STABLE,NORMAL,NO_ACTION,False,0.0
2026-08-21T00:42:08.339704,0.40819889404330045,0.0018243494307751053,0.008321775312066574,False,3,0.0462644100189209,False,0.0,5.865382764274045,10.801649519727249,0.8307096459834327,UP,0.13866472244262695,0.9725211119684499,0.04006715686715313,NORMAL,STABLE,NORMAL,NO_ACTION,False,0.0
2026-08-21T00:42:08.386329,0.42791904069837483,0.00272073916564683,0.008333333333333333,False,3,0.0462644100189209,False,0.0,6.153142276199958,12.28642908545416,1.2722676824625694,UP,0.18528985977172852,0.9721333670910495,0.041833773376931116,NORMAL,STABLE,NORMAL,NO_ACTION,False,0.0
2026-08-21T00:42:08.434539,0.4377086402900364,0.0021124790858658253,0.008333333333333333,False,3,0.0462644100189209,False,0.0,5.925734148431388,14.657701247459187,1.8056161542629638,CENTER,0.0,0.9709456581147121,0.017949532777444547,NORMAL,STABLE,NORMAL,NO_ACTION,False,0.0
2026-08-21T00:42:08.481128,0.45210314070278523,0.005099931622517893,0.008344923504867872,False,3,0.0462644100189209,False,0.0,5.470549596535392,17.91202342970533,2.198426617609158,CENTER,0.0,0.9701650645147462,0.020229449381321044,NORMAL,STABLE,NORMAL,NO_ACTION,False,0.0
2026-08-21T00:42:08.529323,0.4642299863911885,0.006440670535276488,0.008344923504867872,False,3,0.0462644100189209,False,0.0,5.159716394035172,19.142292668055262,2.0303281776156155,CENTER,0.0,0.9700836307227366,0.020654850091469678,NORMAL,STABLE,NORMAL,NO_ACTION,False,0.0
2026-08-21T00:42:08.559621,0.45067606662212717,0.004069316081130031,0.008344923504867872,False,3,0.0462644100189209,False,0.0,5.081727663128191,19.113122169244207,1.7898680204222899,CENTER,0.0,0.9704051729681069,0.020328610929439654,NORMAL,STABLE,NORMAL,NO_ACTION,False,0.0
2026-08-21T00:42:08.607720,0.4335019415244773,0.006071983147156239,0.008344923504867872,False,3,0.0462644100189209,False,0.0,4.085993833696961,24.249728416606644,0.320958297208648,CENTER,0.0,0.9715549580975651,0.02165897454265503,NORMAL,STABLE,NORMAL,NO_ACTION,False,0.0
2026-08-21T00:42:08.637871,0.43759001922792695,0.005544939459193272,0.008344923504867872,False,3,0.0462644100189209,False,0.0,4.893795756678884,28.028495433932534,0.35636825844915165,CENTER,0.0,0.9715073757930384,0.025184042831926087,NORMAL,STABLE,NORMAL,NO_ACTION,False,0.0
2026-08-21T00:42:08.685784,0.45478093903003985,0.0060265191697823715,0.008356545961002786,False,3,0.0462644100189209,False,0.0,4.559138113974427,28.660222577787664,-0.30637354636493797,CENTER,0.0,0.9714885143389917,0.02526949581964978,NORMAL,STABLE,NORMAL,NO_ACTION,False,0.0
2026-08-21T00:42:08.715676,0.44908731207131586,0.003537555415080852,0.008356545961002786,False,3,0.0462644100189209,False,0.0,3.925037223148621,29.422447050122145,-0.8766430350017629,CENTER,0.0,0.9710101728609397,0.02575631119853263,NORMAL,STABLE,NORMAL,NO_ACTION,False,0.0
