timestamp,ear,mar,perclos,eyes_closed,blink_count,blink_duration,microsleep,microsleep_duration,pitch,yaw,roll,gaze_direction,gaze_away_duration,reliability,fatigue_risk,risk_level,temporal_state,intervention_level,intervention_action,alert_triggered,eye_closure_duration
2026-08-12T02:54:48.712829,0.3168165074985567,0.37629354673257354,0.0,False,0,0.0,False,0.0,-18.48634120482876,10.758146600277513,-1.897949030051393,CENTER,0.0,0.8204597286139893,0.034078468988957784,NORMAL,STABLE,NORMAL,NO_ACTION,False,0.0
2026-08-12T02:54:48.794740,0.3631802026807266,0.24720688473246094,0.0,False,0,0.0,False,0.0,-19.184430194704277,10.432628182321338,-2.5567811673025744,CENTER,0.0,0.83462582901602,0.034551768472107336,NORMAL,STABLE,NORMAL,NO_ACTION,False,0.0
2026-08-12T02:54:48.826958,0.33659577021928755,0.2371904626928749,0.0,False,0,0.0,False,0.0,-15.22246553155739,11.591373694035923,-2.8489627491545093,CENTER,0.0,0.8493257091416814,0.03053751633895954,NORMAL,STABLE,NORMAL,NO_ACTION,False,0.0
2026-08-12T02:54:48.853128,0.3644680906526999,0.1815485826892926,0.0,False,0,0.0,False,0.0,-18.951366737268188,9.809676251932672,-2.5913091334211344,CENTER,0.0,0.8630994643163336,0.03221014487099664,NORMAL,STABLE,NORMAL,NO_ACTION,False,0.0
2026-08-12T02:54:48.875890,0.38069636020859154,0.22811160865307353,0.0,False,0,0.0,False,0.0,-16.99136161846988,10.879873181826781,-3.0787550092322533,CENTER,0.0,0.8773248939043209,0.03075165742273663,NORMAL,STABLE,NORMAL,NO_ACTION,False,0.0
2026-08-12T02:54:48.894852,0.35684234033242046,0.19565856931934963,0.0,False,0,0.0,False,0.0,-16.792695705434568,12.609922565033628,-3.058554671855063,CENTER,0.0,0.8914567166372722,0.031220337587171663,NORMAL,STABLE,NORMAL,NO_ACTION,False,0.0
2026-08-12T02:54:48.916224,0.3566198639863091,0.30353317510534644,0.0,False,0,0.0,False,0.0,-19.407457058034623,9.386986729470749,-2.496680575427206,CENTER,0.0,0.9060574499298821,0.030164895770991147,NORMAL,STABLE,NORMAL,NO_ACTION,False,0.0
2026-08-12T02:54:48.934866,0.38360108523145464,0.2548439088265492,0.0,False,0,0.0,False,0.0,-18.683373619949037,8.559731877473013,-2.276502221211018,CENTER,0.0,0.9177436893738976,0.027929674493129518,NORMAL,STABLE,NORMAL,NO_ACTION,False,0.0
2026-08-12T02:54:48.957651,0.3954866218712473,0.23333141771541765,0.0,False,0,0.0,False,0.0,-14.924763969635109,14.421149151171846,-3.0870885687508576,CENTER,0.0,0.9293384710510362,0.028796702568229835,NORMAL,STABLE,NORMAL,NO_ACTION,False,0.0
2026-08-12T02:54:48.977141,0.34720637244081376,0.20190806282405374,0.0,False,0,0.0,False,0.0,-16.47152054319534,12.331425258220804,-2.655609584414748,CENTER,0.0,0.9418149104999511,0.027769052087216504,NORMAL,STABLE,NORMAL,NO_ACTION,False,0.0
2026-08-12T02:54:49.373472,0.36980804244954224,0.2080455817204499,0.0,False,0,0.0,False,0.0,-15.237492997124946,12.973599458850458,-2.2551252948413776,CENTER,0.0,0.9409903304428767,0.026640818467280492,NORMAL,STABLE,NORMAL,NO_ACTION,False,0.0
2026-08-12T02:54:49.455163,0.38281938886039935,0.23462391238548258,0.0,False,0,0.0,False,0.0,-16.12145535533014,12.86812911538317,-2.537608693086156,CENTER,0.0,0.9402169051905742,0.027704915048509315,NORMAL,STABLE,NORMAL,NO_ACTION,False,0.0
2026-08-12T02:54:49.537442,0.38487061061375727,0.08618529388750018,0.0,False,0,0.0,False,0.0,-16.16515139965668,9.557351780577562,-1.903795408293007,CENTER,0.0,0.940310157627866,0.02469741707045899,NORMAL,STABLE,NORMAL,NO_ACTION,False,0.0
2026-08-12T02:54:49.621708,0.3725201069749941,0.13303764775474333,0.0,False,0,0.0,False,0.0,-16.624968898664633,13.485948104920283,-2.955836682811025,CENTER,0.0,0.9420736905680483,0.029060408505130704,NORMAL,STABLE,NORMAL,NO_ACTION,False,0.0
2026-08-12T02:54:49.708351,0.37505211465585797,0.20592837170317826,0.0,False,0,0.0,False,0.0,-16.521265648122323,13.28556712737452,-2.491216566453801,CENTER,0.0,0.9415478280239565,0.028357162622808733,NORMAL,STABLE,NORMAL,NO_ACTION,False,0.0
2026-08-12T02:54:49.791035,0.3647040182176519,0.01975425752207458,0.0,False,0,0.0,False,0.0,-16.051490764827207,13.373489619215349,-2.3378803860497896,CENTER,0.0,0.9415493505658435,0.027811905205416338,NORMAL,STABLE,NORMAL,NO_ACTION,False,0.0
2026-08-12T02:54:49.874412,0.3567751709602901,0.026419465581883655,0.0,False,0,0.0,False,0.0,-15.65387967191893,11.041734746338363,-2.265017924038972,CENTER,0.0,0.9417916429367529,0.025640061918417032,NORMAL,STABLE,NORMAL,NO_ACTION,False,0.0
2026-08-12T02:54:49.954816,0.3509394199735254,0.015243365006665734,0.0,False,0,0.0,False,0.0,-17.452675430417287,11.21574513435263,-1.8206712304900634,CENTER,0.0,0.9423898587534294,0.02709327172927836,NORMAL,STABLE,NORMAL,NO_ACTION,False,0.0
2026-08-12T02:54:50.035582,0.3603515799846748,0.14055436113489755,0.0,False,0,0.0,False,0.0,-17.47809427761092,13.160203291563391,-1.7348897787368855,CENTER,0.0,0.9425741644008427,0.028461365162997933,NORMAL,STABLE,NORMAL,NO_ACTION,False,0.0
2026-08-12T02:54:50.115821,0.3792058920145561,0.1421417354855895,0.0,False,0,0.0,False,0.0,-16.675994877229726,8.784555146496132,-1.3965726981096225,CENTER,0.0,0.942579929238928,0.024133754227472815,NORMAL,STABLE,NORMAL,NO_ACTION,False,0.0
2026-08-12T02:54:50.195614,0.34640595787553313,0.18669878596230224,0.0,False,0,0.0,False,0.0,-16.664757217085537,11.58423560996809,-1.7924672574048088,CENTER,0.0,0.9431619696747012,0.02656505686280965,NORMAL,STABLE,NORMAL,NO_ACTION,False,0.0
2026-08-12T02:54:50.273661,0.3422430499236878,0.10810485803563091,0.0,False,0,0.0,False,0.0,-18.085264448784727,12.384122476253765,-1.6912664456487505,CENTER,0.0,0.9428443570265042,0.02844324719746382,NORMAL,STABLE,NORMAL,NO_ACTION,False,0.0
2026-08-12T02:54:50.355555,0.3753069267026855,0.1293975133765361,0.0,False,0,0.0,False,0.0,-14.90888191578378,10.550129485310265,-2.221837461766853,CENTER,0.0,0.9438068637627376,0.02450791285681521,NORMAL,STABLE,NORMAL,NO_ACTION,False,0.0
2026-08-12T02:54:50.432887,0.39478078077003464,0.12443391634780855,0.0,False,0,0.0,False,0.0,-16.721615284424843,8.841584576036013,-2.2081887087088887,CENTER,0.0,0.9436352850039194,0.025014521343502683,NORMAL,STABLE,NORMAL,NO_ACTION,False,0.0
2026-08-12T02:54:50.515505,0.34819967593646445,0.09940574762617455,0.0,False,0,0.0,False,0.0,-14.880675849087652,13.54697327383235,-2.40243479038395,CENTER,0.0,0.9462433341906722,0.026856626598388757,NORMAL,STABLE,NORMAL,NO_ACTION,False,0.0
2026-08-12T02:54:50.593101,0.3775692737892646,0.07896955986343693,0.0,False,0,0.0,False,0.0,-13.259294312053981,12.944907928508087,-2.2992422820948093,CENTER,0.0,0.9478884211799432,0.0247270271022951,NORMAL,STABLE,NORMAL,NO_ACTION,False,0.0
2026-08-12T02:54:50.676289,0.3742496621731059,0.06876664448161826,0.0,False,0,0.0,False,0.0,-13.524284285917844,15.423539719585506,-2.8165072849583908,CENTER,0.0,0.9471374306474133,0.02731178882018592,NORMAL,STABLE,NORMAL,NO_ACTION,False,0.0
2026-08-12T02:54:50.756376,0.36223688345665184,0.18108195511969497,0.0,False,0,0.0,False,0.0,-16.095699009415483,11.690858031237639,-2.068045611002134,CENTER,0.0,0.947105964781746,0.02635610854185457,NORMAL,STABLE,NORMAL,NO_ACTION,False,0.0
2026-08-12T02:54:50.838773,0.34828937844244845,0.28153754942426873,0.0,False,0,0.0,False,0.0,-15.626166939261338,12.047781166692488,-2.1340432797362325,CENTER,0.0,0.9475897427064962,0.026223170673157194,NORMAL,STABLE,NORMAL,NO_ACTION,False,0.0
2026-08-12T02:54:50.920058,0.3859394008074321,0.2613387932739063,0.0,False,0,0.0,False,0.0,-14.81558820766378,13.98898143953025,-1.9346413380230558,CENTER,0.0,0.9478552245615325,0.026659556845027767,NORMAL,STABLE,NORMAL,NO_ACTION,False,0.0
2026-08-12T02:54:51.004658,0.39581361747739774,0.24012597133663258,0.0,False,0,0.0,False,0.0,-14.32871610773384,11.890422571258199,-1.9393094024004824,CENTER,0.0,0.9471251331937095,0.024647391727003434,NORMAL,STABLE,NORMAL,NO_ACTION,False,0.0
2026-08-12T02:54:51.086459,0.3845630792806274,0.27492613769454305,0.0,False,0,0.0,False,0.0,-14.841015570110812,14.303278099255607,-2.0771038958438623,CENTER,0.0,0.9466498398613561,0.02705454038882512,NORMAL,STABLE,NORMAL,NO_ACTION,False,0.0
2026-08-12T02:54:51.167111,0.3760888487980828,0.27011313826719713,0.0,False,0,0.0,False,0.0,-14.713203364369207,12.808654933560575,-2.29708106690407,CENTER,0.0,0.9446966918969234,0.026047732852210796,NORMAL,STABLE,NORMAL,NO_ACTION,False,0.0
2026-08-12T02:54:51.246730,0.39293798146664416,0.2055134292519598,0.0,False,0,0.0,False,0.0,-15.195779977526428,13.826618360142277,-2.510705040548686,CENTER,0.0,0.944349109898589,0.027476199506651894,NORMAL,STABLE,NORMAL,NO_ACTION,False,0.0
2026-08-12T02:54:51.327024,0.3920908072289222,0.13877015577730872,0.0,False,0,0.0,False,0.0,-17.092107491522285,10.28678885918282,-1.315031039107339,CENTER,0.0,0.9434624179404274,0.025563760333876664,NORMAL,STABLE,NORMAL,NO_ACTION,False,0.0
2026-08-12T02:54:51.404541,0.3791233662112594,0.1724069508051758,0.0,False,0,0.0,False,0.0,-17.448040433183166,13.63229319099159,-2.0988631458751854,CENTER,0.0,0.9432494702870862,0.029134643566691248,NORMAL,STABLE,NORMAL,NO_ACTION,False,0.0
2026-08-12T02:54:51.487178,0.36646057925145403,0.06317354624170354,0.0,False,0,0.0,False,0.0,-16.97641629533163,11.906380723053218,-1.955824054830316,CENTER,0.0,0.9401573568856554,0.027266360780026665,NORMAL,STABLE,NORMAL,NO_ACTION,False,0.0
2026-08-12T02:54:51.566486,0.3992269675997807,0.06249251684534945,0.0,False,0,0.0,False,0.0,-17.08172114010381,12.18378857634977,-2.2633042735396316,CENTER,0.0,0.9408374906611308,0.02787392871098878,NORMAL,STABLE,NORMAL,NO_ACTION,False,0.0
2026-08-12T02:54:51.651344,0.04091084331822335,0.022234392339543444,0.02564102564102564,True,0,0.0,False,0.0,-19.390278816449978,11.272672661742433,-1.806338495002592,CENTER,0.0,0.8331735008818343,0.08319530596016471,NORMAL,STABLE,NORMAL,NO_ACTION,False,0.0
2026-08-12T02:54:51.729732,0.19102139329234977,0.00863417105023107,0.05,True,0,0.0,False,0.07838821411132812,-17.640722956266586,14.214036569227062,-2.1974962673619416,UP,0.0,0.9446809849904468,0.20393696380569398,LOW,STABLE,NORMAL,NO_ACTION,False,0.07838821411132812
2026-08-12T02:54:51.813247,0.34787560304675536,0.02063575314819142,0.04878048780487805,False,1,0.16190290451049805,False,0.0,-16.49758149668969,16.777147446434498,-2.9158591538308656,UP,0.08351469039916992,0.973559443051269,0.056811253041444715,NORMAL,STABLE,NORMAL,NO_ACTION,False,0.0
2026-08-12T02:54:51.891897,0.38788181982084274,0.03477001693878603,0.047619047619047616,False,1,0.16190290451049805,False,0.0,-15.015470816839866,15.620017227984277,-2.7057311711099317,UP,0.16216468811035156,0.9726383932398834,0.05434598472712549,NORMAL,STABLE,NORMAL,NO_ACTION,False,0.0
2026-08-12T02:54:51.975731,0.4078476694360911,0.031629889192092475,0.046511627906976744,False,1,0.16190290451049805,False,0.0,-13.32981044280831,18.21096208202826,-2.52473359439162,UP,0.24599933624267578,0.9724960482038751,0.0544197002061759,NORMAL,STABLE,NORMAL,NO_ACTION,False,0.0
2026-08-12T02:54:52.059076,0.38188534803207663,0.020822996451181124,0.045454545454545456,False,1,0.16190290451049805,False,0.0,-11.584764499492621,15.583480717396128,-2.233434540395251,CENTER,0.0,0.974981058170439,0.02456114996393738,NORMAL,STABLE,NORMAL,NO_ACTION,False,0.0
2026-08-12T02:54:52.140170,0.3649654380976044,0.1388752158543376,0.044444444444444446,False,1,0.16190290451049805,False,0.0,-13.248926319394997,17.052357919957586,-2.7877674037162876,CENTER,0.0,0.9753061637302812,0.027758333934817265,NORMAL,STABLE,NORMAL,NO_ACTION,False,0.0
2026-08-12T02:54:52.217778,0.3845370068716729,0.08585932368066869,0.043478260869565216,False,1,0.16190290451049805,False,0.0,-12.824026425387842,14.401732905005417,-2.091070471107713,CENTER,0.0,0.9758592812285665,0.024763937442832968,NORMAL,STABLE,NORMAL,NO_ACTION,False,0.0
2026-08-12T02:54:52.299255,0.3796847259107935,0.016099503279498512,0.0425531914893617,False,1,0.16190290451049805,False,0.0,-13.909162767342082,17.357179816507625,-2.0774313757118534,CENTER,0.0,0.9755276384602194,0.02793023904227041,NORMAL,STABLE,NORMAL,NO_ACTION,False,0.0
2026-08-12T02:54:52.376428,0.3474270416412231,0.030374400399205602,0.041666666666666664,False,1,0.16190290451049805,False,0.0,-13.292432191007805,14.124448260859452,-2.117749218051614,CENTER,0.0,0.9753720716520918,0.025040424360085342,NORMAL,STABLE,NORMAL,NO_ACTION,False,0.0
2026-08-12T02:54:52.458468,0.3554963922343977,0.03428229139646125,0.04081632653061224,False,1,0.16190290451049805,False,0.0,-14.340054827277811,14.040614274214448,-1.425455037070293,CENTER,0.0,0.9757083360125172,0.02532204573408268,NORMAL,STABLE,NORMAL,NO_ACTION,False,0.0
2026-08-12T02:54:52.537212,0.36281596640573355,0.03218796476591724,0.04,False,1,0.16190290451049805,False,0.0,-13.60028024991965,17.46897319936656,-1.7445662099649724,CENTER,0.0,0.9773587266375172,0.027392999457209185,NORMAL,STABLE,NORMAL,NO_ACTION,False,0.0
2026-08-12T02:54:52.648885,0.3194918093832875,0.011304199731980475,0.0392156862745098,False,1,0.16190290451049805,False,0.0,-14.635173187135791,13.882420941495582,-1.6250827512266994,CENTER,0.0,0.975386633016118,0.025684217139132916,NORMAL,STABLE,NORMAL,NO_ACTION,False,0.0
2026-08-12T02:54:52.729935,0.29405273202732485,0.01535984169700605,0.038461538461538464,False,1,0.16190290451049805,False,0.0,-13.100522064296229,15.558681579640819,-1.9843561134961192,CENTER,0.0,0.9776997599451303,0.03369269520155193,NORMAL,STABLE,NORMAL,NO_ACTION,False,0.0
2026-08-12T02:54:52.812986,0.2614013476573017,0.007093877681536875,0.03773584905660377,False,1,0.16190290451049805,False,0.0,-13.517507448447219,14.273977414284161,-1.7117969936895747,CENTER,0.0,0.9772395565414952,0.07643910960782355,NORMAL,STABLE,NORMAL,NO_ACTION,False,0.0
2026-08-12T02:54:52.891023,0.22447083966706038,0.008455533966302036,0.037037037037037035,False,1,0.16190290451049805,False,0.0,-14.298981697733637,11.857948501587543,-1.0516799118807398,CENTER,0.0,0.9761342458633402,0.12405173961543545,NORMAL,STABLE,NORMAL,NO_ACTION,False,0.0
2026-08-12T02:54:52.973582,0.2681480648434664,0.006117506674084974,0.03636363636363636,False,1,0.16190290451049805,False,0.0,-14.113794205252702,13.383683547031637,-1.565849790843771,CENTER,0.0,0.9762404755015434,0.06723415698891977,NORMAL,STABLE,NORMAL,NO_ACTION,False,0.0
2026-08-12T02:54:53.053512,0.25427970880512435,0.018109883393931443,0.03571428571428571,False,1,0.16190290451049805,False,0.0,-13.801682764320446,14.44629658657908,-2.091139193011344,CENTER,0.0,0.9770818999699931,0.08669802360534969,NORMAL,STABLE,NORMAL,NO_ACTION,False,0.0
2026-08-12T02:54:53.133970,0.2517963089871532,0.007998908866682265,0.03508771929824561,False,1,0.16190290451049805,False,0.0,-13.41056627582887,15.066364247378829,-1.6831271372950027,CENTER,0.0,0.9770371040166325,0.08968751881583673,NORMAL,STABLE,NORMAL,NO_ACTION,False,0.0
2026-08-12T02:54:53.212241,0.2035243288897907,0.013743045280262706,0.05172413793103448,True,1,0.16190290451049805,False,0.0,-14.50534433096118,12.99811820345613,-1.4874563622191488,CENTER,0.0,0.9736269182956104,0.153422232702134,NORMAL,STABLE,NORMAL,NO_ACTION,False,0.0
2026-08-12T02:54:53.293200,0.16294322725508142,0.013208710987680923,0.06779661016949153,True,1,0.16190290451049805,False,0.08095836639404297,-11.408565844476612,15.136173553040237,-1.7506933869613306,CENTER,0.0,0.9740707384902263,0.2063459238192126,LOW,STABLE,NORMAL,NO_ACTION,False,0.08095836639404297
2026-08-12T02:54:53.371824,0.225481238057309,0.012415212111522033,0.06666666666666667,False,2,0.15958237648010254,False,0.0,-13.174877127698949,13.71712781113365,-1.7117343672584582,CENTER,0.0,0.9741641750257202,0.12360041930084721,NORMAL,STABLE,NORMAL,NO_ACTION,False,0.0
2026-08-12T02:54:53.451683,0.18224450401937853,0.00688964347015849,0.08196721311475409,True,2,0.15958237648010254,False,0.0,-12.64554534474513,12.659390808917152,-1.207067976472274,UP,0.0,0.973145134066358,0.20548977490473738,LOW,STABLE,NORMAL,NO_ACTION,False,0.0
2026-08-12T02:54:53.531566,0.21187152083363417,0.01487655091929079,0.08064516129032258,False,3,0.07988333702087402,False,0.0,-11.692116244353514,12.99023461519431,-1.4705263292873383,UP,0.07988333702087402,0.9721084640775034,0.16556161229259708,NORMAL,STABLE,NORMAL,NO_ACTION,False,0.0
2026-08-12T02:54:53.613058,0.17137219863885206,0.013873681339858588,0.09523809523809523,True,3,0.07988333702087402,False,0.0,-13.605498501931208,15.9235670638231,-2.0531033517332276,UP,0.1613750457763672,0.975811752507716,0.22408274277559825,LOW,STABLE,NORMAL,NO_ACTION,False,0.0
2026-08-12T02:54:53.693058,0.19487948197966232,0.0031979928480659974,0.109375,True,3,0.07988333702087402,False,0.08000016212463379,-13.033643310063809,12.756116010169563,-1.7204798848978555,CENTER,0.0,0.9756828837662894,0.16826861533331355,NORMAL,STABLE,NORMAL,NO_ACTION,False,0.08000016212463379
2026-08-12T02:54:53.777014,0.14210338104584042,0.012783254803533537,0.12307692307692308,True,3,0.07988333702087402,False,0.1639564037322998,-12.408293160742147,13.657148426706357,-1.5488409633707363,UP,0.0,0.9766222591949588,0.26084216085504336,LOW,INCREASING,NORMAL,NO_ACTION,False,0.1639564037322998
2026-08-12T02:54:53.857655,0.14076393151356734,0.0076586750914178475,0.13636363636363635,True,3,0.07988333702087402,False,0.2445969581604004,-13.02326887155644,12.763020967796194,-1.339684885653753,UP,0.08064055442810059,0.9770187917952675,0.26723054805439195,LOW,INCREASING,NORMAL,NO_ACTION,False,0.2445969581604004
2026-08-12T02:54:53.938415,0.1614478142826402,0.007391329566740974,0.14925373134328357,True,3,0.07988333702087402,False,0.32535743713378906,-13.578041039491893,13.633334947799227,-1.2215092657179696,UP,0.16140103340148926,0.9764258884173526,0.25946082956951194,LOW,INCREASING,NORMAL,NO_ACTION,False,0.32535743713378906
2026-08-12T02:54:54.019026,0.22290461025466324,0.011381531359995162,0.14705882352941177,False,4,0.40596866607666016,False,0.0,-12.259611567482096,11.898802134730374,-1.2945467869291747,UP,0.24201226234436035,0.9762705091520918,0.20143148537767014,LOW,INCREASING,NORMAL,NO_ACTION,False,0.0
2026-08-12T02:54:54.098733,0.19466848655157057,0.014270718416193946,0.15942028985507245,True,4,0.40596866607666016,False,0.0,-13.49087862502904,13.575761415573368,-1.730156137509482,UP,0.3217189311981201,0.9779850796253429,0.24807666098120726,LOW,INCREASING,NORMAL,NO_ACTION,False,0.0
2026-08-12T02:54:54.178110,0.24009802810241748,0.012570729619538677,0.15714285714285714,False,5,0.0793766975402832,False,0.0,-12.563530396996015,12.825913683127055,-1.5018378975418898,CENTER,0.0,0.9777706109610769,0.1312483130452039,NORMAL,INCREASING,NORMAL,NO_ACTION,False,0.0
2026-08-12T02:54:54.257802,0.24474763584304043,0.009806017818455666,0.15492957746478872,False,5,0.0793766975402832,False,0.0,-12.313743330623737,12.642357785340977,-1.4106803173682465,CENTER,0.0,0.9767455150462963,0.12348131100322712,NORMAL,INCREASING,NORMAL,NO_ACTION,False,0.0
2026-08-12T02:54:54.337168,0.21734138634286465,0.013422885031453882,0.1527777777777778,False,5,0.0793766975402832,False,0.0,-13.083141278936495,13.67925688989439,-1.4390780672488859,CENTER,0.0,0.9774506360382373,0.16046419644483828,NORMAL,INCREASING,NORMAL,NO_ACTION,False,0.0
2026-08-12T02:54:54.416975,0.2218169646585214,0.019473737852036675,0.1506849315068493,False,5,0.0793766975402832,False,0.0,-13.540520837205918,12.44546998915797,-1.7660291035046214,CENTER,0.0,0.9737949968921468,0.15331454855121293,NORMAL,INCREASING,NORMAL,NO_ACTION,False,0.0
2026-08-12T02:54:54.498563,0.2483642267155275,0.0017922445222034965,0.14864864864864866,False,5,0.0793766975402832,False,0.0,-12.14328282238219,15.301638065635473,-1.7635817659082136,CENTER,0.0,0.9736071727109055,0.11761500061382255,NORMAL,INCREASING,NORMAL,NO_ACTION,False,0.0
2026-08-12T02:54:54.578121,0.2061026045697122,0.00501011290401986,0.16,True,5,0.0793766975402832,False,0.0,-11.47628715149338,13.87797941939428,-1.1768436010012522,CENTER,0.0,0.9743047384044925,0.17740400865679296,NORMAL,INCREASING,NORMAL,NO_ACTION,False,0.0
2026-08-12T02:54:54.659435,0.2155848677989563,0.0003682954353334324,0.15789473684210525,False,6,0.0813140869140625,False,0.0,-12.183518220551775,14.840628355087802,-1.4234401692027348,CENTER,0.0,0.9736036897719479,0.16532210658014163,NORMAL,INCREASING,NORMAL,NO_ACTION,False,0.0
2026-08-12T02:54:54.741575,0.11920331259536633,0.012740708443472842,0.16883116883116883,True,6,0.0813140869140625,False,0.0,-12.475804048255611,14.921654198203328,-1.598541190996201,CENTER,0.0,0.9731549264831961,0.258745407863196,LOW,INCREASING,NORMAL,NO_ACTION,False,0.0
2026-08-12T02:54:54.821314,0.19235073255911847,0.013137427477498837,0.1794871794871795,True,6,0.0813140869140625,False,0.07973837852478027,-12.510623209791646,16.081992217697433,-1.8826783646417198,CENTER,0.0,0.9735931739754801,0.20875093481959353,LOW,INCREASING,NORMAL,NO_ACTION,False,0.07973837852478027
2026-08-12T02:54:54.903977,0.1664482942532838,0.0037125954134341254,0.189873417721519,True,6,0.0813140869140625,False,0.1624011993408203,-12.178807430578075,11.137042552088388,-1.1565260403087905,CENTER,0.0,0.9727597870584705,0.2438905017085582,LOW,INCREASING,NORMAL,NO_ACTION,False,0.1624011993408203
2026-08-12T02:54:54.983245,0.23772445931966824,0.009367150037191758,0.1875,False,7,0.2416696548461914,False,0.0,-11.579231169121442,13.359006379402643,-1.521236634118452,CENTER,0.0,0.9725488549168382,0.15460344478595633,NORMAL,INCREASING,NORMAL,NO_ACTION,False,0.0
2026-08-12T02:54:55.063958,0.2100349471961504,0.009093902677626,0.18518518518518517,False,7,0.2416696548461914,False,0.0,-11.498040996105175,14.02976744577009,-1.4814459619800573,CENTER,0.0,0.97462014531893,0.19073332535139287,NORMAL,INCREASING,NORMAL,NO_ACTION,False,0.0
2026-08-12T02:54:55.142094,0.22436529058749466,0.00601459506442218,0.18292682926829268,False,7,0.2416696548461914,False,0.0,-12.216870421903621,14.640997281732552,-1.6335622675184993,CENTER,0.0,0.9753967335390948,0.1717771551235997,NORMAL,INCREASING,NORMAL,NO_ACTION,False,0.0
2026-08-12T02:54:55.223209,0.18462593124447185,0.016086988647688868,0.1927710843373494,True,7,0.2416696548461914,False,0.0,-13.855564801258453,13.437190162325066,-2.0653573022466674,CENTER,0.0,0.976980425883059,0.23080948348355526,LOW,INCREASING,NORMAL,NO_ACTION,False,0.0
2026-08-12T02:54:55.300624,0.2000445855569342,0.013575322950416219,0.20238095238095238,True,7,0.2416696548461914,False,0.07741475105285645,-12.305505539854238,16.27496280393646,-2.317482545068657,CENTER,0.0,0.9762084726508917,0.21585585183052855,LOW,INCREASING,NORMAL,NO_ACTION,False,0.07741475105285645
2026-08-12T02:54:55.381954,0.2177189549762004,0.011221197042726068,0.2,False,8,0.15874433517456055,False,0.0,-12.731858812398997,15.793034103812488,-2.0776065736766895,CENTER,0.0,0.9767907664609053,0.1853751068858925,NORMAL,INCREASING,NORMAL,NO_ACTION,False,0.0
2026-08-12T02:54:55.460248,0.21895071539959116,0.011620472952393537,0.19767441860465115,False,8,0.15874433517456055,False,0.0,-13.61372513054721,15.47111591885718,-1.9709833903730214,CENTER,0.0,0.9775205091520919,0.18308400291626478,NORMAL,INCREASING,NORMAL,NO_ACTION,False,0.0
2026-08-12T02:54:55.541602,0.1630314547559794,0.009230600636404147,0.20689655172413793,True,8,0.15874433517456055,False,0.0,-12.42148891403096,16.343254128885235,-2.0863241186712287,CENTER,0.0,0.977177345893347,0.261846950793486,LOW,INCREASING,NORMAL,NO_ACTION,False,0.0
2026-08-12T02:54:55.621098,0.21068646272209063,0.011920335399590698,0.20454545454545456,False,9,0.07949590682983398,False,0.0,-11.093157857166545,15.50357956239634,-2.034952263062422,CENTER,0.0,0.9770963407707475,0.19519635714670577,NORMAL,INCREASING,NORMAL,NO_ACTION,False,0.0
2026-08-12T02:54:55.704740,0.1949131743956603,0.010117306000640999,0.21348314606741572,True,9,0.07949590682983398,False,0.0,-11.887559935608238,12.356165225997358,-1.3552665489397668,CENTER,0.0,0.9767316904578189,0.2185335890433903,LOW,INCREASING,NORMAL,NO_ACTION,False,0.0
2026-08-12T02:54:55.783012,0.14678223914023525,0.003216263554694467,0.2222222222222222,True,9,0.07949590682983398,False,0.07827138900756836,-11.86060306386159,15.722731630419958,-1.9194778745628867,CENTER,0.0,0.9783440500685872,0.2857361248589713,LOW,INCREASING,NORMAL,NO_ACTION,False,0.07827138900756836
2026-08-12T02:54:55.863451,0.21059368965886482,0.016083224857979556,0.21978021978021978,False,10,0.15871024131774902,False,0.0,-12.128621663610431,12.274232407037886,-1.0407090433357098,CENTER,0.0,0.9777294586977023,0.20064482480117302,LOW,INCREASING,NORMAL,NO_ACTION,False,0.0
2026-08-12T02:54:55.944757,0.08534825302310496,0.013789107624567736,0.22826086956521738,True,10,0.15871024131774902,False,0.0,-12.107273258160689,11.949430372623482,-1.3498516418840723,UP,0.0,0.977457749271262,0.31171929180732433,LOW,INCREASING,NORMAL,NO_ACTION,False,0.0
2026-08-12T02:54:56.027602,0.11641500094235172,0.0052623803598898684,0.23655913978494625,True,10,0.15871024131774902,False,0.08284544944763184,-12.987992300419421,11.117681330091074,-1.6011314388964024,UP,0.08284544944763184,0.9774240317429698,0.3163577922316949,LOW,INCREASING,NORMAL,NO_ACTION,False,0.08284544944763184
2026-08-12T02:54:56.104082,0.20310340621700446,0.01011333517903481,0.24468085106382978,True,10,0.15871024131774902,False,0.15932536125183105,-14.113052960949716,8.996322258086053,-1.274866882471514,UP,0.15932536125183105,0.9750500605495541,0.2488512246485619,LOW,INCREASING,NORMAL,NO_ACTION,False,0.15932536125183105
2026-08-12T02:54:56.188861,0.2086420118918489,0.01281018242747569,0.25263157894736843,True,10,0.15871024131774902,False,0.24410414695739746,-13.014818125879316,11.429094030875547,-2.0283317675900605,UP,0.24410414695739746,0.9742539678712276,0.2468667821672293,LOW,INCREASING,NORMAL,NO_ACTION,False,0.24410414695739746
2026-08-12T02:54:56.266912,0.17209920608645912,0.02021688106246603,0.2604166666666667,True,10,0.15871024131774902,False,0.3221554756164551,-14.604474753130518,10.150470621416446,-2.399011180059233,UP,0.3221554756164551,0.9691436390817901,0.3004473478617788,LOW,INCREASING,NORMAL,NO_ACTION,False,0.3221554756164551
2026-08-12T02:54:56.348354,0.19167294318244432,0.010142700188921662,0.26804123711340205,True,10,0.15871024131774902,False,0.4035966396331787,-18.13881244890345,7.415756444264048,-1.2150781695037551,UP,0.4035966396331787,0.9659800454389575,0.27844959826683957,LOW,INCREASING,NORMAL,NO_ACTION,False,0.4035966396331787
2026-08-12T02:54:56.425220,0.22213271487818614,0.009181856367845525,0.2653061224489796,False,11,0.48046302795410156,False,0.0,-15.46376750869365,10.341594517297807,-1.6104680503931377,UP,0.48046302795410156,0.9653543220593278,0.27378196428536494,LOW,INCREASING,NORMAL,NO_ACTION,False,0.0
2026-08-12T02:54:56.509113,0.18373206841836026,0.004040209038435733,0.2727272727272727,True,11,0.48046302795410156,False,0.0,-16.046920640949736,12.862142978355337,-1.8795968127578249,CENTER,0.0,0.964254624271262,0.30533451338023343,LOW,INCREASING,NORMAL,NO_ACTION,False,0.0
2026-08-12T02:54:56.587912,0.1411462070731675,0.005421726406776938,0.28,True,11,0.48046302795410156,False,0.07879900932312012,-15.519322715883789,11.627707884156791,-1.8314776386430651,UP,0.0,0.9636305084019205,0.3785010375405008,MODERATE,INCREASING,NORMAL,NO_ACTION,False,0.07879900932312012
2026-08-12T02:54:56.678477,0.23655465090918565,0.006919595627584471,0.27722772277227725,False,12,0.16936421394348145,False,0.0,-14.904934186995746,11.610185001822515,-1.8998973658625573,CENTER,0.0,0.9639796462405694,0.19777522417055238,NORMAL,INCREASING,NORMAL,NO_ACTION,False,0.0
2026-08-12T02:54:56.772112,0.24372294599924746,0.003231132385187695,0.27450980392156865,False,12,0.16936421394348145,False,0.0,-17.631640598883024,12.508392907336656,-1.6636307149408935,CENTER,0.0,0.9659448275677297,0.1899054449192872,NORMAL,INCREASING,NORMAL,NO_ACTION,False,0.0
2026-08-12T02:54:56.867958,0.11908663486186755,0.016577291670522975,0.2815533980582524,True,12,0.16936421394348145,False,0.0,-15.695548944025603,10.964185293525247,-1.734169323980808,UP,0.0,0.9652931161051097,0.34147945044364136,LOW,INCREASING,NORMAL,NO_ACTION,False,0.0
2026-08-12T02:54:56.961518,0.2157462079895263,0.01076214631124511,0.27884615384615385,False,13,0.09355998039245605,False,0.0,-17.320311347896137,10.875871551231796,-1.8064771055532276,UP,0.09355998039245605,0.9651415010931069,0.2540346512718087,LOW,INCREASING,NORMAL,NO_ACTION,False,0.0
2026-08-12T02:54:57.050232,0.23078108063726205,0.010523970523499845,0.2761904761904762,False,13,0.09355998039245605,False,0.0,-15.124640620275414,10.51863670553621,-1.4403524444147706,CENTER,0.0,0.9672123360339506,0.2039353985581443,LOW,INCREASING,NORMAL,NO_ACTION,False,0.0
2026-08-12T02:54:57.184529,0.20949928397343529,0.004987115176872568,0.2830188679245283,True,13,0.09355998039245605,False,0.0,-15.430544532296068,13.36176597743588,-2.289443228954923,CENTER,0.0,0.9669791532707477,0.23889091156629583,LOW,INCREASING,NORMAL,NO_ACTION,False,0.0
2026-08-12T02:54:57.273165,0.24480182551044755,0.013217882536477182,0.2803738317757009,False,14,0.08863615989685059,False,0.0,-16.85319091702695,11.139364208620634,-1.8598887625770146,CENTER,0.0,0.9660262345679013,0.18984958090124648,NORMAL,INCREASING,NORMAL,NO_ACTION,False,0.0
2026-08-12T02:54:57.357582,0.2231457530304237,0.005966880591054824,0.2777777777777778,False,14,0.08863615989685059,False,0.0,-15.898477316328666,13.615318812263354,-2.0322689718369134,CENTER,0.0,0.967192309134945,0.21846114856430324,LOW,INCREASING,NORMAL,NO_ACTION,False,0.0
2026-08-12T02:54:57.439740,0.18323660521681273,0.0067785318894051086,0.28440366972477066,True,14,0.08863615989685059,False,0.0,-14.702074602807727,9.723853944477156,-1.6042817142711385,CENTER,0.0,0.9661059536822704,0.270611561838537,LOW,INCREASING,NORMAL,NO_ACTION,False,0.0
2026-08-12T02:54:57.518543,0.1809888837141933,0.008345615687248842,0.2909090909090909,True,14,0.08863615989685059,False,0.07880282402038574,-15.458804507364448,12.669239961019798,-2.05488285576115,CENTER,0.0,0.9662702680255488,0.2801510727497378,LOW,INCREASING,NORMAL,NO_ACTION,False,0.07880282402038574
2026-08-12T02:54:57.600513,0.2097357585796079,0.003953204379895922,0.2972972972972973,True,14,0.08863615989685059,False,0.16077280044555664,-15.354423922194968,12.235393050391764,-1.6479498495814653,CENTER,0.0,0.9663757207004456,0.24421029952579465,LOW,INCREASING,NORMAL,NO_ACTION,False,0.16077280044555664
2026-08-12T02:54:57.689807,0.18599828711652377,0.008072424410498302,0.30357142857142855,True,14,0.08863615989685059,False,0.25006699562072754,-14.153385417317196,13.046496525199757,-2.230526526961313,CENTER,0.0,0.9662757469564471,0.27898756823378024,LOW,INCREASING,NORMAL,NO_ACTION,False,0.25006699562072754
2026-08-12T02:54:57.788365,0.23960741752575326,0.003876672860491747,0.3008849557522124,False,15,0.34862494468688965,False,0.0,-15.057590925865611,11.769164474547296,-2.191974979470359,CENTER,0.0,0.9644603989840534,0.22589322568122075,LOW,INCREASING,NORMAL,NO_ACTION,False,0.0
2026-08-12T02:54:57.870893,0.18343891843544846,0.0029993589149840097,0.30701754385964913,True,15,0.34862494468688965,False,0.0,-16.193767865223407,14.463155942920338,-1.8093896061129158,UP,0.0,0.9631712025248629,0.3325221931275412,LOW,INCREASING,NORMAL,NO_ACTION,False,0.0
2026-08-12T02:54:57.954563,0.1782902067658452,0.007908749961838938,0.3130434782608696,True,15,0.34862494468688965,False,0.08367085456848145,-15.54668500785661,11.314753501624637,-1.9371754699136545,UP,0.08367085456848145,0.962577736518347,0.3396261992417712,LOW,INCREASING,NORMAL,NO_ACTION,False,0.08367085456848145
2026-08-12T02:54:58.036602,0.17917347902790726,0.00910511959816738,0.31896551724137934,True,15,0.34862494468688965,False,0.1657094955444336,-16.243332457819605,11.814722517434149,-1.9915060927991988,CENTER,0.0,0.961979635523834,0.31649377518640065,LOW,INCREASING,NORMAL,NO_ACTION,False,0.1657094955444336
2026-08-12T02:54:58.114801,0.15984043368713008,0.0076082586361234505,0.3247863247863248,True,15,0.34862494468688965,False,0.24390888214111328,-16.217184090684725,12.49305557637058,-2.352888296785096,CENTER,0.0,0.962202637388546,0.34599429772462764,LOW,INCREASING,NORMAL,NO_ACTION,False,0.24390888214111328
2026-08-12T02:54:58.194303,0.21658329327109468,0.006278638113697477,0.3220338983050847,False,16,0.3234105110168457,False,0.0,-15.889970326797311,11.851480383043366,-1.8410548364966814,CENTER,0.0,0.9619960187328532,0.26432768261980993,LOW,INCREASING,NORMAL,NO_ACTION,False,0.0
2026-08-12T02:54:58.274392,0.13797677284947624,0.01315619579995561,0.3277310924369748,True,16,0.3234105110168457,False,0.0,-16.45161866369469,12.434276628408185,-2.1647331092044055,CENTER,0.0,0.9617224204818244,0.35722744918182003,MODERATE,INCREASING,NORMAL,NO_ACTION,False,0.0
2026-08-12T02:54:58.354508,0.19398198676174166,0.004963936361882432,0.3333333333333333,True,16,0.3234105110168457,False,0.08011627197265625,-16.078178612616625,12.728829949787126,-2.1780771686327967,CENTER,0.0,0.9632046655306927,0.30125189446560285,LOW,INCREASING,NORMAL,NO_ACTION,False,0.08011627197265625
2026-08-12T02:54:58.437414,0.12462627444814187,0.003513940564081589,0.33884297520661155,True,16,0.3234105110168457,False,0.16302180290222168,-16.430502587960603,14.09425319159979,-2.6388436612815553,CENTER,0.0,0.9630133048268176,0.3644184794320886,MODERATE,INCREASING,NORMAL,NO_ACTION,False,0.16302180290222168
2026-08-12T02:54:58.515671,0.2588592439052724,0.006767129936699235,0.3360655737704918,False,17,0.24127840995788574,False,0.0,-15.189723552148621,12.805927479331757,-1.9275109183304266,CENTER,0.0,0.9648467238940329,0.20412290456443133,LOW,INCREASING,NORMAL,NO_ACTION,False,0.0
2026-08-12T02:54:58.594668,0.20374222882861726,0.008567721250746473,0.34146341463414637,True,17,0.24127840995788574,False,0.0,-14.774814822019295,14.438622911891969,-2.2593172898760088,CENTER,0.0,0.9657486979166666,0.2814103228618635,LOW,INCREASING,NORMAL,NO_ACTION,False,0.0
2026-08-12T02:54:58.675604,0.21359137444476373,0.008509923796068426,0.3387096774193548,False,18,0.08093571662902832,False,0.0,-17.02510711095681,12.505882154634776,-1.341561981006521,CENTER,0.0,0.9667450997728052,0.26128478753911927,LOW,INCREASING,NORMAL,NO_ACTION,False,0.0
2026-08-12T02:54:58.759575,0.15652717658948734,0.009462480735481626,0.344,True,18,0.08093571662902832,False,0.0,-15.070786342858185,12.209762255585161,-1.8559878694500753,CENTER,0.0,0.9645130717378257,0.3384151161586067,LOW,INCREASING,NORMAL,NO_ACTION,False,0.0
2026-08-12T02:54:58.838907,0.18512169596270955,0.00958444975312309,0.3492063492063492,True,18,0.08093571662902832,False,0.07933163642883301,-15.488596657820949,11.616896246028801,-1.7755902310031217,CENTER,0.0,0.9645812167781207,0.3027889998346355,LOW,INCREASING,NORMAL,NO_ACTION,False,0.07933163642883301
2026-08-12T02:54:58.920407,0.20218187657854558,0.0020635921512020565,0.3543307086614173,True,18,0.08093571662902832,False,0.16083168983459473,-15.575656461056695,13.392377197254575,-2.1597759792316538,CENTER,0.0,0.9658291939943415,0.2843403558850168,LOW,INCREASING,NORMAL,NO_ACTION,False,0.16083168983459473
2026-08-12T02:54:59.001549,0.1780578839125635,0.013647379233986614,0.359375,True,18,0.08093571662902832,False,0.2419743537902832,-15.687074206662999,11.657855925575177,-2.119494676001551,CENTER,0.0,0.9661115397805212,0.3178436170609522,LOW,INCREASING,NORMAL,NO_ACTION,False,0.2419743537902832
2026-08-12T02:54:59.082353,0.23114904121485508,0.004629188583970877,0.35658914728682173,False,19,0.32277798652648926,False,0.0,-14.771225610920936,13.190563893606793,-2.262854258742408,CENTER,0.0,0.9658828848379629,0.26239595661737963,LOW,INCREASING,NORMAL,NO_ACTION,False,0.0
2026-08-12T02:54:59.160287,0.24251901564048559,0.0035442414627636113,0.35384615384615387,False,19,0.32277798652648926,False,0.0,-15.144552506622972,12.094571738296679,-1.790214855429781,CENTER,0.0,0.9660150087877228,0.24497730983967086,LOW,INCREASING,NORMAL,NO_ACTION,False,0.0
2026-08-12T02:54:59.239503,0.07767786262659294,0.003182219699808298,0.35877862595419846,True,19,0.32277798652648926,False,0.0,-16.520798510308765,11.3343894167852,-1.8808281450950233,CENTER,0.0,0.9657571775334363,0.37166574402017966,MODERATE,INCREASING,NORMAL,NO_ACTION,False,0.0
2026-08-12T02:54:59.319353,0.10759133216715254,0.0020092922489695604,0.36363636363636365,True,19,0.32277798652648926,False,0.0798494815826416,-16.045611732921742,11.785536048856784,-1.8389969439517415,UP,0.0,0.9653610334147806,0.3999225718199144,MODERATE,INCREASING,NORMAL,NO_ACTION,False,0.0798494815826416
2026-08-12T02:54:59.399896,0.36276796623450863,0.010472074833712442,0.3609022556390977,False,20,0.16039323806762695,False,0.0,-15.332294118612765,9.755467819411763,-1.5287780230553096,UP,0.08054375648498535,0.9648350560485254,0.17973333145517478,NORMAL,INCREASING,NORMAL,NO_ACTION,False,0.0
2026-08-12T02:54:59.477899,0.392697156583737,0.010455779035710738,0.3582089552238806,False,20,0.16039323806762695,False,0.0,-13.958154333541756,12.993780064757033,-1.5162020530355562,UP,0.15854644775390625,0.9633287117412552,0.17939010640133926,NORMAL,INCREASING,NORMAL,NO_ACTION,False,0.0
2026-08-12T02:54:59.559403,0.3720556698610973,0.010852510608473752,0.35555555555555557,False,20,0.16039323806762695,False,0.0,-15.800757202106581,13.235713144289434,-1.833935570345318,UP,0.2400503158569336,0.9642601433899175,0.1803184599406442,NORMAL,INCREASING,NORMAL,NO_ACTION,False,0.0
2026-08-12T02:54:59.638811,0.38195041586497147,0.010137625634196802,0.35294117647058826,False,20,0.16039323806762695,False,0.0,-15.356401618294086,13.339274854752063,-1.7820641576739717,CENTER,0.0,0.9636736968449932,0.1526082167479917,NORMAL,INCREASING,NORMAL,NO_ACTION,False,0.0
2026-08-12T02:54:59.723782,0.04924041208724144,0.004684668000088185,0.35766423357664234,True,20,0.16039323806762695,False,0.0,-16.79720321395658,9.523436137221381,-1.1906276788061803,UP,0.0,0.8538596172747648,0.2607521058717955,LOW,INCREASING,NORMAL,NO_ACTION,False,0.0
2026-08-12T02:54:59.804763,0.1222512445880052,0.0045203917760523816,0.36231884057971014,True,20,0.16039323806762695,False,0.08098101615905762,-16.244678181497477,12.923742983799855,-1.9044479418575975,UP,0.08098101615905762,0.964637251907579,0.38397017093397834,MODERATE,INCREASING,NORMAL,NO_ACTION,False,0.08098101615905762
2026-08-12T02:54:59.887074,0.3033884279727177,0.005178347772449796,0.3597122302158273,False,21,0.16329264640808105,False,0.0,-15.323834940198367,10.349066130872274,-1.5576835049830606,UP,0.16329264640808105,0.9662985869984568,0.1795867176681628,NORMAL,STABLE,NORMAL,NO_ACTION,False,0.0
2026-08-12T02:54:59.968234,0.41921465650218426,0.011455973683721718,0.35714285714285715,False,21,0.16329264640808105,False,0.0,-17.38591501753214,10.341337659278906,-1.6472558285584569,UP,0.24445176124572754,0.9643115971150549,0.180368411028995,NORMAL,STABLE,NORMAL,NO_ACTION,False,0.0
2026-08-12T02:55:00.053120,0.43773385748584936,0.011506569186008769,0.3546099290780142,False,21,0.16329264640808105,False,0.0,-14.294940112579127,14.187558702420063,-1.7212626137040559,UP,0.32933855056762695,0.9650621570644718,0.17897454474569427,NORMAL,STABLE,NORMAL,NO_ACTION,False,0.0
2026-08-12T02:55:00.139757,0.09005239847937509,0.006833854048672918,0.3591549295774648,True,21,0.16329264640808105,False,0.0,-16.195219241206104,10.232913329084226,-1.4246676862525476,UP,0.41597509384155273,0.9660876548568245,0.379935200715809,MODERATE,STABLE,NORMAL,NO_ACTION,False,0.0
2026-08-12T02:55:00.220944,0.18737090979254045,0.011798082330973651,0.36363636363636365,True,21,0.16329264640808105,False,0.08118677139282227,-18.306419578662428,9.969379557439169,-1.584723325724724,UP,0.497161865234375,0.9637027391975309,0.33434484346087345,LOW,STABLE,NORMAL,NO_ACTION,False,0.08118677139282227
2026-08-12T02:55:00.298796,0.26932370358675894,0.015649460277222423,0.3611111111111111,False,22,0.15903902053833008,False,0.0,-17.89789120350548,11.004825520304308,-1.962642550284869,UP,0.5750141143798828,0.963198329260974,0.2234474503683564,LOW,STABLE,NORMAL,NO_ACTION,False,0.0
2026-08-12T02:55:00.382873,0.3490773234213966,0.007210471286152838,0.3586206896551724,False,22,0.15903902053833008,False,0.0,-17.075153012276758,12.618955909587044,-2.00963781022557,UP,0.6590907573699951,0.9585941920653294,0.18536258141073073,NORMAL,STABLE,NORMAL,NO_ACTION,False,0.0
2026-08-12T02:55:00.463447,0.35210922057092,0.007157554898633091,0.3561643835616438,False,22,0.15903902053833008,False,0.0,-18.903917165368938,12.169240452134602,-1.9605084572534395,UP,0.7396652698516846,0.9455049725651576,0.18901491847457294,NORMAL,STABLE,NORMAL,NO_ACTION,False,0.0
2026-08-12T02:55:00.547415,0.3025878514115094,0.009049185101043522,0.35374149659863946,False,22,0.15903902053833008,False,0.0,-17.27409318506608,10.42276847181472,-1.6511438109972687,UP,0.8236336708068848,0.9441384414651921,0.18831339800087857,NORMAL,STABLE,NORMAL,NO_ACTION,False,0.0
2026-08-12T02:55:00.626454,0.32221696657141546,0.01052355424729896,0.35135135135135137,False,22,0.15903902053833008,False,0.0,-26.74920212229742,14.195957471647972,-3.9546900911953173,CENTER,0.0,0.9457791602366254,0.16549502264782184,NORMAL,STABLE,NORMAL,NO_ACTION,False,0.0
2026-08-12T02:55:00.709728,0.35177033065678676,0.009103667567126867,0.348993288590604,False,22,0.15903902053833008,False,0.0,-26.8220193959217,6.231986651915719,-2.656162906942228,CENTER,0.0,0.949020222479424,0.15738392131703605,NORMAL,STABLE,NORMAL,NO_ACTION,False,0.0
2026-08-12T02:55:00.788877,0.2507845555213141,0.015983252290362203,0.3466666666666667,False,22,0.15903902053833008,False,0.0,-39.803066517695356,10.406023845224496,-9.53125837345803,UP,0.0,0.952075523512517,0.2699765153105392,LOW,STABLE,NORMAL,NO_ACTION,False,0.0
2026-08-12T02:55:00.870076,0.28207348141269245,0.001228082625808887,0.3443708609271523,False,22,0.15903902053833008,False,0.0,64.15768273483779,29.04674736887705,161.92563599682376,UP,0.08119893074035645,0.8881792373971192,0.2443201429026082,LOW,STABLE,NORMAL,NO_ACTION,False,0.0
2026-08-12T02:55:00.951204,0.3027143045964129,0.009599305855869862,0.34210526315789475,False,22,0.15903902053833008,False,0.0,-21.213503495117266,24.739141280914566,-12.01155087024432,UP,0.16232752799987793,0.9519277933170438,0.19691428596699312,NORMAL,STABLE,NORMAL,NO_ACTION,False,0.0
2026-08-12T02:55:01.031037,0.2939104987529936,0.00673094539435195,0.33986928104575165,False,22,0.15903902053833008,False,0.0,-16.98077570289496,13.426424453549487,-3.048042642385923,UP,0.24215984344482422,0.9530346847136488,0.1830378478826443,NORMAL,STABLE,NORMAL,NO_ACTION,False,0.0
2026-08-12T02:55:01.107116,0.20459686764718096,0.001059461055251242,0.34415584415584416,True,22,0.15903902053833008,False,0.0,-16.880151982101125,8.606611420406693,-0.6821382872319077,UP,0.3182389736175537,0.956702206039952,0.29840981964836927,LOW,STABLE,NORMAL,NO_ACTION,False,0.0
2026-08-12T02:55:01.187621,0.14159128601742504,0.0016313898059255858,0.34838709677419355,True,22,0.15903902053833008,False,0.0805056095123291,-17.823560397272843,10.200115923640624,-1.0618318697561335,UP,0.3987445831298828,0.9545535542052469,0.37574623207056884,MODERATE,STABLE,NORMAL,NO_ACTION,False,0.0805056095123291
2026-08-12T02:55:01.264452,0.05391691147485505,0.007829468142820564,0.3525641025641026,True,22,0.15903902053833008,False,0.15733671188354492,-21.313853482542896,7.151631881053021,-0.6131197213386201,UP,0.47557568550109863,0.9549959142446846,0.3785619818369199,MODERATE,STABLE,NORMAL,NO_ACTION,False,0.15733671188354492
2026-08-12T02:55:01.344343,0.06619590130805364,0.010758744283263037,0.35668789808917195,True,22,0.15903902053833008,False,0.2372269630432129,-19.941816017814745,7.982982468679296,-0.6507298688212586,UP,0.5554659366607666,0.9561550765174897,0.3780094859736556,MODERATE,STABLE,NORMAL,NO_ACTION,False,0.2372269630432129
2026-08-12T02:55:01.422475,0.20764155294977005,0.006886631693555344,0.36075949367088606,True,22,0.15903902053833008,False,0.31535935401916504,-18.63720334191777,8.924332736160693,-1.1984172827740451,UP,0.6335983276367188,0.9616827953532235,0.30652658986286374,LOW,STABLE,NORMAL,NO_ACTION,False,0.31535935401916504
2026-08-12T02:55:01.504102,0.20414731129064795,0.004141698151279743,0.36477987421383645,True,22,0.15903902053833008,False,0.396986722946167,-19.948475122134084,10.847835248296036,-1.2375364769345083,UP,0.7152256965637207,0.9652405237268518,0.31942252775261387,LOW,STABLE,NORMAL,NO_ACTION,False,0.396986722946167
2026-08-12T02:55:01.583180,0.284696069205825,0.0034488419290610545,0.3625,False,23,0.47606444358825684,False,0.0,-19.457480770000956,6.44826742035761,-0.6945426165595165,UP,0.7943034172058105,0.9643552946030521,0.24694638245875433,LOW,INCREASING,NORMAL,NO_ACTION,False,0.0
2026-08-12T02:55:01.697456,0.2709551071953842,0.007632706875425641,0.36024844720496896,False,23,0.47606444358825684,False,0.0,-20.9004673768587,8.839241959103248,-0.7889486879449521,UP,0.9085793495178223,0.9440267195001715,0.2723011129620087,LOW,INCREASING,NORMAL,NO_ACTION,False,0.0
2026-08-12T02:55:01.776587,0.24589526199554446,0.004686934019375697,0.35802469135802467,False,23,0.47606444358825684,False,0.0,-21.306256954731083,8.587135720048138,-1.0747412442107134,UP,0.9877104759216309,0.9386214259687929,0.30851526870197,LOW,INCREASING,NORMAL,NO_ACTION,False,0.0
2026-08-12T02:55:01.855524,0.2667982375019833,0.005791792450880675,0.3558282208588957,False,23,0.47606444358825684,False,0.0,-20.551410146699936,8.683431944647822,-1.4220771188053902,CENTER,0.0,0.9392740885416666,0.23642274149130327,LOW,INCREASING,NORMAL,NO_ACTION,False,0.0
2026-08-12T02:55:01.936251,0.1829541477513618,0.007582853579490912,0.3597560975609756,True,23,0.47606444358825684,False,0.0,-22.294617453697043,6.3691874092099,-2.0318876402717763,UP,0.0,0.9537450167181069,0.3767732696986909,MODERATE,INCREASING,NORMAL,NO_ACTION,False,0.0
2026-08-12T02:55:02.017911,0.12647890888451696,0.01177928444440375,0.36363636363636365,True,23,0.47606444358825684,False,0.08166027069091797,-23.410043591231016,8.88490698996398,-2.7989332317187063,UP,0.08166027069091797,0.9611998724708506,0.42628192554480093,MODERATE,INCREASING,NORMAL,NO_ACTION,False,0.08166027069091797
2026-08-12T02:55:02.097068,0.3312598945341102,0.025387417777944645,0.3614457831325301,False,24,0.16081666946411133,False,0.0,-8.987771038780807,10.494962725752202,-1.8313136195300785,UP,0.16081666946411133,0.9976129142018175,0.17472096468731138,NORMAL,STABLE,NORMAL,NO_ACTION,False,0.0
2026-08-12T02:55:02.175886,0.3233136797233238,0.012195423033259307,0.3592814371257485,False,24,0.16081666946411133,False,0.0,-13.554228048204436,7.784881216709607,-0.3573103298247702,UP,0.23963475227355957,0.9853350051440329,0.17465942899082226,NORMAL,STABLE,NORMAL,NO_ACTION,False,0.0
2026-08-12T02:55:02.253403,0.24586066955522767,0.07735145602205437,0.35714285714285715,False,24,0.16081666946411133,False,0.0,-2.9732517316228666,13.7410304316669,-1.3393136131701908,UP,0.3171522617340088,0.9359020142103909,0.24083412073416663,LOW,STABLE,NORMAL,NO_ACTION,False,0.0
2026-08-12T02:55:02.333681,0.2924326804916018,0.019478443461098484,0.35502958579881655,False,24,0.16081666946411133,False,0.0,-11.01517690917592,8.275899001043513,-0.7870341975288113,UP,0.3974301815032959,0.9267074706361453,0.18094668258818625,NORMAL,STABLE,NORMAL,NO_ACTION,False,0.0
2026-08-12T02:55:02.412606,0.26802607991459326,0.040271439121426944,0.35294117647058826,False,24,0.16081666946411133,False,0.0,3.488592443717522,9.496266940856287,-0.2490546979742021,UP,0.47635459899902344,0.8839528142146776,0.20556011246141725,LOW,STABLE,NORMAL,NO_ACTION,False,0.0
2026-08-12T02:55:02.493280,0.23374505427595368,0.012008957107832235,0.3508771929824561,False,24,0.16081666946411133,False,0.0,-9.789809280754326,11.613851080816545,-0.9080716134455713,UP,0.5570290088653564,0.8749971466692387,0.2566058922602375,LOW,STABLE,NORMAL,NO_ACTION,False,0.0
2026-08-12T02:55:02.570660,0.26111780011236074,0.014615554868548925,0.3488372093023256,False,24,0.16081666946411133,False,0.0,-12.438118537128759,17.075897974009848,-0.8083099488119956,UP,0.6344091892242432,0.8678584078146434,0.22884101570579352,LOW,STABLE,NORMAL,NO_ACTION,False,0.0
2026-08-12T02:55:02.648948,0.28747822886583685,0.003895330895715163,0.3468208092485549,False,24,0.16081666946411133,False,0.0,-11.024542200308275,13.597223137822937,-0.4240346476917978,UP,0.7126970291137695,0.9255304248113854,0.19183440959200088,NORMAL,STABLE,NORMAL,NO_ACTION,False,0.0
2026-08-12T02:55:02.727529,0.25930179677692367,0.0027825361017140976,0.3448275862068966,False,24,0.16081666946411133,False,0.0,-10.797583419409875,12.726891381991123,-0.6713767235579837,UP,0.7912778854370117,0.9267936599794239,0.23120260005374615,LOW,STABLE,NORMAL,NO_ACTION,False,0.0
2026-08-12T02:55:02.811878,0.274274581075817,0.004746357801839221,0.34285714285714286,False,24,0.16081666946411133,False,0.0,-10.979465088016724,10.970765632288618,0.11406419732762174,CENTER,0.0,0.9151735441315157,0.17433511855891104,NORMAL,STABLE,NORMAL,NO_ACTION,False,0.0
2026-08-12T02:55:02.892159,0.20863353636500392,0.017749438113381328,0.3465909090909091,True,24,0.16081666946411133,False,0.0,-9.266519928574837,14.777079517809938,-0.3119777398550809,CENTER,0.0,0.9104794533393348,0.26501347976161493,LOW,STABLE,NORMAL,NO_ACTION,False,0.0
2026-08-12T02:55:02.976153,0.29595350647839325,0.011815841587513642,0.3446327683615819,False,25,0.08399415016174316,False,0.0,1.6134587939254743,14.991748210221601,179.81028676818892,CENTER,0.0,0.8610814713005829,0.17575739610255245,NORMAL,STABLE,NORMAL,NO_ACTION,False,0.0
2026-08-12T02:55:03.053788,0.2833813685937809,0.014967919478367743,0.34269662921348315,False,25,0.08399415016174316,False,0.0,-4.768691503228041,7.561922475534175,-0.2226323816844058,CENTER,0.0,0.8874972806284294,0.15377433830690926,NORMAL,STABLE,NORMAL,NO_ACTION,False,0.0
2026-08-12T02:55:03.133255,0.2609193205001145,0.005545794967713981,0.3407821229050279,False,25,0.08399415016174316,False,0.0,-6.69270270096888,12.37444404524561,0.06486872475312566,CENTER,0.0,0.8837120359653635,0.18794302359869686,NORMAL,STABLE,NORMAL,NO_ACTION,False,0.0
2026-08-12T02:55:03.210812,0.36121336017762967,0.004960892102618331,0.3388888888888889,False,25,0.08399415016174316,False,0.0,-5.658468707722335,12.111123840359198,-0.3222441203755295,CENTER,0.0,0.8823800797325104,0.13395057216361295,NORMAL,STABLE,NORMAL,NO_ACTION,False,0.0
2026-08-12T02:55:03.291542,0.381246903242791,0.009596585276815213,0.3370165745856354,False,25,0.08399415016174316,False,0.0,-4.853104312972135,11.825301728307466,0.07537755862676931,CENTER,0.0,0.8820344784164952,0.13179472849146834,NORMAL,STABLE,NORMAL,NO_ACTION,False,0.0
2026-08-12T02:55:03.372696,0.3631583934707794,0.0030412180559417578,0.33516483516483514,False,25,0.08399415016174316,False,0.0,-5.3015756727923815,13.706383185792106,0.09980766326867752,CENTER,0.0,0.8829068340620714,0.13268280420688178,NORMAL,STABLE,NORMAL,NO_ACTION,False,0.0
2026-08-12T02:55:03.454635,0.3304675375482905,0.007533560220330805,0.3333333333333333,False,25,0.08399415016174316,False,0.0,-6.639862416211628,11.61978075045181,-0.8266013744724034,CENTER,0.0,0.8847860269847393,0.13224865863672575,NORMAL,STABLE,NORMAL,NO_ACTION,False,0.0
2026-08-12T02:55:03.532824,0.3348347535962548,0.004512847905697203,0.33152173913043476,False,25,0.08399415016174316,False,0.0,-4.786743635855828,13.221717634252968,0.6654502480334088,CENTER,0.0,0.8829190109525034,0.1305601486337008,NORMAL,STABLE,NORMAL,NO_ACTION,False,0.0
2026-08-12T02:55:03.613329,0.3190392593642897,0.0006317214740515956,0.32972972972972975,False,25,0.08399415016174316,False,0.0,-4.776389964173006,12.239083131982426,0.3592992184053969,CENTER,0.0,0.8820735007287379,0.12864968115452027,NORMAL,STABLE,NORMAL,NO_ACTION,False,0.0
2026-08-12T02:55:03.694253,0.35290923554191306,0.006519762030472494,0.3279569892473118,False,25,0.08399415016174316,False,0.0,-3.363495298422265,11.236913718763532,0.7169359796794197,CENTER,0.0,0.8806494207604596,0.12602334761426823,NORMAL,STABLE,NORMAL,NO_ACTION,False,0.0
2026-08-12T02:55:03.778214,0.3762946801722157,0.014611007733627883,0.32620320855614976,False,25,0.08399415016174316,False,0.0,0.7948789915170096,13.346000993249987,1.1052060148460328,CENTER,0.0,0.8824399594907407,0.12457009426080873,NORMAL,STABLE,NORMAL,NO_ACTION,False,0.0
2026-08-12T02:55:03.858952,0.3004172708526742,0.02079644650651355,0.324468085106383,False,25,0.08399415016174316,False,0.0,17.19109747148852,7.781364918471439,2.0970321638485245,CENTER,0.0,0.8816318104852537,0.13642767168018985,NORMAL,STABLE,NORMAL,NO_ACTION,False,0.0
2026-08-12T02:55:03.940953,0.39954507188656985,0.010620544388875205,0.32275132275132273,False,25,0.08399415016174316,False,0.0,5.787911235091173,2.320475647621464,-0.9757715932065594,CENTER,0.0,0.8815495997299383,0.11956473651137837,NORMAL,STABLE,NORMAL,NO_ACTION,False,0.0
2026-08-12T02:55:04.018639,0.3184767070421688,0.016047233999173748,0.32105263157894737,False,25,0.08399415016174316,False,0.0,-10.629328956125534,7.542206978084977,-0.12978707580992932,CENTER,0.0,0.8788971675668724,0.12633409552662106,NORMAL,STABLE,NORMAL,NO_ACTION,False,0.0
2026-08-12T02:55:04.099141,0.3790749449407006,0.008934750035497504,0.3193717277486911,False,25,0.08399415016174316,False,0.0,-5.404996399859925,9.9614018245436,0.44930149721312773,CENTER,0.0,0.8796324293767147,0.12251768168554922,NORMAL,STABLE,NORMAL,NO_ACTION,False,0.0
2026-08-12T02:55:04.176279,0.3829110468227166,0.0034838617477206727,0.3177083333333333,False,25,0.08399415016174316,False,0.0,-5.734162785798816,10.031689148653413,-0.21925054746918704,CENTER,0.0,0.881261975951646,0.12183219203939664,NORMAL,STABLE,NORMAL,NO_ACTION,False,0.0
2026-08-12T02:55:04.258745,0.3485207693129215,0.0053627354545384715,0.3160621761658031,False,25,0.08399415016174316,False,0.0,-6.036776162746179,6.593205444884944,-0.3159120297516722,CENTER,0.0,0.880849019954561,0.1189102510155016,NORMAL,STABLE,NORMAL,NO_ACTION,False,0.0
2026-08-12T02:55:04.339042,0.3674696700921438,0.0066717669798592606,0.31443298969072164,False,25,0.08399415016174316,False,0.0,-3.8232305475953865,14.66126481982215,0.2479356973944391,CENTER,0.0,0.8813031148191015,0.12172556841411147,NORMAL,STABLE,NORMAL,NO_ACTION,False,0.0
2026-08-12T02:55:04.419497,0.36882215949948427,0.008549752559761342,0.3128205128205128,False,25,0.08399415016174316,False,0.0,-4.656889156730841,11.099094098625102,-0.01419468298593074,CENTER,0.0,0.8820549875685871,0.11892434954936107,NORMAL,STABLE,NORMAL,NO_ACTION,False,0.0
2026-08-12T02:55:04.496852,0.37991245280691077,0.004029971012028261,0.3112244897959184,False,25,0.08399415016174316,False,0.0,-4.729401099294307,13.617110576162986,-0.26276845453020314,CENTER,0.0,0.8825531014231824,0.12025409914368568,NORMAL,STABLE,NORMAL,NO_ACTION,False,0.0
2026-08-12T02:55:04.577682,0.33609814053913034,0.006704855864192307,0.3096446700507614,False,25,0.08399415016174316,False,0.0,-5.762987778759623,9.670404570730256,-0.4867067680106345,CENTER,0.0,0.8819978673696844,0.1178247404826128,NORMAL,STABLE,NORMAL,NO_ACTION,False,0.0
2026-08-12T02:55:04.656311,0.04088010375344747,0.002284796365152373,0.31313131313131315,True,25,0.08399415016174316,False,0.0,-8.582331428047894,9.088502373143655,-1.1350205955653223,UP,0.0,0.7842048810136194,0.2243893155274679,LOW,STABLE,NORMAL,NO_ACTION,False,0.0
2026-08-12T02:55:04.739546,0.08075442488595491,0.0015272951527130522,0.3165829145728643,True,25,0.08399415016174316,False,0.0832357406616211,-6.0201972068186365,9.033087717283792,-0.8025224567809346,UP,0.0832357406616211,0.8859017195001714,0.3473853803138626,LOW,STABLE,NORMAL,NO_ACTION,False,0.0832357406616211
2026-08-12T02:55:04.821668,0.2637883195591727,0.0072234931543629895,0.315,False,26,0.16535711288452148,False,0.0,-6.139666841339704,11.713757096614955,-1.3159297753225871,UP,0.16535711288452148,0.8792258096493485,0.19742163967729603,NORMAL,STABLE,NORMAL,NO_ACTION,False,0.0
2026-08-12T02:55:04.904036,0.3025590567542772,0.0026942280359423033,0.31343283582089554,False,26,0.16535711288452148,False,0.0,-6.369128809377997,10.24668392494678,-0.8283378888088464,UP,0.247725248336792,0.8741583745927641,0.14704769460264483,NORMAL,STABLE,NORMAL,NO_ACTION,False,0.0
2026-08-12T02:55:04.982608,0.30386533506762864,0.002673094182299746,0.3118811881188119,False,26,0.16535711288452148,False,0.0,-7.7048360350339635,8.103655175968981,-0.26138228439864974,UP,0.3262977600097656,0.8745386445473251,0.14546440710520753,NORMAL,STABLE,NORMAL,NO_ACTION,False,0.0
2026-08-12T02:55:05.065269,0.1363477863760668,0.0026348008982298434,0.31527093596059114,True,26,0.16535711288452148,False,0.0,-6.289590623996901,9.527667522110818,-0.04965244276860403,UP,0.40895843505859375,0.9045672180426955,0.34662101747722385,LOW,STABLE,NORMAL,NO_ACTION,False,0.0
2026-08-12T02:55:05.141545,0.09595557853115705,0.0022940889871989638,0.31862745098039214,True,26,0.16535711288452148,False,0.07627582550048828,-7.236791897990344,9.038646524104138,-0.1312263420623765,UP,0.48523426055908203,0.9087234894761659,0.34893676554432207,LOW,STABLE,NORMAL,NO_ACTION,False,0.07627582550048828
2026-08-12T02:55:05.221112,0.07114820561473002,0.00247460470746009,0.32195121951219513,True,26,0.16535711288452148,False,0.15584325790405273,-5.934380755338992,11.144120561599522,-0.3925674375336996,UP,0.5648016929626465,0.9068618452074759,0.3495914980795115,LOW,STABLE,NORMAL,NO_ACTION,False,0.15584325790405273
2026-08-12T02:55:05.302503,0.08916684543262857,0.0055797830070183066,0.32524271844660196,True,26,0.16535711288452148,False,0.23723435401916504,-7.355155545299596,9.41743029074891,-0.03171753515766795,UP,0.6461927890777588,0.9092720657578875,0.3545378093707999,MODERATE,STABLE,NORMAL,NO_ACTION,False,0.23723435401916504
2026-08-12T02:55:05.383598,0.17811790844959013,0.0026904817881633104,0.3285024154589372,True,26,0.16535711288452148,False,0.3183290958404541,-7.360662619985078,10.457131534702683,-0.46081698144050165,UP,0.7272875308990479,0.9092201163837448,0.3233606240824467,LOW,STABLE,NORMAL,NO_ACTION,False,0.3183290958404541
2026-08-12T02:55:05.462196,0.11839572432268897,0.0013648348716500279,0.3317307692307692,True,26,0.16535711288452148,False,0.3969266414642334,-6.563620587728622,9.644786675359569,-0.33654323137324127,UP,0.8058850765228271,0.909031394675926,0.36439735272641677,MODERATE,STABLE,NORMAL,NO_ACTION,False,0.3969266414642334
2026-08-12T02:55:05.545848,0.10076079146854228,0.0026197661494014434,0.3349282296650718,True,26,0.16535711288452148,False,0.4805793762207031,-7.246360829563912,9.845554406171061,-0.25927040313644056,UP,0.8895378112792969,0.9076543879672496,0.3703490763942886,MODERATE,STABLE,NORMAL,NO_ACTION,False,0.4805793762207031
2026-08-12T02:55:05.623567,0.07613525099379952,0.0042118156083755815,0.3380952380952381,True,26,0.16535711288452148,False,0.5582976341247559,-5.990646327716263,10.22143509357116,0.02962765348775065,UP,0.9672560691833496,0.9082614776234568,0.37414149715059913,MODERATE,STABLE,NORMAL,NO_ACTION,False,0.5582976341247559
2026-08-12T02:55:05.707160,0.1324624190918389,0.003983436667516591,0.3412322274881517,True,26,0.16535711288452148,False,0.6418907642364502,-6.396737112926928,10.469690049804854,-0.1179218784137106,UP,1.050849199295044,0.9083288055126886,0.3799877305189371,MODERATE,STABLE,NORMAL,NO_ACTION,False,0.6418907642364502
2026-08-12T02:55:05.790774,0.11691132199436484,0.003694693184817707,0.3443396226415094,True,26,0.16535711288452148,False,0.7255048751831055,-5.78795658577323,8.81151924316444,-0.03049757452782842,UP,1.1344633102416992,0.9087188544881687,0.3832967189649148,MODERATE,STABLE,NORMAL,NO_ACTION,False,0.7255048751831055
2026-08-12T02:55:05.873205,0.11043393584349159,0.006499785376530014,0.3474178403755869,True,26,0.16535711288452148,False,0.807936429977417,-5.6815581872638745,9.642338247794328,-0.11384740908439994,UP,1.2168948650360107,0.908976002550583,0.38898570290739254,MODERATE,STABLE,NORMAL,NO_ACTION,False,0.807936429977417
2026-08-12T02:55:05.952885,0.06357510961236999,0.002797460443448337,0.35046728971962615,True,26,0.16535711288452148,False,0.8876156806945801,-5.762630712443894,10.173369134929544,-0.36065332503849845,UP,1.2965741157531738,0.9091405446244856,0.3946624522130309,MODERATE,STABLE,NORMAL,NO_ACTION,False,0.8876156806945801
2026-08-12T02:55:06.031193,0.09649320889644467,0.008928536983650905,0.35348837209302325,True,26,0.16535711288452148,False,0.965923547744751,-5.207334331065198,10.171540724976722,-0.6462619983649915,UP,1.3748819828033447,0.9087689552254801,0.39930531451251694,MODERATE,STABLE,NORMAL,NO_ACTION,False,0.965923547744751
2026-08-12T02:55:06.141893,0.1879819655426505,0.005276662532943586,0.35648148148148145,True,26,0.16535711288452148,False,1.0766243934631348,-5.343426837203253,9.121439919419487,-0.35698087380060883,UP,1.4855828285217285,0.9093628632973252,0.35405036402776974,MODERATE,STABLE,NORMAL,NO_ACTION,False,1.0766243934631348
2026-08-12T02:55:06.223610,0.14351913136221148,0.0061742768567143586,0.35944700460829493,True,26,0.16535711288452148,False,1.1583406925201416,-5.760186692281934,9.836194155621058,-0.41204280824373996,UP,1.5672991275787354,0.9091550122170782,0.41068734424175485,MODERATE,STABLE,NORMAL,NO_ACTION,False,1.1583406925201416
2026-08-12T02:55:06.303303,0.10144515043577862,0.003447008591503235,0.3623853211009174,True,26,0.16535711288452148,False,1.2380342483520508,-5.564975071766327,10.700654941500488,-0.38613496968193317,UP,1.6469926834106445,0.9086534957990396,0.4160212928477687,MODERATE,STABLE,NORMAL,NO_ACTION,False,1.2380342483520508
2026-08-12T02:55:06.385989,0.1541330093111124,0.01217209133148152,0.365296803652968,True,26,0.16535711288452148,False,1.3207199573516846,-5.61340892721077,10.23673557609834,-0.8683645107239215,UP,1.7296783924102783,0.9086709640775036,0.41572535875389877,MODERATE,STABLE,NORMAL,NO_ACTION,False,1.3207199573516846
2026-08-12T02:55:06.466784,0.1589064224154285,0.005745212391505184,0.36818181818181817,True,26,0.16535711288452148,False,1.4015145301818848,-5.938436933890927,9.729865395696123,-0.43903772984523926,UP,1.8104729652404785,0.9085703339334705,0.41383790460384057,MODERATE,STABLE,NORMAL,NO_ACTION,False,1.4015145301818848
2026-08-12T02:55:06.546394,0.09999355742026997,0.006751830275101025,0.37104072398190047,True,26,0.16535711288452148,False,1.4811251163482666,-6.038275659787587,10.10001962694227,-0.2429395081241239,UP,1.8900835514068604,0.9089673353909465,0.4307670187404727,MODERATE,INCREASING,NORMAL,NO_ACTION,False,1.4811251163482666
2026-08-12T02:55:06.624605,0.10468826505989692,0.0052420055754477,0.3738738738738739,True,26,0.16535711288452148,True,1.559335708618164,-4.799775323486585,10.023948056849378,-0.20168663360365713,UP,1.9682941436767578,0.9086271996099108,0.5278455663464237,MODERATE,INCREASING,HIGH,STRONG_WARNING,True,1.559335708618164
2026-08-12T02:55:07.577851,0.20098064525784565,0.008351088496754328,0.37668161434977576,True,26,0.16535711288452148,True,2.5125820636749268,-4.2699359369696595,9.31561104400518,-0.5210271110596238,UP,2.9215404987335205,0.9090775302211934,0.5590630868784442,HIGH,INCREASING,HIGH,STRONG_WARNING,False,2.5125820636749268
2026-08-12T02:55:07.660768,0.1765243286120714,0.008200500509351784,0.3794642857142857,True,26,0.16535711288452148,True,2.595498561859131,-3.513353318495575,11.3929125983515,-0.14647001783268365,UP,3.0044569969177246,0.9090828885888202,0.6018487740641655,HIGH,INCREASING,HIGH,STRONG_WARNING,False,2.595498561859131
2026-08-12T02:55:07.749815,0.23535522104265885,0.009753704642194855,0.37777777777777777,False,26,2.6845459938049316,False,0.0,-5.256833279010891,10.057277407149769,-0.3615102769650207,UP,3.0935044288635254,0.8436956393604252,0.4247455973903964,MODERATE,INCREASING,HIGH,STRONG_WARNING,False,0.0
2026-08-12T02:55:07.833156,0.10374410279804182,0.0038687055388614026,0.3805309734513274,True,26,2.6845459938049316,False,0.0,-4.689203897214497,9.174393321223135,-0.3920985640221488,UP,3.1768457889556885,0.8441014266271066,0.543525566178585,MODERATE,INCREASING,HIGH,STRONG_WARNING,False,0.0
2026-08-12T02:55:07.919504,0.1756403402247252,0.0048665251454785,0.3832599118942731,True,26,2.6845459938049316,False,0.08634734153747559,-4.365165508848122,13.299357935278493,-0.5212098844375248,UP,3.263193130493164,0.8446495914627425,0.512243047933871,MODERATE,INCREASING,HIGH,STRONG_WARNING,False,0.08634734153747559
2026-08-12T02:55:08.009182,0.15868849715712294,0.006221806777497395,0.38596491228070173,True,26,2.6845459938049316,False,0.1760258674621582,-5.115311665272316,10.660592828510772,-0.7731122025345201,UP,3.3528716564178467,0.8445913393086787,0.5362160879186723,MODERATE,INCREASING,HIGH,STRONG_WARNING,False,0.1760258674621582
2026-08-12T02:55:08.098073,0.10885793211715679,0.0024544460678695406,0.388646288209607,True,26,2.6845459938049316,False,0.26491641998291016,-3.598245485288345,10.242774683541057,-0.406658084168555,UP,3.4417622089385986,0.8443910827576916,0.5474763306313513,MODERATE,INCREASING,HIGH,STRONG_WARNING,False,0.26491641998291016
2026-08-12T02:55:08.178158,0.02766031049593775,0.005097472285167825,0.391304347826087,True,26,2.6845459938049316,False,0.3450019359588623,-6.213805315652024,9.516962219250985,-0.9053341967930919,UP,3.521847724914551,0.7407487863297326,0.4617262539931084,MODERATE,INCREASING,HIGH,STRONG_WARNING,False,0.3450019359588623
2026-08-12T02:55:08.265102,0.2081842310308116,0.004475763564703317,0.3939393939393939,True,26,2.6845459938049316,False,0.43194580078125,-3.212472542424308,12.890432592355893,-0.15908280379790085,UP,3.6087915897369385,0.8444778701330714,0.47077829381270514,MODERATE,INCREASING,HIGH,STRONG_WARNING,False,0.43194580078125
2026-08-12T02:55:08.353806,0.23476998305749672,0.006669394947757803,0.3922413793103448,False,27,0.5206501483917236,False,0.0,-3.7047627706815263,10.340745135965022,-0.31669088000228385,UP,3.697495937347412,0.9085298916538066,0.41718822555181756,MODERATE,INCREASING,HIGH,STRONG_WARNING,False,0.0
2026-08-12T02:55:08.438943,0.2680339927002189,0.01117341199997357,0.3905579399141631,False,27,0.5206501483917236,False,0.0,-3.8746675401409902,11.703977207336095,-0.44028536850191813,UP,3.782632350921631,0.908456857103052,0.3732616784078258,MODERATE,INCREASING,HIGH,STRONG_WARNING,False,0.0
2026-08-12T02:55:08.520255,0.29064486828543395,0.00635776602160149,0.3888888888888889,False,27,0.5206501483917236,False,0.0,-3.6101483083061225,10.140985074104464,-0.5987768514532661,CENTER,0.0,0.9086974746013373,0.21104839033456899,LOW,INCREASING,HIGH,STRONG_WARNING,False,0.0
2026-08-12T02:55:08.606453,0.23947216686033124,0.0003966748302995654,0.3872340425531915,False,27,0.5206501483917236,False,0.0,-2.7107858042159023,11.886331394927794,-0.2596909280413797,CENTER,0.0,0.9091844430512689,0.2785191836646721,LOW,STABLE,HIGH,STRONG_WARNING,False,0.0
2026-08-12T02:55:08.703084,0.17194698291124066,0.01086371662420555,0.3898305084745763,True,27,0.5206501483917236,False,0.0,-4.337505056741236,9.849392842082665,-0.9791623143331947,CENTER,0.0,0.9079119780949931,0.3706391676252173,MODERATE,STABLE,HIGH,STRONG_WARNING,False,0.0
2026-08-12T02:55:08.789338,0.1478108530124827,0.010469050012784482,0.3924050632911392,True,27,0.5206501483917236,False,0.08625459671020508,-5.216803848868466,11.773217481922899,-0.6252327577787185,CENTER,0.0,0.908276481052812,0.40308442893744106,MODERATE,STABLE,HIGH,STRONG_WARNING,False,0.08625459671020508
2026-08-12T02:55:08.873986,0.27539828829341884,0.006361665101372397,0.3907563025210084,False,28,0.17090225219726562,False,0.0,-3.735859644966183,9.578893309335285,-0.7685648989883589,CENTER,0.0,0.9082351010588134,0.18943611715353298,NORMAL,STABLE,HIGH,STRONG_WARNING,False,0.0
2026-08-12T02:55:08.963038,0.38924718412980497,0.0032098011304014977,0.3891213389121339,False,28,0.17090225219726562,False,0.0,-3.595019663685264,12.530531599876866,-0.018864410135080334,CENTER,0.0,0.9092093058770576,0.1570905343492865,NORMAL,STABLE,HIGH,STRONG_WARNING,False,0.0
2026-08-12T02:55:09.052434,0.1836423539800787,0.006792355924601504,0.39166666666666666,True,28,0.17090225219726562,False,0.0,-4.041631865976427,12.020524506922442,-0.7602241904940286,CENTER,0.0,0.9081671703532236,0.31428236081742167,LOW,STABLE,HIGH,STRONG_WARNING,False,0.0
2026-08-12T02:55:09.138103,0.04010271892680811,0.00988387674753178,0.3941908713692946,True,28,0.17090225219726562,False,0.08566951751708984,-6.174151305564209,10.393531954808566,-0.6845319621308477,UP,0.0,0.8048755936305849,0.2704839683229416,LOW,STABLE,HIGH,STRONG_WARNING,False,0.08566951751708984
2026-08-12T02:55:09.218420,0.338417849572342,0.008074844966924694,0.3925619834710744,False,29,0.1659860610961914,False,0.0,-5.544249406057105,10.075397709073258,-0.4143998717371744,UP,0.08031654357910156,0.9079547646604939,0.1852956264225587,NORMAL,STABLE,HIGH,STRONG_WARNING,False,0.0
2026-08-12T02:55:09.305609,0.3868771243198148,0.010067511352439303,0.39094650205761317,False,29,0.1659860610961914,False,0.0,-4.566478359884144,12.269395065850034,-0.3483271572093827,UP,0.16750574111938477,0.9085325574417009,0.18506725648171427,NORMAL,STABLE,HIGH,STRONG_WARNING,False,0.0
2026-08-12T02:55:09.389787,0.3970289644458241,0.015527397196329552,0.38934426229508196,False,29,0.1659860610961914,False,0.0,-5.13511876340641,14.276802804331936,-0.4414539684036072,UP,0.25168371200561523,0.9079863388417353,0.18635318839611625,NORMAL,STABLE,HIGH,STRONG_WARNING,False,0.0
2026-08-12T02:55:09.475856,0.38879764413692774,0.007392413050271129,0.3877551020408163,False,29,0.1659860610961914,False,0.0,-4.356525270379308,11.200889406797756,-0.35127421450289376,UP,0.3377525806427002,0.9081428031764404,0.18250051879964865,NORMAL,STABLE,HIGH,STRONG_WARNING,False,0.0
2026-08-12T02:55:09.568915,0.06793998656504535,0.003591504637145289,0.3902439024390244,True,29,0.1659860610961914,False,0.0,-5.529945793594379,11.115102776669431,-0.2498932640910425,UP,0.43081212043762207,0.9082415043081274,0.3847152963915446,MODERATE,STABLE,HIGH,STRONG_WARNING,False,0.0
2026-08-12T02:55:09.651795,0.027029554203406445,0.0052954469968246026,0.39271255060728744,True,29,0.1659860610961914,False,0.08288002014160156,-8.730076573783407,8.662279170014529,-1.3176317759596827,UP,0.5136921405792236,0.8038136681241427,0.26731896378239306,LOW,STABLE,HIGH,STRONG_WARNING,False,0.08288002014160156
2026-08-12T02:55:09.736179,0.2925339793338152,0.007415777346034078,0.3911290322580645,False,30,0.16726398468017578,False,0.0,-5.151381997219858,9.800362871292975,-0.8715578023581543,UP,0.5980761051177979,0.9078063110853909,0.1943137493790218,NORMAL,STABLE,HIGH,STRONG_WARNING,False,0.0
2026-08-12T02:55:09.819064,0.3601344828440059,0.012587538006574958,0.3895582329317269,False,30,0.16726398468017578,False,0.0,-6.096612224081895,9.861302128802038,-0.6541895645287354,UP,0.6809606552124023,0.9080998424639918,0.18791023515527183,NORMAL,STABLE,HIGH,STRONG_WARNING,False,0.0
2026-08-12T02:55:09.898785,0.3454450004606233,0.003322425156266832,0.388,False,30,0.16726398468017578,False,0.0,-4.273960561896416,10.654461356161534,-0.7468838572374068,UP,0.7606818675994873,0.9082841033307615,0.18949265690496409,NORMAL,STABLE,HIGH,STRONG_WARNING,False,0.0
2026-08-12T02:55:09.979984,0.3368119046554135,0.005156664476568898,0.38645418326693226,False,30,0.16726398468017578,False,0.0,-4.6113724201084665,13.135511750440372,-0.19887544192170026,UP,0.8418805599212646,0.9078161704818244,0.1938274315836236,NORMAL,STABLE,HIGH,STRONG_WARNING,False,0.0
2026-08-12T02:55:10.058253,0.377732123677598,0.010166419178953051,0.38492063492063494,False,30,0.16726398468017578,False,0.0,-5.26047705787775,12.143970527447493,-0.5810853421527895,CENTER,0.0,0.9082499035493827,0.1568561710783182,NORMAL,STABLE,HIGH,STRONG_WARNING,False,0.0
2026-08-12T02:55:10.138565,0.32580151289641746,0.007383648481168818,0.383399209486166,False,30,0.16726398468017578,False,0.0,-7.014973850963855,11.097125611011421,-0.7824626274264688,CENTER,0.0,0.912860510973937,0.15722283799689307,NORMAL,STABLE,HIGH,STRONG_WARNING,False,0.0
2026-08-12T02:55:10.215973,0.30968185715367047,0.0012050492552720322,0.38188976377952755,False,30,0.16726398468017578,False,0.0,-5.609720191776859,11.854493438614526,-0.10476444331490598,CENTER,0.0,0.9282322075402949,0.15500929754033302,NORMAL,STABLE,HIGH,STRONG_WARNING,False,0.0
2026-08-12T02:55:10.295519,0.30774202795240246,0.005688815801806109,0.3803921568627451,False,30,0.16726398468017578,False,0.0,-4.192380623592555,10.041653940507956,-0.2885460842949499,CENTER,0.0,0.9302073018475652,0.15176335051451997,NORMAL,STABLE,HIGH,STRONG_WARNING,False,0.0
2026-08-12T02:55:10.374610,0.23640961577919298,0.007442056862760136,0.37890625,False,30,0.16726398468017578,False,0.0,-5.071199719328291,9.60858581754141,-0.42795345663967055,CENTER,0.0,0.9285670117455418,0.23647531899875102,LOW,STABLE,HIGH,STRONG_WARNING,False,0.0
2026-08-12T02:55:10.454697,0.06857013191551974,0.0021902501856387938,0.38132295719844356,True,30,0.16726398468017578,False,0.0,-7.884663179877435,10.25833755619945,-0.5877849646613242,UP,0.0,0.9332998167438271,0.38222893171418093,MODERATE,STABLE,HIGH,STRONG_WARNING,False,0.0
2026-08-12T02:55:10.534569,0.07888728211928235,0.009158869932193638,0.38372093023255816,True,30,0.16726398468017578,False,0.07987213134765625,-6.865182924796045,9.47707176515621,-0.1377829535487649,UP,0.07987213134765625,0.9354375375085734,0.38144861371840916,MODERATE,STABLE,HIGH,STRONG_WARNING,False,0.07987213134765625
2026-08-12T02:55:10.613954,0.05813692854212831,0.0029127606792656207,0.3861003861003861,True,30,0.16726398468017578,False,0.1592576503753662,-9.470995534966136,8.55466911160147,-0.2836882088228663,UP,0.1592576503753662,0.9276662433556242,0.3846219643470354,MODERATE,STABLE,HIGH,STRONG_WARNING,False,0.1592576503753662
2026-08-12T02:55:10.694810,0.03442649030299276,0.0037786918617012913,0.38846153846153847,True,30,0.16726398468017578,False,0.2401137351989746,-9.77611548283653,9.165561013317756,-0.3599796835229654,UP,0.2401137351989746,0.8189094646378355,0.26977503012856313,LOW,STABLE,HIGH,STRONG_WARNING,False,0.2401137351989746
2026-08-12T02:55:10.776255,0.09395769375442017,0.005117548449368524,0.39080459770114945,True,30,0.16726398468017578,False,0.32155847549438477,-7.593211681750461,9.077020448090252,0.18726008023955387,UP,0.32155847549438477,0.9240099344135803,0.38545023087092656,MODERATE,INCREASING,HIGH,STRONG_WARNING,False,0.32155847549438477
2026-08-12T02:55:10.857794,0.14362636339667226,0.0022247987354841736,0.3931297709923664,True,30,0.16726398468017578,False,0.40309762954711914,-5.299553900557839,11.605171203033052,0.24514494179157964,UP,0.40309762954711914,0.9225543874314129,0.38628573765767316,MODERATE,INCREASING,HIGH,STRONG_WARNING,False,0.40309762954711914
2026-08-12T02:55:10.939692,0.10090843352390753,0.002234329866386558,0.39543726235741444,True,30,0.16726398468017578,False,0.48499560356140137,-2.6062986436554354,8.703516572363526,-0.20300569120345813,UP,0.48499560356140137,0.9219421939300412,0.38270976028490794,MODERATE,INCREASING,HIGH,STRONG_WARNING,False,0.48499560356140137
2026-08-12T02:55:11.020521,0.07442475490264018,0.019435623278745803,0.3977272727272727,True,30,0.16726398468017578,False,0.565824031829834,0.13424421241600726,8.980573054413327,-0.5816986200802887,UP,0.565824031829834,0.9222561674811385,0.38055807360240934,MODERATE,INCREASING,HIGH,STRONG_WARNING,False,0.565824031829834
2026-08-12T02:55:11.101638,0.0950068262443036,0.0009901986213509363,0.4,True,30,0.16726398468017578,False,0.6469411849975586,-1.5936930884818992,7.390640704762433,-0.5348474066636015,UP,0.6469411849975586,0.9230397617669753,0.3854215086319924,MODERATE,INCREASING,HIGH,STRONG_WARNING,False,0.6469411849975586
2026-08-12T02:55:11.220424,0.11886084814157696,0.0034110958702281537,0.40225563909774437,True,30,0.16726398468017578,False,0.7657272815704346,-3.42572170962481,7.556865516029603,-0.17402456140246159,UP,0.7657272815704346,0.9225397724837106,0.3932334936246757,MODERATE,INCREASING,HIGH,STRONG_WARNING,False,0.7657272815704346
2026-08-12T02:55:11.302239,0.07234098110800832,0.0038336615086935004,0.4044943820224719,True,30,0.16726398468017578,False,0.8475422859191895,-1.8997477653871897,6.431159936146031,-0.5702555436231194,UP,0.8475422859191895,0.9228418906464336,0.3959972717265903,MODERATE,INCREASING,HIGH,STRONG_WARNING,False,0.8475422859191895
2026-08-12T02:55:11.380701,0.08085442418699502,0.01901497999409769,0.40671641791044777,True,30,0.16726398468017578,False,0.92600417137146,-1.2565239766593095,6.406800168176773,-0.5927117271464795,UP,0.92600417137146,0.9237641059027777,0.39989293532866854,MODERATE,INCREASING,HIGH,STRONG_WARNING,False,0.92600417137146
2026-08-12T02:55:11.460841,0.06417754739864794,0.00627769098677612,0.40892193308550184,True,30,0.16726398468017578,False,1.0061442852020264,1.340385626356266,6.892523408785991,-0.24092544463596255,UP,1.0061442852020264,0.9231952080118313,0.40456122980213965,MODERATE,INCREASING,HIGH,STRONG_WARNING,False,1.0061442852020264
2026-08-12T02:55:11.539572,0.04694388812127442,0.005813506185541898,0.4111111111111111,True,30,0.16726398468017578,False,1.0848748683929443,-0.12687385493308057,5.918880742046241,-0.5710633601494237,UP,1.0848748683929443,0.8165924283968989,0.2946590889806787,LOW,INCREASING,HIGH,STRONG_WARNING,False,1.0848748683929443
2026-08-12T02:55:11.620183,0.09182594420930043,0.000621712604523162,0.4132841328413284,True,30,0.16726398468017578,False,1.1654865741729736,-0.7702921818071218,8.048225967618038,0.017213646986931508,UP,1.1654865741729736,0.9230452139060356,0.41371743122435223,MODERATE,INCREASING,HIGH,STRONG_WARNING,False,1.1654865741729736
2026-08-12T02:55:11.701636,0.11924165960814016,0.0031086828823315995,0.41544117647058826,True,30,0.16726398468017578,False,1.2469394207000732,1.675353983528538,5.119016427695442,-0.0145873157932499,UP,1.2469394207000732,0.9237556932656036,0.4170790480997946,MODERATE,INCREASING,HIGH,STRONG_WARNING,True,1.2469394207000732
2026-08-12T02:55:12.639566,0.13628143594176756,0.0038677949944441554,0.4175824175824176,True,30,0.16726398468017578,True,2.1848695278167725,1.5961548358156108,7.575912204890045,-0.25773288136520023,UP,2.1848695278167725,0.9212192161779835,0.5918177773560551,HIGH,INCREASING,HIGH,STRONG_WARNING,False,2.1848695278167725
2026-08-12T02:55:12.728345,0.09636839382287934,0.02026596877750474,0.4197080291970803,True,30,0.16726398468017578,True,2.273648500442505,-0.3143521657775352,6.3594936306312775,-0.3206909718770419,UP,2.273648500442505,0.9228619041495199,0.6000021836211668,HIGH,INCREASING,HIGH,STRONG_WARNING,False,2.273648500442505
2026-08-12T02:55:12.810517,0.18037276152134224,0.004877131156372141,0.4218181818181818,True,30,0.16726398468017578,True,2.3558201789855957,-0.48666438427616754,8.912171001077269,-0.3028296872243743,UP,2.3558201789855957,0.9218605190114884,0.5710436488713692,HIGH,INCREASING,HIGH,STRONG_WARNING,False,2.3558201789855957
2026-08-12T02:55:12.892249,0.08488423268349621,0.0026384536930184454,0.42391304347826086,True,30,0.16726398468017578,True,2.4375522136688232,-0.2526452533286374,6.556203703517724,-0.6172195326197709,UP,2.4375522136688232,0.9216189504029492,0.6194096007313257,HIGH,INCREASING,HIGH,STRONG_WARNING,False,2.4375522136688232
2026-08-12T02:55:12.975896,0.14954104412678612,0.0025250859249418955,0.4259927797833935,True,30,0.16726398468017578,True,2.5211989879608154,1.7968537217364826,5.1727997314905,-0.44712012389277334,UP,2.5211989879608154,0.9217382678540809,0.6294170599347004,HIGH,INCREASING,HIGH,STRONG_WARNING,False,2.5211989879608154
2026-08-12T02:55:13.065603,0.1003465929109847,0.036587437911534244,0.42805755395683454,True,30,0.16726398468017578,True,2.6109068393707275,0.7263576270051715,4.7834179582191325,-0.31859518050350744,UP,2.6109068393707275,0.9220229579260975,0.6382834253126702,HIGH,INCREASING,HIGH,STRONG_WARNING,False,2.6109068393707275
2026-08-12T02:55:13.152782,0.08799359766310871,0.0011492529325635881,0.43010752688172044,True,30,0.16726398468017578,True,2.698085069656372,1.3591891072459248,6.443210265742692,-0.09212619543427536,UP,2.698085069656372,0.9220933936685529,0.6499068798257841,HIGH,HIGH,HIGH,STRONG_WARNING,False,2.698085069656372
2026-08-12T02:55:13.235112,0.13572726432333307,0.04121271653173395,0.43214285714285716,True,30,0.16726398468017578,True,2.7804155349731445,0.19566449932767682,6.238339155337172,0.02554674759835507,UP,2.7804155349731445,0.921317167138203,0.658099519257511,HIGH,HIGH,HIGH,STRONG_WARNING,False,2.7804155349731445
2026-08-12T02:55:13.322727,0.1448810913454748,0.00226199557185992,0.43416370106761565,True,30,0.16726398468017578,True,2.868030309677124,2.3356431702337375,7.711741235275838,-0.030502416755922468,CENTER,0.0,0.9212408103995199,0.5470117705718281,MODERATE,HIGH,HIGH,STRONG_WARNING,False,2.868030309677124
2026-08-12T02:55:13.410922,0.14263719031827898,0.030257862837311234,0.43617021276595747,True,30,0.16726398468017578,True,2.9562253952026367,2.198897811269916,5.556107348338202,-0.7586161078307612,CENTER,0.0,0.9225779910408093,0.5523193506577004,HIGH,HIGH,HIGH,STRONG_WARNING,False,2.9562253952026367
2026-08-12T02:55:13.517927,0.08969062109186508,0.06330341082192101,0.4381625441696113,True,30,0.16726398468017578,True,3.063230037689209,4.531683797920209,5.6858241951356945,-0.3895252932410358,UP,0.0,0.9218835064086077,0.5839266427579664,HIGH,HIGH,HIGH,STRONG_WARNING,False,3.063230037689209
2026-08-12T02:55:13.601330,0.11415087968956548,0.0016816208562420417,0.44014084507042256,True,30,0.16726398468017578,True,3.1466336250305176,1.786994675354947,6.0560753929464965,-0.3960028913026008,UP,0.0834035873413086,0.92175063228738,0.5825464005683799,HIGH,HIGH,HIGH,STRONG_WARNING,False,3.1466336250305176
2026-08-12T02:55:13.687961,0.11674966767153727,0.033100850976368834,0.4421052631578947,True,30,0.16726398468017578,True,3.233264446258545,3.134712563770222,8.279116468518254,0.42766519625922683,UP,0.17003440856933594,0.9218896417395405,0.5864624313158685,HIGH,INCREASING,HIGH,STRONG_WARNING,False,3.233264446258545
2026-08-12T02:55:13.773230,0.10479975301659936,0.038708642745299185,0.44405594405594406,True,30,0.16726398468017578,True,3.318532943725586,2.4139167682286597,6.535428542349166,-0.28940702655432915,UP,0.25530290603637695,0.9221344655564129,0.5853512044442745,HIGH,INCREASING,HIGH,STRONG_WARNING,False,3.318532943725586
2026-08-12T02:55:13.877519,0.16039031233721215,0.02186349061219674,0.445993031358885,True,30,0.16726398468017578,True,3.4228224754333496,3.2956347191208692,6.9422941636423445,-0.3921500971181615,UP,0.3595924377441406,0.9216829561042524,0.5737078452080945,HIGH,INCREASING,HIGH,STRONG_WARNING,False,3.4228224754333496
2026-08-12T02:55:13.958820,0.19287249902916115,0.025318459205351505,0.4479166666666667,True,30,0.16726398468017578,True,3.5041234493255615,3.219619411009205,8.07150018821551,-0.11159551887624275,UP,0.44089341163635254,0.9216299350565844,0.5318322546962009,MODERATE,INCREASING,HIGH,STRONG_WARNING,False,3.5041234493255615
2026-08-12T02:55:14.044100,0.08112470664448361,0.0056578611347531975,0.44982698961937717,True,30,0.16726398468017578,True,3.589402914047241,4.0278954527860265,7.034849444228598,-0.5272412602001566,UP,0.5261728763580322,0.9209433808084706,0.5871814719963181,HIGH,INCREASING,HIGH,STRONG_WARNING,False,3.589402914047241
2026-08-12T02:55:14.124695,0.11264342293080845,0.05546523797312911,0.4517241379310345,True,30,0.16726398468017578,True,3.6699981689453125,2.3908146036561106,6.221408285773464,0.2346190955354075,UP,0.6067681312561035,0.9210970186042525,0.5891767893848211,HIGH,INCREASING,HIGH,STRONG_WARNING,False,3.6699981689453125
2026-08-12T02:55:14.205607,0.15642489595164533,0.013943466489384392,0.4536082474226804,True,30,0.16726398468017578,True,3.750910520553589,2.6945378156895003,7.901950997244683,0.2440655639970828,UP,0.6876804828643799,0.9212481915509259,0.5865738141932,HIGH,INCREASING,HIGH,STRONG_WARNING,False,3.750910520553589
2026-08-12T02:55:14.285187,0.12008644205087632,0.038456701206726236,0.4554794520547945,True,30,0.16726398468017578,True,3.8304901123046875,1.4874493417540862,7.4306008602923725,-0.05486380818373959,UP,0.7672600746154785,0.9219861459405007,0.5978393981005156,HIGH,INCREASING,HIGH,STRONG_WARNING,False,3.8304901123046875
2026-08-12T02:55:14.366664,0.11804238765465377,0.000577844526485809,0.45733788395904434,True,30,0.16726398468017578,True,3.9119670391082764,2.1187112635972767,6.927643428178726,-0.23483173325192297,UP,0.8487370014190674,0.9221477141203703,0.6027172181435174,HIGH,INCREASING,HIGH,STRONG_WARNING,False,3.9119670391082764
2026-08-12T02:55:14.446147,0.09459732639154844,0.039435228249654154,0.45918367346938777,True,30,0.16726398468017578,True,3.991450071334839,1.5917575425705195,7.308497969288368,0.08693003533466026,UP,0.9282200336456299,0.92255399894976,0.6067095784677325,HIGH,INCREASING,HIGH,STRONG_WARNING,False,3.991450071334839
2026-08-12T02:55:14.527523,0.08346494389256867,0.02764155762416114,0.4610169491525424,True,30,0.16726398468017578,True,4.072825908660889,1.2698998712500327,6.876386149452543,0.008467618757180162,UP,1.0095958709716797,0.9218432784636488,0.6104549284166926,HIGH,INCREASING,HIGH,STRONG_WARNING,False,4.072825908660889
2026-08-12T02:55:14.609298,0.13972100897874595,0.004237387824442791,0.46283783783783783,True,30,0.16726398468017578,True,4.154601335525513,4.003046327077556,5.810169972434039,-0.08394672207302278,UP,1.0913712978363037,0.9226378975908779,0.6168435319636912,HIGH,INCREASING,HIGH,STRONG_WARNING,False,4.154601335525513
2026-08-12T02:55:14.690476,0.1491650979126809,0.002298817719076374,0.46464646464646464,True,30,0.16726398468017578,True,4.235779047012329,1.6652136033135037,7.086726233025331,-0.3275924537030903,UP,1.1725490093231201,0.923280446244856,0.6201708789874721,HIGH,INCREASING,HIGH,STRONG_WARNING,False,4.235779047012329
2026-08-12T02:55:14.768666,0.09616444477456781,0.017393967093049547,0.4664429530201342,True,30,0.16726398468017578,True,4.313969135284424,4.064023353863746,7.7234884883048665,-0.5993409281139748,UP,1.2507390975952148,0.9232186240783608,0.6274888928448733,HIGH,HIGH,HIGH,STRONG_WARNING,False,4.313969135284424
2026-08-12T02:55:14.851511,0.13238145448355093,0.02044716062720972,0.4682274247491639,True,30,0.16726398468017578,True,4.396813869476318,3.462071976136855,7.010736288474419,-0.2257553492997033,UP,1.3335838317871094,0.9216815897205075,0.6305168957552308,HIGH,HIGH,HIGH,STRONG_WARNING,False,4.396813869476318
2026-08-12T02:55:14.928963,0.07819600662639178,0.026409231736096658,0.47,True,30,0.16726398468017578,True,4.474266529083252,3.385294297040957,7.165085926960444,-0.05832474110769681,UP,1.411036491394043,0.921974250364369,0.6346357764999491,HIGH,HIGH,HIGH,STRONG_WARNING,False,4.474266529083252
2026-08-12T02:55:15.008544,0.07043667705089869,0.05617225720287466,0.4717607973421927,True,30,0.16726398468017578,True,4.553847551345825,4.478915605633034,6.177609044797663,-0.35862991542103373,UP,1.4906175136566162,0.9221543183084705,0.6395938079636593,HIGH,HIGH,HIGH,STRONG_WARNING,False,4.553847551345825
2026-08-12T02:55:15.091166,0.13729425704198836,0.026717288292670883,0.4735099337748344,True,30,0.16726398468017578,True,4.636469125747681,2.157151402999375,6.401830932977447,-0.3971576687722518,UP,1.5732390880584717,0.9220586714463306,0.6420119102980667,HIGH,HIGH,HIGH,STRONG_WARNING,False,4.636469125747681
2026-08-12T02:55:15.179347,0.08193913821672275,0.0499629754487615,0.4752475247524752,True,30,0.16726398468017578,True,4.724650621414185,4.282707394516706,6.099576705665726,-0.9503754880653901,CENTER,0.0,0.9216591381601509,0.5770682772172604,HIGH,HIGH,HIGH,STRONG_WARNING,False,4.724650621414185
2026-08-12T02:55:15.266605,0.07849346855241848,0.009887173079109383,0.4769736842105263,True,30,0.16726398468017578,True,4.81190824508667,3.4595872259216662,8.232973738404894,-0.04902915380023387,UP,0.0,0.9219849938914608,0.6038115463190286,HIGH,HIGH,HIGH,STRONG_WARNING,False,4.81190824508667
2026-08-12T02:55:15.356783,0.14868300136401552,0.01595176952540444,0.4786885245901639,True,30,0.16726398468017578,True,4.9020867347717285,6.363157506566779,5.536025699035065,-0.6551254502349195,UP,0.0901784896850586,0.9219924018347051,0.6061008496287126,HIGH,HIGH,HIGH,STRONG_WARNING,False,4.9020867347717285
2026-08-12T02:55:15.446831,0.06354493585155403,0.0400551051036267,0.4803921568627451,True,30,0.16726398468017578,True,4.99213433265686,4.184711325825248,7.5375793665846516,-0.7489396975741727,UP,0.18022608757019043,0.9213879109867971,0.6063908089594017,HIGH,HIGH,HIGH,STRONG_WARNING,False,4.99213433265686
2026-08-12T02:55:15.534438,0.06912164708101874,0.05981942173533711,0.4820846905537459,True,30,0.16726398468017578,True,5.079741716384888,6.775051335600523,7.425695228637267,0.025006214334126753,UP,0.2678334712982178,0.9213652182998971,0.608953550953048,HIGH,HIGH,HIGH,STRONG_WARNING,False,5.079741716384888
2026-08-12T02:55:15.617119,0.04640057549818513,0.05976572127712008,0.4837662337662338,True,30,0.16726398468017578,True,5.162422180175781,8.219928961823541,6.990817426836941,-0.8114486300215731,UP,0.35051393508911133,0.8163288009198021,0.5376534794116159,MODERATE,HIGH,HIGH,STRONG_WARNING,False,5.162422180175781
2026-08-12T02:55:15.701004,0.047792879440385176,0.0043366569846968375,0.4854368932038835,True,30,0.16726398468017578,True,5.246307134628296,5.459348256944594,7.462088338939054,-0.36652085665983236,UP,0.434398889541626,0.816357549710342,0.5353783676285474,MODERATE,HIGH,HIGH,STRONG_WARNING,False,5.246307134628296
2026-08-12T02:55:15.781739,0.07542962231464026,0.0023329775203180052,0.4870967741935484,True,30,0.16726398468017578,True,5.327041864395142,4.097775316772015,6.039927554088592,-0.4154047665052758,UP,0.5151336193084717,0.9216660504543895,0.6045790390990279,HIGH,HIGH,HIGH,STRONG_WARNING,False,5.327041864395142
2026-08-12T02:55:15.864192,0.09887519921975535,0.03924451360968392,0.4887459807073955,True,30,0.16726398468017578,True,5.409494876861572,7.720825221143315,4.735921452662097,-1.3863064084428345,UP,0.5975866317749023,0.9217355752743484,0.6124586292378751,HIGH,HIGH,HIGH,STRONG_WARNING,False,5.409494876861572
2026-08-12T02:55:15.943022,0.05480963324806992,0.0044236667786183995,0.49038461538461536,True,30,0.16726398468017578,True,5.488325834274292,5.6979732578141125,6.4963968900077305,-0.4255716501973268,UP,0.6764175891876221,0.9211627389831961,0.615092325703899,HIGH,HIGH,HIGH,STRONG_WARNING,False,5.488325834274292
2026-08-12T02:55:16.025195,0.07131790562135581,0.023551641796253707,0.49201277955271566,True,30,0.16726398468017578,True,5.570497989654541,6.045395772082031,5.58659227706579,-0.9073113652784457,UP,0.7585897445678711,0.921626880787037,0.6196085725955639,HIGH,HIGH,HIGH,STRONG_WARNING,False,5.570497989654541
2026-08-12T02:55:16.145293,0.17231489663965988,0.06708171346431921,0.49363057324840764,True,30,0.16726398468017578,True,5.690596342086792,4.940905001067904,9.989507246330788,-1.9345572870233525,UP,0.8786880970001221,0.9220124555255487,0.5989740349670264,HIGH,HIGH,HIGH,STRONG_WARNING,False,5.690596342086792
2026-08-12T02:55:16.229515,0.2206587383372422,0.009382750999541783,0.49206349206349204,False,30,5.774818658828735,False,0.0,6.17769188737995,11.837678833762482,-0.29339826529260904,UP,0.9629104137420654,0.8555625970247281,0.4149240288588925,MODERATE,HIGH,HIGH,STRONG_WARNING,False,0.0
2026-08-12T02:55:16.307038,0.2615452968517221,0.04005198516568723,0.49050632911392406,False,30,5.774818658828735,False,0.0,7.049392557273308,11.330167358954327,-1.2035815243948207,UP,1.040433406829834,0.8557817112023564,0.3622309966045472,MODERATE,HIGH,HIGH,STRONG_WARNING,False,0.0
2026-08-12T02:55:16.389114,0.27242837253979757,0.016861448403421873,0.4889589905362776,False,30,5.774818658828735,False,0.0,6.206899854498772,11.709866744209535,-0.9786293519687206,UP,1.1225087642669678,0.8554732969576718,0.34922941264967705,LOW,STABLE,HIGH,STRONG_WARNING,False,0.0
2026-08-12T02:55:16.468760,0.16354894482182059,0.026726043365837636,0.49056603773584906,True,30,5.774818658828735,False,0.0,5.979557564379235,8.90980367154873,-0.7660521854091371,UP,1.2021551132202148,0.8552515332586224,0.5023351853165807,MODERATE,STABLE,HIGH,STRONG_WARNING,False,0.0
2026-08-12T02:55:16.551213,0.1769425613094605,0.028224370888513414,0.49216300940438873,True,30,5.774818658828735,False,0.08245325088500977,6.5791662855943684,9.277554709782294,-0.8255037419131099,UP,1.2846083641052246,0.8551504409553815,0.4892243033710545,MODERATE,STABLE,HIGH,STRONG_WARNING,False,0.08245325088500977
2026-08-12T02:55:16.632977,0.08154943051324715,0.06957046733041888,0.49375,True,30,5.774818658828735,False,0.1642165184020996,2.092899507904434,9.167855589195142,-0.989913378763049,UP,1.3663716316223145,0.8562850331989148,0.5267440635818197,MODERATE,STABLE,HIGH,STRONG_WARNING,False,0.1642165184020996
2026-08-12T02:55:16.716924,0.07650658115563731,0.03567237211486086,0.4953271028037383,True,30,5.774818658828735,False,0.24816417694091797,5.176739543280121,6.93055888529824,-0.3393930592685024,UP,1.4503192901611328,0.8551695971196478,0.532112453829806,MODERATE,STABLE,HIGH,STRONG_WARNING,True,0.24816417694091797
2026-08-12T02:55:17.663134,0.4881288118344526,0.005326656030818909,0.4937888198757764,False,30,1.1943740844726562,False,0.0,-6.581530612026711,12.130512841076552,-0.6017815456803248,UP,2.396529197692871,0.8554874028604498,0.37127312292148984,MODERATE,STABLE,HIGH,STRONG_WARNING,False,0.0
2026-08-12T02:55:17.754262,0.4511374683383774,0.00611108250459466,0.49226006191950467,False,30,1.1943740844726562,False,0.0,-5.754207621714301,12.42465481563994,-0.39924069817320174,UP,2.487657070159912,0.8574733248977316,0.37377855066444693,MODERATE,STABLE,HIGH,STRONG_WARNING,False,0.0
2026-08-12T02:55:17.843403,0.4026371840785813,0.0052148263236123996,0.49074074074074076,False,30,1.1943740844726562,False,0.0,-6.155263314312492,11.695698636716799,-0.22886600624613607,CENTER,0.0,0.8570038496043993,0.2603801499132138,LOW,STABLE,HIGH,STRONG_WARNING,False,0.0
2026-08-12T02:55:17.963289,0.3885355764054077,0.009384837864180715,0.48923076923076925,False,30,1.1943740844726562,False,0.0,-5.567666815772469,14.321504839184513,-0.2684340189172474,CENTER,0.0,0.8570408433917548,0.26101941939357315,LOW,STABLE,HIGH,STRONG_WARNING,False,0.0
2026-08-12T02:55:18.045142,0.38989093077852405,0.0063721671828909235,0.48773006134969327,False,30,1.1943740844726562,False,0.0,-5.5749094151653935,13.174003388654683,-0.3593183317984767,CENTER,0.0,0.8570838701269474,0.2594729481373721,LOW,STABLE,HIGH,STRONG_WARNING,False,0.0
2026-08-12T02:55:18.129452,0.400659143957076,0.005325698855647672,0.48623853211009177,False,30,1.1943740844726562,False,0.0,-5.559282733582592,9.91559198115263,-0.41720710361903457,CENTER,0.0,0.8577825228036816,0.25628715134590885,LOW,STABLE,HIGH,STRONG_WARNING,False,0.0
2026-08-12T02:55:18.209277,0.2736126014878338,0.004478774231617305,0.4847560975609756,False,30,1.1943740844726562,False,0.0,-5.980808012398086,10.039026778643489,-0.13862905519428637,CENTER,0.0,0.856753252146409,0.2924004648708374,LOW,STABLE,HIGH,STRONG_WARNING,False,0.0
2026-08-12T02:55:18.298113,0.2848548865834057,0.0069345850563554854,0.48328267477203646,False,30,1.1943740844726562,False,0.0,-7.832685598998154,11.5529518816914,-0.8761932860731179,CENTER,0.0,0.8564678501769791,0.2797551545187007,LOW,STABLE,HIGH,STRONG_WARNING,False,0.0
2026-08-12T02:55:18.385077,0.37130250886826666,0.006776818277110012,0.4818181818181818,False,30,1.1943740844726562,False,0.0,-5.704515585633743,12.596194677371784,-0.5146728130936822,CENTER,0.0,0.855600374473349,0.25624499032103076,LOW,STABLE,HIGH,STRONG_WARNING,False,0.0
2026-08-12T02:55:18.470238,0.37160045148879634,0.0049675636855822805,0.48036253776435045,False,30,1.1943740844726562,False,0.0,-6.31311970277406,13.671168269362255,-0.6139260657724037,CENTER,0.0,0.8563494675696282,0.2570056030499037,LOW,STABLE,HIGH,STRONG_WARNING,False,0.0
2026-08-12T02:55:18.557039,0.36771816042693617,0.00297046512615218,0.4789156626506024,False,30,1.1943740844726562,False,0.0,-5.241057526201956,13.387203317875134,-0.34929846310336643,CENTER,0.0,0.8578862273111405,0.2546975758566217,LOW,STABLE,HIGH,STRONG_WARNING,False,0.0
2026-08-12T02:55:18.654435,0.34514907335452805,0.006583373627648708,0.4774774774774775,False,30,1.1943740844726562,False,0.0,-6.058236194702175,12.12606615000766,-0.32813900535924745,CENTER,0.0,0.8624156774737288,0.2537982249642242,LOW,STABLE,HIGH,STRONG_WARNING,False,0.0
2026-08-12T02:55:18.744513,0.3506276133028045,0.005256540776746623,0.4774774774774775,False,30,1.1943740844726562,False,0.0,-5.535834268777734,11.703394590050692,-0.8336662555600185,CENTER,0.0,0.8574560967889598,0.2534633161298116,LOW,STABLE,HIGH,STRONG_WARNING,False,0.0
2026-08-12T02:55:18.826292,0.02618722227032942,0.0026103661969329736,0.4804804804804805,True,30,1.1943740844726562,False,0.0,-8.016107118405301,11.527157613395161,-0.3049252026105762,UP,0.0,0.7184862046911744,0.39072281945806037,MODERATE,STABLE,HIGH,STRONG_WARNING,False,0.0
2026-08-12T02:55:18.909177,0.08907235095755592,0.006475119141087666,0.48787878787878786,True,30,1.1943740844726562,False,0.0828850269317627,-7.682605695875964,11.071967019489477,-0.2651348150761521,UP,0.0828850269317627,0.8180263294875563,0.49540541074569583,MODERATE,STABLE,HIGH,STRONG_WARNING,False,0.0828850269317627
2026-08-12T02:55:18.996760,0.35979022544868,0.008326916796308937,0.4923547400611621,False,31,0.17046856880187988,False,0.0,-4.049256613163777,14.789503545106385,-0.5018259852358256,UP,0.17046856880187988,0.8828838198731139,0.23724120213013528,LOW,STABLE,HIGH,STRONG_WARNING,False,0.0
2026-08-12T02:55:19.086586,0.37738870735000984,0.0057151623249643,0.49085365853658536,False,31,0.17046856880187988,False,0.0,-6.231736732524666,14.3429743128778,-0.7131017132423096,UP,0.26029396057128906,0.8838441063314473,0.23847326625685042,LOW,STABLE,HIGH,STRONG_WARNING,False,0.0
2026-08-12T02:55:19.175056,0.37844117025556745,0.004518543689237658,0.48936170212765956,False,31,0.17046856880187988,False,0.0,-5.501358422451034,16.22526117022275,-0.15950744522146465,UP,0.34876394271850586,0.8818886370456104,0.2378502994111938,LOW,STABLE,HIGH,STRONG_WARNING,False,0.0
2026-08-12T02:55:19.257635,0.37606744012833404,0.002246898188604969,0.48787878787878786,False,31,0.17046856880187988,False,0.0,-4.988380106691039,11.973092287346873,-0.46810297082080865,UP,0.43134331703186035,0.8812839050711592,0.2338410183697114,LOW,PERSISTENT,HIGH,STRONG_WARNING,False,0.0
2026-08-12T02:55:19.339892,0.22220943583476677,0.0038689218153925577,0.486404833836858,False,31,0.17046856880187988,False,0.0,-6.992931118571704,13.340149510343537,-0.7457343824702889,CENTER,0.0,0.8812718353480795,0.3140097698231396,LOW,PERSISTENT,HIGH,STRONG_WARNING,False,0.0
2026-08-12T02:55:19.417934,0.17708640398718173,0.006054670879248273,0.48942598187311176,True,31,0.17046856880187988,False,0.0,-7.608602186146356,12.694256426314013,-0.9983137151846506,CENTER,0.0,0.8812684729723935,0.3760540009443036,MODERATE,PERSISTENT,HIGH,STRONG_WARNING,False,0.0
2026-08-12T02:55:19.500932,0.21043716530019685,0.004705816196668797,0.48942598187311176,False,32,0.08299756050109863,False,0.0,-7.335116045124352,12.293376911586563,-0.7866637961880087,UP,0.0,0.8814790568201303,0.35682962704185117,MODERATE,PERSISTENT,HIGH,STRONG_WARNING,False,0.0
2026-08-12T02:55:19.579869,0.10278760386363721,0.007765096190533835,0.49244712990936557,True,32,0.08299756050109863,False,0.0,-8.513260219035345,11.22192198173667,-1.0470940895727097,UP,0.07893753051757812,0.880754551933299,0.43953455349793,MODERATE,PERSISTENT,HIGH,STRONG_WARNING,False,0.0
2026-08-12T02:55:19.661114,0.26881095433223684,0.012007358919977494,0.49244712990936557,False,33,0.08124494552612305,False,0.0,-6.140734504397415,14.89094390259666,-1.003424272865118,UP,0.16018247604370117,0.8804787031678669,0.28144309007871743,LOW,PERSISTENT,HIGH,STRONG_WARNING,False,0.0
2026-08-12T02:55:19.742461,0.2764038236084139,0.0052086435129268605,0.49244712990936557,False,33,0.08124494552612305,False,0.0,-7.498768076224252,13.384284698267237,-0.8120952354491351,UP,0.2415294647216797,0.8811935629929698,0.2713546148738242,LOW,PERSISTENT,HIGH,STRONG_WARNING,False,0.0
2026-08-12T02:55:19.824280,0.3202393067778894,0.0014275863316704565,0.49244712990936557,False,33,0.08124494552612305,False,0.0,-4.026478531993149,13.23001456641461,-0.48217531312963047,UP,0.3233480453491211,0.880257295417524,0.2361202421405449,LOW,PERSISTENT,HIGH,STRONG_WARNING,False,0.0
2026-08-12T02:55:19.908339,0.30167410265375905,0.006742133069456453,0.49244712990936557,False,33,0.08124494552612305,False,0.0,-5.288180117075996,14.614108547895228,-0.5281894209049085,UP,0.4074075222015381,0.8799710112311386,0.23837914734992208,LOW,PERSISTENT,HIGH,STRONG_WARNING,False,0.0
2026-08-12T02:55:19.990051,0.283303133826833,0.006959432110554761,0.49244712990936557,False,33,0.08124494552612305,False,0.0,-5.810287980402876,12.457686151789176,-0.649728156395696,CENTER,0.0,0.8807435270919067,0.23370402724174444,LOW,PERSISTENT,HIGH,STRONG_WARNING,False,0.0
2026-08-12T02:55:20.073561,0.13097012182537676,0.003921411958965732,0.4954682779456193,True,33,0.08124494552612305,False,0.0,-7.106157104168119,11.13903787094742,-0.6578176002924465,UP,0.0,0.8803705311213992,0.4392554197431597,MODERATE,PERSISTENT,HIGH,STRONG_WARNING,False,0.0
2026-08-12T02:55:20.157150,0.30601165912819933,0.0039124737125166295,0.4954682779456193,False,34,0.08358883857727051,False,0.0,-6.203496455960391,14.5632896435215,-0.441768971068484,UP,0.08358883857727051,0.8803387560013717,0.2406512148673067,LOW,PERSISTENT,HIGH,STRONG_WARNING,False,0.0
2026-08-12T02:55:20.236542,0.30018856457191045,0.002481422283363302,0.4954682779456193,False,34,0.08358883857727051,False,0.0,-6.994962192150069,14.334743997184518,-0.6351638528166461,UP,0.1629805564880371,0.8803631499699931,0.241434538421485,LOW,PERSISTENT,HIGH,STRONG_WARNING,False,0.0
2026-08-12T02:55:20.322897,0.33331726495806413,0.0060932908362804515,0.4954682779456193,False,34,0.08358883857727051,False,0.0,-5.419616134319654,14.705437052190092,-0.7853208139254377,CENTER,0.0,0.8828670213906035,0.21432985686807188,LOW,PERSISTENT,HIGH,STRONG_WARNING,False,0.0
2026-08-12T02:55:20.402535,0.30620832425821043,0.00572312617593825,0.4954682779456193,False,34,0.08358883857727051,False,0.0,-11.357420347865911,12.784630254246053,-1.5732833293067472,CENTER,0.0,0.8986606492198217,0.21941927177148698,LOW,PERSISTENT,HIGH,STRONG_WARNING,False,0.0
2026-08-12T02:55:20.484446,0.3206087567696818,0.01110213104875542,0.4954682779456193,False,34,0.08358883857727051,False,0.0,-8.221726272400645,14.592081094519727,-1.257684037629275,CENTER,0.0,0.9034077610596708,0.21740118524702864,LOW,PERSISTENT,HIGH,STRONG_WARNING,False,0.0
2026-08-12T02:55:20.567009,0.30507902075431304,0.012671231070376595,0.4954682779456193,False,34,0.08358883857727051,False,0.0,-8.315788803101754,15.427209640977082,-1.6468315983813966,CENTER,0.0,0.9192173836162552,0.21846964706309172,LOW,PERSISTENT,HIGH,STRONG_WARNING,False,0.0
2026-08-12T02:55:20.651227,0.3322993216639527,0.004616786378886303,0.4954682779456193,False,34,0.08358883857727051,False,0.0,-8.638792033050152,15.497358561736519,-1.4995724217834265,CENTER,0.0,0.9230625616212277,0.2186895451868665,LOW,PERSISTENT,HIGH,STRONG_WARNING,False,0.0
2026-08-12T02:55:20.729740,0.37675822748970966,0.020016206671971737,0.4954682779456193,False,34,0.08358883857727051,False,0.0,-6.545649671766256,15.007545218210112,-1.4622516731099893,CENTER,0.0,0.9530994807741769,0.21628423403658295,LOW,PERSISTENT,HIGH,STRONG_WARNING,False,0.0
2026-08-12T02:55:20.809305,0.3515102187938104,0.01506730960391141,0.4954682779456193,False,34,0.08358883857727051,False,0.0,-5.72434634415302,17.736662300307586,-1.4108808135525237,CENTER,0.0,0.9688866785622429,0.21741491011934086,LOW,PERSISTENT,HIGH,STRONG_WARNING,False,0.0
2026-08-12T02:55:20.889641,0.1537538645819333,0.020644382934485794,0.4984894259818731,True,34,0.08358883857727051,False,0.0,-10.911729583198564,12.489590306012701,-1.3941763065545842,CENTER,0.0,0.9855146578146433,0.41510995147801916,MODERATE,PERSISTENT,HIGH,STRONG_WARNING,False,0.0
2026-08-12T02:55:20.969938,0.1207928429060445,0.01446437581472657,0.5015105740181269,True,34,0.08358883857727051,False,0.08029675483703613,-11.11212835380286,13.318871560312942,-1.0584611057027473,UP,0.0,0.9719282621742112,0.4473390119027129,MODERATE,PERSISTENT,HIGH,STRONG_WARNING,False,0.08029675483703613
2026-08-12T02:55:21.048404,0.14894744049918635,0.016698833822474717,0.5045317220543807,True,34,0.08358883857727051,False,0.15876340866088867,-1.3891042171838421,14.00931896037622,-1.10034170412942,UP,0.07846665382385254,0.9236648153506516,0.4385150856919067,MODERATE,PERSISTENT,HIGH,STRONG_WARNING,False,0.15876340866088867
2026-08-12T02:55:21.161629,0.0663682494462178,0.010133511613280646,0.5075528700906344,True,34,0.08358883857727051,False,0.2719883918762207,-14.431268756228974,9.336448251683066,-0.7343096453490148,UP,0.19169163703918457,0.9230744571973594,0.447346880716624,MODERATE,PERSISTENT,HIGH,STRONG_WARNING,False,0.2719883918762207
2026-08-12T02:55:21.243260,0.07440405500115665,0.0021080929218042226,0.5105740181268882,True,34,0.08358883857727051,False,0.3536195755004883,-9.886931352435852,10.409379527534753,-0.8561954302661547,UP,0.27332282066345215,0.9232389322916666,0.44386311841248816,MODERATE,PERSISTENT,HIGH,STRONG_WARNING,False,0.3536195755004883
2026-08-12T02:55:21.324251,0.1506816670989588,0.011035834769105466,0.513595166163142,True,34,0.08358883857727051,False,0.43461012840270996,-9.252557558557555,12.110759041756296,-1.715880665292275,UP,0.35431337356567383,0.906444321201989,0.4443999696137714,MODERATE,PERSISTENT,HIGH,STRONG_WARNING,False,0.43461012840270996
2026-08-12T02:55:21.400409,0.19716838690434366,0.0024397022171215384,0.5166163141993958,True,34,0.08358883857727051,False,0.5107681751251221,-7.874465923054345,11.980347017471246,-1.7365890162439257,UP,0.43047142028808594,0.9036651770404666,0.3810163802483731,MODERATE,PERSISTENT,HIGH,STRONG_WARNING,False,0.5107681751251221
2026-08-12T02:55:21.481659,0.2538108137313746,0.002456269194502671,0.5166163141993958,False,35,0.5920181274414062,False,0.0,-7.851300555934813,11.435607616251474,-1.1573221769139082,UP,0.5117213726043701,0.903988956404321,0.35296327814732076,MODERATE,PERSISTENT,HIGH,STRONG_WARNING,False,0.0
2026-08-12T02:55:21.562592,0.3434759867586049,0.0033287432291120647,0.5166163141993958,False,35,0.5920181274414062,False,0.0,-8.598332089110102,12.098748899090737,-1.766346450843855,UP,0.5926547050476074,0.90878805780607,0.29666957441725317,LOW,PERSISTENT,HIGH,STRONG_WARNING,False,0.0
2026-08-12T02:55:21.644660,0.3442792612045056,0.007251768001878909,0.5166163141993958,False,35,0.5920181274414062,False,0.0,-7.633533216396643,13.655716509306728,-1.1066878918676935,UP,0.6747219562530518,0.9049079968278464,0.29978600623524027,LOW,PERSISTENT,HIGH,STRONG_WARNING,False,0.0
2026-08-12T02:55:21.724666,0.3544242963993397,0.005549317436573213,0.513595166163142,False,35,0.5920181274414062,False,0.0,-7.192147879001823,12.250420950726323,-0.8272081920491132,CENTER,0.0,0.9037406362525721,0.26883895278427966,LOW,PERSISTENT,HIGH,STRONG_WARNING,True,0.0
2026-08-12T02:55:22.676151,0.0700516969554015,0.004646470893405348,0.53125,True,35,0.5920181274414062,False,0.0,-8.325279122552445,10.850537396535088,-1.7401117881567245,UP,0.0,0.9009201120970507,0.49579818154444205,MODERATE,PERSISTENT,HIGH,STRONG_WARNING,False,0.0
2026-08-12T02:55:22.788114,0.07235490105360462,0.005316969165052024,0.534375,True,35,0.5920181274414062,False,0.11196303367614746,-9.384338215465846,9.629631574154644,-1.5244298741140199,UP,0.11196303367614746,0.8990056209276406,0.49572855721533904,MODERATE,PERSISTENT,HIGH,STRONG_WARNING,False,0.11196303367614746
2026-08-12T02:55:22.872901,0.10969055553291185,0.001764631086628385,0.5375,True,35,0.5920181274414062,False,0.19675016403198242,-10.62509688275756,10.318138852548458,-1.5304783035383878,UP,0.19675016403198242,0.8978198007758916,0.4974264415280538,MODERATE,PERSISTENT,HIGH,STRONG_WARNING,False,0.19675016403198242
2026-08-12T02:55:22.959320,0.054483160814699595,0.006439261845003224,0.540625,True,35,0.5920181274414062,False,0.2831692695617676,-9.500239918172042,11.481529544097612,-1.6895960805209427,UP,0.2831692695617676,0.8981703049982853,0.49733669706907346,MODERATE,PERSISTENT,HIGH,STRONG_WARNING,False,0.2831692695617676
2026-08-12T02:55:23.050048,0.06926544480086058,0.0011547127351341445,0.54375,True,35,0.5920181274414062,False,0.37389707565307617,-7.426080709595681,9.565806869839264,-1.2976769677833602,UP,0.37389707565307617,0.8986371795696159,0.4935783774949179,MODERATE,PERSISTENT,HIGH,STRONG_WARNING,False,0.37389707565307617
2026-08-12T02:55:23.147213,0.043203223390334576,0.0008714882103297496,0.54858934169279,True,35,0.5920181274414062,False,0.47106266021728516,-8.841101709189047,10.67873382405736,-1.5556349682675261,UP,0.47106266021728516,0.7947632213893787,0.39999187486649257,MODERATE,PERSISTENT,HIGH,STRONG_WARNING,False,0.47106266021728516
2026-08-12T02:55:23.233240,0.2949311466079366,0.0043067141328307955,0.5454545454545454,False,36,0.5570898056030273,False,0.0,-6.435878241090904,12.909135217051187,-1.3865149501510245,UP,0.5570898056030273,0.8986016803840878,0.29536694276094483,LOW,STABLE,HIGH,STRONG_WARNING,False,0.0
2026-08-12T02:55:23.318097,0.3231410336085623,0.005255400889428287,0.542319749216301,False,36,0.5570898056030273,False,0.0,-7.7675543452424165,14.652959853933226,-1.1367986333679596,UP,0.6419467926025391,0.8983543113425927,0.2945869237819051,LOW,STABLE,HIGH,STRONG_WARNING,False,0.0
2026-08-12T02:55:23.413691,0.3235388028916462,0.0018643231613867418,0.542319749216301,False,36,0.5570898056030273,False,0.0,-7.013336162952754,12.928814538094656,-1.258118736531884,UP,0.7375400066375732,0.8986080836334019,0.2968746229191224,LOW,STABLE,HIGH,STRONG_WARNING,False,0.0
2026-08-12T02:55:23.514494,0.2699842438350949,0.010675674754413954,0.5391849529780565,False,36,0.5570898056030273,False,0.0,-6.740516092924423,12.211085794683783,-1.4756268063515563,UP,0.8383433818817139,0.8986707095550411,0.340692154343948,LOW,STABLE,HIGH,STRONG_WARNING,False,0.0
2026-08-12T02:55:23.598691,0.14405642154780934,0.008411339708975465,0.542319749216301,True,36,0.5570898056030273,False,0.0,-10.672550240472901,12.940659892207492,-1.6729026928614132,UP,0.9225404262542725,0.9054467806927298,0.508822971964931,MODERATE,STABLE,HIGH,STRONG_WARNING,False,0.0
2026-08-12T02:55:23.684359,0.2765218530306052,0.009065873591752585,0.5391849529780565,False,37,0.08566761016845703,False,0.0,-6.831344143055134,14.413617522777741,-2.1399718825051366,UP,1.0082080364227295,0.9087265035579561,0.294042090810057,LOW,STABLE,HIGH,STRONG_WARNING,False,0.0
2026-08-12T02:55:23.771842,0.3896385985489659,0.0074882180787272734,0.5360501567398119,False,37,0.08566761016845703,False,0.0,-6.485304334703471,15.600325260281465,-1.7638981225353234,UP,1.095691442489624,0.923533937221365,0.2666905405250577,LOW,STABLE,HIGH,STRONG_WARNING,False,0.0
2026-08-12T02:55:23.855490,0.40132532660199194,0.004295879469891101,0.5329153605015674,False,37,0.08566761016845703,False,0.0,-9.08235448165027,14.524887720189668,-1.8284265366260684,UP,1.1793391704559326,0.9369892671896434,0.27210157209082686,LOW,STABLE,HIGH,STRONG_WARNING,False,0.0
2026-08-12T02:55:23.947407,0.3844165281313366,0.007474352680670886,0.5283018867924528,False,37,0.08566761016845703,False,0.0,-8.728942467527702,12.390293775991267,-1.5773104894000198,CENTER,0.0,0.9369393941829561,0.2188730853893315,LOW,STABLE,HIGH,STRONG_WARNING,False,0.0
2026-08-12T02:55:24.027690,0.35082641130628334,0.0026824034913205817,0.5283018867924528,False,37,0.08566761016845703,False,0.0,-7.852052032399172,14.257335946171793,-1.4672602056298274,CENTER,0.0,0.9393786838777435,0.21927111737552238,LOW,STABLE,HIGH,STRONG_WARNING,False,0.0
2026-08-12T02:55:24.108514,0.3729264344052112,0.00333223558522998,0.5251572327044025,False,37,0.08566761016845703,False,0.0,-7.7660795297346965,13.592186502182983,-2.1769270864939188,CENTER,0.0,0.9566632641032236,0.21939132625238936,LOW,STABLE,HIGH,STRONG_WARNING,False,0.0
2026-08-12T02:55:24.187568,0.3718226527251268,0.011197630123177899,0.5251572327044025,False,37,0.08566761016845703,False,0.0,-9.37536041395714,13.519213669797807,-1.945496661208125,CENTER,0.0,0.9624371329518174,0.22066544261167975,LOW,STABLE,HIGH,STRONG_WARNING,False,0.0
2026-08-12T02:55:24.268640,0.3862942936813859,0.01245688712846046,0.5251572327044025,False,37,0.08566761016845703,False,0.0,-11.127408865423092,12.009598135086378,-2.231514566204879,CENTER,0.0,0.9733285509902263,0.22153774714283378,LOW,STABLE,HIGH,STRONG_WARNING,False,0.0
2026-08-12T02:55:24.348095,0.3695101908017156,0.0022738127030503493,0.5251572327044025,False,37,0.08566761016845703,False,0.0,-9.676347491676779,13.205642506527056,-1.967698449320352,CENTER,0.0,0.9736012383187587,0.22075019345715569,LOW,STABLE,HIGH,STRONG_WARNING,False,0.0
2026-08-12T02:55:24.427378,0.38048742533364993,0.003346635105841356,0.5251572327044025,False,37,0.08566761016845703,False,0.0,-9.269209843120365,13.647155285627747,-2.1807673622753896,CENTER,0.0,0.9817913156935871,0.22088218279296412,LOW,STABLE,HIGH,STRONG_WARNING,False,0.0
2026-08-12T02:55:24.508698,0.3590071787134753,0.004267515189909404,0.5251572327044025,False,37,0.08566761016845703,False,0.0,-9.189169599991857,12.319777276020602,-1.508892765772174,CENTER,0.0,0.9852703162508574,0.21919945475526914,LOW,STABLE,HIGH,STRONG_WARNING,False,0.0
2026-08-12T02:55:24.590089,0.3572062716322947,0.012616072475013833,0.5220125786163522,False,37,0.08566761016845703,False,0.0,-9.535822440835233,11.593089593969523,-1.5800924112947996,CENTER,0.0,0.9857617723336762,0.21907700123102913,LOW,STABLE,HIGH,STRONG_WARNING,False,0.0
2026-08-12T02:55:24.669254,0.37061884428362324,0.007495387974249631,0.5220125786163522,False,37,0.08566761016845703,False,0.0,-10.661743379372695,10.565330107626181,-1.7323259074060786,CENTER,0.0,0.9827796666023663,0.2195655458724059,LOW,STABLE,HIGH,STRONG_WARNING,False,0.0
2026-08-12T02:55:24.751674,0.3682336859472496,0.004626436452134401,0.5188679245283019,False,37,0.08566761016845703,False,0.0,-9.623827769187244,13.762859072659666,-1.4714539543945193,CENTER,0.0,0.9658428176440329,0.22062418802703665,LOW,STABLE,HIGH,STRONG_WARNING,False,0.0
2026-08-12T02:55:24.834109,0.3556656234076625,0.013031468063740266,0.5157232704402516,False,37,0.08566761016845703,False,0.0,-8.418058101497337,11.05167026752207,-1.758021588266729,CENTER,0.0,0.9589240665723594,0.21778094970927947,LOW,STABLE,HIGH,STRONG_WARNING,False,0.0
2026-08-12T02:55:24.916496,0.3502095661630771,0.008951348872068547,0.5125786163522013,False,37,0.08566761016845703,False,0.0,-10.52770006720101,12.847947244922267,-2.065486374917157,CENTER,0.0,0.9412360012645747,0.22140584513966877,LOW,STABLE,HIGH,STRONG_WARNING,False,0.0
2026-08-12T02:55:24.994553,0.32598495164765284,0.014432819357728829,0.5125786163522013,False,37,0.08566761016845703,False,0.0,-8.32995993886442,12.705660148478756,-1.7582959153982927,CENTER,0.0,0.9413276695387517,0.21889092685578396,LOW,STABLE,HIGH,STRONG_WARNING,False,0.0
2026-08-12T02:55:25.074596,0.275222706342938,0.005045082118350865,0.5125786163522013,False,37,0.08566761016845703,False,0.0,-10.166948571893073,10.396661061307668,-1.6729773831142154,CENTER,0.0,0.9358568833590535,0.2519465013770341,LOW,STABLE,HIGH,STRONG_WARNING,False,0.0
2026-08-12T02:55:25.152721,0.2813602807704211,0.001066551768085841,0.5125786163522013,False,37,0.08566761016845703,False,0.0,-9.036511834433185,12.577881769182312,-1.2781198931090216,CENTER,0.0,0.9327444889188957,0.24386959302518496,LOW,STABLE,HIGH,STRONG_WARNING,False,0.0
2026-08-12T02:55:25.236946,0.20389888785757632,0.010743371131521656,0.5125786163522013,True,37,0.08566761016845703,False,0.0,-8.219057070266217,12.851911327962938,-1.892422283518954,CENTER,0.0,0.9241028753000686,0.3471537322674424,LOW,STABLE,LOW,VISUAL_REMINDER,False,0.0
2026-08-12T02:55:25.319245,0.13323623263405704,0.0036877072989569756,0.5125786163522013,True,37,0.08566761016845703,False,0.08229851722717285,-10.459656451238601,9.769249616791456,-1.3791342891657052,UP,0.0,0.9236371393818587,0.44445588617696097,MODERATE,STABLE,LOW,VISUAL_REMINDER,False,0.08229851722717285
2026-08-12T02:55:25.403198,0.08381286325396858,0.0014830078349153133,0.5157232704402516,True,37,0.08566761016845703,False,0.16625213623046875,-11.212456925529295,10.614868283846619,-0.8493929816580987,UP,0.0839536190032959,0.9210804478523663,0.44528140848599557,MODERATE,STABLE,LOW,VISUAL_REMINDER,False,0.16625213623046875
2026-08-12T02:55:25.483511,0.07939060270991977,0.007683079820857879,0.5188679245283019,True,37,0.08566761016845703,False,0.2465648651123047,-9.307410202747747,12.857437398581936,-1.4625843737552486,UP,0.16426634788513184,0.9202492846579217,0.44565703289857134,MODERATE,PERSISTENT,LOW,VISUAL_REMINDER,False,0.2465648651123047
2026-08-12T02:55:25.563395,0.039247218545944734,0.0018693387308288548,0.5188679245283019,True,37,0.08566761016845703,False,0.3264484405517578,-10.495308804640473,11.025528280750848,-1.2515822024991792,UP,0.24414992332458496,0.8131499060754702,0.33961274107849526,LOW,PERSISTENT,LOW,VISUAL_REMINDER,False,0.3264484405517578
2026-08-12T02:55:25.643321,0.08232567751826139,0.004847670801944101,0.5220125786163522,True,37,0.08566761016845703,False,0.4063746929168701,-8.97852797245784,10.745188861930814,-1.184583614585705,UP,0.32407617568969727,0.9179835256987311,0.44354711422484383,MODERATE,PERSISTENT,LOW,VISUAL_REMINDER,False,0.4063746929168701
2026-08-12T02:55:25.724932,0.045368557620137265,0.007157787363954877,0.5220125786163522,True,37,0.08566761016845703,False,0.48798608779907227,-9.326482420923043,8.956275366017849,-1.5398944271501875,UP,0.4056875705718994,0.8121806696122379,0.3368242137428242,LOW,PERSISTENT,LOW,VISUAL_REMINDER,False,0.48798608779907227
2026-08-12T02:55:25.805742,0.09260107126685582,0.005559258265546455,0.5220125786163522,True,37,0.08566761016845703,False,0.5687956809997559,-9.014629833290087,10.22411074751301,-1.6197462913125662,UP,0.486497163772583,0.9173296842849794,0.44362459032652496,MODERATE,PERSISTENT,LOW,VISUAL_REMINDER,False,0.5687956809997559
2026-08-12T02:55:25.887289,0.08035931665159551,0.003925665204206946,0.5251572327044025,True,37,0.08566761016845703,False,0.6503431797027588,-9.686022548485056,9.296833655218649,-1.5146102415818063,UP,0.5680446624755859,0.9164349976423184,0.4421154431079607,MODERATE,PERSISTENT,LOW,VISUAL_REMINDER,False,0.6503431797027588
2026-08-12T02:55:25.965425,0.09262262633380089,0.0024967318364600435,0.5251572327044025,True,37,0.08566761016845703,False,0.7284791469573975,-9.016916684998534,10.57942550016142,-1.8909638180003867,UP,0.6461806297302246,0.9153601894718791,0.44614574174501787,MODERATE,PERSISTENT,LOW,VISUAL_REMINDER,False,0.7284791469573975
2026-08-12T02:55:26.047265,0.11598529226046363,0.00895136377658281,0.5251572327044025,True,37,0.08566761016845703,False,0.8103184700012207,-9.691574662351968,9.824435231368653,-1.3722753410062865,UP,0.7280199527740479,0.913998092421125,0.4492970345127644,MODERATE,PERSISTENT,LOW,VISUAL_REMINDER,False,0.8103184700012207
2026-08-12T02:55:26.124320,0.05411175508183901,0.005028688968285081,0.5251572327044025,True,37,0.08566761016845703,False,0.8873739242553711,-8.8445686764598,11.0764597570236,-1.8590305632564252,UP,0.8050754070281982,0.915085077481996,0.4531934359895398,MODERATE,PERSISTENT,LOW,VISUAL_REMINDER,False,0.8873739242553711
2026-08-12T02:55:26.203884,0.10543900731542027,0.00303673049079732,0.5251572327044025,True,37,0.08566761016845703,False,0.9669382572174072,-9.991585937504652,8.997204264222432,-1.3921044062870749,UP,0.8846397399902344,0.9143340888631687,0.45579444177331474,MODERATE,PERSISTENT,LOW,VISUAL_REMINDER,False,0.9669382572174072
2026-08-12T02:55:26.282582,0.1565128743054706,0.0065596968765857895,0.5251572327044025,True,37,0.08566761016845703,False,1.045635461807251,-8.338263357300548,11.338758598895254,-1.8159162583393424,UP,0.9633369445800781,0.9145747733410493,0.45102797084617946,MODERATE,PERSISTENT,LOW,VISUAL_REMINDER,False,1.045635461807251
2026-08-12T02:55:26.390858,0.10768712263679175,0.009020016360779563,0.5251572327044025,True,37,0.08566761016845703,False,1.1539115905761719,-9.493143649121834,8.909807038624479,-1.6439925901121342,UP,1.071613073348999,0.9144212962962962,0.4635960768626515,MODERATE,PERSISTENT,LOW,VISUAL_REMINDER,False,1.1539115905761719
2026-08-12T02:55:26.470737,0.12592983148496734,0.012260271847541764,0.5283018867924528,True,37,0.08566761016845703,False,1.2337911128997803,-9.650268268264313,10.872150177126656,-1.659972318683458,UP,1.1514925956726074,0.9147966633444787,0.46864146372783566,MODERATE,PERSISTENT,LOW,VISUAL_REMINDER,False,1.2337911128997803
2026-08-12T02:55:26.552446,0.17394286715599272,0.008438371639832671,0.5283018867924528,True,37,0.08566761016845703,False,1.3154995441436768,-10.148380692851589,14.614973969469304,-1.642063931613876,UP,1.233201026916504,0.9141459163880316,0.44342390875990095,MODERATE,PERSISTENT,LOW,VISUAL_REMINDER,False,1.3154995441436768
2026-08-12T02:55:26.629704,0.07621941743945915,0.003825681933079682,0.5283018867924528,True,37,0.08566761016845703,False,1.3927576541900635,-9.070272620465602,12.068601170626977,-1.8417806041294682,UP,1.3104591369628906,0.9140316224065501,0.47601067766345484,MODERATE,PERSISTENT,LOW,VISUAL_REMINDER,False,1.3927576541900635
2026-08-12T02:55:26.710741,0.13238379390717075,0.006280783831134047,0.5314465408805031,True,37,0.08566761016845703,False,1.473794937133789,-8.013657123799618,13.668580245927728,-2.1831486779984743,UP,1.3914964199066162,0.9135224971064815,0.4799890769234475,MODERATE,PERSISTENT,LOW,VISUAL_REMINDER,False,1.473794937133789
2026-08-12T02:55:26.789487,0.27304893208924086,0.010035168985927883,0.5314465408805031,False,37,1.5525407791137695,False,0.0,-8.371906170030485,12.065813097295319,-1.663626366383994,UP,1.4702422618865967,0.8488352009158217,0.3729409372121405,MODERATE,PERSISTENT,LOW,VISUAL_REMINDER,False,0.0
2026-08-12T02:55:26.872467,0.041175401402764364,0.0016472977052484265,0.5314465408805031,True,37,1.5525407791137695,False,0.0,-8.987902376926087,11.380142229944397,-1.5565067471574991,UP,1.553222417831421,0.7440663666363536,0.4570989647950394,MODERATE,PERSISTENT,LOW,VISUAL_REMINDER,False,0.0
2026-08-12T02:55:26.951810,0.3055172293406431,0.007278567965620246,0.5297805642633229,False,38,0.07934284210205078,False,0.0,-9.511992823478693,12.046952284017777,-2.0153885816342836,UP,1.6325652599334717,0.913669678069273,0.29054551259975725,LOW,PERSISTENT,LOW,VISUAL_REMINDER,False,0.0
2026-08-12T02:55:27.032658,0.35942432403976055,0.005925551477878883,0.5297805642633229,False,38,0.07934284210205078,False,0.0,-7.002961399816883,13.661291313280003,-1.704954902755361,UP,1.7134137153625488,0.912961181305727,0.2924998167203711,LOW,PERSISTENT,LOW,VISUAL_REMINDER,False,0.0
2026-08-12T02:55:27.110915,0.3426961627398971,0.00832146911716872,0.5297805642633229,False,38,0.07934284210205078,False,0.0,-8.650831168922366,12.140244597251353,-1.4762205678488556,UP,1.7916700839996338,0.9126670872985254,0.2961589671511861,LOW,PERSISTENT,LOW,VISUAL_REMINDER,False,0.0
2026-08-12T02:55:27.191672,0.35242466497056824,0.010040148210890183,0.5266457680250783,False,38,0.07934284210205078,False,0.0,-8.14287888968721,11.596442513843783,-1.5174427698238162,UP,1.872426986694336,0.9121373724708505,0.2988162432073931,LOW,PERSISTENT,LOW,VISUAL_REMINDER,False,0.0
2026-08-12T02:55:27.272875,0.3644443670365306,0.0063605854293335255,0.525,False,38,0.07934284210205078,False,0.0,-7.134115489907401,13.930151710281137,-1.7132921718263674,CENTER,0.0,0.9123731540423525,0.2185803910205763,LOW,PERSISTENT,LOW,VISUAL_REMINDER,False,0.0
2026-08-12T02:55:27.355214,0.3783349379344292,0.00622394910012445,0.525,False,38,0.07934284210205078,False,0.0,-7.672277688809885,11.231127962857443,-1.6802684613798533,CENTER,0.0,0.9117806927297668,0.21711752574743162,LOW,PERSISTENT,LOW,VISUAL_REMINDER,False,0.0
2026-08-12T02:55:27.436497,0.3549699343740805,0.0019412065269037435,0.525,False,38,0.07934284210205078,False,0.0,-7.134317964788721,12.87761612689215,-1.2454333931646318,CENTER,0.0,0.9121133401920438,0.21736989073263646,LOW,PERSISTENT,LOW,VISUAL_REMINDER,False,0.0
2026-08-12T02:55:27.518255,0.3555910333566648,0.0034228773417210026,0.521875,False,38,0.07934284210205078,False,0.0,-6.573578563836804,11.67587406861071,-1.4856531227121081,CENTER,0.0,0.9120945189257545,0.216193317340303,LOW,PERSISTENT,LOW,VISUAL_REMINDER,False,0.0
2026-08-12T02:55:27.600271,0.3501080338222,0.005731310685021181,0.51875,False,38,0.07934284210205078,False,0.0,-5.9892297092719105,11.591392627915013,-1.4394572027180743,CENTER,0.0,0.9119986711248285,0.21552511170207714,LOW,PERSISTENT,LOW,VISUAL_REMINDER,False,0.0
2026-08-12T02:55:27.679577,0.33508648367732574,0.0157906177029754,0.515625,False,38,0.07934284210205078,False,0.0,-7.702738327087104,13.462481662079199,-1.3413390900139746,CENTER,0.0,0.9119670165680727,0.21843201500945084,LOW,STABLE,LOW,VISUAL_REMINDER,False,0.0
2026-08-12T02:55:27.758609,0.28368147664636,0.00804138232716553,0.5125,False,38,0.07934284210205078,False,0.0,-8.661814453046162,10.898434169708878,-1.3448829983128974,CENTER,0.0,0.9125430009002058,0.23926520151021105,LOW,STABLE,LOW,VISUAL_REMINDER,False,0.0
2026-08-12T02:55:27.840988,0.3088996958351019,0.007395271552561551,0.5125,False,38,0.07934284210205078,False,0.0,-6.756083054292418,14.939671259777356,-1.5638942887728717,CENTER,0.0,0.9127869003986626,0.21880159261056875,LOW,STABLE,LOW,VISUAL_REMINDER,False,0.0
2026-08-12T02:55:27.919651,0.24284992227232513,0.005002968256622134,0.509375,False,38,0.07934284210205078,False,0.0,-8.751065203442721,11.845385310783712,-1.5383542607743834,CENTER,0.0,0.9130360377014746,0.2946634339935638,LOW,STABLE,LOW,VISUAL_REMINDER,False,0.0
2026-08-12T02:55:28.002044,0.2887733384321502,0.003221318213414144,0.50625,False,38,0.07934284210205078,False,0.0,-8.097871114649848,12.400766772245902,-1.5150990216392302,CENTER,0.0,0.9134914721579218,0.23318192563129275,LOW,STABLE,LOW,VISUAL_REMINDER,False,0.0
2026-08-12T02:55:28.079393,0.27647375548405334,0.010214790029220752,0.503125,False,38,0.07934284210205078,False,0.0,-9.761676093648049,10.79137708644339,-1.7821747619443045,CENTER,0.0,0.913016399284122,0.2502783991853751,LOW,STABLE,LOW,VISUAL_REMINDER,False,0.0
2026-08-12T02:55:28.161316,0.29425475384793365,0.004429456011243276,0.5,False,38,0.07934284210205078,False,0.0,-8.96959277345428,12.22634214404647,-1.7812502627022582,CENTER,0.0,0.9125424114797668,0.22684312786012462,LOW,STABLE,LOW,VISUAL_REMINDER,False,0.0
2026-08-12T02:55:28.239534,0.3163654867333189,0.0047819937723864205,0.5,False,38,0.07934284210205078,False,0.0,-6.831603688125483,14.628543791420554,-1.1956336589547618,UP,0.0,0.9139437719693072,0.2442949916650662,LOW,STABLE,LOW,VISUAL_REMINDER,False,0.0
2026-08-12T02:55:28.323653,0.3399659135746722,0.009090051738368144,0.496875,False,38,0.07934284210205078,False,0.0,-7.7364371910158525,13.262702236906193,-1.4263831482849127,CENTER,0.0,0.9141853405778464,0.2168395749052404,LOW,STABLE,LOW,VISUAL_REMINDER,False,0.0
2026-08-12T02:55:28.403727,0.31110587481511653,0.00512564781496164,0.49375,False,38,0.07934284210205078,False,0.0,-7.416975479240108,10.759570202982957,-1.1853181938341208,CENTER,0.0,0.9136119282621742,0.2129294909058555,LOW,STABLE,LOW,VISUAL_REMINDER,False,0.0
2026-08-12T02:55:28.486612,0.30083482866247985,0.0033132398387176873,0.490625,False,38,0.07934284210205078,False,0.0,-7.757352209877524,10.239471833348574,-1.3956702379459784,CENTER,0.0,0.9120378541881001,0.2115216957182855,LOW,STABLE,LOW,VISUAL_REMINDER,False,0.0
2026-08-12T02:55:28.565946,0.2856173451871617,0.003653712597190005,0.490625,False,38,0.07934284210205078,False,0.0,-8.833280186319854,11.822747036167158,-1.7134492077802292,CENTER,0.0,0.9127789700145748,0.2331841335079274,LOW,STABLE,LOW,VISUAL_REMINDER,False,0.0
2026-08-12T02:55:28.646137,0.11537744908497233,0.003184286238061831,0.490625,True,38,0.07934284210205078,False,0.0,-9.106794021217667,13.220887387297154,-1.4749735635996615,UP,0.0,0.9118067343964336,0.44105076893546463,MODERATE,STABLE,LOW,VISUAL_REMINDER,False,0.0
2026-08-12T02:55:28.733490,0.0921328989612031,0.004960527478474974,0.49375,True,38,0.07934284210205078,False,0.08735299110412598,-7.988123800528967,12.043543951577021,-1.3409397236677023,UP,0.08735299110412598,0.9112306562928669,0.4405566577290691,MODERATE,STABLE,LOW,VISUAL_REMINDER,False,0.08735299110412598
2026-08-12T02:55:28.820113,0.08408565955879456,0.00601982844125451,0.49375,True,38,0.07934284210205078,False,0.17397665977478027,-10.366193368666842,11.634671895262613,-1.6495982470970603,UP,0.17397665977478027,0.9111271862139917,0.4428485808876846,MODERATE,STABLE,LOW,VISUAL_REMINDER,False,0.17397665977478027
2026-08-12T02:55:28.899086,0.08354910468272402,0.007069263626722884,0.49375,True,38,0.07934284210205078,False,0.25294995307922363,-7.918889645147175,10.45245683047753,-1.4780041101001586,UP,0.25294995307922363,0.9109450285065158,0.4394728572529905,MODERATE,STABLE,LOW,VISUAL_REMINDER,False,0.25294995307922363
2026-08-12T02:55:28.977681,0.060347219131115334,0.006436484561887165,0.49375,True,38,0.07934284210205078,False,0.3315446376800537,-10.28903113968471,11.447517941534159,-1.578821984649295,UP,0.3315446376800537,0.9104125943072703,0.44257095485528153,MODERATE,STABLE,LOW,VISUAL_REMINDER,False,0.3315446376800537
2026-08-12T02:55:29.056126,0.03986575639654387,0.009148553943543782,0.49375,True,38,0.07934284210205078,False,0.4099898338317871,-9.529481242489709,9.128731541060915,-1.420645663333545,UP,0.4099898338317871,0.8062531625851215,0.3333482612258418,LOW,STABLE,LOW,VISUAL_REMINDER,False,0.4099898338317871
2026-08-12T02:55:29.139803,0.09884065126160949,0.011744242876025504,0.496875,True,38,0.07934284210205078,False,0.493666410446167,-9.852157848422763,10.571394086336198,-1.4229220660901092,UP,0.493666410446167,0.9099686669453018,0.4429298800911441,MODERATE,STABLE,LOW,VISUAL_REMINDER,False,0.493666410446167
2026-08-12T02:55:29.217094,0.07801334520003553,0.006437058598664164,0.5,True,38,0.07934284210205078,False,0.5709578990936279,-9.811396147901604,10.493304142036521,-1.3740309406922506,UP,0.5709578990936279,0.9098691352666324,0.4430911584078777,MODERATE,STABLE,LOW,VISUAL_REMINDER,False,0.5709578990936279
2026-08-12T02:55:29.303488,0.11137287615395017,0.003194611224609998,0.5,True,38,0.07934284210205078,False,0.6573519706726074,-7.859526994227224,10.67330682864602,-1.171078101608316,UP,0.6573519706726074,0.9097641782407407,0.44488988967915827,MODERATE,STABLE,LOW,VISUAL_REMINDER,False,0.6573519706726074
2026-08-12T02:55:29.384938,0.05993237048057931,0.00350839084798992,0.5,True,38,0.07934284210205078,False,0.7388019561767578,-10.723111183401386,10.325870534511182,-1.5056450778783983,UP,0.7388019561767578,0.909225729273834,0.4512481639608537,MODERATE,STABLE,LOW,VISUAL_REMINDER,False,0.7388019561767578
2026-08-12T02:55:29.468980,0.09965693779176821,0.0026158582283321344,0.503125,True,38,0.07934284210205078,False,0.8228437900543213,-9.646245698860042,10.363861010853356,-1.407179382740253,UP,0.8228437900543213,0.9090974097650892,0.453785613933215,MODERATE,STABLE,LOW,VISUAL_REMINDER,False,0.8228437900543213
2026-08-12T02:55:29.547460,0.13872166783162876,0.002943402950273831,0.50625,True,38,0.07934284210205078,False,0.9013230800628662,-7.741403218591927,12.518604616556047,-1.6592964183357992,UP,0.9013230800628662,0.909678337191358,0.45715107349098216,MODERATE,STABLE,LOW,VISUAL_REMINDER,False,0.9013230800628662
2026-08-12T02:55:29.629303,0.040918770155842665,0.0030463932551643568,0.509375,True,38,0.07934284210205078,False,0.9831669330596924,-9.149611991155325,9.532200382307224,-1.4709834435126083,UP,0.9831669330596924,0.805282027728787,0.35680417550424154,MODERATE,STABLE,LOW,VISUAL_REMINDER,False,0.9831669330596924
2026-08-12T02:55:29.709593,0.05505912791741603,0.006071486684759603,0.5125,True,38,0.07934284210205078,False,1.0634567737579346,-8.798272554918071,12.380071352537442,-1.3145671877165626,UP,1.0634567737579346,0.9101549104080933,0.4647625796288802,MODERATE,STABLE,LOW,VISUAL_REMINDER,False,1.0634567737579346
2026-08-12T02:55:29.795480,0.09781324849680026,0.004868894464850956,0.5125,True,38,0.07934284210205078,False,1.149343729019165,-8.102933049689227,12.639030101510599,-1.5086821182975712,UP,1.149343729019165,0.9104574438443073,0.46818871275183466,MODERATE,STABLE,LOW,VISUAL_REMINDER,False,1.149343729019165
2026-08-12T02:55:29.879617,0.06665647614462171,0.0038082663621634254,0.5125,True,38,0.07934284210205078,False,1.23348069190979,-8.76035119448278,10.321051380582844,-1.6407950242016511,UP,1.23348069190979,0.9107956372170782,0.47092084122746725,MODERATE,STABLE,LOW,VISUAL_REMINDER,False,1.23348069190979
2026-08-12T02:55:29.964740,0.1150893110895326,0.007843775160282953,0.515625,True,38,0.07934284210205078,False,1.3186030387878418,-7.549968428813457,9.896207011165075,-0.7737178574791415,UP,1.3186030387878418,0.9100090154535322,0.4723021272423371,MODERATE,STABLE,LOW,VISUAL_REMINDER,False,1.3186030387878418
2026-08-12T02:55:30.049810,0.13785170611016717,0.005743623912559959,0.51875,True,38,0.07934284210205078,False,1.4036736488342285,-7.6291161624249355,9.782504109914669,-1.2912626572598072,UP,1.4036736488342285,0.9100804826817559,0.4764809943922662,MODERATE,STABLE,LOW,VISUAL_REMINDER,False,1.4036736488342285
2026-08-12T02:55:30.138077,0.11109459730092923,0.006879693277503258,0.521875,True,38,0.07934284210205078,False,1.4919407367706299,-7.812293711962155,9.514212414836777,-1.1815306582555536,UP,1.4919407367706299,0.909772590877915,0.4801828606569117,MODERATE,STABLE,LOW,VISUAL_REMINDER,False,1.4919407367706299
2026-08-12T02:55:30.220976,0.04110043867103378,0.007684374782129099,0.5203761755485894,True,38,0.07934284210205078,True,1.5748395919799805,-8.101597172041181,10.073089395019451,-1.2775477229868102,UP,1.5748395919799805,0.8060789494231335,0.4988573841312942,MODERATE,STABLE,HIGH,STRONG_WARNING,True,1.5748395919799805
2026-08-12T02:55:31.196615,0.11463183279110131,0.003408677367280247,0.5357142857142857,True,38,0.07934284210205078,True,2.550477981567383,-9.579666124889968,10.485499459042785,-1.4755385618585137,UP,2.550477981567383,0.9082408077203361,0.6817680048103627,HIGH,HIGH,HIGH,STRONG_WARNING,False,2.550477981567383
2026-08-12T02:55:31.289636,0.046951093005181584,0.0013318558520393356,0.5357142857142857,True,38,0.07934284210205078,True,2.6434998512268066,-9.432733361195318,9.509295315203161,-1.3940904574700994,UP,2.6434998512268066,0.8049949432319224,0.6314944119424406,HIGH,HIGH,HIGH,STRONG_WARNING,False,2.6434998512268066
2026-08-12T02:55:31.383980,0.038908276178710004,0.006072096455169038,0.5357142857142857,True,38,0.07934284210205078,True,2.7378430366516113,-8.11562902747076,10.188678594247563,-1.382935645908617,UP,2.7378430366516113,0.8054713568458506,0.6421615514265294,HIGH,HIGH,HIGH,STRONG_WARNING,False,2.7378430366516113
2026-08-12T02:55:31.477199,0.0677553229980165,0.0031182675049396904,0.5357142857142857,True,38,0.07934284210205078,True,2.8310627937316895,-8.921071668712528,11.247577977431376,-1.3606425307703773,UP,2.8310627937316895,0.9082932661394033,0.7105673160836252,HIGH,HIGH,HIGH,STRONG_WARNING,False,2.8310627937316895
2026-08-12T02:55:31.598690,0.1744206389699603,0.003605735233932642,0.5374592833876222,True,38,0.07934284210205078,True,2.9525530338287354,-8.35247639570224,13.390858990831703,-1.7882709822833363,UP,2.9525530338287354,0.9099235896776406,0.691972634948609,HIGH,HIGH,HIGH,STRONG_WARNING,False,2.9525530338287354
2026-08-12T02:55:31.688416,0.3636344504793566,0.004311725933166044,0.5357142857142857,False,38,3.0422792434692383,False,0.0,-6.490106957924297,13.037657816581827,-1.524021494401694,UP,3.0422792434692383,0.8451531498015873,0.40326395320925235,MODERATE,HIGH,HIGH,STRONG_WARNING,False,0.0
2026-08-12T02:55:31.776011,0.36227382620639453,0.010350960599884686,0.5357142857142857,False,38,3.0422792434692383,False,0.0,-8.363931899592359,13.422445202614938,-1.614625489946917,UP,3.1298739910125732,0.8460073778981113,0.40552392644980756,MODERATE,STABLE,HIGH,STRONG_WARNING,False,0.0
2026-08-12T02:55:31.862294,0.36870274883127,0.006161924985292988,0.5374592833876222,False,38,3.0422792434692383,False,0.0,-7.894026323607903,12.267867954714376,-1.4181844725652297,UP,3.2161571979522705,0.8456349895282187,0.40398691766270955,MODERATE,STABLE,HIGH,STRONG_WARNING,False,0.0
2026-08-12T02:55:31.948490,0.3501727855499366,0.0043452677115848465,0.5342019543973942,False,38,3.0422792434692383,False,0.0,-7.609916319908024,12.377281135827019,-1.9070500258628158,CENTER,0.0,0.8462967479301391,0.2688579516643005,LOW,STABLE,HIGH,STRONG_WARNING,False,0.0
2026-08-12T02:55:32.038687,0.09591254143058997,0.00909610883613262,0.5342019543973942,True,38,3.0422792434692383,False,0.0,-10.67815287485655,9.648875055360463,-1.655817904543511,CENTER,0.0,0.8466929819928228,0.4779643635742257,MODERATE,STABLE,HIGH,STRONG_WARNING,False,0.0
2026-08-12T02:55:32.126937,0.3271932866369328,0.0032207613467473547,0.5342019543973942,False,39,0.08825016021728516,False,0.0,-7.162642730503961,14.376961555557614,-1.6394958199077507,UP,0.0,0.9093491726680385,0.24485949454237327,LOW,STABLE,HIGH,STRONG_WARNING,False,0.0
2026-08-12T02:55:32.213797,0.34131824572269187,0.006670938270895326,0.5342019543973942,False,39,0.08825016021728516,False,0.0,-9.736854765142027,12.481145378418432,-2.0951470670885897,CENTER,0.0,0.9088275891632372,0.220407940093228,LOW,STABLE,HIGH,STRONG_WARNING,False,0.0
2026-08-12T02:55:32.303126,0.30687181605319613,0.010159736802661034,0.5342019543973942,False,39,0.08825016021728516,False,0.0,-8.127632468522648,13.662331597494699,-1.8188652477852827,UP,0.0,0.9085390276706106,0.24544534839907975,LOW,STABLE,HIGH,STRONG_WARNING,False,0.0
2026-08-12T02:55:32.395936,0.35011038693447083,0.006853204921383231,0.5342019543973942,False,39,0.08825016021728516,False,0.0,-8.297325509517577,12.42579168991918,-1.89900791895397,CENTER,0.0,0.9085701329946845,0.21879287433680314,LOW,STABLE,HIGH,STRONG_WARNING,False,0.0
2026-08-12T02:55:32.505773,0.3436981012521328,0.003066434086473619,0.5359477124183006,False,39,0.08825016021728516,False,0.0,-9.226247161989335,12.137276756475103,-2.0198282279119155,CENTER,0.0,0.9091934451088821,0.21959536506995175,LOW,STABLE,HIGH,STRONG_WARNING,False,0.0
2026-08-12T02:55:32.592499,0.2837079034587117,0.007855866821579929,0.5359477124183006,False,39,0.08825016021728516,False,0.0,-9.550201602791276,13.186043120137128,-1.7037329488146895,CENTER,0.0,0.9086756928369342,0.2420831709137336,LOW,STABLE,HIGH,STRONG_WARNING,False,0.0
2026-08-12T02:55:32.681018,0.2823789195975083,0.0056968190759132155,0.5359477124183006,False,39,0.08825016021728516,False,0.0,-9.640471846719265,11.39085559086584,-1.7779404413832651,CENTER,0.0,0.9099525248628257,0.24271701103712037,LOW,STABLE,HIGH,STRONG_WARNING,False,0.0
2026-08-12T02:55:32.779716,0.21894007267040896,0.0030147011758982906,0.5359477124183006,False,39,0.08825016021728516,False,0.0,-9.099172688074646,12.70126409989868,-2.2459566192354714,CENTER,0.0,0.9104860441315158,0.32817797762234685,LOW,STABLE,HIGH,STRONG_WARNING,False,0.0
2026-08-12T02:55:32.881888,0.12290410350171035,0.0019191867702553216,0.5392156862745098,True,39,0.08825016021728516,False,0.0,-9.170977388164772,11.812514688668216,-2.1778777550661346,UP,0.0,0.9091130963863169,0.44545978778344575,MODERATE,RISING,HIGH,STRONG_WARNING,False,0.0
2026-08-12T02:55:32.964742,0.18322508377083818,0.008850939712098466,0.5392156862745098,True,39,0.08825016021728516,False,0.08285403251647949,-8.77367234291404,12.273315327383841,-2.232371540237523,UP,0.08285403251647949,0.9098047544795953,0.4011623620035463,MODERATE,STABLE,HIGH,STRONG_WARNING,False,0.08285403251647949
2026-08-12T02:55:33.051007,0.30226987428026353,0.006727590385703267,0.5392156862745098,False,40,0.16911888122558594,False,0.0,-9.158638477662436,14.569728359152748,-2.3667270972615597,UP,0.16911888122558594,0.9091120649005486,0.24762108177598158,LOW,STABLE,HIGH,STRONG_WARNING,False,0.0
2026-08-12T02:55:33.148515,0.33300197290639344,0.004568656783349863,0.5409836065573771,False,40,0.16911888122558594,False,0.0,-8.589117041995792,14.746356738268048,-1.9039610110283434,UP,0.26662683486938477,0.9092394332990398,0.24675459206573533,LOW,STABLE,HIGH,STRONG_WARNING,False,0.0
2026-08-12T02:55:33.236348,0.3323169256151114,0.0020482913351348906,0.5409836065573771,False,40,0.16911888122558594,False,0.0,-7.8264087968913145,15.208620636479651,-1.6664702752496225,UP,0.3544597625732422,0.90941664791238,0.24612529475137104,LOW,STABLE,HIGH,STRONG_WARNING,False,0.0
2026-08-12T02:55:33.329220,0.336648573797627,0.008018751690428183,0.5409836065573771,False,40,0.16911888122558594,False,0.0,-9.530126909729091,14.381221729321396,-2.010566004755418,CENTER,0.0,0.9094793140217764,0.22149969775919867,LOW,STABLE,HIGH,STRONG_WARNING,False,0.0
2026-08-12T02:55:33.415263,0.31762631755743664,0.0027777485842887025,0.5409836065573771,False,40,0.16911888122558594,False,0.0,-7.133534470525717,14.804510814524463,-1.2737903124368586,CENTER,0.0,0.9101386343664266,0.21878808908297237,LOW,STABLE,HIGH,STRONG_WARNING,False,0.0
2026-08-12T02:55:33.500334,0.2922794143250671,0.005854492948129333,0.5409836065573771,False,40,0.16911888122558594,False,0.0,-8.954966528181558,13.034983310407057,-1.7388509176006153,CENTER,0.0,0.9095734471450617,0.23000601897929107,LOW,STABLE,HIGH,STRONG_WARNING,False,0.0
2026-08-12T02:55:33.584677,0.3029507201782905,0.006067736503243139,0.5409836065573771,False,40,0.16911888122558594,False,0.0,-10.812559739434079,12.126040216065377,-1.982545807893331,CENTER,0.0,0.909933234739369,0.22107890846088102,LOW,STABLE,HIGH,STRONG_WARNING,False,0.0
2026-08-12T02:55:33.670271,0.3178665399151272,0.006753481486594845,0.5409836065573771,False,40,0.16911888122558594,False,0.0,-8.59132348797877,13.075834210506457,-1.5413590082970074,CENTER,0.0,0.9103168670696159,0.21920105600029802,LOW,STABLE,HIGH,STRONG_WARNING,False,0.0
2026-08-12T02:55:33.755744,0.30289275772907454,0.004373136398574962,0.5409836065573771,False,40,0.16911888122558594,False,0.0,-8.60071173107562,12.801485590460658,-1.6291583473235391,CENTER,0.0,0.911382338284465,0.21909650337230968,LOW,STABLE,HIGH,STRONG_WARNING,False,0.0
2026-08-12T02:55:33.840577,0.29817531944506837,0.010560785726162739,0.5409836065573771,False,40,0.16911888122558594,False,0.0,-8.136258508084097,12.479537867988597,-2.0751729280076745,CENTER,0.0,0.9105742562585734,0.2212791372496927,LOW,STABLE,HIGH,STRONG_WARNING,False,0.0
2026-08-12T02:55:33.924049,0.13697815066298508,0.008352609506389884,0.5442622950819672,True,40,0.16911888122558594,False,0.0,-11.212471043012528,10.904416848653426,-2.111122195360167,UP,0.0,0.9109342313957475,0.4467055389906086,MODERATE,RISING,HIGH,STRONG_WARNING,False,0.0
2026-08-12T02:55:34.007603,0.13544632791721845,0.007996589749580915,0.5475409836065573,True,40,0.16911888122558594,False,0.08355402946472168,-9.657664446911696,11.347414630039253,-1.8996830597601218,UP,0.08355402946472168,0.9116352934242112,0.44532465260960125,MODERATE,STABLE,HIGH,STRONG_WARNING,False,0.08355402946472168
2026-08-12T02:55:34.096502,0.37455786057124907,0.009510250245196597,0.5475409836065573,False,41,0.1724529266357422,False,0.0,-8.463975431372205,12.674157157546574,-1.824503968357476,UP,0.1724529266357422,0.9101222243655693,0.2450609825542641,LOW,STABLE,HIGH,STRONG_WARNING,False,0.0
2026-08-12T02:55:34.179813,0.3257175859970403,0.008217172473609877,0.5493421052631579,False,41,0.1724529266357422,False,0.0,-10.128613673268916,13.087370250135223,-2.227718659793794,UP,0.2557647228240967,0.9102400280778464,0.2473506800198988,LOW,STABLE,HIGH,STRONG_WARNING,False,0.0
2026-08-12T02:55:34.265842,0.376095442566883,0.006819300416335426,0.5493421052631579,False,41,0.1724529266357422,False,0.0,-9.42004993829039,13.645250131151414,-1.7260547742196195,UP,0.3417935371398926,0.9093517178926611,0.24658818889195233,LOW,STABLE,HIGH,STRONG_WARNING,False,0.0
2026-08-12T02:55:34.353327,0.3693815173654234,0.0044619644535853,0.5493421052631579,False,41,0.1724529266357422,False,0.0,-7.47632208089135,14.200438610052686,-1.6133314933493352,CENTER,0.0,0.9092427688828876,0.2190088720676402,LOW,STABLE,HIGH,STRONG_WARNING,False,0.0
2026-08-12T02:55:34.438281,0.3789627502373344,0.003477650010185232,0.5493421052631579,False,41,0.1724529266357422,False,0.0,-6.593196039004766,16.182325712405884,-1.9158839955445615,CENTER,0.0,0.9092545171039095,0.2198811641588962,LOW,STABLE,HIGH,STRONG_WARNING,False,0.0
2026-08-12T02:55:34.523238,0.38067602770380193,0.00390973763026465,0.5493421052631579,False,41,0.1724529266357422,False,0.0,-7.961008924049423,13.0629383463328,-1.629056771437007,CENTER,0.0,0.9086147280092592,0.21866922243837544,LOW,STABLE,HIGH,STRONG_WARNING,False,0.0
2026-08-12T02:55:34.606097,0.3897819919257093,0.005762079358138923,0.5493421052631579,False,41,0.1724529266357422,False,0.0,-7.3835065239983635,14.305812106628963,-1.2437936360916524,CENTER,0.0,0.9087473743998629,0.21863974593487429,LOW,STABLE,HIGH,STRONG_WARNING,False,0.0
2026-08-12T02:55:34.690317,0.37436973433584486,0.0074082949643307396,0.5460526315789473,False,41,0.1724529266357422,False,0.0,-8.945506749720892,11.694640570874697,-1.4790431708554195,CENTER,0.0,0.9085339104295267,0.21848458478026078,LOW,STABLE,HIGH,STRONG_WARNING,False,0.0
2026-08-12T02:55:34.773944,0.34136676782032366,0.012100825094890159,0.5427631578947368,False,41,0.1724529266357422,False,0.0,-8.096743568029666,14.24471550949005,-1.514259684420864,CENTER,0.0,0.9085975008573388,0.2195428902592137,LOW,STABLE,HIGH,STRONG_WARNING,False,0.0
2026-08-12T02:55:34.854757,0.3655030323274149,0.0061283268941900995,0.5427631578947368,False,41,0.1724529266357422,False,0.0,-7.347846629472997,14.764330269595519,-1.3650884247559247,CENTER,0.0,0.9085713654192388,0.21905336117285426,LOW,STABLE,HIGH,STRONG_WARNING,False,0.0
2026-08-12T02:55:34.938730,0.35106438826011993,0.004052840063051087,0.5427631578947368,False,41,0.1724529266357422,False,0.0,-8.431862349898552,13.860785021933424,-1.6967249411804062,CENTER,0.0,0.9081468755358368,0.21976402138873166,LOW,STABLE,HIGH,STRONG_WARNING,False,0.0
2026-08-12T02:55:35.022253,0.3416315539704994,0.010932042012565592,0.5427631578947368,False,41,0.1724529266357422,False,0.0,-6.281069503388892,13.883415097089824,-1.2924969166649873,CENTER,0.0,0.9091055544838821,0.21731997486350565,LOW,STABLE,HIGH,STRONG_WARNING,False,0.0
2026-08-12T02:55:35.105927,0.33500276957254305,0.006535954507698782,0.5394736842105263,False,41,0.1724529266357422,False,0.0,-7.570331240943261,14.587736890796606,-1.6252001529068991,CENTER,0.0,0.9089891037594308,0.21939054391150511,LOW,STABLE,HIGH,STRONG_WARNING,False,0.0
2026-08-12T02:55:35.187483,0.36090516244142445,0.005039828265361171,0.5361842105263158,False,41,0.1724529266357422,False,0.0,-6.293491320158182,15.230432297367884,-1.5386589100146182,CENTER,0.0,0.90937040519976,0.2185418272512284,LOW,STABLE,HIGH,STRONG_WARNING,False,0.0
2026-08-12T02:55:35.270045,0.35969708934081174,0.011588970393127864,0.5328947368421053,False,41,0.1724529266357422,False,0.0,-7.498456491384985,12.665433025581194,-1.8442106423507028,CENTER,0.0,0.9098314525462963,0.2181438996102208,LOW,STABLE,HIGH,STRONG_WARNING,True,0.0
2026-08-12T02:55:36.217871,0.1889038304271044,0.0036740869661943554,0.5170068027210885,True,41,0.1724529266357422,False,0.0,-10.339964899947262,11.797444429330909,-1.852209853798115,CENTER,0.0,0.8983415584276406,0.36838921535531755,MODERATE,STABLE,HIGH,STRONG_WARNING,False,0.0
2026-08-12T02:55:36.310188,0.30948689242898253,0.0035807934335511495,0.5119453924914675,False,42,0.0923163890838623,False,0.0,-6.9254687913403075,15.889767161873579,-2.173494376961713,CENTER,0.0,0.9004274101937586,0.22023790748268102,LOW,STABLE,HIGH,STRONG_WARNING,False,0.0
2026-08-12T02:55:36.400064,0.3194531803132981,0.004363193897278932,0.5085324232081911,False,42,0.0923163890838623,False,0.0,-8.69147130441928,14.953617733479547,-2.118448832305347,CENTER,0.0,0.899731746720679,0.22120938775398857,LOW,STABLE,HIGH,STRONG_WARNING,False,0.0
2026-08-12T02:55:36.493318,0.3330786909896145,0.006450732807570763,0.5051194539249146,False,42,0.0923163890838623,False,0.0,-8.607970231471228,14.899645569718444,-2.175742067899506,CENTER,0.0,0.9007276931155692,0.22114517068122774,LOW,STABLE,HIGH,STRONG_WARNING,False,0.0
2026-08-12T02:55:36.579870,0.3288754296814831,0.005586971821927381,0.5017064846416383,False,42,0.0923163890838623,False,0.0,-6.921359983485104,13.695921664098023,-1.732602754220295,CENTER,0.0,0.9213644815243486,0.21822494457889824,LOW,STABLE,HIGH,STRONG_WARNING,False,0.0
2026-08-12T02:55:36.727669,0.31538156872506473,0.004270986004471495,0.49829351535836175,False,42,0.0923163890838623,False,0.0,-8.293722179218946,13.612947679397195,-1.7704716245729912,CENTER,0.0,0.9241361775548697,0.21866977688832295,LOW,STABLE,HIGH,STRONG_WARNING,False,0.0
2026-08-12T02:55:36.812033,0.3052663270103595,0.00894591484472174,0.4965986394557823,False,42,0.0923163890838623,False,0.0,-8.215410516076616,13.595822059330175,-1.9644149396100374,CENTER,0.0,0.9270632126628945,0.21792131943177234,LOW,STABLE,HIGH,STRONG_WARNING,False,0.0
2026-08-12T02:55:36.900476,0.23491773751541806,0.006990011749215375,0.49491525423728816,False,42,0.0923163890838623,False,0.0,-10.377718164170574,10.733285621337757,-1.7893282025977726,CENTER,0.0,0.9260952905306927,0.30370220951112603,LOW,STABLE,HIGH,STRONG_WARNING,False,0.0
2026-08-12T02:55:36.990867,0.26338440433187543,0.010232417270964397,0.49324324324324326,False,42,0.0923163890838623,False,0.0,-8.96755145249955,12.575358015009613,-2.734375934827483,CENTER,0.0,0.9237352109053498,0.26579314152590583,LOW,STABLE,HIGH,STRONG_WARNING,False,0.0
2026-08-12T02:55:37.078919,0.2944574714184631,0.006527907873675502,0.49158249158249157,False,42,0.0923163890838623,False,0.0,-7.539627962313034,14.290155801745954,-2.2934121198497337,CENTER,0.0,0.9240654337062757,0.2229708053914534,LOW,STABLE,HIGH,STRONG_WARNING,False,0.0
2026-08-12T02:55:37.160029,0.3126810853311661,0.004202625584918103,0.4899328859060403,False,42,0.0923163890838623,False,0.0,-6.895969909989674,14.057392641660215,-2.3694091474197023,CENTER,0.0,0.9241783211162552,0.2140412211754282,LOW,STABLE,HIGH,STRONG_WARNING,False,0.0
2026-08-12T02:55:37.247455,0.35943829455667725,0.0052680534629017135,0.4882943143812709,False,42,0.0923163890838623,False,0.0,-7.8811955178741755,14.111708050026209,-2.0356561058317766,CENTER,0.0,0.9220116383744857,0.21388850716070457,LOW,STABLE,HIGH,STRONG_WARNING,False,0.0
2026-08-12T02:55:37.335335,0.32112424887111857,0.010332699094642676,0.4866666666666667,False,42,0.0923163890838623,False,0.0,-7.4037231801948735,14.793279578447397,-2.238721166613942,CENTER,0.0,0.92147719478738,0.21330268536284275,LOW,STABLE,HIGH,STRONG_WARNING,False,0.0
2026-08-12T02:55:37.430005,0.2847032601616559,0.004555902324978819,0.4850498338870432,False,42,0.0923163890838623,False,0.0,-7.755558573959661,14.673639457874998,-2.1543749077736436,CENTER,0.0,0.921811034486454,0.2330610974670036,LOW,STABLE,HIGH,STRONG_WARNING,False,0.0
2026-08-12T02:55:37.520779,0.3381494670961071,0.013004554552858729,0.48344370860927155,False,42,0.0923163890838623,False,0.0,-8.8838159247168,14.692972230465443,-2.1572514460765433,CENTER,0.0,0.9204305850265774,0.21296558430962478,LOW,STABLE,HIGH,STRONG_WARNING,False,0.0
2026-08-12T02:55:37.605987,0.3097546418904845,0.005532001406943993,0.48013245033112584,False,42,0.0923163890838623,False,0.0,-7.900365652422067,13.506147564827074,-2.121911556420798,CENTER,0.0,0.9207740295996227,0.2094717468301571,LOW,STABLE,HIGH,STRONG_WARNING,False,0.0
2026-08-12T02:55:37.688720,0.33549687794527383,0.00196756324900752,0.4768211920529801,False,42,0.0923163890838623,False,0.0,-7.907153187599079,12.183451301469432,-1.5683110700279315,CENTER,0.0,0.9203002963177298,0.2063342764367477,LOW,STABLE,HIGH,STRONG_WARNING,False,0.0
2026-08-12T02:55:37.774791,0.30834996342172905,0.007010702482393998,0.4768211920529801,False,42,0.0923163890838623,False,0.0,-7.428244359395052,12.728528686770375,-2.0018105175129506,CENTER,0.0,0.9209790139531892,0.20668421588543934,LOW,STABLE,HIGH,STRONG_WARNING,False,0.0
2026-08-12T02:55:37.858067,0.36396524570211464,0.008573485340519115,0.4735099337748344,False,42,0.0923163890838623,False,0.0,-7.9464518894876335,14.37392142265648,-2.1171462645718293,CENTER,0.0,0.9223467104981139,0.20682700465583748,LOW,STABLE,LOW,VISUAL_REMINDER,False,0.0
2026-08-12T02:55:37.943068,0.41762949689531687,0.0023910486575744604,0.47019867549668876,False,42,0.0923163890838623,False,0.0,-7.102858693510797,13.936375262268768,-1.6517847951739952,CENTER,0.0,0.9218167813357339,0.20359489509353124,LOW,STABLE,LOW,VISUAL_REMINDER,False,0.0
2026-08-12T02:55:38.024909,0.44687721912651424,0.008272845585559048,0.46688741721854304,False,42,0.0923163890838623,False,0.0,-5.802089211521576,16.09371638443355,-1.6568777166273776,CENTER,0.0,0.9212573275677297,0.20224965711402432,LOW,STABLE,LOW,VISUAL_REMINDER,False,0.0
2026-08-12T02:55:38.108995,0.4503717579634581,0.00863521592663475,0.46357615894039733,False,42,0.0923163890838623,False,0.0,-6.590527918149178,13.909168460732644,-1.9356216514605649,CENTER,0.0,0.9217336060742456,0.20004395627738902,LOW,STABLE,LOW,VISUAL_REMINDER,False,0.0
2026-08-12T02:55:38.191343,0.4604884071879638,0.006597158256653809,0.4602649006622517,False,42,0.0923163890838623,False,0.0,-5.9737067170685805,17.560226318665656,-1.819752727360509,CENTER,0.0,0.9224950703017833,0.20031964880405684,LOW,STABLE,LOW,VISUAL_REMINDER,False,0.0
2026-08-12T02:55:38.275198,0.4452519152099871,0.00501860691126424,0.45695364238410596,False,42,0.0923163890838623,False,0.0,-5.599572929852343,15.731504472669087,-1.648124130194418,CENTER,0.0,0.9230533854166667,0.19681772714680348,NORMAL,STABLE,LOW,VISUAL_REMINDER,False,0.0
2026-08-12T02:55:38.361789,0.45022467273720446,0.008844634442319145,0.45695364238410596,False,42,0.0923163890838623,False,0.0,-6.422539473454833,15.938275602393162,-1.9821147540791912,CENTER,0.0,0.9242354547110768,0.19808116875362897,NORMAL,STABLE,LOW,VISUAL_REMINDER,False,0.0
2026-08-12T02:55:38.451416,0.44326219038368553,0.0018098614270396346,0.45695364238410596,False,42,0.0923163890838623,False,0.0,-5.974660252530924,14.850133141581324,-1.561069295089652,CENTER,0.0,0.9248268979338133,0.196458545803126,NORMAL,STABLE,LOW,VISUAL_REMINDER,False,0.0
2026-08-12T02:55:38.535440,0.4437470954905631,0.005160424335680643,0.45695364238410596,False,42,0.0923163890838623,False,0.0,-6.402627430464662,14.8664808749715,-1.8239017829025954,CENTER,0.0,0.9255081206061385,0.1971355669924046,NORMAL,STABLE,LOW,VISUAL_REMINDER,False,0.0
2026-08-12T02:55:38.627439,0.43826551174143213,0.00331068675594598,0.45695364238410596,False,42,0.0923163890838623,False,0.0,-6.527312123201199,15.199696631643349,-1.8275901428673365,CENTER,0.0,0.925198688271605,0.1974998413118614,NORMAL,STABLE,LOW,VISUAL_REMINDER,False,0.0
2026-08-12T02:55:38.709405,0.4502192700767299,0.0037528253853709756,0.45364238410596025,False,42,0.0923163890838623,False,0.0,-7.012192395972562,13.225221335103015,-1.9095915356869853,CENTER,0.0,0.9242248049554184,0.19496408828474518,NORMAL,STABLE,LOW,VISUAL_REMINDER,False,0.0
2026-08-12T02:55:38.798650,0.4444827898502549,0.004609184462682209,0.4503311258278146,False,42,0.0923163890838623,False,0.0,-7.679447627467681,14.059494154832208,-1.695012001050003,CENTER,0.0,0.9248960074802811,0.1943468994457846,NORMAL,STABLE,LOW,VISUAL_REMINDER,False,0.0
2026-08-12T02:55:38.879034,0.42541329780594744,0.010512729616882394,0.4503311258278146,False,42,0.0923163890838623,False,0.0,-6.444636431263888,14.395172905559122,-1.9478118833598614,CENTER,0.0,0.9238375155392661,0.19364369357459693,NORMAL,STABLE,LOW,VISUAL_REMINDER,False,0.0
2026-08-12T02:55:38.961752,0.42333104535960986,0.011474641544253629,0.44884488448844884,False,42,0.0923163890838623,False,0.0,-7.0793420294137945,14.682899010183064,-2.0167081656670973,CENTER,0.0,0.9232326362097051,0.19378591764313824,NORMAL,STABLE,LOW,VISUAL_REMINDER,False,0.0
2026-08-12T02:55:39.044230,0.41973549761174267,0.006604795761011467,0.44884488448844884,False,42,0.0923163890838623,False,0.0,-6.849339775910323,13.878018941281567,-1.7536039676457165,CENTER,0.0,0.9220183229381002,0.1927297721215373,NORMAL,STABLE,LOW,VISUAL_REMINDER,False,0.0
2026-08-12T02:55:39.131210,0.4292302887267752,0.004854544393513858,0.44554455445544555,False,42,0.0923163890838623,False,0.0,-7.362723917794682,13.526358187936808,-1.8232577819170217,CENTER,0.0,0.9223906625085734,0.19138707385206616,NORMAL,STABLE,LOW,VISUAL_REMINDER,False,0.0
2026-08-12T02:55:39.212809,0.3882218071106849,0.00029362447150650586,0.44224422442244227,False,42,0.0923163890838623,False,0.0,-5.755425028514765,13.86949326176827,-1.9155730668554725,CENTER,0.0,0.9223326983667695,0.18852585551063253,NORMAL,STABLE,LOW,VISUAL_REMINDER,False,0.0
2026-08-12T02:55:39.295610,0.38159707675961324,0.004302440443957713,0.44224422442244227,False,42,0.0923163890838623,False,0.0,-7.592384026028469,13.079328830181396,-1.8780098257651616,CENTER,0.0,0.9213793509945128,0.18968793266807935,NORMAL,STABLE,LOW,VISUAL_REMINDER,False,0.0
2026-08-12T02:55:39.379194,0.3170876533859398,0.006947902827409775,0.44224422442244227,False,42,0.0923163890838623,False,0.0,-5.764561604942941,15.55025924008018,-1.8589594535977199,CENTER,0.0,0.9226035102666323,0.18969402342246636,NORMAL,STABLE,LOW,VISUAL_REMINDER,False,0.0
2026-08-12T02:55:39.465068,0.3102223023749576,0.010360669230220654,0.44224422442244227,False,42,0.0923163890838623,False,0.0,-7.700281249885904,12.434686091824204,-1.9825596723117656,CENTER,0.0,0.9222307956104252,0.18942693601743268,NORMAL,STABLE,LOW,VISUAL_REMINDER,False,0.0
2026-08-12T02:55:39.548753,0.31656055911458136,0.00965002341341516,0.44224422442244227,False,42,0.0923163890838623,False,0.0,-7.482689551785796,14.764279839036874,-1.7439559721464377,CENTER,0.0,0.9219132051611797,0.19067012111801582,NORMAL,STABLE,LOW,VISUAL_REMINDER,False,0.0
2026-08-12T02:55:39.633191,0.32770541472622494,0.006199594149390235,0.4389438943894389,False,42,0.0923163890838623,False,0.0,-7.526157374269076,13.37369249650368,-2.2197794046101933,CENTER,0.0,0.9223316400891631,0.18851570126630032,NORMAL,STABLE,LOW,VISUAL_REMINDER,False,0.0
2026-08-12T02:55:39.714759,0.2769355050251068,0.006195778509019736,0.43564356435643564,False,42,0.0923163890838623,False,0.0,-7.977406148160384,14.133795797045224,-2.128016278275055,CENTER,0.0,0.9225309579689643,0.21851333107547186,LOW,STABLE,LOW,VISUAL_REMINDER,False,0.0
2026-08-12T02:55:39.802382,0.2769721340572,0.007808976929287788,0.43564356435643564,False,42,0.0923163890838623,False,0.0,-7.920131097406141,10.89422840523855,-2.0878801063965966,CENTER,0.0,0.9216298948688272,0.2160310014056927,LOW,STABLE,LOW,VISUAL_REMINDER,False,0.0
2026-08-12T02:55:39.886134,0.29058772799037086,0.007538989694756038,0.43564356435643564,False,42,0.0923163890838623,False,0.0,-6.931760064851659,13.979623331223934,-1.9916013396124583,CENTER,0.0,0.9221633203660836,0.19906073935679494,NORMAL,STABLE,LOW,VISUAL_REMINDER,False,0.0
2026-08-12T02:55:39.974101,0.2845218075587398,0.009121969258337165,0.43564356435643564,False,42,0.0923163890838623,False,0.0,-7.846624305106758,12.56469823396813,-2.3434663800643705,CENTER,0.0,0.9225684933341907,0.20734655629903984,LOW,STABLE,LOW,VISUAL_REMINDER,False,0.0
2026-08-12T02:55:40.061784,0.28168479623990184,0.011189681144847918,0.4370860927152318,False,42,0.0923163890838623,False,0.0,-6.729163812686664,14.847959984769744,-2.0691849223985628,CENTER,0.0,0.9229487766846708,0.21215932866053294,LOW,STABLE,LOW,VISUAL_REMINDER,False,0.0
2026-08-12T02:55:40.147426,0.2834297960560581,0.0066946140304872314,0.4370860927152318,False,42,0.0923163890838623,False,0.0,-8.036934079823737,13.793383269905036,-2.068123307008392,CENTER,0.0,0.9219049800668725,0.21032933553549332,LOW,STABLE,LOW,VISUAL_REMINDER,False,0.0
2026-08-12T02:55:40.227042,0.2522009321895286,0.007162436089222532,0.4370860927152318,False,42,0.0923163890838623,False,0.0,-7.264465482807651,13.19617323751757,-2.2364511801058313,CENTER,0.0,0.9221082363468793,0.2509547371925905,LOW,STABLE,LOW,VISUAL_REMINDER,False,0.0
2026-08-12T02:55:40.316861,0.280766729664825,0.004309673881648623,0.4370860927152318,False,42,0.0923163890838623,False,0.0,-7.513527614629055,13.877089213497953,-1.8672792486254366,CENTER,0.0,0.9216621120541838,0.21324311858628725,LOW,STABLE,LOW,VISUAL_REMINDER,False,0.0
2026-08-12T02:55:40.399103,0.26101230106761686,0.0026289621003624713,0.4370860927152318,False,42,0.0923163890838623,False,0.0,-6.988607747819771,13.762780711459527,-1.949012357302223,CENTER,0.0,0.9214382126628944,0.23907302814177983,LOW,STABLE,LOW,VISUAL_REMINDER,False,0.0
2026-08-12T02:55:40.487882,0.2633987569551667,0.008839043428260699,0.4337748344370861,False,42,0.0923163890838623,False,0.0,-8.233061000115612,13.057194583143087,-2.1793958396420123,CENTER,0.0,0.921526036308299,0.23514608098961667,LOW,STABLE,LOW,VISUAL_REMINDER,False,0.0
2026-08-12T02:55:40.572381,0.2734130432096419,0.009974122488798894,0.4304635761589404,False,42,0.0923163890838623,False,0.0,-5.750488692259722,14.332748398064325,-1.8543519399367199,CENTER,0.0,0.9219305126886146,0.2183556730665907,LOW,STABLE,LOW,VISUAL_REMINDER,False,0.0
2026-08-12T02:55:40.660669,0.25889362915116587,0.005689549210663993,0.4271523178807947,False,42,0.0923163890838623,False,0.0,-6.719077397307586,13.825803797076844,-1.933728334629535,CENTER,0.0,0.9221905408736283,0.23670228759341186,LOW,STABLE,LOW,VISUAL_REMINDER,False,0.0
2026-08-12T02:55:40.742936,0.24046441365280233,0.0029582609490678897,0.423841059602649,False,42,0.0923163890838623,False,0.0,-6.873441562973198,13.131677882518005,-2.1534819037509294,CENTER,0.0,0.9215659829389574,0.25947789414736316,LOW,STABLE,LOW,VISUAL_REMINDER,False,0.0
2026-08-12T02:55:40.828678,0.2576028559076663,0.009263907147794752,0.4205298013245033,False,42,0.0923163890838623,False,0.0,-7.504389764564934,13.723888099459202,-2.014717075716561,CENTER,0.0,0.9216142618312757,0.23587267040709559,LOW,STABLE,LOW,VISUAL_REMINDER,False,0.0
2026-08-12T02:55:40.910268,0.297182339258933,0.0071648413627638215,0.41721854304635764,False,42,0.0923163890838623,False,0.0,-7.9219133290675074,13.489382583384213,-1.894654142109772,CENTER,0.0,0.9212462491426612,0.18156147527521635,NORMAL,STABLE,LOW,VISUAL_REMINDER,False,0.0
2026-08-12T02:55:40.994056,0.29012445809253784,0.013176734035448555,0.4139072847682119,False,42,0.0923163890838623,False,0.0,-7.371438571789355,13.786302123369211,-2.36617064464113,CENTER,0.0,0.921790498542524,0.1894547623730515,NORMAL,STABLE,LOW,VISUAL_REMINDER,False,0.0
2026-08-12T02:55:41.074419,0.27048185469013813,0.01121659067778712,0.4105960264900662,False,42,0.0923163890838623,False,0.0,-7.034633499464491,12.478064907833186,-1.9776959720128104,CENTER,0.0,0.9227644756301441,0.21234601558266955,LOW,STABLE,LOW,VISUAL_REMINDER,False,0.0
2026-08-12T02:55:41.160201,0.2890750689605704,0.00647379728806947,0.40728476821192056,False,42,0.0923163890838623,False,0.0,-9.325938421049244,14.605260353038318,-2.281366014612388,CENTER,0.0,0.9221088927469135,0.18993460668488304,NORMAL,STABLE,LOW,VISUAL_REMINDER,False,0.0
2026-08-12T02:55:41.242826,0.25338136713903914,0.005120101491803032,0.40397350993377484,False,42,0.0923163890838623,False,0.0,-7.761090151740206,14.228650754893579,-1.974796037933146,CENTER,0.0,0.9217041350522976,0.23379647769453638,LOW,STABLE,LOW,VISUAL_REMINDER,False,0.0
2026-08-12T02:55:41.358162,0.27820673988450484,0.011436436117045663,0.40066225165562913,False,42,0.0923163890838623,False,0.0,-6.428080740610767,11.797609924757609,-2.095554239938025,CENTER,0.0,0.9229492321459191,0.19611724683466147,NORMAL,STABLE,LOW,VISUAL_REMINDER,False,0.0
2026-08-12T02:55:41.441175,0.2877724390038224,0.005830023627782347,0.3973509933774834,False,42,0.0923163890838623,False,0.0,-7.049503373034241,13.548659188134536,-1.903806796350409,CENTER,0.0,0.9238679778592249,0.18338576018633496,NORMAL,STABLE,LOW,VISUAL_REMINDER,False,0.0
2026-08-12T02:55:41.527631,0.2510949399662902,0.008849295534389562,0.39403973509933776,False,42,0.0923163890838623,False,0.0,-6.451993854639937,14.073670229867673,-2.2795087079069845,CENTER,0.0,0.9228541881001372,0.23079904522826863,LOW,STABLE,LOW,VISUAL_REMINDER,False,0.0
2026-08-12T02:55:41.614932,0.28279347318456804,0.007780911921178165,0.39072847682119205,False,42,0.0923163890838623,False,0.0,-7.214091915588625,12.9845236971382,-1.9574269487502818,CENTER,0.0,0.9234481631515774,0.18651581870402406,NORMAL,STABLE,LOW,VISUAL_REMINDER,False,0.0
2026-08-12T02:55:41.701400,0.2452011785859511,0.008207106622872176,0.38741721854304634,False,42,0.0923163890838623,False,0.0,-7.495512991417655,14.180716488312868,-1.8205636898213697,CENTER,0.0,0.9242062516075104,0.23598636986930374,LOW,STABLE,LOW,VISUAL_REMINDER,False,0.0
2026-08-12T02:55:41.786415,0.29026721035405206,0.005256901634252966,0.3841059602649007,False,42,0.0923163890838623,False,0.0,-9.034003444433978,13.592822678117273,-1.9925654494079765,CENTER,0.0,0.9250662964034637,0.175465249047906,NORMAL,STABLE,LOW,VISUAL_REMINDER,False,0.0
2026-08-12T02:55:41.877419,0.2767164454302346,0.005535898523511175,0.38283828382838286,False,42,0.0923163890838623,False,0.0,-6.359981400586406,14.211103602210272,-2.108552154344352,CENTER,0.0,0.924884781700103,0.1908823403283712,NORMAL,STABLE,LOW,VISUAL_REMINDER,False,0.0
2026-08-12T02:55:41.962391,0.29718804512688113,0.01220748918410101,0.3815789473684211,False,42,0.0923163890838623,False,0.0,-6.782818523397708,16.323095360821895,-2.442844513130069,CENTER,0.0,0.9254252400548697,0.1652116208663597,NORMAL,STABLE,LOW,VISUAL_REMINDER,False,0.0
2026-08-12T02:55:42.043992,0.28623525671644656,0.00894664112700877,0.380327868852459,False,42,0.0923163890838623,False,0.0,-7.917027299201351,15.277352334794244,-2.492868768157308,CENTER,0.0,0.9260528790509259,0.17957491318503455,NORMAL,STABLE,LOW,VISUAL_REMINDER,False,0.0
2026-08-12T02:55:42.130874,0.25476617489259074,0.0022390938163544235,0.3790849673202614,False,42,0.0923163890838623,False,0.0,-8.775117503436036,15.59287548361931,-2.089687705438763,CENTER,0.0,0.92583165884345,0.22157817666857718,LOW,STABLE,LOW,VISUAL_REMINDER,False,0.0
2026-08-12T02:55:42.214509,0.2817747642969764,0.007319023803250105,0.3778501628664495,False,42,0.0923163890838623,False,0.0,-8.499955953673634,13.552885404560556,-2.1034873729718413,CENTER,0.0,0.9251695923353909,0.18322431392176408,NORMAL,STABLE,LOW,VISUAL_REMINDER,False,0.0
2026-08-12T02:55:42.296116,0.259609053754126,0.01074297881708846,0.37662337662337664,False,42,0.0923163890838623,False,0.0,-7.216501910890457,12.551065536557473,-1.9383575177690204,CENTER,0.0,0.925125533157579,0.21004673231018758,LOW,STABLE,LOW,VISUAL_REMINDER,False,0.0
2026-08-12T02:55:42.382912,0.2733202957324261,0.003472645315673991,0.37540453074433655,False,42,0.0923163890838623,False,0.0,-7.650206676913228,14.2081585502292,-2.392401383629675,CENTER,0.0,0.9245431857638888,0.19320731185128845,NORMAL,STABLE,LOW,VISUAL_REMINDER,False,0.0
2026-08-12T02:55:42.464287,0.2533657786117509,0.004160773395091674,0.3741935483870968,False,42,0.0923163890838623,False,0.0,-7.227333677278807,13.125843882381787,-1.784496962712268,CENTER,0.0,0.923170840835048,0.2174335713166291,LOW,STABLE,LOW,VISUAL_REMINDER,False,0.0
2026-08-12T02:55:42.553599,0.263261132414901,0.007558626411196737,0.3729903536977492,False,42,0.0923163890838623,False,0.0,-7.303780572034924,13.456845539067842,-2.2925429441192193,CENTER,0.0,0.9235465561771262,0.20444007064500028,LOW,STABLE,LOW,VISUAL_REMINDER,False,0.0
2026-08-12T02:55:42.642436,0.21306175171931535,0.007101121365011842,0.36977491961414793,False,42,0.0923163890838623,False,0.0,-7.885865084090881,12.630484790524974,-2.07384120219686,CENTER,0.0,0.9235392554012346,0.2695179692501616,LOW,STABLE,LOW,VISUAL_REMINDER,False,0.0
2026-08-12T02:55:42.727221,0.21265192675705413,0.008230883703944895,0.3685897435897436,False,42,0.0923163890838623,False,0.0,-8.413536403403526,12.589901515735221,-2.276094847862396,CENTER,0.0,0.9228327948173869,0.2701453950850867,LOW,STABLE,LOW,VISUAL_REMINDER,False,0.0
2026-08-12T02:55:42.814197,0.21399005341271407,0.0033455686621325256,0.3633440514469453,False,42,0.0923163890838623,False,0.0,-6.162191173664837,14.16902865658966,-1.9570949726446827,CENTER,0.0,0.9229896074459875,0.2644037137142074,LOW,STABLE,LOW,VISUAL_REMINDER,False,0.0
2026-08-12T02:55:42.901341,0.19744019830029635,0.007638768482848145,0.3633440514469453,True,42,0.0923163890838623,False,0.0,-7.581553891628289,14.550555077641377,-2.0232609765347433,CENTER,0.0,0.9221036951303155,0.28817624319664215,LOW,STABLE,LOW,VISUAL_REMINDER,False,0.0
2026-08-12T02:55:42.985976,0.2337291160684106,0.007616269247081881,0.36012861736334406,False,43,0.08463525772094727,False,0.0,-7.368691312925023,12.587835089958162,-1.9919981508845694,CENTER,0.0,0.9224032948602537,0.23653069875020727,LOW,STABLE,LOW,VISUAL_REMINDER,False,0.0
2026-08-12T02:55:43.071869,0.10758844838900809,0.008710249191606716,0.36012861736334406,True,43,0.08463525772094727,False,0.0,-9.247848815752036,11.368667089163921,-2.016209095163788,UP,0.0,0.9226305030435528,0.37512188327139456,MODERATE,STABLE,LOW,VISUAL_REMINDER,False,0.0
2026-08-12T02:55:43.151780,0.14045962060258507,0.00366289148486218,0.36217948717948717,True,43,0.08463525772094727,False,0.0799102783203125,-8.260797550120913,11.374884366399385,-2.4742277563765356,UP,0.0799102783203125,0.9222243387774348,0.3756423696309925,MODERATE,STABLE,LOW,VISUAL_REMINDER,False,0.0799102783203125
2026-08-12T02:55:43.234546,0.15764119418261047,0.006041254602282119,0.36217948717948717,True,43,0.08463525772094727,False,0.16267681121826172,-7.814845156897263,11.530716186338594,-2.8164479318225233,UP,0.16267681121826172,0.9228116292652606,0.36546676564034875,MODERATE,STABLE,LOW,VISUAL_REMINDER,False,0.16267681121826172
2026-08-12T02:55:43.319667,0.24494943717819714,0.0014969006834642255,0.358974358974359,False,44,0.24779725074768066,False,0.0,-6.979370546143741,15.825456809940135,-1.9287062988648245,UP,0.24779725074768066,0.9211850967721193,0.25526854134053534,LOW,STABLE,LOW,VISUAL_REMINDER,False,0.0
2026-08-12T02:55:43.404013,0.1979945559459702,0.006479169897552089,0.358974358974359,True,44,0.24779725074768066,False,0.0,-6.995487999388018,13.260999865957103,-1.9468122300565938,UP,0.33214354515075684,0.9225147756987312,0.3160558977089738,LOW,STABLE,LOW,VISUAL_REMINDER,False,0.0
2026-08-12T02:55:43.489997,0.27013365862109584,0.006099964911682466,0.3557692307692308,False,45,0.08598446846008301,False,0.0,-6.914274883781616,13.457830641747876,-2.2098025458246013,UP,0.41812801361083984,0.9228203634044926,0.2122120968781115,LOW,STABLE,LOW,VISUAL_REMINDER,False,0.0
2026-08-12T02:55:43.571714,0.2849757536520714,0.005313529456655729,0.3525641025641026,False,45,0.08598446846008301,False,0.0,-8.07412881876769,15.047900205035546,-2.3250985464623852,CENTER,0.0,0.921761817879801,0.16719637846796256,NORMAL,STABLE,LOW,VISUAL_REMINDER,False,0.0
2026-08-12T02:55:43.655881,0.2699614121914858,0.007450728200885265,0.34935897435897434,False,45,0.08598446846008301,False,0.0,-6.575821666440618,11.246116837515075,-2.093287701143481,CENTER,0.0,0.9222997444058642,0.18120116432745909,NORMAL,STABLE,LOW,VISUAL_REMINDER,False,0.0
2026-08-12T02:55:43.741832,0.244896136475107,0.00853827900110887,0.34615384615384615,False,45,0.08598446846008301,False,0.0,-6.666068181471985,13.708775257131435,-2.024160604474332,CENTER,0.0,0.9214990971150548,0.21481789170080512,LOW,STABLE,LOW,VISUAL_REMINDER,False,0.0
2026-08-12T02:55:43.824338,0.13929070598707932,0.014534137466541043,0.34615384615384615,True,45,0.08598446846008301,False,0.0,-8.142082574583782,12.532114661113866,-2.01199359016465,CENTER,0.0,0.9214350244341564,0.34190589404637417,LOW,STABLE,LOW,VISUAL_REMINDER,False,0.0
2026-08-12T02:55:43.909267,0.09408779897911308,0.005684067672043398,0.34615384615384615,True,45,0.08598446846008301,False,0.08492898941040039,-7.118398613335756,12.080421058596983,-2.167794789356236,UP,0.0,0.9214635175540123,0.3667439319329465,MODERATE,STABLE,LOW,VISUAL_REMINDER,False,0.08492898941040039
2026-08-12T02:55:43.999303,0.16046741501189565,0.011781072360850518,0.34615384615384615,True,45,0.08598446846008301,False,0.17496490478515625,-8.155041502299383,13.505081830198662,-2.2944898852082645,UP,0.09003591537475586,0.9228066191915294,0.3549365516449168,MODERATE,STABLE,LOW,VISUAL_REMINDER,False,0.17496490478515625
2026-08-12T02:55:44.081510,0.22150081831801596,0.013716022437588182,0.34294871794871795,False,46,0.2571723461151123,False,0.0,-8.021276726624706,12.503938082535456,-2.0780108591093267,UP,0.17224335670471191,0.9223782846793552,0.278518775878224,LOW,STABLE,LOW,VISUAL_REMINDER,False,0.0
2026-08-12T02:55:44.166007,0.32320514727418803,0.014295963644606521,0.33974358974358976,False,46,0.2571723461151123,False,0.0,-7.792776434231229,13.498954994498206,-2.5600010988630117,UP,0.2567405700683594,0.9225964506172838,0.17321336095577894,NORMAL,STABLE,LOW,VISUAL_REMINDER,False,0.0
2026-08-12T02:55:44.251961,0.3146905694283081,0.01515662472704616,0.33653846153846156,False,46,0.2571723461151123,False,0.0,-7.84018875679925,13.938506279048596,-2.312979675083966,CENTER,0.0,0.9224444605195473,0.1457360343871869,NORMAL,STABLE,LOW,VISUAL_REMINDER,False,0.0
2026-08-12T02:55:44.335743,0.30835399199546143,0.007258384992142468,0.3333333333333333,False,46,0.2571723461151123,False,0.0,-7.468139151937606,14.076783227101288,-1.7878869824884873,CENTER,0.0,0.9224096445258916,0.1433694221643688,NORMAL,STABLE,LOW,VISUAL_REMINDER,False,0.0
2026-08-12T02:55:44.420701,0.3039896864473639,0.003391271823345262,0.3301282051282051,False,46,0.2571723461151123,False,0.0,-5.237312505061567,14.42638843596589,-2.0414688013324565,CENTER,0.0,0.9210220014574759,0.1401153371745464,NORMAL,STABLE,LOW,VISUAL_REMINDER,False,0.0
2026-08-12T02:55:44.506363,0.3264346892638429,0.009481644892224153,0.3269230769230769,False,46,0.2571723461151123,False,0.0,-7.482863996106488,12.037019636087706,-1.6358427522928878,CENTER,0.0,0.9215051654663923,0.13855889788289025,NORMAL,STABLE,LOW,VISUAL_REMINDER,False,0.0
2026-08-12T02:55:44.589227,0.3301818904909587,0.0049850421426976925,0.32371794871794873,False,46,0.2571723461151123,False,0.0,-6.45665426621801,13.853560610347415,-1.5365973364388594,CENTER,0.0,0.920792422196502,0.1371845084176876,NORMAL,STABLE,LOW,VISUAL_REMINDER,False,0.0
2026-08-12T02:55:44.673685,0.34302505969892605,0.0037073878183973416,0.32051282051282054,False,46,0.2571723461151123,False,0.0,-6.2703141750001805,14.625855228389298,-1.875167191261994,CENTER,0.0,0.921808234739369,0.1362863042745885,NORMAL,STABLE,LOW,VISUAL_REMINDER,False,0.0
2026-08-12T02:55:44.757223,0.1495030122488503,0.012938724896188457,0.32051282051282054,True,46,0.2571723461151123,False,0.0,-7.707687813733003,12.62129982213591,-1.8505257272731228,CENTER,0.0,0.9226803090706447,0.33619897857538117,LOW,STABLE,LOW,VISUAL_REMINDER,False,0.0
2026-08-12T02:55:44.841290,0.05894304745734507,0.011052340046669105,0.32051282051282054,True,46,0.2571723461151123,False,0.08406710624694824,-9.309274174899116,11.338280345422163,-1.7881911925697977,UP,0.0,0.9227489765517832,0.36275459589731135,MODERATE,STABLE,LOW,VISUAL_REMINDER,False,0.08406710624694824
2026-08-12T02:55:44.924882,0.24204406722177563,0.0019863670042992924,0.3173076923076923,False,47,0.16765928268432617,False,0.0,-7.973751737018034,10.951356465360703,-1.816732454061281,UP,0.08359217643737793,0.9234541913151577,0.22926560985972294,LOW,STABLE,LOW,VISUAL_REMINDER,False,0.0
2026-08-12T02:55:45.011284,0.33302183977234,0.00205467440328803,0.31189710610932475,False,47,0.16765928268432617,False,0.0,-7.634649369506604,13.220088915505812,-1.9846000966886947,UP,0.16999387741088867,0.9236488608110426,0.1507593760166417,NORMAL,STABLE,LOW,VISUAL_REMINDER,False,0.0
2026-08-12T02:55:45.093918,0.3635790468733546,0.00227427336198092,0.3086816720257235,False,47,0.16765928268432617,False,0.0,-8.276440757115381,12.93389609266012,-1.7184569062479227,UP,0.2526278495788574,0.9241875509044924,0.149306699459318,NORMAL,STABLE,LOW,VISUAL_REMINDER,False,0.0
2026-08-12T02:55:45.174935,0.3148086904061753,0.005194713634126307,0.3076923076923077,False,47,0.16765928268432617,False,0.0,-7.377815323507093,12.599084142070467,-1.900998073748326,UP,0.3336448669433594,0.9242773705418381,0.14788064603500628,NORMAL,STABLE,LOW,VISUAL_REMINDER,False,0.0
2026-08-12T02:55:45.260724,0.33196365613815626,0.0032928457355192718,0.30448717948717946,False,47,0.16765928268432617,False,0.0,-7.839386523363828,15.20090585407425,-2.3035655371805035,CENTER,0.0,0.9263598465363512,0.12298930891872306,NORMAL,STABLE,LOW,VISUAL_REMINDER,False,0.0
2026-08-12T02:55:45.346738,0.3242899556095017,0.002685394409535885,0.30128205128205127,False,47,0.16765928268432617,False,0.0,-8.74913592824197,13.50147938459196,-1.9342948496490067,CENTER,0.0,0.9270393411351165,0.12067984224194075,NORMAL,STABLE,LOW,VISUAL_REMINDER,False,0.0
2026-08-12T02:55:45.435532,0.30414817872124245,0.007703211489362291,0.2980769230769231,False,47,0.16765928268432617,False,0.0,-7.669239794493905,15.520822551105368,-2.133629826519609,CENTER,0.0,0.9278375369727366,0.11968774486782843,NORMAL,STABLE,LOW,VISUAL_REMINDER,False,0.0
2026-08-12T02:55:45.521578,0.2941256947301071,0.010213532676977204,0.2948717948717949,False,47,0.16765928268432617,False,0.0,-7.226288280942953,14.303297060835291,-2.150738115986343,CENTER,0.0,0.9283804467806925,0.12462819257377131,NORMAL,STABLE,LOW,VISUAL_REMINDER,False,0.0
2026-08-12T02:55:45.604522,0.3321986394392068,0.002523614082401205,0.2916666666666667,False,47,0.16765928268432617,False,0.0,-9.078991892207029,14.312341204493805,-2.148763764751294,CENTER,0.0,0.9292992058899177,0.11698193705809429,NORMAL,STABLE,LOW,VISUAL_REMINDER,False,0.0
2026-08-12T02:55:45.685879,0.2849781065963607,0.0039793014173875076,0.28846153846153844,False,47,0.16765928268432617,False,0.0,-8.928310694165361,13.753831483996578,-2.1747815119607594,CENTER,0.0,0.9291343021262003,0.1348851497429258,NORMAL,STABLE,LOW,VISUAL_REMINDER,False,0.0
2026-08-12T02:55:45.767972,0.3100355147081882,0.005435342861688206,0.28525641025641024,False,47,0.16765928268432617,False,0.0,-9.030965418197326,12.937091530795925,-1.934826562227471,CENTER,0.0,0.9293918520661866,0.1125313116593742,NORMAL,STABLE,LOW,VISUAL_REMINDER,False,0.0
2026-08-12T02:55:45.859761,0.33138330341893074,0.005395581149419731,0.28205128205128205,False,47,0.16765928268432617,False,0.0,-9.05659231155866,13.371102535681985,-2.147778091225632,CENTER,0.0,0.9294720534336419,0.11147194213372214,NORMAL,STABLE,LOW,VISUAL_REMINDER,False,0.0
2026-08-12T02:55:45.958655,0.3085503900210395,0.0034515736755796845,0.2765273311897106,False,47,0.16765928268432617,False,0.0,-8.861569255784502,12.660013413338646,-2.182868767373094,CENTER,0.0,0.9267525880915638,0.10804239337864054,NORMAL,STABLE,LOW,VISUAL_REMINDER,False,0.0
2026-08-12T02:55:46.049851,0.30608988170914736,0.001858093002275945,0.2733118971061093,False,47,0.16765928268432617,False,0.0,-9.180361833821735,12.498418508580016,-2.075323450672329,CENTER,0.0,0.9243197820216048,0.10652139219431969,NORMAL,STABLE,LOW,VISUAL_REMINDER,False,0.0
2026-08-12T02:55:46.157424,0.3141039181830125,0.005421734870697755,0.27009646302250806,False,47,0.16765928268432617,False,0.0,-9.901376018766427,12.099252363597287,-1.9362721938981338,CENTER,0.0,0.9234339902692044,0.10518579723789942,NORMAL,STABLE,LOW,VISUAL_REMINDER,False,0.0
2026-08-12T02:55:46.257434,0.31826899586201535,0.010680081597846905,0.27009646302250806,False,47,0.16765928268432617,False,0.0,-6.526336114462765,13.2319877040687,-2.170699046536754,CENTER,0.0,0.9222727784207818,0.10297958982293282,NORMAL,STABLE,LOW,VISUAL_REMINDER,False,0.0
2026-08-12T02:55:46.354190,0.3156110770503079,0.004183192562346456,0.27009646302250806,False,47,0.16765928268432617,False,0.0,-10.474839081624054,13.530669491175786,-2.1495798810918245,CENTER,0.0,0.9228841949588478,0.10697722958934813,NORMAL,STABLE,LOW,VISUAL_REMINDER,False,0.0
2026-08-12T02:55:46.445702,0.02757002342445881,0.002643350288168288,0.2733118971061093,True,47,0.16765928268432617,False,0.0,-12.581462229949466,10.503797205037671,-2.328993916111955,UP,0.0,0.8169421361362189,0.20785743016879663,LOW,STABLE,LOW,VISUAL_REMINDER,False,0.0
2026-08-12T02:55:46.533818,0.26125371484594706,0.0030972596386621585,0.27009646302250806,False,48,0.08811688423156738,False,0.0,-9.184403276196775,14.429662152058995,-2.413256686332602,UP,0.08811688423156738,0.9215476439257545,0.18429948471632143,NORMAL,STABLE,LOW,VISUAL_REMINDER,False,0.0
2026-08-12T02:55:46.616517,0.23685486225386493,0.011879815793909588,0.26688102893890675,False,48,0.08811688423156738,False,0.0,-9.507092873562584,12.196279708626435,-2.4060072689666754,UP,0.17081499099731445,0.9213663301611797,0.21391432990963258,LOW,STABLE,LOW,VISUAL_REMINDER,False,0.0
2026-08-12T02:55:46.699276,0.2264660817556451,0.007896226201371316,0.26366559485530544,False,48,0.08811688423156738,False,0.0,-9.452435134397092,10.913090703416259,-2.4043300381815413,UP,0.2535741329193115,0.9213883664480452,0.2251773240943356,LOW,STABLE,LOW,VISUAL_REMINDER,False,0.0
2026-08-12T02:55:46.781226,0.2484255732539564,0.007720551015126649,0.2604501607717042,False,48,0.08811688423156738,False,0.0,-7.332853627306548,13.732541090650443,-2.3379869024181517,UP,0.3355247974395752,0.9229633246527778,0.19422159030800376,NORMAL,STABLE,LOW,VISUAL_REMINDER,False,0.0
2026-08-12T02:55:46.865594,0.22418765698442433,0.00920488724101166,0.25961538461538464,False,48,0.08811688423156738,False,0.0,-9.417825897876241,12.143226859539254,-2.481156123648219,UP,0.4198923110961914,0.9228664051783264,0.22711920359959512,LOW,STABLE,LOW,VISUAL_REMINDER,False,0.0
2026-08-12T02:55:46.949153,0.263615333707981,0.0041875524189307085,0.25878594249201275,False,48,0.08811688423156738,False,0.0,-9.198492360222673,11.50322023244567,-2.0411118550265996,UP,0.5034518241882324,0.9234162674682784,0.1688533092068244,NORMAL,STABLE,LOW,VISUAL_REMINDER,False,0.0
2026-08-12T02:55:47.030984,0.2370922528280553,0.009887114528919787,0.25796178343949044,False,48,0.08811688423156738,False,0.0,-7.729751375654587,12.749220728760264,-1.9590652131854824,UP,0.5852820873260498,0.9236906962662894,0.20675785378945463,LOW,STABLE,LOW,VISUAL_REMINDER,False,0.0
2026-08-12T02:55:47.110527,0.22942646298691077,0.00768017150061248,0.2571428571428571,False,48,0.08811688423156738,False,0.0,-9.601977905688244,13.571014967831985,-1.7628405846711246,UP,0.664825439453125,0.9233831259645063,0.22222376817340767,LOW,STABLE,LOW,VISUAL_REMINDER,False,0.0
2026-08-12T02:55:47.190358,0.265062731273563,0.009370678830610336,0.2563291139240506,False,48,0.08811688423156738,False,0.0,-7.100031649903798,13.81526320005969,-2.240014753082818,UP,0.7446565628051758,0.9234966831704389,0.17598784183286248,NORMAL,STABLE,LOW,VISUAL_REMINDER,False,0.0
2026-08-12T02:55:47.272328,0.2613778594624889,0.00532135630236765,0.2555205047318612,False,48,0.08811688423156738,False,0.0,-9.330526523218225,14.408715018061542,-2.3067174630470504,UP,0.8266260623931885,0.9236823506087106,0.1866894315824316,NORMAL,STABLE,LOW,VISUAL_REMINDER,False,0.0
2026-08-12T02:55:47.355317,0.19967301538312715,0.009603332494241295,0.2578616352201258,True,48,0.08811688423156738,False,0.0,-8.371588556414736,12.314851342951556,-2.2995695183878126,UP,0.9096152782440186,0.9233626703960905,0.27128678179100163,LOW,STABLE,LOW,VISUAL_REMINDER,False,0.0
2026-08-12T02:55:47.435896,0.24374206606947815,0.008692269314185458,0.25705329153605017,False,49,0.08057951927185059,False,0.0,-8.778251536953263,14.351147219173356,-2.5804264384198916,UP,0.9901947975158691,0.9226828810871057,0.217748369202319,LOW,STABLE,LOW,VISUAL_REMINDER,False,0.0
2026-08-12T02:55:47.527991,0.2367083819177602,0.00870370544567865,0.25625,False,49,0.08057951927185059,False,0.0,-8.319381616140646,12.976372356527634,-2.1732397788379387,UP,1.082289695739746,0.9221728046767831,0.22888887452584694,LOW,STABLE,LOW,VISUAL_REMINDER,False,0.0
2026-08-12T02:55:47.624428,0.27893964473602034,0.009598294700337085,0.2554517133956386,False,49,0.08057951927185059,False,0.0,-8.52804961313231,12.732545172724286,-2.4634148289195252,UP,1.1787259578704834,0.921668729638203,0.17666455545978982,NORMAL,STABLE,LOW,VISUAL_REMINDER,False,0.0
2026-08-12T02:55:47.708131,0.23673492283039166,0.00832710221032786,0.2554517133956386,False,49,0.08057951927185059,False,0.0,-9.75814451440317,13.993116882319185,-1.9824246180900502,UP,1.2624297142028809,0.9213770468964336,0.23819645374868295,LOW,STABLE,LOW,VISUAL_REMINDER,False,0.0
2026-08-12T02:55:47.789729,0.27373789946704485,0.0031243121229878328,0.2554517133956386,False,49,0.08057951927185059,False,0.0,-7.24208146624153,11.095185230683484,-2.0929655184809235,UP,1.3440277576446533,0.921114888760288,0.18798568741010602,NORMAL,STABLE,LOW,VISUAL_REMINDER,False,0.0
2026-08-12T02:55:47.872571,0.2672640686456059,0.00903068865246956,0.2554517133956386,False,49,0.08057951927185059,False,0.0,-8.096749328751542,13.774401406639186,-2.478407323261365,UP,1.4268696308135986,0.9221332599236968,0.20333644548270435,LOW,STABLE,LOW,VISUAL_REMINDER,False,0.0
2026-08-12T02:55:47.951953,0.25103922727591615,0.007282268109520737,0.2546583850931677,False,49,0.08057951927185059,False,0.0,-7.9871763019121715,13.629633574611347,-2.1492149242680796,UP,1.506251335144043,0.9217720523619685,0.22748570761218223,LOW,STABLE,LOW,VISUAL_REMINDER,False,0.0
2026-08-12T02:55:48.035504,0.3035392613814518,0.011569769949228622,0.2546583850931677,False,49,0.08057951927185059,False,0.0,-7.929856285127045,13.404254522944939,-2.4746285609352867,UP,1.5898020267486572,0.9216984551826132,0.16592059774995332,NORMAL,STABLE,LOW,VISUAL_REMINDER,False,0.0
2026-08-12T02:55:48.114393,0.28447377126776086,0.004911355648025449,0.2546583850931677,False,49,0.08057951927185059,False,0.0,-7.811352542164258,12.21489025402127,-2.3534047247049728,UP,1.668691635131836,0.9214720775462963,0.18895095167091241,NORMAL,STABLE,LOW,VISUAL_REMINDER,False,0.0
2026-08-12T02:55:48.199941,0.2884993038196104,0.0043037783411457205,0.2546583850931677,False,49,0.08057951927185059,False,0.0,-7.133791207681696,15.380616373195892,-2.038831600552726,CENTER,0.0,0.9236064761231139,0.11260457309419271,NORMAL,STABLE,LOW,VISUAL_REMINDER,False,0.0
2026-08-12T02:55:48.278480,0.20633025949949174,0.0034156631636140656,0.2577639751552795,True,49,0.08057951927185059,False,0.0,-8.724412433217395,12.662878486714135,-2.204617040893339,CENTER,0.0,0.923400661222565,0.2234446377567546,LOW,STABLE,LOW,VISUAL_REMINDER,False,0.0
2026-08-12T02:55:48.362303,0.2982231212760299,0.010889266763779807,0.2577639751552795,False,50,0.08382296562194824,False,0.0,-8.510338113016132,14.397807650896425,-2.237666271138977,UP,0.0,0.924312400870199,0.12799950599406332,NORMAL,STABLE,LOW,VISUAL_REMINDER,False,0.0
2026-08-12T02:55:48.439866,0.31826516209046146,0.008184920611674697,0.2577639751552795,False,50,0.08382296562194824,False,0.0,-7.57034299698509,14.542738959075109,-2.500177477823968,UP,0.07756328582763672,0.9247220882630315,0.12508261506086196,NORMAL,STABLE,LOW,VISUAL_REMINDER,False,0.0
2026-08-12T02:55:48.523576,0.3681130503541298,0.006624204212417172,0.2577639751552795,False,50,0.08382296562194824,False,0.0,-8.003675839228578,13.21136727697737,-1.7779253471534275,CENTER,0.0,0.9250201072745199,0.09784285027197273,NORMAL,STABLE,LOW,VISUAL_REMINDER,False,0.0
2026-08-12T02:55:48.604153,0.3504891214151773,0.006664894033481578,0.2577639751552795,False,50,0.08382296562194824,False,0.0,-7.834106664180894,13.330113251733337,-2.041758716016716,CENTER,0.0,0.9256186369384432,0.09801938418111893,NORMAL,STABLE,LOW,VISUAL_REMINDER,False,0.0
2026-08-12T02:55:48.687941,0.3498615623112795,0.011212322751651484,0.2577639751552795,False,50,0.08382296562194824,False,0.0,-6.66205706283958,14.176131551039532,-2.0583185326584896,CENTER,0.0,0.9265723460005144,0.0975177035305368,NORMAL,STABLE,LOW,VISUAL_REMINDER,False,0.0
2026-08-12T02:55:48.769548,0.33691790803032096,0.004189487438920987,0.2577639751552795,False,50,0.08382296562194824,False,0.0,-7.658857943691032,13.195745930734404,-2.2176963411559996,CENTER,0.0,0.9258942981610082,0.09792300450561543,NORMAL,STABLE,LOW,VISUAL_REMINDER,False,0.0
2026-08-12T02:55:48.852011,0.3348677958819825,0.01098607337978453,0.2546583850931677,False,50,0.08382296562194824,False,0.0,-7.996717912468881,14.122810604397557,-2.406997953810702,CENTER,0.0,0.9252677040466393,0.09754739326173278,NORMAL,STABLE,LOW,VISUAL_REMINDER,False,0.0
2026-08-12T02:55:48.931202,0.329155240467991,0.005216477113094946,0.2515527950310559,False,50,0.08382296562194824,False,0.0,-6.762623975740496,11.625075624673428,-1.9489167863699777,CENTER,0.0,0.9252996533136146,0.09256117657093549,NORMAL,STABLE,LOW,VISUAL_REMINDER,False,0.0
2026-08-12T02:55:49.013912,0.3178462856758618,0.006050974739320737,0.2515527950310559,False,50,0.08382296562194824,False,0.0,-7.854523756635928,14.499798858736682,-2.2018389935967377,CENTER,0.0,0.9245941036522634,0.0959323793396544,NORMAL,STABLE,LOW,VISUAL_REMINDER,False,0.0
2026-08-12T02:55:49.092857,0.32892395301675464,0.010414815920942134,0.2515527950310559,False,50,0.08382296562194824,False,0.0,-8.989810709630774,12.350584110661543,-2.3093520063644064,CENTER,0.0,0.9238918091992455,0.09557693902566775,NORMAL,STABLE,LOW,VISUAL_REMINDER,False,0.0
2026-08-12T02:55:49.174138,0.34276386667948777,0.007778229099957024,0.25077399380804954,False,50,0.08382296562194824,False,0.0,-8.119446479066141,13.631513630339157,-2.0684408942570087,CENTER,0.0,0.9236127856009946,0.09504253718172904,NORMAL,STABLE,LOW,VISUAL_REMINDER,False,0.0
2026-08-12T02:55:49.250706,0.34446424521980956,0.004646979465470497,0.25077399380804954,False,50,0.08382296562194824,False,0.0,-7.26409598565877,14.351346763556535,-2.433506502666006,CENTER,0.0,0.9245721343449931,0.0950902904812765,NORMAL,STABLE,LOW,VISUAL_REMINDER,False,0.0
2026-08-12T02:55:49.331244,0.3374898048523781,0.006596734245752436,0.25077399380804954,False,50,0.08382296562194824,False,0.0,-6.830807321977005,13.870046787719247,-1.8126512956183944,CENTER,0.0,0.9238801011659807,0.09372758343802498,NORMAL,STABLE,LOW,VISUAL_REMINDER,False,0.0
2026-08-12T02:55:49.408911,0.31912494008884146,0.009658837154418726,0.25077399380804954,False,50,0.08382296562194824,False,0.0,-7.47973766569126,12.761812636350328,-2.2420339885096894,CENTER,0.0,0.923011817879801,0.09396556762321204,NORMAL,STABLE,LOW,VISUAL_REMINDER,False,0.0
2026-08-12T02:55:49.491526,0.31512768023859594,0.012519124686653805,0.2476780185758514,False,50,0.08382296562194824,False,0.0,-5.9893398581557165,14.116762914064765,-2.311116680289416,CENTER,0.0,0.9238306434327846,0.09202748139251223,NORMAL,STABLE,LOW,VISUAL_REMINDER,False,0.0
2026-08-12T02:55:49.572981,0.31279107020794394,0.00770853600423408,0.2476780185758514,False,50,0.08382296562194824,False,0.0,-7.195058933466726,15.018777836963864,-2.3036705260894337,CENTER,0.0,0.9230940822187929,0.09383282905715738,NORMAL,STABLE,LOW,VISUAL_REMINDER,False,0.0
2026-08-12T02:55:49.654118,0.32004337812424,0.008522394128434476,0.24458204334365324,False,50,0.08382296562194824,False,0.0,-7.806542351095146,13.85427682039932,-1.866074703137258,CENTER,0.0,0.9237542866941014,0.09161126024248696,NORMAL,STABLE,LOW,VISUAL_REMINDER,False,0.0
2026-08-12T02:55:49.735133,0.1938786432003366,0.008469004512264585,0.2476780185758514,True,50,0.08382296562194824,False,0.0,-8.453728886438427,13.351806011652286,-2.4674538811715934,CENTER,0.0,0.9234974467378259,0.23549381721285023,LOW,STABLE,LOW,VISUAL_REMINDER,False,0.0
2026-08-12T02:55:49.817922,0.1972542298713445,0.0045867252439947045,0.25077399380804954,True,50,0.08382296562194824,False,0.08278870582580566,-9.488420745529083,12.12428663519512,-2.623457525648348,UP,0.0,0.9234847875943073,0.25880107649915496,LOW,STABLE,LOW,VISUAL_REMINDER,False,0.08278870582580566
2026-08-12T02:55:49.897854,0.048319701526131076,0.00822224728455832,0.25386996904024767,True,50,0.08382296562194824,False,0.1627209186553955,-10.422033538014148,11.002405005290143,-2.5523837571969636,UP,0.07993221282958984,0.8179204492914707,0.19449410623112834,NORMAL,STABLE,LOW,VISUAL_REMINDER,False,0.1627209186553955
2026-08-12T02:55:49.996880,0.29996665971420255,0.003128399721564817,0.2546583850931677,False,51,0.2617471218109131,False,0.0,-9.024857307697033,13.342623969589766,-2.6009169782635695,UP,0.17895841598510742,0.9235623097779493,0.13243812542250868,NORMAL,STABLE,LOW,VISUAL_REMINDER,False,0.0
2026-08-12T02:55:50.081225,0.34490390852975295,0.009106366578726434,0.2515527950310559,False,51,0.2617471218109131,False,0.0,-7.1115186661282905,13.894702964335835,-1.8943488518333709,UP,0.2633030414581299,0.9236167106052812,0.12871672721148494,NORMAL,STABLE,LOW,VISUAL_REMINDER,False,0.0
2026-08-12T02:55:50.160947,0.331619374852026,0.006455293422468448,0.2515527950310559,False,51,0.2617471218109131,False,0.0,-6.997525832059637,14.22199366154797,-1.8978180718579836,UP,0.34302473068237305,0.9222726444615912,0.12884667367928093,NORMAL,STABLE,LOW,VISUAL_REMINDER,False,0.0
2026-08-12T02:55:50.239905,0.3090273591359548,0.007188956654919395,0.2515527950310559,False,51,0.2617471218109131,False,0.0,-8.195492742883147,13.690394559631386,-2.601298378495983,UP,0.4219834804534912,0.9226634837962963,0.1302937642410078,NORMAL,STABLE,LOW,VISUAL_REMINDER,False,0.0
2026-08-12T02:55:50.323376,0.3162107528279974,0.0061531784765970375,0.2515527950310559,False,51,0.2617471218109131,False,0.0,-8.32183746325822,13.529886143334522,-2.2391237404248443,CENTER,0.0,0.9226965583204733,0.10395074601960459,NORMAL,STABLE,LOW,VISUAL_REMINDER,False,0.0
2026-08-12T02:55:50.401875,0.3246087431638358,0.00551877626758804,0.25077399380804954,False,51,0.2617471218109131,False,0.0,-8.099130632678225,14.89493703763921,-2.3476667601352403,CENTER,0.0,0.9235737766846708,0.10443727997685447,NORMAL,STABLE,LOW,VISUAL_REMINDER,False,0.0
2026-08-12T02:55:50.483841,0.30390364149086546,0.006531805492809593,0.25077399380804954,False,51,0.2617471218109131,False,0.0,-7.51985889899629,14.681655944320909,-2.241734005170372,CENTER,0.0,0.9219708879886832,0.10362341708705729,NORMAL,STABLE,LOW,VISUAL_REMINDER,False,0.0
2026-08-12T02:55:50.565863,0.32747081428940483,0.010582387149092785,0.25077399380804954,False,51,0.2617471218109131,False,0.0,-6.882093484390765,13.680932040663066,-2.3560332406060525,CENTER,0.0,0.9215638395919068,0.10239659350262233,NORMAL,STABLE,LOW,VISUAL_REMINDER,False,0.0
2026-08-12T02:55:50.651948,0.31040200602321555,0.004382500780105582,0.2515527950310559,False,51,0.2617471218109131,False,0.0,-6.196290592914693,12.933190978391082,-2.580116235719686,CENTER,0.0,0.9223541050454388,0.1018013397430245,NORMAL,STABLE,LOW,VISUAL_REMINDER,False,0.0
2026-08-12T02:55:50.733657,0.3033129710125037,0.008764109651001446,0.2515527950310559,False,51,0.2617471218109131,False,0.0,-5.847172386682018,13.502998144580289,-2.2096744802843773,CENTER,0.0,0.9217971295224624,0.1015199575481105,NORMAL,STABLE,LOW,VISUAL_REMINDER,False,0.0
2026-08-12T02:55:50.815205,0.30084745237963056,0.004555865989216624,0.2515527950310559,False,51,0.2617471218109131,False,0.0,-8.266860480529687,12.325431910211563,-2.486190352714999,CENTER,0.0,0.9207975662294239,0.1032658376056307,NORMAL,STABLE,LOW,VISUAL_REMINDER,False,0.0
2026-08-12T02:55:50.896953,0.3089354641624213,0.005716737731325753,0.2484472049689441,False,51,0.2617471218109131,False,0.0,-8.221298087124978,12.808410766293633,-2.5024744452599634,CENTER,0.0,0.9217038001543211,0.10203366671795432,NORMAL,STABLE,LOW,VISUAL_REMINDER,False,0.0
2026-08-12T02:55:50.978976,0.2859845329718209,0.0032216120979997086,0.2453416149068323,False,51,0.2617471218109131,False,0.0,-8.497392529977617,13.693050330613971,-2.438277372692937,CENTER,0.0,0.9225921505272634,0.12001111672934728,NORMAL,STABLE,LOW,VISUAL_REMINDER,False,0.0
2026-08-12T02:55:51.058012,0.07389425791989696,0.003929097745233107,0.2453416149068323,True,51,0.2617471218109131,False,0.0,-9.504029144075162,10.356859905343555,-2.668979315942636,UP,0.0,0.9231073441786695,0.326105867699118,LOW,STABLE,LOW,VISUAL_REMINDER,False,0.0
2026-08-12T02:55:51.139891,0.06620072734085053,0.0022398141389628956,0.2476780185758514,True,51,0.2617471218109131,False,0.0818791389465332,-9.801106409548254,11.967896158599018,-2.234499540386281,UP,0.0818791389465332,0.9229593058770577,0.3283052821883059,LOW,STABLE,LOW,VISUAL_REMINDER,False,0.0818791389465332
2026-08-12T02:55:51.218382,0.3079838894067029,0.004927726177909248,0.24458204334365324,False,52,0.1603705883026123,False,0.0,-7.699951602887637,12.847071202863901,-2.4273797870668545,UP,0.1603705883026123,0.9232303321116255,0.1173217070271845,NORMAL,STABLE,LOW,VISUAL_REMINDER,False,0.0
2026-08-12T02:55:51.299444,0.29308602288322216,0.012431220772015401,0.24148606811145512,False,52,0.1603705883026123,False,0.0,-8.215526621756368,13.148635976138223,-2.5298012758065624,UP,0.24143290519714355,0.9236949159807957,0.1258052600955547,NORMAL,STABLE,LOW,VISUAL_REMINDER,False,0.0
2026-08-12T02:55:51.379930,0.3060457085466899,0.006763700718041588,0.23839009287925697,False,52,0.1603705883026123,False,0.0,-6.772288324649452,14.340576686368166,-2.452410329343536,UP,0.3219184875488281,0.924906724215535,0.11443517275029504,NORMAL,STABLE,LOW,VISUAL_REMINDER,False,0.0
2026-08-12T02:55:51.462188,0.3402120370024747,0.005904041563999084,0.23529411764705882,False,52,0.1603705883026123,False,0.0,-8.883471380007904,12.781841270363913,-2.5910425278838716,UP,0.4041759967803955,0.9245530183684842,0.11392792054120654,NORMAL,STABLE,LOW,VISUAL_REMINDER,False,0.0
2026-08-12T02:55:51.544079,0.30825630879430177,0.003759501759263827,0.23529411764705882,False,52,0.1603705883026123,False,0.0,-8.703538007707976,12.377806645694392,-2.2745329070234845,CENTER,0.0,0.9250789823388204,0.08715806154108713,NORMAL,STABLE,LOW,VISUAL_REMINDER,False,0.0
2026-08-12T02:55:51.630344,0.31659578814593964,0.008481011422315556,0.23529411764705882,False,52,0.1603705883026123,False,0.0,-7.284747873772147,14.546646313931717,-2.5386850915593016,CENTER,0.0,0.9270037079903978,0.0876125721650215,NORMAL,STABLE,LOW,VISUAL_REMINDER,False,0.0
2026-08-12T02:55:51.711986,0.28427525196805914,0.008108793019683928,0.23529411764705882,False,52,0.1603705883026123,False,0.0,-9.237707132885106,13.710301200296243,-2.747939198272576,CENTER,0.0,0.92705896615655,0.1100570072370756,NORMAL,STABLE,LOW,VISUAL_REMINDER,False,0.0
2026-08-12T02:55:51.794532,0.237362409763973,0.008980672110710212,0.23529411764705882,False,52,0.1603705883026123,False,0.0,-8.282608000020502,12.201540976693707,-2.7310683389340795,CENTER,0.0,0.9262523308899178,0.17058183224409676,NORMAL,STABLE,LOW,VISUAL_REMINDER,False,0.0
2026-08-12T02:55:51.875754,0.11352288958778217,0.0104737779814536,0.23765432098765432,True,52,0.1603705883026123,False,0.0,-9.965191076714916,14.659624362919942,-2.5615927996714447,UP,0.0,0.9392148785793896,0.3174774958961599,LOW,STABLE,LOW,VISUAL_REMINDER,False,0.0
2026-08-12T02:55:51.957592,0.14666342440160593,0.0026151551002419966,0.24,True,52,0.1603705883026123,False,0.08183813095092773,-10.3209602932169,13.80562776379739,-1.9731145849990526,UP,0.08183813095092773,0.9409007817858368,0.31780946993435794,LOW,STABLE,LOW,VISUAL_REMINDER,False,0.08183813095092773
2026-08-12T02:55:52.036919,0.14126545019075673,0.008106389878516446,0.24233128834355827,True,52,0.1603705883026123,False,0.16116547584533691,-7.955784138844734,12.007659347172705,-2.3310946442546765,UP,0.16116547584533691,0.9408416388031551,0.3157437258617959,LOW,STABLE,LOW,VISUAL_REMINDER,False,0.16116547584533691
2026-08-12T02:55:52.116340,0.2815784813657859,0.004195406707841873,0.2415902140672783,False,53,0.2405867576599121,False,0.0,-7.04991696942264,14.994423855186966,-1.680642692535514,UP,0.2405867576599121,0.9449455321930726,0.1460052112852854,NORMAL,STABLE,LOW,VISUAL_REMINDER,False,0.0
2026-08-12T02:55:52.196491,0.2575014046863918,0.005340834428565861,0.24085365853658536,False,53,0.2405867576599121,False,0.0,-7.26446556679204,15.20141899644409,-2.146109020913343,UP,0.320737361907959,0.9474879302769205,0.1785440281044622,NORMAL,STABLE,LOW,VISUAL_REMINDER,False,0.0
2026-08-12T02:55:52.276994,0.287710848118558,0.004445376152574132,0.24012158054711247,False,53,0.2405867576599121,False,0.0,-8.338355178369056,15.847891093924261,-2.5886212312920236,UP,0.40124034881591797,0.9502109589334705,0.1398258665065305,NORMAL,STABLE,LOW,VISUAL_REMINDER,False,0.0
2026-08-12T02:55:52.356316,0.2505881842694405,0.0012299788856310336,0.23939393939393938,False,53,0.2405867576599121,False,0.0,-8.55363381982636,15.704999238681864,-2.101425770256327,UP,0.480562686920166,0.9472795567558299,0.18859388556260934,NORMAL,STABLE,LOW,VISUAL_REMINDER,False,0.0
2026-08-12T02:55:52.435784,0.08348065649837638,0.006346686693409081,0.24169184290030213,True,53,0.2405867576599121,False,0.0,-11.811921906924312,12.8561469679438,-1.9798172254410815,UP,0.560030460357666,0.9458984508959191,0.3230914047653569,LOW,STABLE,LOW,VISUAL_REMINDER,False,0.0
2026-08-12T02:55:52.517441,0.22837983694538852,0.00911602526305269,0.24096385542168675,False,54,0.08165717124938965,False,0.0,-9.653163678997942,11.50454985141161,-2.3222286653670494,UP,0.6416876316070557,0.9468778935185185,0.2136226433405576,LOW,STABLE,LOW,VISUAL_REMINDER,False,0.0
2026-08-12T02:55:52.601289,0.32645257875085787,0.005386223360249217,0.24024024024024024,False,54,0.08165717124938965,False,0.0,-8.412481198760702,14.568073423041852,-2.172819604649277,UP,0.7255351543426514,0.9492793799296982,0.12227461579489338,NORMAL,STABLE,LOW,VISUAL_REMINDER,False,0.0
2026-08-12T02:55:52.684424,0.35930127631706327,0.005287986332754855,0.23723723723723725,False,54,0.08165717124938965,False,0.0,-7.831367986264638,15.020963545795809,-1.980653982491873,UP,0.8086705207824707,0.9500254120584705,0.12395809527218077,NORMAL,STABLE,LOW,VISUAL_REMINDER,False,0.0
2026-08-12T02:55:52.766656,0.3425788245495119,0.004037996636871596,0.23652694610778444,False,54,0.08165717124938965,False,0.0,-8.67304356540663,14.638747168609996,-2.7095467702859253,UP,0.8909025192260742,0.9499495375728738,0.12840269031353696,NORMAL,STABLE,LOW,VISUAL_REMINDER,False,0.0
2026-08-12T02:55:52.847488,0.36088295516195723,0.005750141959720601,0.23353293413173654,False,54,0.08165717124938965,False,0.0,-8.449291348748602,13.832368163730564,-2.3380662876382985,CENTER,0.0,0.9495064139660494,0.08714433661174995,NORMAL,STABLE,LOW,VISUAL_REMINDER,False,0.0
2026-08-12T02:55:52.930016,0.33941483437890874,0.004367722785677751,0.23053892215568864,False,54,0.08165717124938965,False,0.0,-8.376219267420907,14.236004518031706,-2.4771619876831323,CENTER,0.0,0.9441037460348081,0.08600242406800443,NORMAL,STABLE,LOW,VISUAL_REMINDER,False,0.0
2026-08-12T02:55:53.011276,0.3470626379175138,0.015382198999426997,0.2275449101796407,False,54,0.08165717124938965,False,0.0,-7.723688804395778,13.939054847922506,-2.2399239463720733,CENTER,0.0,0.9434254436728395,0.08343414031405935,NORMAL,STABLE,LOW,VISUAL_REMINDER,False,0.0
2026-08-12T02:55:53.092129,0.3345324907357501,0.010699734227883714,0.2245508982035928,False,54,0.08165717124938965,False,0.0,-8.088567644348501,14.572113780957523,-2.5497493979689523,CENTER,0.0,0.9442935528120714,0.08304405879916402,NORMAL,STABLE,LOW,VISUAL_REMINDER,False,0.0
2026-08-12T02:55:53.173237,0.3001297376168519,0.024773386098626567,0.2215568862275449,False,54,0.08165717124938965,False,0.0,-9.514031834273311,13.093285750704297,-1.6023939773404834,CENTER,0.0,0.941893151470336,0.08093941138194624,NORMAL,STABLE,LOW,VISUAL_REMINDER,False,0.0
2026-08-12T02:55:53.254039,0.2779104683934963,0.013842628222947389,0.2215568862275449,False,54,0.08165717124938965,False,0.0,-9.134936271376489,12.503439784139317,-2.6789126217894648,CENTER,0.0,0.9416533511231139,0.11063771292292666,NORMAL,STABLE,LOW,VISUAL_REMINDER,False,0.0
2026-08-12T02:55:53.332006,0.3261922795637331,0.026051185654688315,0.2215568862275449,False,54,0.08165717124938965,False,0.0,60.75731710334405,11.48358493192103,-175.22974570739262,CENTER,0.0,0.8744793059842249,0.11862026840800546,NORMAL,STABLE,LOW,VISUAL_REMINDER,False,0.0
2026-08-12T02:55:53.413132,0.3497657184709779,0.018508751336397605,0.2208955223880597,False,54,0.08165717124938965,False,0.0,-1.2979779677631598,16.468623892503643,-1.9662452308230343,CENTER,0.0,0.9365123724708505,0.07548509338169881,NORMAL,STABLE,LOW,VISUAL_REMINDER,False,0.0
2026-08-12T02:55:53.491114,0.31781761896416977,0.019740401420059204,0.2208955223880597,False,54,0.08165717124938965,False,0.0,-2.125359313452691,12.412141526320369,-2.0015753814161314,CENTER,0.0,0.933797421553498,0.07338617089143121,NORMAL,STABLE,LOW,VISUAL_REMINDER,False,0.0
2026-08-12T02:55:53.575992,0.30550963370904505,0.014615466849994785,0.2208955223880597,False,54,0.08165717124938965,False,0.0,-7.027552510211763,9.615331045640545,-1.7583309115720454,CENTER,0.0,0.9329492723336763,0.0758526472813028,NORMAL,STABLE,LOW,VISUAL_REMINDER,False,0.0
2026-08-12T02:55:53.670624,0.3069227448901175,0.007029353873722063,0.21791044776119403,False,54,0.08165717124938965,False,0.0,-11.475322569759982,4.270415484177448,-1.708478334921324,CENTER,0.0,0.9425493505658437,0.07473492482367754,NORMAL,STABLE,LOW,VISUAL_REMINDER,False,0.0
2026-08-12T02:55:53.751504,0.29194344806199135,0.005442101387108029,0.21791044776119403,False,54,0.08165717124938965,False,0.0,-11.338942900172668,6.478736856818813,-1.0965427822444838,CENTER,0.0,0.9481719660922495,0.08635129299982382,NORMAL,STABLE,LOW,VISUAL_REMINDER,False,0.0
2026-08-12T02:55:53.832093,0.3108028543726192,0.014868392746507392,0.21791044776119403,False,54,0.08165717124938965,False,0.0,-11.85172516740667,8.77225598483355,-1.084833817429626,CENTER,0.0,0.9484065152391975,0.07774816926244879,NORMAL,STABLE,LOW,VISUAL_REMINDER,False,0.0
2026-08-12T02:55:53.914693,0.29212897424247897,0.010981858367712543,0.21791044776119403,False,54,0.08165717124938965,False,0.0,-13.486312660955235,5.529333621691194,-1.0764090196696259,CENTER,0.0,0.943700984332133,0.0874666941246704,NORMAL,STABLE,LOW,VISUAL_REMINDER,False,0.0
2026-08-12T02:55:53.995695,0.2921621036185103,0.01152978199347998,0.21791044776119403,False,54,0.08165717124938965,False,0.0,-12.390986422343957,9.454131232751877,-1.8733832306505462,CENTER,0.0,0.9279977387688615,0.08996979572319506,NORMAL,STABLE,LOW,VISUAL_REMINDER,False,0.0
2026-08-12T02:55:54.076119,0.28628689739670643,0.010860675149591098,0.21791044776119403,False,54,0.08165717124938965,False,0.0,-10.870158200507802,9.94596228211546,-2.0047492478751394,CENTER,0.0,0.9259600855195474,0.09682061469088502,NORMAL,STABLE,LOW,VISUAL_REMINDER,False,0.0
2026-08-12T02:55:54.185094,0.2869545036538081,0.18273181520402176,0.21791044776119403,False,54,0.08165717124938965,False,0.0,-7.968894717095935,11.102908530484655,-1.1712404120944768,CENTER,0.0,0.9206933459790809,0.09316959788675663,NORMAL,STABLE,NORMAL,NO_ACTION,False,0.0
2026-08-12T02:55:54.275119,0.28533481786478926,0.2370836266456259,0.218562874251497,False,54,0.08165717124938965,False,0.0,-9.733653085657409,10.430201939585487,-1.5893951106133386,CENTER,0.0,0.9127746967163924,0.09727161296991674,NORMAL,STABLE,NORMAL,NO_ACTION,False,0.0
2026-08-12T02:55:54.357103,0.28915507971232945,0.3083561162243821,0.218562874251497,False,54,0.08165717124938965,False,0.0,-7.846880864619436,10.475503703707943,-1.6769056993181266,CENTER,0.0,0.9114920508616257,0.09047802613466778,NORMAL,STABLE,NORMAL,NO_ACTION,False,0.0
2026-08-12T02:55:54.446540,0.2947909656907486,0.0033574679996737833,0.218562874251497,False,54,0.08165717124938965,False,0.0,-8.876919312319046,8.184072440529121,-1.6295770293595524,CENTER,0.0,0.9115074159807957,0.08225490203711931,NORMAL,STABLE,NORMAL,NO_ACTION,False,0.0
2026-08-12T02:55:54.529860,0.288826311949261,0.0030103134998368812,0.218562874251497,False,54,0.08165717124938965,False,0.0,-7.720860360801794,7.013925158592713,-1.433377989722402,CENTER,0.0,0.9112462223508231,0.08806049296029629,NORMAL,STABLE,NORMAL,NO_ACTION,False,0.0
2026-08-12T02:55:54.617670,0.32232387548368346,0.0005252475344094151,0.218562874251497,False,54,0.08165717124938965,False,0.0,-7.417312131736253,6.194294556268119,-1.2681473011745368,CENTER,0.0,0.9079879731438615,0.07211887005548585,NORMAL,STABLE,NORMAL,NO_ACTION,False,0.0
2026-08-12T02:55:54.702000,0.2954938611844513,0.008206212789542044,0.218562874251497,False,54,0.08165717124938965,False,0.0,-9.279314167857365,6.864407367394676,-1.2571839086209593,CENTER,0.0,0.9084871854638203,0.08039350716324424,NORMAL,STABLE,NORMAL,NO_ACTION,False,0.0
2026-08-12T02:55:54.788004,0.20320671746900085,0.0020687174056998416,0.2215568862275449,True,54,0.08165717124938965,False,0.0,-8.452863343772805,8.381206461726237,-1.7879810553995412,CENTER,0.0,0.9084046398105281,0.2057508005766655,LOW,STABLE,NORMAL,NO_ACTION,False,0.0
2026-08-12T02:55:54.872330,0.07533601459945899,0.0029519370050078535,0.2245508982035928,True,54,0.08165717124938965,False,0.08432531356811523,-9.94814605890673,7.770653650411873,-1.7301576583235772,UP,0.0,0.9083015582133058,0.30513336179924155,LOW,STABLE,NORMAL,NO_ACTION,False,0.08432531356811523
2026-08-12T02:55:54.958459,0.3555203988154364,0.0008499423882767171,0.2245508982035928,False,55,0.1704545021057129,False,0.0,-8.108793034082652,8.76186100843438,-1.2862431595744113,UP,0.08612918853759766,0.9080545240697874,0.10365053172029841,NORMAL,STABLE,NORMAL,NO_ACTION,False,0.0
2026-08-12T02:55:55.039647,0.38059000818478683,0.01149767950044078,0.2245508982035928,False,55,0.1704545021057129,False,0.0,-6.931633996673355,8.861798815606136,-1.4272039407003945,UP,0.16731762886047363,0.9073509971922153,0.10272488848239038,NORMAL,STABLE,NORMAL,NO_ACTION,False,0.0
2026-08-12T02:55:55.125244,0.3736276689521808,0.002631057129938229,0.2245508982035928,False,55,0.1704545021057129,False,0.0,-6.606534841098949,10.167022538875898,-1.5950700092653278,UP,0.2529144287109375,0.9069959383573388,0.10351614042096496,NORMAL,STABLE,NORMAL,NO_ACTION,False,0.0
2026-08-12T02:55:55.206613,0.36449246168099103,0.005164292112789457,0.2245508982035928,False,55,0.1704545021057129,False,0.0,-8.27929293814475,9.303757595881564,-1.7366600783429362,UP,0.33428311347961426,0.907550422239369,0.10463982138136567,NORMAL,STABLE,NORMAL,NO_ACTION,False,0.0
2026-08-12T02:55:55.292443,0.3768293093593803,0.00842147162412122,0.2215568862275449,False,55,0.1704545021057129,False,0.0,-6.764623615610645,10.380037422839393,-1.3476293265188701,CENTER,0.0,0.9062680175111455,0.0760869359375034,NORMAL,STABLE,NORMAL,NO_ACTION,False,0.0
2026-08-12T02:55:55.376309,0.3845695996169938,0.006975925496528259,0.218562874251497,False,55,0.1704545021057129,False,0.0,-7.780597134082967,9.01489780942822,-1.1869187263947936,CENTER,0.0,0.905719468021262,0.07442758229820301,NORMAL,STABLE,NORMAL,NO_ACTION,False,0.0
2026-08-12T02:55:55.460604,0.36239031427045465,0.012614517613977487,0.2155688622754491,False,55,0.1704545021057129,False,0.0,-7.1386478969130565,11.939498934668421,-1.7509081097324781,CENTER,0.0,0.9054431771905007,0.07496771578212522,NORMAL,STABLE,NORMAL,NO_ACTION,False,0.0
2026-08-12T02:55:55.545890,0.36278299099361155,0.005513453097909502,0.2125748502994012,False,55,0.1704545021057129,False,0.0,-8.166576979464281,11.976488305195517,-1.499751930707589,CENTER,0.0,0.903671888395919,0.07424542787621101,NORMAL,STABLE,NORMAL,NO_ACTION,False,0.0
2026-08-12T02:55:55.632212,0.3699460183920037,0.005553727732668101,0.20958083832335328,False,55,0.1704545021057129,False,0.0,-8.310041137580555,11.355815822605479,-1.9374389428332393,CENTER,0.0,0.903283848808299,0.07285978548136424,NORMAL,STABLE,NORMAL,NO_ACTION,False,0.0
2026-08-12T02:55:55.720598,0.3514807282937352,0.004889288562858557,0.20658682634730538,False,55,0.1704545021057129,False,0.0,-7.9311976754341345,11.093516632017298,-1.5944120583050676,CENTER,0.0,0.9054249855324075,0.07047820678111774,NORMAL,STABLE,NORMAL,NO_ACTION,False,0.0
2026-08-12T02:55:55.805101,0.34654203377082626,0.0007910447270537158,0.20359281437125748,False,55,0.1704545021057129,False,0.0,-7.271439195054228,13.417623270992067,-1.5878888918019811,CENTER,0.0,0.9049323774005487,0.07001811770572529,NORMAL,STABLE,NORMAL,NO_ACTION,False,0.0
2026-08-12T02:55:55.889288,0.3589427123048129,0.007679457438664736,0.1981981981981982,False,55,0.1704545021057129,False,0.0,-8.001565080985785,11.855870539428281,-1.6277479523787406,CENTER,0.0,0.9050032820001714,0.06693434407637056,NORMAL,STABLE,NORMAL,NO_ACTION,False,0.0
2026-08-12T02:55:55.975624,0.36185316620224917,0.003742564128950327,0.19519519519519518,False,55,0.1704545021057129,False,0.0,-7.523513432806993,12.008436702484062,-1.741932528913651,CENTER,0.0,0.9061182913237312,0.06519263873475226,NORMAL,STABLE,NORMAL,NO_ACTION,False,0.0
2026-08-12T02:55:56.057840,0.3478845970810157,0.0036259153112014205,0.1921921921921922,False,55,0.1704545021057129,False,0.0,-7.578662886855994,9.561781013064575,-1.4991384229009554,CENTER,0.0,0.9067590047367969,0.06174341327418646,NORMAL,STABLE,NORMAL,NO_ACTION,False,0.0
2026-08-12T02:55:56.141339,0.3206539314360465,0.009164430098941783,0.1891891891891892,False,55,0.1704545021057129,False,0.0,-7.983925931823109,10.686562557210209,-1.4288632735588749,CENTER,0.0,0.9058718599965706,0.06137683493554018,NORMAL,STABLE,NORMAL,NO_ACTION,False,0.0
2026-08-12T02:55:56.224097,0.3020193975990547,0.011280763874973001,0.18618618618618618,False,55,0.1704545021057129,False,0.0,-8.483134043563638,11.878488159182325,-2.2849265988806735,CENTER,0.0,0.9066901899005486,0.06204124478967114,NORMAL,STABLE,NORMAL,NO_ACTION,False,0.0
2026-08-12T02:55:56.309869,0.31127451411768164,0.009682932794772022,0.1831831831831832,False,55,0.1704545021057129,False,0.0,-9.099748364105466,9.618531051899765,-1.5987774984335203,CENTER,0.0,0.9070377336248285,0.05884059262633452,NORMAL,STABLE,NORMAL,NO_ACTION,False,0.0
2026-08-12T02:55:56.393153,0.3599871250517085,0.007083158647975689,0.18018018018018017,False,55,0.1704545021057129,False,0.0,-9.110928004317344,7.033072326124824,-1.7558090092515215,CENTER,0.0,0.9061630336934157,0.05563379648683914,NORMAL,STABLE,NORMAL,NO_ACTION,False,0.0
2026-08-12T02:55:56.490795,0.31070300813925944,0.008880338317323494,0.17717717717717718,False,55,0.1704545021057129,False,0.0,-8.410153550661875,9.965663013941594,-2.009655290244268,CENTER,0.0,0.9047270045653292,0.055819901871381944,NORMAL,STABLE,NORMAL,NO_ACTION,False,0.0
2026-08-12T02:55:56.583780,0.29023468291321125,0.008791648914856632,0.17417417417417416,False,55,0.1704545021057129,False,0.0,-10.368097356298563,9.679878567179657,-1.824519263247339,CENTER,0.0,0.9047352832433128,0.06883957150533121,NORMAL,STABLE,NORMAL,NO_ACTION,False,0.0
2026-08-12T02:55:56.680781,0.3173890956773975,0.006901382896449686,0.17117117117117117,False,55,0.1704545021057129,False,0.0,-9.255897060596084,9.838274095181333,-1.5729722945394258,CENTER,0.0,0.9041465326003086,0.05311880588519889,NORMAL,STABLE,NORMAL,NO_ACTION,False,0.0
2026-08-12T02:55:56.777731,0.29663332000087705,0.005708400716992757,0.16816816816816818,False,55,0.1704545021057129,False,0.0,-8.910710706501334,10.233966918447464,-1.8181553628499785,CENTER,0.0,0.9030427222650891,0.05629568973894651,NORMAL,STABLE,NORMAL,NO_ACTION,False,0.0
2026-08-12T02:55:56.873783,0.31413048823096595,0.010651631789151858,0.16566265060240964,False,55,0.1704545021057129,False,0.0,-7.896428612643945,12.6761427886168,-2.1828394201630488,CENTER,0.0,0.9032089924125514,0.05169227912457554,NORMAL,STABLE,NORMAL,NO_ACTION,False,0.0
2026-08-12T02:55:56.967341,0.29692503977276863,0.006977634415550291,0.16566265060240964,False,55,0.1704545021057129,False,0.0,-9.919062890559843,9.47862154632594,-1.722821954975899,CENTER,0.0,0.9028425872342248,0.054987647312968305,NORMAL,STABLE,NORMAL,NO_ACTION,False,0.0
2026-08-12T02:55:57.061108,0.31298331844953164,0.011270509330851929,0.16566265060240964,False,55,0.1704545021057129,False,0.0,-8.967509989936985,8.381467790305976,-2.115543020537018,CENTER,0.0,0.9031912562157066,0.049557177159845214,NORMAL,STABLE,NORMAL,NO_ACTION,False,0.0
2026-08-12T02:55:57.155179,0.05179464610011736,0.01443696752172594,0.1686746987951807,True,55,0.1704545021057129,False,0.0,-12.32873153947915,9.42375584123252,-2.2766496365863986,UP,0.0,0.9036908436213992,0.2812078364154325,LOW,STABLE,NORMAL,NO_ACTION,False,0.0
2026-08-12T02:55:57.243045,0.14603169635584723,0.00620831703012322,0.1716867469879518,True,55,0.1704545021057129,False,0.08786559104919434,-9.966255350220479,10.477262406167455,-2.0742761383446577,UP,0.08786559104919434,0.9030262854723936,0.28100487110964106,LOW,STABLE,NORMAL,NO_ACTION,False,0.08786559104919434
2026-08-12T02:55:57.358656,0.29023168802346405,0.008181771970105106,0.17220543806646527,False,56,0.2034766674041748,False,0.0,-10.059688695521032,7.534528711547978,-1.9363122860210353,UP,0.2034766674041748,0.902004953810871,0.09258399937418087,NORMAL,STABLE,NORMAL,NO_ACTION,False,0.0
2026-08-12T02:55:57.446384,0.3136946132395481,0.0034171480533748814,0.17220543806646527,False,56,0.2034766674041748,False,0.0,-7.982905040254053,12.040954905321684,-2.3444438306376867,UP,0.29120516777038574,0.90269732188786,0.08120737436478771,NORMAL,STABLE,NORMAL,NO_ACTION,False,0.0
2026-08-12T02:55:57.528733,0.3303771025086838,0.007374317923517472,0.17220543806646527,False,56,0.2034766674041748,False,0.0,-8.594375768824847,12.659180466464392,-2.0264708836332375,UP,0.3735544681549072,0.9016216027949246,0.08193649809675096,NORMAL,STABLE,NORMAL,NO_ACTION,False,0.0
2026-08-12T02:55:57.621371,0.2887290752447954,0.015016983164945106,0.17220543806646527,False,56,0.2034766674041748,False,0.0,-8.65102748703103,11.27998932554084,-2.0918832256728876,UP,0.46619176864624023,0.900684799382716,0.09608585844881569,NORMAL,STABLE,NORMAL,NO_ACTION,False,0.0
2026-08-12T02:55:57.702008,0.29153444268510265,0.00488351088086821,0.17220543806646527,False,56,0.2034766674041748,False,0.0,-7.97669685033361,13.592181204737756,-1.7281741995869595,CENTER,0.0,0.9014500546553498,0.06701569113625687,NORMAL,STABLE,NORMAL,NO_ACTION,False,0.0
2026-08-12T02:55:57.790300,0.27939297894169035,0.008905446134620729,0.17220543806646527,False,56,0.2034766674041748,False,0.0,-7.773297746381559,12.937045619425305,-2.069978969566165,CENTER,0.0,0.9025321368098422,0.08286443551277375,NORMAL,STABLE,NORMAL,NO_ACTION,False,0.0
2026-08-12T02:55:57.882726,0.30111986253185585,0.01204053352199157,0.17220543806646527,False,56,0.2034766674041748,False,0.0,-9.311101867204883,10.386889096595326,-1.7842580676414173,UP,0.0,0.9023751232424554,0.0807523374904416,NORMAL,STABLE,NORMAL,NO_ACTION,False,0.0
2026-08-12T02:55:57.969656,0.3065535887077272,0.006880161587975666,0.17220543806646527,False,56,0.2034766674041748,False,0.0,-9.309770767496104,12.091572780551616,-2.1245774471931327,CENTER,0.0,0.9011324508101852,0.05630993108722174,NORMAL,STABLE,NORMAL,NO_ACTION,False,0.0
2026-08-12T02:55:58.057226,0.276552116065481,0.007833505361452938,0.17220543806646527,False,56,0.2034766674041748,False,0.0,-8.39896597561173,11.123265760666072,-2.0816259932880428,UP,0.0,0.9017538473079562,0.11195601154516206,NORMAL,STABLE,NORMAL,NO_ACTION,False,0.0
2026-08-12T02:55:58.151191,0.3290924833718198,0.007040481573871521,0.17220543806646527,False,56,0.2034766674041748,False,0.0,-9.845899775991398,11.58068725138375,-2.0612096249026592,CENTER,0.0,0.9013116346236283,0.05639620971768663,NORMAL,STABLE,NORMAL,NO_ACTION,False,0.0
2026-08-12T02:55:58.236092,0.29264142544232385,0.011291841478799745,0.17220543806646527,False,56,0.2034766674041748,False,0.0,-7.733686808793692,10.711595673980582,-2.250800307950783,CENTER,0.0,0.9005422400120028,0.06372855115950478,NORMAL,STABLE,NORMAL,NO_ACTION,False,0.0
2026-08-12T02:55:58.326245,0.2705407874078739,0.004270359466197336,0.17272727272727273,False,56,0.2034766674041748,False,0.0,-9.492014258494493,9.579397557056382,-2.139157384056176,CENTER,0.0,0.9005227891375173,0.09422498343920989,NORMAL,STABLE,NORMAL,NO_ACTION,False,0.0
2026-08-12T02:55:58.421481,0.17203281127151215,0.009304354799821057,0.17575757575757575,True,56,0.2034766674041748,False,0.0,-9.31625788577091,11.154182062059022,-2.2411869986346744,UP,0.0,0.899612348894033,0.2541504513634282,LOW,STABLE,NORMAL,NO_ACTION,False,0.0
2026-08-12T02:55:58.508436,0.2065347749545055,0.007087657561462406,0.1787878787878788,True,56,0.2034766674041748,False,0.08695483207702637,-8.955007524377493,12.11488064903287,-2.3228616949492107,UP,0.08695483207702637,0.8999595443244169,0.21008760149214187,LOW,STABLE,NORMAL,NO_ACTION,False,0.08695483207702637
2026-08-12T02:55:58.595091,0.31484064602417644,0.006752285907265155,0.1787878787878788,False,57,0.17361021041870117,False,0.0,-8.860437762044057,10.396140043153451,-2.292498824870478,UP,0.17361021041870117,0.9002576035236624,0.08364212761991237,NORMAL,STABLE,NORMAL,NO_ACTION,False,0.0
2026-08-12T02:55:58.690761,0.3331174923071519,0.012219356536736146,0.17575757575757575,False,57,0.17361021041870117,False,0.0,-8.564382643539801,11.915052233589563,-2.136877669158224,UP,0.26927995681762695,0.8988065575703017,0.08278902071897844,NORMAL,STABLE,NORMAL,NO_ACTION,False,0.0
2026-08-12T02:55:58.777445,0.2878335490082532,0.010862623822356615,0.17272727272727273,False,57,0.17361021041870117,False,0.0,-7.416321138937292,13.143648540645756,-2.3863686265971182,UP,0.35596418380737305,0.8984912310313786,0.09751783325805753,NORMAL,STABLE,NORMAL,NO_ACTION,False,0.0
2026-08-12T02:55:58.870042,0.3073205618007656,0.007161039340104789,0.1696969696969697,False,57,0.17361021041870117,False,0.0,-9.556730556012923,10.924479100200898,-2.249570595931516,UP,0.4485611915588379,0.8995372379758232,0.08010741715976163,NORMAL,STABLE,NORMAL,NO_ACTION,False,0.0
2026-08-12T02:55:58.958554,0.2786282246565189,0.011226692483045463,0.16666666666666666,False,57,0.17361021041870117,False,0.0,-8.88638130152512,11.023794333679632,-2.086190614389068,CENTER,0.0,0.8994250069658779,0.08035684339577191,NORMAL,STABLE,NORMAL,NO_ACTION,False,0.0
2026-08-12T02:55:59.047149,0.28334744126811834,0.009650629098873171,0.16363636363636364,False,57,0.17361021041870117,False,0.0,-10.402044401178188,12.354342502466778,-2.4967598475756745,CENTER,0.0,0.9003303835519547,0.07536524491497597,NORMAL,STABLE,NORMAL,NO_ACTION,False,0.0
2026-08-12T02:55:59.135534,0.29990903497123267,0.009007180017264754,0.1606060606060606,False,57,0.17361021041870117,False,0.0,-7.802966893121436,13.837244989183745,-2.3282574386479666,CENTER,0.0,0.901026984739369,0.05017387663453812,NORMAL,STABLE,NORMAL,NO_ACTION,False,0.0
2026-08-12T02:55:59.224500,0.2969574626031247,0.002970186129729602,0.15501519756838905,False,57,0.17361021041870117,False,0.0,-8.56623537270761,11.685767144798461,-2.2452475853529847,CENTER,0.0,0.9009927581661523,0.05041509369236693,NORMAL,STABLE,NORMAL,NO_ACTION,False,0.0
2026-08-12T02:55:59.316977,0.2855007776467673,0.0064056774384711615,0.1519756838905775,False,57,0.17361021041870117,False,0.0,-9.49626401197608,13.538807004348115,-2.2953308997069257,CENTER,0.0,0.9028630026148834,0.06645303487139703,NORMAL,STABLE,NORMAL,NO_ACTION,False,0.0
2026-08-12T02:55:59.412180,0.2921809088589097,0.013766587750895327,0.14893617021276595,False,57,0.17361021041870117,False,0.0,-8.789502918572396,14.078559771640442,-2.4199998824768443,CENTER,0.0,0.9034836891289437,0.0558557247157726,NORMAL,STABLE,NORMAL,NO_ACTION,False,0.0
2026-08-12T02:55:59.500792,0.29323439137075147,0.008517136308570828,0.1458966565349544,False,57,0.17361021041870117,False,0.0,-9.678206362812801,10.649982522125356,-1.8987845621966812,CENTER,0.0,0.9036592694401577,0.05080900730024156,NORMAL,STABLE,NORMAL,NO_ACTION,False,0.0
2026-08-12T02:55:59.591290,0.31102483217723287,0.01187271732732184,0.14285714285714285,False,57,0.17361021041870117,False,0.0,-9.96443110609701,11.419403951797335,-2.1076763918746337,CENTER,0.0,0.9028881199631345,0.0413009111325459,NORMAL,STABLE,NORMAL,NO_ACTION,False,0.0
2026-08-12T02:55:59.681724,0.26971242657415895,0.002206836238136641,0.1398176291793313,False,57,0.17361021041870117,False,0.0,-8.962580404975967,10.240311588112036,-2.1539126066035976,CENTER,0.0,0.9023799323774006,0.07839279746372235,NORMAL,STABLE,NORMAL,NO_ACTION,False,0.0
2026-08-12T02:55:59.771432,0.10982918670341793,0.0075288871091846584,0.1398176291793313,True,57,0.17361021041870117,False,0.0,-12.178910981886673,10.96110525631633,-2.242779065740649,UP,0.0,0.9016750793038408,0.2677127217650908,LOW,STABLE,NORMAL,NO_ACTION,False,0.0
2026-08-12T02:55:59.856291,0.15861094819700577,0.009516126789266714,0.1398176291793313,True,57,0.17361021041870117,False,0.08485865592956543,-11.054044706142236,10.279880546966922,-1.9641927646966053,UP,0.08485865592956543,0.902019073109568,0.25438798902727516,LOW,STABLE,NORMAL,NO_ACTION,False,0.08485865592956543
2026-08-12T02:55:59.947098,0.2926323733646341,0.00880294061587253,0.13677811550151975,False,58,0.17566609382629395,False,0.0,-8.991214720890639,11.485535210656423,-2.5504285841305148,UP,0.17566609382629395,0.9021774530606995,0.07362184372896441,NORMAL,STABLE,NORMAL,NO_ACTION,False,0.0
2026-08-12T02:56:00.042211,0.2655211025811888,0.007093295149395639,0.1337386018237082,False,58,0.17566609382629395,False,0.0,-10.833155601174866,10.926273619910177,-2.5391910370461517,UP,0.2707784175872803,0.902191679526749,0.10960943629182442,NORMAL,STABLE,NORMAL,NO_ACTION,False,0.0
2026-08-12T02:56:00.145723,0.2573351409304483,0.01253605349578129,0.12804878048780488,False,58,0.17566609382629395,False,0.0,-9.44741112379566,12.765570117721666,-2.7547301111180786,UP,0.37429094314575195,0.9028295931927298,0.11788065749972433,NORMAL,STABLE,NORMAL,NO_ACTION,False,0.0
2026-08-12T02:56:00.227735,0.25112516770654114,0.004977030995677041,0.125,False,58,0.17566609382629395,False,0.0,-10.086037203268546,11.883207082997416,-2.8805769915757367,UP,0.4563028812408447,0.9020516519847394,0.12473512850921925,NORMAL,STABLE,NORMAL,NO_ACTION,False,0.0
2026-08-12T02:56:00.308983,0.2743839195690868,0.003573714481618595,0.12462006079027356,False,58,0.17566609382629395,False,0.0,-10.835732865483152,11.31557711067947,-2.5805841673562213,UP,0.5375511646270752,0.9024144134730795,0.09085046575212292,NORMAL,STABLE,NORMAL,NO_ACTION,False,0.0
2026-08-12T02:56:00.387998,0.3345240732942752,0.007004015170768483,0.12424242424242424,False,58,0.17566609382629395,False,0.0,-9.257204612140043,13.032775302208421,-2.246960058367307,UP,0.6165657043457031,0.902167781207133,0.05932970374753538,NORMAL,STABLE,NORMAL,NO_ACTION,False,0.0
