timestamp,ear,mar,perclos,eyes_closed,blink_count,blink_duration,microsleep,microsleep_duration,pitch,yaw,roll,gaze_direction,gaze_away_duration,reliability,fatigue_risk,risk_level,temporal_state,intervention_level,intervention_action,alert_triggered,eye_closure_duration
2026-08-12T00:44:26.347230,0.45502296160949374,0.17856562190189387,0.0,False,0,0.0,False,0.0,-6.470600283398227,-8.409266652426851,0.8676569276473458,CENTER,0.0,0.8111048674646042,0.016343071089437465,NORMAL,STABLE,NORMAL,NO_ACTION,False,0.0
2026-08-12T00:44:26.423077,0.4610770689431204,0.09128893299678267,0.0,False,0,0.0,False,0.0,-5.8210211508667555,-5.576329232376338,0.8302304233576763,CENTER,0.0,0.8462581408913875,0.012660507055068942,NORMAL,STABLE,NORMAL,NO_ACTION,False,0.0
2026-08-12T00:44:26.451993,0.4031898554506953,0.02157924333136229,0.0,False,0,0.0,False,0.0,-6.510324104109856,-6.604756095198326,0.8923646667890068,CENTER,0.0,0.8691548019011488,0.014097887129179294,NORMAL,STABLE,NORMAL,NO_ACTION,False,0.0
2026-08-12T00:44:26.478948,0.41239534038051207,0.010838489594940883,0.0,False,0,0.0,False,0.0,-5.6709937520271865,-3.9269898111976715,0.6255103335922456,CENTER,0.0,0.8803386534269056,0.010300300391995018,NORMAL,STABLE,NORMAL,NO_ACTION,False,0.0
2026-08-12T00:44:26.500461,0.3829781339684939,0.007208807588896297,0.0,False,0,0.0,False,0.0,11.573275159569874,-7.895206692247001,178.6524091765907,CENTER,0.0,0.85650713109425,0.054046912732143924,NORMAL,STABLE,NORMAL,NO_ACTION,False,0.0
2026-08-12T00:44:26.522764,0.3891953695438738,0.008098758090434222,0.0,False,0,0.0,False,0.0,12.199102852573105,-9.14813794900897,178.5130642875962,CENTER,0.0,0.875661009187304,0.054132580688695614,NORMAL,STABLE,NORMAL,NO_ACTION,False,0.0
2026-08-12T00:44:26.546062,0.4061926389464009,0.01138933937908838,0.0,False,0,0.0,False,0.0,12.825060786810951,-9.142064967506911,178.34286054508243,CENTER,0.0,0.8872230629756189,0.053434459900865885,NORMAL,STABLE,NORMAL,NO_ACTION,False,0.0
2026-08-12T00:44:26.567072,0.3992533151131288,0.015037151395708551,0.0,False,0,0.0,False,0.0,-6.416141391155719,-6.08213650554373,0.5472274693566987,CENTER,0.0,0.9296432417971047,0.011756483530737036,NORMAL,STABLE,NORMAL,NO_ACTION,False,0.0
2026-08-12T00:44:26.594070,0.41371195745898226,0.021868376172046466,0.0,False,0,0.0,False,0.0,12.72576199815606,-9.410558861768152,178.17986010896976,CENTER,0.0,0.9143175745017229,0.05122593957766451,NORMAL,STABLE,NORMAL,NO_ACTION,False,0.0
2026-08-12T00:44:26.627798,0.3945553257393837,0.024202548512940632,0.0,False,0,0.0,False,0.0,12.11419889286708,-10.674493762688229,177.97718926394714,CENTER,0.0,0.9311199693858595,0.05041205663715119,NORMAL,STABLE,NORMAL,NO_ACTION,False,0.0
2026-08-12T00:44:26.659080,0.3958796136510069,0.00932056715666334,0.0,False,0,0.0,False,0.0,12.872381305910267,-10.248210752878578,178.03781472654578,CENTER,0.0,0.927711127913421,0.05075149396559138,NORMAL,STABLE,NORMAL,NO_ACTION,False,0.0
2026-08-12T00:44:26.692062,0.41499929169009553,0.012334583672226857,0.0,False,0,0.0,False,0.0,-6.194218349045798,-4.813032943331365,0.38083215014398775,CENTER,0.0,0.9554466314239173,0.009967082782817526,NORMAL,STABLE,NORMAL,NO_ACTION,False,0.0
2026-08-12T00:44:26.723099,0.4198319178391706,0.007196918975846879,0.0,False,0,0.0,False,0.0,12.267265509982082,-9.811520456893533,178.00793011864414,CENTER,0.0,0.9285241271984618,0.05002950496444655,NORMAL,STABLE,NORMAL,NO_ACTION,False,0.0
2026-08-12T00:44:26.787525,0.4412680478238639,0.01221568519685521,0.0,False,0,0.0,False,0.0,13.188855309516129,1.5744003021645483,179.92638480595303,CENTER,0.0,0.9224803486970491,0.045960430839529616,NORMAL,STABLE,NORMAL,NO_ACTION,False,0.0
2026-08-12T00:44:26.808755,0.43612966538174347,0.018743065395477897,0.0,False,0,0.0,False,0.0,12.890229918133599,-8.121749635644392,178.26735590444616,CENTER,0.0,0.922496132406795,0.04953067718180693,NORMAL,STABLE,NORMAL,NO_ACTION,False,0.0
2026-08-12T00:44:26.829620,0.42263338515167914,0.012960792452507627,0.0,False,0,0.0,False,0.0,12.62225327969648,-6.592715460569565,178.73894901620355,CENTER,0.0,0.9280137076612409,0.048435460723813155,NORMAL,STABLE,NORMAL,NO_ACTION,False,0.0
2026-08-12T00:44:26.850297,0.4097581889221187,0.011664242082736568,0.0,False,0,0.0,False,0.0,12.903559305967718,-9.889121816887894,178.18723687441673,CENTER,0.0,0.9254696023631933,0.05056714124800046,NORMAL,STABLE,NORMAL,NO_ACTION,False,0.0
2026-08-12T00:44:26.881893,0.420663519245576,0.014197962746286213,0.0,False,0,0.0,False,0.0,-7.032734168687483,-5.124853186051837,0.3196715220600197,CENTER,0.0,0.9550059141068977,0.010956684172216423,NORMAL,STABLE,NORMAL,NO_ACTION,False,0.0
2026-08-12T00:44:26.929636,0.43062976120885504,0.01005311384498769,0.0,False,0,0.0,False,0.0,13.038644047910367,-9.428777962223649,178.21552311232801,CENTER,0.0,0.9282090562026423,0.050404437786202315,NORMAL,STABLE,NORMAL,NO_ACTION,False,0.0
2026-08-12T00:44:26.961853,0.44653852426975316,0.0206248071172958,0.0,False,0,0.0,False,0.0,11.98336606801223,-4.701490047450022,179.10855718578375,CENTER,0.0,0.9263323781405137,0.04684281744916004,NORMAL,STABLE,NORMAL,NO_ACTION,False,0.0
2026-08-12T00:44:26.994760,0.41990916354789265,0.008533813861816852,0.0,False,0,0.0,False,0.0,12.56447957479378,-6.27852544138247,178.62482551663766,CENTER,0.0,0.9222756505696201,0.0482083154636254,NORMAL,STABLE,NORMAL,NO_ACTION,False,0.0
2026-08-12T00:44:27.027222,0.3745130832296858,0.04014691599369356,0.0,False,0,0.0,False,0.0,-6.966919587483176,-5.064967038379393,0.4306667143706022,CENTER,0.0,0.9606501590669705,0.010956944485719529,NORMAL,STABLE,NORMAL,NO_ACTION,False,0.0
2026-08-12T00:44:27.058278,0.3773674810544352,0.02141337590230305,0.0,False,0,0.0,False,0.0,-7.706510654673565,-3.74772782013531,0.3028044759431907,CENTER,0.0,0.9640219517012051,0.010588786731732691,NORMAL,STABLE,NORMAL,NO_ACTION,False,0.0
2026-08-12T00:44:27.090852,0.40173109106326305,0.0029334773191403147,0.0,False,0,0.0,False,0.0,12.47124776454487,-4.4343454965150215,178.736598741639,CENTER,0.0,0.9273973638489819,0.04706540075133638,NORMAL,STABLE,NORMAL,NO_ACTION,False,0.0
2026-08-12T00:44:27.123300,0.3995638316621839,0.00770489207737323,0.0,False,0,0.0,False,0.0,-7.117999202666567,-2.942322026573379,0.044000218587939344,CENTER,0.0,0.9547948924039781,0.009168445666621425,NORMAL,STABLE,NORMAL,NO_ACTION,False,0.0
2026-08-12T00:44:27.187515,0.3890560693523676,0.00533067683961356,0.0,False,0,0.0,False,0.0,-8.55831481726949,-2.8918466011617454,0.2444891498820141,CENTER,0.0,0.9588355884406232,0.010737124054072312,NORMAL,STABLE,NORMAL,NO_ACTION,False,0.0
2026-08-12T00:44:27.219676,0.3921458851999974,0.022129982106935658,0.0,False,0,0.0,False,0.0,-6.85682892045898,-0.9767939360191065,-0.3654074938379779,CENTER,0.0,0.954822961830051,0.007784764699039954,NORMAL,STABLE,NORMAL,NO_ACTION,False,0.0
2026-08-12T00:44:27.250187,0.3874856489658919,0.01900588376541256,0.0,False,0,0.0,False,0.0,-8.387987137431509,-2.909916263979909,-0.18967902433527684,CENTER,0.0,0.9609679148601312,0.010530062005177082,NORMAL,STABLE,NORMAL,NO_ACTION,False,0.0
2026-08-12T00:44:27.282724,0.37897763706845644,0.005965796816274492,0.0,False,0,0.0,False,0.0,-5.458224680384291,-5.07815220897038,0.3512845174782342,CENTER,0.0,0.9642378923856064,0.009412496507804426,NORMAL,STABLE,NORMAL,NO_ACTION,False,0.0
2026-08-12T00:44:27.315688,0.3657213539543653,0.01736582942080571,0.0,False,0,0.0,False,0.0,11.023268066598064,-7.409902149366928,178.5809264478562,CENTER,0.0,0.9273874864637427,0.04767208489367446,NORMAL,STABLE,NORMAL,NO_ACTION,False,0.0
2026-08-12T00:44:27.351243,0.3658441434895603,0.02328545960868342,0.0,False,0,0.0,False,0.0,10.87590985511045,-6.6354530308191215,178.6484352024147,CENTER,0.0,0.9273233462929281,0.04710835990741184,NORMAL,STABLE,NORMAL,NO_ACTION,False,0.0
2026-08-12T00:44:27.389384,0.39050873278137466,0.009011733305914024,0.0,False,0,0.0,False,0.0,-6.617110429735277,-3.6219857337187022,0.36074884096743176,UP,0.0,0.955026566021213,0.035909856325119886,NORMAL,STABLE,NORMAL,NO_ACTION,False,0.0
2026-08-12T00:44:27.428717,0.3832337011818392,0.03647237403168516,0.0,False,0,0.0,False,0.0,-7.6610541071281375,-5.116156506623611,0.28275769544572427,CENTER,0.0,0.961909626537086,0.0115290634878832,NORMAL,STABLE,NORMAL,NO_ACTION,False,0.0
2026-08-12T00:44:27.464020,0.3792301338043231,0.039322064186785195,0.0,False,0,0.0,False,0.0,11.088687776807404,-8.260086324559268,178.3107755089062,CENTER,0.0,0.9256410868402574,0.04821635015870604,NORMAL,STABLE,NORMAL,NO_ACTION,False,0.0
2026-08-12T00:44:27.500721,0.3914180764559721,0.006709637812741167,0.0,False,0,0.0,False,0.0,-7.706616405605416,-3.495373856586099,-0.3238959756822055,CENTER,0.0,0.9546630558923673,0.010424311657516828,NORMAL,STABLE,NORMAL,NO_ACTION,False,0.0
2026-08-12T00:44:27.528467,0.3587492524366665,0.004971008265797527,0.0,False,0,0.0,False,0.0,-7.625439777391307,-3.8448066368883076,0.05561110782804235,UP,0.0,0.9611257386892513,0.036761557228057254,NORMAL,STABLE,NORMAL,NO_ACTION,False,0.0
2026-08-12T00:44:27.552949,0.36114222696072235,0.014506876178384316,0.0,False,0,0.0,False,0.0,-7.598742748771201,-2.965445476839932,0.03885779601753825,UP,0.024482011795043945,0.9588237464481678,0.03607361491127996,NORMAL,STABLE,NORMAL,NO_ACTION,False,0.0
2026-08-12T00:44:27.587142,0.38354358591091686,0.0067058324924280455,0.0,False,0,0.0,False,0.0,-7.9706243482679895,-4.615570305935222,-0.10018651071814588,UP,0.058675527572631836,0.9629734929208309,0.037708698558392664,NORMAL,STABLE,NORMAL,NO_ACTION,False,0.0
2026-08-12T00:44:27.618687,0.3757509308931637,0.008253267297980536,0.0,False,0,0.0,False,0.0,-7.647375931894658,-3.3358988183820486,-0.28038294157025234,UP,0.09022021293640137,0.9595477736747992,0.036629469951390305,NORMAL,STABLE,NORMAL,NO_ACTION,False,0.0
2026-08-12T00:44:27.651280,0.37565199468927934,0.03807116153175559,0.0,False,0,0.0,False,0.0,11.775313958224217,0.711472687658528,179.20162963745884,UP,0.12281298637390137,0.9226832749271262,0.0716283263394474,NORMAL,STABLE,NORMAL,NO_ACTION,False,0.0
2026-08-12T00:44:27.682314,0.3796166533004582,0.007555260622635577,0.0,False,0,0.0,False,0.0,-8.630594827759126,-3.5700689532120577,-0.25770196536319645,UP,0.15384721755981445,0.9558477496386928,0.03774134527284009,NORMAL,STABLE,NORMAL,NO_ACTION,False,0.0
2026-08-12T00:44:27.714703,0.3805940932179416,0.030343616409796006,0.0,False,0,0.0,False,0.0,-8.08346232451791,-3.780046178346282,-0.28677814005953906,UP,0.18623638153076172,0.9617410017697923,0.037388480599095386,NORMAL,STABLE,NORMAL,NO_ACTION,False,0.0
2026-08-12T00:44:27.746953,0.3707537382528446,0.0064316242234151435,0.0,False,0,0.0,False,0.0,-7.341425385688666,-2.7138244863689636,-0.6272295578450837,UP,0.21848678588867188,0.9592537409060845,0.03621291049443211,NORMAL,STABLE,NORMAL,NO_ACTION,False,0.0
2026-08-12T00:44:27.778618,0.36889302018389514,0.00394541852189516,0.0,False,0,0.0,False,0.0,-7.552074116473108,-1.6417293485931168,-0.5407243932767187,UP,0.2501516342163086,0.9565202707047326,0.03554751895329198,NORMAL,STABLE,NORMAL,NO_ACTION,False,0.0
2026-08-12T00:44:27.823702,0.3811636958373883,0.011158193114369016,0.0,False,0,0.0,False,0.0,-7.0551965124202525,-3.489108385187393,-0.45638173219902,UP,0.29523563385009766,0.962419326713453,0.036334637453750956,NORMAL,STABLE,NORMAL,NO_ACTION,False,0.0
2026-08-12T00:44:27.861784,0.3904258426808003,0.0059126365511556695,0.0,False,0,0.0,False,0.0,-5.939959424453207,-3.11450361809338,-0.37473840438352113,UP,0.33331751823425293,0.9594198281035665,0.03488839822728756,NORMAL,STABLE,NORMAL,NO_ACTION,False,0.0
2026-08-12T00:44:27.900883,0.3861150432908982,0.009962301189594082,0.0,False,0,0.0,False,0.0,-6.4481650657492935,-2.661631437166733,-0.46457589652072784,UP,0.37241625785827637,0.9593553998567019,0.03514126310011186,NORMAL,STABLE,NORMAL,NO_ACTION,False,0.0
2026-08-12T00:44:27.956686,0.37703897447403467,0.010620389709962432,0.0,False,0,0.0,False,0.0,-7.434089721216026,-3.1188472916352907,-0.5370485966197975,UP,0.4282193183898926,0.9589326277128649,0.036512613612263614,NORMAL,STABLE,NORMAL,NO_ACTION,False,0.0
2026-08-12T00:44:27.999774,0.3699853275862506,0.020805925920563045,0.0,False,0,0.0,False,0.0,-7.139095437994484,-3.5027308901478023,-0.2661367220854345,UP,0.47130680084228516,0.9654156631209582,0.03624056340409365,NORMAL,STABLE,NORMAL,NO_ACTION,False,0.0
2026-08-12T00:44:28.039346,0.37198464988414714,0.006979736586012453,0.0,False,0,0.0,False,0.0,-8.435084304456154,-5.42213135840035,0.02696529365161382,UP,0.5108788013458252,0.9647584845923968,0.03475884705714485,NORMAL,STABLE,NORMAL,NO_ACTION,False,0.0
2026-08-12T00:44:28.072562,0.37692496890198673,0.01337371275873348,0.0,False,0,0.0,False,0.0,-6.8063648980165965,-4.528510280611727,-0.012958418342776667,CENTER,0.0,0.9591131074857927,0.00999730339872299,NORMAL,STABLE,NORMAL,NO_ACTION,False,0.0
2026-08-12T00:44:28.120221,0.3762301781536698,0.01402097235185526,0.0,False,0,0.0,False,0.0,-7.444615883479685,-2.7954481752986453,-0.3449669156333641,CENTER,0.0,0.9647382751261512,0.00967481150990902,NORMAL,STABLE,NORMAL,NO_ACTION,False,0.0
2026-08-12T00:44:28.142748,0.38037303443128045,0.030838485471105136,0.0,False,0,0.0,False,0.0,-6.601968149832516,-1.8249372466937075,-0.6249424254304188,CENTER,0.0,0.9627052132324124,0.008411847006449999,NORMAL,STABLE,NORMAL,NO_ACTION,False,0.0
2026-08-12T00:44:28.178450,0.408747328234635,0.012497100522210479,0.0,False,0,0.0,False,0.0,-7.889197515940509,-0.782522021581201,-0.5638791179171392,CENTER,0.0,0.9591950124314129,0.008846701742740604,NORMAL,STABLE,NORMAL,NO_ACTION,False,0.0
2026-08-12T00:44:28.213933,0.4067076096684361,0.04808138515358974,0.0,False,0,0.0,False,0.0,-7.652813175701027,-3.0754844289940024,-0.3735329532413516,CENTER,0.0,0.9648699164400842,0.010112050049604217,NORMAL,STABLE,NORMAL,NO_ACTION,False,0.0
2026-08-12T00:44:28.241327,0.39316753817921335,0.03643203521143908,0.0,False,0,0.0,False,0.0,10.93647058825269,-6.778713889502427,178.15811733937556,CENTER,0.0,0.9293390114806854,0.04723842038036034,NORMAL,STABLE,NORMAL,NO_ACTION,False,0.0
2026-08-12T00:44:28.273527,0.38636385866379674,0.008695801719417556,0.0,False,0,0.0,False,0.0,11.868638792099347,-7.48234938720401,178.0393691018486,CENTER,0.0,0.9256616961427918,0.04836858350206016,NORMAL,STABLE,NORMAL,NO_ACTION,False,0.0
2026-08-12T00:44:28.299270,0.40608265619800793,0.012453244226339345,0.0,False,0,0.0,False,0.0,12.79791273329127,-1.9916757873792221,178.94734570532364,CENTER,0.0,0.9315456897163229,0.04590005877917299,NORMAL,STABLE,NORMAL,NO_ACTION,False,0.0
2026-08-12T00:44:28.333562,0.39819119650247226,0.006418976974243422,0.0,False,0,0.0,False,0.0,-7.891013823637564,-2.317338155843487,-0.5456702013873667,CENTER,0.0,0.9679067758855086,0.009957161950075136,NORMAL,STABLE,NORMAL,NO_ACTION,False,0.0
2026-08-12T00:44:28.362227,0.4233181600947068,0.0020032418546712875,0.0,False,0,0.0,False,0.0,13.189850827251632,4.783012104936773,179.90977521447263,CENTER,0.0,0.9312757832530089,0.047824137796627204,NORMAL,STABLE,NORMAL,NO_ACTION,False,0.0
2026-08-12T00:44:28.396486,0.43791251948069154,0.004273437688888797,0.0,False,0,0.0,False,0.0,11.884012740028624,-7.232927802474961,177.74716679357368,CENTER,0.0,0.9267469267210056,0.04823566965441652,NORMAL,STABLE,NORMAL,NO_ACTION,False,0.0
2026-08-12T00:44:28.430081,0.4314430880433405,0.013509003159381992,0.0,False,0,0.0,False,0.0,11.548276793535791,-9.858655462704064,177.70844540457455,CENTER,0.0,0.9322462175027761,0.049500273793878294,NORMAL,STABLE,NORMAL,NO_ACTION,False,0.0
2026-08-12T00:44:28.464334,0.45844871648400215,0.00639594483771614,0.0,False,0,0.0,False,0.0,12.742374102536473,0.46814870018121724,179.3343225431356,CENTER,0.0,0.929332841256573,0.0449724965440057,NORMAL,STABLE,NORMAL,NO_ACTION,False,0.0
2026-08-12T00:44:28.492332,0.44658898806297975,0.018768344858524896,0.0,False,0,0.0,False,0.0,-6.829182232484072,-3.8544058100355016,-0.3701002377038094,CENTER,0.0,0.958746213930531,0.009874369825375533,NORMAL,STABLE,NORMAL,NO_ACTION,False,0.0
2026-08-12T00:44:28.519573,0.44972522169694645,0.020785802954392918,0.0,False,0,0.0,False,0.0,-7.154297502976277,-3.766103392447576,-0.33547061309937476,CENTER,0.0,0.9647339807772389,0.010093834205461259,NORMAL,STABLE,NORMAL,NO_ACTION,False,0.0
2026-08-12T00:44:28.553944,0.45047684727932524,0.017797740756378164,0.0,False,0,0.0,False,0.0,12.783857411805968,8.918644234744733,-179.4288987686515,CENTER,0.0,0.9292687136524063,0.04991101100566103,NORMAL,STABLE,NORMAL,NO_ACTION,False,0.0
2026-08-12T00:44:28.585229,0.445639966564826,0.0382525936449328,0.0,False,0,0.0,False,0.0,-7.202439558558751,-2.3496693499388925,-0.4158280313327225,CENTER,0.0,0.9589994373713991,0.009179972510576133,NORMAL,STABLE,NORMAL,NO_ACTION,False,0.0
2026-08-12T00:44:28.623152,0.45511233226336373,0.015592869358833273,0.0,False,0,0.0,False,0.0,-6.110941102537311,-1.8374635307449694,-0.5549289605369268,CENTER,0.0,0.9596112779859887,0.007871994899482728,NORMAL,STABLE,NORMAL,NO_ACTION,False,0.0
2026-08-12T00:44:28.655423,0.4591418073795654,0.04866871048914993,0.0,False,0,0.0,False,0.0,-6.337758873500519,-2.220909534416762,-0.4423700851619685,CENTER,0.0,0.9647626488095238,0.008265247246550419,NORMAL,STABLE,NORMAL,NO_ACTION,False,0.0
2026-08-12T00:44:28.686245,0.4516100764995563,0.053405141325179206,0.0,False,0,0.0,False,0.0,-8.3071589447419,-3.3203596783401963,-0.36866561338163706,CENTER,0.0,0.9619466230036254,0.010927373239944511,NORMAL,STABLE,NORMAL,NO_ACTION,False,0.0
2026-08-12T00:44:28.718467,0.45582677482296896,0.00536149097645181,0.0,False,0,0.0,False,0.0,-6.43608445576271,-0.458737643030247,-0.7105585563957391,CENTER,0.0,0.9588342350700569,0.007330551880277383,NORMAL,STABLE,NORMAL,NO_ACTION,False,0.0
2026-08-12T00:44:28.754601,0.4439685679484378,0.01985260665705779,0.0,False,0,0.0,False,0.0,-6.085681526421183,-2.751449689975459,-0.6120315408198849,CENTER,0.0,0.9647449899262689,0.008573991595257046,NORMAL,STABLE,NORMAL,NO_ACTION,False,0.0
2026-08-12T00:44:28.791883,0.43481874132026377,0.017185863529670633,0.0,False,0,0.0,False,0.0,-7.071735970135734,-3.5463812828841697,-0.4294519816607192,CENTER,0.0,0.9622449371080738,0.009943741409325094,NORMAL,STABLE,NORMAL,NO_ACTION,False,0.0
2026-08-12T00:44:28.827230,0.4517039388870998,0.02255891174558247,0.0,False,0,0.0,False,0.0,-6.702559172413032,-4.705143261132406,0.00018192138963968318,CENTER,0.0,0.9589987216465804,0.010012856143893084,NORMAL,STABLE,NORMAL,NO_ACTION,False,0.0
2026-08-12T00:44:28.856467,0.44749211868000727,0.011348201326947983,0.0,False,0,0.0,False,0.0,11.210400026731804,0.13491003907762433,179.02734264832623,CENTER,0.0,0.9319005969859437,0.04359305392897062,NORMAL,STABLE,NORMAL,NO_ACTION,False,0.0
2026-08-12T00:44:28.897039,0.46497613542805893,0.04189636954706703,0.0,False,0,0.0,False,0.0,-7.31954139807678,-1.2086731571675955,-0.9429796984106531,CENTER,0.0,0.962406027245003,0.008973000416796197,NORMAL,STABLE,NORMAL,NO_ACTION,False,0.0
2026-08-12T00:44:28.932894,0.4382287611864124,0.016132844198501892,0.0,False,0,0.0,False,0.0,-6.278156669836079,-3.9525274754400357,-0.2232242049465185,CENTER,0.0,0.9583105977794925,0.00926340667402244,NORMAL,STABLE,NORMAL,NO_ACTION,False,0.0
2026-08-12T00:44:28.968507,0.43528299640531126,0.010233825360936128,0.0,False,0,0.0,False,0.0,-7.188146464125111,-3.24776096538875,-0.47861541349286085,CENTER,0.0,0.9588031856261023,0.009886598450886325,NORMAL,STABLE,NORMAL,NO_ACTION,False,0.0
2026-08-12T00:44:29.006550,0.4242257973006936,0.019796813689204124,0.0,False,0,0.0,False,0.0,-7.81808840072955,-3.5257665390392674,-0.15746180040491708,CENTER,0.0,0.9641598783803644,0.010392831705087393,NORMAL,STABLE,NORMAL,NO_ACTION,False,0.0
2026-08-12T00:44:29.037934,0.4600697916468316,0.05411027813363891,0.0,False,0,0.0,False,0.0,-7.577531184553834,-1.9788315936404217,-0.5327829972455902,CENTER,0.0,0.9621571111662258,0.009389317404500651,NORMAL,STABLE,NORMAL,NO_ACTION,False,0.0
2026-08-12T00:44:29.073226,0.42927263158432494,0.0807254702859595,0.0,False,0,0.0,False,0.0,-7.07171778554229,-0.48369420018440223,-0.9623047001980183,CENTER,0.0,0.9589239739491476,0.00821727723324465,NORMAL,STABLE,NORMAL,NO_ACTION,False,0.0
2026-08-12T00:44:29.111359,0.4246583785040493,0.009767504890476895,0.0,False,0,0.0,False,0.0,-8.115538715162955,-6.156794739485804,-0.009570749622412222,CENTER,0.0,0.9643483092053694,0.012470277909680546,NORMAL,STABLE,NORMAL,NO_ACTION,False,0.0
2026-08-12T00:44:29.150373,0.4393870526336656,0.018757485570984427,0.0,False,0,0.0,False,0.0,-7.272855147061279,-1.060981266764685,-0.7355588126045234,CENTER,0.0,0.9617770482742996,0.008615925084809628,NORMAL,STABLE,NORMAL,NO_ACTION,False,0.0
2026-08-12T00:44:29.183923,0.44167610655470996,0.007441425172774715,0.0,False,0,0.0,False,0.0,-8.303474157765464,-0.16760534852852516,-1.1174132049389982,CENTER,0.0,0.9583571719454245,0.009342493816870757,NORMAL,STABLE,NORMAL,NO_ACTION,False,0.0
2026-08-12T00:44:29.208821,0.4411278767117851,0.016193012333077995,0.0,False,0,0.0,False,0.0,-6.104456851616533,-4.109839403227511,-0.40133613706848337,CENTER,0.0,0.964826543516069,0.009383186015836603,NORMAL,STABLE,NORMAL,NO_ACTION,False,0.0
2026-08-12T00:44:29.248344,0.43810250342777723,0.02736423168750976,0.0,False,0,0.0,False,0.0,-6.069691522001023,-1.482685657860145,-1.055111846367197,CENTER,0.0,0.96831013236699,0.008060721842285703,NORMAL,STABLE,NORMAL,NO_ACTION,False,0.0
2026-08-12T00:44:29.284694,0.4412456898713647,0.05382990016436506,0.0,False,0,0.0,False,0.0,-6.202321277143909,-3.750648700280493,-0.27879117708303625,CENTER,0.0,0.9644729624424359,0.009095399483038625,NORMAL,STABLE,NORMAL,NO_ACTION,False,0.0
2026-08-12T00:44:29.315513,0.4134674522970221,0.024283308970997553,0.0,False,0,0.0,False,0.0,-7.661789562453663,-2.387367820249807,-0.8090886044111301,CENTER,0.0,0.9582750587889477,0.010042024421610805,NORMAL,STABLE,NORMAL,NO_ACTION,False,0.0
2026-08-12T00:44:29.347576,0.4286578926618205,0.020836274785478833,0.0,False,0,0.0,False,0.0,-6.120072943618737,-0.6213542779578916,-0.9738090125995313,CENTER,0.0,0.9643059513092789,0.007398273836263696,NORMAL,STABLE,NORMAL,NO_ACTION,False,0.0
2026-08-12T00:44:29.384039,0.4156397895960572,0.021255672036577175,0.0,False,0,0.0,False,0.0,-7.38484152282129,-1.9942303940383397,-0.7229053798500331,CENTER,0.0,0.9620373508842839,0.009398107202393934,NORMAL,STABLE,NORMAL,NO_ACTION,False,0.0
2026-08-12T00:44:29.416438,0.42100549288867206,0.025100059645177232,0.0,False,0,0.0,False,0.0,-6.219236866157729,-0.04142116776839089,-1.2625235769899632,CENTER,0.0,0.9587703533766901,0.007352208833684267,NORMAL,STABLE,NORMAL,NO_ACTION,False,0.0
2026-08-12T00:44:29.445703,0.4379367642853691,0.01738545733368502,0.0,False,0,0.0,False,0.0,-7.651569386262963,0.25227771025768675,-1.3179962673499404,CENTER,0.0,0.9651760254384676,0.008962967567899743,NORMAL,STABLE,NORMAL,NO_ACTION,False,0.0
2026-08-12T00:44:29.481566,0.4261227016650825,0.0037716165461069047,0.0,False,0,0.0,False,0.0,11.776368487644788,8.617320228261548,-179.959679623888,CENTER,0.0,0.9296515063136879,0.04895612318664399,NORMAL,STABLE,NORMAL,NO_ACTION,False,0.0
2026-08-12T00:44:29.514373,0.4303575507116099,0.010469521212648094,0.0,False,0,0.0,False,0.0,-6.254555914515976,-0.22983831113276665,-1.3678214249719645,CENTER,0.0,0.9584551481665198,0.007628111182391426,NORMAL,STABLE,NORMAL,NO_ACTION,False,0.0
2026-08-12T00:44:29.540721,0.41068198333224937,0.04723682661818974,0.0,False,0,0.0,False,0.0,-8.173072503083489,-0.8183260327106439,-1.166383295197619,CENTER,0.0,0.9644885131907702,0.009740409831118879,NORMAL,STABLE,NORMAL,NO_ACTION,False,0.0
2026-08-12T00:44:29.567244,0.4486729526250516,0.00527459364163586,0.0,False,0,0.0,False,0.0,-6.33339606030205,1.837619116194162,-1.499933743003595,CENTER,0.0,0.9676410597932589,0.009014609592431985,NORMAL,STABLE,NORMAL,NO_ACTION,False,0.0
2026-08-12T00:44:29.595496,0.433905937819821,0.0892349587293441,0.0,False,0,0.0,False,0.0,-7.286969928861083,0.19241197343680483,-1.296242497629919,CENTER,0.0,0.9642333768126593,0.008540934830276414,NORMAL,STABLE,NORMAL,NO_ACTION,False,0.0
2026-08-12T00:44:29.624558,0.4384206978418286,0.019214562898196067,0.0,False,0,0.0,False,0.0,-7.643499200519727,0.6545999259378448,-1.3822420150948176,CENTER,0.0,0.9590773472712131,0.009313232842583792,NORMAL,STABLE,NORMAL,NO_ACTION,False,0.0
2026-08-12T00:44:29.654644,0.4325589646991729,0.019150281008784856,0.0,False,0,0.0,False,0.0,-6.494876498090463,-1.3163580311523617,-0.9389358300880701,CENTER,0.0,0.9646902304710464,0.008241045699341799,NORMAL,STABLE,NORMAL,NO_ACTION,False,0.0
2026-08-12T00:44:29.682601,0.4250519342175318,0.04196744644419862,0.0,False,0,0.0,False,0.0,-8.25489957428519,-1.7757369187021368,-0.8208456092359029,CENTER,0.0,0.9615954363548402,0.01018504383793436,NORMAL,STABLE,NORMAL,NO_ACTION,False,0.0
2026-08-12T00:44:29.709041,0.4202204582768071,0.09037235038493828,0.0,False,0,0.0,False,0.0,-7.450280214169538,-4.651851632654683,-0.4594132855264377,CENTER,0.0,0.958351758463159,0.011154890764410631,NORMAL,STABLE,NORMAL,NO_ACTION,False,0.0
2026-08-12T00:44:29.742998,0.42586632858885654,0.02679414237115672,0.0,False,0,0.0,False,0.0,-7.65829772255168,-0.22202552331609127,-1.3636551064738285,CENTER,0.0,0.9645494539057908,0.008992030685762082,NORMAL,STABLE,NORMAL,NO_ACTION,False,0.0
2026-08-12T00:44:29.770152,0.43545776576098094,0.04818040803779176,0.0,False,0,0.0,False,0.0,-7.550574312502192,1.4083103631836877,-1.6645833333511177,CENTER,0.0,0.9619135174774642,0.010051797307823997,NORMAL,STABLE,NORMAL,NO_ACTION,False,0.0
2026-08-12T00:44:29.802704,0.4320259742190476,0.018428629985956783,0.0,False,0,0.0,False,0.0,-6.921923550918848,-1.5646719618588634,-1.0643821066277894,CENTER,0.0,0.9582575170242994,0.008963981118355181,NORMAL,STABLE,NORMAL,NO_ACTION,False,0.0
2026-08-12T00:44:29.831463,0.43120815100281484,0.00825737309088916,0.0,False,0,0.0,False,0.0,-7.027891988112572,-2.2199420899195843,-1.118525380176436,CENTER,0.0,0.9593451845115617,0.009601615564925704,NORMAL,STABLE,NORMAL,NO_ACTION,False,0.0
2026-08-12T00:44:29.858858,0.440849121333478,0.012536715760456703,0.0,False,0,0.0,False,0.0,-7.674337506179285,1.3364024872365121,-1.4414782492208644,CENTER,0.0,0.9644854290674604,0.009901801345284397,NORMAL,STABLE,NORMAL,NO_ACTION,False,0.0
2026-08-12T00:44:29.890629,0.453995706576648,0.03880529827058674,0.0,False,0,0.0,False,0.0,-6.563807211520242,-0.8323227925368712,-1.0442240990880691,CENTER,0.0,0.9616293747244268,0.008056274786596096,NORMAL,STABLE,NORMAL,NO_ACTION,False,0.0
2026-08-12T00:44:29.920812,0.4498044739391716,0.04126899515782262,0.0,False,0,0.0,False,0.0,-7.321657486895248,-0.5597442219248592,-1.2520790131700608,CENTER,0.0,0.9588215732473545,0.00880127075162725,NORMAL,STABLE,NORMAL,NO_ACTION,False,0.0
2026-08-12T00:44:29.947954,0.45144284918977096,0.02231619074377705,0.0,False,0,0.0,False,0.0,-8.06242593282252,-1.459547614735186,-1.0251872229956405,CENTER,0.0,0.9649007316468255,0.009964585988354726,NORMAL,STABLE,NORMAL,NO_ACTION,False,0.0
2026-08-12T00:44:29.984490,0.47022352245590204,0.04095273707458425,0.0,False,0,0.0,False,0.0,-7.19308554052634,-1.3291164755094371,-1.098014638059226,CENTER,0.0,0.9622777693574858,0.009089369764967584,NORMAL,STABLE,NORMAL,NO_ACTION,False,0.0
2026-08-12T00:44:30.021129,0.4379501435229849,0.010345475889422218,0.0,False,0,0.0,False,0.0,-7.303545026610777,-0.5251137882928276,-1.2032462333600904,CENTER,0.0,0.9587807118667939,0.00871033919116805,NORMAL,STABLE,NORMAL,NO_ACTION,False,0.0
2026-08-12T00:44:30.050764,0.4488652107353952,0.030118747873140388,0.0,False,0,0.0,False,0.0,-6.742616376194093,-0.31911746657758044,-1.2499087137230447,CENTER,0.0,0.9641519923941798,0.008055873341467495,NORMAL,STABLE,NORMAL,NO_ACTION,False,0.0
2026-08-12T00:44:30.081717,0.4395224935990988,0.0413016870311196,0.0,False,0,0.0,False,0.0,-7.758779743261698,-3.0317920154076603,-0.6352434019484576,CENTER,0.0,0.9666042998603762,0.010439797729445702,NORMAL,STABLE,NORMAL,NO_ACTION,False,0.0
2026-08-12T00:44:30.110010,0.46119518802695236,0.004269221113727019,0.0,False,0,0.0,False,0.0,12.455168642773884,0.1394260209377478,179.06632703053083,CENTER,0.0,0.9305139679248114,0.04455930122693355,NORMAL,STABLE,NORMAL,NO_ACTION,False,0.0
2026-08-12T00:44:30.137420,0.44898893695250225,0.040336062928868044,0.0,False,0,0.0,False,0.0,-7.466432644869542,1.9770014865075893,-1.4769036413735819,CENTER,0.0,0.9648087675142073,0.010203187008025414,NORMAL,STABLE,NORMAL,NO_ACTION,False,0.0
2026-08-12T00:44:30.166644,0.4483237617839825,0.04207613381428559,0.0,False,0,0.0,False,0.0,-7.080203230044276,-0.618765270218887,-1.1078539804164507,CENTER,0.0,0.9679722972393691,0.008467156362588346,NORMAL,STABLE,NORMAL,NO_ACTION,False,0.0
2026-08-12T00:44:30.193961,0.45828622240514727,0.026096745272743853,0.0,False,0,0.0,False,0.0,-7.874261983192497,-2.3013460593357706,-0.6957845594127718,CENTER,0.0,0.9648129707708701,0.010075935646822663,NORMAL,STABLE,NORMAL,NO_ACTION,False,0.0
2026-08-12T00:44:30.227215,0.4563339333385964,0.0148520761648098,0.0,False,0,0.0,False,0.0,-7.27847281274606,0.48891993961873936,-1.3820970501730017,CENTER,0.0,0.9588576327650402,0.00883426510307366,NORMAL,STABLE,NORMAL,NO_ACTION,False,0.0
2026-08-12T00:44:30.258466,0.45227299058133946,0.02034116823410778,0.0,False,0,0.0,False,0.0,-8.32174974489348,-3.7478229925181097,-0.6095664353240409,CENTER,0.0,0.9645036735437488,0.01149114607948505,NORMAL,STABLE,NORMAL,NO_ACTION,False,0.0
2026-08-12T00:44:30.290868,0.4584536834030618,0.028675130623525124,0.0,False,0,0.0,False,0.0,-5.918354174266,0.29013545994649803,-1.3570967122051627,CENTER,0.0,0.9621055139133843,0.007332857743044524,NORMAL,STABLE,NORMAL,NO_ACTION,False,0.0
2026-08-12T00:44:30.324022,0.4628878371714763,0.03523965130807585,0.0,False,0,0.0,False,0.0,-6.7200981514083935,0.26097581908294387,-1.4670890470567315,CENTER,0.0,0.9581589812365275,0.008203699775376794,NORMAL,STABLE,NORMAL,NO_ACTION,False,0.0
2026-08-12T00:44:30.387677,0.4566173275546895,0.0263695095387906,0.0,False,0,0.0,False,0.0,-6.49498679437616,-1.6140727392405552,-0.9090150260809367,CENTER,0.0,0.9677545607363315,0.008430384889606872,NORMAL,STABLE,NORMAL,NO_ACTION,False,0.0
2026-08-12T00:44:30.419332,0.4584373486029943,0.05523028299443774,0.0,False,0,0.0,False,0.0,-7.512709453600422,0.639047721588355,-1.2417553309731204,CENTER,0.0,0.9644743808788948,0.009036341274084805,NORMAL,STABLE,NORMAL,NO_ACTION,False,0.0
2026-08-12T00:44:30.450408,0.4703435275203893,0.020015106576607055,0.0,False,0,0.0,False,0.0,-6.648581933290501,-0.4830161838832794,-1.0008272603814987,CENTER,0.0,0.9585169477513228,0.007840388987548777,NORMAL,STABLE,NORMAL,NO_ACTION,False,0.0
2026-08-12T00:44:30.482874,0.48021949366063266,0.06489034860632117,0.0,False,0,0.0,False,0.0,-6.312861165093864,-1.936902037441655,-0.9140223572029527,CENTER,0.0,0.9638410685197432,0.008493998844844532,NORMAL,STABLE,NORMAL,NO_ACTION,False,0.0
2026-08-12T00:44:30.511532,0.4647824290362026,0.04935626051631098,0.0,False,0,0.0,False,0.0,-7.346054624790185,-2.850333440698506,-0.7778696383131489,CENTER,0.0,0.9638517002865962,0.010042288954166952,NORMAL,STABLE,NORMAL,NO_ACTION,False,0.0
2026-08-12T00:44:30.544737,0.4862410265275764,0.013663509577588745,0.0,False,0,0.0,False,0.0,-6.847577324502566,-1.468004378503224,-0.8797620973749645,CENTER,0.0,0.9612622599451303,0.008639600660555129,NORMAL,STABLE,NORMAL,NO_ACTION,False,0.0
2026-08-12T00:44:30.574745,0.4755341109266028,0.004033289445831571,0.0,False,0,0.0,False,0.0,12.828416232333268,-1.8735258107320192,178.7009203316495,CENTER,0.0,0.9251088013357134,0.04585507428514842,NORMAL,STABLE,NORMAL,NO_ACTION,False,0.0
2026-08-12T00:44:30.603712,0.48227400161143574,0.007589121410106988,0.0,False,0,0.0,False,0.0,12.238832768131914,6.868344241195189,-179.8223420579866,CENTER,0.0,0.9312968323882194,0.048298671000192785,NORMAL,STABLE,NORMAL,NO_ACTION,False,0.0
2026-08-12T00:44:30.633903,0.4901711838024029,0.016321989899883718,0.0,False,0,0.0,False,0.0,-6.909976142823808,-2.190603884076239,-0.456712746843408,CENTER,0.0,0.9619416129298941,0.00881702374551469,NORMAL,STABLE,NORMAL,NO_ACTION,False,0.0
2026-08-12T00:44:30.665478,0.4853620395269136,0.006158703106854139,0.0,False,0,0.0,False,0.0,11.392368459692875,8.320060174016731,-179.65834314926533,CENTER,0.0,0.9251940032083862,0.04848626267291007,NORMAL,STABLE,NORMAL,NO_ACTION,False,0.0
2026-08-12T00:44:30.699732,0.4813233624867309,0.03023604030874224,0.0,False,0,0.0,False,0.0,-7.083109594224368,-3.290229071829401,-0.4169493792438175,CENTER,0.0,0.9641526040135705,0.009754629637565723,NORMAL,STABLE,NORMAL,NO_ACTION,False,0.0
2026-08-12T00:44:30.732090,0.4805378842019395,0.02108608075481381,0.0,False,0,0.0,False,0.0,-6.450976188185535,-2.3398302850536083,-0.8902539637778943,CENTER,0.0,0.9675995087142367,0.008901636348599614,NORMAL,STABLE,NORMAL,NO_ACTION,False,0.0
2026-08-12T00:44:30.786205,0.4657311739749805,0.034078743109647584,0.0,False,0,0.0,False,0.0,-7.040435601464907,-1.4609975104319801,-0.9243337012574386,CENTER,0.0,0.9587441578483246,0.008866811702958619,NORMAL,STABLE,NORMAL,NO_ACTION,False,0.0
2026-08-12T00:44:30.817541,0.4758908000449935,0.02068275523892477,0.0,False,0,0.0,False,0.0,-6.408221067824655,-1.9445114769831378,-0.820012563591149,CENTER,0.0,0.9651295553779641,0.008500905157256176,NORMAL,STABLE,NORMAL,NO_ACTION,False,0.0
2026-08-12T00:44:30.852608,0.4850968672858538,0.01995485420386569,0.0,False,0,0.0,False,0.0,-6.528370567635136,-1.8957179982157584,-0.5717282395787038,CENTER,0.0,0.9626149277998237,0.008339697002136671,NORMAL,STABLE,NORMAL,NO_ACTION,False,0.0
2026-08-12T00:44:30.884081,0.4799904446623282,0.036597241719540714,0.0,False,0,0.0,False,0.0,-6.138554400387619,-2.411102554688938,-0.7646653246438859,CENTER,0.0,0.9586119439545365,0.008525301590908365,NORMAL,STABLE,NORMAL,NO_ACTION,False,0.0
2026-08-12T00:44:30.915964,0.49089414509546514,0.016457345648328757,0.0,False,0,0.0,False,0.0,-6.791651089200769,-2.7795434970904296,-0.46243399018024434,CENTER,0.0,0.9647240256956691,0.009139088763067217,NORMAL,STABLE,NORMAL,NO_ACTION,False,0.0
2026-08-12T00:44:30.950272,0.49104280390527033,0.017845977036475197,0.0,False,0,0.0,False,0.0,-5.966861130258991,-6.139748990499186,-0.1057429576238178,CENTER,0.0,0.9617211566725457,0.010449142261355281,NORMAL,STABLE,NORMAL,NO_ACTION,False,0.0
2026-08-12T00:44:30.979225,0.4854384634838016,0.03491845523383803,0.0,False,0,0.0,False,0.0,13.06572458407598,0.43345203517699815,178.81531252494835,CENTER,0.0,0.9254330208511946,0.0452026700571599,NORMAL,STABLE,NORMAL,NO_ACTION,False,0.0
2026-08-12T00:44:31.010297,0.48588395032021636,0.03744243825249429,0.0,False,0,0.0,False,0.0,-6.085740328353154,-4.882657109151268,-0.5194974264616405,CENTER,0.0,0.9649164775928375,0.010047726409727281,NORMAL,STABLE,NORMAL,NO_ACTION,False,0.0
2026-08-12T00:44:31.035880,0.47950310885249925,0.03526323601263867,0.0,False,0,0.0,False,0.0,-6.703746864854537,-5.596485809758377,-0.44010794671922326,CENTER,0.0,0.964920797968107,0.011098754079765362,NORMAL,STABLE,NORMAL,NO_ACTION,False,0.0
2026-08-12T00:44:31.065666,0.4717685548728443,0.06453573880302708,0.0,False,0,0.0,False,0.0,-7.133295037068109,-7.2202327974467835,0.05707354769069184,CENTER,0.0,0.9685204383450913,0.012336047980801757,NORMAL,STABLE,NORMAL,NO_ACTION,False,0.0
2026-08-12T00:44:31.095308,0.4850743472923098,0.00961391161987968,0.0,False,0,0.0,False,0.0,12.076416762106192,-9.10982521705327,177.45300822318217,CENTER,0.0,0.9312385231420244,0.04947435348115512,NORMAL,STABLE,NORMAL,NO_ACTION,False,0.0
2026-08-12T00:44:31.132444,0.48386283746636455,0.017972137618558374,0.0,False,0,0.0,False,0.0,-6.043937754223009,-5.389141418055772,-0.3506901636497446,CENTER,0.0,0.9583230513913383,0.010213361318758624,NORMAL,STABLE,NORMAL,NO_ACTION,False,0.0
2026-08-12T00:44:31.187905,0.4680823508878892,0.029179195572251706,0.0,False,0,0.0,False,0.0,12.339168539023461,-6.663414062723945,178.35460596812175,CENTER,0.0,0.9286176104920922,0.04825736144247378,NORMAL,STABLE,NORMAL,NO_ACTION,False,0.0
2026-08-12T00:44:31.226511,0.4665626902363264,0.02065210639254043,0.0,False,0,0.0,False,0.0,12.64401471885003,-2.528210200181377,178.92643904517138,CENTER,0.0,0.9255466359147396,0.046092434756888505,NORMAL,STABLE,NORMAL,NO_ACTION,False,0.0
2026-08-12T00:44:31.252278,0.44898875865522225,0.0401212390894936,0.0,False,0,0.0,False,0.0,-7.145369893434776,-2.482601457929775,-0.2479296328824887,CENTER,0.0,0.9654466344858418,0.009057381666436293,NORMAL,STABLE,NORMAL,NO_ACTION,False,0.0
2026-08-12T00:44:31.282998,0.4599248440518764,0.04024188033779397,0.0,False,0,0.0,False,0.0,-7.40241647413967,-1.43738798778287,-0.5437885712400146,CENTER,0.0,0.9629763297937488,0.008831315753599736,NORMAL,STABLE,NORMAL,NO_ACTION,False,0.0
2026-08-12T00:44:31.314663,0.4319568050172279,0.010627601080184037,0.0,False,0,0.0,False,0.0,11.639869014411175,-6.413808540987304,178.24645374333124,CENTER,0.0,0.9255202333875293,0.04757108340938895,NORMAL,STABLE,NORMAL,NO_ACTION,False,0.0
2026-08-12T00:44:31.346410,0.44466491734612457,0.00916756403025999,0.0,False,0,0.0,False,0.0,-6.8724743539974895,-1.1144328039445952,-0.517656100916895,CENTER,0.0,0.9644833599720751,0.008050091520050196,NORMAL,STABLE,NORMAL,NO_ACTION,False,0.0
2026-08-12T00:44:31.379611,0.44625445310459977,0.0074228337636470226,0.0,False,0,0.0,False,0.0,12.649460862683156,6.145826197216138,-179.34556118176735,CENTER,0.0,0.9348259366809353,0.04819705703177594,NORMAL,STABLE,NORMAL,NO_ACTION,False,0.0
2026-08-12T00:44:31.412641,0.44353989314099096,0.02656339478546812,0.0,False,0,0.0,False,0.0,-5.848723428894317,-2.9304304468345777,-0.08745928103877532,CENTER,0.0,0.9647249626445228,0.007960107805312207,NORMAL,STABLE,NORMAL,NO_ACTION,False,0.0
2026-08-12T00:44:31.442817,0.4251576526204689,0.01876805868187549,0.0,False,0,0.0,False,0.0,-6.869611488360704,-0.8738612834376909,-0.5960105062454772,CENTER,0.0,0.9599880745701058,0.007947397880412365,NORMAL,STABLE,NORMAL,NO_ACTION,False,0.0
2026-08-12T00:44:31.474155,0.41914167170642347,0.05466599984910753,0.0,False,0,0.0,False,0.0,-6.195529940189488,-4.2260967238231615,0.12666931451568075,CENTER,0.0,0.9655910157015481,0.009288846233697908,NORMAL,STABLE,NORMAL,NO_ACTION,False,0.0
2026-08-12T00:44:31.506733,0.43989719175634734,0.09173497481706666,0.0,False,0,0.0,False,0.0,10.819817060734323,3.2750320929370105,179.86588848106976,CENTER,0.0,0.9290557089707239,0.04511385878545622,NORMAL,STABLE,NORMAL,NO_ACTION,False,0.0
2026-08-12T00:44:31.539748,0.4645956315770762,0.03297959754646705,0.0,False,0,0.0,False,0.0,-7.504439189981838,-1.436432660155674,-0.3720847834001688,CENTER,0.0,0.9582665741965511,0.00876242322271032,NORMAL,STABLE,NORMAL,NO_ACTION,False,0.0
2026-08-12T00:44:31.570947,0.43815833558119865,0.04198323756007886,0.0,False,0,0.0,False,0.0,-6.878182385540185,-5.088663798385568,0.3294852884501438,CENTER,0.0,0.96440237896213,0.010788478756107615,NORMAL,STABLE,NORMAL,NO_ACTION,False,0.0
2026-08-12T00:44:31.602498,0.42424438096469685,0.07770381149620467,0.0,False,0,0.0,False,0.0,12.768899709349597,-3.07095431086222,179.07170402756992,CENTER,0.0,0.9343423595036008,0.046504233218911756,NORMAL,STABLE,NORMAL,NO_ACTION,False,0.0
2026-08-12T00:44:31.634642,0.43854416211564445,0.030818254793889787,0.0,False,0,0.0,False,0.0,-5.775282700194509,-1.5029476303421632,-0.0675358268277364,CENTER,0.0,0.9645019167646484,0.00682101627876583,NORMAL,STABLE,NORMAL,NO_ACTION,False,0.0
2026-08-12T00:44:31.683355,0.43421892620983554,0.04674673202078373,0.0,False,0,0.0,False,0.0,-7.074654973140298,-3.5533254315348586,0.0359431871628999,CENTER,0.0,0.9651218645894571,0.009566598843827644,NORMAL,STABLE,NORMAL,NO_ACTION,False,0.0
2026-08-12T00:44:31.715499,0.4464098409381104,0.013501437813948618,0.0,False,0,0.0,False,0.0,12.82606328082744,-10.829719484258419,177.8794703799266,CENTER,0.0,0.9344887735181306,0.05105326424408029,NORMAL,STABLE,NORMAL,NO_ACTION,False,0.0
2026-08-12T00:44:31.749013,0.45819882782323906,0.05075922780769283,0.0,False,0,0.0,False,0.0,12.281385540284873,6.148428346812466,-179.62430602120372,CENTER,0.0,0.9308127274116735,0.04791362598759271,NORMAL,STABLE,NORMAL,NO_ACTION,False,0.0
2026-08-12T00:44:31.838895,0.4194391021687529,0.07515126895017511,0.0,False,0,0.0,False,0.0,-7.887769623110245,-3.5430359207154254,0.1348810385599961,CENTER,0.0,0.959094433574613,0.010451600333385165,NORMAL,STABLE,NORMAL,NO_ACTION,False,0.0
2026-08-12T00:44:31.872771,0.4329270488407083,0.023740546355468288,0.0,False,0,0.0,False,0.0,-7.147085412849179,-3.1316170440166218,-0.1055884966003191,CENTER,0.0,0.9644970107963452,0.009396117660494245,NORMAL,STABLE,NORMAL,NO_ACTION,False,0.0
2026-08-12T00:44:31.907847,0.43645523977982176,0.021679455183165632,0.0,False,0,0.0,False,0.0,-5.389121500507571,-3.295301957545206,-0.02914083555549496,CENTER,0.0,0.9624825707610719,0.007721063268208793,NORMAL,STABLE,NORMAL,NO_ACTION,False,0.0
2026-08-12T00:44:31.947351,0.42708033098092457,0.029106648469391677,0.0,False,0,0.0,False,0.0,13.104045846959167,-9.380291740832888,177.97796746722986,CENTER,0.0,0.9271363671390195,0.05042691659513654,NORMAL,STABLE,NORMAL,NO_ACTION,False,0.0
2026-08-12T00:44:31.989038,0.392963312718776,0.015000041735979158,0.0,False,0,0.0,False,0.0,-5.865326287222359,-3.9128747776928776,0.04774757233269611,CENTER,0.0,0.9654450989307761,0.008658573415892901,NORMAL,STABLE,NORMAL,NO_ACTION,False,0.0
2026-08-12T00:44:32.021486,0.43682447706505556,0.016695208964643014,0.0,False,0,0.0,False,0.0,12.679631910912292,-10.667694625100552,177.6384903515501,CENTER,0.0,0.9348651823222859,0.05084583339428475,NORMAL,STABLE,NORMAL,NO_ACTION,False,0.0
2026-08-12T00:44:32.053511,0.41229568119757254,0.027784975660514747,0.0,False,0,0.0,False,0.0,12.257887713694117,-9.645260830870484,178.0680785685381,CENTER,0.0,0.9317237088502883,0.04992571405418268,NORMAL,STABLE,NORMAL,NO_ACTION,False,0.0
2026-08-12T00:44:32.090778,0.41349129667553175,0.03627546659949255,0.0,False,0,0.0,False,0.0,-6.328006569777955,-5.341734239676782,0.46555777451601443,CENTER,0.0,0.965405096419998,0.010568973600773126,NORMAL,STABLE,NORMAL,NO_ACTION,False,0.0
2026-08-12T00:44:32.133508,0.4160705478308824,0.034960978462891826,0.0,False,0,0.0,False,0.0,-6.8935124679952935,-6.362539818162276,0.4669651304534739,CENTER,0.0,0.9650976080246912,0.011873003011661862,NORMAL,STABLE,NORMAL,NO_ACTION,False,0.0
2026-08-12T00:44:32.176257,0.40887320618503764,0.00998344425726498,0.0,False,0,0.0,False,0.0,-6.602497879833976,-3.249772100726915,0.14718477362023918,CENTER,0.0,0.9626998387896825,0.008990601661923536,NORMAL,STABLE,NORMAL,NO_ACTION,False,0.0
2026-08-12T00:44:32.221464,0.42249054215832776,0.06503273758199453,0.0,False,0,0.0,False,0.0,-6.371670513410095,-4.161754635499506,-0.07911607823788813,CENTER,0.0,0.959351912324858,0.009367459604602828,NORMAL,STABLE,NORMAL,NO_ACTION,False,0.0
2026-08-12T00:44:32.244117,0.4070041464992807,0.01269413172895542,0.0,False,0,0.0,False,0.0,12.249353359530375,-9.77799500641757,177.8395001868048,CENTER,0.0,0.9327638754291796,0.04999617340398648,NORMAL,STABLE,NORMAL,NO_ACTION,False,0.0
2026-08-12T00:44:32.281047,0.4084675558416817,0.035642627078755186,0.0,False,0,0.0,False,0.0,-6.701381850520477,-3.004328594519592,-0.3903141576547853,CENTER,0.0,0.9690819179587989,0.009145155969801597,NORMAL,STABLE,NORMAL,NO_ACTION,False,0.0
2026-08-12T00:44:32.311563,0.4283129861630771,0.04652391487655487,0.0,False,0,0.0,False,0.0,-7.141973157828687,-2.7999261278604024,-0.2711642866451598,CENTER,0.0,0.9659184793258868,0.009309700882625635,NORMAL,STABLE,NORMAL,NO_ACTION,False,0.0
2026-08-12T00:44:32.343940,0.41504174323738274,0.06413859965844221,0.0,False,0,0.0,False,0.0,13.744631150424397,-10.21051122830849,177.65757570997187,CENTER,0.0,0.9266615237819665,0.051404849008829016,NORMAL,STABLE,NORMAL,NO_ACTION,False,0.0
2026-08-12T00:44:32.370729,0.4136468680619854,0.005680854476590772,0.0,False,0,0.0,False,0.0,12.110994319400191,-6.164445702464775,178.92681141751524,CENTER,0.0,0.9314917662302403,0.04779101906942246,NORMAL,STABLE,NORMAL,NO_ACTION,False,0.0
2026-08-12T00:44:32.413118,0.42952682317997964,0.029909475725255232,0.0,False,0,0.0,False,0.0,12.862553203341065,-9.08793010463637,177.80852134534007,CENTER,0.0,0.9294826608326803,0.05007022080796324,NORMAL,STABLE,NORMAL,NO_ACTION,False,0.0
2026-08-12T00:44:32.446306,0.43794491168151173,0.04294045821965927,0.0,False,0,0.0,False,0.0,11.017213749975951,8.10470533465184,-179.5483202158216,CENTER,0.0,0.9264971645942541,0.048070804257870164,NORMAL,STABLE,NORMAL,NO_ACTION,False,0.0
2026-08-12T00:44:32.479227,0.401046347383864,0.02200246500761901,0.0,False,0,0.0,False,0.0,11.817457885561595,-5.296045497832296,178.37085224053396,CENTER,0.0,0.9326989686928441,0.04705958318296324,NORMAL,STABLE,NORMAL,NO_ACTION,False,0.0
2026-08-12T00:44:32.511231,0.4181959223837237,0.013994651953053024,0.0,False,0,0.0,False,0.0,11.958789884583666,1.1305743573554707,179.2911840837587,CENTER,0.0,0.930408822781942,0.04475050027865802,NORMAL,STABLE,NORMAL,NO_ACTION,False,0.0
2026-08-12T00:44:32.546420,0.4169944622031455,0.08827782144663836,0.0,False,0,0.0,False,0.0,-6.738826435524743,-3.9220881309090316,0.07276613144225053,CENTER,0.0,0.9594834104938272,0.009544644884593043,NORMAL,STABLE,NORMAL,NO_ACTION,False,0.0
2026-08-12T00:44:32.573765,0.4278424165752351,0.02081978049018694,0.0,False,0,0.0,False,0.0,-7.350218263071866,-2.0260588323139075,-0.39689662002285786,CENTER,0.0,0.9652346107681755,0.009068546152912678,NORMAL,STABLE,NORMAL,NO_ACTION,False,0.0
2026-08-12T00:44:32.603823,0.40168936376336073,0.023523908849852903,0.0,False,0,0.0,False,0.0,-6.928324275424245,-1.7902438947727433,-0.6314247374493789,CENTER,0.0,0.9683747818378895,0.008712105927536235,NORMAL,STABLE,NORMAL,NO_ACTION,False,0.0
2026-08-12T00:44:32.634450,0.40804938330025686,0.013280577908276562,0.0,False,0,0.0,False,0.0,-8.03985767161467,-4.306645294793071,-0.16181552415233114,CENTER,0.0,0.9645325758132471,0.011187258594489873,NORMAL,STABLE,NORMAL,NO_ACTION,False,0.0
2026-08-12T00:44:32.667592,0.39227099833024515,0.016700471357914807,0.0,False,0,0.0,False,0.0,-7.690391455932598,-1.4024860610109045,-0.8665591455265087,CENTER,0.0,0.9596670394559573,0.009403387301552596,NORMAL,STABLE,NORMAL,NO_ACTION,False,0.0
2026-08-12T00:44:32.700105,0.39606911254066784,0.006388530400537331,0.0,False,0,0.0,False,0.0,-8.040660158078083,-3.293203913909167,-0.28249416593678234,CENTER,0.0,0.9658687819971095,0.01056231138006682,NORMAL,STABLE,NORMAL,NO_ACTION,False,0.0
2026-08-12T00:44:32.738297,0.3758083884706388,0.08092435455243875,0.0,False,0,0.0,False,0.0,11.850385654875737,-6.517470122367627,178.08326481113022,CENTER,0.0,0.9300129985068015,0.04779423922158475,NORMAL,STABLE,NORMAL,NO_ACTION,False,0.0
2026-08-12T00:44:32.770995,0.37430362770562386,0.009087220181524476,0.0,False,0,0.0,False,0.0,-7.970269185221326,-3.3960548361601752,-0.5591839702198342,CENTER,0.0,0.958922737697188,0.010839688773960915,NORMAL,STABLE,NORMAL,NO_ACTION,False,0.0
2026-08-12T00:44:32.802388,0.38905619940036096,0.0074029651056198315,0.0,False,0,0.0,False,0.0,11.869383720152399,-5.161868883578734,178.1415519843752,CENTER,0.0,0.9322438926729172,0.047021877430756136,NORMAL,STABLE,NORMAL,NO_ACTION,False,0.0
2026-08-12T00:44:32.833949,0.3978038557351066,0.05861580488984352,0.0,False,0,0.0,False,0.0,-8.247371595795585,-2.7601204636492866,-0.6273596032693547,CENTER,0.0,0.9681509551673037,0.010710831083139473,NORMAL,STABLE,NORMAL,NO_ACTION,False,0.0
2026-08-12T00:44:32.866131,0.37814020232699896,0.032237383953531255,0.0,False,0,0.0,False,0.0,-7.912093246321348,-4.5123376114965765,-0.21811830488135797,CENTER,0.0,0.9643120024372918,0.011268295835420567,NORMAL,STABLE,NORMAL,NO_ACTION,False,0.0
2026-08-12T00:44:32.898657,0.3903298393950253,0.0589457416110335,0.0,False,0,0.0,False,0.0,-6.392991131324237,-3.7150927742559645,-0.5063676590417288,CENTER,0.0,0.9653149671455517,0.009478607258638454,NORMAL,STABLE,NORMAL,NO_ACTION,False,0.0
2026-08-12T00:44:32.930843,0.3861341705947092,0.014542824582809834,0.0,False,0,0.0,False,0.0,-7.566888688462598,-3.9113298023792993,-0.13457465386022704,CENTER,0.0,0.968977305016657,0.01040759477743111,NORMAL,STABLE,NORMAL,NO_ACTION,False,0.0
2026-08-12T00:44:32.962857,0.36311690625433035,0.03937641327979331,0.0,False,0,0.0,False,0.0,-7.057563070363329,-4.918840712509109,-0.2816442678583826,CENTER,0.0,0.9646872244268077,0.010792561904836349,NORMAL,STABLE,NORMAL,NO_ACTION,False,0.0
2026-08-12T00:44:32.993839,0.389199000998584,0.022395606070618242,0.0,False,0,0.0,False,0.0,-8.448838214164965,-0.6043142887070587,-0.8182965069994736,CENTER,0.0,0.9594044855660885,0.009512557640020439,NORMAL,STABLE,NORMAL,NO_ACTION,False,0.0
2026-08-12T00:44:33.026998,0.35725218401989856,0.007114765845591539,0.0,False,0,0.0,False,0.0,-7.654547108724927,-2.949110112905686,-0.47485296890610584,CENTER,0.0,0.9648116954793747,0.010120146387385868,NORMAL,STABLE,NORMAL,NO_ACTION,False,0.0
2026-08-12T00:44:33.058556,0.3785562241182601,0.0075711910217904025,0.0,False,0,0.0,False,0.0,-7.224057626435922,-2.2973614434999945,-0.7537596621631906,CENTER,0.0,0.9626103862005192,0.009493443151604442,NORMAL,STABLE,NORMAL,NO_ACTION,False,0.0
2026-08-12T00:44:33.089686,0.38040708778146115,0.06196030066726437,0.0,False,0,0.0,False,0.0,-7.468659691803424,-2.9763603937156518,-0.48543555301711194,CENTER,0.0,0.959636939974035,0.009968590185290168,NORMAL,STABLE,NORMAL,NO_ACTION,False,0.0
2026-08-12T00:44:33.123233,0.35739822258596987,0.028911232447287098,0.0,False,0,0.0,False,0.0,-6.682844772675054,-2.1368214283770044,-0.7704061658695593,CENTER,0.0,0.9667552527312365,0.008862260699168607,NORMAL,STABLE,NORMAL,NO_ACTION,False,0.0
2026-08-12T00:44:33.155175,0.38755872587048823,0.009487362415588469,0.0,False,0,0.0,False,0.0,-8.056894748448002,-2.9745679713834647,-0.6747831527077324,CENTER,0.0,0.9631318242639134,0.010728233245710128,NORMAL,STABLE,NORMAL,NO_ACTION,False,0.0
2026-08-12T00:44:33.190636,0.37057455760357294,0.01799517966799358,0.0,False,0,0.0,False,0.0,11.045642140465532,4.929127383463197,179.76103517291688,CENTER,0.0,0.9259750203745549,0.04624905514969077,NORMAL,STABLE,NORMAL,NO_ACTION,False,0.0
2026-08-12T00:44:33.229727,0.36759144979422137,0.027527064326618177,0.0,False,0,0.0,False,0.0,11.908904757050351,-3.9917254655663044,178.21583623605835,CENTER,0.0,0.9319099842719153,0.04637308104654238,NORMAL,STABLE,NORMAL,NO_ACTION,False,0.0
2026-08-12T00:44:33.265643,0.38679122393509013,0.008769704634081782,0.0,False,0,0.0,False,0.0,-7.79365568231583,-2.8901170534238076,-0.5437763104807232,CENTER,0.0,0.9680396144118656,0.010280431886272003,NORMAL,STABLE,NORMAL,NO_ACTION,False,0.0
2026-08-12T00:44:33.299394,0.39052617408076407,0.027424491330220502,0.0,False,0,0.0,False,0.0,-6.657178088047999,-3.1985074081433424,-0.3909243559936897,CENTER,0.0,0.9649516261880268,0.009245014980573589,NORMAL,STABLE,NORMAL,NO_ACTION,False,0.0
2026-08-12T00:44:33.330972,0.38047884296707823,0.00861684506618541,0.0,False,0,0.0,False,0.0,-7.595973039730438,-1.495445761559381,-0.5811758222792776,CENTER,0.0,0.9603200667805704,0.009099934611662924,NORMAL,STABLE,NORMAL,NO_ACTION,False,0.0
2026-08-12T00:44:33.362876,0.36212024513813623,0.07861225726373568,0.0,False,0,0.0,False,0.0,11.049422065701009,-9.415740951505427,177.61150704152976,CENTER,0.0,0.9323051550813657,0.048856931935271776,NORMAL,STABLE,NORMAL,NO_ACTION,False,0.0
2026-08-12T00:44:33.395353,0.3779954358898846,0.026704789664183312,0.0,False,0,0.0,False,0.0,-8.587990908190136,-1.686046027224677,-0.892752089759,CENTER,0.0,0.9625688741610328,0.010515553126978272,NORMAL,STABLE,NORMAL,NO_ACTION,False,0.0
2026-08-12T00:44:33.433949,0.3643491772338231,0.01428592641528733,0.0,False,0,0.0,False,0.0,11.271018523277263,-3.9653399542467582,178.2307786529986,CENTER,0.0,0.925860500512362,0.04586394817455626,NORMAL,STABLE,NORMAL,NO_ACTION,False,0.0
2026-08-12T00:44:33.473168,0.36630503933294,0.0184579024936941,0.0,False,0,0.0,False,0.0,-7.846893741724983,-2.417237467677637,-0.8432322579226934,CENTER,0.0,0.9650028590718696,0.010278508228340618,NORMAL,STABLE,NORMAL,NO_ACTION,False,0.0
2026-08-12T00:44:33.508351,0.3750506933828308,0.00724608656964586,0.0,False,0,0.0,False,0.0,11.494372066842033,-2.3906092663032155,178.5462188130361,CENTER,0.0,0.9355408030126274,0.0451225584837062,NORMAL,STABLE,NORMAL,NO_ACTION,False,0.0
2026-08-12T00:44:33.546512,0.3574577981270407,0.04018754283096572,0.0,False,0,0.0,False,0.0,-7.3129768682830445,-3.789779261408313,-0.5276696893178894,CENTER,0.0,0.9657466012639624,0.010454588455852393,NORMAL,STABLE,NORMAL,NO_ACTION,False,0.0
2026-08-12T00:44:33.587282,0.36379010380238846,0.008875149515063862,0.0,False,0,0.0,False,0.0,-8.287644267131128,-1.6073207848584445,-0.8682158951042993,CENTER,0.0,0.9650952135998432,0.01013983436927359,NORMAL,STABLE,NORMAL,NO_ACTION,False,0.0
2026-08-12T00:44:33.623940,0.375664175268538,0.03152917427657375,0.0,False,0,0.0,False,0.0,11.220626386443513,2.6911376274781276,179.1482085609593,CENTER,0.0,0.9296381856669279,0.04508512926717822,NORMAL,STABLE,NORMAL,NO_ACTION,False,0.0
2026-08-12T00:44:33.664471,0.3548325301714901,0.03923206896975118,0.0,False,0,0.0,False,0.0,11.173488601060342,-5.69682451150797,177.8552953616031,CENTER,0.0,0.9263005845213599,0.04679375506731058,NORMAL,STABLE,NORMAL,NO_ACTION,False,0.0
2026-08-12T00:44:33.697275,0.35680320978521773,0.04206022908152382,0.0,False,0,0.0,False,0.0,11.296560870573188,-3.756822335892167,178.08786588719323,CENTER,0.0,0.9263138172015849,0.0457626551429187,NORMAL,STABLE,NORMAL,NO_ACTION,False,0.0
2026-08-12T00:44:33.736944,0.37865197507756565,0.02525443692862112,0.0,False,0,0.0,False,0.0,-8.732028626139396,-1.212876034168687,-1.229230689107169,CENTER,0.0,0.9655131838808054,0.010638505904196781,NORMAL,STABLE,NORMAL,NO_ACTION,False,0.0
2026-08-12T00:44:33.776416,0.35888686727220565,0.01737539912012653,0.0,False,0,0.0,False,0.0,-8.864810316072493,-0.7800501423532751,-1.056538297195857,CENTER,0.0,0.9635533861821478,0.010281769110240363,NORMAL,STABLE,NORMAL,NO_ACTION,False,0.0
2026-08-12T00:44:33.803962,0.3643066829442124,0.011002636549257342,0.0,False,0,0.0,False,0.0,-7.192895492465681,-3.948906274612824,-0.594771644713461,CENTER,0.0,0.9597143033203508,0.010519535453237269,NORMAL,STABLE,NORMAL,NO_ACTION,False,0.0
2026-08-12T00:44:33.832652,0.35327509214609754,0.027683973630678312,0.0,False,0,0.0,False,0.0,-7.234665781816574,-2.843322558460784,-0.6035669030344764,CENTER,0.0,0.9649853042940427,0.009757559458601045,NORMAL,STABLE,NORMAL,NO_ACTION,False,0.0
2026-08-12T00:44:33.864941,0.3447346692584876,0.023268972374499958,0.0,False,0,0.0,False,0.0,-8.494599863206446,-1.1280157073813655,-1.0183492908747098,CENTER,0.0,0.9682196517367235,0.010137495645138762,NORMAL,STABLE,NORMAL,NO_ACTION,False,0.0
2026-08-12T00:44:33.902347,0.36565186834570695,0.0037831054503327808,0.0,False,0,0.0,False,0.0,-7.700765322030833,-2.786831412402023,-0.8173681275800391,CENTER,0.0,0.9641086064569862,0.010381461993063917,NORMAL,STABLE,NORMAL,NO_ACTION,False,0.0
2026-08-12T00:44:33.929732,0.37082985647099925,0.023267735234526542,0.0,False,0,0.0,False,0.0,-6.081710276780541,-2.145345032768944,-0.9245446159659707,CENTER,0.0,0.9645749987752302,0.00843107706076497,NORMAL,STABLE,NORMAL,NO_ACTION,False,0.0
2026-08-12T00:44:33.962207,0.3992646088619722,0.007133531068124234,0.0,False,0,0.0,False,0.0,-7.761800726240665,-3.2405639071209293,-0.6495663536962013,CENTER,0.0,0.9691317974720752,0.010610002268413755,NORMAL,STABLE,NORMAL,NO_ACTION,False,0.0
2026-08-12T00:44:33.989484,0.36003741136308787,0.015831854569195704,0.0,False,0,0.0,False,0.0,-8.304035385828882,0.25594761468451566,-1.3793317843051796,CENTER,0.0,0.9604937666874879,0.009664202232378565,NORMAL,STABLE,NORMAL,NO_ACTION,False,0.0
2026-08-12T00:44:34.020698,0.35638353614277607,0.023449486707721845,0.0,False,0,0.0,False,0.0,-7.837012437722109,-3.645285223545784,-0.44415914365552567,CENTER,0.0,0.9658880935540369,0.010779641786169877,NORMAL,STABLE,NORMAL,NO_ACTION,False,0.0
2026-08-12T00:44:34.057040,0.333231651179956,0.01850213002112219,0.0,False,0,0.0,False,0.0,-7.1951271121978095,-3.332535473095902,-0.5108161486858478,CENTER,0.0,0.9626794861784734,0.009987163749937713,NORMAL,STABLE,NORMAL,NO_ACTION,False,0.0
2026-08-12T00:44:34.090210,0.35407359170726976,0.04388921536589952,0.0,False,0,0.0,False,0.0,12.16745322785863,-7.397038665212989,177.44239280213287,CENTER,0.0,0.9261980155413074,0.048550375900174095,NORMAL,STABLE,NORMAL,NO_ACTION,False,0.0
2026-08-12T00:44:34.131005,0.3662596397351314,0.005933357839542331,0.0,False,0,0.0,False,0.0,-8.710126727732842,1.1743181214385459,-1.4179292136453512,CENTER,0.0,0.9658784507887516,0.010773436383765607,NORMAL,STABLE,NORMAL,NO_ACTION,False,0.0
2026-08-12T00:44:34.169252,0.3542215163948006,0.03892810818820989,0.0,False,0,0.0,False,0.0,-6.89626891562088,-4.074310318891605,-0.4580031145466421,CENTER,0.0,0.9689490273797275,0.010187448208474172,NORMAL,STABLE,NORMAL,NO_ACTION,False,0.0
2026-08-12T00:44:34.204711,0.3276603253463414,0.015579263625021657,0.0,False,0,0.0,False,0.0,-7.220890051247977,-2.8121178670332654,-0.5277251461917558,CENTER,0.0,0.9650095478456299,0.009646954740310966,NORMAL,STABLE,NORMAL,NO_ACTION,False,0.0
2026-08-12T00:44:34.238969,0.34011398967544887,0.008707326743482891,0.0,False,0,0.0,False,0.0,-7.85100007363539,-2.254662973786054,-0.6421415129919126,CENTER,0.0,0.9650418725810797,0.009966411067492395,NORMAL,STABLE,NORMAL,NO_ACTION,False,0.0
2026-08-12T00:44:34.272028,0.3632801134128677,0.0037818054496636068,0.0,False,0,0.0,False,0.0,-7.945058944974079,-3.8149641313937366,-0.4893051951457039,UP,0.0,0.9595920314949539,0.037476861946901995,NORMAL,STABLE,NORMAL,NO_ACTION,False,0.0
2026-08-12T00:44:34.304155,0.35963193361406126,0.028093206969923207,0.0,False,0,0.0,False,0.0,11.836310858063484,-5.63062299469982,178.08233674998235,CENTER,0.0,0.9321676256868917,0.04726843541657907,NORMAL,STABLE,NORMAL,NO_ACTION,False,0.0
2026-08-12T00:44:34.346781,0.3661487391247574,0.012765680165604153,0.0,False,0,0.0,False,0.0,12.754843707509622,-7.5533175781233695,177.62600500489896,CENTER,0.0,0.9296619994646736,0.049095834752002125,NORMAL,STABLE,NORMAL,NO_ACTION,False,0.0
2026-08-12T00:44:34.390844,0.35924834951186746,0.04762246205907952,0.0,False,0,0.0,False,0.0,-7.560750439919474,-1.670147448050102,-0.7642617039522293,CENTER,0.0,0.9596241089800117,0.009372861750137055,NORMAL,STABLE,NORMAL,NO_ACTION,False,0.0
2026-08-12T00:44:34.424189,0.38782269804308744,0.04050915842266864,0.0,False,0,0.0,False,0.0,11.451867610607053,-5.476885252622907,178.01314196909982,CENTER,0.0,0.9301559189932188,0.04688156157125116,NORMAL,STABLE,NORMAL,NO_ACTION,False,0.0
2026-08-12T00:44:34.461394,0.3670831192543466,0.02271312052688418,0.0,False,0,0.0,False,0.0,-7.865171912939246,-2.163501337086359,-1.1058973692346967,CENTER,0.0,0.9597620616855281,0.0103672115857312,NORMAL,STABLE,NORMAL,NO_ACTION,False,0.0
2026-08-12T00:44:34.499295,0.34316941696789316,0.019025225584188937,0.0,False,0,0.0,False,0.0,-7.268781358893506,-3.618504098186065,-0.5543265442551615,CENTER,0.0,0.9661445702895356,0.010311714671653632,NORMAL,STABLE,NORMAL,NO_ACTION,False,0.0
2026-08-12T00:44:34.537950,0.3454838968556525,0.06093019406063633,0.0,False,0,0.0,False,0.0,11.551890018049022,-1.5565124561107382,178.4778451164832,CENTER,0.0,0.9363332809616688,0.044682804597406985,NORMAL,STABLE,NORMAL,NO_ACTION,False,0.0
2026-08-12T00:44:34.579911,0.3573926161952331,0.02327302100882522,0.0,False,0,0.0,False,0.0,-6.376477054219151,-0.8673241877189923,-1.095242397760586,CENTER,0.0,0.9662272950654026,0.00794856697576007,NORMAL,STABLE,NORMAL,NO_ACTION,False,0.0
2026-08-12T00:44:34.621450,0.35732902462116023,0.06015371554038325,0.0,False,0,0.0,False,0.0,-6.439828599606841,-2.6664314879223525,-0.9664979717638289,CENTER,0.0,0.9610338656488829,0.009205055136635174,NORMAL,STABLE,NORMAL,NO_ACTION,False,0.0
2026-08-12T00:44:34.656882,0.3733226795860438,0.005358967196935012,0.0,False,0,0.0,False,0.0,12.308227443200423,-0.999253619966737,178.21301102791188,CENTER,0.0,0.9331318645792509,0.044944768417658855,NORMAL,STABLE,NORMAL,NO_ACTION,False,0.0
2026-08-12T00:44:34.702526,0.3392473637402854,0.05495159005006041,0.0,False,0,0.0,False,0.0,-6.992074583096326,-1.8688594320840934,-1.3447251509561795,CENTER,0.0,0.9630865904553695,0.00953024510730973,NORMAL,STABLE,NORMAL,NO_ACTION,False,0.0
2026-08-12T00:44:34.746109,0.35403840865278613,0.011163112563949392,0.0,False,0,0.0,False,0.0,-6.518707701135952,-6.128786050996553,-0.32511536533095864,CENTER,0.0,0.9629669603052127,0.011195826848937536,NORMAL,STABLE,NORMAL,NO_ACTION,False,0.0
2026-08-12T00:44:34.787617,0.34204785150899886,0.010121422110750655,0.0,False,0,0.0,False,0.0,-7.158344082323936,-1.5602256663916592,-0.9437887585183375,CENTER,0.0,0.9663474587558787,0.009074068592161113,NORMAL,STABLE,NORMAL,NO_ACTION,False,0.0
2026-08-12T00:44:34.831551,0.35679218009079283,0.014742557382460057,0.0,False,0,0.0,False,0.0,-5.999576176821364,-2.974523860579893,-0.9946854914961136,CENTER,0.0,0.9688381160591809,0.009027929037095843,NORMAL,STABLE,NORMAL,NO_ACTION,False,0.0
2026-08-12T00:44:34.872020,0.3647799420984167,0.008863303188133023,0.0,False,0,0.0,False,0.0,12.87124719374853,-4.2229694158938,177.7665416239186,CENTER,0.0,0.9323815980004613,0.047252330323365295,NORMAL,STABLE,NORMAL,NO_ACTION,False,0.0
2026-08-12T00:44:34.904231,0.3342499797034566,0.012044510512891897,0.0,False,0,0.0,False,0.0,-7.517002885397943,-0.4583326362454443,-0.9911972366195982,CENTER,0.0,0.9601100731187536,0.008662702859802853,NORMAL,STABLE,NORMAL,NO_ACTION,False,0.0
2026-08-12T00:44:34.938654,0.3488127728976357,0.026016704286278097,0.0,False,0,0.0,False,0.0,-7.536418922621465,-0.24639542066682907,-1.2904018729019242,CENTER,0.0,0.9663852620394865,0.008818957068150078,NORMAL,STABLE,NORMAL,NO_ACTION,False,0.0
2026-08-12T00:44:34.975140,0.36252980911909977,0.025782264341011777,0.0,False,0,0.0,False,0.0,-7.330984874178,-3.1380198935422356,-0.6550715218635048,CENTER,0.0,0.9646465192043896,0.01011852055936287,NORMAL,STABLE,NORMAL,NO_ACTION,False,0.0
2026-08-12T00:44:35.010722,0.3555451560511448,0.02357011288636944,0.0,False,0,0.0,False,0.0,12.097124171225289,-1.208809787472461,178.44119350700817,CENTER,0.0,0.9275190090005265,0.044903014284145816,NORMAL,STABLE,NORMAL,NO_ACTION,False,0.0
2026-08-12T00:44:35.049297,0.36808798218721994,0.02865443720073375,0.0,False,0,0.0,False,0.0,-7.190971938573767,-4.497483915575458,-0.6204904623068614,CENTER,0.0,0.9659894141620127,0.010945459152989227,NORMAL,STABLE,NORMAL,NO_ACTION,False,0.0
2026-08-12T00:44:35.087289,0.3554108983572972,0.03670378879154438,0.0,False,0,0.0,False,0.0,-7.774348582440638,-4.934592396613795,-0.5448244511476332,CENTER,0.0,0.962770513362238,0.011763138008403493,NORMAL,STABLE,NORMAL,NO_ACTION,False,0.0
2026-08-12T00:44:35.126810,0.3222700412341818,0.014621168842409282,0.0,False,0,0.0,False,0.0,-6.106858381461478,-4.155158184201838,-0.8573966552220043,CENTER,0.0,0.9592628110915147,0.009865108986212977,NORMAL,STABLE,NORMAL,NO_ACTION,False,0.0
2026-08-12T00:44:35.163660,0.36167847477743054,0.020627196561147094,0.0,False,0,0.0,False,0.0,11.577087505959469,-4.914244580930756,177.9701638902144,CENTER,0.0,0.9320975163583308,0.04665182728534597,NORMAL,STABLE,NORMAL,NO_ACTION,False,0.0
2026-08-12T00:44:35.198167,0.35739532568417,0.012319735645844623,0.0,False,0,0.0,False,0.0,11.300479962798306,-3.2725680241555324,178.24077885147597,CENTER,0.0,0.9358999452425861,0.045484528559797975,NORMAL,STABLE,NORMAL,NO_ACTION,False,0.0
2026-08-12T00:44:35.237026,0.3681020393017346,0.06109976306784979,0.0,False,0,0.0,False,0.0,12.543528703751576,-2.010818055590107,178.3691892089417,CENTER,0.0,0.9328199980786425,0.045714244000123756,NORMAL,STABLE,NORMAL,NO_ACTION,False,0.0
2026-08-12T00:44:35.278858,0.380227415156732,0.012514995821281405,0.0,False,0,0.0,False,0.0,-7.907258000112137,-2.2618506696618113,-0.9346275718496599,CENTER,0.0,0.9599536286865569,0.010312974741396115,NORMAL,STABLE,NORMAL,NO_ACTION,False,0.0
2026-08-12T00:44:35.318785,0.37057897428609377,0.0843936660709798,0.0,False,0,0.0,False,0.0,10.508075589252087,-1.6000129024715761,178.7167133098685,CENTER,0.0,0.9324199137098683,0.04390000257502718,NORMAL,STABLE,NORMAL,NO_ACTION,False,0.0
2026-08-12T00:44:35.358024,0.37035664972858495,0.055588515494930275,0.0,False,0,0.0,False,0.0,-7.109840737260299,-2.676619185441666,-0.9611112990368724,CENTER,0.0,0.9623861561213991,0.009862948925769307,NORMAL,STABLE,NORMAL,NO_ACTION,False,0.0
2026-08-12T00:44:35.397930,0.37284444868692346,0.030566601813728667,0.0,False,0,0.0,False,0.0,-6.701043942351674,-2.134670346819064,-0.9874380887194434,CENTER,0.0,0.9590708797214873,0.009090883941991146,NORMAL,STABLE,NORMAL,NO_ACTION,False,0.0
2026-08-12T00:44:35.443328,0.35795769000869126,0.0432322578939048,0.0,False,0,0.0,False,0.0,-7.4698625361835695,-4.992153666904898,-0.31919784657171135,CENTER,0.0,0.9659704019081914,0.011286606686851958,NORMAL,STABLE,NORMAL,NO_ACTION,False,0.0
2026-08-12T00:44:35.489943,0.40143963917210057,0.0077970655301469885,0.0,False,0,0.0,False,0.0,12.692400353600732,-0.26478830496333217,178.65045232352816,CENTER,0.0,0.9324942202988236,0.044815737784288434,NORMAL,STABLE,NORMAL,NO_ACTION,False,0.0
2026-08-12T00:44:35.523448,0.43606528044563075,0.050554637356580084,0.0,False,0,0.0,False,0.0,-6.74663372406701,-3.738392906933001,-0.8213191527784431,CENTER,0.0,0.9629081927910054,0.010150008901052969,NORMAL,STABLE,NORMAL,NO_ACTION,False,0.0
2026-08-12T00:44:35.555863,0.42724525528219126,0.010447087717131211,0.0,False,0,0.0,False,0.0,12.15976195575206,-3.049546304480998,177.973906185337,UP,0.0,0.9272702270723104,0.0732834403499158,NORMAL,STABLE,NORMAL,NO_ACTION,False,0.0
2026-08-12T00:44:35.607775,0.43078903060571155,0.01305885353550684,0.0,False,0,0.0,False,0.0,-7.125735669854663,-2.71773421239277,-0.9933839681208951,CENTER,0.0,0.9666707061103762,0.009940263765771737,NORMAL,STABLE,NORMAL,NO_ACTION,False,0.0
2026-08-12T00:44:35.641935,0.44919918175469464,0.02302630384759165,0.0,False,0,0.0,False,0.0,-8.223038715082481,-3.0776933775883606,-0.753851689404371,CENTER,0.0,0.9633896543699786,0.011043893833921679,NORMAL,STABLE,NORMAL,NO_ACTION,False,0.0
2026-08-12T00:44:35.681943,0.4307972953893805,0.02566076879838355,0.0,False,0,0.0,False,0.0,11.43738467998233,-9.63632236090379,176.94583970279382,CENTER,0.0,0.9260989149560717,0.04928534003585225,NORMAL,STABLE,NORMAL,NO_ACTION,False,0.0
2026-08-12T00:44:35.725342,0.446724525788328,0.023014523708264817,0.0,False,0,0.0,False,0.0,-6.325838685141349,-3.3608681039013106,-0.9989684775191847,CENTER,0.0,0.9653186889146091,0.009634971177930196,NORMAL,STABLE,NORMAL,NO_ACTION,False,0.0
2026-08-12T00:44:35.794226,0.4404894448449802,0.07282896409031898,0.0,False,0,0.0,False,0.0,-7.268324657778038,-3.7747610897353354,-0.7699715046054223,CENTER,0.0,0.9683366792511758,0.010636989666960592,NORMAL,STABLE,NORMAL,NO_ACTION,False,0.0
2026-08-12T00:44:35.828674,0.4175417099069886,0.029532960445930827,0.0,False,0,0.0,False,0.0,-6.799240151425295,-5.820717611548702,-0.5611890134827888,CENTER,0.0,0.9625497578017832,0.011475276713068722,NORMAL,STABLE,NORMAL,NO_ACTION,False,0.0
2026-08-12T00:44:35.859912,0.43823181523879146,0.02618487246466725,0.0,False,0,0.0,False,0.0,-6.222384032370314,-0.7630306036347747,-1.4803355548585273,CENTER,0.0,0.9593804892648932,0.008098080624767691,NORMAL,STABLE,NORMAL,NO_ACTION,False,0.0
2026-08-12T00:44:35.907201,0.4303171594954247,0.011005884210568617,0.0,False,0,0.0,False,0.0,-6.9568523963537245,-4.024107333035403,-0.8905675552820185,CENTER,0.0,0.9653490096205664,0.010633205801592882,NORMAL,STABLE,NORMAL,NO_ACTION,False,0.0
2026-08-12T00:44:35.943463,0.42155654880952664,0.029904830736465774,0.0,False,0,0.0,False,0.0,-5.329673071535609,-1.295150593924916,-1.5784453817607869,CENTER,0.0,0.9630619955479619,0.007711025156851933,NORMAL,STABLE,NORMAL,NO_ACTION,False,0.0
2026-08-12T00:44:35.992367,0.4132842460029347,0.042127521127604074,0.0,False,0,0.0,False,0.0,12.011428702361144,-5.07799932429603,177.78298234809859,CENTER,0.0,0.9269225204919288,0.04708314505541799,NORMAL,STABLE,NORMAL,NO_ACTION,False,0.0
2026-08-12T00:44:36.045945,0.4083093258560901,0.04170900675032277,0.0,False,0,0.0,False,0.0,12.264230938938908,-11.245972475743628,176.5875774326413,CENTER,0.0,0.9326969580291822,0.05086000589907243,NORMAL,STABLE,NORMAL,NO_ACTION,False,0.0
2026-08-12T00:44:36.089527,0.42756234734168186,0.025311752007102235,0.0,False,0,0.0,False,0.0,12.813463481569357,-6.994397792287572,177.466199455508,CENTER,0.0,0.93544409009049,0.0488167030070028,NORMAL,STABLE,NORMAL,NO_ACTION,False,0.0
2026-08-12T00:44:36.121065,0.4182690732159574,0.0554291472527043,0.0,False,0,0.0,False,0.0,11.949773428764786,-0.3575386455381704,178.43553194274114,CENTER,0.0,0.9316937248284302,0.04429469182353387,NORMAL,STABLE,NORMAL,NO_ACTION,False,0.0
2026-08-12T00:44:36.163411,0.41695532274062924,0.023017522231449865,0.0,False,0,0.0,False,0.0,12.583370566765808,-10.371524028499948,176.95924306943027,CENTER,0.0,0.9261573247354498,0.05059935547750486,NORMAL,STABLE,NORMAL,NO_ACTION,False,0.0
2026-08-12T00:44:36.197437,0.41498218936772435,0.036594872088548135,0.0,False,0,0.0,False,0.0,-6.63461320612052,-1.735519459546424,-1.1915176057460144,CENTER,0.0,0.9651228926305605,0.008932626865766529,NORMAL,STABLE,NORMAL,NO_ACTION,False,0.0
2026-08-12T00:44:36.228631,0.43131199545430216,0.005883840444049144,0.0,False,0,0.0,False,0.0,-6.818307924618125,-4.469849815600412,-0.8344744814135936,CENTER,0.0,0.9633558461321771,0.010769889113257781,NORMAL,STABLE,NORMAL,NO_ACTION,False,0.0
2026-08-12T00:44:36.259217,0.4323421725696429,0.021170602335880258,0.0,False,0,0.0,False,0.0,-7.277527648361826,-2.139090008847546,-1.3198459792160406,CENTER,0.0,0.9603300609016756,0.00998358813194639,NORMAL,STABLE,NORMAL,NO_ACTION,False,0.0
2026-08-12T00:44:36.285424,0.4166941173862321,0.007540718409304284,0.0,False,0,0.0,False,0.0,-6.8153920458148605,-4.547203266376982,-0.7638386945205866,CENTER,0.0,0.9659837794557123,0.010754684693732038,NORMAL,STABLE,NORMAL,NO_ACTION,False,0.0
2026-08-12T00:44:36.320935,0.3905297780187439,0.02888155010127241,0.0,False,0,0.0,False,0.0,-6.8230892294048715,-0.6534819532504059,-1.4612542233621184,CENTER,0.0,0.9610065249608074,0.008586864945058894,NORMAL,STABLE,NORMAL,NO_ACTION,False,0.0
2026-08-12T00:44:36.354687,0.41629793918656355,0.04303223367803975,0.0,False,0,0.0,False,0.0,13.95156044071092,-10.456268449359925,176.74340441827718,CENTER,0.0,0.9241721085355223,0.05170772915852143,NORMAL,STABLE,NORMAL,NO_ACTION,False,0.0
2026-08-12T00:44:36.389282,0.41881840244021795,0.07047256073238226,0.0,False,0,0.0,False,0.0,-7.126914893039441,-1.9237229344841182,-1.231775994948407,CENTER,0.0,0.9641186526308054,0.009591936175478934,NORMAL,STABLE,NORMAL,NO_ACTION,False,0.0
2026-08-12T00:44:36.423803,0.42458833860620093,0.012185438175224725,0.0,False,0,0.0,False,0.0,12.133801981416127,-9.192359633328408,176.790131342419,CENTER,0.0,0.9346945146773342,0.049566697581051214,NORMAL,STABLE,NORMAL,NO_ACTION,False,0.0
2026-08-12T00:44:36.454407,0.4328454802507561,0.04727209837535344,0.0,False,0,0.0,False,0.0,13.238560177949296,-6.8294878345230075,176.83299172998352,CENTER,0.0,0.9311640406199988,0.049050039846462966,NORMAL,STABLE,NORMAL,NO_ACTION,False,0.0
2026-08-12T00:44:36.503620,0.4024408476749506,0.02570825552950375,0.0,False,0,0.0,False,0.0,-6.575972247897965,-4.335443435789159,-0.9587609134537729,CENTER,0.0,0.958300772829708,0.010555713986488774,NORMAL,STABLE,NORMAL,NO_ACTION,False,0.0
2026-08-12T00:44:36.539777,0.3850387882822739,0.06093993159433452,0.0,False,0,0.0,False,0.0,-6.628346018396542,-4.6986779635007,-0.8545184655977494,CENTER,0.0,0.9647176101986575,0.010771555889495453,NORMAL,STABLE,NORMAL,NO_ACTION,False,0.0
2026-08-12T00:44:36.578032,0.4195042380500945,0.011552447758564626,0.0,False,0,0.0,False,0.0,12.585084875812242,-6.812778004949308,177.36609919335461,CENTER,0.0,0.9294070724456407,0.048534456601493234,NORMAL,STABLE,NORMAL,NO_ACTION,False,0.0
2026-08-12T00:44:36.613130,0.4180762563792526,0.05053693449633193,0.0,False,0,0.0,False,0.0,12.597131390742362,-6.342113510417448,177.5861809994995,CENTER,0.0,0.9261299294430564,0.04827051209896326,NORMAL,STABLE,NORMAL,NO_ACTION,False,0.0
2026-08-12T00:44:36.656513,0.3769158441891786,0.013179822819676659,0.0,False,0,0.0,False,0.0,-6.720551190961487,-6.262394114406817,-0.650819464938678,CENTER,0.0,0.9656606752461787,0.011810159676465568,NORMAL,STABLE,NORMAL,NO_ACTION,False,0.0
2026-08-12T00:44:36.697197,0.3817743566638308,0.023289780319654486,0.0,False,0,0.0,False,0.0,-7.129268325369253,-3.125906227280609,-1.140201958836144,CENTER,0.0,0.9691277763999118,0.010386984297700701,NORMAL,STABLE,NORMAL,NO_ACTION,False,0.0
2026-08-12T00:44:36.726319,0.3725527990182181,0.01657394760209224,0.0,False,0,0.0,False,0.0,12.994307137906276,-6.856901032393409,177.43822354225495,CENTER,0.0,0.9321263191152875,0.04887687001630665,NORMAL,STABLE,NORMAL,NO_ACTION,False,0.0
2026-08-12T00:44:36.787259,0.35876287060423795,0.02196039993308208,0.0,False,0,0.0,False,0.0,-6.5541305894432185,-2.832463317554385,-1.190691436611644,CENTER,0.0,0.9659959077380954,0.009658175525810634,NORMAL,STABLE,NORMAL,NO_ACTION,False,0.0
2026-08-12T00:44:36.820477,0.37886129579863037,0.029049357208428092,0.0,False,0,0.0,False,0.0,-7.646054243501709,-1.9691306805966633,-1.3886735703786997,CENTER,0.0,0.9633094671639232,0.010286847765451879,NORMAL,STABLE,NORMAL,NO_ACTION,False,0.0
2026-08-12T00:44:36.856496,0.3757834927729252,0.0322092543145972,0.0,False,0,0.0,False,0.0,-7.60950149637938,-1.3930674246703916,-1.4884424748245806,CENTER,0.0,0.9633605569028022,0.00992590176273621,NORMAL,STABLE,NORMAL,NO_ACTION,False,0.0
2026-08-12T00:44:36.897391,0.35641770621824587,0.05675461333846742,0.0,False,0,0.0,False,0.0,-8.201944653767242,-5.436494140777313,-0.6697158479742029,CENTER,0.0,0.9596090527324613,0.01267219244167552,NORMAL,STABLE,NORMAL,NO_ACTION,False,0.0
2026-08-12T00:44:36.932437,0.3743058493090007,0.008869852480620204,0.0,False,0,0.0,False,0.0,12.812233294297215,-7.010273126641067,177.1674059914505,CENTER,0.0,0.9329135316388644,0.04882496796935576,NORMAL,STABLE,NORMAL,NO_ACTION,False,0.0
2026-08-12T00:44:36.971225,0.3818646891891011,0.024633295894845066,0.0,False,0,0.0,False,0.0,-5.639114320867492,-1.947932701084909,-1.5414413729803869,CENTER,0.0,0.9687861934768763,0.00845675759226139,NORMAL,STABLE,NORMAL,NO_ACTION,False,0.0
2026-08-12T00:44:37.012884,0.40244715482405385,0.021815323178271718,0.0,False,0,0.0,False,0.0,-7.904006636550491,-4.372671728823406,-0.8843925864676976,CENTER,0.0,0.9649883884173526,0.011809902081847687,NORMAL,STABLE,NORMAL,NO_ACTION,False,0.0
2026-08-12T00:44:37.049719,0.3524428716939196,0.04310607780025017,0.0,False,0,0.0,False,0.0,12.168773831841492,-8.052078124326158,177.31646473061426,CENTER,0.0,0.927003236071306,0.048931717465016754,NORMAL,STABLE,NORMAL,NO_ACTION,False,0.0
2026-08-12T00:44:37.091352,0.3813741974964202,0.017986919293500457,0.0,False,0,0.0,False,0.0,-6.5604560857641445,-1.9846645148575135,-1.34438686948738,CENTER,0.0,0.9657458595127865,0.009192520132349486,NORMAL,STABLE,NORMAL,NO_ACTION,False,0.0
2026-08-12T00:44:37.124165,0.3871242005729537,0.07215793438356134,0.0,False,0,0.0,False,0.0,-6.338936162136434,-2.213763974839395,-1.0508742137388651,CENTER,0.0,0.9633909947273663,0.008856649626698507,NORMAL,STABLE,NORMAL,NO_ACTION,False,0.0
2026-08-12T00:44:37.165687,0.38517102830427763,0.06177026334367903,0.0,False,0,0.0,False,0.0,12.059073050963235,-0.7528415938725459,178.34226639152848,CENTER,0.0,0.9264128549535812,0.044608819940357355,NORMAL,STABLE,NORMAL,NO_ACTION,False,0.0
2026-08-12T00:44:37.208132,0.3713341386404735,0.0423207710612112,0.0,False,0,0.0,False,0.0,-7.352970473313519,-3.080245333605859,-1.4598772135097704,CENTER,0.0,0.9652225735780424,0.010885231250478763,NORMAL,STABLE,NORMAL,NO_ACTION,False,0.0
2026-08-12T00:44:37.247112,0.384295819959915,0.06749619504639466,0.0,False,0,0.0,False,0.0,12.16228800652189,-9.729959121071914,176.8478854413513,CENTER,0.0,0.9265547072749282,0.04990088274457369,NORMAL,STABLE,NORMAL,NO_ACTION,False,0.0
2026-08-12T00:44:37.286766,0.38271311994315027,0.01988581885307599,0.0,False,0,0.0,False,0.0,-6.792679087953871,-1.9006142140982263,-1.5472060853440723,CENTER,0.0,0.966604716282089,0.009556571502584385,NORMAL,STABLE,NORMAL,NO_ACTION,False,0.0
2026-08-12T00:44:37.322086,0.38042145004140426,0.037389835144718574,0.0,False,0,0.0,False,0.0,-7.875825734412388,-3.773824083367174,-0.9933268674274984,CENTER,0.0,0.9638413287833137,0.011449395410776005,NORMAL,STABLE,NORMAL,NO_ACTION,False,0.0
2026-08-12T00:44:37.361985,0.33981230330875645,0.1226863988986992,0.0,False,0,0.0,False,0.0,-7.6320734888099935,-3.622569688382441,-1.1633193162022053,CENTER,0.0,0.9651189496374682,0.011266196998410673,NORMAL,STABLE,NORMAL,NO_ACTION,False,0.0
2026-08-12T00:44:37.399262,0.3512764604031975,0.029564117538399,0.0,False,0,0.0,False,0.0,-7.040392591504457,-2.8927207379299205,-1.2719145495696011,CENTER,0.0,0.963498991095924,0.010257755196385086,NORMAL,STABLE,NORMAL,NO_ACTION,False,0.0
2026-08-12T00:44:37.434641,0.35819323933909897,0.05260434422519554,0.0,False,0,0.0,False,0.0,-7.8808459782562466,-1.7076037767585603,-1.6815081334709134,CENTER,0.0,0.9607787162575935,0.0106112421165198,NORMAL,STABLE,NORMAL,NO_ACTION,False,0.0
2026-08-12T00:44:37.470092,0.37142008454431846,0.00910090530262172,0.0,False,0,0.0,False,0.0,-8.707610711454464,-3.913049037907882,-1.1660943145161298,CENTER,0.0,0.9669959184548305,0.012534657742940346,NORMAL,STABLE,NORMAL,NO_ACTION,False,0.0
2026-08-12T00:44:37.500639,0.36712993145177475,0.007534958847348241,0.0,False,0,0.0,False,0.0,-8.372930080500424,-3.390211510369795,-1.6121579997031859,CENTER,0.0,0.9633796081961591,0.012259914729656159,NORMAL,STABLE,NORMAL,NO_ACTION,False,0.0
2026-08-12T00:44:37.528053,0.3545707135294476,0.007368096736275455,0.0,False,0,0.0,False,0.0,-7.719186715813976,-3.9033427743057416,-1.1171269740198966,CENTER,0.0,0.9594950572886047,0.011512320838401181,NORMAL,STABLE,NORMAL,NO_ACTION,False,0.0
2026-08-12T00:44:37.587105,0.38596066401044904,0.008815090232316332,0.0,False,0,0.0,False,0.0,12.49196720096083,-6.60802136372962,176.74867646336452,CENTER,0.0,0.9359404978153171,0.04834348773131294,NORMAL,STABLE,NORMAL,NO_ACTION,False,0.0
2026-08-12T00:44:37.618576,0.3591770927183442,0.03112586578090741,0.0,False,0,0.0,False,0.0,-7.020384919312278,-2.0299211520158735,-1.9166640907381804,CENTER,0.0,0.966359196642906,0.010235875366065246,NORMAL,STABLE,NORMAL,NO_ACTION,False,0.0
2026-08-12T00:44:37.650215,0.3538079285862291,0.01590078779235479,0.0,False,0,0.0,False,0.0,-6.552862369711363,-2.957772548148654,-2.023896935147519,CENTER,0.0,0.9618998796663727,0.010564299405872843,NORMAL,STABLE,NORMAL,NO_ACTION,False,0.0
2026-08-12T00:44:37.683006,0.39545308493532133,0.0041372409129649635,0.0,False,0,0.0,False,0.0,-8.288551440022161,-2.891485654334076,-1.9815877239375936,CENTER,0.0,0.9666082428534685,0.01217282401846086,NORMAL,STABLE,NORMAL,NO_ACTION,False,0.0
2026-08-12T00:44:37.714180,0.34900337130389747,0.046751689521779785,0.0,False,0,0.0,False,0.0,-8.74943336582524,-4.92414705672914,-2.0864886544130457,CENTER,0.0,0.9635468145269938,0.014218414639130294,NORMAL,STABLE,NORMAL,NO_ACTION,False,0.0
2026-08-12T00:44:37.750623,0.33841559751841077,0.01855854008604311,0.0,False,0,0.0,False,0.0,-6.944054709894999,-3.5820042645397336,-3.1822238983079956,CENTER,0.0,0.9595144469246032,0.012538856028748971,NORMAL,STABLE,NORMAL,NO_ACTION,False,0.0
2026-08-12T00:44:37.783372,0.33507792300098416,0.04867707668637506,0.0,False,0,0.0,False,0.0,-8.602777027803228,-5.454639262374997,-3.2540438804463463,CENTER,0.0,0.9651248706336959,0.01560685069372182,NORMAL,STABLE,NORMAL,NO_ACTION,False,0.0
2026-08-12T00:44:37.815901,0.31355660737084295,0.026775593695927746,0.0,False,0,0.0,False,0.0,-8.374555721347434,-7.480173853751921,-3.8447960002071966,CENTER,0.0,0.9685947956471683,0.017448303783069215,NORMAL,STABLE,NORMAL,NO_ACTION,False,0.0
2026-08-12T00:44:37.851887,0.32468893640991764,0.008953238666586967,0.0,False,0,0.0,False,0.0,-9.798937744261536,-3.5663959773604006,-5.209729206409918,CENTER,0.0,0.9652174333725257,0.01730540734251677,NORMAL,STABLE,NORMAL,NO_ACTION,False,0.0
2026-08-12T00:44:37.883438,0.3131869810795761,0.018129476554583704,0.0,False,0,0.0,False,0.0,-9.828276104469865,-3.8980699120877773,-6.692248355068159,CENTER,0.0,0.9651675538592495,0.01902837997717932,NORMAL,STABLE,NORMAL,NO_ACTION,False,0.0
2026-08-12T00:44:37.915784,0.31531571539819836,0.009033266740673382,0.0,False,0,0.0,False,0.0,-8.674086809070104,-2.428767330211116,-6.421885852234254,CENTER,0.0,0.965119092782432,0.016555866159779817,NORMAL,STABLE,NORMAL,NO_ACTION,False,0.0
2026-08-12T00:44:37.945657,0.3047793219967997,0.0013083512282190018,0.0,False,0,0.0,False,0.0,-10.84565281349549,-3.6561816022799007,-7.598659554366236,CENTER,0.0,0.9674846283742407,0.020733501310180032,NORMAL,STABLE,NORMAL,NO_ACTION,False,0.0
2026-08-12T00:44:37.981342,0.3146000102107166,0.01333768572740637,0.0,False,0,0.0,False,0.0,-10.562886206194662,-4.797173931434401,-10.652306399618709,CENTER,0.0,0.9574114522094848,0.024282591817755137,NORMAL,STABLE,NORMAL,NO_ACTION,False,0.0
2026-08-12T00:44:38.018868,0.30607794686964906,0.011580464466997413,0.0,False,0,0.0,False,0.0,-10.242797411725917,0.6894558624277067,-12.956476019761453,CENTER,0.0,0.9638121272107094,0.023209330718759857,NORMAL,STABLE,NORMAL,NO_ACTION,False,0.0
2026-08-12T00:44:38.065407,0.3069938686579634,0.013851317515439469,0.0,False,0,0.0,False,0.0,-9.581430525107066,-0.9031361726006253,-13.375659988080628,CENTER,0.0,0.961861399697482,0.02312915946659862,NORMAL,STABLE,NORMAL,NO_ACTION,False,0.0
2026-08-12T00:44:38.107676,0.3181091038997646,0.02205897156537029,0.0,False,0,0.0,False,0.0,-10.77819044384259,-3.410847812055522,-14.242668546683063,CENTER,0.0,0.958971185760827,0.02698938068686953,NORMAL,STABLE,NORMAL,NO_ACTION,False,0.0
2026-08-12T00:44:38.143296,0.31783840736670754,0.01020762408542656,0.0,False,0,0.0,False,0.0,-10.145433903538304,-4.2498038422511115,-14.345536820730075,CENTER,0.0,0.9649044143763473,0.02708658588357703,NORMAL,STABLE,NORMAL,NO_ACTION,False,0.0
2026-08-12T00:44:38.180558,0.3242218885259527,0.012257699045888651,0.0,False,0,0.0,False,0.0,-10.934035204051526,-5.6337269855010845,-14.420720671184995,CENTER,0.0,0.9690314138129532,0.028947656164311223,NORMAL,STABLE,NORMAL,NO_ACTION,False,0.0
2026-08-12T00:44:38.216164,0.30818854360821746,0.003744612651689688,0.0,False,0,0.0,False,0.0,-11.220140223683558,-1.7968876074893956,-15.292413748243092,CENTER,0.0,0.9667771408975112,0.02726459318037248,NORMAL,STABLE,NORMAL,NO_ACTION,False,0.0
2026-08-12T00:44:38.244360,0.3001826909744979,0.0029391825666215178,0.0,False,0,0.0,False,0.0,-10.908501810714085,-0.6693382951286821,-15.477693738244511,UP,0.0,0.9677164581496178,0.0527361179248695,NORMAL,STABLE,NORMAL,NO_ACTION,False,0.0
2026-08-12T00:44:38.266179,0.2924692970826191,0.003834246640867127,0.0,False,0,0.0,False,0.0,-11.289856349891778,-1.137927809880722,-15.392155569266095,UP,0.021819353103637695,0.9702383210550166,0.063573743120163,NORMAL,STABLE,NORMAL,NO_ACTION,False,0.0
2026-08-12T00:44:38.299214,0.2653820961447182,0.01811413558598337,0.0,False,0,0.0,False,0.0,-9.552020957841137,-2.360312164187917,-15.234567406478448,UP,0.05485415458679199,0.9701802562524496,0.09931955448148594,NORMAL,STABLE,NORMAL,NO_ACTION,False,0.0
2026-08-12T00:44:38.331665,0.2654065464434927,0.0071583177713117115,0.0,False,0,0.0,False,0.0,-8.326385988327274,-0.22328138894985727,-15.97524095336371,UP,0.08730483055114746,0.9709241415895062,0.09724332338161511,NORMAL,STABLE,NORMAL,NO_ACTION,False,0.0
2026-08-12T00:44:38.365274,0.25892159633869966,0.02497124664819063,0.0,False,0,0.0,False,0.0,-8.572886550577891,-0.01513678075292546,-16.102291396718158,UP,0.12091445922851562,0.9702087811397708,0.10624331246842786,NORMAL,STABLE,NORMAL,NO_ACTION,False,0.0
2026-08-12T00:44:38.395350,0.2982147131949249,0.007128410153863531,0.0,False,0,0.0,False,0.0,-8.539862759304015,-0.49400667690795785,-15.726342511948332,UP,0.15099024772644043,0.9670783959803056,0.05295185155958184,NORMAL,STABLE,NORMAL,NO_ACTION,False,0.0
2026-08-12T00:44:38.429880,0.29952564344691346,0.09779650479692452,0.0,False,0,0.0,False,0.0,-10.149854976128125,-1.7472744678105414,-16.103460856856316,UP,0.18551993370056152,0.9619633058984911,0.05404000676343783,NORMAL,STABLE,NORMAL,NO_ACTION,False,0.0
2026-08-12T00:44:38.456976,0.2975258976710315,0.008548387570642359,0.0,False,0,0.0,False,0.0,-8.124652837144595,-0.6605978078700616,-15.904053825683377,UP,0.212615966796875,0.967419575494807,0.0537750569982633,NORMAL,STABLE,NORMAL,NO_ACTION,False,0.0
2026-08-12T00:44:38.486412,0.2838371717960803,0.025954093821534484,0.0,False,0,0.0,False,0.0,-9.665862769319801,0.15139567710434676,-16.298992446318806,UP,0.24205255508422852,0.9642311775854889,0.07384448459241369,NORMAL,STABLE,NORMAL,NO_ACTION,False,0.0
2026-08-12T00:44:38.520568,0.2488638770146153,0.007356947756490976,0.0,False,0,0.0,False,0.0,-7.221249835694238,-0.8971123676934667,-15.767570188991272,UP,0.27620840072631836,0.9608590596217911,0.1188686931378235,NORMAL,STABLE,NORMAL,NO_ACTION,False,0.0
2026-08-12T00:44:38.547982,0.2762705459779988,0.009783445885117287,0.0,False,0,0.0,False,0.0,-7.325144913018107,0.833662413878443,-16.474365367012922,UP,0.3036222457885742,0.9675613410616304,0.08247907366544258,NORMAL,STABLE,NORMAL,NO_ACTION,False,0.0
2026-08-12T00:44:38.577661,0.27981355459246193,0.00810940390511535,0.0,False,0,0.0,False,0.0,-7.46734274590915,-0.5025861239373057,-15.388511747914379,UP,0.333301305770874,0.9711559062989907,0.07651176908038088,NORMAL,STABLE,NORMAL,NO_ACTION,False,0.0
2026-08-12T00:44:38.611249,0.27074239168508996,0.00934927358039213,0.0,False,0,0.0,False,0.0,-7.376486293494281,0.25565174080117004,-15.309024744280322,UP,0.36688899993896484,0.9686580006552518,0.08845537470884235,NORMAL,STABLE,NORMAL,NO_ACTION,False,0.0
2026-08-12T00:44:38.642640,0.28697040778513105,0.010611861612445393,0.0,False,0,0.0,False,0.0,-7.806129640002865,-0.5324476240824083,-15.150919294741755,UP,0.39827990531921387,0.9634997848998138,0.0669350843386122,NORMAL,STABLE,NORMAL,NO_ACTION,False,0.0
2026-08-12T00:44:38.674997,0.27896157862133275,0.013876735766059719,0.0,False,0,0.0,False,0.0,-6.308173373766579,-0.24940082338264347,-14.743240591196582,UP,0.4306375980377197,0.9685272702638154,0.07571451553662392,NORMAL,STABLE,NORMAL,NO_ACTION,False,0.0
2026-08-12T00:44:38.707019,0.25859830948448737,0.005866586243761313,0.0,False,0,0.0,False,0.0,-7.066153488659694,0.6036067399595311,-15.04774058655326,UP,0.4626595973968506,0.9651371811005781,0.10460676136492031,NORMAL,STABLE,NORMAL,NO_ACTION,False,0.0
2026-08-12T00:44:38.738077,0.25539000388084165,0.010396425562391053,0.0,False,0,0.0,False,0.0,-7.265700578638899,1.5414601673880384,-15.49277921609891,UP,0.49371767044067383,0.9616825986245836,0.11027321620810562,NORMAL,STABLE,NORMAL,NO_ACTION,False,0.0
2026-08-12T00:44:38.770430,0.27093319235681845,0.009379009266748053,0.0,False,0,0.0,False,0.0,-8.468838670472223,1.652197969267661,-15.110688402370215,UP,0.5260698795318604,0.9687287793332352,0.08684102674275199,NORMAL,STABLE,NORMAL,NO_ACTION,False,0.0
2026-08-12T00:44:38.802376,0.243848328722561,0.01011975305412755,0.0,False,0,0.0,False,0.0,-7.967550355773284,1.6257655920496177,-15.175665228844338,UP,0.558016300201416,0.9709911854852538,0.12450185454187317,NORMAL,STABLE,NORMAL,NO_ACTION,False,0.0
2026-08-12T00:44:38.834884,0.24253826019615438,0.00868661091631097,0.0,False,0,0.0,False,0.0,-7.287295950130755,1.9661607316915308,-15.483686472242823,UP,0.5905239582061768,0.9689570565108759,0.12759414864835017,NORMAL,STABLE,NORMAL,NO_ACTION,False,0.0
2026-08-12T00:44:38.866380,0.23179518753373132,0.013763659558164696,0.0,False,0,0.0,False,0.0,-6.946049317924036,4.283028553012571,-15.660934282784382,UP,0.6220204830169678,0.963232220936214,0.1450782085334872,NORMAL,STABLE,NORMAL,NO_ACTION,False,0.0
2026-08-12T00:44:38.897977,0.24300969693615887,0.006194499561940374,0.0,False,0,0.0,False,0.0,-6.751516445540489,1.6607727717761236,-15.240403648596413,UP,0.6536173820495605,0.9681057994378305,0.1287472989609101,NORMAL,STABLE,NORMAL,NO_ACTION,False,0.0
2026-08-12T00:44:38.937213,0.2654846211287103,0.00963800701862637,0.0,False,0,0.0,False,0.0,-6.917392663201952,0.3804486851181821,-15.001283080375146,UP,0.6928529739379883,0.9654051354595337,0.0990099344160902,NORMAL,STABLE,NORMAL,NO_ACTION,False,0.0
2026-08-12T00:44:38.972854,0.2586858028102819,0.00628862793780984,0.0,False,0,0.0,False,0.0,-7.14684102990546,1.2520672347888535,-15.303587603702795,UP,0.7284941673278809,0.9622647171394277,0.1109521126978195,NORMAL,STABLE,NORMAL,NO_ACTION,False,0.0
2026-08-12T00:44:39.015803,0.22004257653301856,0.010860401131205575,0.0,False,0,0.0,False,0.0,-8.034954751630522,0.9136754825423168,-15.593735457283287,UP,0.7714433670043945,0.9685959668332355,0.1661103056890924,NORMAL,STABLE,NORMAL,NO_ACTION,False,0.0
2026-08-12T00:44:39.051818,0.26874586374750353,0.008188106270285819,0.0,False,0,0.0,False,0.0,-8.48865597825801,0.21658360909722774,-15.37712268442948,UP,0.8074584007263184,0.9665969734408681,0.10142309769447966,NORMAL,STABLE,NORMAL,NO_ACTION,False,0.0
2026-08-12T00:44:39.082594,0.23488711418575164,0.004642882443001915,0.0,False,0,0.0,False,0.0,-7.941421736858672,1.1301766591205649,-15.570334323352824,UP,0.8382344245910645,0.9629120186654908,0.14898156686626152,NORMAL,STABLE,NORMAL,NO_ACTION,False,0.0
2026-08-12T00:44:39.106481,0.23324815891781775,0.025069820019348946,0.0,False,0,0.0,False,0.0,-7.070134663182984,1.4922607462946473,-15.529870543309386,UP,0.8621211051940918,0.9683014916164511,0.15162779253075861,NORMAL,STABLE,NORMAL,NO_ACTION,False,0.0
2026-08-12T00:44:39.151127,0.23138222673388759,0.01697266600792707,0.0,False,0,0.0,False,0.0,-6.283868602857382,2.7367890920404534,-15.9312281341019,UP,0.9067668914794922,0.9712807807600922,0.15665902601124596,NORMAL,STABLE,NORMAL,NO_ACTION,False,0.0
2026-08-12T00:44:39.195581,0.21921669792232967,0.008503164823514714,0.0,False,0,0.0,False,0.0,-7.243742603285483,3.723177469662602,-15.94647080600501,UP,0.951221227645874,0.9682491005597197,0.17677940456345148,NORMAL,STABLE,NORMAL,NO_ACTION,False,0.0
2026-08-12T00:44:39.230490,0.2400669650120233,0.0208765004564455,0.0,False,0,0.0,False,0.0,-6.722854079260998,1.1594170425504444,-15.860816609505804,UP,0.9861304759979248,0.9685117845813737,0.14758905400189715,NORMAL,STABLE,NORMAL,NO_ACTION,False,0.0
2026-08-12T00:44:39.264995,0.2190100391940432,0.007935694248047019,0.0,False,0,0.0,False,0.0,-6.483729391678452,2.0921680984944544,-16.609902479695506,UP,1.0206351280212402,0.9706139594662454,0.17882465354470267,NORMAL,RISING,NORMAL,NO_ACTION,False,0.0
2026-08-12T00:44:39.291353,0.22402690707327727,0.007504751845255695,0.0,False,0,0.0,False,0.0,-9.15438856530082,2.0002618725355603,-17.030283806685844,UP,1.0469927787780762,0.9684881005964628,0.1761449670550461,NORMAL,STABLE,NORMAL,NO_ACTION,False,0.0
2026-08-12T00:44:39.320679,0.28579076405819137,0.004997736797945742,0.0,False,0,0.0,False,0.0,-8.489680240040371,2.6383544937690715,-17.392131486069246,UP,1.076319694519043,0.9618885321747012,0.09391755322191123,NORMAL,STABLE,NORMAL,NO_ACTION,False,0.0
2026-08-12T00:44:39.349577,0.23148433264331308,0.009350698182048272,0.0,False,0,0.0,False,0.0,-8.081149389057146,2.565352930997591,-17.817875663586648,UP,1.105217456817627,0.9675603910995981,0.16873936626168864,NORMAL,STABLE,NORMAL,NO_ACTION,False,0.0
2026-08-12T00:44:39.378713,0.24422400539090836,0.01731741858144223,0.0,False,0,0.0,False,0.0,-9.36281108291712,3.421450841973666,-18.0354178361535,UP,1.1343529224395752,0.964373632850774,0.1548555016747939,NORMAL,STABLE,NORMAL,NO_ACTION,False,0.0
2026-08-12T00:44:39.404546,0.22436889958546963,0.012335503650680018,0.0,False,0,0.0,False,0.0,-8.846049431238328,3.2922466997356707,-18.399895874975073,UP,1.160186767578125,0.9611056333284342,0.18265324908144734,NORMAL,STABLE,NORMAL,NO_ACTION,False,0.0
2026-08-12T00:44:39.437255,0.2199828623918828,0.008712804397886163,0.0,False,0,0.0,False,0.0,-8.34892996262792,6.272774417766243,-18.835146444539618,UP,1.1928954124450684,0.9672933606763179,0.19216386909762673,NORMAL,STABLE,NORMAL,NO_ACTION,False,0.0
2026-08-12T00:44:39.458738,0.24535654402692325,0.003539182274594097,0.0,False,0,0.0,False,0.0,-6.67629518108086,5.89635127393484,-18.818219674193898,UP,1.2143778800964355,0.9701077728480796,0.15679850838687387,NORMAL,STABLE,NORMAL,NO_ACTION,False,0.0
2026-08-12T00:44:39.490250,0.25689961996705385,0.006990704960831695,0.0,False,0,0.0,False,0.0,-9.125497273829495,4.31271640393058,-19.66289430076114,UP,1.2458906173706055,0.9660588394694299,0.14460636308061098,NORMAL,STABLE,NORMAL,NO_ACTION,False,0.0
2026-08-12T00:44:39.523612,0.2159868731687491,0.011126282072060605,0.0,False,0,0.0,False,0.0,-9.020884191238366,5.425846491639874,-19.436903927170903,UP,1.279252290725708,0.9662149065194493,0.20200633257075162,LOW,STABLE,NORMAL,NO_ACTION,False,0.0
2026-08-12T00:44:39.554673,0.26228538027761844,0.0035355144292148954,0.0,False,0,0.0,False,0.0,-8.982726843445306,6.192460017456824,-20.234725482255328,UP,1.3103132247924805,0.9691873507311877,0.14194517893035088,NORMAL,STABLE,NORMAL,NO_ACTION,False,0.0
2026-08-12T00:44:39.602292,0.2561398650177543,0.002199426908895944,0.0,False,0,0.0,False,0.0,-7.9729254008120165,6.557177814292828,-20.698087911682023,UP,1.3579323291778564,0.9655018754286694,0.1521024163656463,NORMAL,STABLE,NORMAL,NO_ACTION,False,0.0
2026-08-12T00:44:39.635284,0.23293133870996136,0.0017017775183590005,0.0,False,0,0.0,False,0.0,-7.607492081701849,5.0416181154342325,-20.96180885502207,UP,1.3909244537353516,0.9593611516816088,0.18379128255486082,NORMAL,STABLE,NORMAL,NO_ACTION,False,0.0
2026-08-12T00:44:39.665694,0.26057599315606406,0.004712420679313676,0.0,False,0,0.0,False,0.0,-8.22252109144884,5.6323495020226915,-21.948966497891718,UP,1.4213340282440186,0.9651087993582207,0.14967308612012542,NORMAL,STABLE,NORMAL,NO_ACTION,False,0.0
2026-08-12T00:44:39.698220,0.21503422124118055,0.0052898470892854925,0.0,False,0,0.0,False,0.0,-9.04566390322475,5.642528567175475,-22.261733143040317,UP,1.4538607597351074,0.9608777075066139,0.21393431024052956,LOW,STABLE,NORMAL,NO_ACTION,False,0.0
2026-08-12T00:44:39.730280,0.23205559115515345,0.0016742671933376208,0.0,False,0,0.0,False,0.0,-9.1038135250528,4.8649351388563105,-22.871518074502546,UP,1.4859199523925781,0.9565086759626692,0.19236487200805213,NORMAL,STABLE,NORMAL,NO_ACTION,False,0.0
2026-08-12T00:44:39.761844,0.20426958876701184,0.007591279536093455,0.0025906735751295338,True,0,0.0,False,0.0,-9.208025668298347,7.426701693304864,-23.656780769806716,UP,1.5174839496612549,0.9620274478554282,0.23415600255575947,LOW,STABLE,NORMAL,NO_ACTION,False,0.0
2026-08-12T00:44:39.793557,0.2187655238655087,0.0055323630607231975,0.002583979328165375,False,1,0.03171372413635254,False,0.0,-9.565866220531149,5.426658664180167,-24.14255525725318,UP,1.5491976737976074,0.9928617166066529,0.21182374894662198,LOW,STABLE,NORMAL,NO_ACTION,False,0.0
2026-08-12T00:44:39.856860,0.22613563203242748,0.009269694915484019,0.002577319587628866,False,1,0.03171372413635254,False,0.0,-8.767279756055558,6.949961913154226,-25.288745730009595,CENTER,0.0,0.9882390930426955,0.1362999321028449,NORMAL,STABLE,NORMAL,NO_ACTION,False,0.0
2026-08-12T00:44:39.880995,0.22948273136131764,0.0023272451878842046,0.002570694087403599,False,1,0.03171372413635254,False,0.0,-10.269966235195085,7.680468558495136,-26.13402112426735,CENTER,0.0,0.9819110350222908,0.13462572145293494,NORMAL,STABLE,NORMAL,NO_ACTION,False,0.0
2026-08-12T00:44:39.907411,0.2320435311010679,0.0069372712042347255,0.002564102564102564,False,1,0.03171372413635254,False,0.0,-9.681756262148866,5.9293747879144405,-25.99268689641289,CENTER,0.0,0.9869665209190673,0.12924411892031454,NORMAL,STABLE,NORMAL,NO_ACTION,False,0.0
2026-08-12T00:44:39.934619,0.22646570849186942,0.014496403721539203,0.0025575447570332483,False,1,0.03171372413635254,False,0.0,-9.538008249749197,7.408720744198149,-26.39665274670631,CENTER,0.0,0.9846526438185872,0.13800021239675586,NORMAL,STABLE,NORMAL,NO_ACTION,False,0.0
2026-08-12T00:44:39.987682,0.20193160927861786,0.006410687381822608,0.00510204081632653,True,1,0.03171372413635254,False,0.0,-13.2849550041567,5.3223344140849065,-26.93481301967597,CENTER,0.0,0.9882937617884089,0.1733319094690393,NORMAL,STABLE,NORMAL,NO_ACTION,False,0.0
2026-08-12T00:44:40.014212,0.2294876909256498,0.005531107389927804,0.005089058524173028,False,2,0.026529550552368164,False,0.0,-11.071387291939146,6.919141430043624,-27.231382250189398,CENTER,0.0,0.9883051483196159,0.13589771824658517,NORMAL,STABLE,NORMAL,NO_ACTION,False,0.0
2026-08-12T00:44:40.042337,0.2321761029883937,0.005018559656929938,0.005076142131979695,False,2,0.026529550552368164,False,0.0,-11.256315343072032,6.310661059767767,-27.31460757507358,CENTER,0.0,0.9846956983024693,0.132131932553892,NORMAL,STABLE,NORMAL,NO_ACTION,False,0.0
2026-08-12T00:44:40.073625,0.2150182621768323,0.003880590083793495,0.005063291139240506,False,2,0.026529550552368164,False,0.0,-10.247950664341602,6.610323494277708,-27.239128215502006,UP,0.0,0.9807996827846365,0.18018177483882913,NORMAL,STABLE,NORMAL,NO_ACTION,False,0.0
2026-08-12T00:44:40.103035,0.20547117042177793,0.004352588402620706,0.007575757575757576,True,2,0.026529550552368164,False,0.0,-11.256465512127761,6.769010891466792,-28.027967071427213,UP,0.02940964698791504,0.9873748017403978,0.19475662312488987,NORMAL,STABLE,NORMAL,NO_ACTION,False,0.0
2026-08-12T00:44:40.131186,0.22765681856307407,0.004720327959149542,0.007556675062972292,False,3,0.02815103530883789,False,0.0,-9.977203616197812,8.596445709693171,-28.470124533725055,UP,0.05756068229675293,0.9902998810442387,0.16568947240616091,NORMAL,STABLE,NORMAL,NO_ACTION,False,0.0
2026-08-12T00:44:40.163782,0.22694936674742122,0.0037030347396872685,0.007537688442211055,False,3,0.02815103530883789,False,0.0,-10.262999588755406,7.250808516966941,-28.52606787932993,UP,0.09015631675720215,0.9873419147590878,0.1659899747164411,NORMAL,STABLE,NORMAL,NO_ACTION,False,0.0
2026-08-12T00:44:40.193481,0.20215153725903381,0.00329835048377636,0.010025062656641603,True,3,0.02815103530883789,False,0.0,-10.011990180120875,7.054931364547599,-28.24605952749775,UP,0.11985540390014648,0.9817973304612483,0.19840093009931647,NORMAL,STABLE,NORMAL,NO_ACTION,False,0.0
2026-08-12T00:44:40.225569,0.18132709024796934,0.005892316708646436,0.0125,True,3,0.02815103530883789,False,0.0320887565612793,-9.999110092002581,6.847836399251207,-28.186148790479876,UP,0.15194416046142578,0.9878945500042866,0.2259471959927054,LOW,STABLE,NORMAL,NO_ACTION,False,0.0320887565612793
2026-08-12T00:44:40.257521,0.2018646382899063,0.0014844420123820738,0.014962593516209476,True,3,0.02815103530883789,False,0.0640406608581543,-8.832149067742222,6.268631232385161,-28.54078117142592,UP,0.18389606475830078,0.9851230013288752,0.1973632413634539,NORMAL,STABLE,NORMAL,NO_ACTION,False,0.0640406608581543
2026-08-12T00:44:40.290702,0.18659965744450333,0.00453726689439109,0.017412935323383085,True,3,0.02815103530883789,False,0.09722089767456055,-11.286987329707443,6.1268676528115975,-28.43692139433,UP,0.21707630157470703,0.9813636107896091,0.21987806955750666,LOW,STABLE,NORMAL,NO_ACTION,False,0.09722089767456055
2026-08-12T00:44:40.323074,0.18675345872093752,0.0008005536490420581,0.019851116625310174,True,3,0.02815103530883789,False,0.1295931339263916,-10.160766325889455,7.498905555027619,-28.41630186285539,UP,0.24944853782653809,0.9876504897548012,0.21955955249172793,LOW,STABLE,NORMAL,NO_ACTION,False,0.1295931339263916
2026-08-12T00:44:40.386665,0.15103520002541082,0.0018141619864930258,0.022277227722772276,True,3,0.02815103530883789,False,0.19318389892578125,-10.129668903017262,7.358992570252269,-27.970312549587447,UP,0.31303930282592773,0.9813137645747599,0.26662343229529084,LOW,STABLE,NORMAL,NO_ACTION,False,0.19318389892578125
2026-08-12T00:44:40.418640,0.21947828216514284,0.003367511026095622,0.022222222222222223,False,4,0.2251591682434082,False,0.0,-10.036740413657725,8.031668005656456,-27.99058602949782,UP,0.3450145721435547,0.9880867814429013,0.1791364022727212,NORMAL,STABLE,NORMAL,NO_ACTION,False,0.0
2026-08-12T00:44:40.451403,0.21245135971222956,0.001179074365390031,0.022167487684729065,False,4,0.2251591682434082,False,0.0,-9.607386012604138,7.322055116196509,-27.93794007322353,UP,0.3777775764465332,0.9912808641975308,0.18752898551975394,NORMAL,STABLE,NORMAL,NO_ACTION,False,0.0
2026-08-12T00:44:40.484247,0.20603124750275392,0.0032418850964371945,0.02457002457002457,True,4,0.2251591682434082,False,0.0,-9.020165302527431,6.243558097958328,-27.371229740172453,UP,0.41062164306640625,0.9867991523062415,0.19419902776287085,NORMAL,STABLE,NORMAL,NO_ACTION,False,0.0
2026-08-12T00:44:40.514866,0.24416839155872577,0.001470599706219637,0.024509803921568627,False,5,0.030619144439697266,False,0.0,-8.154647759947125,7.522319761219762,-27.42745432940444,UP,0.4412407875061035,0.9809698377486283,0.14013917753899252,NORMAL,STABLE,NORMAL,NO_ACTION,False,0.0
2026-08-12T00:44:40.541296,0.23036896024677345,0.001060682511254638,0.02444987775061125,False,5,0.030619144439697266,False,0.0,-8.480100477677126,7.7680912698729685,-27.417876695408467,UP,0.46767091751098633,0.9809583038623114,0.1590200969399594,NORMAL,STABLE,NORMAL,NO_ACTION,False,0.0
2026-08-12T00:44:40.568613,0.2177990615839423,0.0031050400353851413,0.024390243902439025,False,5,0.030619144439697266,False,0.0,-8.226484409231603,7.232267649545321,-27.681775512797486,UP,0.49498796463012695,0.9868025280778463,0.17540288000433213,NORMAL,STABLE,NORMAL,NO_ACTION,False,0.0
2026-08-12T00:44:40.592910,0.23591817098504064,0.0019459684813211905,0.024330900243309004,False,5,0.030619144439697266,False,0.0,-8.876008079283991,7.4644563777383155,-27.760416245683246,UP,0.519284725189209,0.9838752786351167,0.14861529277129468,NORMAL,STABLE,NORMAL,NO_ACTION,False,0.0
2026-08-12T00:44:40.616102,0.24598574549804664,0.006007920418928405,0.024271844660194174,False,5,0.030619144439697266,False,0.0,-7.943115803061801,8.259012375659012,-27.896001903076353,UP,0.5424771308898926,0.9804959437157065,0.13600293358875695,NORMAL,STABLE,NORMAL,NO_ACTION,False,0.0
2026-08-12T00:44:40.659320,0.21725453598518496,0.007143287144314667,0.024213075060532687,False,5,0.030619144439697266,False,0.0,-9.168624201767472,6.206641886246047,-27.79069005569221,UP,0.5856945514678955,0.9867436396176269,0.175780408045427,NORMAL,STABLE,NORMAL,NO_ACTION,False,0.0
2026-08-12T00:44:40.690651,0.22181623726806338,0.004809563082413084,0.024154589371980676,False,5,0.030619144439697266,False,0.0,-9.413763823588653,6.670160406326573,-28.142039054869542,UP,0.6170260906219482,0.9898907964677642,0.17196499952372885,NORMAL,STABLE,NORMAL,NO_ACTION,False,0.0
2026-08-12T00:44:40.722478,0.201945443147105,0.0057958570944317,0.02650602409638554,True,5,0.030619144439697266,False,0.0,-12.197820424861874,6.010669869560417,-28.800708128633488,UP,0.6488523483276367,0.9851790096664951,0.20267744811462454,LOW,STABLE,NORMAL,NO_ACTION,False,0.0
2026-08-12T00:44:40.786503,0.22386155466224442,0.007307262287076115,0.026442307692307692,False,6,0.0640249252319336,False,0.0,-10.532314382968707,6.4424911894372485,-29.774999383855544,UP,0.7128772735595703,0.9881208338691702,0.17587663623538352,NORMAL,STABLE,NORMAL,NO_ACTION,False,0.0
2026-08-12T00:44:40.819021,0.2165285604273135,0.007883217026969109,0.026378896882494004,False,6,0.0640249252319336,False,0.0,-9.650739906328397,6.5016351990963415,-29.552432949114888,UP,0.7453954219818115,0.9847828923396775,0.18604254996145694,NORMAL,STABLE,NORMAL,NO_ACTION,False,0.0
2026-08-12T00:44:40.851528,0.24043924344441758,0.005061493378674337,0.02631578947368421,False,6,0.0640249252319336,False,0.0,-10.566785518927276,7.0835489301437065,-29.46439532028006,UP,0.7779028415679932,0.9792238672410837,0.15678790617010044,NORMAL,STABLE,NORMAL,NO_ACTION,False,0.0
2026-08-12T00:44:40.882871,0.24574539496467368,0.004527561166732654,0.026252983293556086,False,6,0.0640249252319336,False,0.0,-9.420409608597623,8.121492109124603,-29.318094061071548,UP,0.8092460632324219,0.9852690704303841,0.15057606914048183,NORMAL,STABLE,NORMAL,NO_ACTION,False,0.0
2026-08-12T00:44:40.914666,0.2340762678231071,0.010350715720305157,0.02619047619047619,False,6,0.0640249252319336,False,0.0,-9.051061616149724,7.784620400182575,-29.802079503223638,CENTER,0.0,0.9819610687800068,0.13093467130649675,NORMAL,STABLE,NORMAL,NO_ACTION,False,0.0
2026-08-12T00:44:40.948725,0.22582078349584633,0.0033878123548651932,0.026128266033254157,False,6,0.0640249252319336,False,0.0,-9.654583576116437,6.3960182735035005,-29.479381640141384,UP,0.0,0.9782678272890946,0.16720952763353902,NORMAL,STABLE,NORMAL,NO_ACTION,False,0.0
2026-08-12T00:44:40.978861,0.22950640276836595,0.009522229663871389,0.026066350710900472,False,6,0.0640249252319336,False,0.0,-9.164427005632888,6.236805271158147,-29.196936930930264,CENTER,0.0,0.9849903281464334,0.13543639501766858,NORMAL,STABLE,NORMAL,NO_ACTION,False,0.0
2026-08-12T00:44:41.009851,0.23389062089034546,0.008368344158947985,0.026004728132387706,False,6,0.0640249252319336,False,0.0,-8.783101202674914,7.080789737378666,-29.58943078865053,CENTER,0.0,0.9889328007115912,0.13021106961484846,NORMAL,STABLE,NORMAL,NO_ACTION,False,0.0
2026-08-12T00:44:41.042684,0.2237878395173526,0.005978460614327256,0.025943396226415096,False,6,0.0640249252319336,False,0.0,-10.62601517043197,6.1426022764141806,-29.75140830856452,CENTER,0.0,0.9856292465063443,0.1449345011933071,NORMAL,STABLE,NORMAL,NO_ACTION,False,0.0
2026-08-12T00:44:41.067471,0.21147910548900642,0.00384532370536052,0.02588235294117647,False,6,0.0640249252319336,False,0.0,-10.589419832854617,6.69159507904385,-29.693720295026765,CENTER,0.0,0.9856628166795266,0.16165184999118665,NORMAL,STABLE,NORMAL,NO_ACTION,False,0.0
2026-08-12T00:44:41.096518,0.22758848710034812,0.0024394743610266557,0.025821596244131457,False,6,0.0640249252319336,False,0.0,-8.843400224740748,7.138727357048936,-29.604395657270175,CENTER,0.0,0.979678323795439,0.13872823484378538,NORMAL,STABLE,NORMAL,NO_ACTION,False,0.0
2026-08-12T00:44:41.126920,0.23019932042797847,0.0066292103176200275,0.02576112412177986,False,6,0.0640249252319336,False,0.0,-9.644898466716171,6.762854381680029,-29.969775268673175,UP,0.0,0.9851380449459877,0.1620993200798392,NORMAL,STABLE,NORMAL,NO_ACTION,False,0.0
2026-08-12T00:44:41.187118,0.21854257524787432,0.0029338712795258367,0.02570093457943925,False,6,0.0640249252319336,False,0.0,-11.40364513070773,5.53831826328701,-29.665399474111638,UP,0.06019759178161621,0.979072855045439,0.17815776507170092,NORMAL,STABLE,NORMAL,NO_ACTION,False,0.0
2026-08-12T00:44:41.218986,0.21528930380582348,0.0026574117273761733,0.02564102564102564,False,6,0.0640249252319336,False,0.0,-10.945389410378482,5.258734146409239,-29.123698240992837,UP,0.09206557273864746,0.9859492080332648,0.18133061695485148,NORMAL,STABLE,NORMAL,NO_ACTION,False,0.0
2026-08-12T00:44:41.251447,0.20932780931911596,0.005586260913761202,0.027906976744186046,True,6,0.0640249252319336,False,0.0,-11.402828303372758,6.344914636020718,-28.72119226155357,UP,0.1245262622833252,0.9840559092078189,0.19011663831860423,NORMAL,STABLE,NORMAL,NO_ACTION,False,0.0
2026-08-12T00:44:41.282252,0.2239737051871461,0.008254641917099377,0.027842227378190254,False,7,0.030805349349975586,False,0.0,-10.014713931989945,7.05579966704704,-28.816841082542908,UP,0.15533161163330078,0.9796662540723595,0.16985759767214859,NORMAL,STABLE,NORMAL,NO_ACTION,False,0.0
2026-08-12T00:44:41.313885,0.22681565415669624,0.011384823125959813,0.027777777777777776,False,7,0.030805349349975586,False,0.0,-9.375671337886189,6.385295041647765,-29.070128999953482,UP,0.1869645118713379,0.9849171596364883,0.16521261157240363,NORMAL,STABLE,NORMAL,NO_ACTION,False,0.0
2026-08-12T00:44:41.346252,0.2051063582798992,0.00584115655214877,0.03002309468822171,True,7,0.030805349349975586,False,0.0,-11.345438780288163,6.181447596893349,-29.083914353236565,UP,0.2193317413330078,0.9878016225137174,0.19592120413091452,NORMAL,STABLE,NORMAL,NO_ACTION,False,0.0
2026-08-12T00:44:41.377499,0.21049601984330232,0.009075364774227351,0.029953917050691243,False,8,0.031246662139892578,False,0.0,-10.971028506270272,5.468917799273555,-28.899821371846713,UP,0.2505784034729004,0.984102969071502,0.1876825659095553,NORMAL,STABLE,NORMAL,NO_ACTION,False,0.0
2026-08-12T00:44:41.410980,0.2161940194144195,0.006208451252109552,0.029885057471264367,False,8,0.031246662139892578,False,0.0,-9.948602799842746,6.602464371031829,-29.276332393057544,UP,0.284060001373291,0.9790950520833333,0.18028191375301578,NORMAL,STABLE,NORMAL,NO_ACTION,False,0.0
2026-08-12T00:44:41.444088,0.23029288094943567,0.009133291683158008,0.02981651376146789,False,8,0.031246662139892578,False,0.0,-10.087857864782961,6.951296023902216,-29.461926840373167,UP,0.3171675205230713,0.9862246281292867,0.162048183726684,NORMAL,STABLE,NORMAL,NO_ACTION,False,0.0
2026-08-12T00:44:41.473644,0.2371424078682625,0.005492423885129134,0.029748283752860413,False,8,0.031246662139892578,False,0.0,-11.019126846534931,7.102417315731884,-29.62417518723248,UP,0.3467237949371338,0.9835571791409465,0.15407764101026944,NORMAL,STABLE,NORMAL,NO_ACTION,False,0.0
2026-08-12T00:44:41.505780,0.22090287344634224,0.002671773450906978,0.02968036529680365,False,8,0.031246662139892578,False,0.0,-10.876966547322326,7.349352296903106,-29.514366151393347,CENTER,0.0,0.979307042502572,0.1496660583662184,NORMAL,STABLE,NORMAL,NO_ACTION,False,0.0
2026-08-12T00:44:41.538933,0.22646287206502366,0.006600652096076594,0.029612756264236904,False,8,0.031246662139892578,False,0.0,-9.513220274476453,5.411235488323939,-29.318957159809827,CENTER,0.0,0.9851607644247258,0.13935156707307067,NORMAL,STABLE,NORMAL,NO_ACTION,False,0.0
2026-08-12T00:44:41.570657,0.22684762789712576,0.004461130290460915,0.029545454545454545,False,8,0.031246662139892578,False,0.0,-10.125444431283341,6.6445881766419745,-29.542447988156027,CENTER,0.0,0.9820566084747943,0.1405340765945709,NORMAL,STABLE,NORMAL,NO_ACTION,False,0.0
2026-08-12T00:44:41.603179,0.23564410210353084,0.004284891642603031,0.02947845804988662,False,8,0.031246662139892578,False,0.0,-10.807112683916642,7.183749007680575,-29.49568189484279,CENTER,0.0,0.9789561230066871,0.12980622551742244,NORMAL,STABLE,NORMAL,NO_ACTION,False,0.0
2026-08-12T00:44:41.633559,0.2511360361379124,0.006076510800983965,0.029411764705882353,False,8,0.031246662139892578,False,0.0,-10.173581198895533,7.20880227440415,-29.297743867375374,CENTER,0.0,0.9859647606953018,0.10836773315218806,NORMAL,STABLE,NORMAL,NO_ACTION,False,0.0
2026-08-12T00:44:41.666780,0.21355180176038108,0.00891221729795968,0.029345372460496615,False,8,0.031246662139892578,False,0.0,-10.428162519679262,7.022095971965882,-29.145234203956733,CENTER,0.0,0.9895657444915982,0.1584434934405241,NORMAL,STABLE,NORMAL,NO_ACTION,False,0.0
2026-08-12T00:44:41.714308,0.23687452141286217,0.00987563754593127,0.02927927927927928,False,8,0.031246662139892578,False,0.0,-9.238435710224053,8.450942991279533,-29.49937675882518,UP,0.0,0.984782771776406,0.15357384228378493,NORMAL,STABLE,NORMAL,NO_ACTION,False,0.0
2026-08-12T00:44:41.745864,0.20450670164682855,0.009180564730503401,0.03146067415730337,True,8,0.031246662139892578,False,0.0,-10.831419860358096,7.196418463373021,-29.373993763632427,UP,0.03155684471130371,0.9787237573945473,0.1972381353693963,NORMAL,STABLE,NORMAL,NO_ACTION,False,0.0
2026-08-12T00:44:41.777487,0.22917774243524994,0.006542568925390034,0.03139013452914798,False,9,0.03162240982055664,False,0.0,-9.7965441090669,7.417262307975733,-29.48636407713235,UP,0.06317925453186035,0.9846495761531207,0.16361457408065588,NORMAL,STABLE,NORMAL,NO_ACTION,False,0.0
2026-08-12T00:44:41.810622,0.21162519226269033,0.0037284838498435418,0.03131991051454139,False,9,0.03162240982055664,False,0.0,-10.539428718502506,7.109242881130115,-29.212327640502735,UP,0.0963139533996582,0.9822152965320645,0.18724699926145633,NORMAL,STABLE,NORMAL,NO_ACTION,False,0.0
2026-08-12T00:44:41.841620,0.23461802740114515,0.0019827237322560596,0.03125,False,9,0.03162240982055664,False,0.0,-10.16940545342166,6.8008498556201005,-29.455869180272288,UP,0.12731289863586426,0.9794195146390603,0.15624536023034846,NORMAL,STABLE,NORMAL,NO_ACTION,False,0.0
2026-08-12T00:44:41.874375,0.21194355359909794,0.003576205022702237,0.031180400890868598,False,9,0.03162240982055664,False,0.0,-11.355982270478023,6.026324827911196,-29.55540420930197,UP,0.16006779670715332,0.9863405430169754,0.18715709085374155,NORMAL,STABLE,NORMAL,NO_ACTION,False,0.0
2026-08-12T00:44:41.905931,0.22052768367171097,0.002795712905088825,0.03111111111111111,False,9,0.03162240982055664,False,0.0,-11.178112480419998,7.559108773631323,-29.702008150344767,UP,0.19162368774414062,0.9826074888545951,0.17678848686311482,NORMAL,STABLE,NORMAL,NO_ACTION,False,0.0
2026-08-12T00:44:41.939213,0.22412759790367331,0.008181779398663238,0.031042128603104215,False,9,0.03162240982055664,False,0.0,-9.839164325528913,8.360141246565973,-29.59665160196201,UP,0.22490501403808594,0.978779109332133,0.17117631273668746,NORMAL,STABLE,NORMAL,NO_ACTION,False,0.0
2026-08-12T00:44:41.971546,0.18813185821093764,0.004354920514143677,0.033185840707964605,True,9,0.03162240982055664,False,0.0,-9.477911092461056,8.238301558279659,-29.289511109185753,UP,0.25723814964294434,0.9853800288280178,0.21843899859390797,LOW,STABLE,NORMAL,NO_ACTION,False,0.0
2026-08-12T00:44:42.002367,0.21303428558711002,0.003968482608135595,0.033112582781456956,False,10,0.030820846557617188,False,0.0,-9.616762242199258,8.317641142548979,-29.1889209600769,UP,0.2880589962005615,0.988806825488683,0.18532990682973796,NORMAL,STABLE,NORMAL,NO_ACTION,False,0.0
2026-08-12T00:44:42.033965,0.20590536747661609,0.0026462263970578447,0.03524229074889868,True,10,0.030820846557617188,False,0.0,-9.148083755485231,7.043761147323295,-28.73874206346821,UP,0.3196570873260498,0.9856754892189643,0.19303028090768198,NORMAL,STABLE,NORMAL,NO_ACTION,False,0.0
2026-08-12T00:44:42.066056,0.21548483937802776,0.003982375793993565,0.035164835164835165,False,11,0.032091617584228516,False,0.0,-8.238846141158035,8.070325597721194,-28.87926516777432,UP,0.3517487049102783,0.9808507212362827,0.180258815762178,NORMAL,STABLE,NORMAL,NO_ACTION,False,0.0
2026-08-12T00:44:42.098924,0.2059531746208549,0.001970523618219617,0.03728070175438596,True,11,0.032091617584228516,False,0.0,-9.07794223029012,7.27242538705255,-29.269871136334274,UP,0.3846161365509033,0.9860668375985939,0.1935755983788512,NORMAL,STABLE,NORMAL,NO_ACTION,False,0.0
2026-08-12T00:44:42.131078,0.19637890532631858,0.005429384262272899,0.03938730853391685,True,11,0.032091617584228516,False,0.03215432167053223,-9.46393894139672,7.4494020652009,-28.766324179692134,UP,0.41677045822143555,0.9828311471193416,0.20635591072860218,LOW,STABLE,NORMAL,NO_ACTION,False,0.03215432167053223
2026-08-12T00:44:42.162955,0.21480104631584696,0.00274493903607506,0.039301310043668124,False,12,0.06403112411499023,False,0.0,-9.836591656221287,6.719118183240113,-28.806394579905714,UP,0.44864726066589355,0.9791597677683471,0.18166306590155534,NORMAL,STABLE,NORMAL,NO_ACTION,False,0.0
2026-08-12T00:44:42.195096,0.2142089021559468,0.0029855883609278557,0.0392156862745098,False,12,0.06403112411499023,False,0.0,-10.12436545936012,6.6098325761469425,-28.80955513618767,UP,0.480787992477417,0.9860051092035322,0.18265382196685273,NORMAL,STABLE,NORMAL,NO_ACTION,False,0.0
2026-08-12T00:44:42.241555,0.2071943732950483,0.002424305532902941,0.041304347826086954,True,12,0.06403112411499023,False,0.0,-10.718533130551293,5.824971185359004,-28.537948803719473,UP,0.5272476673126221,0.9901302887088477,0.18859769631628034,NORMAL,STABLE,NORMAL,NO_ACTION,False,0.0
2026-08-12T00:44:42.274875,0.22103559239892853,0.0062784644637336505,0.04121475054229935,False,13,0.033319950103759766,False,0.0,-9.262409048175812,5.854307889467179,-28.45766749132224,UP,0.5605676174163818,0.9870300979509601,0.17012828814397404,NORMAL,STABLE,NORMAL,NO_ACTION,False,0.0
2026-08-12T00:44:42.306386,0.21821219738846184,0.0030572983910315448,0.04112554112554113,False,13,0.033319950103759766,False,0.0,-9.704418778912071,5.745319448765599,-28.724822811131958,UP,0.592078685760498,0.9810916602366255,0.1758624802573048,NORMAL,STABLE,NORMAL,NO_ACTION,False,0.0
2026-08-12T00:44:42.337626,0.20733710473608158,0.005960913898346861,0.04319654427645788,True,13,0.033319950103759766,False,0.0,-8.55788418638096,5.840140338813541,-28.218576996394972,UP,0.6233179569244385,0.9863332154492456,0.19019322098006275,NORMAL,STABLE,NORMAL,NO_ACTION,False,0.0
2026-08-12T00:44:42.370934,0.22603039772014796,0.0046292780641452045,0.04310344827586207,False,14,0.03330802917480469,False,0.0,-10.475052146076905,4.608189041346776,-28.562433146622993,UP,0.6566259860992432,0.9839817627957819,0.1679997181380462,NORMAL,STABLE,NORMAL,NO_ACTION,False,0.0
2026-08-12T00:44:42.402398,0.20872867876864676,0.004296394818739802,0.04516129032258064,True,14,0.03330802917480469,False,0.0,-11.419114847679367,5.8504802204202235,-28.651298358898174,UP,0.6880908012390137,0.9810963756001373,0.19432403368324344,NORMAL,STABLE,NORMAL,NO_ACTION,False,0.0
2026-08-12T00:44:42.434742,0.18983570985560427,0.00422196648623766,0.04721030042918455,True,14,0.03330802917480469,False,0.03234410285949707,-10.30767644694447,4.838041572716037,-28.40317264510105,UP,0.7204349040985107,0.9874277959962277,0.2188758211131352,LOW,STABLE,NORMAL,NO_ACTION,False,0.03234410285949707
2026-08-12T00:44:42.466647,0.20901088397997555,0.004054154476098896,0.04925053533190578,True,14,0.03330802917480469,False,0.06424880027770996,-8.601969018551927,4.6423018263588745,-28.155338694628966,UP,0.7523396015167236,0.9852904369212963,0.19266890357970917,NORMAL,STABLE,NORMAL,NO_ACTION,False,0.06424880027770996
2026-08-12T00:44:42.499673,0.1958682861381248,0.01095805400362271,0.05128205128205128,True,14,0.03330802917480469,False,0.0972750186920166,-10.785179245459403,2.6417760865082585,-28.07724954926141,UP,0.7853658199310303,0.9810354643561385,0.21220583298875798,LOW,STABLE,NORMAL,NO_ACTION,False,0.0972750186920166
2026-08-12T00:44:42.532753,0.19326119558267923,0.005630411618725776,0.053304904051172705,True,14,0.03330802917480469,False,0.1303544044494629,-9.284620078995744,4.95795655316806,-28.293731989344337,UP,0.8184452056884766,0.9870174120156034,0.21755167245343277,LOW,STABLE,NORMAL,NO_ACTION,False,0.1303544044494629
2026-08-12T00:44:42.561849,0.17379290007196957,0.013564491338467552,0.05531914893617021,True,14,0.03330802917480469,False,0.15945076942443848,-10.071564692549941,3.2144062674124143,-28.042945025925093,UP,0.8475415706634521,0.9899939316486626,0.24402731148074916,LOW,STABLE,NORMAL,NO_ACTION,False,0.15945076942443848
2026-08-12T00:44:42.594646,0.19441533452229348,0.0016044297713814814,0.05732484076433121,True,14,0.03330802917480469,False,0.19224810600280762,-9.719277922821874,5.148429203378157,-27.678985420125173,UP,0.8803389072418213,0.9863293574245542,0.21865902574269863,LOW,STABLE,NORMAL,NO_ACTION,False,0.19224810600280762
2026-08-12T00:44:42.626576,0.22018959645769193,0.005243426906577053,0.057203389830508475,False,15,0.22417736053466797,False,0.0,-9.77457000470551,3.8234068699802037,-27.67840202994978,UP,0.9122681617736816,0.9869759114583333,0.18799631413291684,NORMAL,STABLE,NORMAL,NO_ACTION,False,0.0
2026-08-12T00:44:42.657751,0.1883162407103205,0.0034347635132574634,0.05919661733615222,True,15,0.22417736053466797,False,0.0,-9.324841446895448,3.890722177289433,-28.00675795134302,UP,0.9434435367584229,0.9908953162508574,0.23177679396933207,LOW,STABLE,NORMAL,NO_ACTION,False,0.0
2026-08-12T00:44:42.690701,0.176941294473772,0.006610063991718065,0.06118143459915612,True,15,0.22417736053466797,False,0.03295016288757324,-10.460913593384845,3.013611847593012,-27.746690309200318,UP,0.9763936996459961,0.9873569047925239,0.24858132066481875,LOW,STABLE,NORMAL,NO_ACTION,False,0.03295016288757324
2026-08-12T00:44:42.721772,0.18595511626745093,0.0033954769434556267,0.06315789473684211,True,15,0.22417736053466797,False,0.06402063369750977,-9.771822397100522,3.4689811341767722,-27.570345038596685,UP,1.0074641704559326,0.9812467179998284,0.2374047732286884,LOW,STABLE,NORMAL,NO_ACTION,False,0.06402063369750977
2026-08-12T00:44:42.769897,0.18160367203553124,0.004840780415336616,0.06512605042016807,True,15,0.22417736053466797,False,0.11214566230773926,-9.040386501579093,2.517743504917803,-27.73979321228944,UP,1.055589199066162,0.9867939412937242,0.2440639384614655,LOW,STABLE,NORMAL,NO_ACTION,False,0.11214566230773926
2026-08-12T00:44:42.801902,0.1658063743516817,0.007304321862817128,0.06708595387840671,True,15,0.22417736053466797,False,0.1441507339477539,-10.415931183187723,1.7965483877114252,-27.80254457432315,UP,1.0875942707061768,0.9843696818201302,0.26737805115726465,LOW,STABLE,NORMAL,NO_ACTION,False,0.1441507339477539
2026-08-12T00:44:42.835129,0.19333161647430075,0.00038808968965947264,0.06903765690376569,True,15,0.22417736053466797,False,0.17737793922424316,-10.31709810609209,1.6919812978387085,-27.397600637432674,UP,1.120821475982666,0.9817936599794239,0.23155693460700727,LOW,STABLE,NORMAL,NO_ACTION,False,0.17737793922424316
2026-08-12T00:44:42.865779,0.1911658530895919,0.013020452284766804,0.0709812108559499,True,15,0.22417736053466797,False,0.20802807807922363,-10.117651350064648,0.9005786675030265,-27.384093936091062,UP,1.1514716148376465,0.9885596171982167,0.23499615694503334,LOW,STABLE,NORMAL,NO_ACTION,False,0.20802807807922363
2026-08-12T00:44:42.898143,0.1858343544348978,0.004483956081287366,0.07291666666666667,True,15,0.22417736053466797,False,0.24039196968078613,-7.54846303612635,2.5296685255306954,-27.15805885359876,UP,1.183835506439209,0.9913553589034636,0.24199212541418744,LOW,STABLE,NORMAL,NO_ACTION,False,0.24039196968078613
2026-08-12T00:44:42.930447,0.1966964188416507,0.006090318745350649,0.07484407484407485,True,15,0.22417736053466797,False,0.27269577980041504,-8.358797899763886,1.0652844633228256,-26.6846045641646,UP,1.216139316558838,0.9874490687157065,0.22817599744800576,LOW,STABLE,NORMAL,NO_ACTION,False,0.27269577980041504
2026-08-12T00:44:42.962490,0.17025433986744837,0.002569339297394698,0.07676348547717843,True,15,0.22417736053466797,False,0.30473923683166504,-9.194850817577674,-0.8957581601632683,-26.458141895065467,UP,1.248182773590088,0.9878693656764403,0.2652852297203323,LOW,STABLE,NORMAL,NO_ACTION,False,0.30473923683166504
2026-08-12T00:44:42.994997,0.1903285472367549,0.005347961190578266,0.07867494824016563,True,15,0.22417736053466797,False,0.3372457027435303,-8.03182140288618,2.0206954509469313,-26.188284262985178,UP,1.2806892395019531,0.9911271728180726,0.23936087097129752,LOW,STABLE,NORMAL,NO_ACTION,False,0.3372457027435303
2026-08-12T00:44:43.025833,0.1802599086005499,0.00689877791884039,0.08057851239669421,True,15,0.22417736053466797,False,0.36808156967163086,-8.617779022447195,2.093576934521792,-26.06243128755665,UP,1.3115251064300537,0.9886355988511658,0.25461764374486834,LOW,STABLE,NORMAL,NO_ACTION,False,0.36808156967163086
2026-08-12T00:44:43.058647,0.19427239977069483,0.0024085472122739797,0.08247422680412371,True,15,0.22417736053466797,False,0.4008960723876953,-8.445391667907387,0.9589859034466883,-25.907894679282634,UP,1.3443396091461182,0.9831080273705418,0.23622204144536668,LOW,STABLE,NORMAL,NO_ACTION,False,0.4008960723876953
2026-08-12T00:44:43.090998,0.20092321641939714,0.0032030373691560765,0.08436213991769548,True,15,0.22417736053466797,False,0.43324708938598633,-6.70019462458265,2.229687287655736,-25.703450954134865,UP,1.3766906261444092,0.9886518213091564,0.22779646024338548,LOW,STABLE,NORMAL,NO_ACTION,False,0.43324708938598633
2026-08-12T00:44:43.121591,0.20612082300172246,0.00048821948457788105,0.08624229979466119,True,15,0.22417736053466797,False,0.4638402462005615,-8.187342752583447,1.1421490828993512,-25.853397751893908,UP,1.4072837829589844,0.9858287787208504,0.22298303911695394,LOW,STABLE,NORMAL,NO_ACTION,False,0.4638402462005615
2026-08-12T00:44:43.154221,0.23618220119369032,0.005352381132421932,0.0860655737704918,False,16,0.49646973609924316,False,0.0,-9.284620875782934,2.0775432776947014,-25.855347598775438,UP,1.439913272857666,0.9815371147333677,0.2223548744622762,LOW,STABLE,NORMAL,NO_ACTION,False,0.0
2026-08-12T00:44:43.186925,0.23331447144447653,0.008909435970688846,0.08588957055214724,False,16,0.49646973609924316,False,0.0,-7.901562852554321,1.0467521444884653,-25.758479000839827,UP,1.4726178646087646,0.9882045449674212,0.2254261383168203,LOW,STABLE,NORMAL,NO_ACTION,False,0.0
2026-08-12T00:44:43.218616,0.1999068800573252,0.007110669777294121,0.08775510204081632,True,16,0.49646973609924316,False,0.0,-7.9884675189499035,1.1837448192687816,-25.837489010376657,UP,1.5043082237243652,0.9924707835005144,0.271601551236641,LOW,STABLE,NORMAL,NO_ACTION,False,0.0
2026-08-12T00:44:43.250154,0.20667179981380837,0.005762021062541851,0.08961303462321792,True,16,0.49646973609924316,False,0.031537771224975586,-6.670834897510645,1.3614286655275691,-25.839581650706265,UP,1.5358459949493408,0.9896251152049041,0.2628098059252715,LOW,STABLE,NORMAL,NO_ACTION,False,0.031537771224975586
2026-08-12T00:44:43.298802,0.2135917535824461,0.002626383376852842,0.08943089430894309,False,17,0.08018660545349121,False,0.0,-7.137881640542503,0.8801927899372117,-25.66165321501944,UP,1.5844948291778564,0.9837877363040123,0.2160928698821637,LOW,STABLE,NORMAL,NO_ACTION,False,0.0
2026-08-12T00:44:43.331742,0.2097088706588927,0.007242271975153241,0.09127789046653144,True,17,0.08018660545349121,False,0.0,-7.340910120470454,1.3654769008806227,-25.55663439829678,UP,1.6174342632293701,0.9887817349322703,0.22314228523382762,LOW,STABLE,NORMAL,NO_ACTION,False,0.0
2026-08-12T00:44:43.363519,0.18266930096208725,0.004136773870194353,0.0931174089068826,True,17,0.08018660545349121,False,0.03177762031555176,-8.40572391239337,2.0549421431790904,-26.10397698601571,UP,1.6492118835449219,0.9855134789737654,0.2626224690467795,LOW,STABLE,NORMAL,NO_ACTION,False,0.03177762031555176
2026-08-12T00:44:43.395713,0.21076926561535084,0.004945244874615875,0.09292929292929293,False,18,0.06397151947021484,False,0.0,-7.038686032555148,1.0084666952608075,-25.546278639074416,UP,1.681405782699585,0.9818060646004803,0.22394168094910513,LOW,STABLE,NORMAL,NO_ACTION,False,0.0
2026-08-12T00:44:43.426544,0.2218458918875275,0.0028491509775318683,0.09274193548387097,False,18,0.06397151947021484,False,0.0,-7.975212926192938,0.24991466101897686,-25.584657988585235,UP,1.7122361660003662,0.9889959088863168,0.21089978466457557,LOW,STABLE,NORMAL,NO_ACTION,False,0.0
2026-08-12T00:44:43.460029,0.20268814612594324,0.003214863989292182,0.09456740442655935,True,18,0.06397151947021484,False,0.0,-7.160075055647951,1.0364752962291846,-25.45484640831515,UP,1.7457218170166016,0.9928994261188271,0.2375526108042584,LOW,STABLE,NORMAL,NO_ACTION,False,0.0
2026-08-12T00:44:43.491078,0.18169499088091184,0.0066491255010707,0.0963855421686747,True,18,0.06397151947021484,False,0.031048297882080078,-8.930828024371607,1.2374828497796102,-25.54157126307831,UP,1.7767701148986816,0.9887896251286008,0.2688227651764086,LOW,STABLE,NORMAL,NO_ACTION,False,0.031048297882080078
2026-08-12T00:44:43.522895,0.2046529743745813,0.0041106092148776325,0.09819639278557114,True,18,0.06397151947021484,False,0.0628657341003418,-7.903421668274319,0.2795407379331323,-25.444308908277634,UP,1.8085875511169434,0.9882600576560356,0.23781601469266458,LOW,STABLE,NORMAL,NO_ACTION,False,0.0628657341003418
2026-08-12T00:44:43.586668,0.1655823824636395,0.007281628689100973,0.1,True,18,0.06397151947021484,False,0.12663888931274414,-7.1203810374505,1.8801863616773176,-25.63269871257728,UP,1.8723607063293457,0.994673367305384,0.29325703575065715,LOW,STABLE,NORMAL,NO_ACTION,False,0.12663888931274414
2026-08-12T00:44:43.618720,0.1876180107970113,0.007889624888173572,0.10179640718562874,True,18,0.06397151947021484,False,0.1586904525756836,-8.470128616991133,1.878412825704828,-25.867900237174126,UP,1.9044122695922852,0.9884699851037381,0.26768826903874426,LOW,STABLE,NORMAL,NO_ACTION,False,0.1586904525756836
2026-08-12T00:44:43.650375,0.20129338694215,0.006869102750053475,0.10358565737051793,True,18,0.06397151947021484,False,0.19034528732299805,-8.515326931541296,0.5368443580031794,-25.544565466762833,UP,1.9360671043395996,0.9890703768004115,0.2504840231110701,LOW,STABLE,NORMAL,NO_ACTION,False,0.19034528732299805
2026-08-12T00:44:43.682182,0.1962495881642872,0.0018359187554913637,0.10536779324055666,True,18,0.06397151947021484,False,0.2221527099609375,-8.619524772160275,0.412209460233413,-25.76249617041438,UP,1.967874526977539,0.9864508985982511,0.2596986614954959,LOW,STABLE,NORMAL,NO_ACTION,False,0.2221527099609375
2026-08-12T00:44:43.707259,0.20558888241734757,0.0005010580602966297,0.10714285714285714,True,18,0.06397151947021484,False,0.24722981452941895,-7.448423394490106,0.4278369954091943,-25.72608838376493,UP,1.9929516315460205,0.9864327471279148,0.24806897559103752,LOW,STABLE,NORMAL,NO_ACTION,False,0.24722981452941895
2026-08-12T00:44:43.730067,0.19241199708044532,0.004877637502481256,0.10891089108910891,True,18,0.06397151947021484,False,0.2700374126434326,-8.088911085348997,1.4341607062640378,-25.667098591248305,UP,2.015759229660034,0.9826074754586761,0.2687972525508466,LOW,STABLE,NORMAL,NO_ACTION,False,0.2700374126434326
2026-08-12T00:44:43.762135,0.19796557339501725,0.002805966027768129,0.11067193675889328,True,18,0.06397151947021484,False,0.3021056652069092,-7.801164801134291,1.101946881856918,-25.374406747600744,UP,2.0478274822235107,0.9879879597479425,0.262863758618121,LOW,STABLE,NORMAL,NO_ACTION,False,0.3021056652069092
2026-08-12T00:44:43.791855,0.1840885407737337,0.005505759625557939,0.11242603550295859,True,18,0.06397151947021484,False,0.33182597160339355,-7.67817021297256,0.6812032550488141,-25.586490284311452,UP,2.077547788619995,0.9913204491383745,0.2833133170564355,LOW,STABLE,NORMAL,NO_ACTION,False,0.33182597160339355
2026-08-12T00:44:43.826328,0.17913186724493302,0.006869068565959359,0.1141732283464567,True,18,0.06397151947021484,False,0.3662984371185303,-7.074381122321341,0.11069053452388289,-25.260172035502165,UP,2.112020254135132,0.988276856138546,0.29098192247127064,LOW,STABLE,NORMAL,NO_ACTION,False,0.3662984371185303
2026-08-12T00:44:43.858565,0.17232544404048317,0.007147940548099274,0.11591355599214145,True,18,0.06397151947021484,False,0.39853572845458984,-7.9490154339678725,1.5902280982130037,-25.376215199210378,UP,2.1442575454711914,0.9891435319144376,0.30434680714872586,LOW,STABLE,NORMAL,NO_ACTION,False,0.39853572845458984
2026-08-12T00:44:43.889840,0.1514885537447287,0.0011613574070823529,0.11764705882352941,True,18,0.06397151947021484,False,0.4298107624053955,-8.64165180226351,0.4009225422803411,-25.540108071070705,UP,2.175532579421997,0.9925285734953704,0.3343171934634188,LOW,STABLE,NORMAL,NO_ACTION,False,0.4298107624053955
2026-08-12T00:44:43.922005,0.19847515362528306,0.010259841964083418,0.11937377690802348,True,18,0.06397151947021484,False,0.4619755744934082,-7.871341665900388,0.7754608748743408,-25.447217980515944,UP,2.2076973915100098,0.9885060067301097,0.2733648312474708,LOW,STABLE,NORMAL,NO_ACTION,False,0.4619755744934082
2026-08-12T00:44:43.990405,0.19588486187351323,0.0019616068212750756,0.12109375,True,18,0.06397151947021484,False,0.5303757190704346,-7.558553838265283,0.3205662045796487,-25.633470786547548,UP,2.276097536087036,0.9879920455032577,0.2801921628151775,LOW,STABLE,NORMAL,NO_ACTION,False,0.5303757190704346
2026-08-12T00:44:44.019022,0.20409944521164097,0.004419077664916706,0.12280701754385964,True,18,0.06397151947021484,False,0.5589923858642578,-8.699257334643079,0.639682999849839,-25.238370663685117,UP,2.3047142028808594,0.9854388904963993,0.27228453603878666,LOW,STABLE,NORMAL,NO_ACTION,False,0.5589923858642578
2026-08-12T00:44:44.049407,0.2019329041479442,0.0065758006170075906,0.1245136186770428,True,18,0.06397151947021484,False,0.5893781185150146,-7.159153517888967,1.9491436555746304,-25.690696406491725,UP,2.335099935531616,0.9823635357724623,0.2772415046927289,LOW,STABLE,NORMAL,NO_ACTION,False,0.5893781185150146
2026-08-12T00:44:44.122326,0.18077228663873451,0.003741813376171586,0.1262135922330097,True,18,0.06397151947021484,False,0.6622962951660156,-6.410342954544177,0.5592433056593791,-25.240778618159737,UP,2.408018112182617,0.9892601299939986,0.30730728787983375,LOW,STABLE,NORMAL,NO_ACTION,False,0.6622962951660156
2026-08-12T00:44:44.164455,0.20045703996858433,0.0030091202462734314,0.12790697674418605,True,18,0.06397151947021484,False,0.7044260501861572,-6.383194441819853,2.1801880184320055,-25.21430926701416,UP,2.450147867202759,0.9856289384002058,0.2848523153553264,LOW,STABLE,LOW,VISUAL_REMINDER,False,0.7044260501861572
2026-08-12T00:44:44.207080,0.2125270973951727,0.0037250981348229298,0.1276595744680851,False,19,0.7470510005950928,False,0.0,-7.793143566729697,3.2973910650454172,-25.285198095845942,UP,2.4927728176116943,0.9812624849965706,0.34565527988282596,LOW,STABLE,LOW,VISUAL_REMINDER,False,0.0
2026-08-12T00:44:44.262871,0.22554813615283026,0.0075029399950605705,0.1274131274131274,False,19,0.7470510005950928,False,0.0,-8.612535528075227,2.1274112170860064,-25.25641589065711,UP,2.5485637187957764,0.9884828987697187,0.33050461953070154,LOW,STABLE,LOW,VISUAL_REMINDER,False,0.0
2026-08-12T00:44:44.303819,0.19993711291704155,0.003841675693349209,0.12909441233140656,True,19,0.7470510005950928,False,0.0,-7.347732320408852,1.4968236684344447,-25.166997344577112,UP,2.5895113945007324,0.9827646899648492,0.3655082025182515,MODERATE,STABLE,LOW,VISUAL_REMINDER,False,0.0
2026-08-12T00:44:44.335515,0.20736180746556684,0.004706509522226528,0.13076923076923078,True,19,0.7470510005950928,False,0.03169584274291992,-8.160566454236687,1.9872882856173248,-25.289719463561198,UP,2.6212072372436523,0.9892447246870714,0.35907463599162587,MODERATE,STABLE,LOW,VISUAL_REMINDER,False,0.03169584274291992
2026-08-12T00:44:44.386166,0.1900990532474923,0.011294943678874287,0.1324376199616123,True,19,0.7470510005950928,False,0.08234667778015137,-6.249257750172717,2.9612347372797956,-24.972040183711613,UP,2.671858072280884,0.9815333236882715,0.38367767862744295,MODERATE,STABLE,LOW,VISUAL_REMINDER,False,0.08234667778015137
2026-08-12T00:44:44.418568,0.20844542270220173,0.008662663376353475,0.13409961685823754,True,19,0.7470510005950928,False,0.11474871635437012,-7.573779048043917,0.6814658845644885,-25.187421273968994,UP,2.7042601108551025,0.9880272901663237,0.36128730871374415,MODERATE,STABLE,LOW,VISUAL_REMINDER,False,0.11474871635437012
2026-08-12T00:44:44.450571,0.21203255715350516,0.007770555174793203,0.1338432122370937,False,20,0.14675211906433105,False,0.0,-7.648636422725161,3.4425627273176644,-25.583364718229348,UP,2.7362635135650635,0.9914095320001716,0.2872704304219709,LOW,STABLE,LOW,VISUAL_REMINDER,False,0.0
2026-08-12T00:44:44.483722,0.2161414036160126,0.018195076725097695,0.13358778625954199,False,20,0.14675211906433105,False,0.0,-7.780719323300872,2.012450019735411,-25.3582673162893,UP,2.7694146633148193,0.9881032316315158,0.28197837660814395,LOW,STABLE,LOW,VISUAL_REMINDER,False,0.0
2026-08-12T00:44:44.514288,0.2207948100060459,0.0035324664544313165,0.13333333333333333,False,20,0.14675211906433105,False,0.0,-7.405402444962107,1.3658756713744253,-25.507665771167666,UP,2.7999801635742188,0.9889361764831962,0.27628659186575405,LOW,STABLE,LOW,VISUAL_REMINDER,False,0.0
2026-08-12T00:44:44.550310,0.19264068322961553,0.0241443544959973,0.13498098859315588,True,20,0.14675211906433105,False,0.0,-5.371817083638064,1.2941271794242084,-25.10971860847556,UP,2.836002826690674,0.9911270790466392,0.31381694314678743,LOW,INCREASING,LOW,VISUAL_REMINDER,False,0.0
2026-08-12T00:44:44.579150,0.20136605672637295,0.007521414905592338,0.1366223908918406,True,20,0.14675211906433105,False,0.028840065002441406,-6.406105174794675,2.1489371768223293,-24.956258480526486,UP,2.8648428916931152,0.9871737691829561,0.30571911659843526,LOW,INCREASING,LOW,VISUAL_REMINDER,False,0.028840065002441406
2026-08-12T00:44:44.610542,0.21292880569536077,0.0030161698412823623,0.13636363636363635,False,21,0.060231924057006836,False,0.0,-7.306793079330646,3.3196322851356967,-25.498777733868053,UP,2.8962347507476807,0.9815947037894375,0.2937683116649704,LOW,INCREASING,LOW,VISUAL_REMINDER,False,0.0
2026-08-12T00:44:44.642388,0.21927430329713882,0.005815391926821317,0.13610586011342155,False,21,0.060231924057006836,False,0.0,-8.439118765797474,2.7418239358331675,-25.37176256735387,UP,2.9280803203582764,0.9878260030864198,0.28710950552089104,LOW,INCREASING,LOW,VISUAL_REMINDER,False,0.0
2026-08-12T00:44:44.678504,0.23266063128852765,0.0021357950834037832,0.13584905660377358,False,21,0.060231924057006836,False,0.0,-5.912731356084635,2.6024029680140472,-25.209438824165176,UP,2.964195966720581,0.9860715663580246,0.2680078556070295,LOW,INCREASING,LOW,VISUAL_REMINDER,False,0.0
2026-08-12T00:44:44.705849,0.226041829776929,0.0037188963864033518,0.13559322033898305,False,21,0.060231924057006836,False,0.0,-7.6840397424267906,2.2204071300060377,-25.31325673522474,UP,2.9915411472320557,0.9831300904492456,0.2794197552711996,LOW,INCREASING,LOW,VISUAL_REMINDER,False,0.0
2026-08-12T00:44:44.738576,0.2259547333623103,0.0012776772294686958,0.13533834586466165,False,21,0.060231924057006836,False,0.0,-8.013429087849005,1.8000023253997028,-25.62391796672736,UP,3.02426815032959,0.9882078537594309,0.28008771618126077,LOW,INCREASING,LOW,VISUAL_REMINDER,False,0.0
2026-08-12T00:44:44.771707,0.201673190521712,0.0018044893589643136,0.13696060037523453,True,21,0.060231924057006836,False,0.0,-6.737114732353632,3.3082697008698005,-25.749812262755285,UP,3.057399272918701,0.9908808486582649,0.3132557261971788,LOW,INCREASING,LOW,VISUAL_REMINDER,False,0.0
2026-08-12T00:44:44.802840,0.2308599150021135,0.025442688988445785,0.13670411985018727,False,22,0.031133413314819336,False,0.0,-7.755394704282509,2.6543120159239493,-25.83468003249405,UP,3.0885326862335205,0.9879352066186557,0.2748018409395611,LOW,INCREASING,LOW,VISUAL_REMINDER,False,0.0
2026-08-12T00:44:44.834945,0.1982165223415091,0.010137469492446552,0.1383177570093458,True,22,0.031133413314819336,False,0.0,-8.61025981539143,0.9410346689370783,-25.26904769030267,UP,3.1206376552581787,0.9882573516803841,0.31817433653793187,LOW,INCREASING,LOW,VISUAL_REMINDER,False,0.0
2026-08-12T00:44:44.882367,0.218957066432433,0.0050754438178926406,0.13805970149253732,False,23,0.04742145538330078,False,0.0,-7.329499207413363,2.3454564093900387,-25.60019813491229,UP,3.1680591106414795,0.9920266953875172,0.2904911151653792,LOW,INCREASING,LOW,VISUAL_REMINDER,False,0.0
2026-08-12T00:44:44.913689,0.23758099316771708,0.010131530104307916,0.1378026070763501,False,23,0.04742145538330078,False,0.0,-8.203941394286261,0.814905665717987,-25.737325021365763,UP,3.199381113052368,0.9893555625214334,0.26539937143634684,LOW,INCREASING,LOW,VISUAL_REMINDER,False,0.0
2026-08-12T00:44:44.945646,0.23578180761049095,0.005612675682893908,0.137546468401487,False,23,0.04742145538330078,False,0.0,-7.7942781168042075,1.9996335862461194,-26.03685486542082,UP,3.2313382625579834,0.983323272998114,0.2684197985893352,LOW,INCREASING,LOW,VISUAL_REMINDER,False,0.0
2026-08-12T00:44:44.977487,0.21834544423043561,0.0017508738573614238,0.137291280148423,False,23,0.04742145538330078,False,0.0,-7.706669675674334,1.2928082906082352,-25.96326543670631,UP,3.263179063796997,0.9891818710348079,0.29087497645543653,LOW,INCREASING,LOW,VISUAL_REMINDER,False,0.0
2026-08-12T00:44:45.009603,0.18870444994975666,0.0013454563013750962,0.1388888888888889,True,23,0.04742145538330078,False,0.0,-8.298173736931545,1.6836047286103337,-25.887188127210408,CENTER,0.0,0.9860689541538067,0.20197368527719825,LOW,INCREASING,LOW,VISUAL_REMINDER,False,0.0
2026-08-12T00:44:45.042711,0.21263661795759006,0.009584508784026165,0.13863216266173753,False,24,0.03310823440551758,False,0.0,-8.910452426615791,1.6353830558776394,-25.963175080556823,CENTER,0.0,0.9830157026963307,0.17056371237912282,NORMAL,INCREASING,LOW,VISUAL_REMINDER,False,0.0
2026-08-12T00:44:45.074789,0.2192503471038873,0.006522483963967058,0.13837638376383765,False,24,0.03310823440551758,False,0.0,-8.55329803858561,2.9506651343553756,-25.976881518675185,CENTER,0.0,0.9897342785493828,0.1622367156918732,NORMAL,STABLE,LOW,VISUAL_REMINDER,False,0.0
2026-08-12T00:44:45.105802,0.20304513764027232,0.0053497565344654725,0.13996316758747698,True,24,0.03310823440551758,False,0.0,-8.218811246385656,2.1821921980525474,-25.421730173998355,CENTER,0.0,0.993557460455247,0.18322535674715348,NORMAL,STABLE,LOW,VISUAL_REMINDER,False,0.0
2026-08-12T00:44:45.138968,0.21368939849014168,0.005125396175889382,0.13970588235294118,False,25,0.03316664695739746,False,0.0,-9.66021383436967,2.8915132072118865,-25.61065025478257,CENTER,0.0,0.9900558341906721,0.17098659407326647,NORMAL,STABLE,LOW,VISUAL_REMINDER,False,0.0
2026-08-12T00:44:45.170417,0.23036812144180147,0.006339717834767104,0.13944954128440368,False,25,0.03316664695739746,False,0.0,-8.86263199280063,1.8240637138672469,-25.377988572290207,CENTER,0.0,0.9845628241812415,0.1468571041684211,NORMAL,STABLE,LOW,VISUAL_REMINDER,False,0.0
2026-08-12T00:44:45.203685,0.22322774218767938,0.005640949501432347,0.1391941391941392,False,25,0.03316664695739746,False,0.0,-7.515632198520564,2.715961791425798,-25.623654666633684,CENTER,0.0,0.9896948275677298,0.1558335138441198,NORMAL,STABLE,LOW,VISUAL_REMINDER,False,0.0
2026-08-12T00:44:45.235366,0.2142838088051532,0.005004847802494274,0.13893967093235832,False,25,0.03316664695739746,False,0.0,-7.622293984810113,1.521878238638493,-25.53147766592997,CENTER,0.0,0.9870003590106311,0.16678307885829685,NORMAL,STABLE,LOW,VISUAL_REMINDER,False,0.0
2026-08-12T00:44:45.265746,0.2271454168229753,0.0015132366679662275,0.1386861313868613,False,25,0.03316664695739746,False,0.0,-7.5476740716003405,3.377762061626413,-25.348307434073632,CENTER,0.0,0.9839956811556928,0.15059961657202797,NORMAL,STABLE,LOW,VISUAL_REMINDER,False,0.0
2026-08-12T00:44:45.298116,0.24027555672091955,0.004344627731112373,0.1384335154826958,False,25,0.03316664695739746,False,0.0,-8.074070849105084,2.437799009201683,-25.190100116390994,CENTER,0.0,0.9910905349794239,0.13264214603131924,NORMAL,STABLE,LOW,VISUAL_REMINDER,False,0.0
2026-08-12T00:44:45.330426,0.23782446417455597,0.006949823871663409,0.13818181818181818,False,25,0.03316664695739746,False,0.0,-9.803021602874594,1.5272442742391092,-25.21667671482041,CENTER,0.0,0.9885282975394375,0.13681730573252826,NORMAL,STABLE,LOW,VISUAL_REMINDER,False,0.0
2026-08-12T00:44:45.363064,0.203112867315152,0.003184416606614614,0.1397459165154265,True,25,0.03316664695739746,False,0.0,-7.857521498008225,2.9783246294179833,-25.145173195433358,CENTER,0.0,0.9848404546039095,0.1829871867376266,NORMAL,STABLE,LOW,VISUAL_REMINDER,False,0.0
2026-08-12T00:44:45.410762,0.20344205131332396,0.003549794032837917,0.14130434782608695,True,25,0.03316664695739746,False,0.047698020935058594,-8.066913695857465,0.9933558289642122,-25.15759240453457,CENTER,0.0,0.9904019713434499,0.18210749798694467,NORMAL,STABLE,LOW,VISUAL_REMINDER,False,0.047698020935058594
2026-08-12T00:44:45.441545,0.1931051189984576,0.0008902895602300709,0.14285714285714285,True,25,0.03316664695739746,False,0.07848143577575684,-8.055647358263684,2.6346526170247273,-25.38356695277534,CENTER,0.0,0.9933163607038752,0.1980586089905908,NORMAL,STABLE,LOW,VISUAL_REMINDER,False,0.07848143577575684
2026-08-12T00:44:45.473728,0.17413637013565866,0.001820907726018447,0.1444043321299639,True,25,0.03316664695739746,False,0.11066412925720215,-7.380713906737498,1.7404446292637203,-25.0225242638017,UP,0.0,0.9897610569915981,0.24848044524353566,LOW,STABLE,LOW,VISUAL_REMINDER,False,0.11066412925720215
2026-08-12T00:44:45.506784,0.21879908456020342,0.0010566163193349335,0.14414414414414414,False,26,0.1437206268310547,False,0.0,-9.048043835407555,1.8732482907743702,-24.964287848286176,UP,0.03305649757385254,0.9845672582304529,0.19044547656388,NORMAL,STABLE,LOW,VISUAL_REMINDER,False,0.0
2026-08-12T00:44:45.538396,0.22249241422702082,0.004293163800865568,0.14388489208633093,False,26,0.1437206268310547,False,0.0,-9.108248266724132,2.8204687590894366,-25.08429557055473,UP,0.06466794013977051,0.990851792909808,0.18624905228015604,NORMAL,STABLE,LOW,VISUAL_REMINDER,False,0.0
2026-08-12T00:44:45.569851,0.17374443230178607,0.011324189925964257,0.14542190305206462,True,26,0.1437206268310547,False,0.0,-8.14699558988707,1.5237355338420002,-24.55866458147071,UP,0.09612298011779785,0.9886252438057271,0.249646523544585,LOW,STABLE,LOW,VISUAL_REMINDER,False,0.0
2026-08-12T00:44:45.603149,0.15516879635622222,0.003987741702519847,0.14695340501792115,True,26,0.1437206268310547,False,0.03329777717590332,-6.946538043327507,3.0166742011363397,-24.517149852046032,UP,0.12942075729370117,0.9841475372942387,0.2750620493007336,LOW,RISING,LOW,VISUAL_REMINDER,False,0.03329777717590332
2026-08-12T00:44:45.635437,0.18034968041603316,0.023515620851786847,0.148479427549195,True,26,0.1437206268310547,False,0.06558632850646973,-7.191517104937162,2.6962149120386982,-24.84066176947323,UP,0.16170930862426758,0.9901703291109396,0.24256654142430978,LOW,STABLE,LOW,VISUAL_REMINDER,False,0.06558632850646973
2026-08-12T00:44:45.666869,0.19845440237719864,0.004259080415637674,0.15,True,26,0.1437206268310547,False,0.09701800346374512,-6.8161982517556226,2.337855473373935,-24.45508804953974,UP,0.19314098358154297,0.9875334094221537,0.21819567185130814,LOW,STABLE,LOW,VISUAL_REMINDER,False,0.09701800346374512
2026-08-12T00:44:45.699520,0.19704064252638687,0.005690865479420769,0.15151515151515152,True,26,0.1437206268310547,False,0.1296687126159668,-7.626795265935272,2.4733187321027117,-24.52091422623539,UP,0.22579169273376465,0.9838044945987654,0.2217800583917429,LOW,STABLE,LOW,VISUAL_REMINDER,False,0.1296687126159668
2026-08-12T00:44:45.731020,0.1999958319747616,0.0027090369396145114,0.15302491103202848,True,26,0.1437206268310547,False,0.16116881370544434,-7.342529194610364,3.304557337982857,-24.48188067647834,UP,0.2572917938232422,0.9905020254629632,0.21888369898444218,LOW,STABLE,LOW,VISUAL_REMINDER,False,0.16116881370544434
2026-08-12T00:44:45.766668,0.17513253575739643,0.006478010981128535,0.15452930728241562,True,26,0.1437206268310547,False,0.19681668281555176,-8.447997272694522,2.317110241763629,-24.63821336840755,UP,0.2929396629333496,0.9941658897033608,0.253288869904792,LOW,STABLE,LOW,VISUAL_REMINDER,False,0.19681668281555176
2026-08-12T00:44:45.795932,0.19993102260850187,0.00639835628101419,0.15602836879432624,True,26,0.1437206268310547,False,0.22608065605163574,-8.72496807152487,1.0650702522462154,-24.0242719043477,UP,0.3222036361694336,0.9899993971836422,0.21974501015217868,LOW,STABLE,LOW,VISUAL_REMINDER,False,0.22608065605163574
2026-08-12T00:44:45.826432,0.1753111240198462,0.008889505203237192,0.15752212389380532,True,26,0.1437206268310547,False,0.25658154487609863,-8.682494434721804,1.4580922343809277,-24.35236742900082,UP,0.3527045249938965,0.9836687671467763,0.25387731166218985,LOW,STABLE,LOW,VISUAL_REMINDER,False,0.25658154487609863
2026-08-12T00:44:45.857534,0.19533207327279228,0.005667209462063241,0.15901060070671377,True,26,0.1437206268310547,False,0.28768324851989746,-7.25149643820734,2.3777746130590742,-23.9000067879567,UP,0.3838062286376953,0.9899247283307613,0.22677756150203818,LOW,STABLE,LOW,VISUAL_REMINDER,False,0.28768324851989746
2026-08-12T00:44:45.890683,0.1691671813836058,0.006578783717355664,0.16049382716049382,True,26,0.1437206268310547,False,0.3208317756652832,-6.158321470558093,0.501742379587796,-23.57948387186886,UP,0.41695475578308105,0.987918729638203,0.2596894463763674,LOW,STABLE,LOW,VISUAL_REMINDER,False,0.3208317756652832
2026-08-12T00:44:45.938169,0.18950596199385,0.013045325780234244,0.1619718309859155,True,26,0.1437206268310547,False,0.3683183193206787,-8.120796882574012,2.012476322218589,-23.80826615064359,UP,0.46444129943847656,0.9843605458033264,0.2365112597658585,LOW,STABLE,LOW,VISUAL_REMINDER,False,0.3683183193206787
2026-08-12T00:44:45.971510,0.17051612810174546,0.005820673703488704,0.1634446397188049,True,26,0.1437206268310547,False,0.4016592502593994,-7.192888441813267,1.098141466152157,-23.367276763774072,UP,0.49778223037719727,0.9911586934156377,0.2605888917954173,LOW,STABLE,LOW,VISUAL_REMINDER,False,0.4016592502593994
2026-08-12T00:44:46.003127,0.2032403739813994,0.011917225076025138,0.1649122807017544,True,26,0.1437206268310547,False,0.4332761764526367,-6.391134587266492,1.5783129904760642,-23.168727835482997,UP,0.5293991565704346,0.9881250133959192,0.21401455057912905,LOW,STABLE,LOW,VISUAL_REMINDER,False,0.4332761764526367
2026-08-12T00:44:46.034899,0.18319457334768602,0.010589015191172793,0.16637478108581435,True,26,0.1437206268310547,False,0.46504759788513184,-7.649287108304634,1.282015771232608,-23.198766360265466,UP,0.5611705780029297,0.9836024975351509,0.24387678437507715,LOW,STABLE,LOW,VISUAL_REMINDER,False,0.46504759788513184
2026-08-12T00:44:46.065608,0.19196143065200277,0.007550267297988244,0.16783216783216784,True,26,0.1437206268310547,False,0.4957568645477295,-8.728933395385582,1.1589810188549734,-23.42068694357451,UP,0.5918798446655273,0.9903416495198903,0.23541157182227657,LOW,STABLE,LOW,VISUAL_REMINDER,False,0.4957568645477295
2026-08-12T00:44:46.098527,0.19810984695497036,0.008116414967939233,0.16928446771378708,True,26,0.1437206268310547,False,0.5286760330200195,-6.796201078047915,1.6623542541157121,-22.979684375936927,UP,0.6247990131378174,0.9937602344821673,0.2274440592180482,LOW,STABLE,LOW,VISUAL_REMINDER,False,0.5286760330200195
2026-08-12T00:44:46.131869,0.22307962437226692,0.007334284068442224,0.16898954703832753,False,27,0.5620179176330566,False,0.0,-7.1470595108606005,1.5785168231203386,-23.356680337577387,UP,0.6581408977508545,0.9907295819401577,0.24435778057679813,LOW,STABLE,LOW,VISUAL_REMINDER,False,0.0
2026-08-12T00:44:46.163618,0.17765437061427033,0.004247381482191675,0.17043478260869566,True,27,0.5620179176330566,False,0.0,-7.756651617795484,2.4296106051993718,-23.630523787297506,UP,0.689889669418335,0.9854633648405349,0.30848857804207114,LOW,STABLE,LOW,VISUAL_REMINDER,False,0.0
2026-08-12T00:44:46.194957,0.21049049340499887,0.008143091980240347,0.1701388888888889,False,28,0.03133964538574219,False,0.0,-5.66560626670983,2.411532026072109,-23.47188527768833,UP,0.7212293148040771,0.9906377127271948,0.21546871075568774,LOW,STABLE,LOW,VISUAL_REMINDER,False,0.0
2026-08-12T00:44:46.225971,0.1860354494611257,0.010275101991029567,0.17157712305025996,True,28,0.03133964538574219,False,0.0,-6.698870586625901,2.494280855525659,-23.849786430676176,UP,0.7522432804107666,0.9873607226294581,0.2515571547330069,LOW,STABLE,LOW,VISUAL_REMINDER,False,0.0
2026-08-12T00:44:46.257542,0.22924844852445053,0.004336652506253186,0.17128027681660898,False,29,0.031571149826049805,False,0.0,-6.112486252604782,3.1255686585118667,-23.786322260239473,UP,0.7838144302368164,0.9841402633101852,0.19498963272948183,NORMAL,STABLE,LOW,VISUAL_REMINDER,False,0.0
2026-08-12T00:44:46.290355,0.19867674613400454,0.0067527868701958635,0.17271157167530224,True,29,0.031571149826049805,False,0.0,-7.036900880121095,2.0618697411450455,-23.754866383189665,UP,0.816626787185669,0.9910055512688615,0.23798107802215027,LOW,STABLE,LOW,VISUAL_REMINDER,False,0.0
2026-08-12T00:44:46.321686,0.20825707517727726,0.0064684544929900405,0.17413793103448275,True,29,0.031571149826049805,False,0.03133106231689453,-7.086923528047095,1.3875750742149364,-23.722088525976517,UP,0.8479578495025635,0.994302447702332,0.22680778051308667,LOW,STABLE,LOW,VISUAL_REMINDER,False,0.03133106231689453
2026-08-12T00:44:46.354288,0.18618916108771336,0.006629345805777392,0.17555938037865748,True,29,0.031571149826049805,False,0.06393289566040039,-8.673036730535642,0.521721190978127,-23.79662218718707,UP,0.8805596828460693,0.9909430593064128,0.2593289392581097,LOW,STABLE,LOW,VISUAL_REMINDER,False,0.06393289566040039
2026-08-12T00:44:46.386542,0.157718025927158,0.009508278421051165,0.17697594501718214,True,29,0.031571149826049805,False,0.09618759155273438,-6.786190014891247,1.7260934451037713,-23.77021450635661,UP,0.9128143787384033,0.9908269032921811,0.29842386989667297,LOW,STABLE,LOW,VISUAL_REMINDER,False,0.09618759155273438
2026-08-12T00:44:46.417981,0.21987290935897946,0.003742894050428783,0.17667238421955403,False,30,0.1276264190673828,False,0.0,-7.109654008524814,1.4783681170040381,-24.003650310921387,UP,0.9442532062530518,0.9930415434242112,0.21711862192385073,LOW,STABLE,LOW,VISUAL_REMINDER,False,0.0
2026-08-12T00:44:46.465772,0.23247124288388188,0.00973229747353984,0.17636986301369864,False,30,0.1276264190673828,False,0.0,-6.628445033984804,1.7208613731045261,-23.715855477682737,UP,0.9920437335968018,0.9893738345550412,0.20167511797230875,LOW,STABLE,LOW,VISUAL_REMINDER,False,0.0
2026-08-12T00:44:46.498475,0.22792490778279223,0.00536669395748598,0.17606837606837608,False,30,0.1276264190673828,False,0.0,-5.584797482853247,2.0582034815392376,-23.87917794565385,UP,1.0247471332550049,0.9844676059885117,0.20839921746970785,LOW,STABLE,LOW,VISUAL_REMINDER,False,0.0
2026-08-12T00:44:46.531795,0.2182123048165536,0.005531805664105974,0.1757679180887372,False,30,0.1276264190673828,False,0.0,-6.493982434119772,2.304410222979328,-23.947519134473993,UP,1.0580666065216064,0.991150963970336,0.22376210705791988,LOW,STABLE,LOW,VISUAL_REMINDER,False,0.0
2026-08-12T00:44:46.561643,0.2070631398169247,0.007372727493127018,0.17717206132879046,True,30,0.1276264190673828,False,0.0,-6.033159696389134,2.5334249339485666,-24.1837036170877,CENTER,0.0,0.9887967517575446,0.193429260255251,NORMAL,STABLE,LOW,VISUAL_REMINDER,False,0.0
2026-08-12T00:44:46.593570,0.20762955256421106,0.003778327357831804,0.17857142857142858,True,30,0.1276264190673828,False,0.031926631927490234,-7.58610589910063,2.1356386142545887,-24.19090186967125,CENTER,0.0,0.9843685297710906,0.19458879808773039,NORMAL,STABLE,LOW,VISUAL_REMINDER,False,0.031926631927490234
2026-08-12T00:44:46.626994,0.18799150419240412,0.007113222721294974,0.1799660441426146,True,30,0.1276264190673828,False,0.06535124778747559,-6.635449047647569,1.6177821771069887,-23.858544911069032,CENTER,0.0,0.9899564364711934,0.21986066816218394,LOW,STABLE,LOW,VISUAL_REMINDER,False,0.06535124778747559
2026-08-12T00:44:46.657543,0.17755148128346396,0.010812238080440868,0.18135593220338983,True,30,0.1276264190673828,False,0.09590029716491699,-6.146775768844861,1.7172642324343599,-23.441569723674775,UP,0.0,0.99341179323131,0.25967538495848297,LOW,STABLE,LOW,VISUAL_REMINDER,False,0.09590029716491699
2026-08-12T00:44:46.690340,0.1613860998664279,0.009106336812257247,0.18274111675126903,True,30,0.1276264190673828,False,0.12869644165039062,-8.38179210536336,0.7091554542101051,-23.034174233721217,UP,0.03279614448547363,0.9981215036651234,0.2829536717453342,LOW,STABLE,LOW,VISUAL_REMINDER,False,0.12869644165039062
2026-08-12T00:44:46.721637,0.17971840705086184,0.009363328653402149,0.18412162162162163,True,30,0.1276264190673828,False,0.15999436378479004,-7.844635516130836,-2.8704846648635396,-22.468092323400498,UP,0.06409406661987305,0.999717600630144,0.2596994301056859,LOW,STABLE,LOW,VISUAL_REMINDER,False,0.15999436378479004
2026-08-12T00:44:46.787010,0.21702687430142853,0.01244690563650215,0.18381112984822934,False,31,0.22536706924438477,False,0.0,-9.903769209844256,0.17677770029416706,-22.89481939791858,UP,0.12946677207946777,0.9917383348336762,0.21363017393840827,LOW,STABLE,LOW,VISUAL_REMINDER,False,0.0
2026-08-12T00:44:46.818874,0.203408912110568,0.010656813827282244,0.18518518518518517,True,31,0.22536706924438477,False,0.0,-7.705799026261701,0.17815628231832648,-22.214570482785405,UP,0.1613309383392334,0.9856371099108368,0.2297038617792507,LOW,STABLE,LOW,VISUAL_REMINDER,False,0.0
2026-08-12T00:44:46.851671,0.22044091253463183,0.005459712187692663,0.18487394957983194,False,32,0.03279614448547363,False,0.0,-8.413283401394125,0.9598696198609105,-21.863296766188142,UP,0.19412708282470703,0.9918534861539781,0.2043642225935338,LOW,STABLE,LOW,VISUAL_REMINDER,False,0.0
2026-08-12T00:44:46.887581,0.22147421201432022,0.004615341220647915,0.18456375838926176,False,32,0.03279614448547363,False,0.0,-8.455408786361005,2.02355718736095,-21.97671697632697,UP,0.23003745079040527,0.991736874678498,0.20374939780455303,LOW,STABLE,LOW,VISUAL_REMINDER,False,0.0
2026-08-12T00:44:46.911603,0.20064623999077455,0.0055453131758434505,0.18592964824120603,True,32,0.03279614448547363,False,0.0,-8.963000084325756,-0.2756629959306167,-21.705954069623488,UP,0.2540597915649414,0.9894881419324417,0.23116866103747127,LOW,STABLE,LOW,VISUAL_REMINDER,False,0.0
2026-08-12T00:44:46.936393,0.2124887584995231,0.012002773670421003,0.18561872909698995,False,33,0.024790287017822266,False,0.0,-7.798622993449953,0.439126314370867,-21.189543387434185,UP,0.27885007858276367,0.9865628348979767,0.21372269725406493,LOW,STABLE,LOW,VISUAL_REMINDER,False,0.0
2026-08-12T00:44:46.964403,0.2398951065722738,0.0091752172438907,0.18530884808013356,False,33,0.024790287017822266,False,0.0,-7.231275517421949,0.3213163607737215,-21.23538561859249,UP,0.30685973167419434,0.9934075869127229,0.17643868411301517,NORMAL,STABLE,LOW,VISUAL_REMINDER,False,0.0
2026-08-12T00:44:46.995370,0.21459973752845374,0.012169876170337325,0.185,False,33,0.024790287017822266,False,0.0,-8.390263713853557,-1.0429108824616833,-21.07567453356316,UP,0.3378267288208008,0.996333483367627,0.21149483724505563,LOW,STABLE,LOW,VISUAL_REMINDER,False,0.0
2026-08-12T00:44:47.026038,0.1968554286949551,0.006854854517121921,0.18635607321131448,True,33,0.024790287017822266,False,0.0,-7.56153105479703,-1.1419217254798184,-20.490749443757608,UP,0.36849474906921387,0.9920968096279149,0.2345421600719866,LOW,STABLE,LOW,VISUAL_REMINDER,False,0.0
2026-08-12T00:44:47.057761,0.2183557718028351,0.01161136833836792,0.18604651162790697,False,34,0.0317227840423584,False,0.0,-6.578958668438361,-1.3660319960635263,-20.377720482099164,UP,0.40021753311157227,0.9864159888331618,0.2048270890337739,LOW,STABLE,LOW,VISUAL_REMINDER,False,0.0
2026-08-12T00:44:47.091013,0.21227098120608967,0.007248025202542971,0.1857379767827529,False,34,0.0317227840423584,False,0.0,-7.808070186601213,-2.684280739900288,-20.18114636363623,UP,0.4334697723388672,0.9922260802469136,0.21473223955119128,LOW,STABLE,LOW,VISUAL_REMINDER,False,0.0
2026-08-12T00:44:47.122346,0.23743854680752685,0.009286334040991707,0.18543046357615894,False,34,0.0317227840423584,False,0.0,-8.423747735921523,-1.0107969140587727,-20.040438229862616,UP,0.46480298042297363,0.9898956323945473,0.18027047956080416,NORMAL,STABLE,LOW,VISUAL_REMINDER,False,0.0
2026-08-12T00:44:47.186806,0.23100295798129283,0.0070298152734245105,0.18512396694214875,False,34,0.0317227840423584,False,0.0,-7.501079129768527,0.3227973259306509,-20.034904052429624,UP,0.5292627811431885,0.9923006151406035,0.18424202336751094,NORMAL,STABLE,LOW,VISUAL_REMINDER,False,0.0
2026-08-12T00:44:47.223284,0.22045647928650258,0.0018399952811137853,0.1848184818481848,False,34,0.0317227840423584,False,0.0,-7.778945237152328,0.18580352568659464,-20.028132945595388,UP,0.5657408237457275,0.9887697321887862,0.19989408207115675,NORMAL,STABLE,LOW,VISUAL_REMINDER,False,0.0
2026-08-12T00:44:47.260756,0.23547640436351291,0.007158670632365854,0.18451400329489293,False,34,0.0317227840423584,False,0.0,-7.970867883372108,-0.2949839917916961,-20.221979755458676,UP,0.6032130718231201,0.9849455187971536,0.18178940769915475,NORMAL,STABLE,LOW,VISUAL_REMINDER,False,0.0
2026-08-12T00:44:47.296256,0.21346379841391347,0.003441095220851903,0.18421052631578946,False,34,0.0317227840423584,False,0.0,-7.067587512647776,0.3734871328722136,-20.23104561584489,UP,0.6387121677398682,0.9912639049639917,0.21172170589073097,LOW,STABLE,LOW,VISUAL_REMINDER,False,0.0
2026-08-12T00:44:47.331480,0.21052398214405915,0.009382810104385663,0.1839080459770115,False,34,0.0317227840423584,False,0.0,-5.87493257231111,0.14314523028721737,-19.8715446031529,UP,0.6739363670349121,0.9943444305126885,0.21535557598100138,LOW,STABLE,LOW,VISUAL_REMINDER,False,0.0
2026-08-12T00:44:47.364769,0.22905305348398552,0.011395151056588641,0.18360655737704917,False,34,0.0317227840423584,False,0.0,-8.567199989224179,0.14970242148194757,-20.287546314544215,UP,0.7072257995605469,0.9905176852923525,0.1949398291025704,NORMAL,STABLE,LOW,VISUAL_REMINDER,False,0.0
2026-08-12T00:44:47.403577,0.22405512749658762,0.003263156635019101,0.18330605564648117,False,34,0.0317227840423584,False,0.0,-7.038027436920004,2.288325902416574,-20.735433464767738,UP,0.7460334300994873,0.9838257941100823,0.20363846715213874,LOW,STABLE,LOW,VISUAL_REMINDER,False,0.0
2026-08-12T00:44:47.437978,0.24402176004897005,0.0018960845207645568,0.1830065359477124,False,34,0.0317227840423584,False,0.0,-7.800387943790611,1.558007054016997,-20.507567109991726,UP,0.7804341316223145,0.9840189364711934,0.1783444732029991,NORMAL,STABLE,LOW,VISUAL_REMINDER,False,0.0
2026-08-12T00:44:47.476855,0.2335594564580839,0.007948833605537456,0.18270799347471453,False,34,0.0317227840423584,False,0.0,-7.217016793600379,2.7653121965465175,-20.593978423910414,UP,0.8193111419677734,0.9891739942343963,0.19422299922251327,NORMAL,STABLE,LOW,VISUAL_REMINDER,False,0.0
2026-08-12T00:44:47.575765,0.19533677047881076,0.004875426241379277,0.18403908794788273,True,34,0.0317227840423584,False,0.0,-7.070511564274852,3.1693431577852778,-20.0291270099101,UP,0.9182217121124268,0.9860888470936214,0.24974504250875518,LOW,STABLE,LOW,VISUAL_REMINDER,False,0.0
2026-08-12T00:44:47.610098,0.1808611452225417,0.010152775860193973,0.18536585365853658,True,34,0.0317227840423584,False,0.034332990646362305,-6.919563936830485,1.1771554223670364,-19.67155816690493,UP,0.9525547027587891,0.9824959946201989,0.2692685371866594,LOW,STABLE,LOW,VISUAL_REMINDER,False,0.034332990646362305
2026-08-12T00:44:47.649710,0.18245363721792793,0.00876280143390333,0.18668831168831168,True,34,0.0317227840423584,False,0.07394528388977051,-7.574311453663228,-0.0504574981178223,-19.529762366499057,UP,0.9921669960021973,0.9891457958247599,0.26920320347432924,LOW,STABLE,LOW,VISUAL_REMINDER,False,0.07394528388977051
2026-08-12T00:44:47.690797,0.2019915199026645,0.0032461824756462067,0.1880064829821718,True,34,0.0317227840423584,False,0.11503171920776367,-11.253017496851356,-0.007559153073287916,-15.310371774580119,UP,1.0332534313201904,0.995991699888546,0.24504054973889508,LOW,STABLE,LOW,VISUAL_REMINDER,False,0.11503171920776367
2026-08-12T00:44:47.731091,0.18095376598298957,0.009473987300919378,0.18932038834951456,True,34,0.0317227840423584,False,0.15532565116882324,-4.4123906964735795,-3.4355390122529457,-13.574621366265205,UP,1.07354736328125,0.9985123162079904,0.2697109409903713,LOW,STABLE,LOW,VISUAL_REMINDER,False,0.15532565116882324
2026-08-12T00:44:47.771609,0.21183347591024776,0.031952525531438895,0.1890145395799677,False,35,0.19584393501281738,False,0.0,-3.0528940034912466,-3.914633936319433,-11.842829421803032,UP,1.1140656471252441,0.9998537031678669,0.2275100788708541,LOW,STABLE,LOW,VISUAL_REMINDER,False,0.0
2026-08-12T00:44:47.809755,0.22550654880364496,0.009115537604474904,0.18870967741935485,False,35,0.19584393501281738,False,0.0,-3.5774772132054693,-7.331276597149753,-8.951403439430749,UP,1.1522119045257568,0.9921176134902263,0.21096828174585813,LOW,STABLE,LOW,VISUAL_REMINDER,False,0.0
2026-08-12T00:44:47.846772,0.23013574258767894,0.04856277311017848,0.18840579710144928,False,35,0.19584393501281738,False,0.0,-6.385508104795036,-10.018910670639428,-6.0967106378447795,UP,1.1892282962799072,0.9852262436771262,0.20814426221284144,LOW,STABLE,LOW,VISUAL_REMINDER,False,0.0
2026-08-12T00:44:47.886044,0.1660688620727821,0.017880621846395623,0.18971061093247588,True,35,0.19584393501281738,False,0.0,-6.038306215785866,-10.164099305539565,-4.153787199834085,UP,1.2285003662109375,0.9909995900848765,0.29382051876663723,LOW,STABLE,LOW,VISUAL_REMINDER,False,0.0
2026-08-12T00:44:47.923518,0.1306707399204351,0.008099946293401265,0.19101123595505617,True,35,0.19584393501281738,False,0.03747439384460449,-6.785386534829428,-9.342715108674668,-2.1279564278171677,UP,1.265974760055542,0.9947146133401921,0.31569525986319297,LOW,STABLE,LOW,VISUAL_REMINDER,False,0.03747439384460449
2026-08-12T00:44:47.975515,0.12445122307920832,0.017362699854211707,0.19230769230769232,True,35,0.19584393501281738,False,0.08947086334228516,-5.380593371631619,-10.381807375105097,0.32053619569890657,UP,1.3179712295532227,0.9995900580847051,0.31625388138134297,LOW,STABLE,LOW,VISUAL_REMINDER,False,0.08947086334228516
2026-08-12T00:44:48.014858,0.12996608620469255,0.02620336744275643,0.1936,True,35,0.19584393501281738,False,0.1288137435913086,-5.007542640995183,-11.898950207547358,0.46538467702077924,UP,1.357314109802246,0.9995240162037037,0.31948085732534137,LOW,STABLE,LOW,VISUAL_REMINDER,False,0.1288137435913086
2026-08-12T00:44:48.052996,0.29058289907295354,0.02033386251804003,0.19329073482428116,False,36,0.16695189476013184,False,0.0,-4.749346872516867,-17.570764535710083,4.413533165936144,UP,1.3954522609710693,0.9990977178712276,0.1411846106771757,NORMAL,STABLE,LOW,VISUAL_REMINDER,False,0.0
2026-08-12T00:44:48.091204,0.35378071410936185,0.016715335152608524,0.19298245614035087,False,36,0.16695189476013184,False,0.0,13.283865453974698,-24.189399354038358,179.40804231533326,UP,1.4336607456207275,0.9587191867069615,0.17020241658695578,NORMAL,STABLE,LOW,VISUAL_REMINDER,False,0.0
2026-08-12T00:44:48.153903,0.37141450329507975,0.017800218149038167,0.1926751592356688,False,36,0.16695189476013184,False,0.0,11.925598964923523,-25.137968700824132,-178.88780190214726,UP,1.4963593482971191,0.9515061054133802,0.172353411200258,NORMAL,STABLE,LOW,VISUAL_REMINDER,False,0.0
2026-08-12T00:44:48.210756,0.46247541576842766,0.014278933547712442,0.19236883942766295,False,36,0.16695189476013184,False,0.0,-5.334400740720952,-18.56607449067343,15.87493298336804,UP,1.5532124042510986,0.9897785520618999,0.14732292498672894,NORMAL,STABLE,LOW,VISUAL_REMINDER,False,0.0
2026-08-12T00:44:48.246562,0.4254099280813679,0.0446105914813565,0.19206349206349208,False,36,0.16695189476013184,False,0.0,-7.912701774302263,-17.53229322393409,16.396926866484506,CENTER,0.0,0.9859161201131688,0.08210322982904866,NORMAL,STABLE,LOW,VISUAL_REMINDER,False,0.0
2026-08-12T00:44:48.287057,0.38611534225926836,0.01929258461037535,0.19175911251980982,False,36,0.16695189476013184,False,0.0,8.32793885613222,-29.686234888143247,-169.93568063494877,CENTER,0.0,0.9486516846707816,0.10486844703388243,NORMAL,STABLE,LOW,VISUAL_REMINDER,False,0.0
2026-08-12T00:44:48.322593,0.3676652528882343,0.05710131279079129,0.19145569620253164,False,36,0.16695189476013184,False,0.0,9.248064612968562,-30.15596957590401,-170.09547574396404,CENTER,0.0,0.9546667014960563,0.10568077607854737,NORMAL,STABLE,LOW,VISUAL_REMINDER,False,0.0
2026-08-12T00:44:48.360973,0.35949403977128164,0.008805393556896175,0.1911532385466035,False,36,0.16695189476013184,False,0.0,-7.524342005939246,-16.7971556561275,17.254387745327563,CENTER,0.0,0.9922689337920095,0.08156889737802113,NORMAL,STABLE,LOW,VISUAL_REMINDER,False,0.0
2026-08-12T00:44:48.402111,0.36590771191389854,0.012644444347951318,0.19085173501577288,False,36,0.16695189476013184,False,0.0,8.996771451344046,-29.44831386785239,-169.80636705894915,CENTER,0.0,0.9568418750178612,0.10477393374205664,NORMAL,STABLE,LOW,VISUAL_REMINDER,False,0.0
2026-08-12T00:44:48.438747,0.36895272229646536,0.01143298304710541,0.19055118110236222,False,36,0.16695189476013184,False,0.0,9.787245157857285,-30.417729645472747,-170.56955367018406,CENTER,0.0,0.951709566204418,0.1057743563358286,NORMAL,STABLE,LOW,VISUAL_REMINDER,False,0.0
2026-08-12T00:44:48.476966,0.36344966477470264,0.01378149341680734,0.19025157232704404,False,36,0.16695189476013184,False,0.0,8.668323693399117,-31.069948943194106,-170.31167877644745,CENTER,0.0,0.9573740948824015,0.10514038992924649,NORMAL,STABLE,LOW,VISUAL_REMINDER,False,0.0
2026-08-12T00:44:48.527032,0.3694849752383084,0.022092542826317712,0.18995290423861852,False,36,0.16695189476013184,False,0.0,9.430533961725331,-31.988743455154662,-170.9979122173936,CENTER,0.0,0.9542009249435586,0.10609136010260509,NORMAL,STABLE,LOW,VISUAL_REMINDER,False,0.0
2026-08-12T00:44:48.573564,0.3494286830974621,0.009339179606024746,0.1896551724137931,False,36,0.16695189476013184,False,0.0,8.15642442941629,-32.210660876939215,-170.84387619548917,CENTER,0.0,0.9505846139831962,0.10509449351270561,NORMAL,STABLE,LOW,VISUAL_REMINDER,False,0.0
2026-08-12T00:44:48.611467,0.36368874886925107,0.016646647164804514,0.18935837245696402,False,36,0.16695189476013184,False,0.0,8.3946799356481,-31.761831135180756,-171.1044580712987,CENTER,0.0,0.9571811878429356,0.10486655807737996,NORMAL,STABLE,LOW,VISUAL_REMINDER,False,0.0
2026-08-12T00:44:48.654727,0.34649120080492607,0.03600241438064408,0.1890625,False,36,0.16695189476013184,False,0.0,-7.82736555934278,-17.022970749429362,15.986345893459202,CENTER,0.0,0.9932541768475651,0.079757339903212,NORMAL,STABLE,LOW,VISUAL_REMINDER,False,0.0
2026-08-12T00:44:48.692547,0.353242867062166,0.009286290120170864,0.18876755070202808,False,36,0.16695189476013184,False,0.0,8.474840987947431,-31.07583151318039,-171.48871626534878,CENTER,0.0,0.9566905355152606,0.10423121523086122,NORMAL,STABLE,LOW,VISUAL_REMINDER,False,0.0
2026-08-12T00:44:48.729304,0.34162660225486513,0.030931469241915557,0.18847352024922118,False,36,0.16695189476013184,False,0.0,-9.097958289214432,-18.9980938527151,16.14987850522658,CENTER,0.0,0.9838101476766117,0.08227033741288506,NORMAL,STABLE,LOW,VISUAL_REMINDER,False,0.0
2026-08-12T00:44:48.773030,0.4002829863297166,0.013465266088533141,0.18818040435458788,False,36,0.16695189476013184,False,0.0,8.761051439699088,-31.650239701219505,-172.20142888820106,CENTER,0.0,0.957021120452532,0.10447437076575262,NORMAL,STABLE,LOW,VISUAL_REMINDER,False,0.0
2026-08-12T00:44:48.817262,0.415495288129757,0.03945297482544095,0.18788819875776397,False,36,0.16695189476013184,False,0.0,7.986416689239292,-31.942846818834767,-171.73119269762944,CENTER,0.0,0.9543799761374027,0.10390100260406007,NORMAL,STABLE,LOW,VISUAL_REMINDER,False,0.0
2026-08-12T00:44:48.853271,0.4448250489588714,0.08002474653483901,0.1875968992248062,False,36,0.16695189476013184,False,0.0,-7.167745654955809,-18.29726755607581,15.359366620431985,CENTER,0.0,0.9834173391418038,0.0787059176310535,NORMAL,STABLE,LOW,VISUAL_REMINDER,False,0.0
2026-08-12T00:44:48.898325,0.45197500574147464,0.07206467892991479,0.1873065015479876,False,36,0.16695189476013184,False,0.0,-7.097350739809116,-18.202987327001665,15.493123551385736,CENTER,0.0,0.9895634805812756,0.07855364279057153,NORMAL,STABLE,LOW,VISUAL_REMINDER,False,0.0
2026-08-12T00:44:48.939255,0.43371174534918755,0.05377994002882533,0.18701700154559506,False,36,0.16695189476013184,False,0.0,-7.0474321621380795,-19.40779454259237,15.558447004750946,CENTER,0.0,0.9928054939343278,0.07929386565871108,NORMAL,STABLE,LOW,VISUAL_REMINDER,False,0.0
2026-08-12T00:44:48.986971,0.43855494095908365,0.03756264125988589,0.1867283950617284,False,36,0.16695189476013184,False,0.0,-6.596171796765589,-18.450252301151124,15.501992605108342,CENTER,0.0,0.9893769558041837,0.07796909361683342,NORMAL,STABLE,LOW,VISUAL_REMINDER,False,0.0
2026-08-12T00:44:49.032014,0.09675626701609451,0.016098923780833243,0.18798151001540833,True,36,0.16695189476013184,False,0.0,-8.321232216505962,-11.599400470259127,14.955786718263624,UP,0.0,0.9822429992926954,0.30078300691415094,LOW,STABLE,LOW,VISUAL_REMINDER,False,0.0
2026-08-12T00:44:49.074526,0.22115053765793452,0.013981364357612847,0.18769230769230769,False,37,0.04251265525817871,False,0.0,-7.840755705350148,-15.555071531488636,15.391491645321196,UP,0.04251265525817871,0.9883164946630659,0.20858478237562939,LOW,STABLE,LOW,VISUAL_REMINDER,False,0.0
2026-08-12T00:44:49.116927,0.3472910353233454,0.006199822151493323,0.18740399385560677,False,37,0.04251265525817871,False,0.0,10.64826680074998,-29.055783579885485,-172.03783107587864,UP,0.08491325378417969,0.9530352468957191,0.13084272308665046,NORMAL,STABLE,LOW,VISUAL_REMINDER,False,0.0
2026-08-12T00:44:49.161732,0.38129835031360065,0.006186051282739467,0.18711656441717792,False,37,0.04251265525817871,False,0.0,11.576656137315126,-30.955950235279346,-172.76841239286546,UP,0.12971830368041992,0.9497456101573217,0.13248639934761122,NORMAL,STABLE,LOW,VISUAL_REMINDER,False,0.0
2026-08-12T00:44:49.202012,0.39795044440975624,0.0051289070810464025,0.18683001531393567,False,37,0.04251265525817871,False,0.0,10.556887969972678,-29.953677277895594,-172.69616348871207,UP,0.1699986457824707,0.955533792545439,0.13098990294147636,NORMAL,STABLE,LOW,VISUAL_REMINDER,False,0.0
2026-08-12T00:44:49.235731,0.4189431218259445,0.0025295107564219863,0.18654434250764526,False,37,0.04251265525817871,False,0.0,11.76527792720367,-29.22412898897906,-172.74809196094367,CENTER,0.0,0.9582407197538009,0.10453269771669178,NORMAL,STABLE,LOW,VISUAL_REMINDER,False,0.0
2026-08-12T00:44:49.276543,0.4298305609534046,0.018157443085504862,0.18625954198473282,False,37,0.04251265525817871,False,0.0,10.436872785208976,-30.604586563545553,-172.53081560643514,CENTER,0.0,0.9547969852930669,0.10416271533188436,NORMAL,STABLE,LOW,VISUAL_REMINDER,False,0.0
2026-08-12T00:44:49.314935,0.43600786403937664,0.037758714573024175,0.18597560975609756,False,37,0.04251265525817871,False,0.0,10.43533720250278,-31.439859141099532,-172.490077678876,CENTER,0.0,0.9492645403770863,0.10449210040754658,NORMAL,STABLE,LOW,VISUAL_REMINDER,False,0.0
2026-08-12T00:44:49.355238,0.4336086726376719,0.053838917923447,0.1856925418569254,False,37,0.04251265525817871,False,0.0,9.042417914411459,-30.807231242901196,-171.8342146679842,CENTER,0.0,0.9559344595729025,0.10292437082529826,NORMAL,STABLE,LOW,VISUAL_REMINDER,False,0.0
2026-08-12T00:44:49.398819,0.4223719475985349,0.045824155819589894,0.18541033434650456,False,37,0.04251265525817871,False,0.0,10.409603905040314,-31.208935682052356,-172.30505767262053,CENTER,0.0,0.9532362991005086,0.10404916567860781,NORMAL,STABLE,LOW,VISUAL_REMINDER,False,0.0
2026-08-12T00:44:49.438804,0.4186413660138695,0.06625635081823208,0.18512898330804248,False,37,0.04251265525817871,False,0.0,11.284240977999417,-30.26201209261211,-172.89576211731458,CENTER,0.0,0.9493555875271491,0.1040292919396221,NORMAL,STABLE,LOW,VISUAL_REMINDER,False,0.0
2026-08-12T00:44:49.482656,0.4172164525232658,0.034313594277045834,0.18484848484848485,False,37,0.04251265525817871,False,0.0,-3.8686112188488835,-18.361253093772405,14.699700343696719,CENTER,0.0,0.9880644504458163,0.07356574375589973,NORMAL,STABLE,LOW,VISUAL_REMINDER,False,0.0
2026-08-12T00:44:49.515398,0.44969361580983414,0.03752577717010114,0.18456883509833585,False,37,0.04251265525817871,False,0.0,-3.280162796709817,-18.52634822028068,15.052390284686226,CENTER,0.0,0.9850802281592935,0.07331812756441869,NORMAL,STABLE,LOW,VISUAL_REMINDER,False,0.0
2026-08-12T00:44:49.550346,0.44523894745931597,0.04556924503543273,0.18429003021148035,False,37,0.04251265525817871,False,0.0,-4.44066622121224,-18.41032721778231,15.245776199130262,CENTER,0.0,0.9814392843364198,0.07439867746409795,NORMAL,STABLE,LOW,VISUAL_REMINDER,False,0.0
2026-08-12T00:44:49.587122,0.45410024105365554,0.01632143050591139,0.18401206636500755,False,37,0.04251265525817871,False,0.0,-4.653859199011151,-17.471907779116634,15.501455799120293,CENTER,0.0,0.9881713632758917,0.07403345509525162,NORMAL,STABLE,LOW,VISUAL_REMINDER,False,0.0
2026-08-12T00:44:49.621880,0.3977091975752452,0.02638676899227993,0.18373493975903615,False,37,0.04251265525817871,False,0.0,-6.274585899149315,-15.215246481867638,15.038920146470957,CENTER,0.0,0.9922251023448216,0.07338037593813089,NORMAL,STABLE,LOW,VISUAL_REMINDER,False,0.0
2026-08-12T00:44:49.674958,0.25211301821849474,0.10486015662119101,0.18345864661654135,False,37,0.04251265525817871,False,0.0,-6.206466848151251,-15.92951487624893,15.109832813219299,CENTER,0.0,0.9879081334662209,0.1376100890644439,NORMAL,STABLE,LOW,VISUAL_REMINDER,False,0.0
2026-08-12T00:44:49.744008,0.30542889772726706,0.3124681792081003,0.1831831831831832,False,37,0.04251265525817871,False,0.0,-7.70703922163969,-14.321104314428368,15.055443068105234,CENTER,0.0,0.9814225126457475,0.07385403876435905,NORMAL,RISING,LOW,VISUAL_REMINDER,False,0.0
2026-08-12T00:44:49.783537,0.3467553789461957,0.2727034426517382,0.18290854572713644,False,37,0.04251265525817871,False,0.0,-6.745562585704391,-15.798747632057598,15.692313029275368,CENTER,0.0,0.9885717672968106,0.07447132267151624,NORMAL,STABLE,LOW,VISUAL_REMINDER,False,0.0
2026-08-12T00:44:49.817647,0.36097774475046246,0.10342405017828157,0.18263473053892215,False,37,0.04251265525817871,False,0.0,-6.297192746910298,-18.53191147531507,16.23819120778137,CENTER,0.0,0.9854174436299726,0.07640226366170652,NORMAL,STABLE,LOW,VISUAL_REMINDER,False,0.0
2026-08-12T00:44:49.857632,0.3836835214892651,0.09251160683284022,0.18236173393124067,False,37,0.04251265525817871,False,0.0,-6.7460747475766425,-18.881138431072117,17.098624420462443,UP,0.0,0.9811200997728052,0.10377880688321006,NORMAL,STABLE,LOW,VISUAL_REMINDER,False,0.0
2026-08-12T00:44:49.901090,0.39759974216385896,0.008419538011353173,0.18208955223880596,False,37,0.04251265525817871,False,0.0,-4.497870305706016,-17.03719934701661,16.9841074372531,UP,0.04345822334289551,0.9873643931112825,0.10003576902991265,NORMAL,STABLE,LOW,VISUAL_REMINDER,False,0.0
2026-08-12T00:44:49.951723,0.4187124949128246,0.004235841927138461,0.18181818181818182,False,37,0.04251265525817871,False,0.0,-2.192076001865928,-14.97296943441566,16.276429884946538,CENTER,0.0,0.9905177522719478,0.06950738931754386,NORMAL,STABLE,LOW,VISUAL_REMINDER,False,0.0
2026-08-12T00:44:49.991243,0.4201347184196598,0.007318647778366337,0.18154761904761904,False,37,0.04251265525817871,False,0.0,-2.929356788615138,-16.029865740520762,16.298867492539387,CENTER,0.0,0.9871590604638202,0.07086700260714925,NORMAL,STABLE,LOW,VISUAL_REMINDER,False,0.0
2026-08-12T00:44:50.032197,0.4212525039820128,0.04485759593335446,0.1812778603268945,False,37,0.04251265525817871,False,0.0,-6.380116317883534,-16.627247221687583,15.905507148175502,CENTER,0.0,0.9815345427169067,0.07410772760568587,NORMAL,STABLE,LOW,VISUAL_REMINDER,False,0.0
2026-08-12T00:44:50.080379,0.43022763846572165,0.021530155670344428,0.18100890207715134,False,37,0.04251265525817871,False,0.0,8.722638837983055,-29.916183587182502,-170.73698426812186,CENTER,0.0,0.9547463531842993,0.09975701425360822,NORMAL,STABLE,LOW,VISUAL_REMINDER,False,0.0
2026-08-12T00:44:50.126222,0.4294689205703016,0.011521079611444454,0.18074074074074073,False,37,0.04251265525817871,False,0.0,7.297211864727814,-30.04002261789202,-169.93464869061538,CENTER,0.0,0.9584454495849052,0.09860418221767923,NORMAL,STABLE,LOW,VISUAL_REMINDER,False,0.0
2026-08-12T00:44:50.173899,0.41967605159285687,0.015716054051913387,0.1804733727810651,False,37,0.04251265525817871,False,0.0,-7.944163966539946,-17.79558824014049,17.316335566827604,CENTER,0.0,0.988420969435871,0.07741398115165463,NORMAL,STABLE,LOW,VISUAL_REMINDER,False,0.0
2026-08-12T00:44:50.214450,0.4221833327195227,0.033187113234200136,0.18020679468242246,False,37,0.04251265525817871,False,0.0,7.852158877463864,-30.914801935134847,-170.50184488372403,CENTER,0.0,0.9554548530735596,0.09925089635360562,NORMAL,STABLE,LOW,VISUAL_REMINDER,False,0.0
2026-08-12T00:44:50.262292,0.419426692115232,0.021882109242052323,0.17994100294985252,False,37,0.04251265525817871,False,0.0,-6.819734601937341,-17.31704847496016,16.86554218115012,CENTER,0.0,0.9913678974837106,0.0752853030164817,NORMAL,STABLE,LOW,VISUAL_REMINDER,False,0.0
2026-08-12T00:44:50.297407,0.4248479460701674,0.07512985813183341,0.1796759941089838,False,37,0.04251265525817871,False,0.0,-6.928423121609313,-16.984186435022934,16.96923400245163,CENTER,0.0,0.987376261895576,0.07511691263628938,NORMAL,STABLE,LOW,VISUAL_REMINDER,False,0.0
2026-08-12T00:44:50.338483,0.41678369565779994,0.20057342988496724,0.17941176470588235,False,37,0.04251265525817871,False,0.0,-6.586959658720389,-18.175200727274472,16.675299675252944,CENTER,0.0,0.9814450981652948,0.07523311038498409,NORMAL,STABLE,LOW,VISUAL_REMINDER,False,0.0
2026-08-12T00:44:50.381704,0.41072000434355116,0.15801289920815298,0.17914831130690162,False,37,0.04251265525817871,False,0.0,-5.009417272323816,-17.367556693954896,16.61506789087008,CENTER,0.0,0.9877511332947532,0.07294096934882717,NORMAL,STABLE,LOW,VISUAL_REMINDER,False,0.0
2026-08-12T00:44:50.420709,0.4247991693303456,0.1686266765572297,0.17888563049853373,False,37,0.04251265525817871,False,0.0,-5.491353070687012,-18.205920355810633,16.93035240547286,CENTER,0.0,0.9860520618998628,0.07418280744624701,NORMAL,STABLE,LOW,VISUAL_REMINDER,False,0.0
2026-08-12T00:44:50.461249,0.42326549433309435,0.3110686991280521,0.17862371888726208,False,37,0.04251265525817871,False,0.0,-7.449968602411872,-16.576889177943883,16.87040991486623,CENTER,0.0,0.9882057773919752,0.07470368094063609,NORMAL,STABLE,LOW,VISUAL_REMINDER,False,0.0
2026-08-12T00:44:50.500017,0.4265437526936371,0.2881878103044033,0.1783625730994152,False,37,0.04251265525817871,False,0.0,-6.264299494672031,-17.129781387770038,16.836545058573392,CENTER,0.0,0.9911821898576818,0.07379805304770376,NORMAL,STABLE,LOW,VISUAL_REMINDER,False,0.0
2026-08-12T00:44:50.535091,0.41129718394271886,0.012287806337172838,0.1781021897810219,False,37,0.04251265525817871,False,0.0,-5.535747194619262,-16.444414519262466,16.0433217874471,CENTER,0.0,0.987164150913066,0.07170746069270886,NORMAL,STABLE,LOW,VISUAL_REMINDER,False,0.0
2026-08-12T00:44:50.579255,0.4239511003785118,0.05011765829874302,0.17784256559766765,False,37,0.04251265525817871,False,0.0,-6.124894041433663,-16.319924754468218,16.0157246687848,CENTER,0.0,0.9883795358581962,0.07202849091653049,NORMAL,STABLE,LOW,VISUAL_REMINDER,False,0.0
2026-08-12T00:44:50.619413,0.427544227041316,0.047505346862754885,0.17758369723435224,False,37,0.04251265525817871,False,0.0,-7.488827937878369,-16.2873371585805,16.450773061767904,CENTER,0.0,0.981974464699074,0.0736078745646992,NORMAL,STABLE,NORMAL,NO_ACTION,False,0.0
2026-08-12T00:44:50.665132,0.41035836307172013,0.008691013233760423,0.17732558139534885,False,37,0.04251265525817871,False,0.0,-6.528218105684658,-16.508261879404984,16.650274854750393,CENTER,0.0,0.9872352296596364,0.0729054545354414,NORMAL,STABLE,NORMAL,NO_ACTION,False,0.0
2026-08-12T00:44:50.703101,0.40112214447826144,0.0039566725008713865,0.17706821480406387,False,37,0.04251265525817871,False,0.0,9.707953154416714,-28.157597871565656,-170.7524462395016,CENTER,0.0,0.9516169133301898,0.09747102304137129,NORMAL,STABLE,NORMAL,NO_ACTION,False,0.0
2026-08-12T00:44:50.735583,0.4351195683171971,0.0033893414989237813,0.17681159420289855,False,37,0.04251265525817871,False,0.0,-6.284290142845123,-14.136135658612432,16.082454920812893,CENTER,0.0,0.9805252405907064,0.07015357550878448,NORMAL,STABLE,NORMAL,NO_ACTION,False,0.0
2026-08-12T00:44:50.776051,0.4235141614636232,0.006074497017587548,0.17655571635311143,False,37,0.04251265525817871,False,0.0,-6.770541564215847,-14.129633393395778,15.91134838313522,CENTER,0.0,0.9875299398791152,0.07032441335442036,NORMAL,STABLE,NORMAL,NO_ACTION,False,0.0
2026-08-12T00:44:50.808891,0.4281439226575724,0.01713596171626525,0.17630057803468208,False,37,0.04251265525817871,False,0.0,8.407972773620003,-28.45364190613401,-170.71292616623575,CENTER,0.0,0.9545372723586819,0.09625448508151216,NORMAL,STABLE,NORMAL,NO_ACTION,False,0.0
2026-08-12T00:44:50.845374,0.42827006535857337,0.01057405207980204,0.17604617604617603,False,37,0.04251265525817871,False,0.0,8.492453490993057,-28.06505746051741,-170.23535833635387,CENTER,0.0,0.9485684848501087,0.09596573438416815,NORMAL,STABLE,NORMAL,NO_ACTION,False,0.0
2026-08-12T00:44:50.891519,0.43008236384001086,0.04860757902898163,0.17579250720461095,False,37,0.04251265525817871,False,0.0,7.0950295177349005,-27.207149387769817,-170.0758992652285,CENTER,0.0,0.9538605502686327,0.09428109388473532,NORMAL,STABLE,NORMAL,NO_ACTION,False,0.0
2026-08-12T00:44:50.926824,0.40295143881620854,0.015522978409796164,0.17553956834532375,False,37,0.04251265525817871,False,0.0,8.272434514210346,-27.666335892673942,-170.8157024115418,CENTER,0.0,0.951136283829161,0.09530931167286476,NORMAL,STABLE,NORMAL,NO_ACTION,False,0.0
2026-08-12T00:44:50.964340,0.4279260642449654,0.020619107530351125,0.1752873563218391,False,37,0.04251265525817871,False,0.0,7.700595059550494,-26.956135845458647,-170.68550567108662,CENTER,0.0,0.9482705971186272,0.09433833961351647,NORMAL,STABLE,NORMAL,NO_ACTION,False,0.0
2026-08-12T00:44:51.004322,0.43432765623536984,0.02789479398183694,0.1750358680057389,False,37,0.04251265525817871,False,0.0,8.107467313308604,-26.583268255555396,-170.571209263097,CENTER,0.0,0.9546063832447417,0.09430552411838022,NORMAL,STABLE,NORMAL,NO_ACTION,False,0.0
2026-08-12T00:44:51.044749,0.4239279751593622,0.02443094535622686,0.17478510028653296,False,37,0.04251265525817871,False,0.0,8.450979989009909,-26.72961960515542,-170.35263223308985,CENTER,0.0,0.9523701404070931,0.09452132722506904,NORMAL,STABLE,NORMAL,NO_ACTION,False,0.0
2026-08-12T00:44:51.077081,0.4118552038638663,0.03055224827660013,0.17453505007153075,False,37,0.04251265525817871,False,0.0,9.48402894256813,-25.374298215425114,-170.1832031675661,CENTER,0.0,0.9570076142403978,0.09440499769074756,NORMAL,STABLE,NORMAL,NO_ACTION,False,0.0
2026-08-12T00:44:51.115057,0.43143502962535885,0.04143183835050131,0.1742857142857143,False,37,0.04251265525817871,False,0.0,9.710699333343598,-26.277628959984213,-170.82768385929518,CENTER,0.0,0.9531466763831732,0.09496483337230138,NORMAL,STABLE,NORMAL,NO_ACTION,False,0.0
2026-08-12T00:44:51.171573,0.43830730581461874,0.048743651346099086,0.17403708987161198,False,37,0.04251265525817871,False,0.0,8.047520232177817,-26.885871945692003,-170.5987243230125,CENTER,0.0,0.9578132992898377,0.09391766556470729,NORMAL,STABLE,NORMAL,NO_ACTION,False,0.0
2026-08-12T00:44:51.218798,0.4207038508937245,0.025974448472254136,0.1737891737891738,False,37,0.04251265525817871,False,0.0,6.879454464944047,-28.35859457473927,-170.4945542777349,CENTER,0.0,0.9536040746813558,0.09374146495731317,NORMAL,STABLE,NORMAL,NO_ACTION,False,0.0
2026-08-12T00:44:51.252126,0.427455341334645,0.015762413337781504,0.17354196301564723,False,37,0.04251265525817871,False,0.0,7.759580585470843,-26.604926284750462,-170.38098929715488,CENTER,0.0,0.947703375057156,0.09328270329648634,NORMAL,STABLE,NORMAL,NO_ACTION,False,0.0
2026-08-12T00:44:51.285536,0.42900630712624754,0.02067768439293771,0.17329545454545456,False,37,0.04251265525817871,False,0.0,10.206247571158002,-26.86169534993627,-170.56468621642412,CENTER,0.0,0.9534593393668552,0.09516502489452655,NORMAL,STABLE,NORMAL,NO_ACTION,False,0.0
2026-08-12T00:44:51.331402,0.4247587008925031,0.03331809783352014,0.17304964539007092,False,37,0.04251265525817871,False,0.0,8.085139912013432,-27.614355516277044,-170.69334237629673,CENTER,0.0,0.9570239434192102,0.09385312312925786,NORMAL,STABLE,NORMAL,NO_ACTION,False,0.0
2026-08-12T00:44:51.363960,0.4196439057426423,0.06471529441622034,0.17280453257790368,False,37,0.04251265525817871,False,0.0,7.912090965480246,-27.369358801282175,-170.11335411373213,CENTER,0.0,0.9532212130629859,0.09345508003741038,NORMAL,STABLE,NORMAL,NO_ACTION,False,0.0
2026-08-12T00:44:51.396928,0.4240791751324437,0.03708509412366063,0.17256011315417255,False,37,0.04251265525817871,False,0.0,8.86279831528222,-26.358282513577223,-170.65474270113467,CENTER,0.0,0.9541221020161751,0.09347553432809802,NORMAL,STABLE,NORMAL,NO_ACTION,False,0.0
2026-08-12T00:44:51.433182,0.4188627171069698,0.03716306430862509,0.17231638418079095,False,37,0.04251265525817871,False,0.0,9.139161917757804,-26.832714391016538,-170.5056964980877,CENTER,0.0,0.9574104438157293,0.09383118396854007,NORMAL,STABLE,NORMAL,NO_ACTION,False,0.0
2026-08-12T00:44:51.519678,0.4208846153450106,0.053170616240018335,0.17207334273624825,False,37,0.04251265525817871,False,0.0,7.804377562405961,-25.6610664878161,-170.30704940676128,CENTER,0.0,0.9533570262488569,0.09202056187093034,NORMAL,STABLE,NORMAL,NO_ACTION,False,0.0
2026-08-12T00:44:51.569295,0.411420031017745,0.019913923866294578,0.17183098591549295,False,37,0.04251265525817871,False,0.0,8.777058468638302,-27.181654804110536,-170.82824439390438,CENTER,0.0,0.9474364752121913,0.09350445289798445,NORMAL,STABLE,NORMAL,NO_ACTION,False,0.0
2026-08-12T00:44:51.606560,0.3864632292388473,0.05047258867534066,0.17158931082981715,False,37,0.04251265525817871,False,0.0,-7.1812070849695715,-14.560949345601557,15.734723823306581,CENTER,0.0,0.986945556305727,0.06837808933544229,NORMAL,STABLE,NORMAL,NO_ACTION,False,0.0
2026-08-12T00:44:51.648080,0.38592854579432595,0.03204776794261665,0.17134831460674158,False,37,0.04251265525817871,False,0.0,9.119596577066375,-26.23163414857322,-170.68610449342773,CENTER,0.0,0.9506315943644262,0.0929738793838421,NORMAL,STABLE,NORMAL,NO_ACTION,False,0.0
2026-08-12T00:44:51.688482,0.40832167157583266,0.2019405221869668,0.17110799438990182,False,37,0.04251265525817871,False,0.0,10.42403029436747,-26.18491399048216,-170.93369648689804,CENTER,0.0,0.9472721863211591,0.09381643401534602,NORMAL,STABLE,NORMAL,NO_ACTION,False,0.0
2026-08-12T00:44:51.724698,0.39339110902063845,0.16128370134460193,0.17086834733893558,False,37,0.04251265525817871,False,0.0,10.94272581136022,-26.43186744735081,-171.218233398351,CENTER,0.0,0.9541325780714163,0.09422879601950415,NORMAL,STABLE,NORMAL,NO_ACTION,False,0.0
2026-08-12T00:44:51.764198,0.4112636944387993,0.18539960243896117,0.17062937062937064,False,37,0.04251265525817871,False,0.0,10.471470194723167,-26.521589418265876,-170.7160154322742,CENTER,0.0,0.9569898347300813,0.09379800508693556,NORMAL,STABLE,NORMAL,NO_ACTION,False,0.0
2026-08-12T00:44:51.807808,0.3948491481583719,0.08107877273660616,0.17039106145251395,False,37,0.04251265525817871,False,0.0,-6.618313751035856,-14.98001790189727,15.607085316088927,CENTER,0.0,0.9866275103952331,0.06741666868300665,NORMAL,STABLE,NORMAL,NO_ACTION,False,0.0
2026-08-12T00:44:51.848493,0.4195073026906946,0.11975777831064079,0.1701534170153417,False,37,0.04251265525817871,False,0.0,11.429811713662303,-26.58861035347593,-170.9151083222866,CENTER,0.0,0.9486673404813956,0.09432050346882268,NORMAL,STABLE,NORMAL,NO_ACTION,False,0.0
2026-08-12T00:44:51.896160,0.41793582914621286,0.3421737276958178,0.16991643454038996,False,37,0.04251265525817871,False,0.0,10.392283826334165,-25.546952380076135,-170.6761121030937,CENTER,0.0,0.9533606650270061,0.09281355417983767,NORMAL,STABLE,NORMAL,NO_ACTION,False,0.0
2026-08-12T00:44:51.933410,0.4254894361441223,0.24852091176214539,0.16968011126564672,False,37,0.04251265525817871,False,0.0,11.569573109250086,-26.02931905934139,-170.56382241579772,CENTER,0.0,0.950494097758059,0.09386348800024583,NORMAL,STABLE,NORMAL,NO_ACTION,False,0.0
2026-08-12T00:44:51.969189,0.42921127964744243,0.12278601735015768,0.16944444444444445,False,37,0.04251265525817871,False,0.0,11.530089336986634,-26.954775588645447,-170.8686432033636,CENTER,0.0,0.9476038849058357,0.09424036550045897,NORMAL,STABLE,NORMAL,NO_ACTION,False,0.0
2026-08-12T00:44:52.021721,0.4265094325454164,0.22113307598426893,0.16920943134535368,False,37,0.04251265525817871,False,0.0,11.098982550114215,-26.441833245335403,-170.87106435729245,CENTER,0.0,0.9539519470521833,0.09349805007495188,NORMAL,STABLE,NORMAL,NO_ACTION,False,0.0
2026-08-12T00:44:52.061246,0.43840728169512,0.22094738664865848,0.16897506925207756,False,37,0.04251265525817871,False,0.0,10.703569112601116,-27.340592830080283,-171.09714245368463,CENTER,0.0,0.9516234527713477,0.09358936284674366,NORMAL,STABLE,NORMAL,NO_ACTION,False,0.0
2026-08-12T00:44:52.110133,0.4217400530617039,0.21762699284316134,0.16874135546334718,False,37,0.04251265525817871,False,0.0,-3.456474389342901,-15.604730499785092,15.491201282146733,CENTER,0.0,0.9860890212405693,0.06388667077628617,NORMAL,STABLE,NORMAL,NO_ACTION,False,0.0
2026-08-12T00:44:52.156119,0.4442587381283051,0.5104144219804816,0.1685082872928177,False,37,0.04251265525817871,False,0.0,-5.169548352139429,-15.04177011562885,15.53855002618127,CENTER,0.0,0.9806340690372085,0.08714166045328667,NORMAL,STABLE,NORMAL,NO_ACTION,False,0.0
2026-08-12T00:44:52.202846,0.45044024917894915,0.32475596673119894,0.16827586206896553,False,37,0.04251265525817871,False,0.0,-5.480634058953655,-15.124126368604294,15.695144803062703,CENTER,0.0,0.9865474027992113,0.06545240194560162,NORMAL,STABLE,NORMAL,NO_ACTION,False,0.0
2026-08-12T00:44:52.245587,0.4666706571908987,0.4869098046379826,0.16804407713498623,False,37,0.04251265525817871,False,0.0,10.10818394941731,-26.113383517583145,-171.06651674047396,CENTER,0.0,0.9506487134559328,0.10988093923126209,NORMAL,STABLE,NORMAL,NO_ACTION,False,0.0
2026-08-12T00:44:52.280153,0.4510099258007778,0.23355906814872945,0.16781292984869325,False,37,0.04251265525817871,False,0.0,-4.585547290630416,-15.441535636650542,15.488473785600007,CENTER,0.0,0.9799299259473594,0.06438922392051984,NORMAL,STABLE,NORMAL,NO_ACTION,False,0.0
2026-08-12T00:44:52.362967,0.4329343606867604,0.4117866125530726,0.16758241758241757,False,37,0.04251265525817871,False,0.0,-5.24319735870435,-16.054215601101987,16.03140380093805,CENTER,0.0,0.9862680443029835,0.06822989553783038,NORMAL,STABLE,NORMAL,NO_ACTION,False,0.0
2026-08-12T00:44:52.410038,0.4505638870065066,0.08740100372600826,0.1673525377229081,False,37,0.04251265525817871,False,0.0,11.060609153842705,-27.977314505890575,-171.3158594669065,CENTER,0.0,0.9568386117719765,0.09338814102805804,NORMAL,STABLE,NORMAL,NO_ACTION,False,0.0
2026-08-12T00:44:52.453313,0.4464963315658235,0.08009466087658798,0.16712328767123288,False,37,0.04251265525817871,False,0.0,12.102089990377237,-27.07271685823389,-170.85581744783934,CENTER,0.0,0.9531725363118714,0.09354633109508524,NORMAL,STABLE,NORMAL,NO_ACTION,False,0.0
2026-08-12T00:44:52.485173,0.4630953218600026,0.08452092883095581,0.16689466484268126,False,37,0.04251265525817871,False,0.0,-6.005889743634668,-16.692313202144533,16.188011069338756,CENTER,0.0,0.9805831779406722,0.06687479644278979,NORMAL,STABLE,NORMAL,NO_ACTION,False,0.0
2026-08-12T00:44:52.529626,0.45818025865562284,0.1342123565267566,0.16666666666666666,False,37,0.04251265525817871,False,0.0,-6.979828621196958,-16.022250193098188,16.177792867066245,CENTER,0.0,0.9866840411736968,0.06720489027630586,NORMAL,STABLE,NORMAL,NO_ACTION,False,0.0
2026-08-12T00:44:52.568891,0.4492099563674335,0.0903335744796113,0.1664392905866303,False,37,0.04251265525817871,False,0.0,-6.612988919286352,-16.76961342780899,16.46949932766273,CENTER,0.0,0.9845736748756859,0.06755861404379483,NORMAL,STABLE,NORMAL,NO_ACTION,False,0.0
2026-08-12T00:44:52.609257,0.4193958092968695,0.12158691890904998,0.16621253405994552,False,37,0.04251265525817871,False,0.0,12.718212044599198,-26.92418002330345,-170.80929629165854,CENTER,0.0,0.9481316242819785,0.09346098549507893,NORMAL,STABLE,NORMAL,NO_ACTION,False,0.0
2026-08-12T00:44:52.651903,0.4172226432505698,0.08047935332519361,0.16598639455782313,False,37,0.04251265525817871,False,0.0,12.128636414269806,-27.280090830716574,-170.72962017392084,CENTER,0.0,0.9544838172832363,0.09309872949750848,NORMAL,STABLE,NORMAL,NO_ACTION,False,0.0
2026-08-12T00:44:52.695487,0.4263942231994039,0.08486861603275747,0.16576086956521738,False,37,0.04251265525817871,False,0.0,-5.832192937097943,-15.872472349070733,16.384237846820895,CENTER,0.0,0.9899476621442043,0.06573748704885939,NORMAL,STABLE,NORMAL,NO_ACTION,False,0.0
2026-08-12T00:44:52.735116,0.42218137656896654,0.06772887798127945,0.1655359565807327,False,37,0.04251265525817871,False,0.0,-6.271997453211412,-15.000269833576453,16.512358167435195,CENTER,0.0,0.9863823784722222,0.0655419971011646,NORMAL,STABLE,NORMAL,NO_ACTION,False,0.0
2026-08-12T00:44:52.772394,0.42204021374996825,0.06745122837948143,0.16531165311653118,False,37,0.04251265525817871,False,0.0,11.410896587717161,-26.593245682781514,-170.66984957898924,CENTER,0.0,0.9544454352959246,0.09181213648622728,NORMAL,STABLE,NORMAL,NO_ACTION,False,0.0
2026-08-12T00:44:52.810025,0.43018788362404536,0.05105752719352715,0.16508795669824086,False,37,0.04251265525817871,False,0.0,11.42574602884676,-27.528770963967474,-171.00668809914112,CENTER,0.0,0.95851327848151,0.09224230340753131,NORMAL,STABLE,NORMAL,NO_ACTION,False,0.0
2026-08-12T00:44:52.849858,0.4329944161665594,0.02822651906345451,0.16486486486486487,False,37,0.04251265525817871,False,0.0,10.809967179375377,-27.20119476211957,-170.85606902124064,CENTER,0.0,0.9550157652106196,0.09147138063780015,NORMAL,STABLE,NORMAL,NO_ACTION,False,0.0
2026-08-12T00:44:52.890243,0.43479198991437096,0.0400089748270203,0.16464237516869096,False,37,0.04251265525817871,False,0.0,11.342071193761939,-29.026500621776933,-171.23334924957214,CENTER,0.0,0.9492250835905348,0.09280407680640723,NORMAL,STABLE,NORMAL,NO_ACTION,False,0.0
2026-08-12T00:44:52.931551,0.3980947514347995,0.03396023752639709,0.16442048517520216,False,37,0.04251265525817871,False,0.0,-6.539038664597172,-15.587677920110963,15.83744641201892,CENTER,0.0,0.9876870472179355,0.06501573634442265,NORMAL,STABLE,NORMAL,NO_ACTION,False,0.0
2026-08-12T00:44:52.981256,0.43252062623157406,0.060720979176813995,0.1641991924629879,False,37,0.04251265525817871,False,0.0,-6.164240514338019,-16.073505897819302,15.706558361943024,CENTER,0.0,0.991181854959705,0.06476900866818963,NORMAL,STABLE,NORMAL,NO_ACTION,False,0.0
2026-08-12T00:44:53.029114,0.4342640734275478,0.05782614445821713,0.1639784946236559,False,37,0.04251265525817871,False,0.0,11.797220421053765,-29.400108064002325,-171.6997991433695,CENTER,0.0,0.9539377156742969,0.09302162713555101,NORMAL,STABLE,NORMAL,NO_ACTION,False,0.0
2026-08-12T00:44:53.071761,0.40984260027674413,0.032865709275689894,0.16375838926174496,False,37,0.04251265525817871,False,0.0,10.75386932442973,-27.943667549077503,-171.7649062699208,CENTER,0.0,0.953886151209562,0.091282095670877,NORMAL,STABLE,NORMAL,NO_ACTION,False,0.0
2026-08-12T00:44:53.113965,0.41550986816585356,0.03721160565047761,0.16353887399463807,False,37,0.04251265525817871,False,0.0,-7.522228167316484,-17.521881662324404,16.08382606537222,CENTER,0.0,0.9905557297025034,0.06715588523677207,NORMAL,STABLE,NORMAL,NO_ACTION,False,0.0
2026-08-12T00:44:53.156600,0.40641253867068755,0.04960499303396412,0.16331994645247658,False,37,0.04251265525817871,False,0.0,10.881099172109856,-29.688416640729656,-171.89858420544059,CENTER,0.0,0.9544356067101053,0.09214918004346911,NORMAL,STABLE,NORMAL,NO_ACTION,False,0.0
2026-08-12T00:44:53.198384,0.4030276081875045,0.03751162459787909,0.16310160427807488,False,37,0.04251265525817871,False,0.0,10.6026898336753,-28.499312209045485,-171.16775605201883,CENTER,0.0,0.9492827472172211,0.09114561422267428,NORMAL,STABLE,NORMAL,NO_ACTION,False,0.0
2026-08-12T00:44:53.241407,0.41039077258293866,0.019801910879489494,0.1628838451268358,False,37,0.04251265525817871,False,0.0,-6.066166680896231,-15.26910772531346,15.26537030724245,CENTER,0.0,0.9856045578275034,0.06301109153879635,NORMAL,STABLE,NORMAL,NO_ACTION,False,0.0
2026-08-12T00:44:53.281544,0.4143653355931124,0.013507556959898893,0.16266666666666665,False,37,0.04251265525817871,False,0.0,-5.322714373668191,-16.21137440571502,15.193958914337031,CENTER,0.0,0.9856504790380659,0.06279834468146586,NORMAL,STABLE,NORMAL,NO_ACTION,False,0.0
2026-08-12T00:44:53.322607,0.41552425022418926,0.08251718332705217,0.16245006657789615,False,37,0.04251265525817871,False,0.0,-6.4218485242383,-15.53132620251543,15.211430162742232,CENTER,0.0,0.9808588525591563,0.06327414835600528,NORMAL,STABLE,NORMAL,NO_ACTION,False,0.0
2026-08-12T00:44:53.366413,0.4217744124731255,0.045922111754394666,0.1622340425531915,False,37,0.04251265525817871,False,0.0,11.917925377993669,-27.039135326356188,-171.79606123965397,CENTER,0.0,0.9496079711076818,0.09086584266446851,NORMAL,STABLE,NORMAL,NO_ACTION,False,0.0
2026-08-12T00:44:53.404975,0.43665314389108056,0.05083870247578544,0.16201859229747675,False,37,0.04251265525817871,False,0.0,11.452121700419013,-27.728805116002036,-171.96337862140078,CENTER,0.0,0.9552888289644775,0.09079391893848664,NORMAL,STABLE,NORMAL,NO_ACTION,False,0.0
2026-08-12T00:44:53.445200,0.4369029361578849,0.027433605190103908,0.16180371352785147,False,37,0.04251265525817871,False,0.0,10.893159512783171,-28.223571481777924,-171.64102420727582,CENTER,0.0,0.9518823887424269,0.09054006744967924,NORMAL,STABLE,NORMAL,NO_ACTION,False,0.0
2026-08-12T00:44:53.486287,0.42273949321923227,0.02147788025432813,0.16158940397350993,False,37,0.04251265525817871,False,0.0,-4.965914972178126,-16.269252829694494,15.237250327046866,CENTER,0.0,0.9815097870584705,0.06199961783708431,NORMAL,STABLE,NORMAL,NO_ACTION,False,0.0
2026-08-12T00:44:53.520519,0.458496430881051,0.04720384984496703,0.16137566137566137,False,37,0.04251265525817871,False,0.0,11.62646261498682,-26.702461256625213,-171.55958015918213,CENTER,0.0,0.9546824220536123,0.0900090668480977,NORMAL,STABLE,NORMAL,NO_ACTION,False,0.0
2026-08-12T00:44:53.560645,0.4167957267518293,0.03339031020007224,0.16116248348745046,False,37,0.04251265525817871,False,0.0,12.305987745285023,-26.011653036244837,-172.07417739978507,CENTER,0.0,0.9577521134294981,0.09002204253829582,NORMAL,STABLE,NORMAL,NO_ACTION,False,0.0
2026-08-12T00:44:53.595733,0.42939088770946676,0.03746580135329345,0.16094986807387862,False,37,0.04251265525817871,False,0.0,-5.5326066221662416,-15.184819503712987,15.212167430552597,CENTER,0.0,0.9876947632673182,0.06141819721075757,NORMAL,STABLE,NORMAL,NO_ACTION,False,0.0
2026-08-12T00:44:53.644614,0.4373585874128612,0.05297974487050464,0.16073781291172595,False,37,0.04251265525817871,False,0.0,11.873502163166307,-27.04723749567796,-171.66359062946418,CENTER,0.0,0.9573688374306986,0.09006512934269639,NORMAL,STABLE,NORMAL,NO_ACTION,False,0.0
2026-08-12T00:44:53.687805,0.42815912148328517,0.03243429828763033,0.16052631578947368,False,37,0.04251265525817871,False,0.0,12.85818522671687,-25.91687541778299,-172.17382871430715,CENTER,0.0,0.9535917986611226,0.09006031254878116,NORMAL,STABLE,NORMAL,NO_ACTION,False,0.0
2026-08-12T00:44:53.735183,0.42501153638576283,0.06667475174745584,0.16031537450722733,False,37,0.04251265525817871,False,0.0,11.305912584892923,-26.327223028926937,-170.71037529553502,CENTER,0.0,0.9539880499471308,0.08900401299882454,NORMAL,STABLE,NORMAL,NO_ACTION,False,0.0
2026-08-12T00:44:53.772943,0.45155327169746573,0.09061043805006165,0.16010498687664043,False,37,0.04251265525817871,False,0.0,-6.503500268603631,-15.933289751634845,15.830795159062006,CENTER,0.0,0.990409379286694,0.06306696867077155,NORMAL,STABLE,NORMAL,NO_ACTION,False,0.0
2026-08-12T00:44:53.831257,0.44178944807450593,0.06012793428966733,0.1598951507208388,False,37,0.04251265525817871,False,0.0,-6.3521244190539505,-16.587760263404533,15.939484925626886,CENTER,0.0,0.9903192649391289,0.06339361862331162,NORMAL,STABLE,NORMAL,NO_ACTION,False,0.0
2026-08-12T00:44:53.896209,0.4184873675787206,0.11274013264631937,0.15968586387434555,False,37,0.04251265525817871,False,0.0,-6.9713532684617405,-16.284100939333655,15.92507969211536,CENTER,0.0,0.990255085090878,0.06365208842946947,NORMAL,STABLE,NORMAL,NO_ACTION,False,0.0
2026-08-12T00:44:53.937137,0.3931602035109155,0.059600152286285644,0.15947712418300652,False,37,0.04251265525817871,False,0.0,-7.037768514364103,-15.233304773699388,15.840308512964896,CENTER,0.0,0.985904010202332,0.06277113415808444,NORMAL,STABLE,NORMAL,NO_ACTION,False,0.0
2026-08-12T00:44:53.977400,0.3904928014667076,0.06460288128935822,0.15926892950391644,False,37,0.04251265525817871,False,0.0,-6.972264903874844,-13.140140187526583,15.375292199255256,CENTER,0.0,0.986800264167524,0.06064443580151936,NORMAL,STABLE,NORMAL,NO_ACTION,False,0.0
2026-08-12T00:44:54.018621,0.3987884876920368,0.029998756484410406,0.1590612777053455,False,37,0.04251265525817871,False,0.0,-5.842967865067067,-14.061686921828056,15.217849512974283,CENTER,0.0,0.9877457615312071,0.05996708873432913,NORMAL,STABLE,NORMAL,NO_ACTION,False,0.0
2026-08-12T00:44:54.063732,0.40084082698115464,0.040979036772061175,0.15885416666666666,False,37,0.04251265525817871,False,0.0,-6.632027147991238,-12.036609233319723,14.879784031228269,CENTER,0.0,0.9814582931455762,0.058835267433683024,NORMAL,STABLE,NORMAL,NO_ACTION,False,0.0
2026-08-12T00:44:54.099647,0.3807251013003383,0.03793674483898856,0.15864759427828348,False,37,0.04251265525817871,False,0.0,-5.78803852385775,-14.443356752639488,14.99227260691714,CENTER,0.0,0.9869307672110768,0.05976578032716459,NORMAL,STABLE,NORMAL,NO_ACTION,False,0.0
2026-08-12T00:44:54.138039,0.4011302809973113,0.013361522089229966,0.15844155844155844,False,37,0.04251265525817871,False,0.0,-4.736450187571222,-12.937908180710053,14.832704465026865,CENTER,0.0,0.9839653661908436,0.057409195164905,NORMAL,STABLE,NORMAL,NO_ACTION,False,0.0
2026-08-12T00:44:54.185921,0.38142986176278537,0.015965214322126706,0.1582360570687419,False,37,0.04251265525817871,False,0.0,-3.95600860974929,-11.597797121195669,14.505018990217025,CENTER,0.0,0.9802424661351166,0.05527150118112797,NORMAL,STABLE,NORMAL,NO_ACTION,False,0.0
2026-08-12T00:44:54.224270,0.4012140260345125,0.013414594665481203,0.15803108808290156,False,37,0.04251265525817871,False,0.0,-5.200802460708616,-12.627271521010243,14.636692881071923,CENTER,0.0,0.9870173450360082,0.05723801343204314,NORMAL,STABLE,NORMAL,NO_ACTION,False,0.0
2026-08-12T00:44:54.273369,0.3865297562660849,0.0050539647324903784,0.15782664941785252,False,37,0.04251265525817871,False,0.0,-3.8310963506519897,-13.940921079252746,14.889927938020577,CENTER,0.0,0.9869082486711248,0.057009420729330525,NORMAL,STABLE,NORMAL,NO_ACTION,False,0.0
2026-08-12T00:44:54.321631,0.39430627783356176,0.013362256185283083,0.15762273901808785,False,37,0.04251265525817871,False,0.0,-4.561448040748928,-12.547363860144571,14.978514261773995,CENTER,0.0,0.9898049152306241,0.05668961451417041,NORMAL,STABLE,NORMAL,NO_ACTION,False,0.0
2026-08-12T00:44:54.359814,0.38912558519217333,0.005505835091010242,0.15741935483870967,False,37,0.04251265525817871,False,0.0,-3.8203638557029933,-12.557442780822242,14.97854923261636,CENTER,0.0,0.9935075472608024,0.0558815986979599,NORMAL,STABLE,NORMAL,NO_ACTION,False,0.0
2026-08-12T00:44:54.397798,0.4019023528289413,0.009911748807023644,0.15721649484536082,False,37,0.04251265525817871,False,0.0,-2.722133734914422,-14.446443337886421,15.285728348604977,CENTER,0.0,0.9950460283779149,0.05638269406195039,NORMAL,STABLE,NORMAL,NO_ACTION,False,0.0
2026-08-12T00:44:54.439105,0.39215552781330826,0.00741477194270581,0.15701415701415702,False,37,0.04251265525817871,False,0.0,15.191586914975971,-22.652500068981453,-171.53357481886252,CENTER,0.0,0.9546792106052813,0.08816183345024688,NORMAL,STABLE,NORMAL,NO_ACTION,False,0.0
2026-08-12T00:44:54.481622,0.39801705190547476,0.012095382780508406,0.15681233933161953,False,37,0.04251265525817871,False,0.0,-3.094199774325091,-13.584588610353194,14.865620089897902,CENTER,0.0,0.9808594285836764,0.05551190279068699,NORMAL,STABLE,NORMAL,NO_ACTION,False,0.0
2026-08-12T00:44:54.524347,0.3916673633151228,0.01404395791133246,0.15661103979460847,False,37,0.04251265525817871,False,0.0,-3.7337531808521476,-10.801315610661248,14.433133097570078,CENTER,0.0,0.9866759098508231,0.05360050869904024,NORMAL,STABLE,NORMAL,NO_ACTION,False,0.0
2026-08-12T00:44:54.561133,0.3980850518497788,0.011433826523422952,0.1564102564102564,False,37,0.04251265525817871,False,0.0,-4.776852363887201,-11.832473872563952,14.592208204579435,CENTER,0.0,0.9898134752229082,0.05540249173457745,NORMAL,STABLE,NORMAL,NO_ACTION,False,0.0
2026-08-12T00:44:54.598016,0.3936148582855603,0.007872596344840119,0.15620998719590268,False,37,0.04251265525817871,False,0.0,14.183962441740817,-21.71907611654069,-171.30083364048525,CENTER,0.0,0.9536219966349452,0.08644699081110996,NORMAL,STABLE,NORMAL,NO_ACTION,False,0.0
2026-08-12T00:44:54.631652,0.3751762390259994,0.008263172324490456,0.15601023017902813,False,37,0.04251265525817871,False,0.0,13.869446217464144,-21.62279421378227,-171.41183082604107,CENTER,0.0,0.953868203357196,0.086049546446445,NORMAL,STABLE,NORMAL,NO_ACTION,False,0.0
2026-08-12T00:44:54.677457,0.3977583222564688,0.007964038004663988,0.1558109833971903,False,37,0.04251265525817871,False,0.0,13.120901141720623,-23.678385458781463,-171.6173317650085,CENTER,0.0,0.9576548117248229,0.08655068311227541,NORMAL,STABLE,NORMAL,NO_ACTION,False,0.0
2026-08-12T00:44:54.714260,0.411002795018242,0.005812881403052347,0.1556122448979592,False,37,0.04251265525817871,False,0.0,-5.664716455232082,-13.193013363707365,14.585832947107178,CENTER,0.0,0.9864931091392318,0.056834938932428275,NORMAL,STABLE,NORMAL,NO_ACTION,False,0.0
2026-08-12T00:44:54.754885,0.3856820736001564,0.06706210271802404,0.1554140127388535,False,37,0.04251265525817871,False,0.0,-6.320988003594408,-14.364766394019114,14.811882652257822,CENTER,0.0,0.9799158736282578,0.05843173161889084,NORMAL,STABLE,NORMAL,NO_ACTION,False,0.0
2026-08-12T00:44:54.799644,0.39645499814728424,0.09374694621072693,0.15521628498727735,False,37,0.04251265525817871,False,0.0,10.831468369666794,-23.594764337012776,-171.21604455071974,CENTER,0.0,0.9532327898162437,0.08445318527438257,NORMAL,STABLE,NORMAL,NO_ACTION,False,0.0
2026-08-12T00:44:54.848017,0.3638602127833586,0.036457904104577124,0.15501905972045743,False,37,0.04251265525817871,False,0.0,-7.1671909877922815,-12.97331689988954,14.931445230445007,CENTER,0.0,0.9898189005701303,0.05815931583141447,NORMAL,STABLE,NORMAL,NO_ACTION,False,0.0
2026-08-12T00:44:54.881221,0.39548518485532547,0.008129511962258978,0.1548223350253807,False,37,0.04251265525817871,False,0.0,-6.071115473299926,-10.999962494277582,14.972787138613683,CENTER,0.0,0.9859540841478053,0.055620083681140964,NORMAL,STABLE,NORMAL,NO_ACTION,False,0.0
2026-08-12T00:44:54.926249,0.3915354301786461,0.041153937748421535,0.15462610899873258,False,37,0.04251265525817871,False,0.0,-6.0735157069195225,-12.710295336097488,15.653335338730443,CENTER,0.0,0.9866138867455418,0.0574148651008774,NORMAL,STABLE,NORMAL,NO_ACTION,False,0.0
2026-08-12T00:44:54.966316,0.3692591610288896,0.022117949015133555,0.15443037974683543,False,37,0.04251265525817871,False,0.0,-5.191550475318365,-12.871908921143131,15.49625957420028,CENTER,0.0,0.9899710514188957,0.05643316340118719,NORMAL,STABLE,NORMAL,NO_ACTION,False,0.0
2026-08-12T00:44:55.006512,0.38170179647299896,0.17265773200335702,0.15423514538558786,False,37,0.04251265525817871,False,0.0,-6.2609452092438005,-14.431943342991133,15.641580491094999,CENTER,0.0,0.98657126093107,0.05863196392972489,NORMAL,STABLE,NORMAL,NO_ACTION,False,0.0
2026-08-12T00:44:55.038858,0.3780855165044785,0.16280001886690945,0.15404040404040403,False,37,0.04251265525817871,False,0.0,-6.219699908516276,-14.102342809187462,15.557440829215608,CENTER,0.0,0.9807875996656378,0.058175807352060696,NORMAL,STABLE,NORMAL,NO_ACTION,False,0.0
2026-08-12T00:44:55.071383,0.373841601782313,0.03718036534661903,0.15384615384615385,False,37,0.04251265525817871,False,0.0,14.60066245550098,-23.043068232939703,-171.5450277151973,CENTER,0.0,0.9553915564629057,0.08630139485193505,NORMAL,STABLE,NORMAL,NO_ACTION,False,0.0
2026-08-12T00:44:55.114688,0.385351209931456,0.010800704534826134,0.15365239294710328,False,37,0.04251265525817871,False,0.0,-4.3615430090585505,-14.932395206565644,14.842413410842738,CENTER,0.0,0.9852932366683813,0.0561034028974577,NORMAL,STABLE,NORMAL,NO_ACTION,False,0.0
2026-08-12T00:44:55.158631,0.4035932222521649,0.02536165548825523,0.15345911949685534,False,37,0.04251265525817871,False,0.0,-4.779993105797814,-12.707506153731941,14.597788616111899,CENTER,0.0,0.9808920878343621,0.05456728918425824,NORMAL,STABLE,NORMAL,NO_ACTION,False,0.0
2026-08-12T00:44:55.197968,0.3845228200418623,0.022012050571980774,0.15326633165829145,False,37,0.04251265525817871,False,0.0,-4.8035790624007575,-13.37193694295712,14.54416192363172,CENTER,0.0,0.9874648892961249,0.054921833830053446,NORMAL,STABLE,NORMAL,NO_ACTION,False,0.0
2026-08-12T00:44:55.242995,0.39505012141944906,0.022960532847718873,0.15307402760351319,False,37,0.04251265525817871,False,0.0,-5.782535649986983,-12.75248246860474,14.401183358663332,CENTER,0.0,0.9904167068544238,0.05518331388926402,NORMAL,STABLE,NORMAL,NO_ACTION,False,0.0
2026-08-12T00:44:55.285798,0.38084384974397334,0.005359935408468874,0.15288220551378445,False,37,0.04251265525817871,False,0.0,-5.862765241763071,-12.510280297765433,14.570417799353095,CENTER,0.0,0.9864574893904321,0.05515270367820505,NORMAL,STABLE,NORMAL,NO_ACTION,False,0.0
2026-08-12T00:44:55.328226,0.37304075508526724,0.08777446927235845,0.15269086357947434,False,37,0.04251265525817871,False,0.0,-7.63607544979385,-12.242477818406428,14.674403969366324,CENTER,0.0,0.987177131558642,0.05667138669185161,NORMAL,STABLE,NORMAL,NO_ACTION,False,0.0
2026-08-12T00:44:55.361201,0.36802420487218557,0.14096007127091573,0.1525,False,37,0.04251265525817871,False,0.0,10.549111394391645,-21.89968716188011,-170.92181015587323,CENTER,0.0,0.9569022450667296,0.08186964886234219,NORMAL,STABLE,NORMAL,NO_ACTION,False,0.0
2026-08-12T00:44:55.404526,0.3956517307275371,0.046719665658702926,0.1523096129837703,False,37,0.04251265525817871,False,0.0,11.032281666161765,-26.167681340610784,-171.4591806346478,CENTER,0.0,0.9565918482260231,0.08457647756777262,NORMAL,STABLE,NORMAL,NO_ACTION,False,0.0
2026-08-12T00:44:55.442809,0.38590264208533936,0.016912785688175138,0.15211970074812967,False,37,0.04251265525817871,False,0.0,-6.224460083856741,-13.85403078372346,15.173163574288708,CENTER,0.0,0.9868236802340535,0.0566706583516348,NORMAL,STABLE,NORMAL,NO_ACTION,False,0.0
2026-08-12T00:44:55.480300,0.38447102109643727,0.03892263040180516,0.1519302615193026,False,37,0.04251265525817871,False,0.0,-6.2324207916067,-15.217819329920871,15.606356564715156,CENTER,0.0,0.9868869625557269,0.057985711804015204,NORMAL,STABLE,NORMAL,NO_ACTION,False,0.0
2026-08-12T00:44:55.525252,0.3831529884372202,0.22237947285447082,0.1517412935323383,False,37,0.04251265525817871,False,0.0,-5.818203333332832,-15.147390356284063,15.555988167870936,CENTER,0.0,0.9899416071887861,0.057392983469089054,NORMAL,STABLE,NORMAL,NO_ACTION,False,0.0
2026-08-12T00:44:55.555596,0.37090871565659717,0.37798612792139114,0.1515527950310559,False,37,0.04251265525817871,False,0.0,-6.81026812566401,-15.801455731053892,15.770943719059375,CENTER,0.0,0.9864564311128258,0.05893343065324494,NORMAL,STABLE,NORMAL,NO_ACTION,False,0.0
2026-08-12T00:44:55.597444,0.3878298981724115,0.48342574651767617,0.1513647642679901,False,37,0.04251265525817871,False,0.0,-8.23357973663343,-14.487942793800244,15.91370957309232,CENTER,0.0,0.9808195355366942,0.07608399093871451,NORMAL,STABLE,NORMAL,NO_ACTION,False,0.0
2026-08-12T00:44:55.646900,0.37561746470184254,0.3735437933933161,0.15117719950433706,False,37,0.04251265525817871,False,0.0,-7.388339667788387,-17.486390796751806,15.708146213092618,CENTER,0.0,0.9870243644975993,0.060458720249930244,NORMAL,STABLE,NORMAL,NO_ACTION,False,0.0
2026-08-12T00:44:55.690804,0.39713428925623495,0.25362186213686905,0.15099009900990099,False,37,0.04251265525817871,False,0.0,-6.933254131890294,-14.228387165867247,15.074184041182946,CENTER,0.0,0.9912590556412895,0.0569634547728881,NORMAL,STABLE,NORMAL,NO_ACTION,False,0.0
2026-08-12T00:44:55.736856,0.3818105628908923,0.01934340510476102,0.1508034610630408,False,37,0.04251265525817871,False,0.0,-7.076462516425096,-12.192815971515671,15.10060567684775,CENTER,0.0,0.9877046896433471,0.05556334847484075,NORMAL,STABLE,NORMAL,NO_ACTION,False,0.0
2026-08-12T00:44:55.771216,0.3892138617677648,0.014681448611848847,0.1506172839506173,False,37,0.04251265525817871,False,0.0,-6.518789776380686,-12.476223460605269,15.19992698095723,CENTER,0.0,0.9872963686342592,0.05523356764836748,NORMAL,STABLE,NORMAL,NO_ACTION,False,0.0
2026-08-12T00:44:55.811427,0.38382938452823256,0.017818714635271966,0.1504315659679408,False,37,0.04251265525817871,False,0.0,-6.878939893990207,-13.560548385874455,14.804159430606632,CENTER,0.0,0.9902277440200618,0.05588953394560261,NORMAL,STABLE,NORMAL,NO_ACTION,False,0.0
2026-08-12T00:44:55.857531,0.389935428348239,0.028214960086160396,0.15024630541871922,False,37,0.04251265525817871,False,0.0,-7.122455420291999,-13.096455506598971,14.98015685479109,CENTER,0.0,0.9861708970979081,0.05586570091420555,NORMAL,STABLE,NORMAL,NO_ACTION,False,0.0
2026-08-12T00:44:55.891096,0.36572816923503765,0.09315977293765294,0.15006150061500614,False,37,0.04251265525817871,False,0.0,10.596025586372207,-23.208921770754074,-170.64634120950942,CENTER,0.0,0.9471092959640774,0.08139558262851083,NORMAL,STABLE,NORMAL,NO_ACTION,False,0.0
2026-08-12T00:44:55.932686,0.3601224768069169,0.04461014316180095,0.14987714987714987,False,37,0.04251265525817871,False,0.0,-6.21791994480904,-12.80820192110508,14.541145027781113,CENTER,0.0,0.9855421998242455,0.05417915370705245,NORMAL,STABLE,NORMAL,NO_ACTION,False,0.0
2026-08-12T00:44:55.972320,0.36853341039258836,0.13097617286210028,0.14969325153374233,False,37,0.04251265525817871,False,0.0,10.226121638301493,-23.966106680700307,-170.75696405951086,CENTER,0.0,0.949943114229681,0.08135643718366248,NORMAL,STABLE,NORMAL,NO_ACTION,False,0.0
2026-08-12T00:44:56.002578,0.3547048349795138,0.05912055476145926,0.14950980392156862,False,37,0.04251265525817871,False,0.0,-6.6697937141099715,-12.480294543342552,14.323446944843425,CENTER,0.0,0.9794378134645061,0.05398416124700535,NORMAL,STABLE,NORMAL,NO_ACTION,False,0.0
2026-08-12T00:44:56.039971,0.3627617655153857,0.04792100191462333,0.14932680538555693,False,37,0.04251265525817871,False,0.0,-6.373285999652012,-10.622126091528457,14.069211037149756,CENTER,0.0,0.9864226733967765,0.05202030572024701,NORMAL,STABLE,NORMAL,NO_ACTION,False,0.0
2026-08-12T00:44:56.083738,0.3531668817334892,0.0387930711252032,0.1491442542787286,False,37,0.04251265525817871,False,0.0,-8.475216032403893,-12.627892043433093,14.602888931903266,CENTER,0.0,0.9895342908736282,0.05591563172895435,NORMAL,STABLE,NORMAL,NO_ACTION,False,0.0
2026-08-12T00:44:56.120215,0.348049649579803,0.034274391439270434,0.14896214896214896,False,37,0.04251265525817871,False,0.0,10.85358896537602,-24.16633335698188,-171.33706171044824,CENTER,0.0,0.952784598533236,0.08157151756562847,NORMAL,STABLE,NORMAL,NO_ACTION,False,0.0
2026-08-12T00:44:56.161520,0.3505107013864315,0.034437741723529064,0.14878048780487804,False,37,0.04251265525817871,False,0.0,-7.439136247540063,-14.218389878367816,15.488744894767649,CENTER,0.0,0.9859491678455073,0.056737781396075056,NORMAL,STABLE,NORMAL,NO_ACTION,False,0.0
2026-08-12T00:44:56.201591,0.37377515021105484,0.011961212720963994,0.14859926918392205,False,37,0.04251265525817871,False,0.0,-7.793728809317685,-12.71789429736404,15.052575224737609,CENTER,0.0,0.9889392709405006,0.055484925098777185,NORMAL,STABLE,NORMAL,NO_ACTION,False,0.0
2026-08-12T00:44:56.260406,0.3676890542389939,0.019904192145858767,0.14841849148418493,False,37,0.04251265525817871,False,0.0,-7.668550359984238,-12.340041756717198,15.222166544170477,CENTER,0.0,0.9854656689386145,0.055164410696314975,NORMAL,STABLE,NORMAL,NO_ACTION,False,0.0
2026-08-12T00:44:56.319275,0.3685794062609295,0.029750872332517258,0.14823815309842042,False,37,0.04251265525817871,False,0.0,-7.69856181461634,-14.129791322762998,15.762214397605163,CENTER,0.0,0.9801869400505829,0.05691578441260419,NORMAL,STABLE,NORMAL,NO_ACTION,False,0.0
2026-08-12T00:44:56.409316,0.3592428656669494,0.28956683938168837,0.14823815309842042,False,37,0.04251265525817871,False,0.0,-7.876618619963466,-14.230739977431512,16.038538893279764,CENTER,0.0,0.986039308984911,0.05742624413825608,NORMAL,STABLE,NORMAL,NO_ACTION,False,0.0
2026-08-12T00:44:56.454402,0.3533245549554067,0.257006481903825,0.14841849148418493,False,37,0.04251265525817871,False,0.0,-6.471627992549259,-13.850963876648791,15.598636613986884,CENTER,0.0,0.9893417379329561,0.05546556705189213,NORMAL,STABLE,NORMAL,NO_ACTION,False,0.0
2026-08-12T00:44:56.490279,0.3536251545807192,0.30043856511671785,0.14841849148418493,False,37,0.04251265525817871,False,0.0,-6.571967708846387,-15.195436283308283,15.924640033118777,CENTER,0.0,0.9861080702374829,0.056847127550077856,NORMAL,STABLE,NORMAL,NO_ACTION,False,0.0
2026-08-12T00:44:56.532729,0.33267550542996605,0.2415080010789921,0.14859926918392205,False,37,0.04251265525817871,False,0.0,-6.713667273738849,-13.762775722896777,15.947094160505486,CENTER,0.0,0.9866870418595679,0.05606089103221435,NORMAL,STABLE,NORMAL,NO_ACTION,False,0.0
2026-08-12T00:44:56.577146,0.33990451375063907,0.1920529452244553,0.14878048780487804,False,37,0.04251265525817871,False,0.0,-5.532102755870426,-11.772165512765042,15.863512875177747,CENTER,0.0,0.9900372272590878,0.053495548861926825,NORMAL,STABLE,NORMAL,NO_ACTION,False,0.0
2026-08-12T00:44:56.622157,0.34774875491424273,0.16069266646922387,0.14878048780487804,False,37,0.04251265525817871,False,0.0,-6.0371697667722515,-12.373097929626255,15.957564459346258,CENTER,0.0,0.9856898094564472,0.05450648462491284,NORMAL,STABLE,NORMAL,NO_ACTION,False,0.0
2026-08-12T00:44:56.671410,0.34576532894606404,0.008806220493170501,0.14896214896214896,False,37,0.04251265525817871,False,0.0,-4.449054204868247,-11.463317189559632,14.94148603284654,CENTER,0.0,0.9859462073473937,0.051432508976518826,NORMAL,STABLE,NORMAL,NO_ACTION,False,0.0
2026-08-12T00:44:56.728803,0.3517659794377903,0.010059692499669773,0.1491442542787286,False,37,0.04251265525817871,False,0.0,-3.452293083901367,-13.050275721529175,14.93727664251253,CENTER,0.0,0.990137120627572,0.05170580082294135,NORMAL,STABLE,NORMAL,NO_ACTION,False,0.0
2026-08-12T00:44:56.781480,0.36245899670252346,0.0074928494565554464,0.14896214896214896,False,37,0.04251265525817871,False,0.0,-3.732199881443222,-11.617701064907834,14.751573750154279,CENTER,0.0,0.9927746565286351,0.05067082578430551,NORMAL,STABLE,NORMAL,NO_ACTION,False,0.0
2026-08-12T00:44:56.832202,0.37629122989504854,0.024841801713370554,0.14932680538555693,False,37,0.04251265525817871,False,0.0,-3.8342361540330785,-12.845576433309503,14.46690440821925,CENTER,0.0,0.985533720207476,0.05156408399159683,NORMAL,STABLE,NORMAL,NO_ACTION,False,0.0
2026-08-12T00:44:56.882517,0.3819195219225531,0.17217568527411986,0.14950980392156862,False,37,0.04251265525817871,False,0.0,-2.5911024657284543,-11.686986214111158,14.073788626863006,CENTER,0.0,0.9890001821844994,0.04924317601939711,NORMAL,STABLE,NORMAL,NO_ACTION,False,0.0
2026-08-12T00:44:56.927298,0.39482587816353487,0.04693885486336238,0.14932680538555693,False,37,0.04251265525817871,False,0.0,-1.9333923550939858,-10.637592877420332,14.512774539864864,CENTER,0.0,0.9864485677083336,0.04818315826235722,NORMAL,STABLE,NORMAL,NO_ACTION,False,0.0
2026-08-12T00:44:56.971720,0.4067903635074387,0.015649689884664565,0.14950980392156862,False,37,0.04251265525817871,False,0.0,-3.0011912123375453,-10.690870974018964,14.642731441753767,CENTER,0.0,0.9832318592463991,0.049466530590404456,NORMAL,STABLE,NORMAL,NO_ACTION,False,0.0
2026-08-12T00:44:57.014054,0.39453304175508724,0.005971570898663861,0.14950980392156862,False,37,0.04251265525817871,False,0.0,-1.797086782521518,-12.279457238959623,14.555729567023661,CENTER,0.0,0.979552991576646,0.04937055534033569,NORMAL,STABLE,NORMAL,NO_ACTION,False,0.0
2026-08-12T00:44:57.068984,0.39481534373368776,0.005104760787425417,0.14969325153374233,False,37,0.04251265525817871,False,0.0,-2.594685904792726,-10.559269058297645,14.594513295847776,CENTER,0.0,0.9857414775162894,0.04902532672440661,NORMAL,STABLE,NORMAL,NO_ACTION,False,0.0
2026-08-12T00:44:57.118134,0.4064127702153097,0.0006170565205903984,0.14969325153374233,False,37,0.04251265525817871,False,0.0,-2.4583837765532053,-12.187696900200962,14.720786628145731,CENTER,0.0,0.9895617659036351,0.050191756140059725,NORMAL,STABLE,NORMAL,NO_ACTION,False,0.0
2026-08-12T00:44:57.167863,0.38262778460195096,0.003703057302320285,0.14969325153374233,False,37,0.04251265525817871,False,0.0,-2.433029655170543,-12.586527948539555,14.201873218703383,CENTER,0.0,0.9936695709019204,0.04995569131195425,NORMAL,STABLE,NORMAL,NO_ACTION,False,0.0
2026-08-12T00:44:57.226550,0.39285440698295526,0.006167552196999804,0.14987714987714987,False,37,0.04251265525817871,False,0.0,-3.535261641180284,-11.793044613315772,14.270034776282046,CENTER,0.0,0.9933897435485255,0.05060161482056301,NORMAL,STABLE,NORMAL,NO_ACTION,False,0.0
2026-08-12T00:44:57.278983,0.40242918986664195,0.0053442213938677185,0.14987714987714987,False,37,0.04251265525817871,False,0.0,-4.294284987835141,-9.281049254884834,13.853361925520431,CENTER,0.0,0.9853515625,0.04911706679848231,NORMAL,STABLE,NORMAL,NO_ACTION,False,0.0
2026-08-12T00:44:57.332576,0.42008185577357005,0.01235466886196971,0.15006150061500614,False,37,0.04251265525817871,False,0.0,-3.849761435120371,-14.594939206765247,14.731947295414017,CENTER,0.0,0.980255701303155,0.05346503703068145,NORMAL,STABLE,NORMAL,NO_ACTION,False,0.0
2026-08-12T00:44:57.390382,0.4216907963818993,0.024322245356351,0.15024630541871922,False,37,0.04251265525817871,False,0.0,-4.758056039870638,-14.375621887578347,14.59056951791365,CENTER,0.0,0.9862483255101167,0.05413755609121773,NORMAL,STABLE,NORMAL,NO_ACTION,False,0.0
2026-08-12T00:44:57.447091,0.4239531019613283,0.020302622409261582,0.15024630541871922,False,37,0.04251265525817871,False,0.0,-6.555689292042501,-12.268882086792246,14.764598885637014,CENTER,0.0,0.9801857880015431,0.054514659869067617,NORMAL,STABLE,NORMAL,NO_ACTION,False,0.0
2026-08-12T00:44:57.491390,0.39781655873689636,0.017309839427880738,0.15024630541871922,False,37,0.04251265525817871,False,0.0,-4.4906235426695105,-13.195486697445006,14.678278038930074,CENTER,0.0,0.9867219382287379,0.053112168699054677,NORMAL,STABLE,NORMAL,NO_ACTION,False,0.0
2026-08-12T00:44:57.537298,0.4077592009660969,0.11405219706007157,0.1504315659679408,False,37,0.04251265525817871,False,0.0,-5.488633972782594,-14.606213724044437,14.900764680194698,CENTER,0.0,0.9844363667052469,0.055398950857906554,NORMAL,STABLE,NORMAL,NO_ACTION,False,0.0
2026-08-12T00:44:57.587392,0.419787914660005,0.09273022727430022,0.1506172839506173,False,37,0.04251265525817871,False,0.0,-5.870298885551733,-14.952372990653942,15.363031523915907,CENTER,0.0,0.986515265989369,0.056554488788786814,NORMAL,STABLE,NORMAL,NO_ACTION,False,0.0
2026-08-12T00:44:57.631402,0.4185092008743142,0.16667272932381344,0.1506172839506173,False,37,0.04251265525817871,False,0.0,-6.052437999696366,-14.033952001520674,14.929049770294228,CENTER,0.0,0.9838314337920095,0.05564866960676822,NORMAL,STABLE,NORMAL,NO_ACTION,False,0.0
2026-08-12T00:44:57.674006,0.41616349665884056,0.030169253987456,0.1506172839506173,False,37,0.04251265525817871,False,0.0,-6.1326664421975465,-13.220891920089826,14.608631917335856,CENTER,0.0,0.9799619421939301,0.05483016604159087,NORMAL,STABLE,NORMAL,NO_ACTION,False,0.0
2026-08-12T00:44:57.715837,0.41709293379814694,0.03977861162464229,0.1508034610630408,False,37,0.04251265525817871,False,0.0,-6.961362386409689,-13.851229683206583,14.81018244361178,CENTER,0.0,0.9865772623028122,0.05637058773163471,NORMAL,STABLE,NORMAL,NO_ACTION,False,0.0
2026-08-12T00:44:57.758461,0.41536047086670386,0.04405086973820682,0.1508034610630408,False,37,0.04251265525817871,False,0.0,-6.237133358585993,-12.77375307553146,14.461507120610975,CENTER,0.0,0.9903616228352193,0.05455924302900131,NORMAL,STABLE,NORMAL,NO_ACTION,False,0.0
2026-08-12T00:44:57.807295,0.3972295873212114,0.021536173518335748,0.1508034610630408,False,37,0.04251265525817871,False,0.0,-6.2134574454600795,-12.63039630579263,14.596566603940744,CENTER,0.0,0.9866544227966393,0.054562965836978825,NORMAL,STABLE,NORMAL,NO_ACTION,False,0.0
2026-08-12T00:44:57.854903,0.41163404112992047,0.07072219595100593,0.1508034610630408,False,37,0.04251265525817871,False,0.0,-5.899241973473124,-13.315922066709817,14.703245332095747,CENTER,0.0,0.9805375648362483,0.054858217577654925,NORMAL,STABLE,NORMAL,NO_ACTION,False,0.0
2026-08-12T00:44:57.901736,0.4073338063071532,0.015876990246359447,0.15099009900990099,False,37,0.04251265525817871,False,0.0,-5.789937759191446,-13.189909055889899,14.597631268198171,CENTER,0.0,0.9864590433170439,0.054653568812431344,NORMAL,STABLE,NORMAL,NO_ACTION,False,0.0
2026-08-12T00:44:57.945656,0.4489216833721082,0.11475700969956483,0.1508034610630408,False,37,0.04251265525817871,False,0.0,12.360147347333424,-25.627461891212135,-171.56454586262896,CENTER,0.0,0.9511014758730567,0.0845023573105758,NORMAL,STABLE,NORMAL,NO_ACTION,False,0.0
2026-08-12T00:44:57.987385,0.4222282117177175,0.01928395533069972,0.1508034610630408,False,37,0.04251265525817871,False,0.0,-3.6357262654213685,-12.102156325653056,14.021580693219846,CENTER,0.0,0.980075325252915,0.05114550939355396,NORMAL,STABLE,NORMAL,NO_ACTION,False,0.0
2026-08-12T00:44:58.030276,0.4203852292874889,0.26295486969097853,0.1508034610630408,False,37,0.04251265525817871,False,0.0,13.555506513691284,-24.721306736809396,-171.5383918615656,CENTER,0.0,0.9534383225094308,0.08489502654237542,NORMAL,STABLE,NORMAL,NO_ACTION,False,0.0
2026-08-12T00:44:58.069432,0.420944242698605,0.05682065531512847,0.1508034610630408,False,37,0.04251265525817871,False,0.0,-3.1526123112112145,-13.619651068498968,14.571941640878492,CENTER,0.0,0.9890747438700274,0.05230623418300418,NORMAL,STABLE,NORMAL,NO_ACTION,False,0.0
2026-08-12T00:44:58.110710,0.3982547715407989,0.020439891600141362,0.1508034610630408,False,37,0.04251265525817871,False,0.0,-2.9171222339047915,-14.185622062300695,14.52987599711048,CENTER,0.0,0.9857414239326131,0.05244771513230782,NORMAL,STABLE,NORMAL,NO_ACTION,False,0.0
2026-08-12T00:44:58.152958,0.42410777371755837,0.023006395593758017,0.15099009900990099,False,37,0.04251265525817871,False,0.0,-2.89113655093351,-16.100673965770255,14.652590939787274,CENTER,0.0,0.9802694723079561,0.05401727384166384,NORMAL,STABLE,NORMAL,NO_ACTION,False,0.0
2026-08-12T00:44:58.191283,0.414658745827563,0.033810150137073766,0.15099009900990099,False,37,0.04251265525817871,False,0.0,-4.08636185671574,-16.732532255554503,14.945139471322392,CENTER,0.0,0.9865845094950274,0.05590628704244324,NORMAL,STABLE,NORMAL,NO_ACTION,False,0.0
2026-08-12T00:44:58.234642,0.40079830207841316,0.026879247320904718,0.15099009900990099,False,37,0.04251265525817871,False,0.0,-4.195654098669763,-14.715222691588792,15.026517610350652,CENTER,0.0,0.9836058599108368,0.05463294976126576,NORMAL,STABLE,NORMAL,NO_ACTION,False,0.0
2026-08-12T00:44:58.290886,0.40942268127475145,0.0866320814127151,0.15117719950433706,False,37,0.04251265525817871,False,0.0,-4.358665388966756,-13.77815783148813,14.862027065972256,CENTER,0.0,0.9797097506215706,0.054048306475962336,NORMAL,STABLE,NORMAL,NO_ACTION,False,0.0
2026-08-12T00:44:58.352473,0.4325768078709188,0.24965520834862331,0.1513647642679901,False,37,0.04251265525817871,False,0.0,-5.629243411103488,-16.88162661118494,15.165377448186291,CENTER,0.0,0.9870657846793554,0.05789911773620396,NORMAL,STABLE,NORMAL,NO_ACTION,False,0.0
2026-08-12T00:44:58.412186,0.40707867994417124,0.03884095997497928,0.1515527950310559,False,37,0.04251265525817871,False,0.0,-4.540818335115489,-12.914006111604834,14.448679241651973,CENTER,0.0,0.9901367723336764,0.05338936255894455,NORMAL,STABLE,NORMAL,NO_ACTION,False,0.0
2026-08-12T00:44:58.466063,0.4239372958788863,0.07472682740747062,0.1517412935323383,False,37,0.04251265525817871,False,0.0,-5.657077336523031,-14.0557410625903,14.725224966152297,CENTER,0.0,0.9862304017704047,0.05564941752876432,NORMAL,STABLE,NORMAL,NO_ACTION,False,0.0
2026-08-12T00:44:58.519107,0.4054288314665164,0.06497306271776163,0.1517412935323383,False,37,0.04251265525817871,False,0.0,-4.867161459421993,-13.91687857441056,14.427903462155626,CENTER,0.0,0.9797061873070987,0.05450215862402189,NORMAL,STABLE,NORMAL,NO_ACTION,False,0.0
2026-08-12T00:44:58.575763,0.43043484231047,0.020835581311308755,0.1519302615193026,False,37,0.04251265525817871,False,0.0,-4.612240650516014,-10.71351872330223,14.103231170176912,CENTER,0.0,0.9861839045353223,0.051724978257518324,NORMAL,STABLE,NORMAL,NO_ACTION,False,0.0
2026-08-12T00:44:58.632746,0.4299097438375712,0.013859572546038045,0.15211970074812967,False,37,0.04251265525817871,False,0.0,13.292758994974093,-22.031396641262177,-171.52809413821788,CENTER,0.0,0.9567883033979196,0.08383768136637651,NORMAL,STABLE,NORMAL,NO_ACTION,False,0.0
2026-08-12T00:44:58.679151,0.41893028639532004,0.012378674460896064,0.15211970074812967,False,37,0.04251265525817871,False,0.0,-5.889510276822165,-10.017688574181705,13.981382317023986,CENTER,0.0,0.9857419061856996,0.05242978128652939,NORMAL,STABLE,NORMAL,NO_ACTION,False,0.0
2026-08-12T00:44:58.729726,0.41922346090323176,0.011178709578969158,0.1523096129837703,False,37,0.04251265525817871,False,0.0,13.02659706079291,-21.571445018056295,-171.51953835002942,CENTER,0.0,0.9536468206125687,0.08347031739477659,NORMAL,STABLE,NORMAL,NO_ACTION,False,0.0
2026-08-12T00:44:58.775982,0.4020485768182894,0.011207570288667899,0.1523096129837703,False,37,0.04251265525817871,False,0.0,13.936006705722406,-21.83264141956562,-172.0478428777627,CENTER,0.0,0.9572154519247257,0.08431186094893771,NORMAL,STABLE,NORMAL,NO_ACTION,False,0.0
2026-08-12T00:44:58.829972,0.41843414821765285,0.012198333399539813,0.1525,False,37,0.04251265525817871,False,0.0,13.519933354158468,-22.489506370060326,-171.71139149559585,CENTER,0.0,0.9538153310042295,0.08446833422807737,NORMAL,STABLE,NORMAL,NO_ACTION,False,0.0
2026-08-12T00:44:58.870963,0.42518405810739845,0.00901673160800609,0.1525,False,37,0.04251265525817871,False,0.0,-5.549686270117917,-10.287958353731995,14.211317794799328,CENTER,0.0,0.9800617016032236,0.052709307169837856,NORMAL,STABLE,NORMAL,NO_ACTION,False,0.0
2026-08-12T00:44:58.901512,0.4160620105322758,0.00853133842574697,0.1525,False,37,0.04251265525817871,False,0.0,-4.414431946532318,-14.820989090046936,15.131057793512412,CENTER,0.0,0.9865586687671468,0.05577563038878067,NORMAL,STABLE,NORMAL,NO_ACTION,False,0.0
2026-08-12T00:44:58.943474,0.42104002586994066,0.007524730671788594,0.1525,False,37,0.04251265525817871,False,0.0,-4.761422824533099,-11.694237176897019,14.427615703392007,CENTER,0.0,0.990003991983882,0.0531741713583535,NORMAL,STABLE,NORMAL,NO_ACTION,False,0.0
2026-08-12T00:44:58.980441,0.41644107830512966,0.0067731479316009945,0.1525,False,37,0.04251265525817871,False,0.0,-5.162303485792393,-15.354104538400804,15.648750102139417,CENTER,0.0,0.9862314868398492,0.05737934932537195,NORMAL,STABLE,NORMAL,NO_ACTION,False,0.0
2026-08-12T00:44:59.022645,0.4163389225282039,0.012660512075467775,0.1525,False,37,0.04251265525817871,False,0.0,-4.575606533139222,-13.906622687775496,14.8759557425646,CENTER,0.0,0.9804101026663237,0.05502480598444154,NORMAL,STABLE,NORMAL,NO_ACTION,False,0.0
2026-08-12T00:44:59.057122,0.3932270730716612,0.011869188467680718,0.1525,False,37,0.04251265525817871,False,0.0,-5.2441950082586,-11.753057753556675,14.372887200399418,CENTER,0.0,0.9860247476208848,0.05362884309701717,NORMAL,STABLE,NORMAL,NO_ACTION,False,0.0
2026-08-12T00:44:59.106347,0.3972436689549319,0.008765278645104308,0.1525,False,37,0.04251265525817871,False,0.0,11.748546783129427,-25.032585401752442,-171.90865038023247,CENTER,0.0,0.9508836024126942,0.0845718212049417,NORMAL,STABLE,NORMAL,NO_ACTION,False,0.0
2026-08-12T00:44:59.225186,0.40959492188394564,0.030996350695813767,0.15307402760351319,False,37,0.04251265525817871,False,0.0,11.25632919260957,-25.166265743903296,-171.57966871484751,CENTER,0.0,0.9478387868119855,0.08456939029925517,NORMAL,STABLE,NORMAL,NO_ACTION,False,0.0
2026-08-12T00:44:59.264370,0.4012018890102377,0.029778338917022952,0.15307402760351319,False,37,0.04251265525817871,False,0.0,-6.837398529012091,-12.623459953742326,14.87478569714645,CENTER,0.0,0.9861815468535665,0.056561986356500935,NORMAL,STABLE,NORMAL,NO_ACTION,False,0.0
2026-08-12T00:44:59.308260,0.40974902963054094,0.0035285677676288978,0.15307402760351319,False,37,0.04251265525817871,False,0.0,-4.714135013128555,-14.100900922641728,14.800310679739795,CENTER,0.0,0.9892551601080247,0.05551268624642662,NORMAL,STABLE,NORMAL,NO_ACTION,False,0.0
2026-08-12T00:44:59.346228,0.4077565960170193,0.011847480846569924,0.15307402760351319,False,37,0.04251265525817871,False,0.0,-5.947291128449422,-13.147302906831982,14.725462871789489,CENTER,0.0,0.9862035161608367,0.05593938456803197,NORMAL,STABLE,NORMAL,NO_ACTION,False,0.0
2026-08-12T00:44:59.382349,0.4036545069813544,0.007495800143861983,0.15307402760351319,False,37,0.04251265525817871,False,0.0,-5.228372762331617,-14.927793492764465,14.768598917750296,CENTER,0.0,0.980672635888203,0.05657454109031351,NORMAL,STABLE,NORMAL,NO_ACTION,False,0.0
2026-08-12T00:44:59.423705,0.38407640636862805,0.006600273544138262,0.15326633165829145,False,37,0.04251265525817871,False,0.0,-6.060128921450769,-14.260356039497594,15.048771221922664,CENTER,0.0,0.9865616426611797,0.05725940088462396,NORMAL,STABLE,NORMAL,NO_ACTION,False,0.0
2026-08-12T00:44:59.465601,0.4151938152053698,0.010184829193540348,0.15326633165829145,False,37,0.04251265525817871,False,0.0,-5.179515516861471,-14.160604918085511,15.03678751126742,CENTER,0.0,0.9837226991169411,0.056327820445220486,NORMAL,STABLE,NORMAL,NO_ACTION,False,0.0
2026-08-12T00:44:59.509279,0.4142436131771517,0.013674992068824306,0.15326633165829145,False,37,0.04251265525817871,False,0.0,-5.135405283761514,-15.55081664818573,15.433299627951811,CENTER,0.0,0.979899343064129,0.05767121221226307,NORMAL,STABLE,NORMAL,NO_ACTION,False,0.0
2026-08-12T00:44:59.550028,0.3922477504791119,0.012215587288245582,0.15345911949685534,False,37,0.04251265525817871,False,0.0,-4.107633761790879,-13.262229630285134,15.426768027096074,CENTER,0.0,0.9862722372256515,0.05511874212996918,NORMAL,STABLE,NORMAL,NO_ACTION,False,0.0
2026-08-12T00:44:59.587795,0.3810924891287693,0.010720206232503285,0.15345911949685534,False,37,0.04251265525817871,False,0.0,-3.736947925769698,-13.061127519276369,15.253770301287432,CENTER,0.0,0.9898822766632372,0.054449954582848945,NORMAL,STABLE,NORMAL,NO_ACTION,False,0.0
2026-08-12T00:44:59.635618,0.4128241422407001,0.008790705223262639,0.15365239294710328,False,37,0.04251265525817871,False,0.0,-3.6393667633916493,-13.043365229921733,15.109413474900805,CENTER,0.0,0.9855886970593278,0.054300785665369326,NORMAL,STABLE,NORMAL,NO_ACTION,False,0.0
2026-08-12T00:44:59.672861,0.3980358208905993,0.008512239616924194,0.15365239294710328,False,37,0.04251265525817871,False,0.0,-3.501846242663447,-12.165293131764429,15.114146998189426,CENTER,0.0,0.9799937575017148,0.05353875352286945,NORMAL,STABLE,NORMAL,NO_ACTION,False,0.0
2026-08-12T00:44:59.715662,0.4245664605036168,0.011465757364823812,0.15384615384615385,False,37,0.04251265525817871,False,0.0,-2.5124586807355627,-13.13094424334372,15.3147805367216,CENTER,0.0,0.9862026588220164,0.053573507752672805,NORMAL,STABLE,NORMAL,NO_ACTION,False,0.0
2026-08-12T00:44:59.758944,0.4232342476751103,0.011081911849847808,0.15384615384615385,False,37,0.04251265525817871,False,0.0,-2.8780372826145424,-13.526119737140618,15.15127839996066,CENTER,0.0,0.9832681889789094,0.054053504427565714,NORMAL,STABLE,NORMAL,NO_ACTION,False,0.0
2026-08-12T00:44:59.806290,0.42830079295199014,0.007893402891495897,0.15404040404040403,False,37,0.04251265525817871,False,0.0,-2.9321349998157302,-13.655371394889812,15.170039929446972,CENTER,0.0,0.9803094859182099,0.054314138700245776,NORMAL,STABLE,NORMAL,NO_ACTION,False,0.0
2026-08-12T00:44:59.851770,0.4133463559462832,0.008201294033500913,0.15404040404040403,False,37,0.04251265525817871,False,0.0,-3.261695969458316,-11.466904979078095,15.093118998797848,CENTER,0.0,0.9868520527906378,0.05297686262267176,NORMAL,STABLE,NORMAL,NO_ACTION,False,0.0
2026-08-12T00:44:59.894990,0.4100783746149479,0.003631445906100768,0.15423514538558786,False,37,0.04251265525817871,False,0.0,-2.821891207104926,-13.646408851051262,15.288276983883918,CENTER,0.0,0.9896422217935529,0.05441273363950539,NORMAL,STABLE,NORMAL,NO_ACTION,False,0.0
2026-08-12T00:44:59.932652,0.40412768685909883,0.004198670393255256,0.15423514538558786,False,37,0.04251265525817871,False,0.0,-3.593410155494098,-13.799206614545795,15.235335335943034,CENTER,0.0,0.9856815843621398,0.0552150509061646,NORMAL,STABLE,NORMAL,NO_ACTION,False,0.0
2026-08-12T00:44:59.977084,0.4192130464764296,0.003775191912045133,0.15423514538558786,False,37,0.04251265525817871,False,0.0,-3.313208680910691,-12.958288498933115,15.142274632756852,CENTER,0.0,0.9861562821502057,0.054248283503332884,NORMAL,STABLE,NORMAL,NO_ACTION,False,0.0
2026-08-12T00:45:00.020305,0.41784882074153606,0.007453694069354684,0.15423514538558786,False,37,0.04251265525817871,False,0.0,-3.716378773404614,-12.073591681422386,14.867316921316501,CENTER,0.0,0.988779109332133,0.05373279957614524,NORMAL,STABLE,NORMAL,NO_ACTION,False,0.0
2026-08-12T00:45:00.059459,0.4339029914645387,0.25209644253302715,0.15443037974683543,False,37,0.04251265525817871,False,0.0,14.480846906609088,-24.416075303631857,-170.89792756218736,CENTER,0.0,0.9506854638203016,0.08729544328749789,NORMAL,STABLE,NORMAL,NO_ACTION,False,0.0
2026-08-12T00:45:00.098842,0.4275991189362133,0.44221617120517076,0.15443037974683543,False,37,0.04251265525817871,False,0.0,14.219920211533065,-25.537130171836765,-170.90362993588334,CENTER,0.0,0.9469097329389574,0.09644429000836685,NORMAL,STABLE,NORMAL,NO_ACTION,False,0.0
2026-08-12T00:45:00.143189,0.4258755938186417,0.45395525391510394,0.15462610899873258,False,37,0.04251265525817871,False,0.0,14.658232636773306,-24.51449055293574,-170.7117702930946,CENTER,0.0,0.9527549703325046,0.0987162413054195,NORMAL,STABLE,NORMAL,NO_ACTION,False,0.0
2026-08-12T00:45:00.181165,0.4239257231268012,0.13239716142818128,0.15462610899873258,False,37,0.04251265525817871,False,0.0,-4.033814443633986,-13.899759873757489,15.77962097194711,CENTER,0.0,0.9889945291066529,0.05643137443800998,NORMAL,STABLE,NORMAL,NO_ACTION,False,0.0
2026-08-12T00:45:00.224997,0.4356235008686405,0.0402884405973646,0.15462610899873258,False,37,0.04251265525817871,False,0.0,-4.625965771997755,-11.119093741516053,14.993956361131438,CENTER,0.0,0.9861054848251027,0.05423676944088192,NORMAL,STABLE,NORMAL,NO_ACTION,False,0.0
2026-08-12T00:45:00.307386,0.45393668553281885,0.0482844250975918,0.15501905972045743,False,37,0.04251265525817871,False,0.0,-4.608738596361718,-13.575178824590694,15.339904654027777,CENTER,0.0,0.9860110034079217,0.05652363028947484,NORMAL,STABLE,NORMAL,NO_ACTION,False,0.0
2026-08-12T00:45:00.368557,0.43843366443009296,0.021662775870507033,0.15501905972045743,False,37,0.04251265525817871,False,0.0,-4.245362907641237,-12.270356408410379,14.65405236522568,CENTER,0.0,0.9894852752057613,0.05457089086239694,NORMAL,STABLE,NORMAL,NO_ACTION,False,0.0
2026-08-12T00:45:00.413974,0.42820370585326706,0.011288238071757963,0.15501905972045743,False,37,0.04251265525817871,False,0.0,-5.265999239037285,-12.61263355546177,14.985754199903823,CENTER,0.0,0.9856572171853566,0.05612034259148699,NORMAL,STABLE,NORMAL,NO_ACTION,False,0.0
2026-08-12T00:45:00.451936,0.4156626107217285,0.049393421830211184,0.15521628498727735,False,37,0.04251265525817871,False,0.0,-4.30636523955377,-13.359332155063754,15.125942023117432,CENTER,0.0,0.9796825569058643,0.05596914122894218,NORMAL,STABLE,NORMAL,NO_ACTION,False,0.0
2026-08-12T00:45:00.495955,0.4365458703401083,0.009611591499305717,0.15521628498727735,False,37,0.04251265525817871,False,0.0,-4.886965999843454,-12.242856957546934,14.90376686899856,CENTER,0.0,0.9891720518261317,0.05550794861445563,NORMAL,STABLE,NORMAL,NO_ACTION,False,0.0
2026-08-12T00:45:00.542193,0.432355395902005,0.007631461214950023,0.15521628498727735,False,37,0.04251265525817871,False,0.0,-4.902898814419046,-13.308950542637632,15.202184604907274,CENTER,0.0,0.9854473969050067,0.05658061303008009,NORMAL,STABLE,NORMAL,NO_ACTION,False,0.0
2026-08-12T00:45:00.588417,0.4536793048754586,0.008155568460778119,0.1554140127388535,False,37,0.04251265525817871,False,0.0,-3.4265354227929095,-13.747579251226682,15.397662533488159,CENTER,0.0,0.9867936465835048,0.05576281904580557,NORMAL,STABLE,NORMAL,NO_ACTION,False,0.0
2026-08-12T00:45:00.629875,0.4188456406854457,0.008340796489186116,0.1554140127388535,False,37,0.04251265525817871,False,0.0,-3.6348155343567043,-13.547625579138924,15.155704871609089,CENTER,0.0,0.9900788215877914,0.055585977826771917,NORMAL,STABLE,NORMAL,NO_ACTION,False,0.0
2026-08-12T00:45:00.669404,0.427624609365896,0.010605207784971227,0.1556122448979592,False,37,0.04251265525817871,False,0.0,-3.7310229141425566,-14.242151456135701,15.280703302772224,CENTER,0.0,0.990103644225823,0.05639970893173628,NORMAL,STABLE,NORMAL,NO_ACTION,False,0.0
2026-08-12T00:45:00.710977,0.435486429034616,0.005994552456135587,0.1556122448979592,False,37,0.04251265525817871,False,0.0,-3.1339996481066805,-13.759970053575728,15.287422387153072,CENTER,0.0,0.9854991051526063,0.05548302574384924,NORMAL,STABLE,NORMAL,NO_ACTION,False,0.0
2026-08-12T00:45:00.754406,0.4085691195762166,0.014105795121705466,0.1556122448979592,False,37,0.04251265525817871,False,0.0,-4.471410294539879,-13.470968232132037,14.971512907196711,CENTER,0.0,0.9798467908736284,0.056257969996080556,NORMAL,STABLE,NORMAL,NO_ACTION,False,0.0
2026-08-12T00:45:00.796613,0.41819484846269284,0.0247520404291046,0.1556122448979592,False,37,0.04251265525817871,False,0.0,-4.368346073974493,-12.532862942049206,15.23278973538146,CENTER,0.0,0.9859015185613854,0.05573280239020975,NORMAL,STABLE,NORMAL,NO_ACTION,False,0.0
2026-08-12T00:45:00.840800,0.42357464206635953,0.020131073423128688,0.1556122448979592,False,37,0.04251265525817871,False,0.0,-4.155409907104854,-12.44566841119601,14.565822394953443,CENTER,0.0,0.9836080702374828,0.054822514073862474,NORMAL,STABLE,NORMAL,NO_ACTION,False,0.0
2026-08-12T00:45:00.880936,0.4329087910540957,0.018488170090029125,0.1556122448979592,False,37,0.04251265525817871,False,0.0,-4.088890155634715,-12.660768731534262,14.803339878560735,CENTER,0.0,0.9870003322187928,0.05514252878801662,NORMAL,STABLE,NORMAL,NO_ACTION,False,0.0
2026-08-12T00:45:00.918469,0.40196213893751587,0.03295276171105394,0.1558109833971903,False,37,0.04251265525817871,False,0.0,-4.868612865703398,-14.335556852451504,15.18051969219394,CENTER,0.0,0.9897657455632716,0.05756552151815571,NORMAL,STABLE,NORMAL,NO_ACTION,False,0.0
2026-08-12T00:45:00.962184,0.41103330424628615,0.02266408511521567,0.1558109833971903,False,37,0.04251265525817871,False,0.0,-4.394327377492203,-13.733735037911089,14.708972940563228,CENTER,0.0,0.9863806102109054,0.056220071013732456,NORMAL,STABLE,NORMAL,NO_ACTION,False,0.0
2026-08-12T00:45:01.006727,0.3981230094706354,0.01158721598054239,0.1558109833971903,False,37,0.04251265525817871,False,0.0,-4.327572800129559,-12.37728188957476,14.243823546776127,CENTER,0.0,0.9810708563743142,0.05472820658253054,NORMAL,STABLE,NORMAL,NO_ACTION,False,0.0
2026-08-12T00:45:01.052154,0.3876361985517634,0.023224171805220788,0.15601023017902813,False,37,0.04251265525817871,False,0.0,-4.623987545451399,-13.370735187447679,14.821305210867706,CENTER,0.0,0.9867642291452332,0.05638685389764467,NORMAL,STABLE,NORMAL,NO_ACTION,False,0.0
2026-08-12T00:45:01.088207,0.3920292888826602,0.025144853234915894,0.15601023017902813,False,37,0.04251265525817871,False,0.0,-4.702808444950449,-13.698189591275224,14.629807296884849,CENTER,0.0,0.9839942745841906,0.05651484495312831,NORMAL,STABLE,NORMAL,NO_ACTION,False,0.0
2026-08-12T00:45:01.134064,0.3995383946656109,0.030799007993652396,0.15620998719590268,False,37,0.04251265525817871,False,0.0,-4.804381347494825,-12.765627065650534,14.462320490529152,CENTER,0.0,0.979991627550583,0.05587773343383315,NORMAL,STABLE,NORMAL,NO_ACTION,False,0.0
2026-08-12T00:45:01.182646,0.40519397881116953,0.04136605679356581,0.15601023017902813,False,37,0.04251265525817871,False,0.0,-3.938049079750499,-13.99075617768571,14.723468982539657,CENTER,0.0,0.9864694921339163,0.056079900833381296,NORMAL,STABLE,NORMAL,NO_ACTION,False,0.0
2026-08-12T00:45:01.234519,0.40369495454675003,0.039002300463689674,0.15620998719590268,False,37,0.04251265525817871,False,0.0,-3.8792933010418835,-13.961649012617329,14.730504628195064,CENTER,0.0,0.9864442006387175,0.05610895292781054,NORMAL,STABLE,NORMAL,NO_ACTION,False,0.0
2026-08-12T00:45:01.277767,0.40256580918020546,0.01592370631466802,0.15620998719590268,False,37,0.04251265525817871,False,0.0,-3.0918085322730633,-12.725168675991313,14.345336224387438,CENTER,0.0,0.9868503916966735,0.05408671777776629,NORMAL,STABLE,NORMAL,NO_ACTION,False,0.0
2026-08-12T00:45:01.318907,0.40524119373150347,0.037942197741509795,0.1564102564102564,False,37,0.04251265525817871,False,0.0,-2.9846372884535697,-14.250771268664408,14.736317375470662,CENTER,0.0,0.9802021578146434,0.05556197490886842,NORMAL,STABLE,NORMAL,NO_ACTION,False,0.0
2026-08-12T00:45:01.361981,0.37472698329639276,0.04279322071741387,0.1564102564102564,False,37,0.04251265525817871,False,0.0,-4.237622180874098,-12.400135809745763,14.393597563891745,CENTER,0.0,0.9871165954003771,0.055101956414533915,NORMAL,STABLE,NORMAL,NO_ACTION,False,0.0
2026-08-12T00:45:01.404166,0.21929601647075345,0.026170711746242883,0.1564102564102564,False,37,0.04251265525817871,False,0.0,-4.260953123750625,-10.588329702517882,13.94809982478452,CENTER,0.0,0.984661565500686,0.16099221016490184,NORMAL,STABLE,NORMAL,NO_ACTION,False,0.0
2026-08-12T00:45:01.445318,0.07598140287038092,0.10383818929262707,0.15789473684210525,True,37,0.04251265525817871,False,0.0,-4.7247474228192345,-8.475883546746047,13.820247232875715,UP,0.0,0.9804798552169067,0.2789269828732607,LOW,STABLE,NORMAL,NO_ACTION,False,0.0
2026-08-12T00:45:01.493790,0.11398631116674443,0.02025485317617163,0.15917843388960207,True,37,0.04251265525817871,False,0.048471689224243164,-4.6521752509776775,-7.583129118299638,13.972862027017584,UP,0.048471689224243164,0.9867393931112828,0.2790011423905314,LOW,STABLE,NORMAL,NO_ACTION,False,0.048471689224243164
2026-08-12T00:45:01.538021,0.19755667559449883,0.037764686381994636,0.16046213093709885,True,37,0.04251265525817871,False,0.09270238876342773,-4.3049641280406945,-8.036324412810615,13.609875457826007,UP,0.09270238876342773,0.9897748146004801,0.21587750376041548,LOW,STABLE,NORMAL,NO_ACTION,False,0.09270238876342773
2026-08-12T00:45:01.583600,0.277751674854976,0.03123170264820975,0.16066838046272494,False,38,0.13828206062316895,False,0.0,-2.894684420201372,-11.224019909843577,13.94017442047857,UP,0.13828206062316895,0.9862501473551097,0.11031620590989923,NORMAL,STABLE,NORMAL,NO_ACTION,False,0.0
2026-08-12T00:45:01.632659,0.32421242084360546,0.03263888953158875,0.16066838046272494,False,38,0.13828206062316895,False,0.0,-2.5868869747710903,-11.185369446207687,13.924600095409232,UP,0.18734097480773926,0.9811088739926268,0.08031246312120463,NORMAL,STABLE,NORMAL,NO_ACTION,False,0.0
2026-08-12T00:45:01.689219,0.3719563419263754,0.011491976098882086,0.16087516087516088,False,38,0.13828206062316895,False,0.0,-3.1381872111239204,-12.917136702038505,14.300526677736002,UP,0.24390077590942383,0.9874566106181414,0.08255945920795484,NORMAL,STABLE,NORMAL,NO_ACTION,False,0.0
2026-08-12T00:45:01.747148,0.37045660324464874,0.047653992855913166,0.16087516087516088,False,38,0.13828206062316895,False,0.0,-3.061437388399696,-12.95714441386653,14.24447204724217,UP,0.3018300533294678,0.9899000530478396,0.08246046789673177,NORMAL,STABLE,NORMAL,NO_ACTION,False,0.0
2026-08-12T00:45:01.798750,0.40029431371690605,0.029662608460897827,0.16087516087516088,False,38,0.13828206062316895,False,0.0,-2.677508154420451,-12.53655102976731,14.151055261394902,UP,0.35343170166015625,0.9865298675411523,0.08169703947060494,NORMAL,STABLE,NORMAL,NO_ACTION,False,0.0
2026-08-12T00:45:01.844698,0.3665180073241198,0.007345015169845554,0.16087516087516088,False,38,0.13828206062316895,False,0.0,-3.2743675121483022,-12.089938589209794,13.91242671164568,UP,0.3993802070617676,0.9879230833118999,0.08171944904158912,NORMAL,STABLE,NORMAL,NO_ACTION,False,0.0
2026-08-12T00:45:01.889121,0.37365444399044967,0.025923405799009494,0.16087516087516088,False,38,0.13828206062316895,False,0.0,-2.0145352955814246,-13.51757015918173,13.956231805597895,CENTER,0.0,0.9908286447616597,0.05557952720553251,NORMAL,STABLE,NORMAL,NO_ACTION,False,0.0
2026-08-12T00:45:01.935078,0.37039922628285915,0.022476656215026588,0.16087516087516088,False,38,0.13828206062316895,False,0.0,-2.410344770080087,-12.701329501143164,13.71755754875025,CENTER,0.0,0.9868671633873456,0.055141335458390825,NORMAL,STABLE,NORMAL,NO_ACTION,False,0.0
2026-08-12T00:45:01.975374,0.38898269115070216,0.03624025116633528,0.16087516087516088,False,38,0.13828206062316895,False,0.0,-3.718964724577546,-13.792844948898846,14.00220612976139,UP,0.0,0.9809853904106652,0.08346391076040784,NORMAL,STABLE,NORMAL,NO_ACTION,False,0.0
2026-08-12T00:45:02.014071,0.38832144671789104,0.045928791678440904,0.16087516087516088,False,38,0.13828206062316895,False,0.0,-3.831628849551379,-14.470677544211469,14.2532230847049,UP,0.03869748115539551,0.9873876618227023,0.08430366793397996,NORMAL,STABLE,NORMAL,NO_ACTION,False,0.0
2026-08-12T00:45:02.054705,0.37394660567454313,0.018737582769570472,0.16108247422680413,False,38,0.13828206062316895,False,0.0,-4.351139793205732,-12.145285167001077,14.327574809489619,UP,0.0793311595916748,0.9900940929355281,0.08329974231438726,NORMAL,STABLE,NORMAL,NO_ACTION,False,0.0
2026-08-12T00:45:02.096722,0.3821610733402002,0.08293551911855389,0.16108247422680413,False,38,0.13828206062316895,False,0.0,-4.90191358351791,-14.9616923594061,14.480171133693318,UP,0.12134861946105957,0.9858203928755144,0.08601113354510248,NORMAL,STABLE,NORMAL,NO_ACTION,False,0.0
2026-08-12T00:45:02.130579,0.3795168171362796,0.0405013730217291,0.16087516087516088,False,38,0.13828206062316895,False,0.0,-5.385633412907225,-14.358758381311617,14.301759220151837,UP,0.15520524978637695,0.986258345657579,0.08576602476702903,NORMAL,STABLE,NORMAL,NO_ACTION,False,0.0
2026-08-12T00:45:02.165272,0.38489351719252873,0.05502943791761734,0.16087516087516088,False,38,0.13828206062316895,False,0.0,-6.098375814277091,-12.156913942225401,14.632135347307809,UP,0.18989825248718262,0.9896636954518175,0.08518028829219536,NORMAL,STABLE,NORMAL,NO_ACTION,False,0.0
2026-08-12T00:45:02.197618,0.361813489540188,0.025890000290826474,0.16087516087516088,False,38,0.13828206062316895,False,0.0,-5.7680104741266405,-13.831322630372199,14.365386623090188,UP,0.2222449779510498,0.9864859557184499,0.08581458472720618,NORMAL,STABLE,NORMAL,NO_ACTION,False,0.0
2026-08-12T00:45:02.229455,0.38605333557556043,0.0486480828319975,0.16087516087516088,False,38,0.13828206062316895,False,0.0,-6.207058898563304,-13.723010771135563,14.880269129736519,UP,0.25408101081848145,0.9809791211205419,0.08665495965139298,NORMAL,STABLE,NORMAL,NO_ACTION,False,0.0
2026-08-12T00:45:02.268393,0.37343222286690925,0.02748692515844966,0.16087516087516088,False,38,0.13828206062316895,False,0.0,-4.370794499464381,-14.592026151241214,14.363015277183337,UP,0.29301977157592773,0.9871140367798353,0.08501623096135986,NORMAL,STABLE,NORMAL,NO_ACTION,False,0.0
2026-08-12T00:45:02.302689,0.3719756149047052,0.05782633894854775,0.16087516087516088,False,38,0.13828206062316895,False,0.0,-5.2973762241245765,-14.650056338962543,14.422914404983914,UP,0.3273155689239502,0.9838842539008917,0.08600808617708378,NORMAL,STABLE,NORMAL,NO_ACTION,False,0.0
2026-08-12T00:45:02.339310,0.3838423938221277,0.03851324859558886,0.16087516087516088,False,38,0.13828206062316895,False,0.0,14.490936979988533,-23.444524636433414,-172.16291708913167,UP,0.3639369010925293,0.9478108549811386,0.11688487805140327,NORMAL,STABLE,NORMAL,NO_ACTION,False,0.0
2026-08-12T00:45:02.374514,0.38250565503600975,0.02578316496793703,0.16108247422680413,False,38,0.13828206062316895,False,0.0,-3.986885403900743,-14.955558187970212,14.22520330404555,UP,0.3991405963897705,0.9865785884987996,0.08488004048643995,NORMAL,STABLE,NORMAL,NO_ACTION,False,0.0
2026-08-12T00:45:02.420317,0.36946087368246283,0.06728467280885954,0.16108247422680413,False,38,0.13828206062316895,False,0.0,-4.576197370861337,-12.864036141331269,14.598777232789843,UP,0.4449431896209717,0.9899825585133746,0.08429672024121282,NORMAL,STABLE,NORMAL,NO_ACTION,False,0.0
2026-08-12T00:45:02.463636,0.3577336701537022,0.016291334143477904,0.16108247422680413,False,38,0.13828206062316895,False,0.0,-5.04329412026604,-14.41583094872638,14.574601696628719,UP,0.4882621765136719,0.9867574240183471,0.08584397765930682,NORMAL,STABLE,NORMAL,NO_ACTION,False,0.0
2026-08-12T00:45:02.500542,0.3664048982819828,0.0739882963476249,0.16108247422680413,False,38,0.13828206062316895,False,0.0,-4.997591644588596,-12.177587601835654,14.281565489176984,UP,0.5251688957214355,0.9873588070130316,0.08065859458406058,NORMAL,STABLE,NORMAL,NO_ACTION,False,0.0
2026-08-12T00:45:02.542309,0.373372959373194,0.03280684381189405,0.16108247422680413,False,38,0.13828206062316895,False,0.0,-4.435663423291828,-13.36908440357459,14.216922064615318,UP,0.5669357776641846,0.9904731706532921,0.08272565298089785,NORMAL,STABLE,NORMAL,NO_ACTION,False,0.0
2026-08-12T00:45:02.580394,0.3617601735610685,0.04029156959499159,0.16129032258064516,False,38,0.13828206062316895,False,0.0,14.853302291818949,-21.89288196950335,-171.96289028495355,UP,0.6050200462341309,0.9531842814071787,0.11671315916352731,NORMAL,STABLE,NORMAL,NO_ACTION,False,0.0
2026-08-12T00:45:02.623428,0.3644433499177188,0.01722686085795487,0.16129032258064516,False,38,0.13828206062316895,False,0.0,-4.649038886137362,-11.732726531585143,14.412392282004305,UP,0.648054838180542,0.9802945360725308,0.08555662567583472,NORMAL,STABLE,NORMAL,NO_ACTION,False,0.0
2026-08-12T00:45:02.667749,0.3741351744245562,0.02189245163080491,0.16149870801033592,False,38,0.13828206062316895,False,0.0,-4.392754571026046,-13.225279443062448,14.239565799614098,UP,0.6923754215240479,0.9874574411651237,0.08824611407774194,NORMAL,STABLE,NORMAL,NO_ACTION,False,0.0
2026-08-12T00:45:02.706964,0.38530030205923294,0.07268570217134909,0.16149870801033592,False,38,0.13828206062316895,False,0.0,-5.37746171685248,-11.586237395986359,14.227175227103288,UP,0.7315902709960938,0.9899879302769204,0.08969797648035364,NORMAL,STABLE,NORMAL,NO_ACTION,False,0.0
2026-08-12T00:45:02.745878,0.3589301046859781,0.04906120598386747,0.16149870801033592,False,38,0.13828206062316895,False,0.0,-4.918882305395272,-12.696621425667729,14.416736671132469,UP,0.7705044746398926,0.9859614385073732,0.09192714832068337,NORMAL,STABLE,NORMAL,NO_ACTION,False,0.0
2026-08-12T00:45:02.789444,0.3548743865863967,0.08730520311986943,0.16149870801033592,False,38,0.13828206062316895,False,0.0,-5.062664002456842,-13.854193725866878,14.30991323515164,UP,0.8140707015991211,0.9867303240740741,0.09468663203121226,NORMAL,STABLE,NORMAL,NO_ACTION,False,0.0
2026-08-12T00:45:02.838944,0.36170069461370374,0.06408222924175971,0.16170763260025872,False,38,0.13828206062316895,False,0.0,-4.80762936050931,-12.381983117772364,14.089542508075823,UP,0.8635702133178711,0.9902652124056928,0.09541501218759912,NORMAL,STABLE,NORMAL,NO_ACTION,False,0.0
2026-08-12T00:45:02.880530,0.37642059551905704,0.014463375255199943,0.16170763260025872,False,38,0.13828206062316895,False,0.0,-4.2155400941947505,-11.024957065608305,14.222623197731991,UP,0.9051566123962402,0.9873310774605625,0.09579500685098337,NORMAL,STABLE,NORMAL,NO_ACTION,False,0.0
2026-08-12T00:45:02.926285,0.38430247820062047,0.0133699807912697,0.16170763260025872,False,38,0.13828206062316895,False,0.0,-3.8092192905251068,-12.198454717130772,14.439162419648511,UP,0.9509110450744629,0.981373952439129,0.09844247238108068,NORMAL,STABLE,NORMAL,NO_ACTION,False,0.0
2026-08-12T00:45:02.968602,0.42627015990507555,0.014523657368834292,0.16191709844559585,False,38,0.13828206062316895,False,0.0,-3.880735919497482,-11.598056729844046,14.427761484979953,CENTER,0.0,0.9866579057355966,0.056965328435700596,NORMAL,STABLE,NORMAL,NO_ACTION,False,0.0
2026-08-12T00:45:03.011740,0.4324695124570879,0.08097408277217907,0.16191709844559585,False,38,0.13828206062316895,False,0.0,-3.9941531824706544,-11.080307304586569,14.28800117732004,CENTER,0.0,0.9838851514274692,0.05656603091887186,NORMAL,STABLE,NORMAL,NO_ACTION,False,0.0
2026-08-12T00:45:03.046901,0.42893318044912976,0.027518873958503873,0.16191709844559585,False,38,0.13828206062316895,False,0.0,-4.4484968269776175,-10.707452986436692,14.569645755040426,CENTER,0.0,0.9802882399905694,0.05700547664383439,NORMAL,STABLE,NORMAL,NO_ACTION,False,0.0
2026-08-12T00:45:03.083954,0.4276316251536544,0.07732837036992245,0.16191709844559585,False,38,0.13828206062316895,False,0.0,16.510109072322763,-19.242061555053482,-171.21227761140037,CENTER,0.0,0.9538923669160094,0.08974642514693455,NORMAL,STABLE,NORMAL,NO_ACTION,False,0.0
2026-08-12T00:45:03.117390,0.4272895026538112,0.05213370472093514,0.16191709844559585,False,38,0.13828206062316895,False,0.0,-3.845575752985212,-11.40124842505304,14.459002484244365,CENTER,0.0,0.9899966376243141,0.0568194150915573,NORMAL,STABLE,NORMAL,NO_ACTION,False,0.0
2026-08-12T00:45:03.149236,0.4300500548805922,0.067214171561943,0.16191709844559585,False,38,0.13828206062316895,False,0.0,17.611714051699494,-17.601676880537156,-170.8366612153149,CENTER,0.0,0.9539597166852423,0.0896484498355086,NORMAL,STABLE,NORMAL,NO_ACTION,False,0.0
2026-08-12T00:45:03.197398,0.4150865120179271,0.03089977212605933,0.1621271076523995,False,38,0.13828206062316895,False,0.0,-3.4032228933847364,-11.040569454160789,14.371389785256952,CENTER,0.0,0.9808805003643689,0.05615359212252638,NORMAL,STABLE,NORMAL,NO_ACTION,False,0.0
2026-08-12T00:45:03.241873,0.43292651397922055,0.03601600469641451,0.1621271076523995,False,38,0.13828206062316895,False,0.0,-2.5685466878609304,-10.201804161163778,13.722680063531271,CENTER,0.0,0.9869384966563786,0.05411937148097348,NORMAL,STABLE,NORMAL,NO_ACTION,False,0.0
2026-08-12T00:45:03.287869,0.44408534671189437,0.020264745384836826,0.1621271076523995,False,38,0.13828206062316895,False,0.0,-3.18880172678692,-10.980576913311864,14.038273904211422,CENTER,0.0,0.9847980163323046,0.055583006278627084,NORMAL,STABLE,NORMAL,NO_ACTION,False,0.0
2026-08-12T00:45:03.324693,0.4466195099207886,0.018944703494102537,0.1621271076523995,False,38,0.13828206062316895,False,0.0,-3.9266396748344334,-10.29713698057327,13.825181365961441,CENTER,0.0,0.9802717228223594,0.05559472116626906,NORMAL,STABLE,NORMAL,NO_ACTION,False,0.0
2026-08-12T00:45:03.367586,0.4346431503783882,0.0636209413205784,0.16233766233766234,False,38,0.13828206062316895,False,0.0,-2.827196739899506,-11.336665777394785,14.458626479017568,CENTER,0.0,0.98669045781893,0.05600203066331422,NORMAL,STABLE,NORMAL,NO_ACTION,False,0.0
2026-08-12T00:45:03.411503,0.41445584033871186,0.042514071606287326,0.16233766233766234,False,38,0.13828206062316895,False,0.0,-4.235225052100333,-9.778708512174632,14.294307643002554,CENTER,0.0,0.9898670321073387,0.056074485467352664,NORMAL,STABLE,NORMAL,NO_ACTION,False,0.0
2026-08-12T00:45:03.456629,0.42947442961090976,0.03871993683487479,0.16233766233766234,False,38,0.13828206062316895,False,0.0,-3.4426633684668673,-9.172390824621232,14.136838105276695,CENTER,0.0,0.9861867042824073,0.054721744479847706,NORMAL,STABLE,NORMAL,NO_ACTION,False,0.0
2026-08-12T00:45:03.504193,0.4466187005489053,0.028517484600103712,0.16233766233766234,False,38,0.13828206062316895,False,0.0,-4.330876175045944,-11.188602468035981,14.041672401625277,CENTER,0.0,0.9867253140003429,0.05694157232142944,NORMAL,STABLE,NORMAL,NO_ACTION,False,0.0
2026-08-12T00:45:03.540087,0.44196186079784594,0.031111342866157313,0.16233766233766234,False,38,0.13828206062316895,False,0.0,-3.9064812651980105,-10.142650581778213,14.165647380561666,CENTER,0.0,0.9903387560013718,0.05589686935899512,NORMAL,STABLE,NORMAL,NO_ACTION,False,0.0
2026-08-12T00:45:03.587793,0.4367133557967271,0.024153163421979183,0.1625487646293888,False,38,0.13828206062316895,False,0.0,-2.8038270609304448,-12.831706105330227,14.474994418967157,CENTER,0.0,0.9864713273748286,0.05718059074177874,NORMAL,STABLE,NORMAL,NO_ACTION,False,0.0
2026-08-12T00:45:03.634969,0.4391436688558635,0.0328607512224864,0.1625487646293888,False,38,0.13828206062316895,False,0.0,-3.1563312169971596,-11.471844071393065,13.958257007242196,CENTER,0.0,0.9802121779621056,0.05604031761922729,NORMAL,STABLE,NORMAL,NO_ACTION,False,0.0
2026-08-12T00:45:03.678174,0.4443422938824544,0.055572193644727194,0.1625487646293888,False,38,0.13828206062316895,False,0.0,-3.7210889114019494,-10.988958469570065,14.014739718516779,CENTER,0.0,0.9900555126886145,0.05628979840856489,NORMAL,STABLE,NORMAL,NO_ACTION,False,0.0
2026-08-12T00:45:03.724951,0.4418966556825289,0.028930180421175098,0.1625487646293888,False,38,0.13828206062316895,False,0.0,-2.6784562392426494,-12.040978545774436,13.910180761087616,CENTER,0.0,0.986187226723251,0.055944887635108784,NORMAL,STABLE,NORMAL,NO_ACTION,False,0.0
2026-08-12T00:45:03.762696,0.4549527724378774,0.029662888127371757,0.1625487646293888,False,38,0.13828206062316895,False,0.0,-3.3661650712313644,-12.216701441544132,13.676121359901856,CENTER,0.0,0.9807200976294581,0.05650864621541938,NORMAL,STABLE,NORMAL,NO_ACTION,False,0.0
2026-08-12T00:45:03.805172,0.44999172720753633,0.025995214802324865,0.16276041666666666,False,38,0.13828206062316895,False,0.0,-3.8198250539396383,-12.248976653754767,14.014624806272991,CENTER,0.0,0.9807919131515774,0.057400606152360964,NORMAL,STABLE,NORMAL,NO_ACTION,False,0.0
2026-08-12T00:45:03.843822,0.43751080567341316,0.02504914591005304,0.16276041666666666,False,38,0.13828206062316895,False,0.0,-4.374651107546953,-10.660525497490738,14.109994417774743,CENTER,0.0,0.9870879951131687,0.0568795057725716,NORMAL,STABLE,NORMAL,NO_ACTION,False,0.0
2026-08-12T00:45:03.876354,0.43837477338693986,0.02797839950865626,0.16276041666666666,False,38,0.13828206062316895,False,0.0,-3.5708317104682976,-10.472086861235852,14.146386180360906,CENTER,0.0,0.9841471086248286,0.05600440681317252,NORMAL,STABLE,NORMAL,NO_ACTION,False,0.0
2026-08-12T00:45:03.915180,0.44101449207163723,0.02600211291760529,0.16276041666666666,False,38,0.13828206062316895,False,0.0,-4.525757393434532,-10.910414292629753,13.923728122658616,CENTER,0.0,0.9808665954003771,0.05702612322684081,NORMAL,STABLE,NORMAL,NO_ACTION,False,0.0
2026-08-12T00:45:03.959633,0.409490477327372,0.017075017961873336,0.16276041666666666,False,38,0.13828206062316895,False,0.0,-5.442767323312921,-9.36787092295529,13.761610885878895,CENTER,0.0,0.9865093182013032,0.05663899783098575,NORMAL,STABLE,NORMAL,NO_ACTION,False,0.0
2026-08-12T00:45:03.995890,0.40275250421150754,0.03319045144116276,0.16297262059973924,False,38,0.13828206062316895,False,0.0,-4.835023139189417,-11.015556492774977,14.107486171291896,CENTER,0.0,0.9893262790423526,0.05768292488067059,NORMAL,STABLE,NORMAL,NO_ACTION,False,0.0
2026-08-12T00:45:04.037453,0.3953209749388574,0.04235512579977131,0.16297262059973924,False,38,0.13828206062316895,False,0.0,-4.657540090858447,-11.025224541154245,13.797454579346123,CENTER,0.0,0.9865606111754115,0.057220448817566896,NORMAL,STABLE,NORMAL,NO_ACTION,False,0.0
2026-08-12T00:45:04.085316,0.39780237046296524,0.029842587205288828,0.16297262059973924,False,38,0.13828206062316895,False,0.0,-4.45864500987247,-9.753162585342949,13.84654016035509,CENTER,0.0,0.9903518973979767,0.05615747640505866,NORMAL,STABLE,NORMAL,NO_ACTION,False,0.0
2026-08-12T00:45:04.126099,0.3969091389040408,0.02380501119269023,0.16297262059973924,False,38,0.13828206062316895,False,0.0,-4.145538802087884,-11.909652459451223,14.088054957037684,CENTER,0.0,0.9861702540937929,0.05764600143677938,NORMAL,STABLE,NORMAL,NO_ACTION,False,0.0
2026-08-12T00:45:04.168415,0.39825975053997176,0.04440206286187247,0.16297262059973924,False,38,0.13828206062316895,False,0.0,-4.119529272314168,-10.790843638021727,14.143772168035241,CENTER,0.0,0.980466941550926,0.05686658024025881,NORMAL,STABLE,NORMAL,NO_ACTION,False,0.0
2026-08-12T00:45:04.262075,0.4085890573032715,0.05510320033616721,0.16339869281045752,False,38,0.13828206062316895,False,0.0,-3.5091722167395574,-11.688508089901404,14.069661939035598,CENTER,0.0,0.9861600464034636,0.05706881291645955,NORMAL,STABLE,NORMAL,NO_ACTION,False,0.0
2026-08-12T00:45:04.304730,0.430451616581807,0.026388664713750714,0.16361256544502617,False,38,0.13828206062316895,False,0.0,-4.17547687308803,-11.245983706680448,14.132424051615317,CENTER,0.0,0.9898263085133745,0.05755821258631144,NORMAL,STABLE,NORMAL,NO_ACTION,False,0.0
2026-08-12T00:45:04.357504,0.42969174629623164,0.018796758239486958,0.16361256544502617,False,38,0.13828206062316895,False,0.0,-3.7653034377805454,-10.928404015583084,13.860792849089961,CENTER,0.0,0.9858321143046982,0.05667229686186506,NORMAL,STABLE,NORMAL,NO_ACTION,False,0.0
2026-08-12T00:45:04.401035,0.43233233044700203,0.0165607080290766,0.16361256544502617,False,38,0.13828206062316895,False,0.0,-3.6808181605447032,-11.105878893418236,13.811953398795225,CENTER,0.0,0.9858171510631001,0.0566720863878647,NORMAL,STABLE,NORMAL,NO_ACTION,False,0.0
2026-08-12T00:45:04.446629,0.40795662319387616,0.05237806656355955,0.16361256544502617,False,38,0.13828206062316895,False,0.0,-3.306099355669602,-9.626910989553608,13.792793516303732,CENTER,0.0,0.9860270249271261,0.05522465231390575,NORMAL,STABLE,NORMAL,NO_ACTION,False,0.0
2026-08-12T00:45:04.487770,0.23119336651695038,0.01072154001845699,0.16361256544502617,False,38,0.13828206062316895,False,0.0,-6.517818994094057,-8.773081017634354,13.205725928325165,CENTER,0.0,0.9837921033736282,0.14887761802682994,NORMAL,RISING,NORMAL,NO_ACTION,False,0.0
2026-08-12T00:45:04.533541,0.23024953752663635,0.025123951288693974,0.16361256544502617,False,38,0.13828206062316895,False,0.0,-4.875886865371115,-9.203138691939358,13.507163937910605,CENTER,0.0,0.9800485736025377,0.1491558077010032,NORMAL,STABLE,NORMAL,NO_ACTION,False,0.0
2026-08-12T00:45:04.573187,0.30611170111230823,0.04718655300457898,0.16361256544502617,False,38,0.13828206062316895,False,0.0,-5.252127936195677,-10.23726937123618,13.839157794961267,CENTER,0.0,0.9867519450874486,0.0575840672317422,NORMAL,STABLE,NORMAL,NO_ACTION,False,0.0
2026-08-12T00:45:04.649351,0.32627344887369664,0.04923111657618239,0.16382699868938402,False,38,0.13828206062316895,False,0.0,-4.615621419709669,-10.231506272691774,13.235751137965849,UP,0.0,0.9907541500557271,0.082493131152731,NORMAL,STABLE,NORMAL,NO_ACTION,False,0.0
2026-08-12T00:45:04.704529,0.3206009763352107,0.02694567070010434,0.16404199475065617,False,38,0.13828206062316895,False,0.0,-4.037797325322856,-11.089739857179723,13.49632254430361,UP,0.055177927017211914,0.9866698281035665,0.08291496196145003,NORMAL,STABLE,NORMAL,NO_ACTION,False,0.0
2026-08-12T00:45:04.755388,0.3491416434861182,0.02625648306954224,0.16404199475065617,False,38,0.13828206062316895,False,0.0,-3.635603972720361,-11.06003358388682,13.762315905488606,UP,0.10603690147399902,0.9807198698988339,0.08276235188344758,NORMAL,STABLE,NORMAL,NO_ACTION,False,0.0
2026-08-12T00:45:04.800426,0.3860411917659209,0.06667410311923858,0.16404199475065617,False,38,0.13828206062316895,False,0.0,-4.103144730897242,-10.35877718464846,13.765967119747927,CENTER,0.0,0.9878847843792867,0.05670962934634362,NORMAL,STABLE,NORMAL,NO_ACTION,False,0.0
2026-08-12T00:45:04.850626,0.38956118737935774,0.018502356115177806,0.16404199475065617,False,38,0.13828206062316895,False,0.0,-3.1623498746087932,-10.765927933110419,13.574171404752832,CENTER,0.0,0.9847042850865912,0.05591303989233014,NORMAL,STABLE,NORMAL,NO_ACTION,False,0.0
2026-08-12T00:45:04.894938,0.4319716352386923,0.03736393177180684,0.16404199475065617,False,38,0.13828206062316895,False,0.0,-3.4966997323556654,-11.681427538330638,13.783368114159003,CENTER,0.0,0.9806567751200275,0.05709764926446989,NORMAL,STABLE,NORMAL,NO_ACTION,False,0.0
2026-08-12T00:45:04.937928,0.4147966643914205,0.0403814665476184,0.16404199475065617,False,38,0.13828206062316895,False,0.0,-3.4565547018763425,-11.853598817009328,13.390195394664545,CENTER,0.0,0.9870622481567215,0.056804726243540854,NORMAL,STABLE,NORMAL,NO_ACTION,False,0.0
2026-08-12T00:45:04.987154,0.4102660517650336,0.05768412289843279,0.164257555847569,False,38,0.13828206062316895,False,0.0,-3.1606104442448384,-9.504755496161437,12.941264121558788,CENTER,0.0,0.9901202551654664,0.05449883240104532,NORMAL,STABLE,NORMAL,NO_ACTION,False,0.0
2026-08-12T00:45:05.034586,0.4165733769501514,0.05105596433283,0.164257555847569,False,38,0.13828206062316895,False,0.0,-4.107816256846036,-12.103690667749333,13.465751046082886,CENTER,0.0,0.9866128552597738,0.057793026734794264,NORMAL,STABLE,NORMAL,NO_ACTION,False,0.0
2026-08-12T00:45:05.074838,0.420267366272485,0.018553723886543794,0.164257555847569,False,38,0.13828206062316895,False,0.0,-3.480371901516662,-11.31169908973149,13.32333474875199,CENTER,0.0,0.9806390121313443,0.056479685522182604,NORMAL,STABLE,NORMAL,NO_ACTION,False,0.0
2026-08-12T00:45:05.120000,0.426201143535831,0.03151369857527562,0.164257555847569,False,38,0.13828206062316895,False,0.0,-3.726039280989937,-10.916736471440004,13.545283397292081,CENTER,0.0,0.9868191390174896,0.05664473165817015,NORMAL,STABLE,NORMAL,NO_ACTION,False,0.0
2026-08-12T00:45:05.166369,0.42482047490501745,0.028516813508817917,0.16447368421052633,False,38,0.13828206062316895,False,0.0,-3.339377873223839,-11.631907375331252,13.244134644493613,CENTER,0.0,0.990234375,0.05660697244895253,NORMAL,STABLE,NORMAL,NO_ACTION,False,0.0
2026-08-12T00:45:05.211094,0.4360993772534819,0.030450123585153577,0.16447368421052633,False,38,0.13828206062316895,False,0.0,-3.7241622193485853,-10.767991568423355,13.656962556208924,CENTER,0.0,0.98737146615655,0.056751104318179854,NORMAL,STABLE,NORMAL,NO_ACTION,False,0.0
2026-08-12T00:45:05.250574,0.4212458438761465,0.02033697868025938,0.16447368421052633,False,38,0.13828206062316895,False,0.0,-4.771880250558809,-11.334161320170807,13.505100325393641,CENTER,0.0,0.9878232033393347,0.05802268065037777,NORMAL,STABLE,NORMAL,NO_ACTION,False,0.0
2026-08-12T00:45:05.294581,0.4062464620390026,0.02055466937496646,0.16447368421052633,False,38,0.13828206062316895,False,0.0,-3.4843762639492297,-11.51999548351128,13.458373648725797,CENTER,0.0,0.9903612075617285,0.05687207950000467,NORMAL,STABLE,NORMAL,NO_ACTION,False,0.0
2026-08-12T00:45:05.333527,0.4128231856885455,0.02175558277960575,0.16447368421052633,False,38,0.13828206062316895,False,0.0,-4.01320324442861,-9.869574211866166,13.16511180865109,CENTER,0.0,0.9868318517446847,0.05590694908716917,NORMAL,STABLE,NORMAL,NO_ACTION,False,0.0
2026-08-12T00:45:05.376178,0.42654184929120664,0.02199122139132591,0.16447368421052633,False,38,0.13828206062316895,False,0.0,-3.7870651191192053,-10.690082453716059,13.174800366203073,CENTER,0.0,0.9809561873070987,0.05629110545584992,NORMAL,STABLE,NORMAL,NO_ACTION,False,0.0
2026-08-12T00:45:05.414732,0.41005706166020983,0.018026874272577962,0.16447368421052633,False,38,0.13828206062316895,False,0.0,-3.539110269916847,-11.488630781750203,13.613293918998323,CENTER,0.0,0.9871028109996571,0.05705131651844551,NORMAL,STABLE,NORMAL,NO_ACTION,False,0.0
2026-08-12T00:45:05.454092,0.43125539230504517,0.03195723240721065,0.16447368421052633,False,38,0.13828206062316895,False,0.0,-3.359150601899273,-13.060473224028982,13.70097259386958,CENTER,0.0,0.984534210498114,0.058097672881505955,NORMAL,STABLE,NORMAL,NO_ACTION,False,0.0
2026-08-12T00:45:05.490617,0.41846190548641393,0.04159430675309996,0.16447368421052633,False,38,0.13828206062316895,False,0.0,-3.406509267956494,-11.531535316132107,13.509972345277816,CENTER,0.0,0.9815090100951646,0.05685511842410272,NORMAL,STABLE,NORMAL,NO_ACTION,False,0.0
2026-08-12T00:45:05.533587,0.4142986993075952,0.07417689241616784,0.16447368421052633,False,38,0.13828206062316895,False,0.0,-3.9115636912049467,-9.70627677555754,13.078316462086576,CENTER,0.0,0.9869659314986282,0.05560755622040951,NORMAL,STABLE,NORMAL,NO_ACTION,False,0.0
2026-08-12T00:45:05.576144,0.3998826789811494,0.04853789019181288,0.16447368421052633,False,38,0.13828206062316895,False,0.0,-4.041161045921569,-11.26998832830833,13.681684871697769,CENTER,0.0,0.9896645795824759,0.05744272233711928,NORMAL,STABLE,NORMAL,NO_ACTION,False,0.0
2026-08-12T00:45:05.617051,0.4183054768042256,0.053203770044434835,0.16447368421052633,False,38,0.13828206062316895,False,0.0,-3.2284149265560416,-12.371205397191972,13.569771839279667,CENTER,0.0,0.9866083676268861,0.05734763325922508,NORMAL,STABLE,NORMAL,NO_ACTION,False,0.0
2026-08-12T00:45:05.653228,0.4109501570970293,0.024212645909905895,0.16447368421052633,False,38,0.13828206062316895,False,0.0,-4.893002666385314,-10.429120879219056,13.847400344814048,CENTER,0.0,0.9812954389574761,0.0578152989732615,NORMAL,STABLE,NORMAL,NO_ACTION,False,0.0
2026-08-12T00:45:05.692588,0.4195368155102104,0.057711585840754864,0.16447368421052633,False,38,0.13828206062316895,False,0.0,-2.966690236788793,-11.036889055769421,13.652397911919962,CENTER,0.0,0.9866117166066528,0.05621149501096432,NORMAL,STABLE,NORMAL,NO_ACTION,False,0.0
2026-08-12T00:45:05.740913,0.4159876791758318,0.028130746500352667,0.16447368421052633,False,38,0.13828206062316895,False,0.0,-3.663641123457012,-10.425182234864167,13.516853309654579,CENTER,0.0,0.9840760030864197,0.05631032021047622,NORMAL,STABLE,NORMAL,NO_ACTION,False,0.0
2026-08-12T00:45:05.785535,0.42585093832418475,0.043082296400730156,0.164257555847569,False,38,0.13828206062316895,False,0.0,-3.380742816503073,-10.770180248648984,13.789474782657635,CENTER,0.0,0.9801393845378944,0.05644152505070426,NORMAL,STABLE,NORMAL,NO_ACTION,False,0.0
2026-08-12T00:45:05.835586,0.4201631219798027,0.040317079498174965,0.16447368421052633,False,38,0.13828206062316895,False,0.0,-4.06557115876646,-10.250911570149668,13.647652982005127,CENTER,0.0,0.9862028195730452,0.05669745704148464,NORMAL,STABLE,NORMAL,NO_ACTION,False,0.0
2026-08-12T00:45:05.881445,0.4232366700635216,0.02850202588700712,0.16447368421052633,False,38,0.13828206062316895,False,0.0,-2.6876904266639485,-10.809564319000572,13.761839032905641,CENTER,0.0,0.9900253852666324,0.05588403729671948,NORMAL,STABLE,NORMAL,NO_ACTION,False,0.0
2026-08-12T00:45:05.918936,0.43154948605655497,0.025721766777909813,0.16447368421052633,False,38,0.13828206062316895,False,0.0,-3.698712522765419,-12.853624612000573,14.124895095434425,CENTER,0.0,0.98668227291238,0.05868348943886342,NORMAL,STABLE,NORMAL,NO_ACTION,False,0.0
2026-08-12T00:45:05.968218,0.39764491178894495,0.05008406786017827,0.16447368421052633,False,38,0.13828206062316895,False,0.0,-4.522948484520583,-10.610553078813297,14.094652331791139,CENTER,0.0,0.9868661586934158,0.057828079374187755,NORMAL,STABLE,NORMAL,NO_ACTION,False,0.0
2026-08-12T00:45:06.013511,0.41219203738519367,0.03818401099490626,0.16447368421052633,False,38,0.13828206062316895,False,0.0,-4.391690077829082,-9.698660695740017,13.828422173282235,CENTER,0.0,0.9867182007673182,0.05678672366436778,NORMAL,STABLE,NORMAL,NO_ACTION,False,0.0
2026-08-12T00:45:06.059449,0.4359157576887364,0.02156444121610885,0.16447368421052633,False,38,0.13828206062316895,False,0.0,-3.54948730584141,-11.04129063199315,13.687118199325823,CENTER,0.0,0.9838789625128601,0.05680932027038222,NORMAL,STABLE,NORMAL,NO_ACTION,False,0.0
2026-08-12T00:45:06.095941,0.44772608920246443,0.034946668007862426,0.16447368421052633,False,38,0.13828206062316895,False,0.0,-3.762857890730828,-12.9607207842337,13.944835072324963,CENTER,0.0,0.9801682661394034,0.058649215154596784,NORMAL,STABLE,NORMAL,NO_ACTION,False,0.0
2026-08-12T00:45:06.139467,0.4155745106713597,0.01927998496966873,0.16447368421052633,False,38,0.13828206062316895,False,0.0,-3.2401699887083453,-10.738595737764115,13.761465217841362,CENTER,0.0,0.986928396133402,0.056364439596251786,NORMAL,STABLE,NORMAL,NO_ACTION,False,0.0
2026-08-12T00:45:06.189668,0.4192169258386885,0.029046847943608293,0.16447368421052633,False,38,0.13828206062316895,False,0.0,-4.303878874995604,-11.436482156534481,13.62724740918992,CENTER,0.0,0.9896878884816529,0.057763534158642646,NORMAL,STABLE,NORMAL,NO_ACTION,False,0.0
2026-08-12T00:45:06.238556,0.4204665450671359,0.02039905606685806,0.16469038208168643,False,38,0.13828206062316895,False,0.0,-4.751359782619289,-10.470785531508596,13.807328075563447,CENTER,0.0,0.9859748210305213,0.05777875408444205,NORMAL,STABLE,NORMAL,NO_ACTION,False,0.0
2026-08-12T00:45:06.285783,0.4180057464197336,0.04925820728230423,0.16490765171503957,False,38,0.13828206062316895,False,0.0,-4.080285375560635,-10.680792255956305,13.697108311201532,CENTER,0.0,0.987095403056413,0.05728670307407402,NORMAL,STABLE,NORMAL,NO_ACTION,False,0.0
2026-08-12T00:45:06.328060,0.42468712370623074,0.04345265778334038,0.16490765171503957,False,38,0.13828206062316895,False,0.0,-4.031611212917028,-9.782225936360561,13.626952129506208,CENTER,0.0,0.9863130277992113,0.056523309289447016,NORMAL,STABLE,NORMAL,NO_ACTION,False,0.0
2026-08-12T00:45:06.387600,0.4086423465707698,0.048638413165565365,0.16490765171503957,False,38,0.13828206062316895,False,0.0,-4.436718220680348,-10.215432767852235,13.655305405084817,CENTER,0.0,0.9804170015646433,0.05725358708874248,NORMAL,STABLE,NORMAL,NO_ACTION,False,0.0
2026-08-12T00:45:06.427711,0.41192189038756055,0.04817985657107715,0.16512549537648613,False,38,0.13828206062316895,False,0.0,-4.04513663044321,-10.857627983315666,13.538845534465167,CENTER,0.0,0.9803842887302812,0.057337091464623555,NORMAL,STABLE,NORMAL,NO_ACTION,False,0.0
2026-08-12T00:45:06.467780,0.39934820362480167,0.023448914194556247,0.16512549537648613,False,38,0.13828206062316895,False,0.0,-5.237597810736986,-12.475638152814014,14.16819635398653,CENTER,0.0,0.986733083633402,0.06025999184612028,NORMAL,STABLE,NORMAL,NO_ACTION,False,0.0
2026-08-12T00:45:06.512040,0.38774257663683087,0.018316118911774648,0.16512549537648613,False,38,0.13828206062316895,False,0.0,-5.261013193467903,-12.685170999777597,13.85495126611383,CENTER,0.0,0.9894918659979425,0.06013222585286485,NORMAL,STABLE,NORMAL,NO_ACTION,False,0.0
2026-08-12T00:45:06.548349,0.3920615616883165,0.02632886231807412,0.16512549537648613,False,38,0.13828206062316895,False,0.0,-5.297323976498518,-11.807127151077424,13.857569119629346,CENTER,0.0,0.9858074390217764,0.059535569908440625,NORMAL,STABLE,NORMAL,NO_ACTION,False,0.0
2026-08-12T00:45:06.596449,0.3802874903222699,0.046014831186520416,0.16512549537648613,False,38,0.13828206062316895,False,0.0,-5.271446750737539,-13.16669763140581,14.444610634579647,CENTER,0.0,0.9807472913451646,0.06105786234863789,NORMAL,STABLE,NORMAL,NO_ACTION,False,0.0
2026-08-12T00:45:06.638526,0.39337318245576547,0.022469128742344927,0.16512549537648613,False,38,0.13828206062316895,False,0.0,-5.220392080161929,-11.085718304721695,14.378409301699065,CENTER,0.0,0.9857467823002402,0.0594420196464082,NORMAL,STABLE,NORMAL,NO_ACTION,False,0.0
2026-08-12T00:45:06.676921,0.3985548954705017,0.010186811810047382,0.16512549537648613,False,38,0.13828206062316895,False,0.0,-4.526080315502128,-12.066515218544623,14.120418717598966,CENTER,0.0,0.9837563496656377,0.059233341081659674,NORMAL,STABLE,NORMAL,NO_ACTION,False,0.0
2026-08-12T00:45:06.714696,0.3911327135496059,0.05275753032706525,0.16512549537648613,False,38,0.13828206062316895,False,0.0,-4.303828670280268,-11.78850140582523,13.971692148245182,CENTER,0.0,0.9806029235253773,0.05867531504732654,NORMAL,STABLE,NORMAL,NO_ACTION,False,0.0
2026-08-12T00:45:06.758233,0.3668096008194382,0.043921136428120185,0.16512549537648613,False,38,0.13828206062316895,False,0.0,-4.248602515310694,-12.612244191313977,14.039091269943981,CENTER,0.0,0.9866714356138546,0.059281962508511366,NORMAL,STABLE,NORMAL,NO_ACTION,False,0.0
2026-08-12T00:45:06.800525,0.2927859843015516,0.05430947469492652,0.16512549537648613,False,38,0.13828206062316895,False,0.0,-5.62977860697751,-9.792340197461726,13.916645571710802,UP,0.0,0.9838175288280179,0.09407616352678162,NORMAL,STABLE,NORMAL,NO_ACTION,False,0.0
2026-08-12T00:45:06.836617,0.10398651496122002,0.05814707325755952,0.166446499339498,True,38,0.13828206062316895,False,0.0,-5.371070835739914,-9.55348638464261,13.815364999844519,UP,0.03609180450439453,0.9795574390217764,0.2845988169373685,LOW,STABLE,NORMAL,NO_ACTION,False,0.0
2026-08-12T00:45:06.872891,0.12832899013327242,0.017475636973249265,0.16776750330250992,True,38,0.13828206062316895,False,0.03627443313598633,-6.7158673753012295,-8.923120509339128,13.892026224659844,UP,0.07236623764038086,0.9897381901577503,0.28617286585611057,LOW,STABLE,NORMAL,NO_ACTION,False,0.03627443313598633
2026-08-12T00:45:06.918439,0.33231064442685676,0.017146233208795797,0.16776750330250992,False,39,0.08182287216186523,False,0.0,-5.244180876824316,-8.823555337291907,13.873063922198469,UP,0.11791467666625977,0.983327707047325,0.08466551809020995,NORMAL,STABLE,NORMAL,NO_ACTION,False,0.0
2026-08-12T00:45:06.962132,0.37701169809860435,0.024379502200158165,0.16776750330250992,False,39,0.08182287216186523,False,0.0,-4.463884989053781,-11.713881682653238,14.374726774035452,UP,0.1616077423095703,0.983405992798354,0.08648466271244229,NORMAL,STABLE,NORMAL,NO_ACTION,False,0.0
2026-08-12T00:45:07.001314,0.3660492923387051,0.009815886742473691,0.16776750330250992,False,39,0.08182287216186523,False,0.0,-4.617067072939932,-11.311203380792136,14.19809030212798,UP,0.2007896900177002,0.979690299747085,0.08617125378744801,NORMAL,STABLE,NORMAL,NO_ACTION,False,0.0
2026-08-12T00:45:07.037635,0.3794670963413841,0.03068208505618649,0.16776750330250992,False,39,0.08182287216186523,False,0.0,-4.539208197453576,-11.723346433117285,14.040198531974823,CENTER,0.0,0.9863303621184842,0.06024189351832627,NORMAL,STABLE,NORMAL,NO_ACTION,False,0.0
2026-08-12T00:45:07.081465,0.36504366551461037,0.0326605609386589,0.16776750330250992,False,39,0.08182287216186523,False,0.0,-4.77930731564814,-12.109972399756543,14.243187569529795,CENTER,0.0,0.9901891905649863,0.060947800866435656,NORMAL,STABLE,NORMAL,NO_ACTION,False,0.0
2026-08-12T00:45:07.124179,0.2029859806208334,0.01343183011765966,0.1693121693121693,True,39,0.08182287216186523,False,0.0,-7.049787140345643,-8.181193667640855,13.535722203794847,CENTER,0.0,0.986184440372085,0.18973983343818268,NORMAL,RISING,NORMAL,NO_ACTION,False,0.0
2026-08-12T00:45:07.169007,0.09380983500182258,0.05367885408405361,0.17063492063492064,True,39,0.08182287216186523,False,0.04482865333557129,-5.179479939640885,-8.464269274948236,13.322111210925101,UP,0.0,0.9860960942858368,0.2852468907165791,LOW,STABLE,NORMAL,NO_ACTION,False,0.04482865333557129
2026-08-12T00:45:07.213036,0.0538357303418465,0.04300827129988757,0.17195767195767195,True,39,0.08182287216186523,False,0.08885765075683594,-7.245283920632431,-8.002641643965433,13.40077018781426,UP,0.04402899742126465,0.9891033977409123,0.2876399070483523,LOW,STABLE,NORMAL,NO_ACTION,False,0.08885765075683594
2026-08-12T00:45:07.253014,0.1364742888189531,0.01573371031651922,0.17328042328042328,True,39,0.08182287216186523,False,0.12883496284484863,-5.980337367764321,-6.577912049653889,13.40011672024201,UP,0.08400630950927734,0.9854694465877916,0.2860535853904493,LOW,STABLE,NORMAL,NO_ACTION,False,0.12883496284484863
2026-08-12T00:45:07.301227,0.22867923353939035,0.047358406114261675,0.17328042328042328,False,40,0.1770484447479248,False,0.0,-5.799887359801545,-9.103089676661057,13.77489395033325,UP,0.13221979141235352,0.9897533945258917,0.18315880998615025,NORMAL,STABLE,NORMAL,NO_ACTION,False,0.0
2026-08-12T00:45:07.335342,0.2803794792938539,0.016227747012789784,0.17328042328042328,False,40,0.1770484447479248,False,0.0,-6.446001655112553,-8.359255352607136,14.175401073177028,UP,0.1663351058959961,0.9863938319830249,0.11469579296364234,NORMAL,STABLE,NORMAL,NO_ACTION,False,0.0
2026-08-12T00:45:07.370413,0.30920490477323115,0.029732889692651768,0.17328042328042328,False,40,0.1770484447479248,False,0.0,-6.223106482366347,-12.716375906158447,14.33479450903593,UP,0.20140528678894043,0.9802919506601508,0.0916207581567505,NORMAL,STABLE,NORMAL,NO_ACTION,False,0.0
2026-08-12T00:45:07.407334,0.3464211709737265,0.015995877108574308,0.17328042328042328,False,40,0.1770484447479248,False,0.0,-4.850803202681675,-14.04805924384317,14.527376926538352,UP,0.2383270263671875,0.9861750096450618,0.09144650195927322,NORMAL,STABLE,NORMAL,NO_ACTION,False,0.0
2026-08-12T00:45:07.454668,0.3700159002309925,0.030199819124197103,0.17328042328042328,False,40,0.1770484447479248,False,0.0,-5.0343207798296135,-12.122590142986894,14.115621096621538,UP,0.2856605052947998,0.9901635641718106,0.08983610040228476,NORMAL,STABLE,NORMAL,NO_ACTION,False,0.0
2026-08-12T00:45:07.495491,0.35103523965104594,0.03614540413629628,0.17328042328042328,False,40,0.1770484447479248,False,0.0,-4.390205594093715,-12.026809545148467,13.836582712493879,UP,0.32648348808288574,0.9902075697659465,0.08887796282916248,NORMAL,STABLE,NORMAL,NO_ACTION,False,0.0
2026-08-12T00:45:07.533264,0.3369768617653751,0.03880394483041953,0.17350993377483442,False,40,0.1770484447479248,False,0.0,-3.7875082645402642,-12.861966728302122,13.608512335527053,UP,0.3642570972442627,0.9863090224194101,0.08879588862088542,NORMAL,STABLE,NORMAL,NO_ACTION,False,0.0
2026-08-12T00:45:07.575961,0.3566129108501911,0.047582595253411276,0.17328042328042328,False,40,0.1770484447479248,False,0.0,-4.516130694423765,-9.813817417843268,13.873135684269698,CENTER,0.0,0.9803152059756517,0.061436151102951406,NORMAL,STABLE,NORMAL,NO_ACTION,False,0.0
2026-08-12T00:45:07.612060,0.33323062711879425,0.0460381623125811,0.17328042328042328,False,40,0.1770484447479248,False,0.0,-4.522591187451951,-9.736873028119078,13.623993225146137,CENTER,0.0,0.9833454030564128,0.06114688640968839,NORMAL,STABLE,NORMAL,NO_ACTION,False,0.0
2026-08-12T00:45:07.652279,0.35340319312894347,0.01811882383401825,0.17350993377483442,False,40,0.1770484447479248,False,0.0,-4.486206317992355,-10.315557056164351,13.713444873881059,CENTER,0.0,0.9799399193029836,0.061730681464599195,NORMAL,STABLE,NORMAL,NO_ACTION,False,0.0
2026-08-12T00:45:07.688278,0.36911484736715616,0.061584794411943033,0.17350993377483442,False,40,0.1770484447479248,False,0.0,-3.7237582335605737,-9.324263171432136,13.070122457199261,CENTER,0.0,0.9868005856695816,0.05966104206529434,NORMAL,STABLE,NORMAL,NO_ACTION,False,0.0
2026-08-12T00:45:07.719555,0.35537415450881804,0.01175733113979278,0.17350993377483442,False,40,0.1770484447479248,False,0.0,-6.137869268482632,-7.897262184121928,12.826897979205341,CENTER,0.0,0.9900228936256859,0.06072091359224184,NORMAL,STABLE,NORMAL,NO_ACTION,False,0.0
2026-08-12T00:45:07.760815,0.3887430519075915,0.01157870111645531,0.17350993377483442,False,40,0.1770484447479248,False,0.0,-4.641243212578587,-8.930839563192592,13.193116042452658,CENTER,0.0,0.9859500385802468,0.06037884511382713,NORMAL,STABLE,NORMAL,NO_ACTION,False,0.0
2026-08-12T00:45:07.800972,0.3543726115090843,0.032273048662369394,0.17350993377483442,False,40,0.1770484447479248,False,0.0,-4.706836432281307,-10.914001914155136,13.383066910898833,CENTER,0.0,0.9860162010245198,0.062057208526258276,NORMAL,STABLE,NORMAL,NO_ACTION,False,0.0
2026-08-12T00:45:07.839257,0.3598747703715773,0.04216869569949784,0.17350993377483442,False,40,0.1770484447479248,False,0.0,-4.568172082469488,-11.342445230267941,13.437569331679242,CENTER,0.0,0.9893647119341564,0.06228559498956876,NORMAL,STABLE,NORMAL,NO_ACTION,False,0.0
2026-08-12T00:45:07.875936,0.3706116026676799,0.03060120871841511,0.17350993377483442,False,40,0.1770484447479248,False,0.0,-4.664520904775941,-12.111181853625084,13.419544340257545,CENTER,0.0,0.9926921242712622,0.06291621661025275,NORMAL,STABLE,NORMAL,NO_ACTION,False,0.0
2026-08-12T00:45:07.918900,0.37166347250514076,0.053725658180475,0.17374005305039789,False,40,0.1770484447479248,False,0.0,-4.361757265269773,-11.131573213138466,13.19784428176601,CENTER,0.0,0.9862828200017146,0.061818742002203775,NORMAL,STABLE,NORMAL,NO_ACTION,False,0.0
2026-08-12T00:45:07.959175,0.37614304184801495,0.015428856857508107,0.17374005305039789,False,40,0.1770484447479248,False,0.0,-4.287675652798924,-12.254986661967422,13.099240806769501,CENTER,0.0,0.9870797834147805,0.06246380681620426,NORMAL,STABLE,NORMAL,NO_ACTION,False,0.0
2026-08-12T00:45:07.997754,0.37288192160550426,0.034025854493290326,0.17374005305039789,False,40,0.1770484447479248,False,0.0,-4.831724371576627,-12.919707017895604,13.603432553449352,CENTER,0.0,0.9840171280221195,0.06395329937333374,NORMAL,STABLE,NORMAL,NO_ACTION,False,0.0
2026-08-12T00:45:08.039353,0.42198056956424695,0.05595361420482344,0.17374005305039789,False,40,0.1770484447479248,False,0.0,-2.4790164695202748,-13.479118543419844,13.249268558442168,CENTER,0.0,0.9866694530178327,0.0617507014260771,NORMAL,STABLE,NORMAL,NO_ACTION,False,0.0
2026-08-12T00:45:08.084234,0.4470457963615295,0.03788494727399547,0.17374005305039789,False,40,0.1770484447479248,False,0.0,-3.7034820642679165,-11.833289730228927,13.285625539052518,CENTER,0.0,0.9879999356995884,0.06177617272615432,NORMAL,STABLE,NORMAL,NO_ACTION,False,0.0
2026-08-12T00:45:08.125727,0.45524800762635764,0.02951400514786829,0.17374005305039789,False,40,0.1770484447479248,False,0.0,-4.202224755662741,-9.959280293252874,13.233331935275942,CENTER,0.0,0.9905951404963993,0.06085263540234104,NORMAL,STABLE,NORMAL,NO_ACTION,False,0.0
2026-08-12T00:45:08.167179,0.4554707314534885,0.029897332018496127,0.17374005305039789,False,40,0.1770484447479248,False,0.0,15.878011616537577,-21.423538956283807,-172.3923149825566,CENTER,0.0,0.9538881324659922,0.09660724654519677,NORMAL,RISING,NORMAL,NO_ACTION,False,0.0
2026-08-12T00:45:08.209065,0.45857299923523026,0.032644053351548775,0.17374005305039789,False,40,0.1770484447479248,False,0.0,-3.783191720450418,-12.129040177649244,13.234533633775811,CENTER,0.0,0.9806978871956448,0.06201732810571902,NORMAL,STABLE,NORMAL,NO_ACTION,False,0.0
2026-08-12T00:45:08.287704,0.43081689574448556,0.0251132762265404,0.17420212765957446,False,40,0.1770484447479248,False,0.0,-3.217296374158167,-10.290408590224303,13.082333161489913,CENTER,0.0,0.9864969001843278,0.060228965142239965,NORMAL,STABLE,NORMAL,NO_ACTION,False,0.0
2026-08-12T00:45:08.347862,0.42630597022850103,0.021276569177196246,0.1744340878828229,False,40,0.1770484447479248,False,0.0,-4.340690973043536,-10.640101617024612,12.815309074517785,CENTER,0.0,0.9903330627357683,0.06142215441432161,NORMAL,STABLE,NORMAL,NO_ACTION,False,0.0
2026-08-12T00:45:08.393243,0.4437777536117248,0.013084618553881154,0.1744340878828229,False,40,0.1770484447479248,False,0.0,-5.019630509351799,-12.447867263098601,13.490384113283739,CENTER,0.0,0.9862154921124828,0.06403162882359467,NORMAL,STABLE,NORMAL,NO_ACTION,False,0.0
2026-08-12T00:45:08.427680,0.4426716439665262,0.036840747991268664,0.1744340878828229,False,40,0.1770484447479248,False,0.0,-3.4929473531551025,-12.605582180814622,13.154100838223627,CENTER,0.0,0.986239618162723,0.06235156636740153,NORMAL,STABLE,NORMAL,NO_ACTION,False,0.0
2026-08-12T00:45:08.468021,0.4312936319079345,0.052497760009636484,0.17466666666666666,False,40,0.1770484447479248,False,0.0,-3.296752010403168,-12.115268262529526,13.199526886147197,CENTER,0.0,0.9903329153806583,0.0619685549048013,NORMAL,STABLE,NORMAL,NO_ACTION,False,0.0
2026-08-12T00:45:08.501638,0.41938896362507316,0.06001220314037945,0.17466666666666666,False,40,0.1770484447479248,False,0.0,-3.64871266103043,-12.132704302909787,13.409254457411862,CENTER,0.0,0.9871706747256515,0.06252203255504593,NORMAL,STABLE,NORMAL,NO_ACTION,False,0.0
2026-08-12T00:45:08.534266,0.44705079999527175,0.03312426016698987,0.17466666666666666,False,40,0.1770484447479248,False,0.0,-4.52205867874855,-9.824122393047247,12.813105625381809,CENTER,0.0,0.9809782235939644,0.061121654021178175,NORMAL,STABLE,NORMAL,NO_ACTION,False,0.0
2026-08-12T00:45:08.569692,0.4211761671798604,0.024782946240404672,0.17466666666666666,False,40,0.1770484447479248,False,0.0,-3.3182929834659944,-11.385337990775753,13.157548383762474,CENTER,0.0,0.9873293627829218,0.06142170245807657,NORMAL,STABLE,NORMAL,NO_ACTION,False,0.0
2026-08-12T00:45:08.611056,0.4478033104960466,0.031229289174497656,0.17466666666666666,False,40,0.1770484447479248,False,0.0,-3.325784222715356,-11.001611381897192,12.76457899491615,CENTER,0.0,0.9898341719178669,0.06077336539279313,NORMAL,STABLE,NORMAL,NO_ACTION,False,0.0
2026-08-12T00:45:08.649259,0.4296103986978289,0.04865328861525191,0.17489986648865152,False,40,0.1770484447479248,False,0.0,-3.1603676588010217,-10.18886419850179,13.072884373869698,CENTER,0.0,0.9855926890432098,0.0604405778635933,NORMAL,STABLE,NORMAL,NO_ACTION,False,0.0
2026-08-12T00:45:08.693178,0.41857949135752914,0.029441920045336495,0.17489986648865152,False,40,0.1770484447479248,False,0.0,-4.05822054121424,-10.651272051633242,13.025411979029712,CENTER,0.0,0.9864500278635117,0.06159342400481431,NORMAL,STABLE,NORMAL,NO_ACTION,False,0.0
2026-08-12T00:45:08.732880,0.4391707639324291,0.014921838785240405,0.17489986648865152,False,40,0.1770484447479248,False,0.0,-4.028028858477995,-8.398712612602765,12.538169416461955,CENTER,0.0,0.9895928310399521,0.05946830550707363,NORMAL,STABLE,NORMAL,NO_ACTION,False,0.0
2026-08-12T00:45:08.770443,0.42768404443646296,0.023071138996074304,0.1751336898395722,False,40,0.1770484447479248,False,0.0,-3.1815909696487097,-9.619042288299852,12.781066452084417,CENTER,0.0,0.9861351165980796,0.059885378904486405,NORMAL,STABLE,NORMAL,NO_ACTION,False,0.0
2026-08-12T00:45:08.809893,0.4182479208780687,0.02992462274599621,0.1751336898395722,False,40,0.1770484447479248,False,0.0,-3.24818410881457,-10.0345368901325,12.987849639284178,CENTER,0.0,0.9871710766032236,0.060448709616384294,NORMAL,STABLE,NORMAL,NO_ACTION,False,0.0
2026-08-12T00:45:08.850987,0.424492800466261,0.04255620921441443,0.1751336898395722,False,40,0.1770484447479248,False,0.0,-3.9004093494205563,-10.707820538106574,12.675394569993415,CENTER,0.0,0.990078526877572,0.06126215611970615,NORMAL,STABLE,NORMAL,NO_ACTION,False,0.0
2026-08-12T00:45:08.898980,0.4168594168580151,0.019559145901847673,0.1753681392235609,False,40,0.1770484447479248,False,0.0,-4.334303757285795,-10.968583301645253,12.993253756997461,CENTER,0.0,0.9860303873028121,0.0622916203433896,NORMAL,STABLE,NORMAL,NO_ACTION,False,0.0
2026-08-12T00:45:08.948190,0.4352449067902171,0.03774406532380371,0.1753681392235609,False,40,0.1770484447479248,False,0.0,-4.745248477738016,-11.11787563105878,13.060529766326425,CENTER,0.0,0.9865102291237997,0.06285995143219977,NORMAL,STABLE,NORMAL,NO_ACTION,False,0.0
2026-08-12T00:45:08.986153,0.4101937520063887,0.046969940535394245,0.1753681392235609,False,40,0.1770484447479248,False,0.0,-3.8223849582565492,-13.176354027291211,13.39784010838818,CENTER,0.0,0.9866877920310356,0.06378276425122273,NORMAL,STABLE,NORMAL,NO_ACTION,False,0.0
2026-08-12T00:45:09.023633,0.39034101101167884,0.028893365881522783,0.1753681392235609,False,40,0.1770484447479248,False,0.0,-3.404069898797559,-11.495135525433739,12.854788175461294,CENTER,0.0,0.9893408270104594,0.06164279008128741,NORMAL,STABLE,NORMAL,NO_ACTION,False,0.0
2026-08-12T00:45:09.069538,0.42172165112752846,0.014033696383612114,0.1753681392235609,False,40,0.1770484447479248,False,0.0,-3.820354553279742,-8.672384673360085,13.072657553406799,CENTER,0.0,0.9857065409593622,0.060214803534164585,NORMAL,STABLE,NORMAL,NO_ACTION,False,0.0
2026-08-12T00:45:09.110851,0.42061342538190716,0.014434226831388982,0.17560321715817695,False,40,0.1770484447479248,False,0.0,-4.37675634447325,-9.187006235417556,13.057381322518893,CENTER,0.0,0.9799806295010288,0.06122509750251211,NORMAL,STABLE,NORMAL,NO_ACTION,False,0.0
2026-08-12T00:45:09.147789,0.42169624879992845,0.03419439009864222,0.1753681392235609,False,40,0.1770484447479248,False,0.0,-4.7761915095428265,-9.500527922562071,13.114221857859917,CENTER,0.0,0.98654655885631,0.06177336746520384,NORMAL,STABLE,NORMAL,NO_ACTION,False,0.0
2026-08-12T00:45:09.190293,0.3915248741013212,0.018195851953808958,0.1753681392235609,False,40,0.1770484447479248,False,0.0,-4.08134554714502,-10.679957410400789,13.19056206220614,CENTER,0.0,0.9836768850737313,0.06202957951348213,NORMAL,STABLE,NORMAL,NO_ACTION,False,0.0
2026-08-12T00:45:09.229465,0.4248288460138606,0.05382726171206807,0.1753681392235609,False,40,0.1770484447479248,False,0.0,-3.918559675914196,-10.863946850208862,13.115496589107863,CENTER,0.0,0.9804677319101509,0.061933418740285864,NORMAL,STABLE,NORMAL,NO_ACTION,False,0.0
2026-08-12T00:45:09.274623,0.40658493523259187,0.019351026216691873,0.17560321715817695,False,40,0.1770484447479248,False,0.0,-4.024542899135042,-8.692004468236206,12.733140583160349,CENTER,0.0,0.9862324915337791,0.06021619590021018,NORMAL,STABLE,NORMAL,NO_ACTION,False,0.0
2026-08-12T00:45:09.309030,0.4462652856737689,0.01694226629400892,0.17560321715817695,False,40,0.1770484447479248,False,0.0,-4.344044824842939,-11.268845288436722,13.127864262565112,CENTER,0.0,0.9890390973293897,0.06276502040861164,NORMAL,STABLE,NORMAL,NO_ACTION,False,0.0
2026-08-12T00:45:09.343194,0.40903188581360106,0.018217956636654365,0.17560321715817695,False,40,0.1770484447479248,False,0.0,-3.1949048877368114,-9.912977857909823,12.71745771615025,CENTER,0.0,0.9854391718106996,0.06028399731724792,NORMAL,STABLE,NORMAL,NO_ACTION,False,0.0
2026-08-12T00:45:09.393705,0.4264855052915758,0.04782440759525567,0.17583892617449665,False,40,0.1770484447479248,False,0.0,-3.816553072730528,-10.132560528015944,12.963329457738212,CENTER,0.0,0.985919361925583,0.06139582886830381,NORMAL,STABLE,NORMAL,NO_ACTION,False,0.0
2026-08-12T00:45:09.438199,0.42594708569144846,0.01965144045468803,0.1760752688172043,False,40,0.1770484447479248,False,0.0,-3.954627981099918,-9.778240457208398,13.10643656190652,CENTER,0.0,0.9855102237654322,0.061528870224666264,NORMAL,STABLE,NORMAL,NO_ACTION,False,0.0
2026-08-12T00:45:09.479608,0.4126450236419148,0.02150161581186331,0.1760752688172043,False,40,0.1770484447479248,False,0.0,-3.2189716963860917,-10.363082672820894,13.03184246842315,CENTER,0.0,0.9830961853780865,0.06117101516434466,NORMAL,STABLE,NORMAL,NO_ACTION,False,0.0
2026-08-12T00:45:09.534016,0.4257444615816751,0.05191099128753681,0.17631224764468373,False,40,0.1770484447479248,False,0.0,-4.170571534874341,-10.73434876589701,12.836180593400883,CENTER,0.0,0.9796322552297669,0.062285581461976956,NORMAL,STABLE,NORMAL,NO_ACTION,False,0.0
2026-08-12T00:45:09.572424,0.4211524801186147,0.020555004970512294,0.17631224764468373,False,40,0.1770484447479248,False,0.0,-4.511719362358491,-9.147060208737685,12.897151783822864,CENTER,0.0,0.9863089688357338,0.06152643211386409,NORMAL,STABLE,NORMAL,NO_ACTION,False,0.0
2026-08-12T00:45:09.610885,0.4160263763538755,0.05002537701796722,0.17631224764468373,False,40,0.1770484447479248,False,0.0,-3.794145446572088,-9.910662385139233,13.04914015093803,CENTER,0.0,0.9902851723251029,0.06153328463884106,NORMAL,STABLE,NORMAL,NO_ACTION,False,0.0
2026-08-12T00:45:09.643219,0.41325645607565886,0.031048805591458815,0.17631224764468373,False,40,0.1770484447479248,False,0.0,-3.903459835033601,-10.781465678969653,13.520136292479094,CENTER,0.0,0.9859483239026063,0.06272101567623958,NORMAL,STABLE,NORMAL,NO_ACTION,False,0.0
2026-08-12T00:45:09.678234,0.4381592231567359,0.044574868944295416,0.17631224764468373,False,40,0.1770484447479248,False,0.0,-3.713819204573639,-12.348667558775787,13.472267423484624,CENTER,0.0,0.9862302946030521,0.06362417084921751,NORMAL,STABLE,NORMAL,NO_ACTION,False,0.0
2026-08-12T00:45:09.714127,0.40116262279183645,0.05203298489578039,0.17631224764468373,False,40,0.1770484447479248,False,0.0,-3.2734018020645976,-10.995801956389442,13.428388696119413,CENTER,0.0,0.9896653297539437,0.06218074201131884,NORMAL,STABLE,NORMAL,NO_ACTION,False,0.0
2026-08-12T00:45:09.749244,0.4221712225483295,0.01376004870238454,0.17631224764468373,False,40,0.1770484447479248,False,0.0,-3.326742567306553,-11.695878391873379,13.304629365745086,CENTER,0.0,0.98594267082476,0.06261854230015199,NORMAL,RISING,NORMAL,NO_ACTION,False,0.0
2026-08-12T00:45:09.795144,0.38236954665961853,0.03595170101829034,0.1752021563342318,False,40,0.1770484447479248,False,0.0,-3.7364750271927676,-11.479449156218095,13.464204383603601,CENTER,0.0,0.9800543070558986,0.06245540865700325,NORMAL,STABLE,NORMAL,NO_ACTION,False,0.0
2026-08-12T00:45:09.832760,0.16506299739820007,0.058048936483891755,0.17631224764468373,True,40,0.1770484447479248,False,0.0,-5.6137661321887435,-9.298545172927533,13.250625946859543,CENTER,0.0,0.9863093707133059,0.24295345414056924,LOW,STABLE,NORMAL,NO_ACTION,False,0.0
2026-08-12T00:45:09.869966,0.08815097582995884,0.04131830064126437,0.17765814266487215,True,40,0.1770484447479248,False,0.03720569610595703,-5.222466376743,-8.23150542497035,12.961374012513545,UP,0.0,0.9899927126200273,0.28828441229197654,LOW,STABLE,NORMAL,NO_ACTION,False,0.03720569610595703
2026-08-12T00:45:09.911972,0.14709441683633745,0.03391987074993397,0.1792452830188679,True,40,0.1770484447479248,False,0.07921195030212402,-4.702872911695721,-6.418166900975336,13.221066840636126,UP,0.04200625419616699,0.9859070644718794,0.2875180744031246,LOW,STABLE,NORMAL,NO_ACTION,False,0.07921195030212402
2026-08-12T00:45:09.947976,0.2891055792678839,0.01584465620548836,0.1792452830188679,False,41,0.11521601676940918,False,0.0,-5.116263552093358,-7.81112156845353,12.775405702896649,UP,0.07801032066345215,0.9863693174511317,0.10301891623427706,NORMAL,STABLE,NORMAL,NO_ACTION,False,0.0
2026-08-12T00:45:09.985958,0.35847937138516095,0.031789459349067774,0.17900403768506057,False,41,0.11521601676940918,False,0.0,-5.439246928281705,-8.215508191175644,13.018434535896688,UP,0.11599183082580566,0.9893728298611112,0.08920950505721781,NORMAL,STABLE,NORMAL,NO_ACTION,False,0.0
2026-08-12T00:45:10.024875,0.40246092815863166,0.020683108100893657,0.1778975741239892,False,41,0.11521601676940918,False,0.0,-4.391609164264253,-10.207807676322346,13.159708516903862,UP,0.1549091339111328,0.9856288178369341,0.08922236148416707,NORMAL,STABLE,NORMAL,NO_ACTION,False,0.0
2026-08-12T00:45:10.061076,0.4346650369593055,0.03159909189109978,0.1778975741239892,False,41,0.11521601676940918,False,0.0,-4.447720030225696,-9.393137823354863,12.978755070372898,CENTER,0.0,0.9901278506515776,0.06251377003129027,NORMAL,STABLE,NORMAL,NO_ACTION,False,0.0
2026-08-12T00:45:10.096286,0.41421885551497395,0.06333230880618963,0.1778975741239892,False,41,0.11521601676940918,False,0.0,-3.8553061732451113,-11.506550886614178,13.36433584809663,CENTER,0.0,0.9860190945430384,0.06384095131547096,NORMAL,STABLE,NORMAL,NO_ACTION,False,0.0
2026-08-12T00:45:10.130790,0.4292761068112102,0.02779298341751361,0.1765498652291105,False,41,0.11521601676940918,False,0.0,-3.590691475718927,-10.165235920554636,13.139537599441837,CENTER,0.0,0.983191162444273,0.061727082851777304,NORMAL,STABLE,NORMAL,NO_ACTION,False,0.0
2026-08-12T00:45:10.173630,0.4040353048656348,0.025751930533872473,0.1767881241565452,False,41,0.11521601676940918,False,0.0,-4.406935015181006,-10.329620787058275,13.495398149842515,CENTER,0.0,0.9798494030778464,0.06309362754635586,NORMAL,STABLE,NORMAL,NO_ACTION,False,0.0
2026-08-12T00:45:10.214192,0.39508337453697395,0.023981026016192116,0.17543859649122806,False,41,0.11521601676940918,False,0.0,-3.773908939189198,-10.404202496361535,13.355206631937364,CENTER,0.0,0.9872321753900891,0.061728148376293306,NORMAL,STABLE,NORMAL,NO_ACTION,False,0.0
2026-08-12T00:45:10.251511,0.4071359320451305,0.03116393931352917,0.17408906882591094,False,41,0.11521601676940918,False,0.0,-3.4481166560506153,-10.583025212063546,13.611404586629362,CENTER,0.0,0.9905405923139574,0.06111551752202653,NORMAL,STABLE,NORMAL,NO_ACTION,False,0.0
2026-08-12T00:45:10.303701,0.40691874111069337,0.04652805136383884,0.17162162162162162,False,41,0.11521601676940918,False,0.0,-3.2786957008675586,-10.615579564184316,13.213202977177588,CENTER,0.0,0.9855033248671125,0.059358705889728136,NORMAL,STABLE,NORMAL,NO_ACTION,False,0.0
2026-08-12T00:45:10.340708,0.4154932012723658,0.02826641421629342,0.17027027027027028,False,41,0.11521601676940918,False,0.0,-2.7793005494250167,-9.83819449438522,13.175580051998764,CENTER,0.0,0.9799761552640603,0.05760445692319181,NORMAL,STABLE,NORMAL,NO_ACTION,False,0.0
2026-08-12T00:45:10.386081,0.40904568681358067,0.01766750593133477,0.1700404858299595,False,41,0.11521601676940918,False,0.0,-3.491418648863089,-8.51560735541085,13.117048969333524,CENTER,0.0,0.9860490746099108,0.05716374297066951,NORMAL,STABLE,NORMAL,NO_ACTION,False,0.0
2026-08-12T00:45:10.429714,0.4464807959549413,0.02152824320206678,0.16891891891891891,False,41,0.11521601676940918,False,0.0,-3.8417587823173847,-10.31086002520263,13.37402199667443,CENTER,0.0,0.9864337116340878,0.05848435096854236,NORMAL,STABLE,NORMAL,NO_ACTION,False,0.0
2026-08-12T00:45:10.481381,0.42484735346739444,0.029446052971896713,0.16891891891891891,False,41,0.11521601676940918,False,0.0,-3.994123012369954,-10.527400710438144,13.38181252043097,CENTER,0.0,0.9908768834662208,0.0587949645596953,NORMAL,STABLE,NORMAL,NO_ACTION,False,0.0
2026-08-12T00:45:10.526847,0.41929415762781047,0.02094367657092907,0.16779431664411368,False,41,0.11521601676940918,False,0.0,-4.25110166690402,-9.01009717205531,13.124739984810816,CENTER,0.0,0.9933283232596022,0.05713674268500737,NORMAL,STABLE,NORMAL,NO_ACTION,False,0.0
2026-08-12T00:45:10.560982,0.42388922551742864,0.04103233021751144,0.16779431664411368,False,41,0.11521601676940918,False,0.0,-4.2084678559045585,-11.096263582700175,13.37468874788405,CENTER,0.0,0.9855753279320989,0.05884305504654414,NORMAL,STABLE,NORMAL,NO_ACTION,False,0.0
2026-08-12T00:45:10.592140,0.42263545985537204,0.05654064485887304,0.16779431664411368,False,41,0.11521601676940918,False,0.0,-4.141673517139992,-9.836588579840225,13.15794371486902,CENTER,0.0,0.9861888744212963,0.05766025185313531,NORMAL,STABLE,NORMAL,NO_ACTION,False,0.0
2026-08-12T00:45:10.631456,0.4139068633806123,0.062366725141264144,0.16802168021680217,False,41,0.11521601676940918,False,0.0,-3.6809648830585786,-11.120535053173938,13.311628471052217,CENTER,0.0,0.9939061160408093,0.058405575691503765,NORMAL,STABLE,NORMAL,NO_ACTION,False,0.0
2026-08-12T00:45:10.670684,0.4254735216628378,0.012030172077204145,0.16802168021680217,False,41,0.11521601676940918,False,0.0,-4.973677065628664,-8.56608695392626,12.96772700160625,CENTER,0.0,0.994324792095336,0.057474366084314776,NORMAL,STABLE,NORMAL,NO_ACTION,False,0.0
2026-08-12T00:45:10.706544,0.4100702974931246,0.021433169779072083,0.16802168021680217,False,41,0.11521601676940918,False,0.0,-4.0643883220812995,-8.81935249474762,13.12021432957772,CENTER,0.0,0.9860652166923869,0.056928508352501565,NORMAL,STABLE,NORMAL,NO_ACTION,False,0.0
2026-08-12T00:45:10.739812,0.41882657080609453,0.03451011344524424,0.16666666666666666,False,41,0.11521601676940918,False,0.0,-4.010101108355258,-10.533828009009198,12.824693298156802,CENTER,0.0,0.9801661629801097,0.0571523815090738,NORMAL,STABLE,NORMAL,NO_ACTION,False,0.0
2026-08-12T00:45:10.785842,0.4532734438806061,0.05158493253235436,0.16644113667117727,False,41,0.11521601676940918,False,0.0,-2.8992534583025815,-10.056121566589269,12.86317600720858,CENTER,0.0,0.9900812060613855,0.05566195858195089,NORMAL,STABLE,NORMAL,NO_ACTION,False,0.0
2026-08-12T00:45:10.830742,0.4284137131505361,0.01776771306148077,0.16666666666666666,False,41,0.11521601676940918,False,0.0,-2.562733690372852,-9.787813084588464,12.771614547508364,CENTER,0.0,0.9867843632115912,0.055168718864236535,NORMAL,STABLE,NORMAL,NO_ACTION,False,0.0
2026-08-12T00:45:10.874009,0.41654009710767215,0.019442991105940007,0.16666666666666666,False,41,0.11521601676940918,False,0.0,-4.252701553621364,-11.042362600302454,12.937610714246745,CENTER,0.0,0.9878319508744857,0.057862007024832164,NORMAL,STABLE,NORMAL,NO_ACTION,False,0.0
2026-08-12T00:45:10.918633,0.3871001825139992,0.05560784484186189,0.16689280868385345,False,41,0.11521601676940918,False,0.0,-4.081170896043886,-10.570150100079957,12.836170692593129,CENTER,0.0,0.9904897548010974,0.05737117501807937,NORMAL,STABLE,NORMAL,NO_ACTION,False,0.0
2026-08-12T00:45:10.957031,0.2640702472020749,0.03236330688917627,0.16689280868385345,False,41,0.11521601676940918,False,0.0,-3.9176024485499283,-9.460126176064591,13.059618892720096,CENTER,0.0,0.9865545696159123,0.10453349012087426,NORMAL,STABLE,NORMAL,NO_ACTION,False,0.0
2026-08-12T00:45:10.995075,0.10778524514414217,0.05940017944958858,0.16824966078697423,True,41,0.11521601676940918,False,0.0,-4.671145514648572,-7.795204374424799,12.326988206918998,UP,0.0,0.980758329582476,0.28212327343282195,LOW,STABLE,NORMAL,NO_ACTION,False,0.0
2026-08-12T00:45:11.035032,0.13428356991694243,0.02878913398391922,0.16960651289009498,True,41,0.11521601676940918,False,0.03995704650878906,-4.61261853484956,-6.360132165647315,11.844974694468704,UP,0.03995704650878906,0.987165972758059,0.2812447379706918,LOW,STABLE,NORMAL,NO_ACTION,False,0.03995704650878906
2026-08-12T00:45:11.066267,0.23588684820347233,0.020906123365019322,0.16960651289009498,False,42,0.07119226455688477,False,0.0,-4.9028977819230875,-9.321066354528227,12.53620552509497,UP,0.07119226455688477,0.9847600924854253,0.16981255068840917,NORMAL,STABLE,NORMAL,NO_ACTION,False,0.0
2026-08-12T00:45:11.103538,0.306276848365872,0.05825025097894144,0.16983695652173914,False,42,0.07119226455688477,False,0.0,-3.5686463127846366,-9.043778832136468,12.559085661230029,UP,0.10846304893493652,0.9815829019847395,0.08298050487387114,NORMAL,STABLE,NORMAL,NO_ACTION,False,0.0
2026-08-12T00:45:11.140972,0.34875274553597413,0.03254781647487131,0.16983695652173914,False,42,0.07119226455688477,False,0.0,-4.100120441868853,-10.375089519734018,12.854896521753318,UP,0.14589738845825195,0.9871353764789095,0.08473865184194326,NORMAL,STABLE,NORMAL,NO_ACTION,False,0.0
2026-08-12T00:45:11.180913,0.3844786235212657,0.044278990937151735,0.16960651289009498,False,42,0.07119226455688477,False,0.0,-4.0354482606028625,-11.792605789619671,12.692088021125869,UP,0.1858384609222412,0.9900710385588134,0.08542813630514122,NORMAL,STABLE,NORMAL,NO_ACTION,False,0.0
2026-08-12T00:45:11.214888,0.4225836066495675,0.036464001853241314,0.16960651289009498,False,42,0.07119226455688477,False,0.0,-3.761667525984876,-11.328454328694988,12.765992255211444,CENTER,0.0,0.986551917223937,0.058900442138405146,NORMAL,STABLE,NORMAL,NO_ACTION,False,0.0
2026-08-12T00:45:11.261476,0.40379567592023224,0.038060109826980604,0.16847826086956522,False,42,0.07119226455688477,False,0.0,-3.729526956470636,-9.42294602297369,12.420173610935308,CENTER,0.0,0.9873085723165296,0.05659615496072859,NORMAL,STABLE,NORMAL,NO_ACTION,False,0.0
2026-08-12T00:45:11.293854,0.4057086042219358,0.07858467415436281,0.16847826086956522,False,42,0.07119226455688477,False,0.0,-2.995176151436908,-11.789930185512048,12.44228734814314,CENTER,0.0,0.9911242525077162,0.057619785605396164,NORMAL,STABLE,NORMAL,NO_ACTION,False,0.0
2026-08-12T00:45:11.332918,0.39469579594912685,0.017195169658271836,0.16847826086956522,False,42,0.07119226455688477,False,0.0,-4.846850006296961,-11.102734598570464,12.684420676425248,CENTER,0.0,0.9878113613468793,0.059139736450445624,NORMAL,STABLE,NORMAL,NO_ACTION,False,0.0
2026-08-12T00:45:11.372790,0.41521238430563645,0.027073479386408826,0.1671195652173913,False,42,0.07119226455688477,False,0.0,-4.643591840370107,-11.061913627098107,12.385371109550022,CENTER,0.0,0.9808832331318585,0.05794720306893033,NORMAL,STABLE,NORMAL,NO_ACTION,False,0.0
2026-08-12T00:45:11.418144,0.40068699713126316,0.032197190886638846,0.1673469387755102,False,42,0.07119226455688477,False,0.0,-3.9636326067536345,-11.696935347358306,12.128511165225063,CENTER,0.0,0.9754147912379973,0.057617394474604476,NORMAL,STABLE,NORMAL,NO_ACTION,False,0.0
2026-08-12T00:45:11.453628,0.43946684522203916,0.006344986246828988,0.1673469387755102,False,42,0.07119226455688477,False,0.0,15.65152668753825,-17.951219795799375,-173.15835499561712,CENTER,0.0,0.9329867835862482,0.0911554756523758,NORMAL,STABLE,NORMAL,NO_ACTION,False,0.0
2026-08-12T00:45:11.489942,0.4364979340508257,0.040825984942482935,0.1673469387755102,False,42,0.07119226455688477,False,0.0,-2.5940524922986583,-10.598114561423301,12.26003703410575,CENTER,0.0,0.9502808588391632,0.05563160130013543,NORMAL,STABLE,NORMAL,NO_ACTION,False,0.0
2026-08-12T00:45:11.523253,0.4698902523805476,0.12638744244455202,0.1673469387755102,False,42,0.07119226455688477,False,0.0,-1.2647185718715264,-10.958617854336154,12.34020603117645,CENTER,0.0,0.9369023812585736,0.054689065233636674,NORMAL,STABLE,NORMAL,NO_ACTION,False,0.0
2026-08-12T00:45:11.557394,0.4558413382826549,0.038705866283088385,0.1673469387755102,False,42,0.07119226455688477,False,0.0,-1.1072768661122439,-8.594735561690953,12.24081932771395,CENTER,0.0,0.919936610510974,0.052734500665253425,NORMAL,STABLE,NORMAL,NO_ACTION,False,0.0
2026-08-12T00:45:11.594596,0.4476794615658085,0.006920242684549446,0.1673469387755102,False,42,0.07119226455688477,False,0.0,-1.7377696266562737,-12.5003637024829,14.587198350361632,CENTER,0.0,0.9057487648962621,0.05842184937297296,NORMAL,STABLE,NORMAL,NO_ACTION,False,0.0
2026-08-12T00:45:11.625629,0.4511787401283092,0.004739665344123768,0.1673469387755102,False,42,0.07119226455688477,False,0.0,-2.720813872369007,-11.388232469655918,14.196709532550159,CENTER,0.0,0.9559901861496914,0.058189252413169495,NORMAL,STABLE,NORMAL,NO_ACTION,False,0.0
2026-08-12T00:45:11.666110,0.42990672424982934,0.05292398252798736,0.1673469387755102,False,42,0.07119226455688477,False,0.0,-6.26497592207383,-11.464001799696234,14.332250509819517,CENTER,0.0,0.9430376720036009,0.06178739243676635,NORMAL,STABLE,NORMAL,NO_ACTION,False,0.0
2026-08-12T00:45:11.703460,0.40332007473217807,0.05185270436839527,0.1673469387755102,False,42,0.07119226455688477,False,0.0,-2.470597979013718,-6.362354539163931,13.491809564156057,CENTER,0.0,0.9346035209833676,0.05363971048538883,NORMAL,STABLE,NORMAL,NO_ACTION,False,0.0
2026-08-12T00:45:11.731449,0.42340164908355904,0.02518985004478184,0.1673469387755102,False,42,0.07119226455688477,False,0.0,-16.790725471767303,0.2313231707187242,17.443511646140223,CENTER,0.0,0.9316995804398148,0.06680683853199995,NORMAL,STABLE,NORMAL,NO_ACTION,False,0.0
2026-08-12T00:45:11.762549,0.3967882145052236,0.031135589733402833,0.16598639455782313,False,42,0.07119226455688477,False,0.0,-5.754632146937553,-4.088878410596607,12.079345832079326,CENTER,0.0,0.9990227677040467,0.05311973640709944,NORMAL,STABLE,NORMAL,NO_ACTION,False,0.0
2026-08-12T00:45:11.791687,0.41734564606427027,0.06678410041498127,0.16598639455782313,False,42,0.07119226455688477,False,0.0,-9.40488077246195,-10.127153365770027,13.202914845931787,CENTER,0.0,0.9938644413365912,0.06207772234227278,NORMAL,STABLE,NORMAL,NO_ACTION,False,0.0
2026-08-12T00:45:11.825554,0.39977520322713367,0.016297838571577773,0.16598639455782313,False,42,0.07119226455688477,False,0.0,-6.400266366862667,-7.868111494971174,12.930526055297321,CENTER,0.0,0.9170927908521949,0.05729055939476703,NORMAL,STABLE,NORMAL,NO_ACTION,False,0.0
2026-08-12T00:45:11.857413,0.4040202104210071,0.018146746362520665,0.16598639455782313,False,42,0.07119226455688477,False,0.0,-5.341590642580627,-8.609766779353976,13.278404599419417,CENTER,0.0,0.9173904481738683,0.0571417279637043,NORMAL,STABLE,NORMAL,NO_ACTION,False,0.0
2026-08-12T00:45:11.903341,0.40581672790917,0.022543633633413076,0.16598639455782313,False,42,0.07119226455688477,False,0.0,-8.545509841253079,-10.150911079725688,13.52550723617324,CENTER,0.0,0.9202911870927641,0.061577982836975825,NORMAL,STABLE,NORMAL,NO_ACTION,False,0.0
2026-08-12T00:45:11.945796,0.4285932237839474,0.01809837579072225,0.16621253405994552,False,42,0.07119226455688477,False,0.0,-6.288234094103501,-9.269304609372398,13.703211424210878,CENTER,0.0,0.920582735875343,0.059051786413637036,NORMAL,STABLE,NORMAL,NO_ACTION,False,0.0
2026-08-12T00:45:11.974442,0.411639253622692,0.00989821814440927,0.164850136239782,False,42,0.07119226455688477,False,0.0,-5.567545866775106,-10.402946886236776,14.123996309352407,CENTER,0.0,0.9225680512688614,0.058900533336962574,NORMAL,STABLE,NORMAL,NO_ACTION,False,0.0
2026-08-12T00:45:12.022149,0.3972136322247616,0.004282510540652574,0.164850136239782,False,42,0.07119226455688477,False,0.0,-6.964789981367176,-11.367000040273865,14.677170201146055,CENTER,0.0,0.9252683470507544,0.061474974250657094,NORMAL,STABLE,NORMAL,NO_ACTION,False,0.0
2026-08-12T00:45:12.058453,0.37656735598079316,0.006743752529534551,0.16348773841961853,False,42,0.07119226455688477,False,0.0,-8.242901238748829,-9.440127450340242,13.607394321681994,CENTER,0.0,0.9270411763760288,0.05960276438954393,NORMAL,STABLE,NORMAL,NO_ACTION,False,0.0
2026-08-12T00:45:12.093816,0.3631440492007152,0.0062293002244107895,0.16348773841961853,False,42,0.07119226455688477,False,0.0,-8.10196683337466,-10.965334071018106,14.108111198142069,CENTER,0.0,0.9256004586762688,0.06105075969885697,NORMAL,STABLE,NORMAL,NO_ACTION,False,0.0
2026-08-12T00:45:12.142650,0.3557587892319688,0.023164794491500922,0.16098226466575716,False,42,0.07119226455688477,False,0.0,-10.592149558860456,-14.329543885009912,14.555850317330282,CENTER,0.0,0.9213607038751714,0.06505683983431015,NORMAL,STABLE,NORMAL,NO_ACTION,False,0.0
2026-08-12T00:45:12.180986,0.3449777288789938,0.009499893658424779,0.16098226466575716,False,42,0.07119226455688477,False,0.0,-7.09400558712764,-12.155489488343619,14.55630373799616,CENTER,0.0,0.91684412240655,0.06011854298013485,NORMAL,STABLE,NORMAL,NO_ACTION,False,0.0
2026-08-12T00:45:12.241933,0.3697622136318078,0.013532758429668976,0.1598360655737705,False,42,0.07119226455688477,False,0.0,-9.465579224989114,-8.949156823952194,13.263333186276071,CENTER,0.0,0.899080423739712,0.05826841355577275,NORMAL,STABLE,NORMAL,NO_ACTION,False,0.0
2026-08-12T00:45:12.283195,0.35127563658710725,0.021581495447508647,0.1598360655737705,False,42,0.07119226455688477,False,0.0,-10.470608455752512,-9.041188365304691,12.848231919144325,UP,0.0,0.8987063828875171,0.08490295955987634,NORMAL,STABLE,NORMAL,NO_ACTION,False,0.0
2026-08-12T00:45:12.319336,0.34559416895519757,0.012708583367965272,0.1598360655737705,False,42,0.07119226455688477,False,0.0,-9.316043463665181,-10.471050024283983,13.305876523190818,UP,0.03614163398742676,0.8986801938657407,0.08526452890287761,NORMAL,STABLE,NORMAL,NO_ACTION,False,0.0
2026-08-12T00:45:12.361286,0.3512769388833765,0.015175920615883638,0.15846994535519127,False,42,0.07119226455688477,False,0.0,-9.453410000626548,-7.515125019343429,12.299364139821762,UP,0.07809138298034668,0.8989717426483196,0.0816096788082939,NORMAL,STABLE,NORMAL,NO_ACTION,False,0.0
2026-08-12T00:45:12.401730,0.3428882524380441,0.03103606593554995,0.15846994535519127,False,42,0.07119226455688477,False,0.0,-11.18111875845841,-8.942497699819569,12.837771184335963,CENTER,0.0,0.89880141353738,0.05882274466497101,NORMAL,STABLE,NORMAL,NO_ACTION,False,0.0
2026-08-12T00:45:12.433860,0.3598891200924055,0.0061246702880557455,0.15710382513661203,False,42,0.07119226455688477,False,0.0,-11.449869495929192,-8.654128293189672,12.755374768968295,CENTER,0.0,0.8985424570258916,0.05811087007217762,NORMAL,STABLE,NORMAL,NO_ACTION,False,0.0
2026-08-12T00:45:12.466037,0.3335401866434824,0.010893873408031928,0.1557377049180328,False,42,0.07119226455688477,False,0.0,-8.938418456050869,-7.660661155380097,12.259959937303137,CENTER,0.0,0.8970207208076132,0.053814805450020695,NORMAL,STABLE,NORMAL,NO_ACTION,False,0.0
2026-08-12T00:45:12.495500,0.36187104759030975,0.015051199444391102,0.15437158469945356,False,42,0.07119226455688477,False,0.0,-6.513665346059611,-6.970497686486425,11.621325835811263,CENTER,0.0,0.8905317777992112,0.04968336552065744,NORMAL,STABLE,NORMAL,NO_ACTION,False,0.0
2026-08-12T00:45:12.523786,0.37499401584860137,0.017663864566049344,0.15300546448087432,False,42,0.07119226455688477,False,0.0,-6.282063945331203,-4.249370729935293,10.378904067362697,CENTER,0.0,0.8766481133187586,0.04561561733539196,NORMAL,STABLE,NORMAL,NO_ACTION,False,0.0
2026-08-12T00:45:12.551836,0.3700906576816721,0.03512849380950991,0.15163934426229508,False,42,0.07119226455688477,False,0.0,-3.2527596823496197,-4.878199003378342,9.702489272198449,CENTER,0.0,0.87083883905607,0.041818240775004116,NORMAL,STABLE,NORMAL,NO_ACTION,False,0.0
2026-08-12T00:45:12.576781,0.36937917939100795,0.07301205517437896,0.15027322404371585,False,42,0.07119226455688477,False,0.0,-4.187830971631939,-7.1774484125707545,10.402906793288679,CENTER,0.0,0.8723807093407064,0.04437066483419369,NORMAL,STABLE,NORMAL,NO_ACTION,False,0.0
2026-08-12T00:45:12.609216,0.3683910964556327,0.010763452989674745,0.1489071038251366,False,42,0.07119226455688477,False,0.0,-4.433104774906639,-7.032133389009289,10.749652598088403,CENTER,0.0,0.8637949165166324,0.04415274794158876,NORMAL,STABLE,NORMAL,NO_ACTION,False,0.0
2026-08-12T00:45:12.641112,0.3602228837215118,0.006222148526874559,0.1489071038251366,False,42,0.07119226455688477,False,0.0,-5.337238972513347,-10.702859352587751,10.65366906292033,CENTER,0.0,0.8508231256430042,0.04758204696059559,NORMAL,STABLE,NORMAL,NO_ACTION,False,0.0
2026-08-12T00:45:12.675790,0.3711371528465439,0.00673594518442221,0.14754098360655737,False,42,0.07119226455688477,False,0.0,-5.070792127111446,-9.27130606438152,10.5290082552238,UP,0.0,0.9063891434113511,0.07148846506980298,NORMAL,STABLE,NORMAL,NO_ACTION,False,0.0
2026-08-12T00:45:12.709391,0.37289863585819716,0.03903764467574027,0.14617486338797814,False,42,0.07119226455688477,False,0.0,-4.491602967801128,-9.214736266993214,10.683281123556185,UP,0.03360176086425781,0.8976959019204388,0.07035537034516158,NORMAL,STABLE,NORMAL,NO_ACTION,False,0.0
2026-08-12T00:45:12.745553,0.3597929197692772,0.016574954983919043,0.1448087431693989,False,42,0.07119226455688477,False,0.0,-4.697293661371674,-8.152028428494503,9.829443777056241,UP,0.06976318359375,0.9664865049511319,0.06828065779783903,NORMAL,STABLE,NORMAL,NO_ACTION,False,0.0
2026-08-12T00:45:12.778049,0.40898939291156555,0.04506222369606989,0.14344262295081966,False,42,0.07119226455688477,False,0.0,-5.825801758497619,-9.546822719397,10.387744464483575,UP,0.10225892066955566,0.9748330600565843,0.07022928350599325,NORMAL,STABLE,NORMAL,NO_ACTION,False,0.0
2026-08-12T00:45:12.803383,0.3878027611100776,0.03592232381410783,0.14207650273224043,False,42,0.07119226455688477,False,0.0,-6.11765208652028,-7.355254957612004,10.054368837060593,CENTER,0.0,0.9764105099022633,0.041923437132288244,NORMAL,STABLE,NORMAL,NO_ACTION,False,0.0
2026-08-12T00:45:12.836727,0.362961756332281,0.07332452362261462,0.1407103825136612,False,42,0.07119226455688477,False,0.0,-5.213554199265701,-6.871828340276693,10.462486424665059,CENTER,0.0,0.9725844478737997,0.04041362491822301,NORMAL,STABLE,NORMAL,NO_ACTION,False,0.0
2026-08-12T00:45:12.865900,0.34985478555398897,0.013058849926725074,0.13934426229508196,False,42,0.07119226455688477,False,0.0,-4.936559567757996,-6.829799522771566,10.551071400202801,CENTER,0.0,0.963540152927812,0.039518779142393795,NORMAL,STABLE,NORMAL,NO_ACTION,False,0.0
2026-08-12T00:45:12.897789,0.3649332060397771,0.026484322802947068,0.13915416098226466,False,42,0.07119226455688477,False,0.0,-4.624038822014171,-5.53800859537543,10.0597685096958,CENTER,0.0,0.9561160542052469,0.03771671598129085,NORMAL,STABLE,NORMAL,NO_ACTION,False,0.0
2026-08-12T00:45:12.931484,0.35702051368651777,0.00978931242795832,0.1366120218579235,False,42,0.07119226455688477,False,0.0,-4.6516039513381315,-6.293546374550829,10.018917537578261,CENTER,0.0,0.9510242385759602,0.03697851881842721,NORMAL,STABLE,NORMAL,NO_ACTION,False,0.0
2026-08-12T00:45:12.968182,0.3875165326918196,0.012984185939735873,0.13524590163934427,False,42,0.07119226455688477,False,0.0,-4.286817163493168,-7.2500365613780104,9.618098399925742,CENTER,0.0,0.9576411929869685,0.03624900702692262,NORMAL,STABLE,NORMAL,NO_ACTION,False,0.0
2026-08-12T00:45:13.005873,0.36570508844006966,0.014625363188785984,0.13387978142076504,False,42,0.07119226455688477,False,0.0,-5.304787479027681,-8.088821965693029,10.265706465304675,CENTER,0.0,0.9696064278978053,0.037775626669036416,NORMAL,STABLE,NORMAL,NO_ACTION,False,0.0
2026-08-12T00:45:13.043475,0.35000864806912535,0.013687653256705786,0.1325136612021858,False,42,0.07119226455688477,False,0.0,-5.701122678218127,-7.196476697605021,10.221482570867664,CENTER,0.0,0.9693590856481481,0.03678716512255692,NORMAL,STABLE,NORMAL,NO_ACTION,False,0.0
2026-08-12T00:45:13.078859,0.3738395103008068,0.08287790208397476,0.13114754098360656,False,42,0.07119226455688477,False,0.0,-4.140531932374898,-4.438386606321956,9.824287477707514,CENTER,0.0,0.9671246597436557,0.03222687580607813,NORMAL,STABLE,NORMAL,NO_ACTION,False,0.0
2026-08-12T00:45:13.119173,0.38234967774309814,0.011320936530360062,0.12978142076502733,False,42,0.07119226455688477,False,0.0,-4.979173169039598,-5.71921791304365,9.89331155988549,CENTER,0.0,0.9626424522033608,0.03334290861423231,NORMAL,STABLE,NORMAL,NO_ACTION,False,0.0
2026-08-12T00:45:13.155838,0.35055486435336003,0.01750810021548986,0.12859097127222982,False,42,0.07119226455688477,False,0.0,-6.327421807043407,-7.492038896258265,10.227553202154184,CENTER,0.0,0.9589334839034637,0.035648230403380596,NORMAL,STABLE,NORMAL,NO_ACTION,False,0.0
2026-08-12T00:45:13.210137,0.33228001807060664,0.012589306981242538,0.12859097127222982,False,42,0.07119226455688477,False,0.0,-4.725342866459357,-4.025331128939115,8.580252796603133,CENTER,0.0,0.9590012270661864,0.030015465052927407,NORMAL,STABLE,NORMAL,NO_ACTION,False,0.0
2026-08-12T00:45:13.256666,0.3488318861004428,0.006760152391156091,0.12602739726027398,False,42,0.07119226455688477,False,0.0,-5.104631787584793,-3.6876991718453382,7.75985572980008,CENTER,0.0,0.9673643529235255,0.02806506193765517,NORMAL,STABLE,NORMAL,NO_ACTION,False,0.0
2026-08-12T00:45:13.301939,0.3598163296792214,0.031064890679513395,0.12602739726027398,False,42,0.07119226455688477,False,0.0,-5.599137366422923,-2.1993461308377107,6.865607982969777,CENTER,0.0,0.9706940023791152,0.026605203394416452,NORMAL,STABLE,NORMAL,NO_ACTION,False,0.0
2026-08-12T00:45:13.343440,0.37047594630936853,0.04005773495510406,0.12465753424657534,False,42,0.07119226455688477,False,0.0,-6.384519427053448,-1.9515882346000808,7.342124127012767,CENTER,0.0,0.9707835540980796,0.026956496863303342,NORMAL,STABLE,NORMAL,NO_ACTION,False,0.0
2026-08-12T00:45:13.387576,0.3819213969071941,0.01703811802405749,0.1232876712328767,False,42,0.07119226455688477,False,0.0,-5.801026139059616,-0.8727694780332058,6.237251179154555,CENTER,0.0,0.9719949872470851,0.02386658432366857,NORMAL,STABLE,NORMAL,NO_ACTION,False,0.0
2026-08-12T00:45:13.425490,0.37960192092874495,0.015369030791996106,0.1232876712328767,False,42,0.07119226455688477,False,0.0,-5.8783033280019765,1.8742892087975633,4.917199707542068,CENTER,0.0,0.9728040739669067,0.02339315852368641,NORMAL,STABLE,NORMAL,NO_ACTION,False,0.0
2026-08-12T00:45:13.463546,0.3127759251633747,0.011005382603307183,0.12208504801097393,False,42,0.07119226455688477,False,0.0,-9.099623130205998,11.587780363743718,-1.6403313548755136,CENTER,0.0,0.967810504008059,0.02975365488345444,NORMAL,STABLE,NORMAL,NO_ACTION,False,0.0
2026-08-12T00:45:13.502597,0.3144427372992972,0.00783943908744197,0.12071330589849108,False,42,0.07119226455688477,False,0.0,-7.84837098944854,8.94720816412729,-2.8860062809247893,CENTER,0.0,0.9692769150805898,0.027155333254067344,NORMAL,STABLE,NORMAL,NO_ACTION,False,0.0
2026-08-12T00:45:13.545997,0.357003226167214,0.010622617568354175,0.11934156378600823,False,42,0.07119226455688477,False,0.0,-9.84920553488459,8.790869911509986,-3.754464125944139,CENTER,0.0,0.9702072080761317,0.029119573539522325,NORMAL,STABLE,NORMAL,NO_ACTION,False,0.0
2026-08-12T00:45:13.597331,0.3646087693923926,0.009800320452351038,0.11796982167352538,False,42,0.07119226455688477,False,0.0,-11.610226904715631,9.673414098737538,-7.602952816692067,CENTER,0.0,0.9643820596493484,0.03447284593609536,NORMAL,STABLE,NORMAL,NO_ACTION,False,0.0
2026-08-12T00:45:13.643658,0.3392690028347245,0.0041929300738156785,0.11659807956104253,False,42,0.07119226455688477,False,0.0,-10.882885647270513,8.696647946738608,-8.809744739821696,CENTER,0.0,0.9580390249914265,0.03354322589258794,NORMAL,STABLE,NORMAL,NO_ACTION,False,0.0
2026-08-12T00:45:13.689526,0.3403822953398141,0.008414247553453378,0.11401098901098901,False,42,0.07119226455688477,False,0.0,-12.542026614788227,8.173914025631802,-9.756887893391223,CENTER,0.0,0.9541189771947874,0.03438190564299398,NORMAL,STABLE,NORMAL,NO_ACTION,False,0.0
2026-08-12T00:45:13.728277,0.353419784795342,0.0006950737435061407,0.11263736263736264,False,42,0.07119226455688477,False,0.0,-12.193569296350546,8.73127582691589,-11.413115857148483,CENTER,0.0,0.9544222875943074,0.0353569662303789,NORMAL,STABLE,NORMAL,NO_ACTION,False,0.0
2026-08-12T00:45:13.768888,0.31065463573510566,0.008321004198702417,0.11004126547455295,False,42,0.07119226455688477,False,0.0,-12.366919771919328,6.576201479522865,-12.43810025776844,CENTER,0.0,0.9557161458333334,0.03365642716774232,NORMAL,STABLE,NORMAL,NO_ACTION,False,0.0
2026-08-12T00:45:13.811744,0.2628423138068491,0.007526364250578109,0.10866574965612105,False,42,0.07119226455688477,False,0.0,-9.45585588116424,4.0670030884712105,-14.783813445068347,CENTER,0.0,0.9559824433084705,0.08015564022290012,NORMAL,STABLE,NORMAL,NO_ACTION,False,0.0
2026-08-12T00:45:13.851023,0.2476905996571615,0.008169651457650185,0.10729023383768914,False,42,0.07119226455688477,False,0.0,-9.308883697682234,5.7680812633712435,-16.20598120415025,CENTER,0.0,0.9534250685871056,0.10212669041608788,NORMAL,STABLE,NORMAL,NO_ACTION,False,0.0
2026-08-12T00:45:13.899176,0.24879768995602564,0.003101891948102545,0.1046831955922865,False,42,0.07119226455688477,False,0.0,-9.201264177503816,5.195045599581476,-16.741915456288638,CENTER,0.0,0.9530087904020919,0.09934564302775509,NORMAL,STABLE,NORMAL,NO_ACTION,False,0.0
2026-08-12T00:45:13.934191,0.2454033696545032,0.0027282520152801747,0.10330578512396695,False,42,0.07119226455688477,False,0.0,-8.770558068949384,4.523678022745912,-17.06850481444721,CENTER,0.0,0.9535932275591563,0.1025975610378998,NORMAL,STABLE,NORMAL,NO_ACTION,False,0.0
2026-08-12T00:45:13.986271,0.2789236898638672,0.0024657935490929096,0.1031636863823934,False,42,0.07119226455688477,False,0.0,-9.575762120514298,6.422447502384273,-17.42898756144544,CENTER,0.0,0.9558925165037724,0.060326598114464405,NORMAL,STABLE,NORMAL,NO_ACTION,False,0.0
2026-08-12T00:45:14.019139,0.26043375784601264,0.016338594457534574,0.10055096418732783,False,42,0.07119226455688477,False,0.0,-9.940786997955371,4.362141482727424,-17.54388056100754,CENTER,0.0,0.9561435024434156,0.08264762405624781,NORMAL,STABLE,NORMAL,NO_ACTION,False,0.0
2026-08-12T00:45:14.051024,0.2837681865769119,0.008984197431823637,0.09917355371900827,False,42,0.07119226455688477,False,0.0,-8.646756889229238,6.01934719362859,-17.392091641703104,CENTER,0.0,0.9549114127872086,0.05106417093745075,NORMAL,STABLE,NORMAL,NO_ACTION,False,0.0
2026-08-12T00:45:14.081452,0.23819933997071194,0.011685948890239484,0.09903713892709766,False,42,0.07119226455688477,False,0.0,-8.505253817904247,5.58055735282548,-17.70458335011361,CENTER,0.0,0.9533576335305213,0.1116703850297382,NORMAL,STABLE,NORMAL,NO_ACTION,False,0.0
2026-08-12T00:45:14.114922,0.23337507408994937,0.007784260504773219,0.0989010989010989,False,42,0.07119226455688477,False,0.0,-10.034749718124743,5.462748630557741,-17.795891637993066,CENTER,0.0,0.9528712277091907,0.11957842986358377,NORMAL,STABLE,NORMAL,NO_ACTION,False,0.0
2026-08-12T00:45:14.146660,0.2613863881318562,0.008863869107451976,0.09752747252747253,False,42,0.07119226455688477,False,0.0,-8.505007113140579,5.678365704431599,-17.77011288252652,CENTER,0.0,0.9532278002829218,0.08088782512507173,NORMAL,STABLE,NORMAL,NO_ACTION,False,0.0
2026-08-12T00:45:14.177617,0.26826782098716323,0.007439768374649085,0.09615384615384616,False,42,0.07119226455688477,False,0.0,-8.32159630197421,6.622391482371995,-17.814479642470502,CENTER,0.0,0.9535952503429355,0.07226048344162742,NORMAL,STABLE,NORMAL,NO_ACTION,False,0.0
2026-08-12T00:45:14.210256,0.24539310101764084,0.00710728168344558,0.09615384615384616,False,42,0.07119226455688477,False,0.0,-10.230298264084354,4.830790077416395,-17.384386972564272,UP,0.0,0.9548684654706789,0.12889002170471903,NORMAL,STABLE,NORMAL,NO_ACTION,False,0.0
2026-08-12T00:45:14.242559,0.2228767652154195,0.00838079315541148,0.09602194787379972,False,42,0.07119226455688477,False,0.0,-10.090759029260852,3.5144358286496526,-17.010875964076433,UP,0.0323033332824707,0.9546842046039095,0.15746705410112355,NORMAL,STABLE,NORMAL,NO_ACTION,False,0.0
2026-08-12T00:45:14.275826,0.25006559465917744,0.009230568662445713,0.09602194787379972,False,42,0.07119226455688477,False,0.0,-10.206090501594275,3.8651417109996373,-16.690333214461873,UP,0.06556987762451172,0.952932473851166,0.12127095823153944,NORMAL,STABLE,NORMAL,NO_ACTION,False,0.0
2026-08-12T00:45:14.311838,0.2488841264482918,0.006059464619964276,0.09465020576131687,False,42,0.07119226455688477,False,0.0,-11.023883174995746,5.950860229354646,-16.889884292625254,UP,0.10158205032348633,0.9516846305941359,0.1253322657960021,NORMAL,STABLE,NORMAL,NO_ACTION,False,0.0
2026-08-12T00:45:14.348643,0.22957261168182896,0.007977990030572134,0.09327846364883402,False,42,0.07119226455688477,False,0.0,-10.862669156305941,5.082559304848019,-16.807001307924196,UP,0.13838768005371094,0.9516273764360426,0.15021878955439544,NORMAL,STABLE,NORMAL,NO_ACTION,False,0.0
2026-08-12T00:45:14.373589,0.21058722061748728,0.011669148201787024,0.09315068493150686,False,42,0.07119226455688477,False,0.0,-10.626306673012778,5.239741024808097,-16.998489076589408,UP,0.16333341598510742,0.953120431991598,0.17560295174977308,NORMAL,STABLE,NORMAL,NO_ACTION,False,0.0
2026-08-12T00:45:14.429635,0.2460727500617932,0.01925849756962024,0.09053497942386832,False,42,0.07119226455688477,False,0.0,-9.62569350568549,5.333019334399012,-17.66922550237561,UP,0.21937918663024902,0.953551124185528,0.12803862107428943,NORMAL,STABLE,NORMAL,NO_ACTION,False,0.0
2026-08-12T00:45:14.458860,0.25869358181901436,0.007703416410868742,0.09053497942386832,False,42,0.07119226455688477,False,0.0,-10.654342056318029,5.176845145360005,-18.216205654858527,UP,0.24860405921936035,0.9547274332347394,0.11261532501261456,NORMAL,STABLE,NORMAL,NO_ACTION,False,0.0
2026-08-12T00:45:14.492193,0.2689632175795571,0.004425275373630711,0.09053497942386832,False,42,0.07119226455688477,False,0.0,-9.07963214641427,4.820690641282738,-18.595944611628738,UP,0.2819371223449707,0.9542311814128943,0.09751454186481762,NORMAL,STABLE,NORMAL,NO_ACTION,False,0.0
2026-08-12T00:45:14.519089,0.28849650368724905,0.007827244993512582,0.09053497942386832,False,42,0.07119226455688477,False,0.0,-9.174848869650816,5.616792796094131,-18.667959358642776,UP,0.30883359909057617,0.9522835219478738,0.07220616076735197,NORMAL,STABLE,NORMAL,NO_ACTION,False,0.0
2026-08-12T00:45:14.546914,0.33571791314811594,0.00921523283032229,0.09041095890410959,False,42,0.07119226455688477,False,0.0,-8.609119660434175,6.711136668849946,-18.93633448339355,UP,0.3366587162017822,0.952028061771262,0.05737218417711462,NORMAL,STABLE,NORMAL,NO_ACTION,False,0.0
2026-08-12T00:45:14.579779,0.32730725943526867,0.002764828334274313,0.0877914951989026,False,42,0.07119226455688477,False,0.0,-7.611857806178563,6.5198378394565,-18.972664606275202,CENTER,0.0,0.9524294035065157,0.03030868224419258,NORMAL,STABLE,NORMAL,NO_ACTION,False,0.0
2026-08-12T00:45:14.610855,0.3512684644002805,0.0014270529694225763,0.0877914951989026,False,42,0.07119226455688477,False,0.0,-7.967922566612742,8.95317610910908,-18.967761404510526,CENTER,0.0,0.9532027901020232,0.03240424879173452,NORMAL,STABLE,NORMAL,NO_ACTION,False,0.0
2026-08-12T00:45:14.642482,0.34674108466067777,0.007708588045943268,0.0877914951989026,False,42,0.07119226455688477,False,0.0,-7.850574345274396,8.023265997396862,-19.141267873470156,CENTER,0.0,0.9543725485468106,0.031786725356911,NORMAL,STABLE,NORMAL,NO_ACTION,False,0.0
2026-08-12T00:45:14.675164,0.3508939253833696,0.001859751369391433,0.08767123287671233,False,42,0.07119226455688477,False,0.0,-7.405219879153549,6.876856729867029,-18.889409051255825,CENTER,0.0,0.954305247449417,0.030287372534187066,NORMAL,STABLE,NORMAL,NO_ACTION,False,0.0
2026-08-12T00:45:14.705907,0.3504053239870426,0.007740629178705615,0.0877914951989026,False,42,0.07119226455688477,False,0.0,-7.602373887442582,5.655639103571929,-19.02370259189513,CENTER,0.0,0.9534419072573731,0.02972455374009012,NORMAL,STABLE,NORMAL,NO_ACTION,False,0.0
2026-08-12T00:45:14.740846,0.3191626577012928,0.007692338166257743,0.0877914951989026,False,42,0.07119226455688477,False,0.0,-7.425330043326966,5.299112551113353,-18.915152012062606,CENTER,0.0,0.9521702996399177,0.029192045488401454,NORMAL,STABLE,NORMAL,NO_ACTION,False,0.0
2026-08-12T00:45:14.771600,0.33966228390936093,0.0068662594561437066,0.08767123287671233,False,42,0.07119226455688477,False,0.0,-7.642466211392559,7.069628905828893,-18.641758030464644,CENTER,0.0,0.9524911319015773,0.030416577553775956,NORMAL,STABLE,NORMAL,NO_ACTION,False,0.0
2026-08-12T00:45:14.804494,0.28285422410865235,0.00993046080369548,0.08641975308641975,False,42,0.07119226455688477,False,0.0,-9.042631822859192,4.362813707807447,-18.8566142577277,CENTER,0.0,0.9527171612439986,0.052877896203185906,NORMAL,STABLE,NORMAL,NO_ACTION,False,0.0
2026-08-12T00:45:14.836509,0.272271053432093,0.013561299311846343,0.0850480109739369,False,42,0.07119226455688477,False,0.0,-8.113037946610405,4.804872564031285,-19.122932654838905,CENTER,0.0,0.9526692842292525,0.06666934544744234,NORMAL,STABLE,NORMAL,NO_ACTION,False,0.0
2026-08-12T00:45:14.867476,0.2588306909488739,0.007950106318046104,0.08493150684931507,False,42,0.07119226455688477,False,0.0,-8.7123686902639,5.291996748215325,-19.177633128274692,UP,0.0,0.9532649873542525,0.11157144850787934,NORMAL,STABLE,NORMAL,NO_ACTION,False,0.0
2026-08-12T00:45:14.898107,0.23656369100025415,0.004893375846863852,0.08493150684931507,False,42,0.07119226455688477,False,0.0,-9.018418356321376,5.251549595331056,-19.123528913651768,UP,0.03063178062438965,0.9527016219778807,0.14147418407848547,NORMAL,STABLE,NORMAL,NO_ACTION,False,0.0
2026-08-12T00:45:14.947649,0.2649793330929466,0.0051231890803273865,0.0850480109739369,False,42,0.07119226455688477,False,0.0,-8.629442197270293,5.990310726642804,-19.22134692839012,UP,0.08017325401306152,0.951352639531893,0.1038398364848381,NORMAL,STABLE,NORMAL,NO_ACTION,False,0.0
2026-08-12T00:45:14.977939,0.2522371832614642,0.0064667798465947515,0.0850480109739369,False,42,0.07119226455688477,False,0.0,-9.122319675947125,4.976609059621751,-19.08598215978037,UP,0.11046361923217773,0.9507443040552126,0.12044152322143804,NORMAL,STABLE,NORMAL,NO_ACTION,False,0.0
2026-08-12T00:45:15.010564,0.23528591907611485,0.007204750382888432,0.08367626886145405,False,42,0.07119226455688477,False,0.0,-9.48687282902182,5.510618729522747,-19.264769887716454,UP,0.14308857917785645,0.9516331232853223,0.14395209959706495,NORMAL,STABLE,NORMAL,NO_ACTION,False,0.0
2026-08-12T00:45:15.043630,0.2506178920836759,0.004670661114630663,0.08367626886145405,False,42,0.07119226455688477,False,0.0,-8.417454587677327,6.109321423371341,-19.048183361020676,UP,0.17615461349487305,0.9521398507158779,0.12270349034850209,NORMAL,STABLE,NORMAL,NO_ACTION,False,0.0
2026-08-12T00:45:15.074142,0.24873590074770888,0.0051112702278057805,0.08356164383561644,False,42,0.07119226455688477,False,0.0,-9.138283378386689,5.16021530036744,-19.123321663007516,UP,0.2066659927368164,0.9521277006172839,0.12529383342651462,NORMAL,STABLE,NORMAL,NO_ACTION,False,0.0
2026-08-12T00:45:15.106042,0.2594223547499537,0.0028692135413177786,0.0823045267489712,False,42,0.07119226455688477,False,0.0,-9.783824561472358,6.283497055745613,-19.2043570751444,UP,0.23856616020202637,0.9525582990397805,0.11255615348669418,NORMAL,STABLE,NORMAL,NO_ACTION,False,0.0
2026-08-12T00:45:15.138923,0.24191475104382754,0.010296732538000886,0.0821917808219178,False,42,0.07119226455688477,False,0.0,-10.294499013074102,3.5446787030662676,-18.759067491931972,UP,0.27144718170166016,0.9516951731824417,0.1339845528245244,NORMAL,STABLE,NORMAL,NO_ACTION,False,0.0
2026-08-12T00:45:15.170687,0.23494842523846127,0.005124871314240199,0.0823045267489712,False,42,0.07119226455688477,False,0.0,-9.726944961072462,6.3740975526561385,-19.529979192662154,UP,0.3032114505767822,0.9516072691615226,0.1455122822847885,NORMAL,STABLE,NORMAL,NO_ACTION,False,0.0
2026-08-12T00:45:15.202943,0.2245233264876376,0.004645014023145739,0.0821917808219178,False,42,0.07119226455688477,False,0.0,-9.36981186315137,5.734379099005196,-19.41307460320283,UP,0.3354671001434326,0.9516903104638204,0.1584939143333651,NORMAL,STABLE,NORMAL,NO_ACTION,False,0.0
2026-08-12T00:45:15.235709,0.1974218212844462,0.008339689341898994,0.08367626886145405,True,42,0.07119226455688477,False,0.0,-8.873574872556418,6.753504863731564,-19.746612807148068,UP,0.36823368072509766,0.9525362761488341,0.19520861697314884,NORMAL,STABLE,NORMAL,NO_ACTION,False,0.0
2026-08-12T00:45:15.267173,0.22304363033908015,0.006949079634320153,0.08367626886145405,False,43,0.0314640998840332,False,0.0,-9.547226783247169,6.462934450332199,-19.68497747587591,UP,0.39969778060913086,0.9527169201174555,0.16142569778932564,NORMAL,STABLE,NORMAL,NO_ACTION,False,0.0
2026-08-12T00:45:15.298755,0.210252696284115,0.009055193460197099,0.08367626886145405,False,43,0.0314640998840332,False,0.0,-10.327114873274894,7.32424708910969,-19.78754070754033,UP,0.43127965927124023,0.9528357687114196,0.1799521035966924,NORMAL,STABLE,NORMAL,NO_ACTION,False,0.0
2026-08-12T00:45:15.330042,0.25621247558687127,0.007820310870348993,0.08356164383561644,False,43,0.0314640998840332,False,0.0,-8.653530796061915,6.254693102361017,-19.559997875263548,UP,0.462566614151001,0.9523855988511661,0.1160692274008569,NORMAL,STABLE,NORMAL,NO_ACTION,False,0.0
2026-08-12T00:45:15.363439,0.32310353811860126,0.008486487325819754,0.0823045267489712,False,43,0.0314640998840332,False,0.0,-8.334477329344708,6.77504704858589,-19.435374710401476,UP,0.49596309661865234,0.9521188325188614,0.05763442853632687,NORMAL,STABLE,NORMAL,NO_ACTION,False,0.0
2026-08-12T00:45:15.396159,0.3753760146597469,0.0044149967597852426,0.0821917808219178,False,43,0.0314640998840332,False,0.0,-7.665416668108122,8.710585553730283,-19.597478003776644,UP,0.5286839008331299,0.9517569015775033,0.05545377199042616,NORMAL,STABLE,NORMAL,NO_ACTION,False,0.0
2026-08-12T00:45:15.425834,0.37540976935835857,0.01184567184251451,0.08082191780821918,False,43,0.0314640998840332,False,0.0,-7.319587098580342,7.894561835058653,-19.164054508585707,CENTER,0.0,0.9525896186985596,0.031204393984072633,NORMAL,STABLE,NORMAL,NO_ACTION,False,0.0
2026-08-12T00:45:15.475112,0.37833830039219074,0.011014473257913902,0.07818930041152264,False,43,0.0314640998840332,False,0.0,-7.62630964604233,7.93482340346867,-19.57278575286398,CENTER,0.0,0.953425349901406,0.031922427286637155,NORMAL,STABLE,NORMAL,NO_ACTION,False,0.0
2026-08-12T00:45:15.552587,0.377705364867495,0.005119650675021583,0.0782967032967033,False,43,0.0314640998840332,False,0.0,-8.016678203941552,8.227748548175526,-19.324445360793305,CENTER,0.0,0.9536767243227022,0.03227075219898256,NORMAL,STABLE,NORMAL,NO_ACTION,False,0.0
2026-08-12T00:45:15.601943,0.36720634112355055,0.009797077681597039,0.07692307692307693,False,43,0.0314640998840332,False,0.0,-8.150645974779678,6.428143914060627,-19.3643251198572,CENTER,0.0,0.9534539100008573,0.031138446473508927,NORMAL,STABLE,NORMAL,NO_ACTION,False,0.0
2026-08-12T00:45:15.647234,0.3674958062420546,0.006386225063280949,0.07427785419532325,False,43,0.0314640998840332,False,0.0,-8.480016272282967,7.567790810423929,-19.311598496308562,CENTER,0.0,0.9532588118355624,0.03222792239950542,NORMAL,STABLE,NORMAL,NO_ACTION,False,0.0
2026-08-12T00:45:15.698924,0.374418492519242,0.005772430210503557,0.07290233837689133,False,43,0.0314640998840332,False,0.0,-7.5818882316527265,7.665990437342401,-19.398853615474792,CENTER,0.0,0.9533279749657064,0.031518003761240455,NORMAL,STABLE,NORMAL,NO_ACTION,False,0.0
2026-08-12T00:45:15.748283,0.3387645667117797,0.005098310490076259,0.07024793388429752,False,43,0.0314640998840332,False,0.0,-9.35983327046398,6.229935097505916,-20.16828806973706,CENTER,0.0,0.9535630197616598,0.03293388478691083,NORMAL,STABLE,NORMAL,NO_ACTION,False,0.0
2026-08-12T00:45:15.801102,0.3625661083877262,0.005602763898463086,0.06758620689655172,False,43,0.0314640998840332,False,0.0,-8.554822117284658,8.208137831134678,-20.29640176658367,CENTER,0.0,0.9533044383359053,0.033710759581026026,NORMAL,STABLE,NORMAL,NO_ACTION,False,0.0
2026-08-12T00:45:15.853839,0.366320765803024,0.006723999373933598,0.06620689655172414,False,43,0.0314640998840332,False,0.0,-7.308667068658792,8.170809156715364,-20.579104190887534,CENTER,0.0,0.9534625235768175,0.032756030789042746,NORMAL,STABLE,NORMAL,NO_ACTION,False,0.0
2026-08-12T00:45:15.919576,0.3577949244138414,0.007185425560160639,0.06353591160220995,False,43,0.0314640998840332,False,0.0,-7.906181570753972,8.950515565245809,-20.615102191438154,CENTER,0.0,0.9535746608153293,0.03392920116071439,NORMAL,STABLE,NORMAL,NO_ACTION,False,0.0
2026-08-12T00:45:15.984581,0.32841968193219306,0.004021797959152936,0.06085753803596127,False,43,0.0314640998840332,False,0.0,-8.310681658399119,7.7310658919817286,-20.915611019841435,CENTER,0.0,0.9543910751028806,0.03372738498251475,NORMAL,STABLE,NORMAL,NO_ACTION,False,0.0
2026-08-12T00:45:16.046667,0.32820082168812736,0.006468193232122573,0.05817174515235457,False,43,0.0314640998840332,False,0.0,-8.243981357964316,8.199355445178668,-21.25744625989384,CENTER,0.0,0.9544079941486625,0.034330538860936885,NORMAL,STABLE,NORMAL,NO_ACTION,False,0.0
2026-08-12T00:45:16.104013,0.3207573107734386,0.011209509130557155,0.05547850208044383,False,43,0.0314640998840332,False,0.0,-7.998738669873916,7.478485469301745,-21.11671416302437,CENTER,0.0,0.9549188743141289,0.03343823112247182,NORMAL,STABLE,NORMAL,NO_ACTION,False,0.0
2026-08-12T00:45:16.161201,0.290017901633115,0.007356310115381408,0.05547850208044383,False,43,0.0314640998840332,False,0.0,-9.044489472270016,8.399478363636007,-21.89140269130195,CENTER,0.0,0.9545030114026064,0.04916587279820859,NORMAL,STABLE,NORMAL,NO_ACTION,False,0.0
2026-08-12T00:45:16.210145,0.1832133350309126,0.00758753086723836,0.05555555555555555,True,43,0.0314640998840332,False,0.0,-11.923401148458254,6.228072802130157,-22.508159650521748,CENTER,0.0,0.9539594317986968,0.1933699236778579,NORMAL,STABLE,NORMAL,NO_ACTION,False,0.0
2026-08-12T00:45:16.266484,0.2185074009676612,0.00426307711896883,0.054242002781641166,False,44,0.05633902549743652,False,0.0,-11.093702120723862,6.323522829065297,-22.64762363502166,CENTER,0.0,0.9548104343492797,0.1457154344437168,NORMAL,STABLE,NORMAL,NO_ACTION,False,0.0
2026-08-12T00:45:16.316610,0.22155164869911886,0.006566818351792055,0.05285118219749652,False,44,0.05633902549743652,False,0.0,-10.518300597509665,5.567745555100828,-22.10633884155152,CENTER,0.0,0.9548922700188615,0.14003527076191769,NORMAL,STABLE,NORMAL,NO_ACTION,False,0.0
2026-08-12T00:45:16.362992,0.22204213553555496,0.004899442237452249,0.05013927576601671,False,44,0.05633902549743652,False,0.0,-10.321411923874962,6.733179468318468,-22.936906042292236,UP,0.0,0.9549037235296639,0.16683319953602144,NORMAL,STABLE,NORMAL,NO_ACTION,False,0.0
2026-08-12T00:45:16.414765,0.24295278164286147,0.009503831450787129,0.04874651810584958,False,44,0.05633902549743652,False,0.0,-10.80418517195099,6.843066648192831,-22.779479980504505,UP,0.0517733097076416,0.9550029337062759,0.1393449983133552,NORMAL,STABLE,NORMAL,NO_ACTION,False,0.0
2026-08-12T00:45:16.470023,0.24747991658536955,0.008646927555862561,0.04881450488145049,False,44,0.05633902549743652,False,0.0,-10.799334206151087,6.278099175409324,-22.974612039454968,UP,0.10703086853027344,0.9549782852151919,0.1330840199715902,NORMAL,STABLE,NORMAL,NO_ACTION,False,0.0
2026-08-12T00:45:16.518094,0.2425782674228169,0.007175668142200124,0.04881450488145049,False,44,0.05633902549743652,False,0.0,-10.903796325582476,6.044969216246642,-23.091777731791467,UP,0.15510177612304688,0.9547393957904664,0.13966459992544902,NORMAL,STABLE,NORMAL,NO_ACTION,False,0.0
2026-08-12T00:45:16.569699,0.2329337563109415,0.008000423516370115,0.04748603351955307,False,44,0.05633902549743652,False,0.0,-10.426212367765572,6.484488678806542,-23.18131700480157,UP,0.20670652389526367,0.9547543054483884,0.1524677061381326,NORMAL,STABLE,NORMAL,NO_ACTION,False,0.0
2026-08-12T00:45:16.626636,0.20346804417575287,0.0079162497133655,0.04748603351955307,True,44,0.05633902549743652,False,0.0,-9.998108565772895,7.5495670025887875,-23.280164320621367,UP,0.2636435031890869,0.9543569289051783,0.192207483750727,NORMAL,STABLE,NORMAL,NO_ACTION,False,0.0
2026-08-12T00:45:16.682463,0.23545550738352372,0.011256612462537058,0.044755244755244755,False,45,0.05582785606384277,False,0.0,-10.19505317904418,7.50747561443535,-23.198930651687363,UP,0.3194713592529297,0.9537041323731138,0.1496385588249502,NORMAL,STABLE,NORMAL,NO_ACTION,False,0.0
2026-08-12T00:45:16.745431,0.28422942386190253,0.006281130395207606,0.04201680672268908,False,45,0.05582785606384277,False,0.0,-9.700719982774615,9.525423064674243,-22.9345999649087,UP,0.38243913650512695,0.9540496265217764,0.08533351145823787,NORMAL,STABLE,NORMAL,NO_ACTION,False,0.0
2026-08-12T00:45:16.845104,0.27930746737932616,0.0090132083013624,0.04067321178120617,False,45,0.05582785606384277,False,0.0,-8.907316470470846,7.317888538212799,-22.74483943342824,UP,0.48211240768432617,0.9531627898876887,0.08935503904965866,NORMAL,STABLE,NORMAL,NO_ACTION,False,0.0
2026-08-12T00:45:16.908674,0.2881381472938304,0.004235032173239512,0.04073033707865169,False,45,0.05582785606384277,False,0.0,-8.714135034068363,9.451251232794561,-22.773535557118066,UP,0.5456821918487549,0.952833210090878,0.07660939615909218,NORMAL,STABLE,NORMAL,NO_ACTION,False,0.0
2026-08-12T00:45:16.963398,0.3055967711352846,0.012254675575187677,0.03938115330520394,False,45,0.05582785606384277,False,0.0,-9.182759140241416,7.09821375408697,-22.40090289027148,UP,0.6004059314727783,0.9537349429869685,0.06155797484522897,NORMAL,STABLE,NORMAL,NO_ACTION,False,0.0
2026-08-12T00:45:17.017799,0.31640079519145686,0.0009853133643401486,0.03943661971830986,False,45,0.05582785606384277,False,0.0,-8.927479050715448,8.308810569333588,-22.772693801217258,UP,0.6548073291778564,0.9537784127443416,0.06490188427371657,NORMAL,STABLE,NORMAL,NO_ACTION,False,0.0
2026-08-12T00:45:17.065301,0.3358235964998768,0.008300819530407143,0.0380818053596615,False,45,0.05582785606384277,False,0.0,-8.984742925610504,8.136888091748915,-22.349604659687998,UP,0.7023088932037354,0.9543115301354594,0.06648384296500871,NORMAL,STABLE,NORMAL,NO_ACTION,False,0.0
2026-08-12T00:45:17.116778,0.31590107138357515,0.00871662702205224,0.0380818053596615,False,45,0.05582785606384277,False,0.0,-9.679017348858991,7.298299113289488,-22.728463233187,CENTER,0.0,0.9554031233924898,0.036478197327494105,NORMAL,STABLE,NORMAL,NO_ACTION,False,0.0
2026-08-12T00:45:17.171894,0.32171792439744573,0.00866811041036837,0.0380818053596615,False,45,0.05582785606384277,False,0.0,-8.511431174772156,8.175423820142129,-22.516049778975173,CENTER,0.0,0.9563480715234911,0.03578278775148897,NORMAL,STABLE,NORMAL,NO_ACTION,False,0.0
2026-08-12T00:45:17.214308,0.32192664781451763,0.010550422434521063,0.0380818053596615,False,45,0.05582785606384277,False,0.0,-9.6287274220862,8.29083861674846,-23.14941051674782,CENTER,0.0,0.9569034127443415,0.03755196071986221,NORMAL,STABLE,NORMAL,NO_ACTION,False,0.0
2026-08-12T00:45:17.251413,0.33428036127605687,0.005700882426906111,0.0380818053596615,False,45,0.05582785606384277,False,0.0,-8.92992310059796,8.303087851233414,-23.229412134782933,CENTER,0.0,0.9572476476766119,0.036964923304405733,NORMAL,STABLE,NORMAL,NO_ACTION,False,0.0
2026-08-12T00:45:17.288498,0.16381939344276897,0.009626966783043478,0.039492242595204514,True,45,0.05582785606384277,False,0.0,-9.56321717930345,9.675506098653244,-23.378334805015612,CENTER,0.0,0.9575980983153292,0.22028350209542044,LOW,STABLE,NORMAL,NO_ACTION,False,0.0
2026-08-12T00:45:17.330186,0.12071068500222365,0.005305440141638076,0.04090267983074753,True,45,0.05582785606384277,False,0.041687965393066406,-9.467205546524212,8.589444683592177,-22.21719968949165,UP,0.0,0.9580430169753086,0.26271439657283185,LOW,STABLE,NORMAL,NO_ACTION,False,0.041687965393066406
2026-08-12T00:45:17.361614,0.11154011897559558,0.009336718731265674,0.04231311706629055,True,45,0.05582785606384277,False,0.07311582565307617,-7.877548730097317,8.857983560196061,-21.200034090004777,UP,0.031427860260009766,0.9575804023062414,0.26039806787949915,LOW,STABLE,NORMAL,NO_ACTION,False,0.07311582565307617
2026-08-12T00:45:17.399246,0.16491071267102111,0.012386561065835319,0.04372355430183357,True,45,0.05582785606384277,False,0.1107480525970459,-9.012399925401667,7.755789091501754,-20.776497695152983,UP,0.06906008720397949,0.9561387736839849,0.24040605812081278,LOW,STABLE,NORMAL,NO_ACTION,False,0.1107480525970459
2026-08-12T00:45:17.434929,0.24818557149007187,0.011082532211459628,0.04372355430183357,False,46,0.14643144607543945,False,0.0,-6.755360448061424,8.22438659831468,-20.140377164174424,UP,0.10474348068237305,0.9564118227023319,0.1269253386275067,NORMAL,STABLE,NORMAL,NO_ACTION,False,0.0
2026-08-12T00:45:17.465793,0.26289204280280365,0.008005797061066581,0.04372355430183357,False,46,0.14643144607543945,False,0.0,-8.302056553626272,7.003154553946814,-18.676270866814207,UP,0.13560724258422852,0.9560530799897121,0.10651424021601791,NORMAL,STABLE,NORMAL,NO_ACTION,False,0.0
2026-08-12T00:45:17.500673,0.19433643522504546,0.007536846791647815,0.045133991537376586,True,46,0.14643144607543945,False,0.0,-6.643613218464992,8.985848034903427,-18.795723853129402,UP,0.1704869270324707,0.9562845882630315,0.19787167157186794,NORMAL,STABLE,NORMAL,NO_ACTION,False,0.0
2026-08-12T00:45:17.533659,0.29371562274814683,0.008280126395575411,0.04507042253521127,False,47,0.03298592567443848,False,0.0,-7.72389190420634,5.825736740934218,-17.06554274908686,UP,0.20347285270690918,0.9544322809499314,0.062457953648168675,NORMAL,STABLE,NORMAL,NO_ACTION,False,0.0
2026-08-12T00:45:17.568627,0.31258391245116857,0.0023460245261892995,0.0450070323488045,False,47,0.03298592567443848,False,0.0,-5.828033522142533,4.698616410438859,-15.477386893145308,UP,0.23844099044799805,0.952687542866941,0.049909775955594135,NORMAL,STABLE,NORMAL,NO_ACTION,False,0.0
2026-08-12T00:45:17.597325,0.28612897762194955,0.011656819594568628,0.04360056258790436,False,47,0.03298592567443848,False,0.0,-3.940579538397003,4.067836858378655,-11.746730606926775,UP,0.2671387195587158,0.9522105007930384,0.06253887733802288,NORMAL,STABLE,NORMAL,NO_ACTION,False,0.0
2026-08-12T00:45:17.624874,0.30866186049262667,0.009695193626923124,0.04219409282700422,False,47,0.03298592567443848,False,0.0,-3.135839148625024,2.297203773943835,-9.795076020033548,UP,0.29468774795532227,0.9587326924725652,0.04011108399914917,NORMAL,STABLE,NORMAL,NO_ACTION,False,0.0
2026-08-12T00:45:17.660182,0.3276273525475182,0.010659211560203899,0.040787623066104076,False,47,0.03298592567443848,False,0.0,-3.0188705875842743,2.8602212300728524,-8.904138416588268,CENTER,0.0,0.9639258080418381,0.013547131410922468,NORMAL,STABLE,NORMAL,NO_ACTION,False,0.0
2026-08-12T00:45:17.695497,0.34236394283975946,0.01555074767793874,0.03938115330520394,False,47,0.03298592567443848,False,0.0,-2.337678063238286,-3.3135565474790383,-6.437079930872557,CENTER,0.0,0.9627433904535323,0.01084289113047123,NORMAL,STABLE,NORMAL,NO_ACTION,False,0.0
2026-08-12T00:45:17.736318,0.3216788305559791,0.007703282400462935,0.0379746835443038,False,47,0.03298592567443848,False,0.0,-1.781706977804049,-2.1016713773885556,-5.825841270383592,CENTER,0.0,0.9617930437671467,0.00884366097451687,NORMAL,STABLE,NORMAL,NO_ACTION,False,0.0
2026-08-12T00:45:17.767658,0.34106706311867563,0.009135640309089008,0.037921348314606744,False,47,0.03298592567443848,False,0.0,-0.9333728594330921,-6.598775333389682,-4.709247271538942,CENTER,0.0,0.961744858646262,0.010199416385421173,NORMAL,STABLE,NORMAL,NO_ACTION,False,0.0
2026-08-12T00:45:17.795774,0.35309234957999136,0.017671781322703327,0.037921348314606744,False,47,0.03298592567443848,False,0.0,0.5600141503954603,-8.710089964196698,-3.5830027410014225,CENTER,0.0,0.9622294828103567,0.010280192351042763,NORMAL,STABLE,NORMAL,NO_ACTION,False,0.0
2026-08-12T00:45:17.835948,0.36566780519284087,0.0038974392277928587,0.037921348314606744,False,47,0.03298592567443848,False,0.0,-1.320777023024391,-12.891063813229295,-2.086745262518292,CENTER,0.0,0.9630776990097736,0.012591530510447445,NORMAL,STABLE,NORMAL,NO_ACTION,False,0.0
2026-08-12T00:45:17.870273,0.3893401923994211,0.02333001247400685,0.037921348314606744,False,47,0.03298592567443848,False,0.0,-0.92991812145479,-11.412991470642169,-1.876715946936315,CENTER,0.0,0.9632492873371057,0.010945400720581148,NORMAL,STABLE,NORMAL,NO_ACTION,False,0.0
2026-08-12T00:45:17.904855,0.3431664296811885,0.005949954390367195,0.03651685393258427,False,47,0.03298592567443848,False,0.0,-1.8860687712961806,-13.40439649385607,-0.6471857770427505,CENTER,0.0,0.9630582347393689,0.012120383329148353,NORMAL,STABLE,NORMAL,NO_ACTION,False,0.0
2026-08-12T00:45:17.937110,0.3457139205854191,0.006385954494732796,0.0351123595505618,False,47,0.03298592567443848,False,0.0,-1.2984261483332489,-13.291490462694696,0.00600794428203244,CENTER,0.0,0.9623779095936212,0.01085553149742755,NORMAL,STABLE,NORMAL,NO_ACTION,False,0.0
2026-08-12T00:45:17.967614,0.3507833514675708,0.018258396133076064,0.03506311360448808,False,47,0.03298592567443848,False,0.0,-2.5166495224409005,-12.81206081474798,1.0532893150306677,CENTER,0.0,0.9616312210648148,0.012690873913401719,NORMAL,STABLE,NORMAL,NO_ACTION,False,0.0
2026-08-12T00:45:17.998853,0.3610477834719654,0.03500516307439927,0.033660589060308554,False,47,0.03298592567443848,False,0.0,-1.9210715085573042,-16.899210071440677,1.8749213215063207,CENTER,0.0,0.9622394627700617,0.015860385554620274,NORMAL,STABLE,NORMAL,NO_ACTION,False,0.0
2026-08-12T00:45:18.030007,0.3668741812192158,0.032650914569716485,0.03225806451612903,False,47,0.03298592567443848,False,0.0,16.822955241604035,-16.938176132226175,176.7008750561372,CENTER,0.0,0.9310658195087449,0.056742038411803274,NORMAL,STABLE,NORMAL,NO_ACTION,False,0.0
2026-08-12T00:45:18.065288,0.37527700280644344,0.014984351636370422,0.03225806451612903,False,47,0.03298592567443848,False,0.0,-2.8477102221400514,-15.292222697155296,2.924580683058565,CENTER,0.0,0.9638734166023663,0.016602885412210826,NORMAL,STABLE,NORMAL,NO_ACTION,False,0.0
2026-08-12T00:45:18.099107,0.37029484444659433,0.026342205915386604,0.03225806451612903,False,47,0.03298592567443848,False,0.0,-2.6600433898636595,-14.128307669875795,2.759725894123193,CENTER,0.0,0.9632109482167353,0.0154228148498606,NORMAL,STABLE,NORMAL,NO_ACTION,False,0.0
2026-08-12T00:45:18.129451,0.35750127825288824,0.017153950972171535,0.03221288515406162,False,47,0.03298592567443848,False,0.0,-2.5615917384706677,-13.220112831453292,3.093443102719675,CENTER,0.0,0.9633081088177298,0.014993448373492153,NORMAL,STABLE,NORMAL,NO_ACTION,False,0.0
2026-08-12T00:45:18.173296,0.3727159680601481,0.017151303484385785,0.03221288515406162,False,47,0.03298592567443848,False,0.0,-2.548500498801758,-15.124739558734603,2.764091746474776,CENTER,0.0,0.9628995198902606,0.016039252584167208,NORMAL,STABLE,NORMAL,NO_ACTION,False,0.0
2026-08-12T00:45:18.217685,0.3631066056819455,0.017833548984214697,0.03221288515406162,False,47,0.03298592567443848,False,0.0,-2.8701327784305306,-13.922954137486187,2.579578549668554,CENTER,0.0,0.9623223701131687,0.015303337044872477,NORMAL,STABLE,NORMAL,NO_ACTION,False,0.0
2026-08-12T00:45:18.252378,0.37185032855313604,0.018709735921490188,0.03221288515406162,False,47,0.03298592567443848,False,0.0,-3.6272681433100047,-13.60737466388315,2.757596898796095,CENTER,0.0,0.962928280928498,0.015975936927425185,NORMAL,STABLE,NORMAL,NO_ACTION,False,0.0
2026-08-12T00:45:18.285708,0.3732272230501571,0.03555823209060853,0.032167832167832165,False,47,0.03298592567443848,False,0.0,-2.695177189929268,-13.762090553113865,2.39541585257831,CENTER,0.0,0.9638735773533951,0.01484134018114509,NORMAL,STABLE,NORMAL,NO_ACTION,False,0.0
2026-08-12T00:45:18.320635,0.3461903151485284,0.04657641009374607,0.032167832167832165,False,47,0.03298592567443848,False,0.0,-2.778523507086618,-13.123665018468358,2.3546313772165774,CENTER,0.0,0.9635996977880659,0.01442124055007467,NORMAL,STABLE,NORMAL,NO_ACTION,False,0.0
2026-08-12T00:45:18.358796,0.35946582747451516,0.035758479102998106,0.032167832167832165,False,47,0.03298592567443848,False,0.0,-3.735110120215438,-14.579065752899766,2.5399316855996403,CENTER,0.0,0.9633658988125857,0.016571958116027314,NORMAL,STABLE,NORMAL,NO_ACTION,False,0.0
2026-08-12T00:45:18.399537,0.37018267389408394,0.011341919092441553,0.032167832167832165,False,47,0.03298592567443848,False,0.0,-2.834427821375698,-12.694488796344643,2.2959839827482824,CENTER,0.0,0.9625644075788752,0.014108638460590524,NORMAL,STABLE,NORMAL,NO_ACTION,False,0.0
2026-08-12T00:45:18.439206,0.376365673828997,0.017290876494704337,0.03221288515406162,False,47,0.03298592567443848,False,0.0,-3.9299898089869885,-12.690761459193709,2.4163925910882256,CENTER,0.0,0.9627748038837449,0.015276881142823441,NORMAL,STABLE,NORMAL,NO_ACTION,False,0.0
2026-08-12T00:45:18.486373,0.3631773266517534,0.013094619346382778,0.03221288515406162,False,47,0.03298592567443848,False,0.0,-2.797816800604835,-12.884708140022724,2.2860415509788368,CENTER,0.0,0.9629554612482855,0.014201189847096988,NORMAL,STABLE,NORMAL,NO_ACTION,False,0.0
2026-08-12T00:45:18.523413,0.36533837285774906,0.04225905340195275,0.032167832167832165,False,47,0.03298592567443848,False,0.0,-3.0879933615599384,-14.003119651243537,2.1079035186426722,CENTER,0.0,0.9638956672239368,0.015116820447574699,NORMAL,STABLE,NORMAL,NO_ACTION,False,0.0
2026-08-12T00:45:18.567834,0.37829456249254556,0.022615779285960085,0.032167832167832165,False,47,0.03298592567443848,False,0.0,-3.762172430725485,-14.846401716106868,2.1857550993578627,CENTER,0.0,0.9639410525977367,0.016450035157268554,NORMAL,STABLE,NORMAL,NO_ACTION,False,0.0
2026-08-12T00:45:18.605443,0.369573484053212,0.042182387207521516,0.032167832167832165,False,47,0.03298592567443848,False,0.0,-2.736137104225037,-13.93277563593648,2.507427506997459,CENTER,0.0,0.9623436428326475,0.015111918696020231,NORMAL,STABLE,NORMAL,NO_ACTION,False,0.0
2026-08-12T00:45:18.642844,0.37073961702238156,0.014963086504439643,0.032167832167832165,False,47,0.03298592567443848,False,0.0,-3.261726725458743,-13.270304568088335,2.0646736495657194,CENTER,0.0,0.9635119277263376,0.014713235141791058,NORMAL,STABLE,NORMAL,NO_ACTION,False,0.0
2026-08-12T00:45:18.684857,0.3446052989026006,0.016210953345646376,0.032167832167832165,False,47,0.03298592567443848,False,0.0,-3.878311720383209,-14.186387353386209,2.669860383598973,CENTER,0.0,0.9637238511659808,0.01655137141090992,NORMAL,STABLE,NORMAL,NO_ACTION,False,0.0
2026-08-12T00:45:18.718348,0.3568620203275953,0.010217361944692105,0.032167832167832165,False,47,0.03298592567443848,False,0.0,-3.4145464277293627,-13.635805796457902,2.4668633484176326,CENTER,0.0,0.9637664501886144,0.01551166174854633,NORMAL,STABLE,NORMAL,NO_ACTION,False,0.0
2026-08-12T00:45:18.759185,0.35921333981334974,0.008871262373932523,0.032167832167832165,False,47,0.03298592567443848,False,0.0,-3.1276792627477903,-13.34211769249103,2.3863070568841067,CENTER,0.0,0.9630547384044925,0.014945738493111276,NORMAL,STABLE,NORMAL,NO_ACTION,False,0.0
2026-08-12T00:45:18.799519,0.37657781871386203,0.023074335732132956,0.032167832167832165,False,47,0.03298592567443848,False,0.0,-2.817240084754559,-11.100487644524605,2.4252408852711085,CENTER,0.0,0.9626683733067558,0.013065333862551747,NORMAL,STABLE,NORMAL,NO_ACTION,False,0.0
2026-08-12T00:45:18.842395,0.36236062346577946,0.05367104310153824,0.032167832167832165,False,47,0.03298592567443848,False,0.0,-3.326276951101079,-13.030415288026774,2.989145206294893,CENTER,0.0,0.9628233239026063,0.015492373118845089,NORMAL,STABLE,NORMAL,NO_ACTION,False,0.0
2026-08-12T00:45:18.883768,0.357129563577814,0.006350726804503445,0.032167832167832165,False,47,0.03298592567443848,False,0.0,-2.596335707474225,-12.233261466079568,3.1705625365249546,CENTER,0.0,0.9626025993441358,0.014388442701204823,NORMAL,STABLE,NORMAL,NO_ACTION,False,0.0
2026-08-12T00:45:18.927524,0.34749880595940785,0.003606958412223308,0.032167832167832165,False,47,0.03298592567443848,False,0.0,-4.440063771655701,-10.12214192120922,2.957253005265642,CENTER,0.0,0.9630914298268175,0.014433777913464249,NORMAL,STABLE,NORMAL,NO_ACTION,False,0.0
2026-08-12T00:45:18.974047,0.3508330964781861,0.004431040769469615,0.032167832167832165,False,47,0.03298592567443848,False,0.0,-3.132488898552566,-13.100433120251353,3.451843844601939,CENTER,0.0,0.9632214372213649,0.015801892487663647,NORMAL,STABLE,NORMAL,NO_ACTION,False,0.0
2026-08-12T00:45:19.014975,0.368633216086525,0.011573648352035726,0.032167832167832165,False,47,0.03298592567443848,False,0.0,-4.164238026968974,-11.785515952392757,3.251383396395653,CENTER,0.0,0.9625234562542867,0.015652730299227372,NORMAL,STABLE,NORMAL,NO_ACTION,False,0.0
2026-08-12T00:45:19.059924,0.34685387250896543,0.04624067307372529,0.03076923076923077,False,47,0.03298592567443848,False,0.0,-4.505388644730203,-13.577202424318898,3.6203813495966415,CENTER,0.0,0.9622078885888203,0.017630572856545058,NORMAL,STABLE,NORMAL,NO_ACTION,False,0.0
2026-08-12T00:45:19.098859,0.15942242149145805,0.17260238815710593,0.032167832167832165,True,47,0.03298592567443848,False,0.0,-8.000829235117209,-12.84239579924639,3.856415439550716,UP,0.0,0.950671443651406,0.2341299224420067,LOW,STABLE,NORMAL,NO_ACTION,False,0.0
2026-08-12T00:45:19.141299,0.2739285538285614,0.19703782164951353,0.032167832167832165,False,48,0.042440176010131836,False,0.0,-5.991903691484055,-18.200516509527517,6.043527494519225,UP,0.042440176010131836,0.9514567526148834,0.08549642018309855,NORMAL,STABLE,NORMAL,NO_ACTION,False,0.0
2026-08-12T00:45:19.184030,0.32923314749115357,0.04644511431913398,0.032167832167832165,False,48,0.042440176010131836,False,0.0,-1.5186264824754687,-25.438074687675623,7.2364244819455905,UP,0.08517146110534668,0.9506313496656377,0.05280273264757861,NORMAL,STABLE,NORMAL,NO_ACTION,False,0.0
2026-08-12T00:45:19.224295,0.3705948922493143,0.08610022840669708,0.032167832167832165,False,48,0.042440176010131836,False,0.0,-0.906981070306216,-23.680941503931052,6.268356890096072,UP,0.12543678283691406,0.9510604209533607,0.050012486899893155,NORMAL,STABLE,NORMAL,NO_ACTION,False,0.0
2026-08-12T00:45:19.265321,0.3927530610509686,0.04311138482034478,0.032167832167832165,False,48,0.042440176010131836,False,0.0,-0.3594557467012294,-25.787137304850717,7.323338050554156,UP,0.16646218299865723,0.9509806080675582,0.052022289487897375,NORMAL,STABLE,NORMAL,NO_ACTION,False,0.0
2026-08-12T00:45:19.306843,0.3877864100199064,0.04586347458448441,0.032167832167832165,False,48,0.042440176010131836,False,0.0,1.9261859750316432,-26.76875355678993,8.030800744474249,CENTER,0.0,0.9505132646390605,0.028921198113502106,NORMAL,STABLE,NORMAL,NO_ACTION,False,0.0
2026-08-12T00:45:19.351703,0.4129899698735714,0.08367796953632067,0.032167832167832165,False,48,0.042440176010131836,False,0.0,2.0125777056664163,-29.280515972408324,10.22272161857461,CENTER,0.0,0.950320055298354,0.03292917940341589,NORMAL,STABLE,NORMAL,NO_ACTION,False,0.0
2026-08-12T00:45:19.397679,0.3697731880239273,0.10187022854232917,0.032167832167832165,False,48,0.042440176010131836,False,0.0,2.201023180115726,-29.995443449114646,9.948285672444683,CENTER,0.0,0.9499853180727023,0.033362710274974304,NORMAL,STABLE,NORMAL,NO_ACTION,False,0.0
2026-08-12T00:45:19.442178,0.3032661512063253,0.07907428618383687,0.03221288515406162,False,48,0.042440176010131836,False,0.0,2.3890266811523873,-27.781346846956552,10.913869916581291,CENTER,0.0,0.9491957090192044,0.03287450277987883,NORMAL,STABLE,NORMAL,NO_ACTION,False,0.0
2026-08-12T00:45:19.488625,0.15033833665995158,0.10001764540957377,0.03361344537815126,True,48,0.042440176010131836,False,0.0,2.584978798351642,-25.70740459633896,10.85535792999383,UP,0.0,0.9552702760631002,0.2570578898076791,LOW,STABLE,NORMAL,NO_ACTION,False,0.0
2026-08-12T00:45:19.537437,0.406900404309575,0.0920672737879799,0.03361344537815126,False,49,0.048812150955200195,False,0.0,3.095419489530599,-29.32673567744189,14.933428801200023,UP,0.048812150955200195,0.9609103464720506,0.06454153338033752,NORMAL,STABLE,NORMAL,NO_ACTION,False,0.0
2026-08-12T00:45:19.588700,0.40940064508947244,0.04947799305985191,0.033660589060308554,False,49,0.048812150955200195,False,0.0,7.001411833795743,-24.515331703747563,13.625814991591568,UP,0.10007524490356445,0.9607228705847051,0.06356877280307954,NORMAL,STABLE,NORMAL,NO_ACTION,False,0.0
2026-08-12T00:45:19.638731,0.4510550379810876,0.08528505144907939,0.033660589060308554,False,49,0.048812150955200195,False,0.0,7.478624593846121,-23.055022001270913,13.885016367629447,UP,0.15010619163513184,0.95956514167524,0.06322324422307954,NORMAL,STABLE,NORMAL,NO_ACTION,False,0.0
2026-08-12T00:45:19.692997,0.4668046978795329,0.16911849279927887,0.033660589060308554,False,49,0.048812150955200195,False,0.0,6.921479840692456,-21.92150409451034,14.654968877820949,CENTER,0.0,0.9587792834790809,0.036609518389788896,NORMAL,STABLE,NORMAL,NO_ACTION,False,0.0
2026-08-12T00:45:19.743594,0.49798084831930245,0.1014897884813865,0.03361344537815126,False,49,0.048812150955200195,False,0.0,8.262591867931349,-22.179881838396284,14.275020289155691,CENTER,0.0,0.9597981636874142,0.03772168933085151,NORMAL,STABLE,NORMAL,NO_ACTION,False,0.0
2026-08-12T00:45:19.793370,0.494362717095465,0.05477347116798455,0.033660589060308554,False,49,0.048812150955200195,False,0.0,7.519457135489489,-23.93797537752704,15.131586057167652,CENTER,0.0,0.9604696877143347,0.039100653439661584,NORMAL,STABLE,NORMAL,NO_ACTION,False,0.0
2026-08-12T00:45:19.835645,0.4728620901139968,0.06083060410268823,0.033660589060308554,False,49,0.048812150955200195,False,0.0,6.341353108010935,-23.261978410359347,13.599934908078183,CENTER,0.0,0.9606854959705077,0.036003039534086095,NORMAL,STABLE,NORMAL,NO_ACTION,False,0.0
2026-08-12T00:45:19.885652,0.4606398096433727,0.17300368234386476,0.033660589060308554,False,49,0.048812150955200195,False,0.0,4.040909104392995,-26.961236965980277,15.374616375142779,CENTER,0.0,0.9611904015560698,0.03816843641868688,NORMAL,STABLE,NORMAL,NO_ACTION,False,0.0
2026-08-12T00:45:19.934770,0.46021495485495684,0.05769840625310146,0.033660589060308554,False,49,0.048812150955200195,False,0.0,3.6596006744286456,-26.914660455849884,15.38526446339111,CENTER,0.0,0.9627428278249315,0.037777865647125417,NORMAL,STABLE,NORMAL,NO_ACTION,False,0.0
2026-08-12T00:45:19.995102,0.4735648933743044,0.077036927958149,0.033707865168539325,False,49,0.048812150955200195,False,0.0,2.8442252757778874,-19.930004118730665,13.926180421051129,CENTER,0.0,0.9633123151363169,0.030543171423437123,NORMAL,STABLE,NORMAL,NO_ACTION,False,0.0
2026-08-12T00:45:20.046259,0.45607533715872145,0.02336875029866112,0.033707865168539325,False,49,0.048812150955200195,False,0.0,-2.404315733293288,-20.299773084110512,13.497654977754792,CENTER,0.0,0.957858930255487,0.029973956060274264,NORMAL,STABLE,NORMAL,NO_ACTION,False,0.0
2026-08-12T00:45:20.101258,0.392421721622225,0.009847354823214378,0.033707865168539325,False,49,0.048812150955200195,False,0.0,-8.724859615924146,-14.182076216764102,12.389512545484251,CENTER,0.0,0.9515449245541838,0.03057496897864883,NORMAL,STABLE,NORMAL,NO_ACTION,False,0.0
2026-08-12T00:45:20.150792,0.38038810564636566,0.0070760756157627214,0.033707865168539325,False,49,0.048812150955200195,False,0.0,-8.857684616032174,-14.960969095694225,13.608706907857766,CENTER,0.0,0.9521836553712278,0.03243944729582133,NORMAL,STABLE,NORMAL,NO_ACTION,False,0.0
2026-08-12T00:45:20.200417,0.37185897512828825,0.007517734970033039,0.033707865168539325,False,49,0.048812150955200195,False,0.0,-11.451796123913113,-10.465278625714575,13.64065729488837,CENTER,0.0,0.9515213611325446,0.03172136007741751,NORMAL,STABLE,NORMAL,NO_ACTION,False,0.0
2026-08-12T00:45:20.252716,0.36656799215875313,0.011481754341683187,0.033707865168539325,False,49,0.048812150955200195,False,0.0,-11.438371323133424,-11.576508852144912,13.518158922402591,CENTER,0.0,0.9518233587319959,0.032393026259287486,NORMAL,STABLE,NORMAL,NO_ACTION,False,0.0
2026-08-12T00:45:20.304734,0.3676906724573515,0.0055581057055583945,0.03375527426160337,False,49,0.048812150955200195,False,0.0,-11.21306104751011,-11.543740173397794,13.514044795278267,CENTER,0.0,0.9528929692858368,0.03214843278865758,NORMAL,STABLE,NORMAL,NO_ACTION,False,0.0
2026-08-12T00:45:20.354698,0.38921385599800384,0.009389312954265388,0.03375527426160337,False,49,0.048812150955200195,False,0.0,-9.69442555319165,-11.82165632690436,13.241225494772607,CENTER,0.0,0.9525397322959535,0.03062404539339651,NORMAL,STABLE,NORMAL,NO_ACTION,False,0.0
2026-08-12T00:45:20.407710,0.38548580008197464,0.012851526592896704,0.03375527426160337,False,49,0.048812150955200195,False,0.0,-7.974116023613021,-11.258152812926681,13.292981146640983,CENTER,0.0,0.9516173830804184,0.028610315047358312,NORMAL,STABLE,NORMAL,NO_ACTION,False,0.0
2026-08-12T00:45:20.462841,0.41835475312341525,0.0540948582044369,0.03380281690140845,False,49,0.048812150955200195,False,0.0,-3.8249920782392337,-9.440536410108649,10.975579568899775,CENTER,0.0,0.9509985853909465,0.021070567511953072,NORMAL,STABLE,NORMAL,NO_ACTION,False,0.0
2026-08-12T00:45:20.514021,0.39824413369037076,0.021051283653405178,0.03380281690140845,False,49,0.048812150955200195,False,0.0,-5.103488213996144,-13.62622385095517,11.279357892314778,CENTER,0.0,0.9498614326131687,0.02561723569843369,NORMAL,STABLE,NORMAL,NO_ACTION,False,0.0
2026-08-12T00:45:20.561472,0.42415170857764983,0.03052019533780304,0.03380281690140845,False,49,0.048812150955200195,False,0.0,-4.347786133549562,-14.685393218841796,11.054454550882724,CENTER,0.0,0.9573971059456448,0.025437904650468687,NORMAL,STABLE,NORMAL,NO_ACTION,False,0.0
2026-08-12T00:45:20.603206,0.4141997036042325,0.012601049831698543,0.03380281690140845,False,49,0.048812150955200195,False,0.0,12.390938726660607,-23.190085014876672,-175.39153198947562,CENTER,0.0,0.9316129441193702,0.05693764496863531,NORMAL,STABLE,NORMAL,NO_ACTION,False,0.0
2026-08-12T00:45:20.654285,0.39261696172488525,0.021624271011741147,0.03380281690140845,False,49,0.048812150955200195,False,0.0,-4.493286303883195,-13.638311518234246,9.815947758744471,CENTER,0.0,0.9637391894933127,0.023629154082736567,NORMAL,STABLE,NORMAL,NO_ACTION,False,0.0
2026-08-12T00:45:20.699122,0.4097069149983964,0.009366474531902378,0.03380281690140845,False,49,0.048812150955200195,False,0.0,-5.0653200064229225,-15.021704176964732,9.548394813242766,CENTER,0.0,0.9633296762474279,0.02492147469489334,NORMAL,STABLE,NORMAL,NO_ACTION,False,0.0
2026-08-12T00:45:20.732255,0.4085827174363674,0.025738311397428708,0.03380281690140845,False,49,0.048812150955200195,False,0.0,-5.400448907240076,-14.588584545338222,9.36676815820556,CENTER,0.0,0.9638594580546982,0.0247564830494697,NORMAL,STABLE,NORMAL,NO_ACTION,False,0.0
2026-08-12T00:45:20.787570,0.41444042466243236,0.0428014268510299,0.03385049365303244,False,49,0.048812150955200195,False,0.0,-5.984137544208522,-13.107613677410313,8.935752471768808,CENTER,0.0,0.9652087218149863,0.02383391137499673,NORMAL,STABLE,NORMAL,NO_ACTION,False,0.0
2026-08-12T00:45:20.826826,0.42299375601795786,0.03742267018770101,0.03385049365303244,False,49,0.048812150955200195,False,0.0,-4.865123064314929,-13.909289621696388,8.869769317418786,CENTER,0.0,0.9648481840492112,0.023271790724005786,NORMAL,STABLE,NORMAL,NO_ACTION,False,0.0
2026-08-12T00:45:20.871165,0.4117790004197912,0.03112737032802139,0.03385049365303244,False,49,0.048812150955200195,False,0.0,-4.957329498940453,-14.368202227475678,8.918352297167928,CENTER,0.0,0.9645364476165981,0.02373880259757754,NORMAL,STABLE,NORMAL,NO_ACTION,False,0.0
2026-08-12T00:45:20.914265,0.42763816461269655,0.03479638420779507,0.03385049365303244,False,49,0.048812150955200195,False,0.0,-4.204088592311592,-15.337775161299703,8.717437749350609,CENTER,0.0,0.9638147826646091,0.023520233352909686,NORMAL,STABLE,NORMAL,NO_ACTION,False,0.0
2026-08-12T00:45:20.959995,0.46006899507092436,0.04636402186499458,0.03385049365303244,False,49,0.048812150955200195,False,0.0,-4.624095071128181,-15.399311643008502,9.098117733292867,CENTER,0.0,0.9638694380144033,0.024335707776059742,NORMAL,STABLE,NORMAL,NO_ACTION,False,0.0
2026-08-12T00:45:20.994308,0.44839719170890147,0.02919925323710135,0.03385049365303244,False,49,0.048812150955200195,False,0.0,-3.949221213997845,-15.060516759283388,8.40817073677772,CENTER,0.0,0.9636332009816531,0.022776750649118174,NORMAL,STABLE,NORMAL,NO_ACTION,False,0.0
2026-08-12T00:45:21.033834,0.4806335147934407,0.027943096143195855,0.03385049365303244,False,49,0.048812150955200195,False,0.0,-3.6469833596788988,-14.671783690152182,8.279262445901992,CENTER,0.0,0.963910067836934,0.022080821218632248,NORMAL,STABLE,NORMAL,NO_ACTION,False,0.0
2026-08-12T00:45:21.084552,0.47791139264529126,0.03910080479305369,0.03389830508474576,False,49,0.048812150955200195,False,0.0,-4.2564435083868375,-15.985739336900707,8.493505670515447,CENTER,0.0,0.9640433170438959,0.023822985026704564,NORMAL,STABLE,NORMAL,NO_ACTION,False,0.0
2026-08-12T00:45:21.123101,0.4690936591044007,0.017757846557498836,0.03389830508474576,False,49,0.048812150955200195,False,0.0,-3.4521947485185365,-15.25467813385714,7.967895923680118,CENTER,0.0,0.9632089388288751,0.022014391892125156,NORMAL,STABLE,NORMAL,NO_ACTION,False,0.0
2026-08-12T00:45:21.167103,0.48648545086427597,0.024001490601596395,0.03385049365303244,False,49,0.048812150955200195,False,0.0,-3.1649196289119743,-16.590772740602404,7.862821770809546,CENTER,0.0,0.9629710005144033,0.022601531290166902,NORMAL,STABLE,NORMAL,NO_ACTION,False,0.0
2026-08-12T00:45:21.209531,0.48468039239363236,0.013267745892798007,0.03385049365303244,False,49,0.048812150955200195,False,0.0,-4.611753346993368,-15.071110791639967,7.709808150251632,CENTER,0.0,0.9633240633573388,0.02274989849501294,NORMAL,STABLE,NORMAL,NO_ACTION,False,0.0
2026-08-12T00:45:21.256238,0.4871638557305372,0.060043480226349324,0.03389830508474576,False,49,0.048812150955200195,False,0.0,-2.309761234076319,-16.256555628089473,7.240361832093896,CENTER,0.0,0.9634971922153633,0.02093726053585816,NORMAL,STABLE,NORMAL,NO_ACTION,False,0.0
2026-08-12T00:45:21.292421,0.49471852566016383,0.0240881596689941,0.03389830508474576,False,49,0.048812150955200195,False,0.0,-4.049946939777499,-15.307579269554168,7.238823103771409,CENTER,0.0,0.9628012206361454,0.021926141366243622,NORMAL,STABLE,NORMAL,NO_ACTION,False,0.0
2026-08-12T00:45:21.330990,0.5104410211979369,0.008606850441439266,0.03385049365303244,False,49,0.048812150955200195,False,0.0,-3.217335617354024,-14.687371517501532,6.878116285652482,CENTER,0.0,0.962978100351509,0.02032909237294256,NORMAL,STABLE,NORMAL,NO_ACTION,False,0.0
2026-08-12T00:45:21.369968,0.5101776449775598,0.02618593387771493,0.03389830508474576,False,49,0.048812150955200195,False,0.0,15.659122123001737,-19.954402434228854,-179.47537260033857,CENTER,0.0,0.9317668346514917,0.057578274984793905,NORMAL,STABLE,NORMAL,NO_ACTION,False,0.0
2026-08-12T00:45:21.411519,0.5016208965521531,0.05539505603997398,0.03389830508474576,False,49,0.048812150955200195,False,0.0,-2.516872239291672,-15.600252855318502,6.616076612593474,CENTER,0.0,0.9633355302640604,0.02006154077139721,NORMAL,STABLE,NORMAL,NO_ACTION,False,0.0
2026-08-12T00:45:21.449214,0.5015223404682592,0.015132983516284572,0.03389830508474576,False,49,0.048812150955200195,False,0.0,-3.235724880051066,-14.48763575421819,6.265525322131737,CENTER,0.0,0.963726289223251,0.019612644535703983,NORMAL,STABLE,NORMAL,NO_ACTION,False,0.0
2026-08-12T00:45:21.499533,0.4915679168764671,0.018044782826477163,0.03385049365303244,False,49,0.048812150955200195,False,0.0,-3.4427457665727275,-15.896172595935525,6.350568185029829,CENTER,0.0,0.9635874673139575,0.02091116771712627,NORMAL,STABLE,NORMAL,NO_ACTION,False,0.0
2026-08-12T00:45:21.547227,0.49974972680688484,0.007996814399197905,0.03385049365303244,False,49,0.048812150955200195,False,0.0,-2.7801702923999017,-14.905879705145281,5.880671046018165,CENTER,0.0,0.9635059263545953,0.019105427001822325,NORMAL,STABLE,NORMAL,NO_ACTION,False,0.0
2026-08-12T00:45:21.586949,0.5178176419677442,0.05156170812666636,0.03385049365303244,False,49,0.048812150955200195,False,0.0,16.213457101160714,-20.502749617865277,179.52757498173457,CENTER,0.0,0.9316490988118712,0.05831344683817359,NORMAL,STABLE,NORMAL,NO_ACTION,False,0.0
2026-08-12T00:45:21.630976,0.5117825521426584,0.007900008188502401,0.03385049365303244,False,49,0.048812150955200195,False,0.0,-2.8790693650828985,-14.9591227813643,5.55414551385374,CENTER,0.0,0.9637559879758231,0.018924684484776168,NORMAL,STABLE,NORMAL,NO_ACTION,False,0.0
2026-08-12T00:45:21.677902,0.4795526687427547,0.02010818693915192,0.03385049365303244,False,49,0.048812150955200195,False,0.0,-1.9753182984753153,-14.568576695203745,5.171857856342626,CENTER,0.0,0.9628393722136488,0.01740421576228665,NORMAL,STABLE,NORMAL,NO_ACTION,False,0.0
2026-08-12T00:45:21.714498,0.5184929847319562,0.014435175884894567,0.03385049365303244,False,49,0.048812150955200195,False,0.0,-3.3125714737762735,-15.204449149289559,4.985887621278238,CENTER,0.0,0.9626707711762689,0.018972099810465323,NORMAL,STABLE,NORMAL,NO_ACTION,False,0.0
2026-08-12T00:45:21.752998,0.5005185213240471,0.015972438872487345,0.03385049365303244,False,49,0.048812150955200195,False,0.0,-2.534910867103349,-16.002050743241426,5.051939066015393,CENTER,0.0,0.9628365858624827,0.018862892139047967,NORMAL,STABLE,NORMAL,NO_ACTION,False,0.0
2026-08-12T00:45:21.800357,0.5191432854369408,0.01732809231133513,0.03385049365303244,False,49,0.048812150955200195,False,0.0,-2.4857860846599067,-15.249811543661963,4.786649280262452,CENTER,0.0,0.9635745268561386,0.018016838688495913,NORMAL,STABLE,NORMAL,NO_ACTION,False,0.0
2026-08-12T00:45:21.843873,0.5091899319776737,0.03772519753844228,0.03385049365303244,False,49,0.048812150955200195,False,0.0,-2.743238545916171,-15.879615189376267,4.794520104687933,CENTER,0.0,0.9631156764403291,0.018727193374390518,NORMAL,STABLE,NORMAL,NO_ACTION,False,0.0
2026-08-12T00:45:21.882049,0.5101181440396985,0.017940677201591364,0.03385049365303244,False,49,0.048812150955200195,False,0.0,-2.9546748474767526,-14.872688769199556,4.5975762221130765,CENTER,0.0,0.9626893379200959,0.01801392440032322,NORMAL,STABLE,NORMAL,NO_ACTION,False,0.0
2026-08-12T00:45:21.922369,0.5185422377439581,0.01570130667858706,0.03385049365303244,False,49,0.048812150955200195,False,0.0,-1.9730738213472137,-14.867242186278474,4.430872803528558,CENTER,0.0,0.9630652542009602,0.01690421610663705,NORMAL,STABLE,NORMAL,NO_ACTION,False,0.0
2026-08-12T00:45:21.964097,0.49521615746398684,0.01333068037521736,0.03385049365303244,False,49,0.048812150955200195,False,0.0,-3.0399228379220915,-13.711058893592792,4.077858343751416,CENTER,0.0,0.9636891959233539,0.016756591079576687,NORMAL,STABLE,NORMAL,NO_ACTION,False,0.0
2026-08-12T00:45:22.009527,0.5114715244512968,0.054481259133826905,0.03385049365303244,False,49,0.048812150955200195,False,0.0,15.984642730916448,-17.829243612634684,178.39799640949343,CENTER,0.0,0.9307044150270062,0.05661259706575339,NORMAL,STABLE,NORMAL,NO_ACTION,False,0.0
2026-08-12T00:45:22.054669,0.5132948420856325,0.0228044014229227,0.03385049365303244,False,49,0.048812150955200195,False,0.0,-2.3183432314156107,-13.64730447836223,3.9480928173626637,CENTER,0.0,0.9636907096622085,0.015890732392455503,NORMAL,STABLE,NORMAL,NO_ACTION,False,0.0
2026-08-12T00:45:22.106271,0.5093780615440873,0.02561817971361571,0.03385049365303244,False,49,0.048812150955200195,False,0.0,16.7065498671937,-16.767495284523477,178.3208813924898,CENTER,0.0,0.9313860708340479,0.0565559482776194,NORMAL,STABLE,NORMAL,NO_ACTION,False,0.0
2026-08-12T00:45:22.147235,0.49039378335351214,0.01042327714258242,0.03385049365303244,False,49,0.048812150955200195,False,0.0,-2.9140890200487206,-12.931820118283156,3.901647720927855,CENTER,0.0,0.9633799243398491,0.015902949910070834,NORMAL,STABLE,NORMAL,NO_ACTION,False,0.0
2026-08-12T00:45:22.196857,0.48863487193898913,0.06055127041445072,0.03385049365303244,False,49,0.048812150955200195,False,0.0,-2.7595528196794703,-13.156348250464418,3.8122137342590463,CENTER,0.0,0.9634162808641975,0.015830174862461393,NORMAL,STABLE,NORMAL,NO_ACTION,False,0.0
2026-08-12T00:45:22.243516,0.4700255615749892,0.007768506766543385,0.03385049365303244,False,49,0.048812150955200195,False,0.0,-2.2495502970741086,-13.29183466232584,3.894694709763826,CENTER,0.0,0.9633357981824417,0.015516338744190377,NORMAL,STABLE,NORMAL,NO_ACTION,False,0.0
2026-08-12T00:45:22.286189,0.4663340382330084,0.017757666036848828,0.03389830508474576,False,49,0.048812150955200195,False,0.0,-2.0800998238878776,-12.631594634199018,3.6390411594621526,CENTER,0.0,0.9623635357724621,0.014630139293851173,NORMAL,STABLE,NORMAL,NO_ACTION,False,0.0
2026-08-12T00:45:22.323808,0.48362287513389757,0.007563711650073576,0.03385049365303244,False,49,0.048812150955200195,False,0.0,-2.7777088250456927,-13.366448569654864,3.6307373976335384,CENTER,0.0,0.962754495670439,0.01582464255177518,NORMAL,STABLE,NORMAL,NO_ACTION,False,0.0
2026-08-12T00:45:22.356986,0.4815811586273291,0.009761102155283035,0.03380281690140845,False,49,0.048812150955200195,False,0.0,-2.5217539164031564,-12.53955795470631,3.913834655288724,CENTER,0.0,0.9638119427297668,0.015253580851139332,NORMAL,STABLE,NORMAL,NO_ACTION,False,0.0
2026-08-12T00:45:22.399918,0.4704721045017086,0.005080027287312022,0.03380281690140845,False,49,0.048812150955200195,False,0.0,-1.781944554885456,-13.716049910162326,3.6896659680716937,CENTER,0.0,0.9638582926097394,0.01517499432759449,NORMAL,STABLE,NORMAL,NO_ACTION,False,0.0
2026-08-12T00:45:22.442935,0.45956332501282215,0.008374842136822824,0.03380281690140845,False,49,0.048812150955200195,False,0.0,-2.5394783751991383,-13.81337745392193,3.909693735412219,CENTER,0.0,0.9636733217592592,0.01618664204545826,NORMAL,STABLE,NORMAL,NO_ACTION,False,0.0
2026-08-12T00:45:22.476238,0.4683957344801529,0.007280054050149041,0.03380281690140845,False,49,0.048812150955200195,False,0.0,-3.4081116206737363,-13.65477123581124,4.048902061464332,CENTER,0.0,0.9628462577160494,0.017042607216070704,NORMAL,STABLE,NORMAL,NO_ACTION,False,0.0
2026-08-12T00:45:22.509722,0.4686478294645854,0.006933264944855068,0.03380281690140845,False,49,0.048812150955200195,False,0.0,-2.1076781437800776,-14.348595695389406,3.4030252222292745,CENTER,0.0,0.9625315875771605,0.015669477910234687,NORMAL,STABLE,NORMAL,NO_ACTION,False,0.0
2026-08-12T00:45:22.553287,0.47057045063561576,0.002867998257453007,0.03380281690140845,False,49,0.048812150955200195,False,0.0,-2.3756647865236857,-14.24274660261824,3.728629946539286,CENTER,0.0,0.96310489272548,0.016164637844840478,NORMAL,STABLE,NORMAL,NO_ACTION,False,0.0
2026-08-12T00:45:22.600698,0.4543860955968638,0.01777632397107353,0.03380281690140845,False,49,0.048812150955200195,False,0.0,-2.1820221433166296,-13.835946416081583,3.7746552297174674,CENTER,0.0,0.962166361239712,0.015728687659721383,NORMAL,STABLE,NORMAL,NO_ACTION,False,0.0
2026-08-12T00:45:22.637619,0.44990858358806773,0.012121796946376603,0.03380281690140845,False,49,0.048812150955200195,False,0.0,-2.7368189322247076,-14.686216854772226,3.533851500937999,CENTER,0.0,0.9617603711205417,0.01664513555297366,NORMAL,STABLE,NORMAL,NO_ACTION,False,0.0
2026-08-12T00:45:22.683077,0.47199630429975237,0.009734216724031903,0.03380281690140845,False,49,0.048812150955200195,False,0.0,-2.568942360705506,-14.74298464297064,3.349779830362735,CENTER,0.0,0.9622790745027434,0.016347221389100063,NORMAL,STABLE,NORMAL,NO_ACTION,False,0.0
2026-08-12T00:45:22.719366,0.4567431777292136,0.007828511080813652,0.03380281690140845,False,49,0.048812150955200195,False,0.0,-2.8218896557017104,-13.752319166850526,3.4392234777875785,CENTER,0.0,0.9624640989368999,0.015961450563863215,NORMAL,STABLE,NORMAL,NO_ACTION,False,0.0
2026-08-12T00:45:22.745158,0.4784084385274415,0.020009088609990663,0.03380281690140845,False,49,0.048812150955200195,False,0.0,-2.5718544647119757,-13.17032939579883,3.239829867047348,CENTER,0.0,0.9629052131558643,0.015108341327548876,NORMAL,STABLE,NORMAL,NO_ACTION,False,0.0
2026-08-12T00:45:22.781756,0.44460834496448476,0.028525574074712425,0.03380281690140845,False,49,0.048812150955200195,False,0.0,-2.1938275682481674,-14.348109840051308,3.5249553443480863,CENTER,0.0,0.9634292079260973,0.015869499911426038,NORMAL,STABLE,NORMAL,NO_ACTION,False,0.0
2026-08-12T00:45:22.825660,0.48166712880238916,0.011319944533892283,0.03380281690140845,False,49,0.048812150955200195,False,0.0,-2.4323834283297003,-14.406774100694719,3.380809042698786,CENTER,0.0,0.962929928626543,0.016002781452232877,NORMAL,STABLE,NORMAL,NO_ACTION,False,0.0
2026-08-12T00:45:22.860348,0.4644392146281591,0.007279496756291391,0.03380281690140845,False,49,0.048812150955200195,False,0.0,-3.0086544879006,-13.404540655820057,3.2631570483933103,CENTER,0.0,0.9620119598765432,0.015720579360449363,NORMAL,STABLE,NORMAL,NO_ACTION,False,0.0
2026-08-12T00:45:22.898388,0.47050963582249183,0.02019503811331635,0.03380281690140845,False,49,0.048812150955200195,False,0.0,-2.8483264137596223,-13.040687389222938,2.8411646812923834,CENTER,0.0,0.9623900730881344,0.01489704342819257,NORMAL,STABLE,NORMAL,NO_ACTION,False,0.0
2026-08-12T00:45:22.931298,0.47004286851863974,0.013676434080921132,0.03375527426160337,False,49,0.048812150955200195,False,0.0,-3.3973858940064474,-15.386303902863062,2.9713876193241333,CENTER,0.0,0.9631498896176269,0.017245223609349068,NORMAL,STABLE,NORMAL,NO_ACTION,False,0.0
2026-08-12T00:45:22.957814,0.4457638799254672,0.021393297045493413,0.03375527426160337,False,49,0.048812150955200195,False,0.0,-2.5204012238144173,-14.21795252937926,2.6520643926058654,CENTER,0.0,0.962695928712277,0.01524941408703048,NORMAL,STABLE,NORMAL,NO_ACTION,False,0.0
2026-08-12T00:45:22.993165,0.4793209371105053,0.009369015661332485,0.03375527426160337,False,49,0.048812150955200195,False,0.0,-1.9873871589850296,-14.480615951201003,2.780054276300916,CENTER,0.0,0.9633431123542524,0.015049092161698302,NORMAL,STABLE,NORMAL,NO_ACTION,False,0.0
2026-08-12T00:45:23.031491,0.45763278208757285,0.01668005141724834,0.03375527426160337,False,49,0.048812150955200195,False,0.0,-2.8469394052943073,-13.732156128558245,2.7984889345718784,CENTER,0.0,0.963630843299897,0.01535400671642247,NORMAL,STABLE,NORMAL,NO_ACTION,False,0.0
2026-08-12T00:45:23.066237,0.46179485596890174,0.020621300318420188,0.033707865168539325,False,49,0.048812150955200195,False,0.0,-2.77655797786079,-13.366053420028038,3.1049180062407515,CENTER,0.0,0.9628720984439301,0.01531690434359951,NORMAL,STABLE,NORMAL,NO_ACTION,False,0.0
2026-08-12T00:45:23.099963,0.44712005807766836,0.05681549745019889,0.033707865168539325,False,49,0.048812150955200195,False,0.0,-1.9868923697621028,-14.944342839882097,3.273476893732692,CENTER,0.0,0.9627884543252744,0.01585867726772465,NORMAL,STABLE,NORMAL,NO_ACTION,False,0.0
2026-08-12T00:45:23.141088,0.4526915812324574,0.016059528831141145,0.033707865168539325,False,49,0.048812150955200195,False,0.0,-2.486565460076548,-14.100922206445631,3.175993589126051,CENTER,0.0,0.9625768255958504,0.01563683401129472,NORMAL,STABLE,NORMAL,NO_ACTION,False,0.0
2026-08-12T00:45:23.167679,0.4516203744942334,0.008686312397308578,0.033707865168539325,False,49,0.048812150955200195,False,0.0,-2.144685975026846,-13.180519252726128,2.527255954803877,CENTER,0.0,0.9629580198688271,0.014018170948287344,NORMAL,STABLE,NORMAL,NO_ACTION,False,0.0
2026-08-12T00:45:23.202760,0.47597928485059116,0.010135071773082205,0.033707865168539325,False,49,0.048812150955200195,False,0.0,-2.452091111897545,-13.750839197930674,3.0381409486463724,CENTER,0.0,0.9630789180384086,0.015218051775325557,NORMAL,STABLE,NORMAL,NO_ACTION,False,0.0
2026-08-12T00:45:23.232765,0.4726141127491076,0.01915578734995952,0.033660589060308554,False,49,0.048812150955200195,False,0.0,-1.8059649183490478,-14.687269691348035,2.874224352324461,CENTER,0.0,0.9630310142318244,0.0151143214821777,NORMAL,STABLE,NORMAL,NO_ACTION,False,0.0
2026-08-12T00:45:23.258518,0.4393110902667665,0.007667807624545207,0.033660589060308554,False,49,0.048812150955200195,False,0.0,-2.460556098252198,-15.043871515172015,3.1854580903427063,CENTER,0.0,0.9626472613383059,0.016301920868493403,NORMAL,STABLE,NORMAL,NO_ACTION,False,0.0
2026-08-12T00:45:23.291117,0.4331309706834858,0.00971631608732877,0.033660589060308554,False,49,0.048812150955200195,False,0.0,-2.7573998795827492,-14.74628248997675,3.1642687251666644,CENTER,0.0,0.962702693651406,0.016352440454741903,NORMAL,STABLE,NORMAL,NO_ACTION,False,0.0
2026-08-12T00:45:23.326407,0.4469521904114167,0.007825255507185316,0.033660589060308554,False,49,0.048812150955200195,False,0.0,-2.599918549082986,-16.11964630117177,3.2417180840367337,CENTER,0.0,0.9623728995198902,0.01726724649385045,NORMAL,STABLE,NORMAL,NO_ACTION,False,0.0
2026-08-12T00:45:23.352083,0.4450529917017408,0.009732597542142995,0.03361344537815126,False,49,0.048812150955200195,False,0.0,-3.195625041832187,-15.766244099589386,3.219748182561716,CENTER,0.0,0.9623870188185871,0.017564498658379057,NORMAL,STABLE,NORMAL,NO_ACTION,False,0.0
2026-08-12T00:45:23.384513,0.44858154617853757,0.03134740047051974,0.03361344537815126,False,49,0.048812150955200195,False,0.0,-2.7506780571328306,-14.439536542880688,2.971224369830196,CENTER,0.0,0.9628185415594993,0.01593853428471156,NORMAL,STABLE,NORMAL,NO_ACTION,False,0.0
2026-08-12T00:45:23.413545,0.44940626914828846,0.01911330923285743,0.03361344537815126,False,49,0.048812150955200195,False,0.0,-2.359465175242974,-15.776010762718926,2.923891491130746,CENTER,0.0,0.9627864449374142,0.01648146234069392,NORMAL,STABLE,NORMAL,NO_ACTION,False,0.0
2026-08-12T00:45:23.446005,0.45483572584436494,0.010540129468368489,0.03361344537815126,False,49,0.048812150955200195,False,0.0,-2.668772715968146,-15.253412651997508,2.9211178624999548,CENTER,0.0,0.9627808454432442,0.016399211176078596,NORMAL,STABLE,NORMAL,NO_ACTION,False,0.0
2026-08-12T00:45:23.472754,0.4682728498165169,0.008817800792800944,0.033566433566433566,False,49,0.048812150955200195,False,0.0,-3.4231697680536968,-15.024896069871147,2.813600353867372,CENTER,0.0,0.9625336907364541,0.01685709246416427,NORMAL,STABLE,NORMAL,NO_ACTION,False,0.0
2026-08-12T00:45:23.499328,0.4450247832175993,0.01701851499674409,0.033566433566433566,False,49,0.048812150955200195,False,0.0,-2.203246128620634,-14.497975540997828,2.9998135465841926,CENTER,0.0,0.9617651132758915,0.015481113874251226,NORMAL,STABLE,NORMAL,NO_ACTION,False,0.0
2026-08-12T00:45:23.531337,0.4361277946252454,0.015199019789922429,0.033566433566433566,False,49,0.048812150955200195,False,0.0,-2.8370783433950635,-14.938716565497828,2.727393409026746,CENTER,0.0,0.9623474874614197,0.016147453281117583,NORMAL,STABLE,NORMAL,NO_ACTION,False,0.0
2026-08-12T00:45:23.586221,0.43474623327453354,0.014246146238405585,0.033566433566433566,False,49,0.048812150955200195,False,0.0,-2.9888377469305567,-15.062222924565276,2.500394605653696,CENTER,0.0,0.9627788494513032,0.016164199562822723,NORMAL,STABLE,NORMAL,NO_ACTION,False,0.0
2026-08-12T00:45:23.618477,0.44707754814601364,0.016097802360515334,0.033566433566433566,False,49,0.048812150955200195,False,0.0,-2.702265996853299,-15.554945183952043,2.529333688486986,CENTER,0.0,0.9628147773062414,0.016271963811330083,NORMAL,STABLE,NORMAL,NO_ACTION,False,0.0
2026-08-12T00:45:23.654883,0.43117444998685617,0.011065463939545774,0.033566433566433566,False,49,0.048812150955200195,False,0.0,-2.8060754463256217,-16.17459899971152,2.9435543136128786,CENTER,0.0,0.9629078923396778,0.017218335342695394,NORMAL,STABLE,NORMAL,NO_ACTION,False,0.0
2026-08-12T00:45:23.732974,0.44441015715139076,0.010659637903863822,0.033566433566433566,False,49,0.048812150955200195,False,0.0,-2.7194975884478083,-16.169732903859142,2.5954075962793866,CENTER,0.0,0.9620276197059328,0.016796197275117053,NORMAL,STABLE,NORMAL,NO_ACTION,False,0.0
2026-08-12T00:45:23.785157,0.4348120670023953,0.02277045028735472,0.03361344537815126,False,49,0.048812150955200195,False,0.0,-2.59970692488605,-15.437777515677794,2.5684194456591456,CENTER,0.0,0.9616107788923183,0.016126220266292297,NORMAL,STABLE,NORMAL,NO_ACTION,False,0.0
2026-08-12T00:45:23.815436,0.4647382805236526,0.012918689372509748,0.033566433566433566,False,49,0.048812150955200195,False,0.0,-3.0437820393244976,-15.425627102024578,2.589829910433764,CENTER,0.0,0.9625025452246228,0.016565690340118303,NORMAL,STABLE,NORMAL,NO_ACTION,False,0.0
2026-08-12T00:45:23.860185,0.4607235352800685,0.01576410832547141,0.033566433566433566,False,49,0.048812150955200195,False,0.0,-3.0253953222222663,-15.169287728894858,2.757203720354056,CENTER,0.0,0.9628449315200618,0.01652402540075682,NORMAL,STABLE,NORMAL,NO_ACTION,False,0.0
2026-08-12T00:45:23.896887,0.4594814424135756,0.014163458291990609,0.033566433566433566,False,49,0.048812150955200195,False,0.0,-3.111971675356756,-15.057976941586588,2.097176530206184,CENTER,0.0,0.9623015930426954,0.015891422359465737,NORMAL,STABLE,NORMAL,NO_ACTION,False,0.0
2026-08-12T00:45:23.938296,0.4437029247860792,0.015318915412923826,0.033566433566433566,False,49,0.048812150955200195,False,0.0,-2.820357568942967,-15.497500441619138,2.263369470144397,CENTER,0.0,0.9614921848208162,0.016088080060290545,NORMAL,STABLE,NORMAL,NO_ACTION,False,0.0
2026-08-12T00:45:23.986039,0.4767588329472746,0.0020054613442922627,0.033566433566433566,False,49,0.048812150955200195,False,0.0,-3.29357131326816,-15.103031576210583,2.7661374538995744,CENTER,0.0,0.9634375267918381,0.016743020136387683,NORMAL,STABLE,NORMAL,NO_ACTION,False,0.0
2026-08-12T00:45:24.030561,0.4566087592201197,0.012712352436289235,0.033566433566433566,False,49,0.048812150955200195,False,0.0,-3.4219534263747846,-14.556911162246735,2.089415071269542,CENTER,0.0,0.9631935335219479,0.015820568466761623,NORMAL,STABLE,NORMAL,NO_ACTION,False,0.0
2026-08-12T00:45:24.066809,0.4754363265654483,0.01393848530568642,0.033566433566433566,False,49,0.048812150955200195,False,0.0,-2.7152345496343457,-15.075093499591105,2.0905201186984073,CENTER,0.0,0.9627239127872086,0.015515331282173262,NORMAL,STABLE,NORMAL,NO_ACTION,False,0.0
2026-08-12T00:45:24.106102,0.4689584264349484,0.02332516712947744,0.033566433566433566,False,49,0.048812150955200195,False,0.0,-2.793003343887534,-15.158290891943466,2.0108824156688456,CENTER,0.0,0.9625806702246227,0.015573618597828277,NORMAL,STABLE,NORMAL,NO_ACTION,False,0.0
2026-08-12T00:45:24.145815,0.4599641965184745,0.015372396641815065,0.033566433566433566,False,49,0.048812150955200195,False,0.0,-2.4660173301084853,-15.737832405859479,1.9588781700826985,CENTER,0.0,0.9622205477323389,0.01562722277478632,NORMAL,STABLE,NORMAL,NO_ACTION,False,0.0
2026-08-12T00:45:24.177324,0.477614702308628,0.01774160826661103,0.0335195530726257,False,49,0.048812150955200195,False,0.0,-2.1265926325110627,-14.206641127498443,1.9846330652030133,CENTER,0.0,0.9617556423611111,0.014219310004695764,NORMAL,STABLE,NORMAL,NO_ACTION,False,0.0
2026-08-12T00:45:24.210039,0.47666584572511966,0.02123055123928157,0.0335195530726257,False,49,0.048812150955200195,False,0.0,-2.9756101241794966,-15.85534998986111,2.1385929580648053,CENTER,0.0,0.9631739754801097,0.01637587425706087,NORMAL,STABLE,NORMAL,NO_ACTION,False,0.0
2026-08-12T00:45:24.249781,0.48871635465869473,0.009074039772976604,0.0335195530726257,False,49,0.048812150955200195,False,0.0,-2.1399206758121636,-15.122368109262652,2.0921123484816064,CENTER,0.0,0.9635072793424211,0.014997001361565175,NORMAL,STABLE,NORMAL,NO_ACTION,False,0.0
2026-08-12T00:45:24.289226,0.4986217244871991,0.00822874826460993,0.0335195530726257,False,49,0.048812150955200195,False,0.0,-3.0938058294845803,-15.880796430267225,2.300068461471625,CENTER,0.0,0.9632459383573388,0.016663565257595266,NORMAL,STABLE,NORMAL,NO_ACTION,False,0.0
2026-08-12T00:45:24.328801,0.4890176192085922,0.030799735654389784,0.0335195530726257,False,49,0.048812150955200195,False,0.0,-2.875781248681619,-14.486567529461922,2.1370645358212244,CENTER,0.0,0.9633222147205076,0.015289705823021535,NORMAL,STABLE,NORMAL,NO_ACTION,False,0.0
2026-08-12T00:45:24.376958,0.48434749238258573,0.008280978218223187,0.0335195530726257,False,49,0.048812150955200195,False,0.0,-2.7289977800142537,-16.450402475735473,1.9031164291402831,CENTER,0.0,0.9623982178069274,0.01634140065610592,NORMAL,STABLE,NORMAL,NO_ACTION,False,0.0
2026-08-12T00:45:24.490209,0.4503584729916842,0.004184318103138606,0.03361344537815126,False,49,0.048812150955200195,False,0.0,-3.2878463296518987,-14.521322123087998,1.7864520111726279,CENTER,0.0,0.9634942585090878,0.015373982898579767,NORMAL,STABLE,NORMAL,NO_ACTION,False,0.0
2026-08-12T00:45:24.537074,0.477008079868501,0.006408857038470395,0.03361344537815126,False,49,0.048812150955200195,False,0.0,-3.3718748792751683,-15.914557409964118,2.0218577625224725,CENTER,0.0,0.9627645158179012,0.016687811784482927,NORMAL,STABLE,NORMAL,NO_ACTION,False,0.0
2026-08-12T00:45:24.580935,0.4763956957975003,0.03404251272717615,0.03361344537815126,False,49,0.048812150955200195,False,0.0,-2.522486534655144,-14.11732200478599,1.4120700034417837,CENTER,0.0,0.9625303149648491,0.013984675891994331,NORMAL,STABLE,NORMAL,NO_ACTION,False,0.0
2026-08-12T00:45:24.634007,0.44321121920612644,0.00617272744872614,0.033660589060308554,False,49,0.048812150955200195,False,0.0,-2.9095489037848097,-15.512612201987935,1.6218130099033772,CENTER,0.0,0.9624591022590879,0.015567086951653987,NORMAL,STABLE,NORMAL,NO_ACTION,False,0.0
2026-08-12T00:45:24.685010,0.4175788673027179,0.005378340373907313,0.033660589060308554,False,49,0.048812150955200195,False,0.0,-2.4732964232966594,-12.72942263340991,0.9427978169858022,CENTER,0.0,0.9635788805298354,0.012483044133290268,NORMAL,STABLE,NORMAL,NO_ACTION,False,0.0
2026-08-12T00:45:24.735988,0.4217098039856051,0.00757435877957388,0.033660589060308554,False,49,0.048812150955200195,False,0.0,-2.7838372676270353,-9.94497615097822,0.5086214617704456,CENTER,0.0,0.9624402943887175,0.010352998589200364,NORMAL,STABLE,NORMAL,NO_ACTION,False,0.0
2026-08-12T00:45:24.774649,0.414595782206113,0.0017851924510067538,0.033660589060308554,False,49,0.048812150955200195,False,0.0,-2.8234403719010572,-13.136648704250234,0.9447081658260288,CENTER,0.0,0.9626431219993142,0.013116167100510513,NORMAL,STABLE,NORMAL,NO_ACTION,False,0.0
2026-08-12T00:45:24.816317,0.41566939662145164,0.005424459524479242,0.033660589060308554,False,49,0.048812150955200195,False,0.0,-3.2632308188524917,-10.599956776638294,0.6364688927359339,CENTER,0.0,0.9628100485468108,0.011410790727620215,NORMAL,STABLE,NORMAL,NO_ACTION,False,0.0
2026-08-12T00:45:24.853188,0.3965799447256082,0.015155814429629738,0.033660589060308554,False,49,0.048812150955200195,False,0.0,-3.5090322701400396,-10.726971437895884,0.7064939527163574,CENTER,0.0,0.9626418895747599,0.01180665277160134,NORMAL,STABLE,NORMAL,NO_ACTION,False,0.0
2026-08-12T00:45:24.902279,0.4188471260473767,0.006277667322183156,0.033660589060308554,False,49,0.048812150955200195,False,0.0,-2.7085548667107844,-9.463132044206873,0.30513139260563094,CENTER,0.0,0.963281852816358,0.00973655250386151,NORMAL,STABLE,NORMAL,NO_ACTION,False,0.0
2026-08-12T00:45:24.940249,0.41847530211948014,0.0040501830055651835,0.033660589060308554,False,49,0.048812150955200195,False,0.0,-2.252730166422282,-11.911814659277582,0.5610027398143416,CENTER,0.0,0.9634573795438958,0.011312497830298706,NORMAL,STABLE,NORMAL,NO_ACTION,False,0.0
2026-08-12T00:45:24.980254,0.410226712646341,0.0036176487888557353,0.033660589060308554,False,49,0.048812150955200195,False,0.0,-2.497457681943729,-10.393346642905016,0.5458228376006957,CENTER,0.0,0.9624897119341564,0.0104368723349927,NORMAL,STABLE,NORMAL,NO_ACTION,False,0.0
2026-08-12T00:45:25.015781,0.4069970393160731,0.015444380626004738,0.033660589060308554,False,49,0.048812150955200195,False,0.0,-2.0612150347234603,-10.476562289586298,0.1471213326928762,CENTER,0.0,0.961968289180384,0.00969295222962065,NORMAL,STABLE,NORMAL,NO_ACTION,False,0.0
2026-08-12T00:45:25.052674,0.39497376530880934,0.012492396851828637,0.033660589060308554,False,49,0.048812150955200195,False,0.0,-2.939806715410697,-11.308882237045822,0.4853578782069974,CENTER,0.0,0.9621525634430727,0.011465832705794576,NORMAL,STABLE,NORMAL,NO_ACTION,False,0.0
2026-08-12T00:45:25.091759,0.42050776191501826,0.004549872023018921,0.033660589060308554,False,49,0.048812150955200195,False,0.0,-2.344805800211617,-11.783554756693661,0.5899905422027985,CENTER,0.0,0.9628330627357682,0.011336445283640785,NORMAL,STABLE,NORMAL,NO_ACTION,False,0.0
2026-08-12T00:45:25.134984,0.4006348001842003,0.006816994870059832,0.033660589060308554,False,49,0.048812150955200195,False,0.0,-2.6926133004311907,-11.658914868214197,0.24473552142299582,CENTER,0.0,0.962931871034808,0.01124888552956984,NORMAL,STABLE,NORMAL,NO_ACTION,False,0.0
2026-08-12T00:45:25.176765,0.39662792887198906,0.004417143745864341,0.033660589060308554,False,49,0.048812150955200195,False,0.0,-3.5128372900560407,-8.816393353794695,0.0964161611000236,CENTER,0.0,0.9626370000643004,0.00984297259737238,NORMAL,STABLE,NORMAL,NO_ACTION,False,0.0
2026-08-12T00:45:25.216741,0.38406796091045614,0.013631360954695007,0.033660589060308554,False,49,0.048812150955200195,False,0.0,-2.5757656101578164,-8.329811568540407,0.08214199472155315,CENTER,0.0,0.9631152477709192,0.00857544160420006,NORMAL,STABLE,NORMAL,NO_ACTION,False,0.0
2026-08-12T00:45:25.283988,0.38738175327635105,0.013573479395783877,0.033660589060308554,False,49,0.048812150955200195,False,0.0,-2.813469454166068,-10.288088050948602,0.32482929615480316,CENTER,0.0,0.9626675695516118,0.010452351277845941,NORMAL,STABLE,NORMAL,NO_ACTION,False,0.0
2026-08-12T00:45:25.343071,0.4058525801419712,0.015290349504688926,0.033707865168539325,False,49,0.048812150955200195,False,0.0,-3.387679673746703,-11.538428061970535,0.1931355636884291,CENTER,0.0,0.9622378418638545,0.01178150160673107,NORMAL,STABLE,NORMAL,NO_ACTION,False,0.0
2026-08-12T00:45:25.396088,0.39275001421695355,0.0018365226427610305,0.033707865168539325,False,49,0.048812150955200195,False,0.0,-3.7395516839422953,-10.577336233801105,0.24430390420295112,CENTER,0.0,0.9620235071587793,0.011475492661144369,NORMAL,STABLE,NORMAL,NO_ACTION,False,0.0
2026-08-12T00:45:25.446724,0.4038952689436226,0.004982695715624026,0.03375527426160337,False,49,0.048812150955200195,False,0.0,-3.5368682267111353,-8.381729966237913,-0.007909551948500848,CENTER,0.0,0.9633097297239369,0.009466961355066292,NORMAL,STABLE,NORMAL,NO_ACTION,False,0.0
2026-08-12T00:45:25.497631,0.3814210499280163,0.004046962869716814,0.03375527426160337,False,49,0.048812150955200195,False,0.0,-2.9287327726433716,-7.3308281599283305,-0.42861536630510955,CENTER,0.0,0.9624304885759603,0.008527488915972704,NORMAL,STABLE,NORMAL,NO_ACTION,False,0.0
2026-08-12T00:45:25.546477,0.37630060556261996,0.007196932150726364,0.03375527426160337,False,49,0.048812150955200195,False,0.0,-2.8856694813807167,-10.374944685168487,0.09753007907681877,CENTER,0.0,0.9620777740269204,0.010365726293803015,NORMAL,STABLE,NORMAL,NO_ACTION,False,0.0
2026-08-12T00:45:25.597149,0.39443774297028467,0.01009949348137453,0.03375527426160337,False,49,0.048812150955200195,False,0.0,-2.627515736926995,-9.323480378849752,-0.02044553136357763,CENTER,0.0,0.9623579630701302,0.00928351334678241,NORMAL,STABLE,NORMAL,NO_ACTION,False,0.0
2026-08-12T00:45:25.649663,0.39969517445096203,0.0037643800763888166,0.03380281690140845,False,49,0.048812150955200195,False,0.0,-3.4832745713540305,-9.603631607111794,-0.004139937749926048,CENTER,0.0,0.9624378429355281,0.010294207169458626,NORMAL,STABLE,NORMAL,NO_ACTION,False,0.0
2026-08-12T00:45:25.696818,0.39463976476270735,0.0056972288762474,0.03380281690140845,False,49,0.048812150955200195,False,0.0,-2.4717722746076163,-8.949522169906572,-0.12111185807731317,CENTER,0.0,0.9624873542524005,0.008960395176406899,NORMAL,STABLE,NORMAL,NO_ACTION,False,0.0
2026-08-12T00:45:25.741829,0.41978546545040063,0.02739819259878987,0.03380281690140845,False,49,0.048812150955200195,False,0.0,-3.573601556845432,-9.660202808978,0.17148703071143245,CENTER,0.0,0.962614200210048,0.01058319474264998,NORMAL,STABLE,NORMAL,NO_ACTION,False,0.0
2026-08-12T00:45:25.788485,0.4048988785453632,0.006070312196353044,0.03380281690140845,False,49,0.048812150955200195,False,0.0,-3.2881131066937996,-9.381954474185534,0.14270070834896842,CENTER,0.0,0.9631082952889232,0.010079602645841849,NORMAL,STABLE,NORMAL,NO_ACTION,False,0.0
2026-08-12T00:45:25.832978,0.3728983949380297,0.004784868611255288,0.03380281690140845,False,49,0.048812150955200195,False,0.0,-3.0853129813518194,-9.890711813901902,0.3272997350611888,CENTER,0.0,0.9627415150248628,0.010429511518437974,NORMAL,STABLE,NORMAL,NO_ACTION,False,0.0
2026-08-12T00:45:25.875235,0.38106611958850123,0.007459490543763426,0.03380281690140845,False,49,0.048812150955200195,False,0.0,-3.781894014907948,-8.606274070760008,0.018610657509441353,CENTER,0.0,0.9627052254801097,0.00987538762454342,NORMAL,STABLE,NORMAL,NO_ACTION,False,0.0
2026-08-12T00:45:25.914241,0.40696296742357074,0.002458108646045736,0.03380281690140845,False,49,0.048812150955200195,False,0.0,-2.8861018854244946,-11.333298136774886,0.3650834336378921,CENTER,0.0,0.9623220084233539,0.01131593081343453,NORMAL,STABLE,NORMAL,NO_ACTION,False,0.0
2026-08-12T00:45:25.966152,0.3909228430037593,0.007556001858810609,0.03380281690140845,False,49,0.048812150955200195,False,0.0,-3.312639115353079,-11.329637723808418,0.3958015983930352,CENTER,0.0,0.9617545840835048,0.01175360719154308,NORMAL,STABLE,NORMAL,NO_ACTION,False,0.0
2026-08-12T00:45:26.012594,0.3810265311668074,0.013181422436604558,0.03385049365303244,False,49,0.048812150955200195,False,0.0,-3.5468015337040697,-9.298035765123473,0.057402348910727596,CENTER,0.0,0.9622281030306927,0.010185962902514535,NORMAL,STABLE,NORMAL,NO_ACTION,False,0.0
2026-08-12T00:45:26.062319,0.3862390844949424,0.009765975613564286,0.03385049365303244,False,49,0.048812150955200195,False,0.0,-3.301879277092553,-9.654397155115248,0.14954343892890165,CENTER,0.0,0.9626056536136831,0.010296212412640933,NORMAL,STABLE,NORMAL,NO_ACTION,False,0.0
2026-08-12T00:45:26.105016,0.40518788803379147,0.0017970954104230732,0.03385049365303244,False,49,0.048812150955200195,False,0.0,-3.530521598893529,-8.23770673958694,-0.01368610671636361,CENTER,0.0,0.9616257153420781,0.009362395621029723,NORMAL,STABLE,NORMAL,NO_ACTION,False,0.0
2026-08-12T00:45:26.150538,0.3956821585958872,0.012516483813263521,0.03385049365303244,False,49,0.048812150955200195,False,0.0,-2.8560058406380904,-9.02154413319795,0.4164626312965538,CENTER,0.0,0.961898925111454,0.009666825587691141,NORMAL,STABLE,NORMAL,NO_ACTION,False,0.0
2026-08-12T00:45:26.198429,0.41856937950046125,0.011211873284842522,0.03385049365303244,False,49,0.048812150955200195,False,0.0,-3.1763858747261793,-9.069283706673389,0.4074905309925896,CENTER,0.0,0.9624277959962277,0.010001178475141448,NORMAL,STABLE,NORMAL,NO_ACTION,False,0.0
2026-08-12T00:45:26.237427,0.4055690715327745,0.013964532841486523,0.03385049365303244,False,49,0.048812150955200195,False,0.0,-3.028315120451424,-7.859127401762777,-0.27530839405892493,CENTER,0.0,0.9627137988683128,0.008857303544875674,NORMAL,STABLE,NORMAL,NO_ACTION,False,0.0
2026-08-12T00:45:26.277153,0.4107210430909267,0.006625727102624777,0.03385049365303244,False,49,0.048812150955200195,False,0.0,-4.073501352891725,-7.184704670453016,0.1801198652908056,CENTER,0.0,0.963213506837277,0.009285033064688135,NORMAL,STABLE,NORMAL,NO_ACTION,False,0.0
2026-08-12T00:45:26.321544,0.41348270130120024,0.0033207782197332905,0.03385049365303244,False,49,0.048812150955200195,False,0.0,-3.507206579727381,-10.993184910970797,0.6852219905335346,CENTER,0.0,0.9620376532493141,0.01197667587373016,NORMAL,STABLE,NORMAL,NO_ACTION,False,0.0
2026-08-12T00:45:26.364168,0.4152756694855959,0.007518019157845038,0.03380281690140845,False,49,0.048812150955200195,False,0.0,-3.1724930379902787,-9.096777964760605,0.3539453392208145,CENTER,0.0,0.9618696684242112,0.009965724745197045,NORMAL,STABLE,NORMAL,NO_ACTION,False,0.0
2026-08-12T00:45:26.398672,0.406002462375576,0.0045724606294592594,0.03375527426160337,False,49,0.048812150955200195,False,0.0,-3.609146472994979,-5.7275226411534845,-0.36707673297067345,CENTER,0.0,0.9626854664994856,0.00796549980954074,NORMAL,STABLE,NORMAL,NO_ACTION,False,0.0
2026-08-12T00:45:26.443409,0.40520495845710636,0.007120115349451637,0.03375527426160337,False,49,0.048812150955200195,False,0.0,-2.3940566020444294,-8.380915994010763,-0.24419842529221114,CENTER,0.0,0.9628361036093965,0.008593425651628243,NORMAL,STABLE,NORMAL,NO_ACTION,False,0.0
2026-08-12T00:45:26.485867,0.38391501092886615,0.004760248716342242,0.03375527426160337,False,49,0.048812150955200195,False,0.0,-3.847765217155228,-8.873938274955606,0.046634669285992914,CENTER,0.0,0.9613280044367284,0.010159118274411336,NORMAL,STABLE,NORMAL,NO_ACTION,False,0.0
2026-08-12T00:45:26.533071,0.3731267008849961,0.006083482519962874,0.03380281690140845,False,49,0.048812150955200195,False,0.0,-3.2365733391689844,-11.079853654443781,-0.070990832219195,CENTER,0.0,0.9622776947230796,0.011187178322879496,NORMAL,STABLE,NORMAL,NO_ACTION,False,0.0
2026-08-12T00:45:26.576247,0.3821548090451713,0.009608882528055912,0.03375527426160337,False,49,0.048812150955200195,False,0.0,-4.219824665445287,-9.457637309934256,-0.15091348069142896,CENTER,0.0,0.9625223309970851,0.01103937479049158,NORMAL,STABLE,NORMAL,NO_ACTION,False,0.0
2026-08-12T00:45:26.627430,0.35952737769380183,0.006581316869167437,0.03380281690140845,False,49,0.048812150955200195,False,0.0,-3.1955171480251465,-11.590747448960371,-0.13177854791842947,CENTER,0.0,0.962027673289609,0.011575157901824453,NORMAL,STABLE,NORMAL,NO_ACTION,False,0.0
2026-08-12T00:45:26.670098,0.3735927360643113,0.007941810053311236,0.03375527426160337,False,49,0.048812150955200195,False,0.0,-4.628224651351303,-9.884964797694664,0.03402981114541603,CENTER,0.0,0.962793759109225,0.011628719614072618,NORMAL,STABLE,NORMAL,NO_ACTION,False,0.0
2026-08-12T00:45:26.712923,0.3894885485000704,0.005744571762130884,0.03375527426160337,False,49,0.048812150955200195,False,0.0,-3.578997946550288,-9.750347638633087,-0.1446379326280578,CENTER,0.0,0.9627899010845334,0.010627641178221564,NORMAL,STABLE,NORMAL,NO_ACTION,False,0.0
2026-08-12T00:45:26.752728,0.387467636269993,0.01395411623979566,0.03375527426160337,False,49,0.048812150955200195,False,0.0,-3.7546562560025905,-10.987709997495159,0.09175659392604985,CENTER,0.0,0.9619955900634432,0.01163952144627038,NORMAL,STABLE,NORMAL,NO_ACTION,False,0.0
2026-08-12T00:45:26.787888,0.37524289843262726,0.003228307096694532,0.03375527426160337,False,49,0.048812150955200195,False,0.0,-4.793755909478705,-8.475820144278117,-0.37828447953413047,CENTER,0.0,0.9627868200231482,0.011101908997324335,NORMAL,STABLE,NORMAL,NO_ACTION,False,0.0
2026-08-12T00:45:26.829654,0.39385792400629793,0.008015528624328552,0.033707865168539325,False,49,0.048812150955200195,False,0.0,-3.459649452092833,-10.49833265740341,-0.03005482118558689,CENTER,0.0,0.9634058454432441,0.01094258510831872,NORMAL,STABLE,NORMAL,NO_ACTION,False,0.0
2026-08-12T00:45:26.875437,0.37456648076451227,0.01095842787140377,0.033707865168539325,False,49,0.048812150955200195,False,0.0,-3.001543133651154,-9.259219733690031,-0.335446877770778,CENTER,0.0,0.9631254956490055,0.009900612040886141,NORMAL,STABLE,NORMAL,NO_ACTION,False,0.0
2026-08-12T00:45:26.929923,0.390555628801131,0.001132526418838875,0.03375527426160337,False,49,0.048812150955200195,False,0.0,-4.440945206989966,-9.39114722955216,-0.25204635473693315,CENTER,0.0,0.9625349901406034,0.011301672280783943,NORMAL,STABLE,NORMAL,NO_ACTION,False,0.0
2026-08-12T00:45:26.966670,0.33849739811982993,0.005839252701645801,0.033707865168539325,False,49,0.048812150955200195,False,0.0,-5.437572419493108,-8.32828386182777,-0.8381454887641837,CENTER,0.0,0.9630196812842934,0.012058155589641894,NORMAL,STABLE,NORMAL,NO_ACTION,False,0.0
2026-08-12T00:45:26.998651,0.3511816075796116,0.004863462712381628,0.033707865168539325,False,49,0.048812150955200195,False,0.0,-4.6795981351482965,-8.054655197601988,-1.4633800704910698,CENTER,0.0,0.9640132298096707,0.01173271147036527,NORMAL,STABLE,NORMAL,NO_ACTION,False,0.0
2026-08-12T00:45:27.045442,0.33625799304227866,0.011118292247500198,0.033707865168539325,False,49,0.048812150955200195,False,0.0,-5.176106958093499,-7.134086851744797,-2.036298848963497,CENTER,0.0,0.9635109900120027,0.012097675725648351,NORMAL,STABLE,NORMAL,NO_ACTION,False,0.0
2026-08-12T00:45:27.070981,0.3640090714037715,0.0015953191964228164,0.033707865168539325,False,49,0.048812150955200195,False,0.0,-5.708857707195392,-5.209205952597159,-2.5160671477852077,CENTER,0.0,0.9629393995413238,0.011682502307597787,NORMAL,STABLE,NORMAL,NO_ACTION,False,0.0
2026-08-12T00:45:27.109557,0.34415849086101313,0.0017532943396724042,0.033660589060308554,False,49,0.048812150955200195,False,0.0,-6.193494014984253,-0.775997896920984,-3.4231801510712785,CENTER,0.0,0.9622993827160494,0.00982094397434826,NORMAL,STABLE,NORMAL,NO_ACTION,False,0.0
2026-08-12T00:45:27.209121,0.36101010548967305,0.017940691346760646,0.033707865168539325,False,49,0.048812150955200195,False,0.0,-4.998729265826711,-0.08547957870621303,-4.1274966783831815,CENTER,0.0,0.9617815098808299,0.008849952827193643,NORMAL,STABLE,NORMAL,NO_ACTION,False,0.0
2026-08-12T00:45:27.248289,0.3590516695847885,0.004492110023171438,0.033707865168539325,False,49,0.048812150955200195,False,0.0,-6.4524864970591125,1.4482349505890113,-5.171075731235248,CENTER,0.0,0.9636876553926612,0.012239007387857005,NORMAL,STABLE,NORMAL,NO_ACTION,False,0.0
2026-08-12T00:45:27.293065,0.36473993656386366,0.00238028634967636,0.033707865168539325,False,49,0.048812150955200195,False,0.0,-6.761698870773529,4.510781906839668,-5.851556871124103,CENTER,0.0,0.964392133380487,0.01540388505454489,NORMAL,STABLE,NORMAL,NO_ACTION,False,0.0
2026-08-12T00:45:27.332660,0.36787606912569965,0.02893901624214247,0.033707865168539325,False,49,0.048812150955200195,False,0.0,-6.656824835652202,4.248468567990301,-5.784930586149613,CENTER,0.0,0.9631116844564472,0.015049288075654003,NORMAL,STABLE,NORMAL,NO_ACTION,False,0.0
2026-08-12T00:45:27.367944,0.346528973295273,0.009340929660964697,0.033660589060308554,False,49,0.048812150955200195,False,0.0,-7.039758664229026,4.745096102597984,-6.178817652759221,CENTER,0.0,0.9629565463177298,0.01615601326823538,NORMAL,STABLE,NORMAL,NO_ACTION,False,0.0
2026-08-12T00:45:27.406343,0.3608369874629668,0.0013993470641235617,0.033660589060308554,False,49,0.048812150955200195,False,0.0,-7.975195964701243,5.875890494519325,-6.222365201195004,CENTER,0.0,0.9626043943972908,0.017915424257645526,NORMAL,STABLE,NORMAL,NO_ACTION,False,0.0
2026-08-12T00:45:27.450526,0.33412936799911486,0.0012670230037934802,0.033660589060308554,False,49,0.048812150955200195,False,0.0,-6.699789241222874,2.122577455420924,-6.486782963833207,CENTER,0.0,0.9638143539951989,0.014231153248598747,NORMAL,STABLE,NORMAL,NO_ACTION,False,0.0
2026-08-12T00:45:27.493146,0.3468038532318136,0.0023830537166721847,0.033660589060308554,False,49,0.048812150955200195,False,0.0,-6.912966734608318,4.648916510006387,-6.866259738369024,CENTER,0.0,0.963429529428155,0.016626435564538352,NORMAL,STABLE,NORMAL,NO_ACTION,False,0.0
2026-08-12T00:45:27.535729,0.33188236501508117,0.002243001305063078,0.03361344537815126,False,49,0.048812150955200195,False,0.0,-7.430252613829765,4.503807864478517,-6.986192745650413,CENTER,0.0,0.9634303733710563,0.017135253063104285,NORMAL,STABLE,NORMAL,NO_ACTION,False,0.0
2026-08-12T00:45:27.572769,0.3578902021929673,0.010661942068962373,0.03361344537815126,False,49,0.048812150955200195,False,0.0,-7.016067249006483,5.69496664695518,-7.1462234986946385,CENTER,0.0,0.9634527311599795,0.017750792927994637,NORMAL,STABLE,NORMAL,NO_ACTION,False,0.0
2026-08-12T00:45:27.612881,0.344381616982959,0.018150446461823906,0.03361344537815126,False,49,0.048812150955200195,False,0.0,-7.380851091715215,3.2418635930891355,-7.238586595351933,CENTER,0.0,0.9643280740955076,0.01641932296033274,NORMAL,STABLE,NORMAL,NO_ACTION,False,0.0
2026-08-12T00:45:27.646237,0.35457017368712085,0.012674979684818873,0.03361344537815126,False,49,0.048812150955200195,False,0.0,-7.279204099431723,5.466074199179644,-7.652814617719002,CENTER,0.0,0.9649584592549724,0.018326701241848962,NORMAL,STABLE,NORMAL,NO_ACTION,False,0.0
2026-08-12T00:45:27.682748,0.350030277836588,0.011493254392617851,0.03361344537815126,False,49,0.048812150955200195,False,0.0,-7.8259609442179965,5.456697426476012,-8.07497715425228,CENTER,0.0,0.9649785531335734,0.019252962606537385,NORMAL,STABLE,NORMAL,NO_ACTION,False,0.0
2026-08-12T00:45:27.716639,0.34531226739342286,0.009739850537886985,0.03361344537815126,False,49,0.048812150955200195,False,0.0,-6.655557645965217,6.245880603533493,-8.211602438616751,CENTER,0.0,0.9644991131901577,0.018827438295112384,NORMAL,STABLE,NORMAL,NO_ACTION,False,0.0
2026-08-12T00:45:27.755997,0.36566605842624406,0.015672729005057087,0.033566433566433566,False,49,0.048812150955200195,False,0.0,-6.995590701274409,5.099323986490049,-8.336315015125763,CENTER,0.0,0.9640557752486283,0.018446902457887424,NORMAL,STABLE,NORMAL,NO_ACTION,False,0.0
2026-08-12T00:45:27.789226,0.33792742510369345,0.013365174036221459,0.033566433566433566,False,49,0.048812150955200195,False,0.0,-7.876150544605281,6.3962513204543825,-9.028332998032113,CENTER,0.0,0.9640439466520919,0.020897906402127134,NORMAL,STABLE,NORMAL,NO_ACTION,False,0.0
2026-08-12T00:45:27.834807,0.34255848916219644,0.005471860391149637,0.033566433566433566,False,49,0.048812150955200195,False,0.0,-6.271863349247724,4.990485682345678,-9.049949624023924,CENTER,0.0,0.9647129254543897,0.018358578078177912,NORMAL,STABLE,NORMAL,NO_ACTION,False,0.0
2026-08-12T00:45:27.879112,0.32648635135426024,0.006020541526459638,0.033566433566433566,False,49,0.048812150955200195,False,0.0,-8.704817545946582,6.662920712501062,-9.71916929505872,CENTER,0.0,0.9652952594521604,0.022553726361478094,NORMAL,STABLE,NORMAL,NO_ACTION,False,0.0
2026-08-12T00:45:27.917610,0.33026449431479005,0.019114978933511245,0.033566433566433566,False,49,0.048812150955200195,False,0.0,-8.437678996890838,6.499304241822671,-10.115836884557865,CENTER,0.0,0.9599556862997256,0.022560290579007717,NORMAL,STABLE,NORMAL,NO_ACTION,False,0.0
2026-08-12T00:45:27.952183,0.32067212312747284,0.007220037341846074,0.033566433566433566,False,49,0.048812150955200195,False,0.0,-8.153036803910197,6.447760351119285,-10.064533675819519,CENTER,0.0,0.9558984374999999,0.02219956145628884,NORMAL,STABLE,NORMAL,NO_ACTION,False,0.0
2026-08-12T00:45:27.987110,0.32182568562872627,0.008381858412807692,0.0335195530726257,False,49,0.048812150955200195,False,0.0,-8.990104968901136,6.542880146700526,-10.606046677771957,CENTER,0.0,0.9524209774734225,0.02359578169163558,NORMAL,STABLE,NORMAL,NO_ACTION,False,0.0
2026-08-12T00:45:28.028956,0.31085256082430224,0.006587649612412421,0.0335195530726257,False,49,0.048812150955200195,False,0.0,-8.609378019406108,5.522311894578394,-10.867949239779819,CENTER,0.0,0.9524721900720164,0.022744281136411585,NORMAL,STABLE,NORMAL,NO_ACTION,False,0.0
2026-08-12T00:45:28.073410,0.3085992784257569,0.005525026709330346,0.033566433566433566,False,49,0.048812150955200195,False,0.0,-8.498024481521611,5.115973208522746,-15.251500950586149,CENTER,0.0,0.9507770168895748,0.026564782918555387,NORMAL,STABLE,NORMAL,NO_ACTION,False,0.0
2026-08-12T00:45:28.107633,0.2967086749342369,0.009025750786785245,0.0335195530726257,False,49,0.048812150955200195,False,0.0,-7.565327088359709,2.926188901805915,-15.942307503479213,CENTER,0.0,0.950297751093107,0.02913877353112955,NORMAL,STABLE,NORMAL,NO_ACTION,False,0.0
2026-08-12T00:45:28.146229,0.27915560079837365,0.002231098839370401,0.0335195530726257,False,49,0.048812150955200195,False,0.0,-8.031894838203073,1.6936691497958236,-16.167370656232237,CENTER,0.0,0.9496700183256171,0.0523187341679587,NORMAL,STABLE,NORMAL,NO_ACTION,False,0.0
2026-08-12T00:45:28.180016,0.29835822479614627,0.0016488586316545557,0.0335195530726257,False,49,0.048812150955200195,False,0.0,-7.667511605400051,1.6349057842069499,-16.60487734675914,CENTER,0.0,0.9508069165809327,0.02674321047729291,NORMAL,STABLE,NORMAL,NO_ACTION,False,0.0
2026-08-12T00:45:28.217303,0.291050883705888,0.002596001008420944,0.0335195530726257,False,49,0.048812150955200195,False,0.0,-7.151485767301523,2.0911125522296174,-16.475130325890376,CENTER,0.0,0.9511656458976337,0.03619395925109254,NORMAL,STABLE,NORMAL,NO_ACTION,False,0.0
2026-08-12T00:45:28.247484,0.299151616581135,0.006056123915161248,0.0335195530726257,False,49,0.048812150955200195,False,0.0,-8.886223952351372,2.651088543639048,-16.081643953517442,CENTER,0.0,0.949492200895919,0.027088985008618175,NORMAL,STABLE,NORMAL,NO_ACTION,False,0.0
2026-08-12T00:45:28.287356,0.28527568559518174,0.0017341202653345562,0.03347280334728033,False,49,0.048812150955200195,False,0.0,-7.226626750137598,3.196876562796092,-16.00033720967255,CENTER,0.0,0.9493749062285666,0.04430798053714981,NORMAL,STABLE,NORMAL,NO_ACTION,False,0.0
2026-08-12T00:45:28.322340,0.2500018308902717,0.003294666161434996,0.03347280334728033,False,49,0.048812150955200195,False,0.0,-7.498285873041425,3.99426238026129,-16.079516156991986,CENTER,0.0,0.9491698548954046,0.09225352063504375,NORMAL,STABLE,NORMAL,NO_ACTION,False,0.0
2026-08-12T00:45:28.370839,0.2982607585153426,0.002168275594821035,0.03347280334728033,False,49,0.048812150955200195,False,0.0,-7.142558296002591,6.210556098997301,-16.234210739621517,UP,0.0,0.9482487916881002,0.05531535304830887,NORMAL,STABLE,NORMAL,NO_ACTION,False,0.0
2026-08-12T00:45:28.406068,0.28649879961716207,0.0058695040985443855,0.033426183844011144,False,49,0.048812150955200195,False,0.0,-5.789921848212828,3.919680635353302,-15.679003273219791,UP,0.03522944450378418,0.948845285172325,0.06750626071588157,NORMAL,STABLE,NORMAL,NO_ACTION,False,0.0
2026-08-12T00:45:28.441644,0.2774758122643645,0.004979127444693592,0.033426183844011144,False,49,0.048812150955200195,False,0.0,-6.512902883781948,5.991058102408061,-15.777826299455654,UP,0.07080483436584473,0.9494536608367626,0.08182427223125971,NORMAL,STABLE,NORMAL,NO_ACTION,False,0.0
2026-08-12T00:45:28.470956,0.22746430748617974,0.004784286664133739,0.033426183844011144,False,49,0.048812150955200195,False,0.0,-5.536525037576013,3.985481018215836,-15.778198382732029,UP,0.10011720657348633,0.9491587362825789,0.1461179488622499,NORMAL,STABLE,NORMAL,NO_ACTION,False,0.0
2026-08-12T00:45:28.496841,0.26411192281391965,0.0029688552211066797,0.03337969401947149,False,49,0.048812150955200195,False,0.0,-7.175710203829482,4.5229470438519,-16.106948659055007,UP,0.12600231170654297,0.947823230131173,0.09953768061070374,NORMAL,STABLE,NORMAL,NO_ACTION,False,0.0
2026-08-12T00:45:28.527079,0.26277822780152293,0.003327459054724535,0.03337969401947149,False,49,0.048812150955200195,False,0.0,-6.119139650740436,4.040195889336815,-16.231006301329643,UP,0.15624046325683594,0.9472909164951989,0.10006931162003942,NORMAL,STABLE,NORMAL,NO_ACTION,False,0.0
2026-08-12T00:45:28.563883,0.24677047933917043,0.003094860729589911,0.03333333333333333,False,49,0.048812150955200195,False,0.0,-7.2848800515440075,4.664513879116413,-16.758828489883285,UP,0.19304394721984863,0.9458725699802812,0.12349471061147199,NORMAL,STABLE,NORMAL,NO_ACTION,False,0.0
2026-08-12T00:45:28.591422,0.24916276402923448,0.0057475032370304605,0.03333333333333333,False,49,0.048812150955200195,False,0.0,-8.778678550648465,4.110542300326642,-16.88408741797255,UP,0.2205827236175537,0.9461301868998628,0.12146399944400274,NORMAL,STABLE,NORMAL,NO_ACTION,False,0.0
2026-08-12T00:45:28.624753,0.27518531942043495,0.0058323339948412245,0.033287101248266296,False,49,0.048812150955200195,False,0.0,-7.921344468253835,4.696353275997268,-16.705070800924915,UP,0.25391411781311035,0.9480012484996571,0.08619237728684948,NORMAL,STABLE,NORMAL,NO_ACTION,False,0.0
2026-08-12T00:45:28.651256,0.23431445351637853,0.006870433000830258,0.033287101248266296,False,49,0.048812150955200195,False,0.0,-8.901898214232858,4.225428263533985,-16.98755512387399,UP,0.28041696548461914,0.9488586007158778,0.14156301153111348,NORMAL,STABLE,NORMAL,NO_ACTION,False,0.0
2026-08-12T00:45:28.674861,0.24384287426975765,0.002662724236930717,0.0332409972299169,False,49,0.048812150955200195,False,0.0,-8.828133122649461,5.419300611675965,-16.7789102441551,UP,0.30402183532714844,0.9485033409422153,0.1294487413241972,NORMAL,STABLE,NORMAL,NO_ACTION,False,0.0
2026-08-12T00:45:28.707041,0.2223344956712892,0.006104388487856857,0.0332409972299169,False,49,0.048812150955200195,False,0.0,-9.414082952723845,2.805609295051255,-16.216272266362665,UP,0.33620214462280273,0.9479707593878601,0.15626136195493842,NORMAL,STABLE,NORMAL,NO_ACTION,False,0.0
2026-08-12T00:45:28.739275,0.28266776995112364,0.0072514685989451145,0.0332409972299169,False,49,0.048812150955200195,False,0.0,-7.641841303433807,6.13466562579012,-16.4495920919274,UP,0.3684360980987549,0.9469525891632374,0.07673938999043879,NORMAL,STABLE,NORMAL,NO_ACTION,False,0.0
2026-08-12T00:45:28.769780,0.2803512048878387,0.002404407929865236,0.03319502074688797,False,49,0.048812150955200195,False,0.0,-7.529375141575201,6.231745447881337,-16.218359708844105,UP,0.3989408016204834,0.9472481165337792,0.07956728764379238,NORMAL,STABLE,NORMAL,NO_ACTION,False,0.0
2026-08-12T00:45:28.802350,0.2877184554554836,0.002566640777674014,0.03319502074688797,False,49,0.048812150955200195,False,0.0,-9.544250567734679,4.774125584071783,-16.23101038873324,UP,0.43151116371154785,0.9471863479509602,0.0706439939763021,NORMAL,STABLE,NORMAL,NO_ACTION,False,0.0
2026-08-12T00:45:28.834789,0.2825663248336498,0.0029735611527645397,0.03319502074688797,False,49,0.048812150955200195,False,0.0,-8.659145298419816,4.57791686529211,-16.357323687563394,UP,0.46394991874694824,0.9482237681112826,0.07664110661101359,NORMAL,STABLE,NORMAL,NO_ACTION,False,0.0
2026-08-12T00:45:28.866429,0.29127090787901555,0.0024464664777773676,0.03314917127071823,False,49,0.048812150955200195,False,0.0,-8.713623935473635,4.5529253821913755,-16.35312564109836,UP,0.4955902099609375,0.9487797389403292,0.06506536482589051,NORMAL,STABLE,NORMAL,NO_ACTION,False,0.0
2026-08-12T00:45:28.898900,0.29101791929586807,0.002416155556501082,0.03314917127071823,False,49,0.048812150955200195,False,0.0,-7.982829365814695,4.377128343485737,-16.49252912002143,UP,0.5280609130859375,0.9471639499742798,0.061588870258852124,NORMAL,STABLE,NORMAL,NO_ACTION,False,0.0
2026-08-12T00:45:28.930620,0.27615847159208307,0.0037105093588262685,0.03314917127071823,False,49,0.048812150955200195,False,0.0,-9.322141111816478,5.355456261931124,-16.79002598345977,UP,0.5597808361053467,0.9464613608110426,0.08505875342641127,NORMAL,STABLE,NORMAL,NO_ACTION,False,0.0
2026-08-12T00:45:28.962921,0.2833464350981159,0.004091814934695844,0.03314917127071823,False,49,0.048812150955200195,False,0.0,-8.503996972719506,4.224269212693599,-16.49023117180525,UP,0.5920820236206055,0.946383142039609,0.07498101798181867,NORMAL,STABLE,NORMAL,NO_ACTION,False,0.0
2026-08-12T00:45:28.998702,0.2752263569233771,0.002685972865764813,0.03314917127071823,False,49,0.048812150955200195,False,0.0,-7.9506161338577215,5.928658749613959,-16.39136791262146,UP,0.6278631687164307,0.9464316352666324,0.08796116625861404,NORMAL,STABLE,NORMAL,NO_ACTION,False,0.0
2026-08-12T00:45:29.036616,0.2779037674834015,0.006123956542940758,0.03314917127071823,False,49,0.048812150955200195,False,0.0,-8.170728376857198,5.5079732458533215,-16.35963678202728,UP,0.6657767295837402,0.9464934306412894,0.08591178209761695,NORMAL,STABLE,NORMAL,NO_ACTION,False,0.0
2026-08-12T00:45:29.060302,0.2820671667339327,0.0026284804393509375,0.03314917127071823,False,49,0.048812150955200195,False,0.0,-9.100277754519965,4.927031275678132,-16.38378405206376,UP,0.6894636154174805,0.9471807886445474,0.08188582016532504,NORMAL,STABLE,NORMAL,NO_ACTION,False,0.0
2026-08-12T00:45:29.091327,0.27344411347368514,0.0038523117508794547,0.03310344827586207,False,49,0.048812150955200195,False,0.0,-9.230163188234542,5.23552501995826,-16.348901482593817,UP,0.7204878330230713,0.947088852451989,0.09504189255240933,NORMAL,STABLE,NORMAL,NO_ACTION,False,0.0
2026-08-12T00:45:29.122588,0.28232810533652297,0.0029566276421125323,0.03310344827586207,False,49,0.048812150955200195,False,0.0,-9.101656046202777,6.888060730818722,-16.507526447331543,UP,0.7517495155334473,0.9465242680469821,0.08577374333859865,NORMAL,STABLE,NORMAL,NO_ACTION,False,0.0
2026-08-12T00:45:29.154929,0.2733809468280448,0.002491323145284988,0.03305785123966942,False,49,0.048812150955200195,False,0.0,-9.345694840263292,4.171607178288582,-15.837174474496408,UP,0.7840902805328369,0.9467406389317559,0.09673231424348834,NORMAL,STABLE,NORMAL,NO_ACTION,False,0.0
2026-08-12T00:45:29.203218,0.2898197866090367,0.003180858915703126,0.033012379642365884,False,49,0.048812150955200195,False,0.0,-8.939810972404018,5.341319339676687,-16.106291169598137,UP,0.8323793411254883,0.9476599338777435,0.07761947755582414,NORMAL,STABLE,NORMAL,NO_ACTION,False,0.0
2026-08-12T00:45:29.238029,0.28416600734742775,0.00789431908768424,0.033012379642365884,False,49,0.048812150955200195,False,0.0,-9.385875714056567,5.1721857146247885,-16.34492070101021,UP,0.8671896457672119,0.9486897183641975,0.08720347960248734,NORMAL,STABLE,NORMAL,NO_ACTION,False,0.0
2026-08-12T00:45:29.273076,0.29639096407950405,0.004580393604322049,0.033012379642365884,False,49,0.048812150955200195,False,0.0,-9.332560589149978,3.486582659761382,-15.974174489817415,UP,0.9022369384765625,0.9495705402306243,0.07079651796570116,NORMAL,STABLE,NORMAL,NO_ACTION,False,0.0
2026-08-12T00:45:29.300300,0.28683840683516465,0.003978752525032633,0.03296703296703297,False,49,0.048812150955200195,False,0.0,-10.089563846774155,5.991280634925943,-16.195175373685913,UP,0.9294610023498535,0.949894962598594,0.08746370069616366,NORMAL,STABLE,NORMAL,NO_ACTION,False,0.0
2026-08-12T00:45:29.331164,0.25937903233985526,0.003815328954470944,0.03296703296703297,False,49,0.048812150955200195,False,0.0,-9.003757633408043,7.219313880347414,-15.92185037677396,UP,0.9603254795074463,0.9493836805555554,0.12499178058223812,NORMAL,STABLE,NORMAL,NO_ACTION,False,0.0
2026-08-12T00:45:29.362095,0.2642145231302211,0.004919259982428856,0.03296703296703297,False,49,0.048812150955200195,False,0.0,-9.996635720318636,5.054007310245453,-15.88763703422913,UP,0.9912562370300293,0.9489913408779149,0.11924411847426677,NORMAL,STABLE,NORMAL,NO_ACTION,False,0.0
2026-08-12T00:45:29.396883,0.2640178514108442,0.0056854699081227075,0.03296703296703297,False,49,0.048812150955200195,False,0.0,-9.562942569903498,5.730411454853737,-15.538973307086536,UP,1.0260438919067383,0.9498874742798353,0.12074894588562521,NORMAL,STABLE,NORMAL,NO_ACTION,False,0.0
2026-08-12T00:45:29.430627,0.2779789380040064,0.004590079645212977,0.03296703296703297,False,49,0.048812150955200195,False,0.0,-8.49853296348067,5.726280833044342,-15.630722902114655,UP,1.0597879886627197,0.9514292240012002,0.10265678916077756,NORMAL,STABLE,NORMAL,NO_ACTION,False,0.0
2026-08-12T00:45:29.458809,0.24838613383678948,0.001937631614802568,0.03292181069958848,False,49,0.048812150955200195,False,0.0,-9.004326573980109,5.004636417447557,-15.539832317667589,UP,1.08797025680542,0.9509754238468793,0.1432134416170736,NORMAL,STABLE,NORMAL,NO_ACTION,False,0.0
2026-08-12T00:45:29.491244,0.25527488492045536,0.008210279504398746,0.03292181069958848,False,49,0.048812150955200195,False,0.0,-8.531153204504363,4.944383165334386,-15.964406860499736,UP,1.1204047203063965,0.9513039587620027,0.1353436184828229,NORMAL,STABLE,NORMAL,NO_ACTION,False,0.0
2026-08-12T00:45:29.528226,0.2682903503728567,0.0055706916235517,0.03292181069958848,False,49,0.048812150955200195,False,0.0,-8.827880103620004,3.98843348194373,-15.375455863579191,UP,1.1573870182037354,0.9503715760030864,0.11862042170076337,NORMAL,STABLE,NORMAL,NO_ACTION,False,0.0
2026-08-12T00:45:29.586728,0.2920664587910926,0.00707556873397411,0.03292181069958848,False,49,0.048812150955200195,False,0.0,-7.44966729025947,0.0714493973237893,-14.622709988997116,UP,1.2158889770507812,0.9503279320987653,0.08457306145105796,NORMAL,STABLE,NORMAL,NO_ACTION,False,0.0
2026-08-12T00:45:29.618743,0.25257261933383546,0.010236604541105553,0.03292181069958848,False,49,0.048812150955200195,False,0.0,-6.24865269720371,2.591915579135133,-15.108982006958087,UP,1.2479043006896973,0.950394027563443,0.13975091081074856,NORMAL,STABLE,NORMAL,NO_ACTION,False,0.0
2026-08-12T00:45:29.649358,0.23609691636821323,0.002878079777756104,0.03292181069958848,False,49,0.048812150955200195,False,0.0,-5.962618581731846,-0.27010091938419123,-14.084372018199133,UP,1.2785189151763916,0.9510618409207819,0.16010618018618145,NORMAL,RISING,NORMAL,NO_ACTION,False,0.0
2026-08-12T00:45:29.677133,0.2335575430720554,0.005004015777558802,0.03292181069958848,False,49,0.048812150955200195,False,0.0,-5.5877611526115345,-2.53237352742795,-12.821455614716484,UP,1.3062944412231445,0.9511752641675238,0.16475236538416513,NORMAL,STABLE,NORMAL,NO_ACTION,False,0.0
2026-08-12T00:45:29.705193,0.234776654309814,0.003725583616963342,0.03287671232876712,False,49,0.048812150955200195,False,0.0,-3.699515385745798,-4.80221961613023,-12.726031194003866,UP,1.3343544006347656,0.9494286774477023,0.16407194767323713,NORMAL,STABLE,NORMAL,NO_ACTION,False,0.0
2026-08-12T00:45:29.735755,0.22194472704785945,0.009956428807768243,0.03287671232876712,False,49,0.048812150955200195,False,0.0,-2.027493910907822,-3.2941746661344666,-12.022461935990748,UP,1.3649165630340576,0.9474501939729081,0.17912879492725528,NORMAL,STABLE,NORMAL,NO_ACTION,False,0.0
2026-08-12T00:45:29.763142,0.2399946819270713,0.003190613697304843,0.03287671232876712,False,49,0.048812150955200195,False,0.0,-1.4722356114694435,-5.198485040444837,-10.908918243266896,UP,1.392303228378296,0.9468306729038066,0.15601728467925402,NORMAL,STABLE,NORMAL,NO_ACTION,False,0.0
2026-08-12T00:45:29.795918,0.22440429821452362,0.00722849639740908,0.03283173734610123,False,49,0.048812150955200195,False,0.0,-0.5875472418859715,-6.481785555123452,-10.452563736091037,UP,1.4250788688659668,0.9473133680555555,0.1778601942445422,NORMAL,STABLE,NORMAL,NO_ACTION,False,0.0
2026-08-12T00:45:29.826576,0.22265365955079108,0.004647550091196636,0.03283173734610123,False,49,0.048812150955200195,False,0.0,-0.35837349737658997,-8.581138590953287,-10.104419255926473,UP,1.455737590789795,0.9484299982853225,0.1824831870927796,NORMAL,STABLE,NORMAL,NO_ACTION,False,0.0
2026-08-12T00:45:29.858881,0.2252123981649526,0.004899645260322831,0.03283173734610123,False,49,0.048812150955200195,False,0.0,-0.12570783654041406,-7.933386151787545,-9.094803212781585,UP,1.4880423545837402,0.9478766664523318,0.17880731622840412,NORMAL,STABLE,NORMAL,NO_ACTION,False,0.0
2026-08-12T00:45:29.890079,0.23243690926930885,0.014211461267444386,0.03278688524590164,False,49,0.048812150955200195,False,0.0,-1.706293074310679,-9.673001796634793,-8.446342676277823,UP,1.5192396640777588,0.9459983576603224,0.17268050880835328,NORMAL,STABLE,NORMAL,NO_ACTION,False,0.0
2026-08-12T00:45:29.923543,0.2584694850202809,0.00515969553075626,0.03278688524590164,False,49,0.048812150955200195,False,0.0,-0.22578196869127964,-11.430208406210653,-8.078133280053947,UP,1.552703857421875,0.9513798466435185,0.13890936714229501,NORMAL,STABLE,NORMAL,NO_ACTION,False,0.0
2026-08-12T00:45:29.986909,0.36857867931247756,0.01148964061007213,0.03283173734610123,False,49,0.048812150955200195,False,0.0,-0.9205729812553045,-14.882667210496635,-6.964809661292833,UP,1.616070032119751,0.9574847554441016,0.08837162581077943,NORMAL,STABLE,NORMAL,NO_ACTION,False,0.0
2026-08-12T00:45:30.018669,0.3565103330516026,0.007981570200382423,0.03278688524590164,False,49,0.048812150955200195,False,0.0,-0.41973705276319606,-12.986559554242518,-6.856784116078103,UP,1.6478297710418701,0.9588284866898148,0.08779215903024412,NORMAL,STABLE,NORMAL,NO_ACTION,False,0.0
2026-08-12T00:45:30.050916,0.37514153369443837,0.028527197920971893,0.03278688524590164,False,49,0.048812150955200195,False,0.0,-0.8330291684993938,-11.54466628209724,-6.713229308370984,UP,1.680077314376831,0.9597320682227366,0.08840793224890439,NORMAL,STABLE,NORMAL,NO_ACTION,False,0.0
2026-08-12T00:45:30.083002,0.332763995456352,0.007976437533737724,0.03278688524590164,False,49,0.048812150955200195,False,0.0,-1.084946300992101,-12.740595187304535,-5.8439990297618465,CENTER,0.0,0.9536755186899863,0.01587385869452004,NORMAL,STABLE,NORMAL,NO_ACTION,False,0.0
2026-08-12T00:45:30.115197,0.3755894027310842,0.01186326143079378,0.03278688524590164,False,49,0.048812150955200195,False,0.0,-1.4677676955539596,-12.32464810320127,-5.869568510619445,CENTER,0.0,0.9556711355452674,0.015966717754553085,NORMAL,STABLE,NORMAL,NO_ACTION,False,0.0
2026-08-12T00:45:30.145128,0.37628226343874294,0.006965832598500022,0.03278688524590164,False,49,0.048812150955200195,False,0.0,-2.0661682621601187,-14.422001235648935,-5.407387629507809,CENTER,0.0,0.9557258042909809,0.017612647306611866,NORMAL,STABLE,NORMAL,NO_ACTION,False,0.0
2026-08-12T00:45:30.170946,0.38729988241926705,0.017278168744569382,0.03274215552523874,False,49,0.048812150955200195,False,0.0,-2.0746522317855636,-11.971699244573898,-5.414187971181633,CENTER,0.0,0.9576886815200617,0.01585770298319771,NORMAL,STABLE,NORMAL,NO_ACTION,False,0.0
2026-08-12T00:45:30.210348,0.3766324723940137,0.02202934005247632,0.03274215552523874,False,49,0.048812150955200195,False,0.0,-1.948258809050344,-13.730731043172398,-4.73337867913375,CENTER,0.0,0.9521323356052811,0.016350808519801786,NORMAL,STABLE,NORMAL,NO_ACTION,False,0.0
2026-08-12T00:45:30.237736,0.4019991266031047,0.0010846892547123211,0.03274215552523874,False,49,0.048812150955200195,False,0.0,-2.6501069685684797,-12.443351920406116,-4.569921449443626,CENTER,0.0,0.9554368007330247,0.015939485233934594,NORMAL,STABLE,NORMAL,NO_ACTION,False,0.0
2026-08-12T00:45:30.270689,0.3794415600133115,0.010166072147119728,0.0326975476839237,False,49,0.048812150955200195,False,0.0,-2.5984502331929775,-12.634910984846101,-4.268496643114503,CENTER,0.0,0.9590560967506858,0.015737828999573836,NORMAL,STABLE,NORMAL,NO_ACTION,False,0.0
2026-08-12T00:45:30.302662,0.3672076199677386,0.009339291556840835,0.0326530612244898,False,49,0.048812150955200195,False,0.0,-4.441025338540243,-12.475325816614117,-4.214036060007459,CENTER,0.0,0.9601666050454389,0.017344461103193168,NORMAL,STABLE,NORMAL,NO_ACTION,False,0.0
2026-08-12T00:45:30.336503,0.3674365520299865,0.00552099191359466,0.0326530612244898,False,49,0.048812150955200195,False,0.0,-4.879899702354436,-14.215701033328145,-4.002896501743862,CENTER,0.0,0.9592304580332648,0.018820698942831653,NORMAL,STABLE,NORMAL,NO_ACTION,False,0.0
2026-08-12T00:45:30.386468,0.37237552679054486,0.002116262193511511,0.0326530612244898,False,49,0.048812150955200195,False,0.0,-6.150072451161407,-12.116399398863337,-3.6973682676953956,CENTER,0.0,0.9574375482253086,0.018233453591411552,NORMAL,STABLE,NORMAL,NO_ACTION,False,0.0
2026-08-12T00:45:30.427689,0.3408964597839241,0.007468263773463164,0.0326530612244898,False,49,0.048812150955200195,False,0.0,-6.440907905259223,-11.442439415112801,-3.7003668252933437,CENTER,0.0,0.9576201346021949,0.018029655984780235,NORMAL,STABLE,NORMAL,NO_ACTION,False,0.0
2026-08-12T00:45:30.466619,0.36021240127443943,0.00562004842961069,0.0326530612244898,False,49,0.048812150955200195,False,0.0,-7.11893560896371,-11.257142116662095,-3.661389329742434,CENTER,0.0,0.9575299130872771,0.018511211840047056,NORMAL,STABLE,NORMAL,NO_ACTION,False,0.0
2026-08-12T00:45:30.500886,0.3496661968879594,0.03614011431814089,0.0326530612244898,False,49,0.048812150955200195,False,0.0,-7.024255156771829,-11.183908726014693,-3.449125388875899,CENTER,0.0,0.9588008509087792,0.018162744975708425,NORMAL,STABLE,NORMAL,NO_ACTION,False,0.0
2026-08-12T00:45:30.532834,0.3421796774322574,0.010405313042754093,0.03260869565217391,False,49,0.048812150955200195,False,0.0,-6.900651753557241,-4.48816896640372,-4.333387800046978,CENTER,0.0,0.9583683368698559,0.01405941937920675,NORMAL,STABLE,NORMAL,NO_ACTION,False,0.0
2026-08-12T00:45:30.563895,0.3475209921735753,0.004061520656823438,0.03260869565217391,False,49,0.048812150955200195,False,0.0,-6.9991656583736415,-3.9817992729066702,-4.485296916562646,CENTER,0.0,0.9571380288708848,0.013934856028519392,NORMAL,STABLE,NORMAL,NO_ACTION,False,0.0
2026-08-12T00:45:30.603232,0.3386651103482905,0.041812697691311074,0.03260869565217391,False,49,0.048812150955200195,False,0.0,-6.412549559646209,-3.017157695745567,-4.347334990598085,CENTER,0.0,0.9577598138503086,0.012540428643458897,NORMAL,STABLE,NORMAL,NO_ACTION,False,0.0
2026-08-12T00:45:30.641469,0.3598321784933259,0.0187360685618278,0.03260869565217391,False,49,0.048812150955200195,False,0.0,-5.5113377093720715,-3.8063179022672102,-4.025760835252356,CENTER,0.0,0.9584160397376543,0.011932880046460953,NORMAL,STABLE,NORMAL,NO_ACTION,False,0.0
2026-08-12T00:45:30.686448,0.3518619657414065,0.0047692774660410215,0.03260869565217391,False,49,0.048812150955200195,False,0.0,-5.612095334890768,-0.7558494885229834,-4.366712782256627,CENTER,0.0,0.9596847538365912,0.010155113928593721,NORMAL,STABLE,NORMAL,NO_ACTION,False,0.0
2026-08-12T00:45:30.730197,0.35877735499979935,0.00276008602237315,0.03260869565217391,False,49,0.048812150955200195,False,0.0,-5.569085437413349,-1.5156148960704456,-4.4323559690974434,CENTER,0.0,0.9595977607381687,0.010725628408987196,NORMAL,STABLE,NORMAL,NO_ACTION,False,0.0
2026-08-12T00:45:30.767082,0.3600807308578555,0.016528846354293025,0.03260869565217391,False,49,0.048812150955200195,False,0.0,-3.948064382202375,-1.0232262541181,-4.011890952919259,CENTER,0.0,0.9597442317172497,0.008404138913646868,NORMAL,STABLE,NORMAL,NO_ACTION,False,0.0
2026-08-12T00:45:30.812545,0.34516137773075495,0.004894985424673222,0.03260869565217391,False,49,0.048812150955200195,False,0.0,-3.4599671959505827,-1.7621962621205114,-4.2342423640301945,CENTER,0.0,0.9595348668981482,0.008681936135957415,NORMAL,STABLE,NORMAL,NO_ACTION,False,0.0
2026-08-12T00:45:30.846654,0.33081123612156976,0.03451432347170833,0.03260869565217391,False,49,0.048812150955200195,False,0.0,-3.326926422314301,2.420290269736796,-5.032164096003413,CENTER,0.0,0.9583568833590534,0.009797481990226967,NORMAL,STABLE,NORMAL,NO_ACTION,False,0.0
2026-08-12T00:45:30.879892,0.3363375942611295,0.0005686965883662226,0.032564450474898234,False,49,0.048812150955200195,False,0.0,-4.292683028430474,4.629361755940778,-4.962895672509461,CENTER,0.0,0.9581831248928327,0.012256207424640128,NORMAL,STABLE,NORMAL,NO_ACTION,False,0.0
2026-08-12T00:45:30.913493,0.35024328386942466,0.0010511445681766376,0.032564450474898234,False,49,0.048812150955200195,False,0.0,-4.246279231533322,3.9635014907207733,-5.063692313136158,CENTER,0.0,0.9589920508616254,0.011827686638165243,NORMAL,STABLE,NORMAL,NO_ACTION,False,0.0
2026-08-12T00:45:30.954902,0.3408911466544282,0.0030064956957033375,0.032564450474898234,False,49,0.048812150955200195,False,0.0,-2.8609162408681357,3.356018106176492,-4.634874576569047,CENTER,0.0,0.9596726707175927,0.00964195978977068,NORMAL,STABLE,NORMAL,NO_ACTION,False,0.0
2026-08-12T00:45:30.997957,0.31814807938381096,0.002408388700385996,0.032564450474898234,False,49,0.048812150955200195,False,0.0,-2.7982861890268964,3.3397738276670736,-4.630878857114936,UP,0.0,0.9595559788665982,0.03556606966071095,NORMAL,STABLE,NORMAL,NO_ACTION,False,0.0
2026-08-12T00:45:31.034186,0.3449356760617691,0.0021291036426579067,0.032564450474898234,False,49,0.048812150955200195,False,0.0,-2.884304348923024,3.4613871665416696,-4.554706984786719,UP,0.03622913360595703,0.9590368870027435,0.035663383126815405,NORMAL,STABLE,NORMAL,NO_ACTION,False,0.0
2026-08-12T00:45:31.071271,0.3583853465424298,0.006532942279900068,0.032564450474898234,False,49,0.048812150955200195,False,0.0,-2.582815226848936,1.5339333680695688,-4.161553710424613,UP,0.07331442832946777,0.9589154663923184,0.03360241826098033,NORMAL,STABLE,NORMAL,NO_ACTION,False,0.0
2026-08-12T00:45:31.111516,0.3507434298300732,0.0026820879867275084,0.032564450474898234,False,49,0.048812150955200195,False,0.0,-3.609901653225762,1.7727742059547609,-3.692254388735222,UP,0.11355996131896973,0.9592334721150548,0.03431204274470753,NORMAL,STABLE,NORMAL,NO_ACTION,False,0.0
2026-08-12T00:45:31.145626,0.38776861978657295,0.004269957993954325,0.032564450474898234,False,49,0.048812150955200195,False,0.0,-3.1017511404432696,1.1700702886911927,-3.4859541868704014,UP,0.14766955375671387,0.9595386713391633,0.03318876700517162,NORMAL,STABLE,NORMAL,NO_ACTION,False,0.0
2026-08-12T00:45:31.188541,0.3647765131180074,0.002824971114041219,0.032564450474898234,False,49,0.048812150955200195,False,0.0,-3.020099207813132,0.04251123694513126,-3.1397399204387852,CENTER,0.0,0.9595581891932442,0.00596239949833259,NORMAL,STABLE,NORMAL,NO_ACTION,False,0.0
2026-08-12T00:45:31.233525,0.3723052296429594,0.004280519310468546,0.032520325203252036,False,49,0.048812150955200195,False,0.0,-2.7233551023547022,-0.15547563169820933,-3.0298932311631575,CENTER,0.0,0.959067081404321,0.005652453018132571,NORMAL,STABLE,NORMAL,NO_ACTION,False,0.0
2026-08-12T00:45:31.275187,0.34334970864453174,0.004262693641171749,0.032520325203252036,False,49,0.048812150955200195,False,0.0,-2.4318033564087216,-0.8624330500218775,-2.91722744049099,CENTER,0.0,0.95888413333762,0.005773786859067373,NORMAL,STABLE,NORMAL,NO_ACTION,False,0.0
2026-08-12T00:45:31.318683,0.36198136426586514,0.00396328179000925,0.032520325203252036,False,49,0.048812150955200195,False,0.0,-3.3538106184721244,-1.560213711371091,-3.049228814346293,CENTER,0.0,0.9594930850265774,0.007292710837963522,NORMAL,STABLE,NORMAL,NO_ACTION,False,0.0
2026-08-12T00:45:31.359949,0.36368423259652993,0.0012581824195390012,0.032520325203252036,False,49,0.048812150955200195,False,0.0,-2.5822814812489696,-0.059642471398660746,-3.070780369172155,CENTER,0.0,0.9594032385973936,0.0054867643075267826,NORMAL,STABLE,NORMAL,NO_ACTION,False,0.0
2026-08-12T00:45:31.400802,0.35985908874530376,0.00552661852252172,0.032520325203252036,False,49,0.048812150955200195,False,0.0,-3.0022674393199225,-0.5795564977999277,-3.2694456916846093,CENTER,0.0,0.9587613731352881,0.006457996041230238,NORMAL,STABLE,NORMAL,NO_ACTION,False,0.0
2026-08-12T00:45:31.447861,0.34939875951043087,0.003799456477476502,0.031207598371777476,False,49,0.048812150955200195,False,0.0,-2.3677817549591964,0.168354981538414,-3.211597562001856,CENTER,0.0,0.9591564321844993,0.005494325347443942,NORMAL,STABLE,NORMAL,NO_ACTION,False,0.0
2026-08-12T00:45:31.492043,0.36490892459947477,0.007341937020155137,0.03116531165311653,False,49,0.048812150955200195,False,0.0,-3.0718107003496584,-0.4307174358725092,-3.16390213874206,CENTER,0.0,0.959422595700446,0.006315834215403653,NORMAL,STABLE,NORMAL,NO_ACTION,False,0.0
2026-08-12T00:45:31.536791,0.3615899400698165,0.0017283451086332051,0.02981029810298103,False,49,0.048812150955200195,False,0.0,-3.65029065503947,-1.8222859613860862,-2.8940592632375512,UP,0.0,0.9587876961162551,0.033618062004527084,NORMAL,STABLE,NORMAL,NO_ACTION,False,0.0
2026-08-12T00:45:31.581014,0.37757757792082836,0.006462517289918246,0.028455284552845527,False,49,0.048812150955200195,False,0.0,-4.065088311228635,-2.536350430634002,-2.886193361019707,CENTER,0.0,0.959258214377572,0.008525635439845183,NORMAL,STABLE,NORMAL,NO_ACTION,False,0.0
2026-08-12T00:45:31.662972,0.364437809581046,0.002273345003719492,0.028493894165535955,False,49,0.048812150955200195,False,0.0,-4.653993670046503,0.14562482144884825,-3.2144531711014395,CENTER,0.0,0.9592992460776749,0.00768219636622589,NORMAL,STABLE,NORMAL,NO_ACTION,False,0.0
2026-08-12T00:45:31.708698,0.3787483928582366,0.002065556747604069,0.028493894165535955,False,49,0.048812150955200195,False,0.0,-4.658640331093693,-2.150013474967068,-2.7682513846217205,CENTER,0.0,0.9597928187157064,0.008704609161868836,NORMAL,STABLE,NORMAL,NO_ACTION,False,0.0
2026-08-12T00:45:31.758972,0.37986831529621373,0.0013968672546213622,0.028493894165535955,False,49,0.048812150955200195,False,0.0,-4.751517798693186,-0.18501073273898783,-3.252159597545756,CENTER,0.0,0.9592729766803841,0.007840863762615656,NORMAL,STABLE,NORMAL,NO_ACTION,False,0.0
2026-08-12T00:45:31.820461,0.3866587743678952,0.002531709137602688,0.028493894165535955,False,49,0.048812150955200195,False,0.0,-5.991017072691079,-1.2271896014838433,-3.3567451823619194,CENTER,0.0,0.9590961103609397,0.00988785243927085,NORMAL,STABLE,NORMAL,NO_ACTION,False,0.0
2026-08-12T00:45:31.873722,0.3677582489762018,0.0027169586283535643,0.028493894165535955,False,49,0.048812150955200195,False,0.0,-4.1620110145771605,-2.605133042903958,-3.030234796254774,CENTER,0.0,0.9592332577803498,0.008807351311787314,NORMAL,STABLE,NORMAL,NO_ACTION,False,0.0
2026-08-12T00:45:31.918964,0.39057042624287197,0.0025882352080514475,0.028493894165535955,False,49,0.048812150955200195,False,0.0,-5.3546850466759395,-0.9006059813923741,-3.154756864283655,CENTER,0.0,0.9589659690072017,0.008844715048966695,NORMAL,STABLE,NORMAL,NO_ACTION,False,0.0
2026-08-12T00:45:31.958950,0.3852610169705851,0.012636081058860034,0.028493894165535955,False,49,0.048812150955200195,False,0.0,-3.7606179666609023,-2.0666930740960368,-3.0557217417881475,CENTER,0.0,0.959044750407236,0.008056494346835112,NORMAL,STABLE,NORMAL,NO_ACTION,False,0.0
2026-08-12T00:45:32.007596,0.38200146363204535,0.0015539459283554252,0.028493894165535955,False,49,0.048812150955200195,False,0.0,-4.9134882929371315,-0.3023721822920038,-3.302670702332449,CENTER,0.0,0.9597369711291153,0.008130236719692709,NORMAL,STABLE,NORMAL,NO_ACTION,False,0.0
2026-08-12T00:45:32.063435,0.37901358679963737,0.009824695049408494,0.028532608695652172,False,49,0.048812150955200195,False,0.0,-4.1266578858550815,-2.6646773640339063,-2.663928723964034,CENTER,0.0,0.9594259848679698,0.008463572609405858,NORMAL,STABLE,NORMAL,NO_ACTION,False,0.0
2026-08-12T00:45:32.119813,0.3649976251187137,0.009226221859996222,0.028532608695652172,False,49,0.048812150955200195,False,0.0,-4.981986888373058,-0.3904007907307232,-3.1916572093598745,CENTER,0.0,0.959612750771605,0.008152872665196494,NORMAL,STABLE,NORMAL,NO_ACTION,False,0.0
2026-08-12T00:45:32.224497,0.37939491990137797,0.0016999154778453505,0.02861035422343324,False,49,0.048812150955200195,False,0.0,-5.483347569065643,-0.20545284113376283,-3.1566702864749345,CENTER,0.0,0.9600767586162551,0.008468399801709756,NORMAL,STABLE,NORMAL,NO_ACTION,False,0.0
2026-08-12T00:45:32.338109,0.3747667453974133,0.0010677934838140355,0.028688524590163935,False,49,0.048812150955200195,False,0.0,-4.92510650828541,-1.377355355004454,-3.032028832469848,CENTER,0.0,0.9601086944873114,0.008657183269711984,NORMAL,STABLE,NORMAL,NO_ACTION,False,0.0
2026-08-12T00:45:32.415067,0.3702364527939854,0.0023568914200674113,0.028727770177838577,False,49,0.048812150955200195,False,0.0,-5.32531611488082,-0.9850324964101844,-3.1228139251666107,CENTER,0.0,0.9590184140303497,0.008846648693378957,NORMAL,STABLE,NORMAL,NO_ACTION,False,0.0
2026-08-12T00:45:32.475010,0.3880085697018121,0.004185299175367564,0.028767123287671233,False,49,0.048812150955200195,False,0.0,-4.651308420638088,-1.1442513246340695,-3.2721256580796307,CENTER,0.0,0.9586018947187929,0.008456377291741668,NORMAL,STABLE,NORMAL,NO_ACTION,False,0.0
2026-08-12T00:45:32.535063,0.3715084853488197,0.0030995532578971165,0.028767123287671233,False,49,0.048812150955200195,False,0.0,-4.7403503353194765,-0.6413458724309464,-3.0535302049061386,CENTER,0.0,0.9602418633187586,0.007968412539195165,NORMAL,STABLE,NORMAL,NO_ACTION,False,0.0
2026-08-12T00:45:32.590845,0.41748418288876854,0.0027058730425661183,0.02880658436213992,False,49,0.048812150955200195,False,0.0,-4.366845745946279,0.28249391319752704,-3.599266211561286,UP,0.0,0.9696327240869342,0.033875094155649946,NORMAL,STABLE,NORMAL,NO_ACTION,False,0.0
2026-08-12T00:45:32.644915,0.39932113755259596,0.005539431377672459,0.02880658436213992,False,49,0.048812150955200195,False,0.0,-4.485967265600294,-0.21051850082133683,-3.7102157852120285,CENTER,0.0,0.9576622915594993,0.008044661855079129,NORMAL,STABLE,NORMAL,NO_ACTION,False,0.0
2026-08-12T00:45:32.694769,0.39437113651998695,0.0021117417965581934,0.02880658436213992,False,49,0.048812150955200195,False,0.0,-4.6928231116614825,0.5337535745319713,-4.048292897535731,UP,0.0,0.9522597307956104,0.03480285966453708,NORMAL,STABLE,NORMAL,NO_ACTION,False,0.0
2026-08-12T00:45:32.743500,0.36163792106149445,0.010826957006581485,0.02880658436213992,False,49,0.048812150955200195,False,0.0,-5.540059652890818,-1.2603776180856983,-3.8466007836304925,CENTER,0.0,0.9474821164480453,0.009949279070452784,NORMAL,STABLE,NORMAL,NO_ACTION,False,0.0
2026-08-12T00:45:32.793132,0.38457956727158027,0.002056605542055191,0.028846153846153848,False,49,0.048812150955200195,False,0.0,-5.683768437987084,0.709076952904411,-4.094586618059225,CENTER,0.0,0.9547501125257202,0.009928304890327408,NORMAL,STABLE,NORMAL,NO_ACTION,False,0.0
2026-08-12T00:45:32.840250,0.3682141286451871,0.013084054463995095,0.028846153846153848,False,49,0.048812150955200195,False,0.0,-5.817623679581544,-1.6285107490779183,-3.699089136100838,CENTER,0.0,0.9599084121013375,0.010340388622768941,NORMAL,STABLE,NORMAL,NO_ACTION,False,0.0
2026-08-12T00:45:32.891903,0.36959534358191204,0.022843958961813782,0.028846153846153848,False,49,0.048812150955200195,False,0.0,-5.364774900889444,-1.8337544970772228,-3.6836828891142375,CENTER,0.0,0.9599252641675241,0.010037707971596354,NORMAL,STABLE,NORMAL,NO_ACTION,False,0.0
2026-08-12T00:45:32.942543,0.34051985339123036,0.004480967530992136,0.028846153846153848,False,49,0.048812150955200195,False,0.0,-4.651639863936765,2.289944445690395,-4.9770589088882105,CENTER,0.0,0.9603219709147807,0.010925929066089335,NORMAL,STABLE,NORMAL,NO_ACTION,False,0.0
2026-08-12T00:45:32.996181,0.3611618624037374,0.01436425161703822,0.028846153846153848,False,49,0.048812150955200195,False,0.0,-5.897570559844553,1.008001312383243,-5.104798031983307,CENTER,0.0,0.9606428567601165,0.01132287440662954,NORMAL,STABLE,NORMAL,NO_ACTION,False,0.0
2026-08-12T00:45:33.049111,0.3409350709040707,0.005479880847333095,0.02888583218707015,False,49,0.048812150955200195,False,0.0,-5.913180866196569,0.9629423863554223,-4.92261370782353,CENTER,0.0,0.9597212979038066,0.011129927239201975,NORMAL,STABLE,NORMAL,NO_ACTION,False,0.0
2026-08-12T00:45:33.099393,0.3468146713877111,0.0059829538975849595,0.02888583218707015,False,49,0.048812150955200195,False,0.0,-5.23760012103142,0.6655111010388168,-4.886987946851576,CENTER,0.0,0.9593560313786009,0.010230250230933881,NORMAL,STABLE,NORMAL,NO_ACTION,False,0.0
2026-08-12T00:45:33.153418,0.3269548017079087,0.009960405122378835,0.028925619834710745,False,49,0.048812150955200195,False,0.0,-4.3433599682841475,1.0283826892345758,-5.108430824561225,CENTER,0.0,0.9603145227837793,0.009844445298298294,NORMAL,STABLE,NORMAL,NO_ACTION,False,0.0
2026-08-12T00:45:33.214699,0.36250068902301447,0.025218477722663224,0.028925619834710745,False,49,0.048812150955200195,False,0.0,-6.234000244465619,0.8409768523850403,-4.780149655626843,CENTER,0.0,0.9601262833290468,0.011213590593478234,NORMAL,STABLE,NORMAL,NO_ACTION,False,0.0
