timestamp,ear,mar,perclos,eyes_closed,blink_count,blink_duration,microsleep,microsleep_duration,pitch,yaw,roll,gaze_direction,gaze_away_duration,reliability,fatigue_risk,risk_level,temporal_state,intervention_level,intervention_action,alert_triggered,eye_closure_duration
2026-08-20T22:49:33.364710,0.3181081307312848,0.0015780464609671883,0.0,False,0,0.0,False,0.0,0.43199557414547485,0.12950789568677123,0.8456387849130351,CENTER,0.0,0.5885706579233416,0.0016465771743787222,NORMAL,STABLE,NORMAL,NO_ACTION,False,0.0
2026-08-20T22:49:33.495267,0.37348398683683526,0.0027336376947872695,0.0,False,0,0.0,False,0.0,2.9499991672702492,1.9538704341539415,0.6698984979815634,CENTER,0.0,0.5867500045928866,0.005942907801265236,NORMAL,STABLE,NORMAL,NO_ACTION,False,0.0
2026-08-20T22:49:33.537289,0.377248253085123,0.0005870949194747218,0.0,False,0,0.0,False,0.0,2.2380505672076367,0.5872148266596469,0.9456841371965083,CENTER,0.0,0.7166725924471511,0.004134974172124403,NORMAL,STABLE,NORMAL,NO_ACTION,False,0.0
2026-08-20T22:49:33.562616,0.3964397578646851,0.0013705962611371598,0.0,False,0,0.0,False,0.0,1.967284141984095,1.988064254848183,0.8315599847555291,CENTER,0.0,0.7219672140621939,0.004781258584738074,NORMAL,STABLE,NORMAL,NO_ACTION,False,0.0
2026-08-20T22:49:33.595505,0.4036795985932768,0.0006957467125236096,0.0,False,0,0.0,False,0.0,2.0437993414090556,0.2951497424820957,1.0030792651754439,CENTER,0.0,0.8591490041473765,0.0035601752869782914,NORMAL,STABLE,NORMAL,NO_ACTION,False,0.0
2026-08-20T22:49:33.623453,0.3899799395770077,0.002370505456898583,0.0,False,0,0.0,False,0.0,1.826897347509913,0.132656008831475,0.8886260494979297,CENTER,0.0,0.8708303448951596,0.002998623422419604,NORMAL,STABLE,NORMAL,NO_ACTION,False,0.0
2026-08-20T22:49:33.655071,0.3951007078564029,0.0035395010124461583,0.0,False,0,0.0,False,0.0,1.536115330613228,1.3998951106557058,0.9360798105431627,CENTER,0.0,0.8962342808458261,0.003670636056110808,NORMAL,STABLE,NORMAL,NO_ACTION,False,0.0
2026-08-20T22:49:33.679785,0.3991054992109677,0.0026498103363169533,0.0,False,0,0.0,False,0.0,1.8257203815132357,-0.005396430168616462,0.9378029179134444,CENTER,0.0,0.9090731336805555,0.0028231652610397717,NORMAL,STABLE,NORMAL,NO_ACTION,False,0.0
2026-08-20T22:49:33.707246,0.384857602414837,0.002472708208971243,0.0,False,0,0.0,False,0.0,2.039590484342682,-2.0862033287443182,0.8229363246169328,CENTER,0.0,0.9215130265744415,0.0044224167029147145,NORMAL,STABLE,NORMAL,NO_ACTION,False,0.0
2026-08-20T22:49:33.734352,0.3931476599963224,0.0008567932928451065,0.0,False,0,0.0,False,0.0,2.177584603923492,-1.6630908552250219,0.9214708531997928,CENTER,0.0,0.9343235359408683,0.004253452031093547,NORMAL,STABLE,NORMAL,NO_ACTION,False,0.0
2026-08-20T22:49:34.479446,0.4411436608128194,0.0010092341160277225,0.0,False,0,0.0,False,0.0,1.1654345708246296,1.0963342946413093,0.5288725964165337,CENTER,0.0,0.931388283393347,0.0024627561387298926,NORMAL,STABLE,NORMAL,NO_ACTION,False,0.0
2026-08-20T22:49:34.585179,0.4636110081250234,0.0014010801617554385,0.0,False,0,0.0,False,0.0,2.0959896871061687,3.7185939594437514,0.8853071807983213,CENTER,0.0,0.931221220207476,0.005646879734066166,NORMAL,STABLE,NORMAL,NO_ACTION,False,0.0
2026-08-20T22:49:34.688760,0.45622915224972155,0.0011113615264218746,0.0,False,0,0.0,False,0.0,2.1400468842933833,6.912101878581524,0.4032147477247747,CENTER,0.0,0.9330679854374877,0.007562134487534321,NORMAL,STABLE,NORMAL,NO_ACTION,False,0.0
2026-08-20T22:49:34.784791,0.45146224796583007,0.0045905354012067915,0.0,False,0,0.0,False,0.0,0.9990542237043201,1.8521032731589457,0.5266159405132385,CENTER,0.0,0.9371020837926219,0.002852432930452272,NORMAL,STABLE,NORMAL,NO_ACTION,False,0.0
2026-08-20T22:49:34.887059,0.4347648560215137,0.00599589048338315,0.0,False,0,0.0,False,0.0,1.5474482669409895,5.851603184521139,-0.034472232068310404,CENTER,0.0,0.9406773244598765,0.005842976327627372,NORMAL,STABLE,NORMAL,NO_ACTION,False,0.0
2026-08-20T22:49:34.981896,0.4502888512543777,0.0012798484424732769,0.0,False,0,0.0,False,0.0,2.0706718173528884,12.660653352486833,-0.06808652689485939,CENTER,0.0,0.9374966173390653,0.011385518568350447,NORMAL,STABLE,NORMAL,NO_ACTION,False,0.0
2026-08-20T22:49:35.083432,0.3820736536878235,0.003998629348836378,0.0,False,0,0.0,False,0.0,1.0965739386051325,11.232997217946775,0.1197474862394472,CENTER,0.0,0.9048132647156085,0.009434951926976859,NORMAL,STABLE,NORMAL,NO_ACTION,False,0.0
2026-08-20T22:49:35.188478,0.37826697441845447,0.002413015103423528,0.0,False,0,0.0,False,0.0,1.856591152404377,10.468297262758398,-0.1513999300548221,CENTER,0.0,0.9004378567141876,0.009648432880447453,NORMAL,STABLE,NORMAL,NO_ACTION,False,0.0
2026-08-20T22:49:35.292619,0.36683650130869694,0.0010306827081276839,0.0,False,0,0.0,False,0.0,0.2929942181349361,12.427617242428312,-0.4352692866046084,CENTER,0.0,0.8957689364711935,0.00983413833749549,NORMAL,STABLE,NORMAL,NO_ACTION,False,0.0
2026-08-20T22:49:35.388517,0.36807103516475703,0.0018897315915403865,0.0,False,0,0.0,False,0.0,1.0279237255142277,14.04618296793916,-0.4871984787978363,CENTER,0.0,0.8907399025389477,0.011792146386138487,NORMAL,STABLE,NORMAL,NO_ACTION,False,0.0
2026-08-20T22:49:35.518922,0.4203607004212652,0.0023396445150087705,0.0,False,0,0.0,False,0.0,1.4847555570885334,11.940362676730587,0.05386479580894843,CENTER,0.0,0.8895289872378992,0.010269542358159476,NORMAL,STABLE,NORMAL,NO_ACTION,False,0.0
2026-08-20T22:49:35.608425,0.4229852255570684,0.0018771000942868685,0.0,False,0,0.0,False,0.0,1.6324854716070831,14.292312839415445,-0.03236807586580426,CENTER,0.0,0.8890867864185282,0.012119327484300519,NORMAL,STABLE,NORMAL,NO_ACTION,False,0.0
2026-08-20T22:49:35.711879,0.41260095826313803,0.002056268848723483,0.0,False,0,0.0,False,0.0,1.2425419159115165,13.698600491052503,0.05206316963125346,CENTER,0.0,0.8892524051415833,0.01132123011892637,NORMAL,STABLE,NORMAL,NO_ACTION,False,0.0
2026-08-20T22:49:35.810749,0.42408039110374707,0.001141806987134022,0.0,False,0,0.0,False,0.0,1.3488467116013396,12.998513762729175,0.3302864915688133,CENTER,0.0,0.8895256818905546,0.01118369774373844,NORMAL,STABLE,NORMAL,NO_ACTION,False,0.0
2026-08-20T22:49:35.910528,0.4164279128023528,0.00308031361549861,0.0,False,0,0.0,False,0.0,1.9337879044385318,13.529321708331423,0.14558806398099478,CENTER,0.0,0.8894882559891241,0.011964978488835081,NORMAL,STABLE,NORMAL,NO_ACTION,False,0.0
2026-08-20T22:49:36.006041,0.42638073578138325,0.00042562084203605913,0.0,False,0,0.0,False,0.0,1.535294827168542,12.09281866186467,0.42983808910557286,CENTER,0.0,0.8896807599390064,0.010798833925379706,NORMAL,STABLE,NORMAL,NO_ACTION,False,0.0
2026-08-20T22:49:36.102870,0.4266420207332382,0.0035051623348348474,0.0,False,0,0.0,False,0.0,1.2143069366890131,12.885459936866425,0.36361656590412395,CENTER,0.0,0.8888016676771018,0.01100167418835881,NORMAL,STABLE,NORMAL,NO_ACTION,False,0.0
2026-08-20T22:49:36.201185,0.4180516958092723,0.0015372918913385371,0.0,False,0,0.0,False,0.0,1.5406365764140446,10.78005352046489,0.4513428083805877,CENTER,0.0,0.8883126064018716,0.009861581890007748,NORMAL,STABLE,NORMAL,NO_ACTION,False,0.0
2026-08-20T22:49:36.301152,0.42168915447778726,0.0008653062153869313,0.0,False,0,0.0,False,0.0,1.405911712028285,10.081085871149838,0.6374266935850699,CENTER,0.0,0.8885035357571527,0.00939882463991904,NORMAL,STABLE,NORMAL,NO_ACTION,False,0.0
2026-08-20T22:49:36.407482,0.406731748049234,0.0029162612584287236,0.0,False,0,0.0,False,0.0,1.3845691590952072,11.838725869917852,0.7288616244904915,CENTER,0.0,0.8882952468217226,0.010757465930315652,NORMAL,STABLE,NORMAL,NO_ACTION,False,0.0
2026-08-20T22:49:36.503425,0.4190616834431321,0.0008236182032876756,0.0,False,0,0.0,False,0.0,1.387834066204391,10.027945024237624,0.6839345629441027,CENTER,0.0,0.8885938472160984,0.009387643493318824,NORMAL,STABLE,NORMAL,NO_ACTION,False,0.0
2026-08-20T22:49:36.591220,0.40776807044886326,0.0013077265577729708,0.0,False,0,0.0,False,0.0,1.8080353504643938,9.008431647373925,0.4313444671502964,CENTER,0.0,0.8890862398650302,0.00880338348320436,NORMAL,STABLE,NORMAL,NO_ACTION,False,0.0
2026-08-20T22:49:36.680447,0.4147931047978776,0.003193581183336068,0.0,False,0,0.0,False,0.0,1.4313510325006007,10.58871198849522,0.20303645017474992,CENTER,0.0,0.8891852050876936,0.009371196865598308,NORMAL,STABLE,NORMAL,NO_ACTION,False,0.0
2026-08-20T22:49:36.772932,0.42861539223790046,0.003052900172197446,0.0,False,0,0.0,False,0.0,1.7920072888261132,7.905709453010928,0.41367977126557776,CENTER,0.0,0.8896901684670782,0.0079610508090973,NORMAL,STABLE,NORMAL,NO_ACTION,False,0.0
2026-08-20T22:49:36.862553,0.4149995111811422,0.004824806598554055,0.0,False,0,0.0,False,0.0,1.335765724474129,10.181128187689126,0.11303077265546335,CENTER,0.0,0.8891359632201646,0.00889042113013051,NORMAL,STABLE,NORMAL,NO_ACTION,False,0.0
2026-08-20T22:49:36.952366,0.4022912352631006,0.0013654196854255536,0.0,False,0,0.0,False,0.0,0.9635729322426698,11.43645797737068,0.18376751754297516,CENTER,0.0,0.8891291573277974,0.009516778916484305,NORMAL,STABLE,NORMAL,NO_ACTION,False,0.0
2026-08-20T22:49:37.047091,0.40888002785286814,0.005815377857641705,0.0,False,0,0.0,False,0.0,1.0778794540637477,11.79477535886241,0.30033415261291907,CENTER,0.0,0.8883623037306487,0.010005708870498734,NORMAL,STABLE,NORMAL,NO_ACTION,False,0.0
2026-08-20T22:49:37.140847,0.401921980577004,0.0035200853240102514,0.0,False,0,0.0,False,0.0,1.161638803829618,12.654945313417471,0.36408855273970175,CENTER,0.0,0.8878572362458358,0.010781404128366567,NORMAL,STABLE,NORMAL,NO_ACTION,False,0.0
2026-08-20T22:49:37.229785,0.4324633600802782,0.005933865606913828,0.0,False,0,0.0,False,0.0,1.1043626461723761,12.661691682893633,0.03923979133224975,CENTER,0.0,0.8872184713648833,0.010412400300795923,NORMAL,STABLE,NORMAL,NO_ACTION,False,0.0
2026-08-20T22:49:37.310855,0.45160588610687047,0.0029250945097480754,0.0,False,0,0.0,False,0.0,0.9152779121385493,10.827940451747452,0.20445015814931367,CENTER,0.0,0.8878964319395453,0.009043125889662744,NORMAL,STABLE,NORMAL,NO_ACTION,False,0.0
2026-08-20T22:49:37.392549,0.45010159391771837,0.0011497078302562945,0.0,False,0,0.0,False,0.0,1.0198033049829576,10.801452716409074,0.11607344023022392,CENTER,0.0,0.8881820842212915,0.009039488231915072,NORMAL,STABLE,NORMAL,NO_ACTION,False,0.0
2026-08-20T22:49:37.473560,0.4446543748948488,0.00116080951136758,0.0,False,0,0.0,False,0.0,1.4616512762113416,9.914105437658975,0.3976527938237382,CENTER,0.0,0.8883866123481285,0.00909616688705443,NORMAL,STABLE,NORMAL,NO_ACTION,False,0.0
2026-08-20T22:49:37.560552,0.4453857128751989,0.00351829266782012,0.0,False,0,0.0,False,0.0,1.818206906809337,11.024274296640897,0.211607422942393,CENTER,0.0,0.8885188782946305,0.010077857624135895,NORMAL,STABLE,NORMAL,NO_ACTION,False,0.0
2026-08-20T22:49:37.638299,0.464726432639958,0.00221843889267611,0.0,False,0,0.0,False,0.0,1.7012905392909943,10.542661912982737,0.201094787090625,CENTER,0.0,0.8887724921308544,0.009599665981221224,NORMAL,STABLE,NORMAL,NO_ACTION,False,0.0
2026-08-20T22:49:37.721814,0.473330003324529,0.0026507276620220455,0.0,False,0,0.0,False,0.0,1.2183644194292071,11.914735298265555,0.7983489446386614,CENTER,0.0,0.8888960652741035,0.010718604553671443,NORMAL,STABLE,NORMAL,NO_ACTION,False,0.0
2026-08-20T22:49:37.807981,0.4713645338456349,0.0015391174742145168,0.0,False,0,0.0,False,0.0,2.143680494023158,12.019970322827533,0.6141463347428555,CENTER,0.0,0.8888776256001372,0.011521112573135097,NORMAL,STABLE,NORMAL,NO_ACTION,False,0.0
2026-08-20T22:49:37.895189,0.4593819445521692,0.004365646828905948,0.0,False,0,0.0,False,0.0,1.2974906432654336,9.68757248783163,0.7296372434005605,CENTER,0.0,0.8897936883022242,0.009094135372103006,NORMAL,STABLE,NORMAL,NO_ACTION,False,0.0
2026-08-20T22:49:37.977398,0.45652957100131564,0.002703014786023881,0.0,False,0,0.0,False,0.0,1.7381359253867856,12.269235412132474,0.7854535621012531,CENTER,0.0,0.8895578114283266,0.011474835035052403,NORMAL,STABLE,NORMAL,NO_ACTION,False,0.0
2026-08-20T22:49:38.059218,0.4614278350544048,0.003440499469650078,0.0,False,0,0.0,False,0.0,1.82955755569634,10.23341431204176,0.3365165831586978,CENTER,0.0,0.8897114580271409,0.00963074023995202,NORMAL,STABLE,NORMAL,NO_ACTION,False,0.0
2026-08-20T22:49:38.140808,0.46027475558484837,0.0012809399577125285,0.0,False,0,0.0,False,0.0,1.2702772153741932,8.679074308159215,0.569107537954892,CENTER,0.0,0.8898934082892417,0.008170202973338637,NORMAL,STABLE,NORMAL,NO_ACTION,False,0.0
2026-08-20T22:49:38.255438,0.443471625095477,0.004710229732361604,0.0,False,0,0.0,False,0.0,1.1327919411791356,12.242581137798851,0.4532990496847731,CENTER,0.0,0.890225947053204,0.010537816092650526,NORMAL,STABLE,NORMAL,NO_ACTION,False,0.0
2026-08-20T22:49:38.334226,0.4380238538990604,0.004352592059534627,0.0,False,0,0.0,False,0.0,1.2198061329133907,12.249075257630068,1.2558158967635222,CENTER,0.0,0.8906167197910543,0.011413096217080174,NORMAL,STABLE,NORMAL,NO_ACTION,False,0.0
2026-08-20T22:49:38.417686,0.4316377004742501,0.005758419900272962,0.0,False,0,0.0,False,0.0,1.1397739776415676,11.22767163861289,0.6414966187390689,CENTER,0.0,0.8901122248860964,0.009983914199745855,NORMAL,STABLE,NORMAL,NO_ACTION,False,0.0
2026-08-20T22:49:38.495908,0.44010452435824926,0.00495795390538202,0.0,False,0,0.0,False,0.0,1.3041873924430547,10.30143097576854,0.6136795758611129,CENTER,0.0,0.8902560465351265,0.009437761412353014,NORMAL,STABLE,NORMAL,NO_ACTION,False,0.0
2026-08-20T22:49:38.580590,0.4379484198101915,0.003146378703976326,0.0,False,0,0.0,False,0.0,1.2569827587389852,11.231094417470928,0.7966942356184177,CENTER,0.0,0.8907330055543309,0.010253008995557646,NORMAL,STABLE,NORMAL,NO_ACTION,False,0.0
2026-08-20T22:49:38.662884,0.4409894177837248,0.0018441062739946996,0.0,False,0,0.0,False,0.0,1.509618542846198,10.425222604531399,0.6040187679741962,CENTER,0.0,0.8906914154357731,0.009720205166730372,NORMAL,STABLE,NORMAL,NO_ACTION,False,0.0
2026-08-20T22:49:38.745693,0.4511515765705588,0.0015317109922499744,0.0,False,0,0.0,False,0.0,1.9722025909776164,11.037942061902129,0.2122799811271534,CENTER,0.0,0.8904677449233294,0.01023925086878258,NORMAL,STABLE,NORMAL,NO_ACTION,False,0.0
2026-08-20T22:49:38.832899,0.4633809629536387,0.00309219712283419,0.0,False,0,0.0,False,0.0,1.6857908781227877,13.153483557177452,0.8910181571427529,CENTER,0.0,0.8904390248383303,0.012175924581521544,NORMAL,STABLE,NORMAL,NO_ACTION,False,0.0
2026-08-20T22:49:38.915601,0.46649576550796945,0.0023359770578365874,0.0,False,0,0.0,False,0.0,2.1561792189061464,13.319010601779269,0.4691813496836801,CENTER,0.0,0.8907733073682148,0.012344929295318849,NORMAL,STABLE,NORMAL,NO_ACTION,False,0.0
2026-08-20T22:49:38.997591,0.47335887899852,0.0007136003485783894,0.0,False,0,0.0,False,0.0,1.2664800788100479,12.452175951160939,1.1186284493210792,CENTER,0.0,0.8910795204720262,0.011473586750189987,NORMAL,STABLE,NORMAL,NO_ACTION,False,0.0
2026-08-20T22:49:39.081009,0.4810273634407063,0.005039895532996617,0.0,False,0,0.0,False,0.0,1.5488213667883315,14.31416605037208,0.8988335237402225,CENTER,0.0,0.890835809664658,0.012901432743751804,NORMAL,STABLE,NORMAL,NO_ACTION,False,0.0
2026-08-20T22:49:39.158480,0.44969218021905855,0.0017089804591707458,0.0,False,0,0.0,False,0.0,2.1376519612531695,10.58354291435299,0.4874891279482938,CENTER,0.0,0.891326159244562,0.010336975126058466,NORMAL,STABLE,NORMAL,NO_ACTION,False,0.0
2026-08-20T22:49:39.241444,0.474446392861622,0.0054015905717872325,0.0,False,0,0.0,False,0.0,1.3476858130037215,12.311355817902097,0.7716486131054694,CENTER,0.0,0.8915727850039193,0.011110137516106967,NORMAL,STABLE,NORMAL,NO_ACTION,False,0.0
2026-08-20T22:49:39.324623,0.4747971860702225,0.00527511903399598,0.0,False,0,0.0,False,0.0,1.6824784711046163,14.246240207897557,0.8549652621265977,CENTER,0.0,0.8915073807686655,0.012939446744881584,NORMAL,STABLE,NORMAL,NO_ACTION,False,0.0
2026-08-20T22:49:39.406966,0.4796609673784814,0.0030489015338244314,0.0,False,0,0.0,False,0.0,1.6072858862521286,13.1562154773315,0.3269287338100355,CENTER,0.0,0.8914865466698512,0.01154907339391676,NORMAL,STABLE,NORMAL,NO_ACTION,False,0.0
2026-08-20T22:49:39.488689,0.48093226281623425,0.00324429969469218,0.0,False,0,0.0,False,0.0,1.4462285785945426,15.902801880407537,0.7950065287644179,CENTER,0.0,0.891246323394327,0.013865430196449865,NORMAL,STABLE,NORMAL,NO_ACTION,False,0.0
2026-08-20T22:49:39.571742,0.4897298842877841,0.0014452133349165492,0.0,False,0,0.0,False,0.0,1.6261625965972542,15.495873647744702,0.5171347561168318,CENTER,0.0,0.891108956281844,0.013470914908972748,NORMAL,STABLE,NORMAL,NO_ACTION,False,0.0
2026-08-20T22:49:39.653334,0.49374077652478426,0.005667199395116452,0.0,False,0,0.0,False,0.0,1.266848966029329,16.094943987367884,0.8788342225357724,CENTER,0.0,0.891973655968303,0.01391294680278404,NORMAL,STABLE,NORMAL,NO_ACTION,False,0.0
2026-08-20T22:49:39.737377,0.4939742464509848,0.0024555623058320074,0.0,False,0,0.0,False,0.0,2.0996860974024116,15.207607141793375,0.7923722097463894,CENTER,0.0,0.8916193201303155,0.013992090306038828,NORMAL,STABLE,NORMAL,NO_ACTION,False,0.0
2026-08-20T22:49:39.815702,0.5039711362606794,0.002440212442527594,0.0,False,0,0.0,False,0.0,1.8458839972014687,16.20815140520847,0.6323915219663263,CENTER,0.0,0.8915522892477464,0.014321518966423056,NORMAL,STABLE,NORMAL,NO_ACTION,False,0.0
2026-08-20T22:49:39.903416,0.49712564958289496,0.0014728045944499774,0.0,False,0,0.0,False,0.0,1.2327388459445103,15.374134205461502,0.2541260448064122,CENTER,0.0,0.8917036845666765,0.0127391638123315,NORMAL,STABLE,NORMAL,NO_ACTION,False,0.0
2026-08-20T22:49:39.986759,0.5038166655213276,0.0048984800640908405,0.0,False,0,0.0,False,0.0,0.692261055341362,16.887269168939213,0.0619633841123175,CENTER,0.0,0.8907773154271996,0.01313277567826371,NORMAL,STABLE,NORMAL,NO_ACTION,False,0.0
2026-08-20T22:49:40.071054,0.5042716004147167,0.0004410064744838585,0.0,False,0,0.0,False,0.0,1.2272655318605814,17.018731805535452,-0.12243549608541571,CENTER,0.0,0.8904383091135116,0.013812010574169573,NORMAL,STABLE,NORMAL,NO_ACTION,False,0.0
2026-08-20T22:49:40.150437,0.49137841411645994,0.0010996005526746446,0.0,False,0,0.0,False,0.0,1.4367546765327575,15.879612544187552,-0.5345943711175494,CENTER,0.0,0.889883830589849,0.013584293881758705,NORMAL,STABLE,NORMAL,NO_ACTION,False,0.0
2026-08-20T22:49:40.236425,0.5059191979308075,0.0021046268499820514,0.0,False,0,0.0,False,0.0,1.002492521000903,14.98535164694411,-0.8341437594572199,CENTER,0.0,0.8901086462620028,0.012796104351374637,NORMAL,STABLE,NORMAL,NO_ACTION,False,0.0
2026-08-20T22:49:40.312857,0.507858022896994,0.0019142423412445676,0.0,False,0,0.0,False,0.0,0.987207665881499,14.326869461806467,-0.852886818769349,CENTER,0.0,0.8902724301268862,0.012316185302098319,NORMAL,STABLE,NORMAL,NO_ACTION,False,0.0
2026-08-20T22:49:40.397950,0.4934773208537586,0.004666278839691458,0.0,False,0,0.0,False,0.0,1.0844937088739357,17.646342008664135,-0.6293338305654572,CENTER,0.0,0.8909139538016853,0.014628996732700045,NORMAL,STABLE,NORMAL,NO_ACTION,False,0.0
2026-08-20T22:49:40.479823,0.4964740844476846,0.007840201082948415,0.0,False,0,0.0,False,0.0,0.33037981197048794,16.4749843452571,-1.2392084424038785,CENTER,0.0,0.8913436619696746,0.01362810483838629,NORMAL,STABLE,NORMAL,NO_ACTION,False,0.0
2026-08-20T22:49:40.562060,0.4902467056008839,0.003979172666602819,0.0,False,0,0.0,False,0.0,1.1176885133165229,18.760481005783532,-0.8912223301734912,CENTER,0.0,0.8914687186152753,0.015735511199319454,NORMAL,STABLE,NORMAL,NO_ACTION,False,0.0
2026-08-20T22:49:40.644090,0.48601830022693093,0.0005790458315778454,0.0,False,0,0.0,False,0.0,0.4224048026007665,18.864450260208457,-1.2316086417179406,CENTER,0.0,0.8912282741157161,0.01546451105188013,NORMAL,STABLE,NORMAL,NO_ACTION,False,0.0
2026-08-20T22:49:40.725731,0.4868297602147347,0.004633078689174025,0.0,False,0,0.0,False,0.0,0.2966927270504698,19.355647392872783,-1.3538687589828555,CENTER,0.0,0.8909575219233784,0.015821654727412142,NORMAL,STABLE,NORMAL,NO_ACTION,False,0.0
2026-08-20T22:49:40.806251,0.4987275466406363,0.0021798707409649873,0.0,False,0,0.0,False,0.0,0.6673373120883639,20.707358876274697,-1.4110615817523922,CENTER,0.0,0.8909210589971586,0.017232455183951226,NORMAL,STABLE,NORMAL,NO_ACTION,False,0.0
2026-08-20T22:49:40.895949,0.4840952893275247,0.0007807389327138005,0.0,False,0,0.0,False,0.0,1.2077735167680146,19.97807744979403,-1.0379295885138902,CENTER,0.0,0.8909217617087988,0.016860915048491156,NORMAL,STABLE,NORMAL,NO_ACTION,False,0.0
2026-08-20T22:49:40.977394,0.5008644119189887,0.004231897321499582,0.0,False,0,0.0,False,0.0,0.9009872101670453,19.689993716248637,-1.2184617604624748,CENTER,0.0,0.8908488228431806,0.016525916542578137,NORMAL,STABLE,NORMAL,NO_ACTION,False,0.0
2026-08-20T22:49:41.061984,0.4711704678136619,0.0016675253975045852,0.0,False,0,0.0,False,0.0,0.947311827560668,19.620055555371636,-0.934794025467653,CENTER,0.0,0.890810824361895,0.01624231539854273,NORMAL,STABLE,NORMAL,NO_ACTION,False,0.0
2026-08-20T22:49:41.141836,0.49107653360665404,0.0029553097599837198,0.0,False,0,0.0,False,0.0,0.37822651492442105,20.743391536469716,-1.4210467374694815,CENTER,0.0,0.8908883438663532,0.016985743733943123,NORMAL,STABLE,NORMAL,NO_ACTION,False,0.0
2026-08-20T22:49:41.226054,0.45269967203257566,0.004093462240047427,0.0,False,0,0.0,False,0.0,0.31818926631635236,20.23323670326144,-1.4099678283062076,CENTER,0.0,0.8910417302015972,0.01654171184032613,NORMAL,STABLE,NORMAL,NO_ACTION,False,0.0
2026-08-20T22:49:41.310952,0.4788966498736289,0.0037228084247003207,0.0,False,0,0.0,False,0.0,0.32349130047256835,19.99093670466209,-0.9928598499683972,CENTER,0.0,0.8913254955724573,0.01596087005617193,NORMAL,STABLE,NORMAL,NO_ACTION,False,0.0
2026-08-20T22:49:41.406354,0.4773601186738399,0.0046407812093537375,0.0,False,0,0.0,False,0.0,0.6808454505323311,21.26269343451463,-1.8600821072283793,CENTER,0.0,0.890745511218891,0.018092691902846045,NORMAL,STABLE,NORMAL,NO_ACTION,False,0.0
2026-08-20T22:49:41.487761,0.4656236940884434,0.003357216195835153,0.0,False,0,0.0,False,0.0,0.9340111340008832,20.977381497956173,-1.1826790159931306,CENTER,0.0,0.8908330378576327,0.017468115142652427,NORMAL,STABLE,NORMAL,NO_ACTION,False,0.0
2026-08-20T22:49:41.570444,0.47887349485312625,0.002758086706806043,0.0,False,0,0.0,False,0.0,0.9416393604054747,22.829201722718892,-1.4683690764423147,CENTER,0.0,0.8903522920034783,0.01911433502525824,NORMAL,STABLE,NORMAL,NO_ACTION,False,0.0
2026-08-20T22:49:41.651728,0.4895783682776842,0.0023185069964087104,0.0,False,0,0.0,False,0.0,0.5334607275307803,20.371919288597837,-1.888533556190339,CENTER,0.0,0.8905056002596511,0.017322503669994237,NORMAL,STABLE,NORMAL,NO_ACTION,False,0.0
2026-08-20T22:49:41.736361,0.4697933689001019,0.0011789331261075103,0.0,False,0,0.0,False,0.0,0.9187213593015429,19.298655757778505,-1.244189280139807,CENTER,0.0,0.8901588511047425,0.016281220411854713,NORMAL,STABLE,NORMAL,NO_ACTION,False,0.0
2026-08-20T22:49:41.813914,0.4750906304673074,0.002767631073087652,0.0,False,0,0.0,False,0.0,0.47423475227344625,19.777381107471825,-1.4003461097292131,CENTER,0.0,0.8900449727794923,0.01635042283979862,NORMAL,STABLE,NORMAL,NO_ACTION,False,0.0
2026-08-20T22:49:41.895853,0.4487257300626918,0.0012672117158203547,0.0,False,0,0.0,False,0.0,0.9352915334242766,17.615091558449393,-0.46814805124489567,CENTER,0.0,0.8908172138325494,0.014302307836162362,NORMAL,STABLE,NORMAL,NO_ACTION,False,0.0
2026-08-20T22:49:41.987415,0.46630822885124684,0.001101812037750591,0.0,False,0,0.0,False,0.0,1.5727479253683612,15.95691193090812,-0.7188320053631116,CENTER,0.0,0.890843656611307,0.013954413612305278,NORMAL,STABLE,NORMAL,NO_ACTION,False,0.0
2026-08-20T22:49:42.069811,0.46021775258471065,0.0023051702347745384,0.0,False,0,0.0,False,0.0,0.3929299452783255,17.782691726369478,-1.1357148703981466,CENTER,0.0,0.8903234027471586,0.014547849061720606,NORMAL,STABLE,NORMAL,NO_ACTION,False,0.0
2026-08-20T22:49:42.149486,0.4723077864674159,0.002936386933847623,0.0,False,0,0.0,False,0.0,0.44883584873068116,16.55885153841149,-0.6873750992098167,CENTER,0.0,0.8905111829132373,0.013265548390751166,NORMAL,STABLE,NORMAL,NO_ACTION,False,0.0
2026-08-20T22:49:42.236696,0.45644461631734345,0.0026671210693491507,0.0,False,0,0.0,False,0.0,0.6749621710538918,15.263262999702306,-0.7219329682219495,CENTER,0.0,0.8909401363168724,0.012569741874261025,NORMAL,STABLE,NORMAL,NO_ACTION,False,0.0
2026-08-20T22:49:42.314310,0.46257106449912,0.0010655673270451769,0.0,False,0,0.0,False,0.0,0.6615828544651947,16.5912338690502,-0.9520870466824931,CENTER,0.0,0.890441080920537,0.013756567219072525,NORMAL,STABLE,NORMAL,NO_ACTION,False,0.0
2026-08-20T22:49:42.396112,0.47926114954360444,0.0018411053333266222,0.0,False,0,0.0,False,0.0,1.2847109746259378,13.630411411333938,-0.6185867431950669,CENTER,0.0,0.890657490079365,0.011866861005132413,NORMAL,STABLE,NORMAL,NO_ACTION,False,0.0
2026-08-20T22:49:42.477610,0.46706731226656384,0.0017507739470673431,0.0,False,0,0.0,False,0.0,1.395781368653246,13.873044460173674,-0.42407490962531824,CENTER,0.0,0.890679183047962,0.011963287797674997,NORMAL,STABLE,NORMAL,NO_ACTION,False,0.0
2026-08-20T22:49:42.562607,0.45922940540262847,0.003015741011236126,0.0,False,0,0.0,False,0.0,0.6658511794269657,-6.695959579394213,-0.5019406763147458,CENTER,0.0,0.8902394417193317,0.006057429992753375,NORMAL,STABLE,NORMAL,NO_ACTION,False,0.0
2026-08-20T22:49:42.644847,0.4366562084997584,0.0036204861203619743,0.0,False,0,0.0,False,0.0,1.7658736602004694,-10.924141174187042,-0.5194990246140776,CENTER,0.0,0.8901281920561435,0.010254458096274673,NORMAL,STABLE,NORMAL,NO_ACTION,False,0.0
2026-08-20T22:49:42.727089,0.4200337377229078,0.007709131694419938,0.0,False,0,0.0,False,0.0,0.10505149580953344,-25.096451421420568,0.7921502784588199,CENTER,0.0,0.8900594434340094,0.019297954262597044,NORMAL,STABLE,NORMAL,NO_ACTION,False,0.0
2026-08-20T22:49:42.807399,0.43723354676070464,0.006537633454365469,0.0,False,0,0.0,False,0.0,0.04685661208876013,-24.92975241204968,1.2573438509656683,CENTER,0.0,0.8902627353088869,0.019573900334025292,NORMAL,STABLE,NORMAL,NO_ACTION,False,0.0
2026-08-20T22:49:42.888843,0.4422634054208438,0.00758276330621808,0.0,False,0,0.0,False,0.0,-0.6365828022205449,-25.06370372967666,1.889279920834241,CENTER,0.0,0.890180140664805,0.020867760220118915,NORMAL,STABLE,NORMAL,NO_ACTION,False,0.0
2026-08-20T22:49:42.976647,0.46109586001199365,0.006781317565863724,0.0,False,0,0.0,False,0.0,0.3642142578102039,-23.87762830324681,1.4480750290243236,CENTER,0.0,0.8899803233085929,0.019298903695084708,NORMAL,STABLE,NORMAL,NO_ACTION,False,0.0
2026-08-20T22:49:43.062764,0.460812671480207,0.0023466639561039093,0.0,False,0,0.0,False,0.0,-0.4242403020779477,-17.263519686734583,0.9582445906076771,CENTER,0.0,0.8890708713011953,0.014023759451262819,NORMAL,STABLE,NORMAL,NO_ACTION,False,0.0
2026-08-20T22:49:43.143343,0.43989720389975784,0.007429479801587984,0.0,False,0,0.0,False,0.0,0.2937275515768931,-17.22032155864079,0.7841385197683906,CENTER,0.0,0.8889272578630217,0.013693947163823876,NORMAL,STABLE,NORMAL,NO_ACTION,False,0.0
2026-08-20T22:49:43.226032,0.4361403919003314,0.005857561672411608,0.0,False,0,0.0,False,0.0,0.37417490252423136,-12.244474783675457,0.027257376156597957,CENTER,0.0,0.8892654313332844,0.009379874191786094,NORMAL,STABLE,NORMAL,NO_ACTION,False,0.0
2026-08-20T22:49:43.306057,0.4104399994332576,0.002240778464163771,0.0,False,0,0.0,False,0.0,-0.16696964926870805,-11.240394764071027,0.2977700280972613,CENTER,0.0,0.8896213287526944,0.008704867867769505,NORMAL,STABLE,NORMAL,NO_ACTION,False,0.0
2026-08-20T22:49:43.392803,0.03603390964681981,0.0011635295382397756,0.008849557522123894,True,0,0.0,False,0.0,-0.08419449320953731,1.234700330590357,-0.7058803045505329,UP,0.0,0.7846788309266609,0.08210259803974622,NORMAL,STABLE,NORMAL,NO_ACTION,False,0.0
2026-08-20T22:49:43.474165,0.03270032780030904,0.007214826750354957,0.017543859649122806,True,0,0.0,False,0.08136153221130371,-0.7414712113539963,0.5545268213624013,-0.5462359496568752,UP,0.08136153221130371,0.7847405248750735,0.08208799259272068,NORMAL,STABLE,NORMAL,NO_ACTION,False,0.08136153221130371
2026-08-20T22:49:43.559874,0.14832435114790876,0.0023581255084683134,0.02608695652173913,True,0,0.0,False,0.16707086563110352,0.6737660965535781,6.889899408953511,-1.6415696381104397,UP,0.16707086563110352,0.8902499433543994,0.23699758233874807,LOW,STABLE,NORMAL,NO_ACTION,False,0.16707086563110352
2026-08-20T22:49:43.646868,0.26794633704920623,0.0032497190886929973,0.02586206896551724,False,1,0.25406479835510254,False,0.0,2.573469052413259,5.391037219920349,-1.3975280759460702,UP,0.25406479835510254,0.9165239733367627,0.08366430709010125,NORMAL,STABLE,NORMAL,NO_ACTION,False,0.0
2026-08-20T22:49:43.732864,0.32844916313861805,0.0033681053785774976,0.02564102564102564,False,1,0.25406479835510254,False,0.0,4.722410970914211,8.288389022045067,-0.9436631778773688,UP,0.3400607109069824,0.9166273496442043,0.044650918069512185,NORMAL,STABLE,NORMAL,NO_ACTION,False,0.0
2026-08-20T22:49:43.813668,0.08069207106402439,0.006644920088219087,0.03389830508474576,True,1,0.25406479835510254,False,0.0,4.601437024654132,2.561753349884981,-1.0506834169813146,UP,0.4208650588989258,0.9166698548954046,0.2405015776253203,LOW,STABLE,NORMAL,NO_ACTION,False,0.0
2026-08-20T22:49:43.896522,0.04908133788533394,0.005086583199359264,0.04201680672268908,True,1,0.25406479835510254,False,0.08285379409790039,2.918536745676022,3.1714200950433167,-1.2444461212102453,UP,0.5037188529968262,0.8120208605079121,0.0896853870580707,NORMAL,STABLE,NORMAL,NO_ACTION,False,0.08285379409790039
2026-08-20T22:49:43.979043,0.25217938128233236,0.004641487320870819,0.041666666666666664,False,2,0.165374755859375,False,0.0,3.135929337610264,2.428202394663714,-1.0833398286343936,UP,0.5862398147583008,0.9167734321416324,0.09498125193042778,NORMAL,STABLE,NORMAL,NO_ACTION,False,0.0
2026-08-20T22:49:44.069967,0.4638840529062304,0.004021198826038838,0.04132231404958678,False,2,0.165374755859375,False,0.0,1.474763707165863,4.2639305187402385,-1.2107767973920147,UP,0.6771631240844727,0.9168846584576474,0.03500931679306565,NORMAL,STABLE,NORMAL,NO_ACTION,False,0.0
2026-08-20T22:49:44.149460,0.47567273062804866,0.0013198416304580787,0.040983606557377046,False,2,0.165374755859375,False,0.0,1.8835682258222448,8.363841504229498,-1.301642111694747,UP,0.7566561698913574,0.9167395672582305,0.041896225810400194,NORMAL,STABLE,NORMAL,NO_ACTION,False,0.0
2026-08-20T22:49:44.234920,0.4844488520672582,0.0008065321622230827,0.04065040650406504,False,2,0.165374755859375,False,0.0,2.6106584030489444,7.36297948044475,-1.4408168420330014,UP,0.8421163558959961,0.9170764076431757,0.0457108367644118,NORMAL,STABLE,NORMAL,NO_ACTION,False,0.0
2026-08-20T22:49:44.315549,0.4901540664208122,0.001110889466988547,0.04032258064516129,False,2,0.165374755859375,False,0.0,2.437718519784454,7.967136369625507,-1.4445770563145288,CENTER,0.0,0.9170761799125515,0.009492549784676702,NORMAL,STABLE,NORMAL,NO_ACTION,False,0.0
2026-08-20T22:49:44.400360,0.47138716915560464,0.0025579592246741337,0.04,False,2,0.165374755859375,False,0.0,1.5687797881186611,9.847966816895621,-1.5339614922372107,CENTER,0.0,0.9172220480752744,0.010100245415508047,NORMAL,STABLE,NORMAL,NO_ACTION,False,0.0
2026-08-20T22:49:44.481405,0.4363737471515361,0.0014061971276943955,0.03968253968253968,False,2,0.165374755859375,False,0.0,1.9502369576074159,8.142139295290633,-1.4102892099485018,CENTER,0.0,0.9168738613468793,0.009116496170911896,NORMAL,STABLE,NORMAL,NO_ACTION,False,0.0
2026-08-20T22:49:44.593657,0.433959628316348,0.0017073752603358528,0.03937007874015748,False,2,0.165374755859375,False,0.0,1.8183945649042244,10.046397069960108,-1.5762017754229305,CENTER,0.0,0.9168662256730109,0.010524601767138079,NORMAL,STABLE,NORMAL,NO_ACTION,False,0.0
2026-08-20T22:49:44.674906,0.4845291638248935,0.0031654849318718445,0.0390625,False,2,0.165374755859375,False,0.0,1.4380806964302906,9.36977206038091,-1.535583858159356,CENTER,0.0,0.9167957765346364,0.009630586429509579,NORMAL,STABLE,NORMAL,NO_ACTION,False,0.0
2026-08-20T22:49:44.757134,0.4788894726468885,0.0571589576299687,0.03875968992248062,False,2,0.165374755859375,False,0.0,0.6238486913579493,11.561240344953802,-1.5205514821776944,CENTER,0.0,0.9169145581490055,0.01041476263846392,NORMAL,STABLE,NORMAL,NO_ACTION,False,0.0
2026-08-20T22:49:44.838057,0.46170940676502287,0.3997151288104443,0.038461538461538464,False,2,0.165374755859375,False,0.0,2.239618479371302,17.413110412875113,-1.6338842188578155,CENTER,0.0,0.9169922812714335,0.016306174933519324,NORMAL,STABLE,NORMAL,NO_ACTION,False,0.0
2026-08-20T22:49:44.921232,0.4761803730016937,0.5291546790064597,0.03816793893129771,False,2,0.165374755859375,False,0.0,3.071969612425164,17.787706882180657,-1.4074523811761708,CENTER,0.0,0.9171700853052128,0.042991130469297784,NORMAL,STABLE,NORMAL,NO_ACTION,False,0.0
2026-08-20T22:49:45.005135,0.4567009443532162,0.5167963248133278,0.03787878787878788,False,2,0.165374755859375,False,0.0,3.2402115406845553,17.899691761020563,-1.324901280254494,CENTER,0.0,0.9171245793681413,0.04068285469171431,NORMAL,STABLE,NORMAL,NO_ACTION,False,0.0
2026-08-20T22:49:45.093804,0.4097079176472117,0.9095064285822312,0.03759398496240601,False,2,0.165374755859375,False,0.0,1.9116962259394938,21.650938966220878,-2.2739763301130154,CENTER,0.0,0.9166534984782235,0.09966743689995083,NORMAL,STABLE,NORMAL,NO_ACTION,False,0.0
2026-08-20T22:49:45.177151,0.39505473366488997,1.0530742919496274,0.03731343283582089,False,2,0.165374755859375,False,0.0,-1.644863242373475,20.915497936817616,-3.090637043913688,CENTER,0.0,0.9156610484182099,0.09966574878560777,NORMAL,STABLE,NORMAL,NO_ACTION,False,0.0
2026-08-20T22:49:45.258400,0.3881846251447607,1.1230060546183998,0.037037037037037035,False,2,0.165374755859375,False,0.0,-0.6863147821210305,24.89295515174078,-3.0507605814696603,CENTER,0.0,0.9158817461848423,0.10157691055230753,NORMAL,STABLE,NORMAL,NO_ACTION,False,0.0
2026-08-20T22:49:45.339424,0.3724951340922361,1.2664371724497658,0.03676470588235294,False,2,0.165374755859375,False,0.0,-2.2606465636092423,24.72212271255782,-3.705193499931596,CENTER,0.0,0.9148967308599109,0.10359974942766441,NORMAL,STABLE,NORMAL,NO_ACTION,False,0.0
2026-08-20T22:49:45.422970,0.3668668543864707,1.2447653682864452,0.0364963503649635,False,2,0.165374755859375,False,0.0,-1.9381480927816312,24.775347800490152,-3.689143423544863,CENTER,0.0,0.9146407616383746,0.10331218005681655,NORMAL,STABLE,NORMAL,NO_ACTION,False,0.0
2026-08-20T22:49:45.504785,0.32712277853206007,1.3419441677849342,0.036231884057971016,False,2,0.165374755859375,False,0.0,-4.093025109694651,21.930403269919964,-3.9526412644981974,CENTER,0.0,0.9142882346322017,0.1035863033145353,NORMAL,STABLE,NORMAL,NO_ACTION,False,0.0
2026-08-20T22:49:45.589246,0.33249002301111585,1.3408601120382264,0.03597122302158273,False,2,0.165374755859375,False,0.0,-3.449084442390756,22.187473094121458,-3.890203600619003,CENTER,0.0,0.9143559108153293,0.10309174868346749,NORMAL,STABLE,NORMAL,NO_ACTION,False,0.0
2026-08-20T22:49:45.670155,0.3333785064704201,1.342919497998362,0.03571428571428571,False,2,0.165374755859375,False,0.0,-5.250311901467711,21.6043453803035,-4.623501753755164,CENTER,0.0,0.9136574074074074,0.10511125518339678,NORMAL,STABLE,NORMAL,NO_ACTION,False,0.0
2026-08-20T22:49:45.756729,0.3259311591147749,1.349312263376269,0.03546099290780142,False,2,0.165374755859375,False,0.0,-5.487253314872731,20.80830573971579,-4.495818304233097,CENTER,0.0,0.9131923010973937,0.10464154903782258,NORMAL,STABLE,NORMAL,NO_ACTION,False,0.0
2026-08-20T22:49:45.837435,0.30488448831187887,1.383259072681086,0.035211267605633804,False,2,0.165374755859375,False,0.0,-6.01666242571963,21.13854518047947,-4.654246887929077,CENTER,0.0,0.911655949931413,0.10554241752497097,NORMAL,STABLE,NORMAL,NO_ACTION,False,0.0
2026-08-20T22:49:45.921293,0.3524378417348931,1.357890168259483,0.03496503496503497,False,2,0.165374755859375,False,0.0,-6.968465230500129,19.208514887948695,-5.076871849461526,CENTER,0.0,0.911311005015432,0.10547202979237047,NORMAL,STABLE,NORMAL,NO_ACTION,False,0.0
2026-08-20T22:49:46.005507,0.31322616499121064,1.3112235131018604,0.034722222222222224,False,2,0.165374755859375,False,0.0,-5.950802997571287,20.57866749481667,-4.972463754360007,CENTER,0.0,0.914138227130487,0.10538107228515328,NORMAL,STABLE,NORMAL,NO_ACTION,False,0.0
2026-08-20T22:49:46.088821,0.30909644380364304,1.3037790397578664,0.034482758620689655,False,2,0.165374755859375,False,0.0,-8.198462155437227,15.892077629553597,-5.0783890328321775,CENTER,0.0,0.9106895951217423,0.1042627275804185,NORMAL,STABLE,NORMAL,NO_ACTION,False,0.0
2026-08-20T22:49:46.177532,0.28371753483450723,1.2864793281337654,0.03424657534246575,False,2,0.165374755859375,False,0.0,-6.155334988506638,18.374124889171554,-4.700173692115925,CENTER,0.0,0.9185808765217763,0.12543360766639894,NORMAL,STABLE,NORMAL,NO_ACTION,False,0.0
2026-08-20T22:49:46.264850,0.2998460814145836,1.3110689388260455,0.034013605442176874,False,2,0.165374755859375,False,0.0,-8.704713818865145,14.446846733525405,-4.844016211406796,CENTER,0.0,0.9178988233024692,0.10368598374688173,NORMAL,STABLE,NORMAL,NO_ACTION,False,0.0
2026-08-20T22:49:46.348885,0.28360754355674916,1.3151054860193083,0.033783783783783786,False,2,0.165374755859375,False,0.0,-7.749583487597846,16.70740027496555,-4.503623897114608,CENTER,0.0,0.913305563593107,0.12572244923412526,NORMAL,STABLE,NORMAL,NO_ACTION,False,0.0
2026-08-20T22:49:46.447119,0.296430810812923,1.3297000968058268,0.03355704697986577,False,2,0.165374755859375,False,0.0,-9.184636340153645,15.66229028248003,-5.022343023309702,CENTER,0.0,0.9061334822959536,0.10975136795159923,NORMAL,STABLE,NORMAL,NO_ACTION,False,0.0
2026-08-20T22:49:46.529919,0.3159640063464302,1.1979513776834747,0.03333333333333333,False,2,0.165374755859375,False,0.0,-7.126290217722243,18.752509958441692,-4.786550072987978,CENTER,0.0,0.9044320130315501,0.10501510339807699,NORMAL,STABLE,NORMAL,NO_ACTION,False,0.0
2026-08-20T22:49:46.616305,0.32033449299976713,1.1919311667679688,0.033112582781456956,False,2,0.165374755859375,False,0.0,-6.251016579451203,19.72383313894261,-4.309611793970532,CENTER,0.0,0.9032642639746229,0.10441448458956837,NORMAL,STABLE,NORMAL,NO_ACTION,False,0.0
2026-08-20T22:49:46.698384,0.05508671237564826,0.4029315572879892,0.039473684210526314,True,2,0.165374755859375,False,0.0,-7.00218539811172,15.79737415172329,-3.971957196710406,CENTER,0.0,0.9043539951989026,0.2225632189918193,LOW,STABLE,NORMAL,NO_ACTION,False,0.0
2026-08-20T22:49:46.784457,0.02959376873645283,0.0021835581687944137,0.0457516339869281,True,2,0.165374755859375,False,0.08607339859008789,-5.032026267267156,5.654701785983633,-4.416370451700516,CENTER,0.0,0.7890453681504752,0.06331238974955204,NORMAL,STABLE,NORMAL,NO_ACTION,False,0.08607339859008789
2026-08-20T22:49:46.864471,0.05525103195460808,0.004596389460029344,0.05194805194805195,True,2,0.165374755859375,False,0.16608715057373047,1.8731652164310901,11.29726178115908,-3.2735367698545303,UP,0.0,0.8911391219778807,0.23911521690281587,LOW,STABLE,NORMAL,NO_ACTION,False,0.16608715057373047
2026-08-20T22:49:46.947797,0.11297899958153979,0.009672508758690948,0.05806451612903226,True,2,0.165374755859375,False,0.24941325187683105,3.679001448016777,13.967561141398505,-2.7615065638382816,UP,0.08332610130310059,0.8979213016546639,0.24228965372464825,LOW,STABLE,NORMAL,NO_ACTION,False,0.24941325187683105
2026-08-20T22:49:47.028598,0.07208433200261168,0.003262794840028922,0.0641025641025641,True,2,0.165374755859375,False,0.3302137851715088,6.548575980878979,11.15040845381273,-2.3308009980212603,UP,0.16412663459777832,0.9718228496870713,0.242603583937065,LOW,STABLE,NORMAL,NO_ACTION,False,0.3302137851715088
2026-08-20T22:49:47.112926,0.055626089734044835,0.06750092579662201,0.07006369426751592,True,2,0.165374755859375,False,0.41454267501831055,7.5194501731993455,5.965170424215131,-2.642423268852866,UP,0.24845552444458008,0.9689111796982167,0.24009368639872417,LOW,INCREASING,NORMAL,NO_ACTION,False,0.41454267501831055
2026-08-20T22:49:47.199050,0.11728474891330144,0.011226352215838111,0.0759493670886076,True,2,0.165374755859375,False,0.500666618347168,6.120242416218815,7.956544962064328,-1.7186012289387804,UP,0.3345794677734375,0.971193214699074,0.2392949096864575,LOW,INCREASING,NORMAL,NO_ACTION,False,0.500666618347168
2026-08-20T22:49:47.283930,0.049464781191744356,0.017997718680451698,0.08176100628930817,True,2,0.165374755859375,False,0.5855457782745361,6.919975407345106,6.65937426678272,-0.8898567197199441,UP,0.41945862770080566,0.8666932411081716,0.09325015138915142,NORMAL,INCREASING,NORMAL,NO_ACTION,False,0.5855457782745361
2026-08-20T22:49:47.364624,0.06818103757872823,0.005799933726256403,0.0875,True,2,0.165374755859375,False,0.6662399768829346,6.388200167120345,6.591041443509283,-1.4118889338607516,UP,0.5001528263092041,0.9783951688957474,0.23394468265021143,LOW,INCREASING,NORMAL,NO_ACTION,False,0.6662399768829346
2026-08-20T22:49:47.446043,0.03981535356095048,0.004713157248965401,0.09316770186335403,True,2,0.165374755859375,False,0.74765944480896,6.268808219081308,6.949919142276542,-0.9268740740446901,UP,0.5815722942352295,0.866314547279174,0.0918452710383989,NORMAL,INCREASING,NORMAL,NO_ACTION,False,0.74765944480896
2026-08-20T22:49:47.552818,0.06033115184190619,0.002337633794276923,0.09876543209876543,True,2,0.165374755859375,False,0.8544340133666992,6.84493109002014,8.368359967405468,-0.4035167959464161,UP,0.6883468627929688,0.98322049950703,0.24285216643953003,LOW,INCREASING,NORMAL,NO_ACTION,False,0.8544340133666992
2026-08-20T22:49:47.638573,0.04686200357832352,0.006694669937542848,0.10429447852760736,True,2,0.165374755859375,False,0.9401895999908447,1.0739387108299923,7.87589636728498,-1.3615267632235941,UP,0.7741024494171143,0.8715954734806731,0.09967272519524575,NORMAL,STABLE,NORMAL,NO_ACTION,False,0.9401895999908447
2026-08-20T22:49:47.721104,0.03317134511694233,0.007128713246449046,0.10975609756097561,True,2,0.165374755859375,False,1.0227200984954834,0.9376931069365924,6.9141267967117415,-0.9463473052408347,UP,0.8566329479217529,0.8725060021372232,0.10572215120785335,NORMAL,STABLE,NORMAL,NO_ACTION,False,1.0227200984954834
2026-08-20T22:49:47.805625,0.037738588998228545,0.00328569255981974,0.11515151515151516,True,2,0.165374755859375,False,1.107240915298462,0.0013265265739335064,6.687587753892046,-0.9408648367705439,UP,0.9411537647247314,0.8730555869402803,0.11201941340040747,NORMAL,STABLE,NORMAL,NO_ACTION,False,1.107240915298462
2026-08-20T22:49:47.890214,0.031508143527563044,0.005877854846389436,0.12048192771084337,True,2,0.165374755859375,False,1.1918301582336426,-2.2823299708544766,7.621033443125327,-1.0875223032370798,UP,1.025743007659912,0.8738439540007105,0.12314160733358938,NORMAL,STABLE,NORMAL,NO_ACTION,False,1.1918301582336426
2026-08-20T22:49:47.974554,0.02097954314649036,0.005523287059759423,0.12574850299401197,True,2,0.165374755859375,False,1.276170253753662,-2.3334757757431532,7.609755916687732,-1.3702216035862307,UP,1.1100831031799316,0.8743691325874486,0.13100037007837992,NORMAL,STABLE,NORMAL,NO_ACTION,False,1.276170253753662
2026-08-20T22:49:48.056309,0.041669402158902524,0.0007872399978708305,0.13095238095238096,True,2,0.165374755859375,False,1.3579254150390625,-3.4229029498144143,6.226986501868453,-1.5843010287867116,UP,1.191838264465332,0.8742883678259112,0.1386208753312013,NORMAL,STABLE,NORMAL,NO_ACTION,False,1.3579254150390625
2026-08-20T22:49:48.140921,0.04822204210327827,0.0026642395869662877,0.13609467455621302,True,2,0.165374755859375,False,1.4425373077392578,-1.4631645779173539,6.488078350567889,-1.6628547879348616,UP,1.2764501571655273,0.8741202057919362,0.1441145864965068,NORMAL,STABLE,NORMAL,NO_ACTION,False,1.4425373077392578
2026-08-20T22:49:48.228413,0.03654030983448801,0.0012889243697732744,0.1411764705882353,True,2,0.165374755859375,True,1.5300288200378418,-2.919217919020923,6.5601887762647095,-1.6320735355225224,UP,1.3639416694641113,0.8742536628270136,0.2626365984846024,LOW,STABLE,HIGH,STRONG_WARNING,True,1.5300288200378418
2026-08-20T22:49:49.188569,0.0977747897955775,0.0027489289580689144,0.14619883040935672,True,2,0.165374755859375,True,2.490184783935547,-1.9638479458327254,8.989242601397564,-2.501148410993153,UP,2.3240976333618164,0.9864085942858368,0.4840132565755538,MODERATE,INCREASING,HIGH,STRONG_WARNING,False,2.490184783935547
2026-08-20T22:49:49.278335,0.04974499781041991,0.0010955168434503026,0.1511627906976744,True,2,0.165374755859375,True,2.579951286315918,-2.9368147622315917,9.700378869975623,-2.3130113141777997,UP,2.4138641357421875,0.8738406911375662,0.40123865357230687,MODERATE,INCREASING,HIGH,STRONG_WARNING,False,2.579951286315918
2026-08-20T22:49:49.370166,0.35066242944040826,0.006335887160812505,0.15028901734104047,False,2,2.6717824935913086,False,0.0,-0.3808188854146124,11.728334701432118,-2.065262093427606,UP,2.505695343017578,0.9159738498263889,0.19224019743682239,NORMAL,INCREASING,HIGH,STRONG_WARNING,False,0.0
2026-08-20T22:49:49.457170,0.3704619963633232,0.004472600501860988,0.14942528735632185,False,2,2.6717824935913086,False,0.0,-0.22579880821447773,12.08921910114691,-1.8943511094114172,UP,2.592698812484741,0.9160585225602587,0.19566213967006674,NORMAL,INCREASING,HIGH,STRONG_WARNING,False,0.0
2026-08-20T22:49:49.543016,0.43206194804622233,0.0031342344016567704,0.14857142857142858,False,2,2.6717824935913086,False,0.0,-0.4125919893441221,11.598530253412264,-1.8046356935681729,UP,2.678544759750366,0.916122994248175,0.19882063712652287,NORMAL,INCREASING,HIGH,STRONG_WARNING,False,0.0
2026-08-20T22:49:49.621745,0.4531019814739011,0.007080364958320557,0.14772727272727273,False,2,2.6717824935913086,False,0.0,-0.08241181518229723,10.947777670461704,-1.798710455166713,CENTER,0.0,0.9159247652652239,0.07664772474619057,NORMAL,INCREASING,HIGH,STRONG_WARNING,False,0.0
2026-08-20T22:49:49.708073,0.4825128034358536,0.00795592676861244,0.14689265536723164,False,2,2.6717824935913086,False,0.0,-0.9117434674406866,11.296738599081152,-1.9953564468195566,CENTER,0.0,0.9159458743631198,0.07750470092247207,NORMAL,STABLE,HIGH,STRONG_WARNING,False,0.0
2026-08-20T22:49:49.787446,0.47829583078179744,0.0045741887022121425,0.14606741573033707,False,2,2.6717824935913086,False,0.0,-1.2626126139310259,12.276285452771845,-1.7679146155782064,CENTER,0.0,0.9160937748781354,0.07793562448517907,NORMAL,STABLE,HIGH,STRONG_WARNING,False,0.0
2026-08-20T22:49:49.872667,0.46627630452052493,0.004718561450848073,0.1452513966480447,False,2,2.6717824935913086,False,0.0,-0.8407540280237242,12.398087554958067,-1.920402883165906,CENTER,0.0,0.9163905337163801,0.07733204636424446,NORMAL,STABLE,HIGH,STRONG_WARNING,False,0.0
2026-08-20T22:49:49.954779,0.4374656387302941,0.006241384152554296,0.14444444444444443,False,2,2.6717824935913086,False,0.0,-0.8166964951566058,13.422713836637854,-1.794782715410463,CENTER,0.0,0.9162715415947114,0.0775324606207246,NORMAL,STABLE,HIGH,STRONG_WARNING,False,0.0
2026-08-20T22:49:50.037412,0.4510468161492441,0.004817459637201056,0.143646408839779,False,2,2.6717824935913086,False,0.0,-0.6476138909754923,13.942923219617683,-1.6972148313192292,CENTER,0.0,0.9164348292364785,0.0772407048186429,NORMAL,STABLE,HIGH,STRONG_WARNING,False,0.0
2026-08-20T22:49:50.123745,0.4474395396688404,0.006698067183387418,0.14285714285714285,False,2,2.6717824935913086,False,0.0,-0.01748110675922021,15.852210068017484,-1.7652344258570736,CENTER,0.0,0.9166434697190992,0.07770216546087164,NORMAL,STABLE,HIGH,STRONG_WARNING,False,0.0
2026-08-20T22:49:50.209066,0.4428806256931514,0.005631268076352598,0.14207650273224043,False,2,2.6717824935913086,False,0.0,0.19669636120994483,14.583628122485948,-2.19226318581525,CENTER,0.0,0.9171832630621694,0.07694932420896516,NORMAL,STABLE,HIGH,STRONG_WARNING,False,0.0
2026-08-20T22:49:50.297308,0.3151668415318547,0.004368634451763246,0.14130434782608695,False,2,2.6717824935913086,False,0.0,-0.19453717298961237,16.826367325335553,-2.2617771210575484,CENTER,0.0,0.9169543593382569,0.0783019687554569,NORMAL,STABLE,HIGH,STRONG_WARNING,False,0.0
2026-08-20T22:49:50.381637,0.36753501684509404,0.006287494542032042,0.14054054054054055,False,2,2.6717824935913086,False,0.0,-0.7898634113515755,18.052644332994788,-2.286127911311894,CENTER,0.0,0.9170430996472663,0.07944828843286827,NORMAL,STABLE,HIGH,STRONG_WARNING,False,0.0
2026-08-20T22:49:50.462589,0.37970578421779055,0.005644326262457296,0.13978494623655913,False,2,2.6717824935913086,False,0.0,0.13739734299545603,15.226360061602833,-2.355717596072253,CENTER,0.0,0.9170867732139794,0.076343818819852,NORMAL,STABLE,HIGH,STRONG_WARNING,False,0.0
2026-08-20T22:49:50.547034,0.3984187912914554,0.005623365938253436,0.13903743315508021,False,2,2.6717824935913086,False,0.0,0.25886992084792837,18.64373914472921,-2.106207553066497,CENTER,0.0,0.9172831114586396,0.07839700135947444,NORMAL,STABLE,HIGH,STRONG_WARNING,False,0.0
2026-08-20T22:49:50.627258,0.4082357570100421,0.005358044283690956,0.13829787234042554,False,2,2.6717824935913086,False,0.0,0.12416392258143105,17.903244824073226,-2.2081520813758004,CENTER,0.0,0.9174131121552274,0.07742186600185419,NORMAL,STABLE,HIGH,STRONG_WARNING,False,0.0
2026-08-20T22:49:50.712539,0.4225239446266038,0.004321182179750692,0.13756613756613756,False,2,2.6717824935913086,False,0.0,0.6627317455494506,18.161233288160076,-2.3696252027240803,CENTER,0.0,0.917284778293712,0.07793704424834454,NORMAL,STABLE,HIGH,STRONG_WARNING,False,0.0
2026-08-20T22:49:50.789944,0.41578444048643937,0.0034489671362956083,0.1368421052631579,False,2,2.6717824935913086,False,0.0,0.570944555497789,19.158443809884943,-2.4098885657490428,CENTER,0.0,0.9173959711199294,0.07825847748834126,NORMAL,STABLE,HIGH,STRONG_WARNING,False,0.0
2026-08-20T22:49:50.872775,0.4185775559775044,0.00786683901202175,0.13612565445026178,False,2,2.6717824935913086,False,0.0,0.6083179630498989,17.691558699812987,-2.1365784264577883,CENTER,0.0,0.917861341520919,0.07654510169182434,NORMAL,STABLE,NORMAL,NO_ACTION,False,0.0
2026-08-20T22:49:50.956350,0.4576693920815287,0.0055573771479047315,0.13541666666666666,False,2,2.6717824935913086,False,0.0,0.932888778878521,18.86341237810433,-2.431937140380711,CENTER,0.0,0.9177431206214484,0.0776792829966734,NORMAL,STABLE,NORMAL,NO_ACTION,False,0.0
2026-08-20T22:49:51.037986,0.44289132049018753,0.00771287101898133,0.13471502590673576,False,2,2.6717824935913086,False,0.0,0.5392396514482982,19.1830709262627,-3.134666508794737,CENTER,0.0,0.9178189367391117,0.07786436315468266,NORMAL,STABLE,NORMAL,NO_ACTION,False,0.0
2026-08-20T22:49:51.119304,0.45918276246909195,0.0062407739737377396,0.13402061855670103,False,2,2.6717824935913086,False,0.0,0.45528543685281875,18.340586555541933,-3.488466967695871,CENTER,0.0,0.9180604287995421,0.0771395582896141,NORMAL,STABLE,NORMAL,NO_ACTION,False,0.0
2026-08-20T22:49:51.205594,0.46814171476918787,0.0023043729699566266,0.13333333333333333,False,2,2.6717824935913086,False,0.0,1.1439077216248563,22.68798103800495,-4.210464899501034,CENTER,0.0,0.9181687108839162,0.08146718049345561,NORMAL,STABLE,NORMAL,NO_ACTION,False,0.0
2026-08-20T22:49:51.286060,0.4491173539772062,0.00384976909977261,0.1326530612244898,False,2,2.6717824935913086,False,0.0,0.38307132001548894,20.904013112331228,-4.866508682992844,CENTER,0.0,0.9180894989007691,0.07966565055167006,NORMAL,STABLE,NORMAL,NO_ACTION,False,0.0
2026-08-20T22:49:51.375000,0.48462254910539626,0.006042465514962594,0.1319796954314721,False,2,2.6717824935913086,False,0.0,1.1422432887097784,21.0035290861249,-4.731353992500374,CENTER,0.0,0.9179660909100651,0.08001574979999122,NORMAL,STABLE,NORMAL,NO_ACTION,False,0.0
2026-08-20T22:49:51.460929,0.4760873603489148,0.0021975577863363907,0.13131313131313133,False,2,2.6717824935913086,False,0.0,1.4662041982923597,22.346937494678315,-4.675298990081586,CENTER,0.0,0.9179764526534636,0.08094797981370457,NORMAL,STABLE,NORMAL,NO_ACTION,False,0.0
2026-08-20T22:49:51.554751,0.48114315717747724,0.0003991772890724889,0.1306532663316583,False,2,2.6717824935913086,False,0.0,0.8497551901616305,21.947524437409356,-5.0673526916931735,CENTER,0.0,0.9181299880661499,0.08007872789101445,NORMAL,STABLE,NORMAL,NO_ACTION,False,0.0
2026-08-20T22:49:51.634802,0.4859512935722966,0.006136543345415091,0.13,False,2,2.6717824935913086,False,0.0,0.9024475984973321,22.024059966845215,-4.9700586659814405,CENTER,0.0,0.9177451606285517,0.07975132454590779,NORMAL,STABLE,NORMAL,NO_ACTION,False,0.0
2026-08-20T22:49:51.718136,0.4742786954775249,0.0021568579466123778,0.12935323383084577,False,2,2.6717824935913086,False,0.0,1.5460256191512656,21.911228801055586,-5.152905925558684,CENTER,0.0,0.9179563262419165,0.08015855858408412,NORMAL,STABLE,NORMAL,NO_ACTION,False,0.0
2026-08-20T22:49:51.802650,0.46575488235271995,0.00768926613464478,0.12871287128712872,False,2,2.6717824935913086,False,0.0,0.13849552519346275,23.41237380928203,-5.205424604428913,CENTER,0.0,0.9183432061256861,0.07959517650568745,NORMAL,STABLE,NORMAL,NO_ACTION,False,0.0
2026-08-20T22:49:51.891192,0.4691203814702632,0.004034067928188034,0.12807881773399016,False,2,2.6717824935913086,False,0.0,0.9352972874857528,23.51065492770664,-4.721945139625944,CENTER,0.0,0.9182143871405302,0.07965316796311925,NORMAL,STABLE,NORMAL,NO_ACTION,False,0.0
2026-08-20T22:49:51.971333,0.46157745197606626,0.007944008358015033,0.12745098039215685,False,2,2.6717824935913086,False,0.0,-0.0038848942444360546,22.816199270237746,-5.311848922731485,CENTER,0.0,0.9180985047857878,0.07846115741917929,NORMAL,STABLE,NORMAL,NO_ACTION,False,0.0
2026-08-20T22:49:52.054745,0.29763814738332894,0.008375790777517938,0.12682926829268293,False,2,2.6717824935913086,False,0.0,-0.13843046866097097,21.2239140056152,-4.839459353210799,CENTER,0.0,0.918044519231947,0.07988091337305323,NORMAL,STABLE,NORMAL,NO_ACTION,False,0.0
2026-08-20T22:49:52.139693,0.3567525630840469,0.005420006080409156,0.1262135922330097,False,2,2.6717824935913086,False,0.0,0.3075650238263563,22.69505894133391,-4.968186767373936,CENTER,0.0,0.9182301225611773,0.07768544332842785,NORMAL,STABLE,NORMAL,NO_ACTION,False,0.0
2026-08-20T22:49:52.223445,0.44329633920680817,0.0033922674113020025,0.12560386473429952,False,2,2.6717824935913086,False,0.0,1.5286649437981907,19.836463961234557,-4.185249138459483,CENTER,0.0,0.9180966638037674,0.07565682821357318,NORMAL,STABLE,NORMAL,NO_ACTION,False,0.0
2026-08-20T22:49:52.306102,0.42954995496548126,0.0021127091348379073,0.125,False,2,2.6717824935913086,False,0.0,1.1599614491731813,17.522801320599143,-3.992601641410971,CENTER,0.0,0.9177051690258793,0.07303862909362929,NORMAL,RISING,NORMAL,NO_ACTION,False,0.0
2026-08-20T22:49:52.393305,0.4392634640616701,0.005517970662398831,0.12440191387559808,False,2,2.6717824935913086,False,0.0,1.1750481935534651,15.740205127786226,-3.0963811645727617,CENTER,0.0,0.917308412522352,0.07050219909813608,NORMAL,STABLE,NORMAL,NO_ACTION,False,0.0
2026-08-20T22:49:52.476151,0.4704851267341101,0.0006825308487997068,0.12380952380952381,False,2,2.6717824935913086,False,0.0,1.5539081449275045,14.15667476988105,-3.0979113079528986,CENTER,0.0,0.9176872567683839,0.0693839133956845,NORMAL,STABLE,NORMAL,NO_ACTION,False,0.0
2026-08-20T22:49:52.558654,0.44041377938008786,0.007437717927933447,0.12322274881516587,False,2,2.6717824935913086,False,0.0,2.197383667843951,9.305399031613405,-2.297697466259308,CENTER,0.0,0.9175356245330566,0.0652713927317857,NORMAL,STABLE,NORMAL,NO_ACTION,False,0.0
2026-08-20T22:49:52.640525,0.4640286853977988,0.0033615823007806423,0.12264150943396226,False,2,2.6717824935913086,False,0.0,1.7104878059452346,9.913500306918337,-2.26759074281307,CENTER,0.0,0.9173155774253504,0.06490754921339174,NORMAL,STABLE,NORMAL,NO_ACTION,False,0.0
2026-08-20T22:49:52.726215,0.47635441180378396,0.005073941855504077,0.12206572769953052,False,2,2.6717824935913086,False,0.0,1.076369481851799,6.4687631933947785,-2.2105407735397478,CENTER,0.0,0.9172805863278953,0.0613228346008889,NORMAL,STABLE,NORMAL,NO_ACTION,False,0.0
2026-08-20T22:49:52.807028,0.47937327497499266,0.00213980898836025,0.12149532710280374,False,2,2.6717824935913086,False,0.0,1.5811492226400787,8.605151390756077,-2.0295125958052154,CENTER,0.0,0.917405822861552,0.06295773824410383,NORMAL,STABLE,NORMAL,NO_ACTION,False,0.0
2026-08-20T22:49:52.888757,0.47994896360326433,0.006187562289634849,0.12093023255813953,False,2,2.6717824935913086,False,0.0,1.843576459596477,7.353292938566682,-2.110933041269419,CENTER,0.0,0.9178792537784146,0.06206653544982435,NORMAL,STABLE,NORMAL,NO_ACTION,False,0.0
2026-08-20T22:49:52.970924,0.4744852932280976,0.005920564003050806,0.12037037037037036,False,2,2.6717824935913086,False,0.0,0.7227695500767766,7.895195927328871,-2.5140299555681622,CENTER,0.0,0.9177863712598592,0.06146269705747227,NORMAL,STABLE,NORMAL,NO_ACTION,False,0.0
2026-08-20T22:49:53.055197,0.3665108119077479,0.006557206963404194,0.11981566820276497,False,2,2.6717824935913086,False,0.0,-0.14285159290071192,13.412535777410483,-3.08720001608242,CENTER,0.0,0.9166389418984543,0.06531779746259231,NORMAL,STABLE,NORMAL,NO_ACTION,False,0.0
2026-08-20T22:49:53.144865,0.3568621187673084,0.003457544526602353,0.11926605504587157,False,2,2.6717824935913086,False,0.0,0.5356778660650718,13.459425680591295,-3.1618732738524784,CENTER,0.0,0.9147102893288874,0.06553575900959308,NORMAL,STABLE,NORMAL,NO_ACTION,False,0.0
2026-08-20T22:49:53.233592,0.3489038499132495,0.002025625386445678,0.1187214611872146,False,2,2.6717824935913086,False,0.0,0.29680743349413774,12.03921569299203,-3.572431158627438,CENTER,0.0,0.9106379002700618,0.06435588871280488,NORMAL,STABLE,NORMAL,NO_ACTION,False,0.0
2026-08-20T22:49:53.317502,0.332394811377264,0.0006135413677230235,0.11818181818181818,False,2,2.6717824935913086,False,0.0,-0.11969956052175235,14.603635771841198,-3.0828353967754367,CENTER,0.0,0.9104773616622575,0.06533531450212869,NORMAL,STABLE,NORMAL,NO_ACTION,False,0.0
2026-08-20T22:49:53.407480,0.33495567850712926,0.0030507073399473872,0.11764705882352941,False,2,2.6717824935913086,False,0.0,-0.760322466985798,16.03529635568509,-3.087602316216106,CENTER,0.0,0.9111772458066946,0.06678123523984397,NORMAL,STABLE,NORMAL,NO_ACTION,False,0.0
2026-08-20T22:49:53.486418,0.3300587340772648,0.006647633643924701,0.11711711711711711,False,2,2.6717824935913086,False,0.0,-0.18728537813356638,15.531128081864779,-3.3484112052019555,CENTER,0.0,0.9135367752425044,0.06581273880571635,NORMAL,STABLE,NORMAL,NO_ACTION,False,0.0
2026-08-20T22:49:53.570863,0.3380343543635156,0.0024345994087861256,0.11659192825112108,False,2,2.6717824935913086,False,0.0,0.6053503339615816,15.764367377339482,-3.1759595357081025,CENTER,0.0,0.9148694472001763,0.06596104366742539,NORMAL,STABLE,NORMAL,NO_ACTION,False,0.0
2026-08-20T22:49:53.651278,0.410673572770415,0.004109336924503079,0.11607142857142858,False,2,2.6717824935913086,False,0.0,1.1023708217661579,15.220833988367616,-2.8887826505448686,CENTER,0.0,0.9201471694805752,0.06549153313146376,NORMAL,STABLE,NORMAL,NO_ACTION,False,0.0
2026-08-20T22:49:53.736518,0.4044403619395309,0.003370876678175928,0.11555555555555555,False,2,2.6717824935913086,False,0.0,0.5864280518389933,16.444524803008875,-2.9612722246473595,CENTER,0.0,0.9198133919768396,0.0656986281191095,NORMAL,STABLE,NORMAL,NO_ACTION,False,0.0
2026-08-20T22:49:53.816087,0.4007299728254119,0.00572156899561388,0.11504424778761062,False,2,2.6717824935913086,False,0.0,0.5849080774196125,16.877897998136746,-2.716237518029118,CENTER,0.0,0.9199135389109347,0.06551103941273444,NORMAL,STABLE,NORMAL,NO_ACTION,False,0.0
2026-08-20T22:49:53.899066,0.4113367984703412,0.003798868351871251,0.1145374449339207,False,2,2.6717824935913086,False,0.0,1.4395705832511396,15.47229081432414,-2.467775881110299,CENTER,0.0,0.9187940352565281,0.0647976923441608,NORMAL,STABLE,NORMAL,NO_ACTION,False,0.0
2026-08-20T22:49:53.983432,0.4006451726406241,0.00798243765884439,0.11403508771929824,False,2,2.6717824935913086,False,0.0,0.45954519660119786,16.545366099000404,-2.728094912548528,CENTER,0.0,0.9183157655423281,0.06462141072449563,NORMAL,STABLE,NORMAL,NO_ACTION,False,0.0
2026-08-20T22:49:54.068119,0.4231545223919624,0.00047459176042317556,0.11353711790393013,False,2,2.6717824935913086,False,0.0,1.558593993007264,15.606484421148679,-2.537479568314552,CENTER,0.0,0.917962346750686,0.06456695410917528,NORMAL,STABLE,NORMAL,NO_ACTION,False,0.0
2026-08-20T22:49:54.147496,0.4315536431060537,0.0032505500136455995,0.11304347826086956,False,2,2.6717824935913086,False,0.0,1.4611494013448976,15.319387841522627,-2.4003831889027083,CENTER,0.0,0.9179456162046222,0.06385859825531899,NORMAL,STABLE,NORMAL,NO_ACTION,False,0.0
2026-08-20T22:49:54.232039,0.445937928264006,0.0022449627043222248,0.11255411255411256,False,2,2.6717824935913086,False,0.0,1.5586857502989915,14.633787097717999,-2.635160514566479,CENTER,0.0,0.9172875646448782,0.06342127202054486,NORMAL,STABLE,NORMAL,NO_ACTION,False,0.0
2026-08-20T22:49:54.312955,0.42075851622522564,0.0003718734277940816,0.11206896551724138,False,2,2.6717824935913086,False,0.0,2.032523565319053,14.597155100681164,-2.5024957854544994,CENTER,0.0,0.9173549470746375,0.06348325856736704,NORMAL,STABLE,NORMAL,NO_ACTION,False,0.0
2026-08-20T22:49:54.395720,0.43945903110617063,0.007669608523556586,0.11158798283261803,False,2,2.6717824935913086,False,0.0,2.002585187467332,14.089583402429867,-2.5128638688684077,CENTER,0.0,0.9168539138665368,0.06283126234770274,NORMAL,STABLE,NORMAL,NO_ACTION,False,0.0
2026-08-20T22:49:54.483594,0.41478647455878237,0.0013453054663826564,0.1111111111111111,False,2,2.6717824935913086,False,0.0,1.5261285545857106,15.664038202914014,-2.5670667779833423,CENTER,0.0,0.9169957441165124,0.06334382035507788,NORMAL,STABLE,NORMAL,NO_ACTION,False,0.0
2026-08-20T22:49:54.568432,0.41452495154746744,0.001588451154509979,0.11063829787234042,False,2,2.6717824935913086,False,0.0,1.8701892107394258,15.302539248684894,-2.3879645533841938,CENTER,0.0,0.9171119872042182,0.06299107000359433,NORMAL,STABLE,NORMAL,NO_ACTION,False,0.0
2026-08-20T22:49:54.648082,0.4262718606383445,0.002528350088331148,0.11016949152542373,False,2,2.6717824935913086,False,0.0,2.0946988621617493,13.834107764776746,-2.28629405174766,CENTER,0.0,0.9164169791743216,0.06176539555432142,NORMAL,STABLE,NORMAL,NO_ACTION,False,0.0
2026-08-20T22:49:54.728389,0.4227117425699982,0.0017499573616059645,0.10970464135021098,False,2,2.6717824935913086,False,0.0,1.869144345734611,14.455521718039194,-2.504824605347551,CENTER,0.0,0.9164332992311507,0.0619837393695119,NORMAL,STABLE,NORMAL,NO_ACTION,False,0.0
2026-08-20T22:49:54.809762,0.42180372445279757,0.003611251578380097,0.1092436974789916,False,2,2.6717824935913086,False,0.0,1.8501615406223948,12.752375725591833,-2.6881353848994536,CENTER,0.0,0.9169220053231555,0.060627197634220496,NORMAL,STABLE,NORMAL,NO_ACTION,False,0.0
2026-08-20T22:49:54.895737,0.4194474497598176,0.0020176081122126434,0.1087866108786611,False,2,2.6717824935913086,False,0.0,2.2910299229755253,13.931513967363372,-2.473480590794196,CENTER,0.0,0.9168708931939545,0.061503126642882835,NORMAL,STABLE,NORMAL,NO_ACTION,False,0.0
2026-08-20T22:49:54.987061,0.4306190118454631,0.0035172755465304427,0.10833333333333334,False,2,2.6717824935913086,False,0.0,1.5531985642602422,15.145435677964002,-2.5656859012905784,CENTER,0.0,0.9167151063100137,0.061532677153727594,NORMAL,STABLE,NORMAL,NO_ACTION,False,0.0
2026-08-20T22:49:55.075553,0.426970839787424,0.005857849733130329,0.1078838174273859,False,2,2.6717824935913086,False,0.0,2.408309274703896,14.765028614508935,-2.188411256224583,CENTER,0.0,0.9179101026663238,0.06149167928459777,NORMAL,STABLE,NORMAL,NO_ACTION,False,0.0
2026-08-20T22:49:55.157511,0.42732816771796656,0.004883423314928168,0.10743801652892562,False,2,2.6717824935913086,False,0.0,1.4570431020558487,15.04674868583993,-2.3643908374424427,CENTER,0.0,0.917254514041985,0.06069375404866242,NORMAL,STABLE,NORMAL,NO_ACTION,False,0.0
2026-08-20T22:49:55.238977,0.423033889952682,0.005193596810156855,0.10699588477366255,False,2,2.6717824935913086,False,0.0,1.8118690739514989,15.204878921059674,-2.4255285401393962,CENTER,0.0,0.9171789840228787,0.060999688324516646,NORMAL,STABLE,NORMAL,NO_ACTION,False,0.0
2026-08-20T22:49:55.320773,0.42447213850536336,0.0020107467227877002,0.10655737704918032,False,2,2.6717824935913086,False,0.0,2.1069244962879736,15.172377936477005,-2.1861964143364503,CENTER,0.0,0.9170794341640335,0.060802743194501185,NORMAL,STABLE,NORMAL,NO_ACTION,False,0.0
2026-08-20T22:49:55.402721,0.4234426498642455,0.00485142037500033,0.10612244897959183,False,2,2.6717824935913086,False,0.0,1.084832939086823,14.383450475670003,-2.5805972473222027,CENTER,0.0,0.9169556032450273,0.0593530683004124,NORMAL,STABLE,NORMAL,NO_ACTION,False,0.0
2026-08-20T22:49:55.490583,0.4398919093045632,0.0021949879578751193,0.10569105691056911,False,2,2.6717824935913086,False,0.0,2.4508498062070885,13.867898279365619,-2.201753135043475,CENTER,0.0,0.9173260013640873,0.05973074696037143,NORMAL,STABLE,NORMAL,NO_ACTION,False,0.0
2026-08-20T22:49:55.576866,0.4312406731945124,0.00030145344027279725,0.10526315789473684,False,2,2.6717824935913086,False,0.0,2.1487892626546454,14.324766876931108,-2.315241681911118,CENTER,0.0,0.9169531651877572,0.059662437894977376,NORMAL,STABLE,NORMAL,NO_ACTION,False,0.0
2026-08-20T22:49:55.655206,0.4370686824453477,0.0006383974869073149,0.10483870967741936,False,2,2.6717824935913086,False,0.0,2.2010925480149126,14.131245355967735,-2.4786864925718817,CENTER,0.0,0.9166293513772537,0.059512195993124566,NORMAL,STABLE,NORMAL,NO_ACTION,False,0.0
2026-08-20T22:49:55.738597,0.4402880541501748,0.004296134631212058,0.10441767068273092,False,2,2.6717824935913086,False,0.0,2.413664593943423,13.86341688784475,-2.2516653467871492,CENTER,0.0,0.9167821404458774,0.05907691982981615,NORMAL,STABLE,NORMAL,NO_ACTION,False,0.0
2026-08-20T22:49:55.817318,0.4323092408888798,0.0010907280255113684,0.104,False,2,2.6717824935913086,False,0.0,2.2639418390301955,14.70612721802354,-2.301023326266403,CENTER,0.0,0.9169466844334827,0.0593926919386254,NORMAL,STABLE,NORMAL,NO_ACTION,False,0.0
2026-08-20T22:49:55.900385,0.4350879857197272,0.0003436938219913812,0.10358565737051793,False,2,2.6717824935913086,False,0.0,3.002413097292532,13.758198113267099,-2.271514194366972,CENTER,0.0,0.9173106639936066,0.05917489765794165,NORMAL,STABLE,NORMAL,NO_ACTION,False,0.0
2026-08-20T22:49:55.983386,0.422437572063823,0.0043986799017360885,0.10317460317460317,False,2,2.6717824935913086,False,0.0,2.0212008269795376,14.039262800536221,-2.499022268747609,CENTER,0.0,0.9164855681936482,0.058416225615605895,NORMAL,STABLE,NORMAL,NO_ACTION,False,0.0
2026-08-20T22:49:56.064615,0.44415535987470434,0.001755176098073803,0.10276679841897234,False,2,2.6717824935913086,False,0.0,2.2730267022720057,14.111308876199786,-2.5630189702838777,CENTER,0.0,0.9166274855170978,0.0585748259733208,NORMAL,STABLE,NORMAL,NO_ACTION,False,0.0
2026-08-20T22:49:56.149422,0.43496299446774067,0.0003239908972721707,0.10236220472440945,False,2,2.6717824935913086,False,0.0,2.546265802815782,13.776132491870897,-2.2424453152079593,CENTER,0.0,0.9171287923846878,0.05806446128239302,NORMAL,STABLE,NORMAL,NO_ACTION,False,0.0
2026-08-20T22:49:56.233290,0.22501001600782475,0.0034176636981474535,0.10196078431372549,False,2,2.6717824935913086,False,0.0,0.8883411884866916,14.606281664599749,-2.9539701742925786,CENTER,0.0,0.9165226241763422,0.1616833564755231,NORMAL,STABLE,NORMAL,NO_ACTION,False,0.0
2026-08-20T22:49:56.315240,0.338698109905173,0.0007724908806372644,0.1015625,False,2,2.6717824935913086,False,0.0,2.242742650566953,14.479497784109327,-2.7680122071344044,CENTER,0.0,0.9165428501004312,0.05839982959453577,NORMAL,STABLE,NORMAL,NO_ACTION,False,0.0
2026-08-20T22:49:56.396313,0.4676265114223885,0.005001204668591626,0.10116731517509728,False,2,2.6717824935913086,False,0.0,3.050202929391048,13.813294476723257,-2.1083295154774646,CENTER,0.0,0.9166566053745958,0.05784104323790502,NORMAL,STABLE,NORMAL,NO_ACTION,False,0.0
2026-08-20T22:49:56.478045,0.48261921594837986,0.0004695239451986722,0.10077519379844961,False,2,2.6717824935913086,False,0.0,3.381095794840604,14.694317490776427,-2.203743460675156,CENTER,0.0,0.9174085097001763,0.05872724259230787,NORMAL,STABLE,NORMAL,NO_ACTION,False,0.0
2026-08-20T22:49:56.566153,0.48690738241547565,0.00044761255471411444,0.10038610038610038,False,2,2.6717824935913086,False,0.0,2.8377963262508956,15.053316068722893,-2.186100683071089,CENTER,0.0,0.9170161441875491,0.05823199617263978,NORMAL,STABLE,NORMAL,NO_ACTION,False,0.0
2026-08-20T22:49:56.648134,0.4881167938560538,0.003090490219550767,0.1,False,2,2.6717824935913086,False,0.0,1.8005247121290893,14.80736221279767,-2.4771677178845835,CENTER,0.0,0.9166515551131075,0.057097359812110726,NORMAL,STABLE,NORMAL,NO_ACTION,False,0.0
2026-08-20T22:49:56.733207,0.47947794430893675,0.0018236762641580901,0.09961685823754789,False,2,2.6717824935913086,False,0.0,2.8526728367836256,13.828132479367241,-2.428365187810101,CENTER,0.0,0.9169607281409221,0.05736711311678619,NORMAL,STABLE,NORMAL,NO_ACTION,False,0.0
2026-08-20T22:49:56.814294,0.47761525757709056,0.006853556242910263,0.09923664122137404,False,2,2.6717824935913086,False,0.0,1.88092139238222,15.412476024362576,-2.7635329449101675,CENTER,0.0,0.9171961374972444,0.05792048978567407,NORMAL,STABLE,NORMAL,NO_ACTION,False,0.0
2026-08-20T22:49:56.897802,0.4672322645723942,0.0003817431414049891,0.09885931558935361,False,2,2.6717824935913086,False,0.0,2.6775853022354568,14.709574444090748,-2.5482258028425235,CENTER,0.0,0.9170444057493753,0.05797483759227612,NORMAL,STABLE,NORMAL,NO_ACTION,False,0.0
2026-08-20T22:49:56.978989,0.48478193184268353,0.0007554821374672282,0.09848484848484848,False,2,2.6717824935913086,False,0.0,2.693857221845235,14.570311719640216,-2.3436055438137657,CENTER,0.0,0.9170807775833456,0.057681138520066295,NORMAL,STABLE,NORMAL,NO_ACTION,False,0.0
2026-08-20T22:49:57.060589,0.5030650222283461,0.0007424429866158723,0.09811320754716982,False,2,2.6717824935913086,False,0.0,2.7675254777389853,15.491478022560926,-2.3356298635532085,CENTER,0.0,0.9169402783136146,0.058440040907157986,NORMAL,STABLE,NORMAL,NO_ACTION,False,0.0
2026-08-20T22:49:57.139984,0.5049837559997439,0.0004345174856279112,0.09774436090225563,False,2,2.6717824935913086,False,0.0,3.0594373762505995,14.744501642436177,-2.246453170114904,CENTER,0.0,0.9171600766399666,0.05808144044108829,NORMAL,STABLE,NORMAL,NO_ACTION,False,0.0
2026-08-20T22:49:57.223407,0.4962641321928154,0.002580960469995053,0.09737827715355805,False,2,2.6717824935913086,False,0.0,2.5669378382196726,15.981994707133424,-2.341826828725033,CENTER,0.0,0.9169281253444665,0.058614073230311106,NORMAL,STABLE,NORMAL,NO_ACTION,False,0.0
2026-08-20T22:49:57.306296,0.5017977736417286,0.0012930524027020046,0.09701492537313433,False,2,2.6717824935913086,False,0.0,3.1684452257252076,14.022860049394751,-2.4110590619174275,CENTER,0.0,0.916880919082525,0.057812997007789586,NORMAL,STABLE,NORMAL,NO_ACTION,False,0.0
2026-08-20T22:49:57.397058,0.5165421310092759,0.0027511572261557423,0.09665427509293681,False,2,2.6717824935913086,False,0.0,2.917529946576167,15.794565648280496,-2.2241823037099095,CENTER,0.0,0.917451959363671,0.058706734129973286,NORMAL,STABLE,NORMAL,NO_ACTION,False,0.0
2026-08-20T22:49:57.482508,0.5217059368817586,0.0011569869514024044,0.0962962962962963,False,2,2.6717824935913086,False,0.0,3.0055376853631515,16.193156499487657,-2.2532714415775104,CENTER,0.0,0.9172844673170194,0.0591240582191538,NORMAL,STABLE,NORMAL,NO_ACTION,False,0.0
2026-08-20T22:49:57.579580,0.5049543126528753,0.0058203827439508955,0.0959409594095941,False,2,2.6717824935913086,False,0.0,3.2912814623207964,14.278458140809079,-2.3883989797506615,CENTER,0.0,0.9172302205427568,0.05810577257868962,NORMAL,STABLE,NORMAL,NO_ACTION,False,0.0
2026-08-20T22:49:57.666695,0.5129894187163185,0.006636191170987424,0.09558823529411764,False,2,2.6717824935913086,False,0.0,2.5941812691383177,16.029043421063193,-2.4504212065394313,CENTER,0.0,0.9173364501809598,0.058785725736047595,NORMAL,STABLE,NORMAL,NO_ACTION,False,0.0
2026-08-20T22:49:57.762027,0.5238298265401766,0.0005151362209836991,0.09523809523809523,False,2,2.6717824935913086,False,0.0,3.0915338920778197,15.207166000513041,-2.3746251379038483,CENTER,0.0,0.9169910919051906,0.058590272831386105,NORMAL,STABLE,NORMAL,NO_ACTION,False,0.0
2026-08-20T22:49:57.842631,0.5305982364787951,0.0033217367441207104,0.0948905109489051,False,2,2.6717824935913086,False,0.0,3.0655117304525277,16.415460439309612,-2.271047283219332,CENTER,0.0,0.9171634973835856,0.059369290621990964,NORMAL,STABLE,NORMAL,NO_ACTION,False,0.0
2026-08-20T22:49:57.924488,0.5223084689006197,0.0013460082539744425,0.09454545454545454,False,2,2.6717824935913086,False,0.0,3.1859941631934703,17.065608637420723,-2.084080891527293,CENTER,0.0,0.9172380073991402,0.05979171758689984,NORMAL,STABLE,NORMAL,NO_ACTION,False,0.0
2026-08-20T22:49:58.006283,0.3797568587158038,0.003712833482273531,0.09420289855072464,False,2,2.6717824935913086,False,0.0,2.4779330561135566,18.62754997302426,-2.01807683906614,CENTER,0.0,0.9176572910542818,0.06019033494400637,NORMAL,STABLE,NORMAL,NO_ACTION,False,0.0
2026-08-20T22:49:58.089399,0.16811496615403054,0.0014497025784385167,0.09747292418772563,True,2,2.6717824935913086,False,0.0,2.6047667172145452,18.144923345450877,-1.955447876050016,CENTER,0.0,0.9174123284939618,0.24306530876219412,LOW,STABLE,NORMAL,NO_ACTION,False,0.0
2026-08-20T22:49:58.176365,0.41734451839363873,0.0016688016263420632,0.09712230215827339,False,3,0.08696603775024414,False,0.0,2.5884021043142695,18.054859690112096,-2.0835623946721284,CENTER,0.0,0.9884188930684157,0.017538549664104897,NORMAL,STABLE,NORMAL,NO_ACTION,False,0.0
2026-08-20T22:49:58.267391,0.4440985561405503,0.0008313544540026331,0.0967741935483871,False,3,0.08696603775024414,False,0.0,3.012844315691382,17.5139114649225,-1.9738642057619415,CENTER,0.0,0.9881196684242113,0.017450951671250933,NORMAL,STABLE,NORMAL,NO_ACTION,False,0.0
2026-08-20T22:49:58.358744,0.43775261603080834,0.005720136862152723,0.09642857142857143,False,3,0.08696603775024414,False,0.0,3.5339691674865037,16.48165340329973,-2.011823655962587,CENTER,0.0,0.9876052517361111,0.017243809436074856,NORMAL,STABLE,NORMAL,NO_ACTION,False,0.0
2026-08-20T22:49:58.480906,0.46999626522478677,0.0009533405213881144,0.09608540925266904,False,3,0.08696603775024414,False,0.0,2.981599602808501,16.69792067396,-1.9533121005706278,CENTER,0.0,0.9882887651105967,0.01681174657148435,NORMAL,STABLE,NORMAL,NO_ACTION,False,0.0
2026-08-20T22:49:58.568435,0.46357986982496946,0.0005652530651948732,0.09574468085106383,False,3,0.08696603775024414,False,0.0,2.8418003474699276,16.320332620792783,-1.8223703693204811,CENTER,0.0,0.9884466360168039,0.016278330546000367,NORMAL,STABLE,NORMAL,NO_ACTION,False,0.0
2026-08-20T22:49:58.660445,0.47613344766820453,0.0005065755198376351,0.09540636042402827,False,3,0.08696603775024414,False,0.0,3.207176690111197,17.67298714960154,-1.7910303867132313,CENTER,0.0,0.9887751173482512,0.0175769123486913,NORMAL,STABLE,NORMAL,NO_ACTION,False,0.0
2026-08-20T22:49:58.746158,0.4855455164266059,0.0012552722909059885,0.09507042253521127,False,3,0.08696603775024414,False,0.0,3.2684717356282817,16.767951339670503,-1.8742099407643593,CENTER,0.0,0.9883791607724622,0.017062399063325313,NORMAL,STABLE,NORMAL,NO_ACTION,False,0.0
2026-08-20T22:49:58.829543,0.4681485868425104,0.0010300246890835084,0.09473684210526316,False,3,0.08696603775024414,False,0.0,3.1307765468408206,17.46646082249029,-1.748401604748011,CENTER,0.0,0.9884362943672839,0.017313133999254455,NORMAL,STABLE,NORMAL,NO_ACTION,False,0.0
2026-08-20T22:49:58.914980,0.49405058263715296,0.001015370410800111,0.0944055944055944,False,3,0.08696603775024414,False,0.0,3.2977904655209613,16.115751508120724,-1.8311976725503882,CENTER,0.0,0.9884894091863854,0.016578179481415156,NORMAL,STABLE,NORMAL,NO_ACTION,False,0.0
2026-08-20T22:49:59.002890,0.47777555578084135,0.0004136324438010984,0.09407665505226481,False,3,0.08696603775024414,False,0.0,3.0967383319651276,16.31238516031209,-1.977377944768591,CENTER,0.0,0.9886968583890603,0.016667353104487498,NORMAL,STABLE,NORMAL,NO_ACTION,False,0.0
2026-08-20T22:49:59.088944,0.469028314109291,0.0005929205203395575,0.09375,False,3,0.08696603775024414,False,0.0,2.5146499511355387,16.810587615002134,-1.7153371746575203,CENTER,0.0,0.9885062344607338,0.01621430088011708,NORMAL,STABLE,NORMAL,NO_ACTION,False,0.0
2026-08-20T22:49:59.178272,0.47946213534282894,0.0002131620361612208,0.09342560553633218,False,3,0.08696603775024414,False,0.0,2.924953745588681,16.619846972618603,-1.8204010057077653,CENTER,0.0,0.9886137233153292,0.016572823685176683,NORMAL,STABLE,NORMAL,NO_ACTION,False,0.0
2026-08-20T22:49:59.265436,0.4994694233779703,0.00015821391219503274,0.09310344827586207,False,3,0.08696603775024414,False,0.0,3.0978778965365734,15.006128618474634,-2.0797510173321996,CENTER,0.0,0.9887244405864196,0.015823624437809016,NORMAL,STABLE,NORMAL,NO_ACTION,False,0.0
2026-08-20T22:49:59.355248,0.4941235099878018,0.0012323048390241763,0.09278350515463918,False,3,0.08696603775024414,False,0.0,3.3393099014788277,15.923662963968155,-1.8538859177702989,CENTER,0.0,0.9887365906850137,0.016501278485105794,NORMAL,STABLE,NORMAL,NO_ACTION,False,0.0
2026-08-20T22:49:59.436970,0.4973584309010305,0.0002846315220159361,0.09246575342465753,False,3,0.08696603775024414,False,0.0,3.1937447081063226,15.299994618522106,-2.1687050800750285,CENTER,0.0,0.9882123146004801,0.01621383665014431,NORMAL,STABLE,NORMAL,NO_ACTION,False,0.0
2026-08-20T22:49:59.525000,0.510098848326685,0.0010328563008479817,0.09215017064846416,False,3,0.08696603775024414,False,0.0,3.515714081227884,16.1779212488089,-2.042429134830087,CENTER,0.0,0.9883682297025034,0.017036340295158547,NORMAL,STABLE,NORMAL,NO_ACTION,False,0.0
2026-08-20T22:49:59.608052,0.4935862471102745,0.0013412651120533721,0.09183673469387756,False,3,0.08696603775024414,False,0.0,3.919513756930087,15.423316540499172,-1.9278994380194376,CENTER,0.0,0.9886899728866598,0.016769904281793393,NORMAL,STABLE,NORMAL,NO_ACTION,False,0.0
2026-08-20T22:49:59.703643,0.5159524428423194,0.0016475804209285974,0.09152542372881356,False,3,0.08696603775024414,False,0.0,3.6455022979067735,14.198607727551547,-2.0706856139083527,CENTER,0.0,0.9891968342764061,0.015759027273868464,NORMAL,STABLE,NORMAL,NO_ACTION,False,0.0
2026-08-20T22:49:59.799607,0.5026516852368393,0.0015334545762297127,0.09121621621621621,False,3,0.08696603775024414,False,0.0,3.4435663237548226,16.31872174395005,-1.933492210119482,CENTER,0.0,0.9889403961977024,0.016963651699546587,NORMAL,STABLE,NORMAL,NO_ACTION,False,0.0
2026-08-20T22:49:59.904144,0.4833365371139159,0.0026662263268365407,0.09090909090909091,False,3,0.08696603775024414,False,0.0,3.681506135190091,15.004614806588307,-1.8182135951862222,CENTER,0.0,0.989335348079561,0.016132692656231712,NORMAL,STABLE,NORMAL,NO_ACTION,False,0.0
2026-08-20T22:49:59.990572,0.5041392037198135,0.0005136325640080919,0.09060402684563758,False,3,0.08696603775024414,False,0.0,3.050433819143109,16.157814999631427,-1.80991446771327,CENTER,0.0,0.9895138620970508,0.016349868442632545,NORMAL,STABLE,NORMAL,NO_ACTION,False,0.0
2026-08-20T22:50:00.078534,0.506500196260735,0.002598904467244744,0.0903010033444816,False,3,0.08696603775024414,False,0.0,3.0186309253498393,15.417557426179116,-2.198191306869461,CENTER,0.0,0.9896357113768861,0.016158509179562765,NORMAL,STABLE,NORMAL,NO_ACTION,False,0.0
2026-08-20T22:50:00.162699,0.49871022192748704,0.0002438481495368656,0.09,False,3,0.08696603775024414,False,0.0,3.564398196422701,15.281010386121977,-2.10614739742104,CENTER,0.0,0.9894994480881346,0.01649681066553022,NORMAL,STABLE,NORMAL,NO_ACTION,False,0.0
2026-08-20T22:50:00.254345,0.5039808758829514,0.00786620373731773,0.08970099667774087,False,3,0.08696603775024414,False,0.0,2.989504566972414,15.573486963232028,-2.28478613982972,CENTER,0.0,0.9891349317343965,0.016326464968884447,NORMAL,STABLE,NORMAL,NO_ACTION,False,0.0
2026-08-20T22:50:00.344321,0.4919584117676725,0.0007831086798850514,0.08940397350993377,False,3,0.08696603775024414,False,0.0,3.434101286435265,14.780474471606482,-2.3722443295509095,CENTER,0.0,0.9895743580675583,0.016266082896739514,NORMAL,STABLE,NORMAL,NO_ACTION,False,0.0
2026-08-20T22:50:00.432794,0.4884635737679397,0.003839694078011011,0.0891089108910891,False,3,0.08696603775024414,False,0.0,3.2388842031425895,14.534006222682308,-2.1240614638943214,CENTER,0.0,0.990024313593107,0.015661100321676467,NORMAL,STABLE,NORMAL,NO_ACTION,False,0.0
2026-08-20T22:50:00.517347,0.4832913476328313,0.005259275122553584,0.08881578947368421,False,3,0.08696603775024414,False,0.0,2.7162871555943866,16.013667662736395,-2.147032557763424,CENTER,0.0,0.9898285858196159,0.016248623406320845,NORMAL,STABLE,NORMAL,NO_ACTION,False,0.0
2026-08-20T22:50:00.604607,0.4850722300639715,0.0019343053437679853,0.08852459016393442,False,3,0.08696603775024414,False,0.0,2.877716333678137,16.602806496338303,-2.05639363659472,CENTER,0.0,0.9896881965877915,0.016742280959470043,NORMAL,STABLE,NORMAL,NO_ACTION,False,0.0
2026-08-20T22:50:00.690704,0.48264838972405644,0.0009515164132196241,0.08823529411764706,False,3,0.08696603775024414,False,0.0,3.1437871965424904,15.887010947439421,-2.260431296773703,CENTER,0.0,0.9895773319615913,0.01667801460375147,NORMAL,STABLE,NORMAL,NO_ACTION,False,0.0
2026-08-20T22:50:00.783874,0.48699817128647493,0.0011430656689230237,0.08794788273615635,False,3,0.08696603775024414,False,0.0,2.719784028067437,15.626612766850684,-2.3871313400839256,CENTER,0.0,0.9897337293167011,0.016203657352797177,NORMAL,STABLE,NORMAL,NO_ACTION,False,0.0
2026-08-20T22:50:00.867218,0.4835584852459187,0.005895333733846674,0.08766233766233766,False,3,0.08696603775024414,False,0.0,2.445726265739779,15.775303902052599,-2.5553274759942326,CENTER,0.0,0.9891775575488683,0.016209104569448518,NORMAL,STABLE,NORMAL,NO_ACTION,False,0.0
2026-08-20T22:50:00.952953,0.4892029276418075,0.0024794510418854883,0.08737864077669903,False,3,0.08696603775024414,False,0.0,2.6144651633156,16.448923359875437,-2.485021853256626,CENTER,0.0,0.989159352494856,0.016790395109201807,NORMAL,STABLE,NORMAL,NO_ACTION,False,0.0
2026-08-20T22:50:01.038390,0.4916878145221957,0.0009234039998881639,0.08709677419354839,False,3,0.08696603775024414,False,0.0,3.241377916687668,15.692183170886835,-2.2533032556348758,CENTER,0.0,0.989206425754458,0.01662441786343257,NORMAL,STABLE,NORMAL,NO_ACTION,False,0.0
2026-08-20T22:50:01.124587,0.4913468314875433,0.0006036399847565011,0.08681672025723473,False,3,0.08696603775024414,False,0.0,2.7852622987657583,14.996735826504676,-2.438527878510911,CENTER,0.0,0.9890794726294583,0.015861292341704983,NORMAL,STABLE,NORMAL,NO_ACTION,False,0.0
2026-08-20T22:50:01.211578,0.49065714909145647,0.0020253085559032015,0.08653846153846154,False,3,0.08696603775024414,False,0.0,2.86010681873924,16.47640254590354,-2.1634128482288304,CENTER,0.0,0.9893722136488341,0.016737087443936625,NORMAL,STABLE,NORMAL,NO_ACTION,False,0.0
2026-08-20T22:50:01.304692,0.4832334936013526,0.00023033307067263297,0.08626198083067092,False,3,0.08696603775024414,False,0.0,2.8399670744095715,15.96201191635248,-2.217871311838536,CENTER,0.0,0.9894657975394375,0.01639863075597497,NORMAL,STABLE,NORMAL,NO_ACTION,False,0.0
2026-08-20T22:50:01.397077,0.4784983598237097,0.004222450999396475,0.08598726114649681,False,3,0.08696603775024414,False,0.0,2.3516276219319536,16.669447080236722,-2.3521171861345067,CENTER,0.0,0.9898139172882373,0.016568577150901632,NORMAL,STABLE,NORMAL,NO_ACTION,False,0.0
2026-08-20T22:50:01.496048,0.47893082440210755,0.005593955601333996,0.08571428571428572,False,3,0.08696603775024414,False,0.0,3.0487266602745535,14.79154955505092,-2.1883434861277635,CENTER,0.0,0.9895655703446502,0.01572589037518345,NORMAL,STABLE,NORMAL,NO_ACTION,False,0.0
2026-08-20T22:50:01.584601,0.47281927855352507,0.0018155812427281422,0.08544303797468354,False,3,0.08696603775024414,False,0.0,3.0523874081177667,16.328098958576362,-2.077177981360194,CENTER,0.0,0.9894130845979081,0.016732097400691336,NORMAL,STABLE,NORMAL,NO_ACTION,False,0.0
2026-08-20T22:50:01.673528,0.47464042762841596,0.0009827303880446383,0.08517350157728706,False,3,0.08696603775024414,False,0.0,3.8673552320342424,14.543287838424135,-1.9924377471415085,CENTER,0.0,0.9898605886702675,0.016146249270660745,NORMAL,STABLE,NORMAL,NO_ACTION,False,0.0
2026-08-20T22:50:01.761668,0.48187936645558427,0.0010175317191922894,0.08490566037735849,False,3,0.08696603775024414,False,0.0,3.5226942010541222,15.673362564364197,-1.9238174849896552,CENTER,0.0,0.990093463327332,0.01656443977193482,NORMAL,STABLE,NORMAL,NO_ACTION,False,0.0
2026-08-20T22:50:01.882620,0.47202996292205757,0.008515352076253459,0.08463949843260188,False,3,0.08696603775024414,False,0.0,3.1593549240708114,17.37917069796788,-2.135390453947366,CENTER,0.0,0.9898483314043209,0.01765026697921653,NORMAL,STABLE,NORMAL,NO_ACTION,False,0.0
2026-08-20T22:50:01.966932,0.4501706406971604,0.004697239917109168,0.084375,False,3,0.08696603775024414,False,0.0,3.1806481547990018,15.319360699667158,-1.8415573954653155,CENTER,0.0,0.9899572402263374,0.015900180664828956,NORMAL,STABLE,NORMAL,NO_ACTION,False,0.0
2026-08-20T22:50:02.054807,0.46475477264639675,0.001532353733262463,0.08411214953271028,False,3,0.08696603775024414,False,0.0,3.573847584441154,16.966734641071127,-1.6776159655195784,CENTER,0.0,0.9900987949031208,0.017310717696291333,NORMAL,STABLE,NORMAL,NO_ACTION,False,0.0
2026-08-20T22:50:02.140709,0.48382273928323116,0.0025031168810458275,0.08385093167701864,False,3,0.08696603775024414,False,0.0,3.14577062730379,16.267416804948226,-1.9831608901037328,CENTER,0.0,0.9903401223851164,0.016687661005521704,NORMAL,STABLE,NORMAL,NO_ACTION,False,0.0
2026-08-20T22:50:02.226809,0.4806306364519991,0.0005809669116411095,0.08359133126934984,False,3,0.08696603775024414,False,0.0,3.979473713443724,15.184398312254757,-1.7675049830969556,CENTER,0.0,0.9902414480452675,0.01650063752588983,NORMAL,STABLE,NORMAL,NO_ACTION,False,0.0
2026-08-20T22:50:02.312874,0.48809479955804735,0.0012302068119056102,0.08333333333333333,False,3,0.08696603775024414,False,0.0,3.618283115150092,15.27317061253558,-1.8449151420433054,CENTER,0.0,0.9903330761316873,0.016291480801165634,NORMAL,STABLE,NORMAL,NO_ACTION,False,0.0
2026-08-20T22:50:02.400225,0.4815724060199362,0.0048941975182145115,0.08307692307692308,False,3,0.08696603775024414,False,0.0,2.7783621042302684,16.361880465724028,-1.9782217990526192,CENTER,0.0,0.989904554076646,0.016397327798776805,NORMAL,STABLE,NORMAL,NO_ACTION,False,0.0
2026-08-20T22:50:02.485665,0.492459635741865,0.0018691077123354862,0.08282208588957055,False,3,0.08696603775024414,False,0.0,3.2172358423156595,14.983372587736369,-2.0625782707256803,CENTER,0.0,0.9901517623671126,0.015905590088886448,NORMAL,STABLE,NORMAL,NO_ACTION,False,0.0
2026-08-20T22:50:02.573051,0.4819164546680471,0.00018217886188792048,0.08256880733944955,False,3,0.08696603775024414,False,0.0,3.6702330310498326,16.0092938326938,-1.8168973162867417,CENTER,0.0,0.9902996131258573,0.01684617106549185,NORMAL,STABLE,NORMAL,NO_ACTION,False,0.0
2026-08-20T22:50:02.658420,0.4823018140511283,0.007062003599205067,0.08231707317073171,False,3,0.08696603775024414,False,0.0,2.840169744337345,16.701805443286702,-2.1223855507422513,CENTER,0.0,0.9896290536051098,0.016841171993191118,NORMAL,STABLE,NORMAL,NO_ACTION,False,0.0
2026-08-20T22:50:02.746371,0.4768958850276783,0.0004837618197950225,0.08206686930091185,False,3,0.08696603775024414,False,0.0,3.2553420012693266,16.49801746176749,-2.007722610011882,CENTER,0.0,0.989586079496742,0.01698337112584361,NORMAL,STABLE,NORMAL,NO_ACTION,False,0.0
2026-08-20T22:50:02.839721,0.4698061476357235,0.0037731336605598543,0.08181818181818182,False,3,0.08696603775024414,False,0.0,3.4763554003031913,15.276465397487982,-1.9331684852091655,CENTER,0.0,0.9901317890517832,0.016242173936086554,NORMAL,STABLE,NORMAL,NO_ACTION,False,0.0
2026-08-20T22:50:02.930557,0.49207993302067626,0.0008656002724105686,0.08157099697885196,False,3,0.08696603775024414,False,0.0,3.4396543630642498,15.300511678924181,-2.0522483267465077,CENTER,0.0,0.9900524986068244,0.016338868432374122,NORMAL,STABLE,NORMAL,NO_ACTION,False,0.0
2026-08-20T22:50:03.025064,0.4875165291611975,0.003273925712878843,0.08132530120481928,False,3,0.08696603775024414,False,0.0,3.353829883689457,15.54609050314366,-1.9350686386101472,CENTER,0.0,0.9900668456361454,0.016320745421892262,NORMAL,STABLE,NORMAL,NO_ACTION,False,0.0
2026-08-20T22:50:03.119204,0.46781027833555483,0.003950332428463844,0.08108108108108109,False,3,0.08696603775024414,False,0.0,3.031126938662993,14.186678004723404,-2.095762445278268,CENTER,0.0,0.9905071962877228,0.015182938706465896,NORMAL,STABLE,NORMAL,NO_ACTION,False,0.0
2026-08-20T22:50:03.209959,0.4697011538930463,0.0009164086051336785,0.08083832335329341,False,3,0.08696603775024414,False,0.0,3.0050232911437433,16.51162935180392,-2.0199077627452198,CENTER,0.0,0.9906242364326131,0.01676388813930702,NORMAL,STABLE,NORMAL,NO_ACTION,False,0.0
2026-08-20T22:50:03.301819,0.4772081873955392,0.0015270006865069634,0.08059701492537313,False,3,0.08696603775024414,False,0.0,3.3625788946961848,15.589755900991804,-1.8982698276940084,CENTER,0.0,0.9906748060270918,0.01632527062412908,NORMAL,STABLE,NORMAL,NO_ACTION,False,0.0
2026-08-20T22:50:03.388793,0.5112621789534177,0.001392932379504416,0.08059701492537313,False,3,0.08696603775024414,False,0.0,3.3705816068546426,15.352568825566749,-2.1846650026103305,CENTER,0.0,0.9903538933899176,0.016437463109060774,NORMAL,STABLE,NORMAL,NO_ACTION,False,0.0
2026-08-20T22:50:03.475907,0.505311122843286,0.0009192974333684514,0.08035714285714286,False,3,0.08696603775024414,False,0.0,4.032733414603996,16.424958333163744,-1.9524291099895095,CENTER,0.0,0.9903772558727709,0.017625959745782377,NORMAL,STABLE,NORMAL,NO_ACTION,False,0.0
2026-08-20T22:50:03.554377,0.5124558838259345,0.0034209905404518496,0.08059701492537313,False,3,0.08696603775024414,False,0.0,3.260222070991233,16.414689894181322,-2.164956952213714,CENTER,0.0,0.9899457331318586,0.01707930027925424,NORMAL,STABLE,NORMAL,NO_ACTION,False,0.0
2026-08-20T22:50:03.638750,0.4963809584530079,0.0006956308311147517,0.08108108108108109,False,3,0.08696603775024414,False,0.0,3.5675469990900694,15.36816516369774,-1.964446089522454,CENTER,0.0,0.9902820376800411,0.01642633485170487,NORMAL,STABLE,NORMAL,NO_ACTION,False,0.0
2026-08-20T22:50:03.722542,0.5128608667073461,0.0027642432096753465,0.08157099697885196,False,3,0.08696603775024414,False,0.0,3.8474964135588436,16.038082982332327,-1.9293916821124526,CENTER,0.0,0.9904806723679698,0.01714598920899756,NORMAL,STABLE,NORMAL,NO_ACTION,False,0.0
2026-08-20T22:50:03.812618,0.5228360415007457,0.0015060896102729112,0.08157099697885196,False,3,0.08696603775024414,False,0.0,3.690431544677864,16.21033344852404,-2.0623309699091124,CENTER,0.0,0.9900643539951989,0.017247160282425192,NORMAL,STABLE,NORMAL,NO_ACTION,False,0.0
2026-08-20T22:50:03.910676,0.4978170353841229,0.004326764061991396,0.08132530120481928,False,3,0.08696603775024414,False,0.0,3.059465806364358,16.380638688597827,-2.015253469754043,CENTER,0.0,0.9897321084104939,0.01671722798543467,NORMAL,STABLE,NORMAL,NO_ACTION,False,0.0
2026-08-20T22:50:04.006569,0.5137357072929329,0.0020811374908666796,0.08108108108108109,False,3,0.08696603775024414,False,0.0,3.425292957179863,16.813668716246127,-2.062547068740912,CENTER,0.0,0.9898042588305899,0.017427791875582948,NORMAL,STABLE,NORMAL,NO_ACTION,False,0.0
2026-08-20T22:50:04.092891,0.5137955985214571,0.001123631218290548,0.08083832335329341,False,3,0.08696603775024414,False,0.0,3.7074627203193415,15.49829305041132,-1.9553309428562216,CENTER,0.0,0.9898290278849451,0.01664627221205872,NORMAL,STABLE,NORMAL,NO_ACTION,False,0.0
2026-08-20T22:50:04.178210,0.5042474444847742,0.0027107097546492974,0.08059701492537313,False,3,0.08696603775024414,False,0.0,3.591480092589478,16.357929965540592,-1.9491806785970596,CENTER,0.0,0.9895326431755832,0.01714951164366265,NORMAL,STABLE,NORMAL,NO_ACTION,False,0.0
2026-08-20T22:50:04.266391,0.49478335345940005,0.0021920237382203078,0.08035714285714286,False,3,0.08696603775024414,False,0.0,3.6194648036774595,13.592775007542286,-2.010689944966913,CENTER,0.0,0.9899647687328532,0.015238634670808455,NORMAL,STABLE,NORMAL,NO_ACTION,False,0.0
2026-08-20T22:50:04.356379,0.50836771890251,0.0003198727923974662,0.08011869436201781,False,3,0.08696603775024414,False,0.0,3.9688087879645764,15.822157270924293,-1.805293407225065,CENTER,0.0,0.9900716279792523,0.016987360142887202,NORMAL,STABLE,NORMAL,NO_ACTION,False,0.0
2026-08-20T22:50:04.438472,0.5202779905901906,0.0017517571739796094,0.07988165680473373,False,3,0.08696603775024414,False,0.0,4.093750422253464,15.84905261085595,-1.7855722032157075,CENTER,0.0,0.989740869341564,0.01710810793236628,NORMAL,STABLE,NORMAL,NO_ACTION,False,0.0
2026-08-20T22:50:04.522666,0.5193835203621301,0.0029914099500218854,0.07988165680473373,False,3,0.08696603775024414,False,0.0,4.221674730079684,14.845675232315443,-1.7078961245280766,CENTER,0.0,0.990119183491941,0.016431833675924185,NORMAL,STABLE,NORMAL,NO_ACTION,False,0.0
2026-08-20T22:50:04.605033,0.4965404300640773,0.0030034143624973393,0.07988165680473373,False,3,0.08696603775024414,False,0.0,3.9886829282994256,14.856930677114377,-1.6763298567118738,CENTER,0.0,0.9904787567515433,0.016185202985704597,NORMAL,STABLE,NORMAL,NO_ACTION,False,0.0
2026-08-20T22:50:04.690832,0.5111686027588377,0.0017123451966900211,0.07988165680473373,False,3,0.08696603775024414,False,0.0,4.244897750493635,15.63486609280966,-1.7317362407360974,CENTER,0.0,0.9905061915937929,0.017047124910435613,NORMAL,STABLE,NORMAL,NO_ACTION,False,0.0
2026-08-20T22:50:04.774897,0.5133184415984289,0.0009258273727544519,0.07964601769911504,False,3,0.08696603775024414,False,0.0,3.782065245098636,15.852463394956601,-1.7113958647571224,CENTER,0.0,0.9906914303626545,0.0167390009280705,NORMAL,STABLE,NORMAL,NO_ACTION,False,0.0
2026-08-20T22:50:04.862544,0.523869528604065,0.0030141408856384257,0.07964601769911504,False,3,0.08696603775024414,False,0.0,3.6300524708841806,15.72271624988042,-1.874436416023599,CENTER,0.0,0.9905649326989027,0.016655913997491497,NORMAL,STABLE,NORMAL,NO_ACTION,False,0.0
2026-08-20T22:50:04.951092,0.5213378864890936,0.0036924797758034755,0.07964601769911504,False,3,0.08696603775024414,False,0.0,3.7841594500368956,16.692347802903925,-1.8296083605982574,CENTER,0.0,0.9907520736882717,0.017461435008634833,NORMAL,STABLE,NORMAL,NO_ACTION,False,0.0
2026-08-20T22:50:05.069783,0.5023959377295255,0.0003649867854333748,0.07964601769911504,False,3,0.08696603775024414,False,0.0,4.3063254833451765,14.367533041877579,-1.7910582220067965,CENTER,0.0,0.990650103952332,0.016248106320583853,NORMAL,STABLE,NORMAL,NO_ACTION,False,0.0
2026-08-20T22:50:05.156520,0.5090823808092572,0.0017692795266311847,0.07964601769911504,False,3,0.08696603775024414,False,0.0,4.067891424811307,15.821424763077317,-1.7540221881494915,CENTER,0.0,0.990586915402092,0.017032871733962535,NORMAL,STABLE,NORMAL,NO_ACTION,False,0.0
2026-08-20T22:50:05.255131,0.5040332310163809,0.002814191898401759,0.07964601769911504,False,3,0.08696603775024414,False,0.0,3.7513252113639624,15.310567892907727,-1.7783930812793187,CENTER,0.0,0.9900700070730453,0.016382546278534298,NORMAL,STABLE,NORMAL,NO_ACTION,False,0.0
2026-08-20T22:50:05.352460,0.4936163676846921,0.003478614529265855,0.07964601769911504,False,3,0.08696603775024414,False,0.0,4.00666903842702,13.575897154228983,-1.7170240153707539,CENTER,0.0,0.9904873569315844,0.015316519033563233,NORMAL,STABLE,NORMAL,NO_ACTION,False,0.0
2026-08-20T22:50:05.442053,0.5066458547447787,0.0002846330021756999,0.07964601769911504,False,3,0.08696603775024414,False,0.0,4.316843926467868,16.004167922339207,-1.7279007813307885,CENTER,0.0,0.9908409288194443,0.017379430995865912,NORMAL,STABLE,NORMAL,NO_ACTION,False,0.0
2026-08-20T22:50:05.525731,0.5052070225667702,0.003956671740302831,0.07964601769911504,False,3,0.08696603775024414,False,0.0,3.8645221662338543,15.618989931125782,-1.7047734043695186,CENTER,0.0,0.9905315366726681,0.016643406981208905,NORMAL,STABLE,NORMAL,NO_ACTION,False,0.0
2026-08-20T22:50:05.612141,0.5064838965137342,0.0005181684500792581,0.07964601769911504,False,3,0.08696603775024414,False,0.0,4.262188760809977,15.292560665827665,-1.5656635116202722,CENTER,0.0,0.9903795063871742,0.01665663303951207,NORMAL,STABLE,NORMAL,NO_ACTION,False,0.0
2026-08-20T22:50:05.696867,0.5084763498689853,0.0035322272540164222,0.07941176470588235,False,3,0.08696603775024414,False,0.0,3.7271649320869074,15.325089674258578,-1.6663453726723958,CENTER,0.0,0.9904359701860426,0.016261870984140156,NORMAL,STABLE,NORMAL,NO_ACTION,False,0.0
2026-08-20T22:50:05.783693,0.49861129885924893,0.0020505513818297864,0.07941176470588235,False,3,0.08696603775024414,False,0.0,3.858258374999508,15.946862413800972,-1.687343143235097,CENTER,0.0,0.9905600030006857,0.01685738727937847,NORMAL,STABLE,NORMAL,NO_ACTION,False,0.0
2026-08-20T22:50:05.868040,0.5180431515475523,0.0002672434987825689,0.07941176470588235,False,3,0.08696603775024414,False,0.0,4.41410980505367,14.929445589313644,-1.638593387364125,CENTER,0.0,0.9905169217249655,0.01661090637016588,NORMAL,STABLE,NORMAL,NO_ACTION,False,0.0
2026-08-20T22:50:05.960469,0.5162100451031927,0.0030114017953166107,0.07941176470588235,False,3,0.08696603775024414,False,0.0,4.112806293481782,16.931681194775734,-1.4878804094581142,CENTER,0.0,0.9900806434327846,0.017621690280539413,NORMAL,STABLE,NORMAL,NO_ACTION,False,0.0
2026-08-20T22:50:06.059021,0.5060801193053177,0.00242129172358189,0.07941176470588235,False,3,0.08696603775024414,False,0.0,3.7107178661584896,16.146139787283516,-1.6792328322806327,CENTER,0.0,0.9898993162722907,0.016851423852275768,NORMAL,STABLE,NORMAL,NO_ACTION,False,0.0
2026-08-20T22:50:06.152546,0.5119674902731615,0.0017999934585773176,0.07941176470588235,False,3,0.08696603775024414,False,0.0,4.109264571086101,16.626286067704655,-1.5740453675392985,CENTER,0.0,0.9902665787894376,0.0174806902490556,NORMAL,STABLE,NORMAL,NO_ACTION,False,0.0
2026-08-20T22:50:06.239982,0.49568035201704697,0.0005931267267295094,0.07941176470588235,False,3,0.08696603775024414,False,0.0,4.167064012097484,14.94877305459903,-1.5948639265325824,CENTER,0.0,0.9901059751157408,0.016344859295150473,NORMAL,STABLE,NORMAL,NO_ACTION,False,0.0
2026-08-20T22:50:06.329055,0.5235267201553665,0.005049354244760726,0.07941176470588235,False,3,0.08696603775024414,False,0.0,3.231073161299804,16.615082510058983,-1.734474677529164,CENTER,0.0,0.98986127186214,0.01678142047243346,NORMAL,STABLE,NORMAL,NO_ACTION,False,0.0
2026-08-20T22:50:06.412482,0.5001674040760147,0.0018409665998974937,0.07941176470588235,False,3,0.08696603775024414,False,0.0,3.8240395816617934,15.744451671739512,-1.729029325092739,CENTER,0.0,0.9897158993484225,0.01671839256201994,NORMAL,STABLE,NORMAL,NO_ACTION,False,0.0
2026-08-20T22:50:06.497311,0.5060693217524985,0.0013693184379047548,0.07917888563049853,False,3,0.08696603775024414,False,0.0,4.3731684406943145,16.41890242252154,-1.6380346083197992,CENTER,0.0,0.9897438030478395,0.017646662093093964,NORMAL,STABLE,NORMAL,NO_ACTION,False,0.0
2026-08-20T22:50:06.577638,0.5244598415800555,0.005971183896648848,0.07917888563049853,False,3,0.08696603775024414,False,0.0,3.3461565513764526,15.840589014776924,-1.9061830257328722,CENTER,0.0,0.9896900988082991,0.016498233881221944,NORMAL,STABLE,NORMAL,NO_ACTION,False,0.0
2026-08-20T22:50:06.660350,0.5117054612274967,0.002253126633689816,0.07917888563049853,False,3,0.08696603775024414,False,0.0,3.8786367951356056,16.497903148614967,-1.6940377460122988,CENTER,0.0,0.9893829303840878,0.017281431461771756,NORMAL,STABLE,NORMAL,NO_ACTION,False,0.0
2026-08-20T22:50:06.743800,0.5167451201688689,0.0014603060704386846,0.07917888563049853,False,3,0.08696603775024414,False,0.0,3.637874973205413,15.624080137277161,-1.7656921351871802,CENTER,0.0,0.9894176124185527,0.016487492870189337,NORMAL,STABLE,NORMAL,NO_ACTION,False,0.0
2026-08-20T22:50:06.829542,0.5205263880548698,0.004665475904123092,0.07917888563049853,False,3,0.08696603775024414,False,0.0,3.4660896981812925,15.681191937548306,-1.818316744210506,CENTER,0.0,0.9896339029278121,0.016413992973495505,NORMAL,STABLE,NORMAL,NO_ACTION,False,0.0
2026-08-20T22:50:06.915657,0.5080079372871749,0.0011822819485130466,0.07917888563049853,False,3,0.08696603775024414,False,0.0,4.107118865251408,14.01422542452849,-1.815340584984824,CENTER,0.0,0.98962732553155,0.015824494129053616,NORMAL,STABLE,NORMAL,NO_ACTION,False,0.0
2026-08-20T22:50:07.008438,0.5106756373880859,0.0011705219549984127,0.07917888563049853,False,3,0.08696603775024414,False,0.0,3.811631408614147,15.912155222581589,-1.600544567310891,CENTER,0.0,0.9893117042824073,0.016703837119051556,NORMAL,STABLE,NORMAL,NO_ACTION,False,0.0
2026-08-20T22:50:07.091499,0.4980917623229076,0.0016407775827248783,0.07917888563049853,False,3,0.08696603775024414,False,0.0,4.341652687064737,15.104538357518038,-1.5602844266712736,CENTER,0.0,0.9894784432870368,0.016592180108471778,NORMAL,STABLE,NORMAL,NO_ACTION,False,0.0
2026-08-20T22:50:07.179032,0.5153087167193864,0.0005274027177361426,0.07917888563049853,False,3,0.08696603775024414,False,0.0,3.8771615296750497,15.61753342069187,-1.7061086722004575,CENTER,0.0,0.989533058449074,0.016655812109342766,NORMAL,STABLE,NORMAL,NO_ACTION,False,0.0
2026-08-20T22:50:07.262812,0.4960351743894599,0.0025918122749605,0.07917888563049853,False,3,0.08696603775024414,False,0.0,4.48252678917143,14.887290281230776,-1.6389094758048373,CENTER,0.0,0.9895799441658094,0.016646648273088264,NORMAL,STABLE,NORMAL,NO_ACTION,False,0.0
2026-08-20T22:50:07.350567,0.5063997557046789,0.0020550747993704514,0.07917888563049853,False,3,0.08696603775024414,False,0.0,4.559404325473508,16.33474148733444,-1.5967659005288795,CENTER,0.0,0.9895783768432784,0.017725477217743844,NORMAL,STABLE,NORMAL,NO_ACTION,False,0.0
2026-08-20T22:50:07.436458,0.5233520717747728,0.0010607835418359175,0.07917888563049853,False,3,0.08696603775024414,False,0.0,4.362707717759321,15.364580204852757,-1.5277890590179481,CENTER,0.0,0.9895362466778123,0.016768971488549545,NORMAL,STABLE,NORMAL,NO_ACTION,False,0.0
2026-08-20T22:50:07.519607,0.49726423333910164,0.0028744348183727684,0.07917888563049853,False,3,0.08696603775024414,False,0.0,4.567709520617797,15.985784385422818,-1.5165661358925036,CENTER,0.0,0.9898438571673525,0.017404220836481955,NORMAL,STABLE,NORMAL,NO_ACTION,False,0.0
2026-08-20T22:50:07.603849,0.5122376824308993,0.0018209118482511522,0.07917888563049853,False,3,0.08696603775024414,False,0.0,3.791222185105596,15.60299664313905,-1.721517736413432,CENTER,0.0,0.9899416875643006,0.016577395277803938,NORMAL,STABLE,NORMAL,NO_ACTION,False,0.0
2026-08-20T22:50:07.690395,0.5019906665457918,0.002839094379662681,0.07917888563049853,False,3,0.08696603775024414,False,0.0,3.878093464901383,15.985232923665308,-1.668728034365273,CENTER,0.0,0.989678953403635,0.016886274110829873,NORMAL,STABLE,NORMAL,NO_ACTION,False,0.0
2026-08-20T22:50:07.773644,0.5183786610688281,0.000909190918280639,0.07917888563049853,False,3,0.08696603775024414,False,0.0,4.104329724030094,15.125087677049578,-1.5683344945639703,CENTER,0.0,0.9898690013074416,0.016386239977256016,NORMAL,STABLE,NORMAL,NO_ACTION,False,0.0
2026-08-20T22:50:07.859452,0.4992858937595245,0.0008145721887012488,0.07917888563049853,False,3,0.08696603775024414,False,0.0,3.7168886288058616,15.720210799712731,-1.4848421874987423,CENTER,0.0,0.9902178042481138,0.016362559696974737,NORMAL,STABLE,NORMAL,NO_ACTION,False,0.0
2026-08-20T22:50:07.941806,0.48983361561761585,0.0030253557601520736,0.07917888563049853,False,3,0.08696603775024414,False,0.0,4.151343058790388,14.41098178503546,-1.402198638479831,CENTER,0.0,0.9899875819830247,0.015755786256933968,NORMAL,STABLE,NORMAL,NO_ACTION,False,0.0
2026-08-20T22:50:08.034051,0.48328618144624225,0.0026097993417568293,0.07917888563049853,False,3,0.08696603775024414,False,0.0,3.592195835954925,16.75430166760941,-1.6163459312022894,CENTER,0.0,0.9900417282878944,0.01711596179498041,NORMAL,STABLE,NORMAL,NO_ACTION,False,0.0
2026-08-20T22:50:08.117467,0.4992199581767818,0.0015409419556642267,0.07917888563049853,False,3,0.08696603775024414,False,0.0,4.427335730944833,15.05454383541246,-1.7466481166403867,CENTER,0.0,0.9901289089291838,0.01681804388250958,NORMAL,STABLE,NORMAL,NO_ACTION,False,0.0
2026-08-20T22:50:08.205845,0.5121002700584065,0.001937844264958201,0.07917888563049853,False,3,0.08696603775024414,False,0.0,4.2909836854409775,15.617200780112256,-1.6756646561241269,CENTER,0.0,0.9901361427254801,0.01702475081825488,NORMAL,STABLE,NORMAL,NO_ACTION,False,0.0
2026-08-20T22:50:08.305026,0.5062643672258138,0.004138675445079671,0.07917888563049853,False,3,0.08696603775024414,False,0.0,3.908322031545282,15.773343032584961,-1.6350079042889547,CENTER,0.0,0.9900200536908438,0.01672988027655915,NORMAL,STABLE,NORMAL,NO_ACTION,False,0.0
2026-08-20T22:50:08.408942,0.5035154233668515,0.002562999441624046,0.07917888563049853,False,3,0.08696603775024414,False,0.0,4.148340555534475,15.810892960242228,-1.5217705552435632,CENTER,0.0,0.9901917893732852,0.01687908524462787,NORMAL,STABLE,NORMAL,NO_ACTION,False,0.0
2026-08-20T22:50:08.496247,0.507709873541055,0.006409566886596131,0.07941176470588235,False,3,0.08696603775024414,False,0.0,4.031861592372081,15.976743614264421,-1.6355752463593944,CENTER,0.0,0.9900537042395404,0.01699629104759906,NORMAL,STABLE,NORMAL,NO_ACTION,False,0.0
2026-08-20T22:50:08.595612,0.4974473583297695,0.0036825258647546445,0.07941176470588235,False,3,0.08696603775024414,False,0.0,3.9244070143004137,16.166960000769905,-1.670779970532351,CENTER,0.0,0.9901980586634088,0.017064095615580182,NORMAL,STABLE,NORMAL,NO_ACTION,False,0.0
2026-08-20T22:50:08.690484,0.5150363124105337,0.0027348167126921693,0.07941176470588235,False,3,0.08696603775024414,False,0.0,3.631048584285793,16.097709732577954,-1.6727739498901997,CENTER,0.0,0.9906147789137517,0.016733508358290593,NORMAL,STABLE,NORMAL,NO_ACTION,False,0.0
2026-08-20T22:50:08.776358,0.5081105712589852,0.0006334940660870914,0.07941176470588235,False,3,0.08696603775024414,False,0.0,4.316371981593676,15.359478160117277,-1.4820712829909723,CENTER,0.0,0.9906016911008232,0.01667664255561066,NORMAL,STABLE,NORMAL,NO_ACTION,False,0.0
2026-08-20T22:50:08.859045,0.5078186380863872,4.844354391707254e-05,0.07941176470588235,False,3,0.08696603775024414,False,0.0,4.5244442367097975,14.63812464908105,-1.4409501673904686,CENTER,0.0,0.9911477087620029,0.016316432783840276,NORMAL,STABLE,NORMAL,NO_ACTION,False,0.0
2026-08-20T22:50:08.943735,0.5188555774820334,0.004129862192362386,0.07941176470588235,False,3,0.08696603775024414,False,0.0,3.7846737369137315,16.58115950798654,-1.6330191775379035,CENTER,0.0,0.9909284577546297,0.01719231948820297,NORMAL,STABLE,NORMAL,NO_ACTION,False,0.0
2026-08-20T22:50:09.028350,0.5120940553852427,0.004076524592878527,0.07941176470588235,False,3,0.08696603775024414,False,0.0,3.722181789256126,16.839066498615892,-1.5842752072253745,CENTER,0.0,0.9908297030392662,0.017271469578945514,NORMAL,STABLE,NORMAL,NO_ACTION,False,0.0
2026-08-20T22:50:09.116772,0.5065892792983907,0.0024254086091738355,0.07941176470588235,False,3,0.08696603775024414,False,0.0,4.317542570022823,15.95017655467052,-1.5259714064676189,CENTER,0.0,0.9905952208719135,0.017146659489067653,NORMAL,STABLE,NORMAL,NO_ACTION,False,0.0
2026-08-20T22:50:09.202829,0.5076338579209398,0.0047995373475025836,0.07941176470588235,False,3,0.08696603775024414,False,0.0,3.9987140445145997,16.199843458832333,-1.7021974192144285,CENTER,0.0,0.9904837266375169,0.017189653537192044,NORMAL,STABLE,NORMAL,NO_ACTION,False,0.0
2026-08-20T22:50:09.289011,0.5075564873313154,0.0037772767558789722,0.07941176470588235,False,3,0.08696603775024414,False,0.0,3.7474576326578983,16.165390945147777,-1.6686200662223598,CENTER,0.0,0.9905407396690673,0.016890486800046973,NORMAL,STABLE,NORMAL,NO_ACTION,False,0.0
2026-08-20T22:50:09.376402,0.50857103522619,0.005988956475983587,0.07941176470588235,False,3,0.08696603775024414,False,0.0,3.364971503007098,16.260198612935568,-1.7559360863415066,CENTER,0.0,0.9909061937371398,0.01667472112130768,NORMAL,STABLE,NORMAL,NO_ACTION,False,0.0
2026-08-20T22:50:09.463562,0.5205840458269018,0.005343630045276878,0.07941176470588235,False,3,0.08696603775024414,False,0.0,3.4718765734893964,16.538271043341922,-1.805599421998295,CENTER,0.0,0.9908644922410836,0.017026320786216572,NORMAL,STABLE,NORMAL,NO_ACTION,False,0.0
2026-08-20T22:50:09.547721,0.5086240497239221,0.002952429511565776,0.07941176470588235,False,3,0.08696603775024414,False,0.0,4.253324150385055,14.623106277540955,-1.933439491552292,CENTER,0.0,0.990311321159122,0.016518756559348875,NORMAL,STABLE,NORMAL,NO_ACTION,False,0.0
2026-08-20T22:50:09.637730,0.4976155867717321,0.000838382460991983,0.07941176470588235,False,3,0.08696603775024414,False,0.0,4.380502245775858,16.1732559988981,-1.7296620332055852,CENTER,0.0,0.9904197745198903,0.0175645467863715,NORMAL,STABLE,NORMAL,NO_ACTION,False,0.0
2026-08-20T22:50:09.724983,0.49618889297421853,0.0007905413940090268,0.07941176470588235,False,3,0.08696603775024414,False,0.0,4.195999630820978,15.277354008984048,-1.6715279589169256,CENTER,0.0,0.9906391996742112,0.01668385631512498,NORMAL,STABLE,NORMAL,NO_ACTION,False,0.0
2026-08-20T22:50:09.812918,0.49341095033935956,0.0006859761328254129,0.07941176470588235,False,3,0.08696603775024414,False,0.0,4.402315043718289,15.98514288124008,-1.5199594426318583,CENTER,0.0,0.9903819712362826,0.017247756401084648,NORMAL,STABLE,NORMAL,NO_ACTION,False,0.0
2026-08-20T22:50:09.899395,0.497422809188927,0.002580468576825854,0.07941176470588235,False,3,0.08696603775024414,False,0.0,4.441293410855252,14.922746077918305,-1.6795811373786194,CENTER,0.0,0.9906840090234912,0.016671714324943986,NORMAL,STABLE,NORMAL,NO_ACTION,False,0.0
2026-08-20T22:50:09.999864,0.5189234934885486,0.002740179686899681,0.07964601769911504,False,3,0.08696603775024414,False,0.0,4.230593248498479,16.215330983735612,-1.6923234934262723,CENTER,0.0,0.9904954078789439,0.017414621832329186,NORMAL,STABLE,NORMAL,NO_ACTION,False,0.0
2026-08-20T22:50:10.091789,0.5141558953130059,0.0007470627741856188,0.07964601769911504,False,3,0.08696603775024414,False,0.0,4.414284158721017,15.61204907924153,-1.5207110613349073,CENTER,0.0,0.9908981026020234,0.016990549361728297,NORMAL,STABLE,NORMAL,NO_ACTION,False,0.0
2026-08-20T22:50:10.179484,0.5070042089407362,0.001582174976498855,0.07964601769911504,False,3,0.08696603775024414,False,0.0,4.053510974639863,15.853865394589775,-1.7145781357957617,CENTER,0.0,0.9905652675968792,0.017004470076512106,NORMAL,STABLE,NORMAL,NO_ACTION,False,0.0
2026-08-20T22:50:10.263549,0.5013946229749267,0.0007920264640311702,0.07964601769911504,False,3,0.08696603775024414,False,0.0,4.272133505336683,16.066815357652416,-1.6804787637836966,CENTER,0.0,0.9908000980581276,0.017335956239679706,NORMAL,STABLE,NORMAL,NO_ACTION,False,0.0
2026-08-20T22:50:10.353414,0.5095917879698488,0.001229894337218335,0.07964601769911504,False,3,0.08696603775024414,False,0.0,4.654787363326079,14.672825564384624,-1.5027963562705224,CENTER,0.0,0.9908254699288409,0.01652656574870414,NORMAL,STABLE,NORMAL,NO_ACTION,False,0.0
2026-08-20T22:50:10.436394,0.518977635921205,0.005235047538748915,0.07964601769911504,False,3,0.08696603775024414,False,0.0,3.6856002764497475,16.432434541441637,-1.593724831497525,CENTER,0.0,0.9910670921210561,0.016951663939434855,NORMAL,STABLE,NORMAL,NO_ACTION,False,0.0
2026-08-20T22:50:10.520434,0.4979373784830886,0.0015826367896113953,0.07964601769911504,False,3,0.08696603775024414,False,0.0,3.8585422295475382,15.929108698217988,-1.2729721065453248,CENTER,0.0,0.9908331056027091,0.016445814531617232,NORMAL,STABLE,NORMAL,NO_ACTION,False,0.0
2026-08-20T22:50:10.603787,0.47741763272833054,0.0032855690443040013,0.07964601769911504,False,3,0.08696603775024414,False,0.0,3.8690085955111613,14.048782790324992,-1.0707896490497149,CENTER,0.0,0.9908481894075788,0.01490318588036741,NORMAL,STABLE,NORMAL,NO_ACTION,False,0.0
2026-08-20T22:50:10.688181,0.4599513147125783,0.006193378907598478,0.07964601769911504,False,3,0.08696603775024414,False,0.0,3.6682403747329033,-8.056795135154005,0.22289806247849242,CENTER,0.0,0.9906990660365226,0.009565818685296273,NORMAL,STABLE,NORMAL,NO_ACTION,False,0.0
2026-08-20T22:50:10.770785,0.45973238941867434,0.0022160807029785894,0.07964601769911504,False,3,0.08696603775024414,False,0.0,4.473726557172512,-17.041299156920957,1.5018048834760975,CENTER,0.0,0.9906479204175239,0.018061820408030463,NORMAL,STABLE,NORMAL,NO_ACTION,False,0.0
2026-08-20T22:50:10.856847,0.4506159336365084,0.008001476983626144,0.07964601769911504,False,3,0.08696603775024414,False,0.0,3.4437315108888242,-14.032034239039774,2.819855141960659,CENTER,0.0,0.9909066625943073,0.01616584891242082,NORMAL,STABLE,NORMAL,NO_ACTION,False,0.0
2026-08-20T22:50:10.938809,0.447605812221619,0.008880672780725107,0.07964601769911504,False,3,0.08696603775024414,False,0.0,4.5332481060804355,-16.73505058280972,2.9943399329828537,CENTER,0.0,0.9905713493441359,0.019335213902979077,NORMAL,STABLE,NORMAL,NO_ACTION,False,0.0
2026-08-20T22:50:11.027107,0.46432799251820966,0.012243259224273172,0.07964601769911504,False,3,0.08696603775024414,False,0.0,3.831265306756535,-16.09713812974016,2.8060101312029815,CENTER,0.0,0.9905747251157407,0.018017161293217798,NORMAL,STABLE,NORMAL,NO_ACTION,False,0.0
2026-08-20T22:50:11.110556,0.4527669666678582,0.00796362433246963,0.07964601769911504,False,3,0.08696603775024414,False,0.0,3.8428944422877294,-13.78675112140482,2.8080059202244456,CENTER,0.0,0.9904215427812071,0.016361668751581872,NORMAL,STABLE,NORMAL,NO_ACTION,False,0.0
2026-08-20T22:50:11.201045,0.48855882430857767,0.005002102773677406,0.07964601769911504,False,3,0.08696603775024414,False,0.0,4.311361290402033,8.625909329808934,0.7360293136425184,CENTER,0.0,0.990643915037723,0.01109027361616417,NORMAL,STABLE,NORMAL,NO_ACTION,False,0.0
2026-08-20T22:50:11.285322,0.5089290929065653,0.0043768787408452366,0.07964601769911504,False,3,0.08696603775024414,False,0.0,3.469576505713434,15.805399788458772,-0.45474192983692774,CENTER,0.0,0.9902416221922155,0.015193984266639093,NORMAL,STABLE,NORMAL,NO_ACTION,False,0.0
2026-08-20T22:50:11.375847,0.4842070425588376,0.0037737492263449066,0.07964601769911504,False,3,0.08696603775024414,False,0.0,3.1021247369561706,18.49781192691185,-0.7250559573759006,CENTER,0.0,0.9900850105024006,0.017044964097311665,NORMAL,STABLE,NORMAL,NO_ACTION,False,0.0
2026-08-20T22:50:11.459153,0.5179772979326612,0.0049097336966967345,0.07964601769911504,False,3,0.08696603775024414,False,0.0,3.2644737415855616,19.263004980876758,-0.7135158144704974,CENTER,0.0,0.9907785842121056,0.017742826873502014,NORMAL,STABLE,NORMAL,NO_ACTION,False,0.0
2026-08-20T22:50:11.553298,0.5016744556272874,0.003383450080370046,0.07964601769911504,False,3,0.08696603775024414,False,0.0,2.753810939288684,17.74671562222352,-1.0809212043943432,CENTER,0.0,0.9909777681327162,0.01650977742107842,NORMAL,STABLE,NORMAL,NO_ACTION,False,0.0
2026-08-20T22:50:11.653669,0.4987675381230538,0.007625867992834475,0.07988165680473373,False,3,0.08696603775024414,False,0.0,1.7870548789473162,17.531752274668236,-1.2680131919217388,CENTER,0.0,0.9903161302940673,0.015603738488838,NORMAL,STABLE,NORMAL,NO_ACTION,False,0.0
2026-08-20T22:50:11.743034,0.5050858874280291,0.004141094613431357,0.07988165680473373,False,3,0.08696603775024414,False,0.0,2.6118278470855785,18.62000982008678,-1.2277654731604741,CENTER,0.0,0.9906667148919753,0.017145171030299614,NORMAL,STABLE,NORMAL,NO_ACTION,False,0.0
2026-08-20T22:50:11.830381,0.49327757489966123,0.0011096458956920696,0.07988165680473373,False,3,0.08696603775024414,False,0.0,2.5243802446235293,17.075915553639675,-1.3989624430416825,CENTER,0.0,0.9907785440243485,0.01611063937686182,NORMAL,STABLE,NORMAL,NO_ACTION,False,0.0
2026-08-20T22:50:11.919816,0.48909538597388325,0.0023547370048144596,0.07988165680473373,False,3,0.08696603775024414,False,0.0,3.268867165267153,16.251448845923363,-0.9790020131971744,CENTER,0.0,0.9906107601380316,0.015827698190206598,NORMAL,STABLE,NORMAL,NO_ACTION,False,0.0
2026-08-20T22:50:12.015813,0.4866988966615441,0.005243949768545698,0.07988165680473373,False,3,0.08696603775024414,False,0.0,3.0892992157857293,16.35852099749411,-1.004828759049559,CENTER,0.0,0.9904426547496572,0.015756980992476025,NORMAL,STABLE,NORMAL,NO_ACTION,False,0.0
2026-08-20T22:50:12.112676,0.48763346388507567,0.0007113386908155837,0.07988165680473373,False,3,0.08696603775024414,False,0.0,3.654200746776894,16.975052730991422,-1.0386184256978481,CENTER,0.0,0.9904026411394034,0.016778771360691704,NORMAL,STABLE,NORMAL,NO_ACTION,False,0.0
2026-08-20T22:50:12.206271,0.4772448536630863,0.0017254709726485839,0.07988165680473373,False,3,0.08696603775024414,False,0.0,3.622598399568602,15.709779150666208,-1.0184483514093756,CENTER,0.0,0.9908049071930727,0.01581510773938587,NORMAL,STABLE,NORMAL,NO_ACTION,False,0.0
2026-08-20T22:50:12.298480,0.513358358126663,0.004752669895975272,0.07988165680473373,False,3,0.08696603775024414,False,0.0,3.11425389764338,17.425270980881237,-0.9745082279005146,CENTER,0.0,0.990787639853395,0.01652224442190094,NORMAL,STABLE,NORMAL,NO_ACTION,False,0.0
2026-08-20T22:50:12.386366,0.47789795772136745,0.006838186859793465,0.07988165680473373,False,3,0.08696603775024414,False,0.0,2.8028274349613866,15.281202134870256,-0.9608711813988293,CENTER,0.0,0.9904699556327161,0.014660726135382801,NORMAL,STABLE,NORMAL,NO_ACTION,False,0.0
2026-08-20T22:50:12.474344,0.4979174614907327,0.001212030716639324,0.07988165680473373,False,3,0.08696603775024414,False,0.0,3.5872323599552374,17.0987893547034,-0.9017885127758802,CENTER,0.0,0.9905310142318244,0.016671886485471313,NORMAL,STABLE,NORMAL,NO_ACTION,False,0.0
2026-08-20T22:50:12.557582,0.486935578738215,0.003735013739250378,0.07988165680473373,False,3,0.08696603775024414,False,0.0,2.851744784081774,16.456914442597906,-1.3961886035822886,CENTER,0.0,0.9908485510973938,0.015976151841108326,NORMAL,STABLE,NORMAL,NO_ACTION,False,0.0
2026-08-20T22:50:12.642861,0.47650795590706374,0.0017861922636873404,0.07988165680473373,False,3,0.08696603775024414,False,0.0,3.684717558279857,15.647993439526829,-1.4936952439832112,CENTER,0.0,0.9908772451560358,0.0162879483307264,NORMAL,STABLE,NORMAL,NO_ACTION,False,0.0
2026-08-20T22:50:12.724722,0.4617420182679781,0.0017984771888793544,0.07988165680473373,False,3,0.08696603775024414,False,0.0,3.6177306891401884,14.94108564194184,-1.3815171884508004,CENTER,0.0,0.9911582915380659,0.015604874623527096,NORMAL,STABLE,NORMAL,NO_ACTION,False,0.0
2026-08-20T22:50:12.809356,0.4647843103090989,0.0008860072692379421,0.08011869436201781,False,3,0.08696603775024414,False,0.0,3.533493135166026,16.08572855812801,-1.3870395058984855,CENTER,0.0,0.9915855141889576,0.01635576131671013,NORMAL,STABLE,NORMAL,NO_ACTION,False,0.0
2026-08-20T22:50:12.892646,0.4653044258554647,0.004427853344301769,0.08011869436201781,False,3,0.08696603775024414,False,0.0,3.4227443874026164,14.823320820498793,-1.491602049368339,CENTER,0.0,0.9917238672410837,0.015438065309473014,NORMAL,STABLE,NORMAL,NO_ACTION,False,0.0
2026-08-20T22:50:12.979760,0.4613472103400931,0.0007801448770504065,0.08011869436201781,False,3,0.08696603775024414,False,0.0,3.4005306371028325,15.086781007430176,-1.4870799236225025,CENTER,0.0,0.9919301242069617,0.015602596452731375,NORMAL,STABLE,NORMAL,NO_ACTION,False,0.0
2026-08-20T22:50:13.065082,0.45487500937988445,0.006627056609636375,0.08011869436201781,False,3,0.08696603775024414,False,0.0,2.865164147260998,17.26564698291068,-1.639645954891222,CENTER,0.0,0.9916397408693415,0.01680759921565615,NORMAL,STABLE,NORMAL,NO_ACTION,False,0.0
2026-08-20T22:50:13.150723,0.47181487339530653,0.0006818348293124483,0.08011869436201781,False,3,0.08696603775024414,False,0.0,3.671221099724022,15.601880132069113,-1.666127103347634,CENTER,0.0,0.9918356427897805,0.016407693179822623,NORMAL,STABLE,NORMAL,NO_ACTION,False,0.0
2026-08-20T22:50:13.238647,0.45014204879099773,0.004889725530702039,0.08011869436201781,False,3,0.08696603775024414,False,0.0,3.433907771617754,14.211736793428145,-1.6053865051761989,CENTER,0.0,0.9927356610082304,0.0151166858766108,NORMAL,STABLE,NORMAL,NO_ACTION,False,0.0
2026-08-20T22:50:13.326360,0.4653374068692303,0.0019163333939886324,0.08011869436201781,False,3,0.08696603775024414,False,0.0,3.740657104120629,17.63236662498622,-1.4747097028176483,CENTER,0.0,0.9925244743441359,0.017756692080282462,NORMAL,STABLE,NORMAL,NO_ACTION,False,0.0
2026-08-20T22:50:13.426508,0.45345845730421597,0.004824049842587171,0.0771513353115727,False,3,0.08696603775024414,False,0.0,3.201496470320137,15.277832215168786,-1.7471692635910188,CENTER,0.0,0.9921682768561385,0.015799371751017827,NORMAL,STABLE,NORMAL,NO_ACTION,False,0.0
2026-08-20T22:50:13.520833,0.46389373285942015,0.001172827823123819,0.07418397626112759,False,3,0.08696603775024414,False,0.0,3.6721155170347117,14.515160779525303,-1.7131502365998301,CENTER,0.0,0.9927518432784636,0.0156689831405645,NORMAL,STABLE,NORMAL,NO_ACTION,False,0.0
2026-08-20T22:50:13.608377,0.4729892402382362,0.0022567607436690083,0.0712166172106825,False,3,0.08696603775024414,False,0.0,3.7750312386069425,15.621386571444418,-1.8614395021463395,CENTER,0.0,0.9926686546210564,0.016709825088990795,NORMAL,STABLE,NORMAL,NO_ACTION,False,0.0
2026-08-20T22:50:13.701353,0.44171729998710113,0.002803270229569461,0.0712166172106825,False,3,0.08696603775024414,False,0.0,3.1655144702318694,16.153374225058542,-1.8824640614514294,CENTER,0.0,0.9918583220807614,0.016527342193052123,NORMAL,STABLE,NORMAL,NO_ACTION,False,0.0
2026-08-20T22:50:13.787119,0.4605265070463813,0.0017278525645039045,0.0712166172106825,False,3,0.08696603775024414,False,0.0,3.3540939681058717,15.576726369714834,-1.8777757421182741,CENTER,0.0,0.9918753081061386,0.016287954691676557,NORMAL,STABLE,NORMAL,NO_ACTION,False,0.0
2026-08-20T22:50:13.873278,0.4287588364281649,0.004067968146838961,0.06824925816023739,False,3,0.08696603775024414,False,0.0,3.0289220956402403,16.340021462675622,-1.9476505931342274,CENTER,0.0,0.9918226889360426,0.016593381793715216,NORMAL,STABLE,NORMAL,NO_ACTION,False,0.0
2026-08-20T22:50:13.957195,0.42898272897813405,0.0019637130341939434,0.06528189910979229,False,3,0.08696603775024414,False,0.0,2.8483610932181875,16.745573482275006,-1.9861917350701788,CENTER,0.0,0.9918279937199932,0.016749520608883708,NORMAL,STABLE,NORMAL,NO_ACTION,False,0.0
2026-08-20T22:50:14.044917,0.4307898095688011,0.0036446337460038078,0.06528189910979229,False,3,0.08696603775024414,False,0.0,2.9016052365221014,16.619385678233414,-2.0942674435214883,CENTER,0.0,0.9916899353780865,0.01681373001506241,NORMAL,STABLE,NORMAL,NO_ACTION,False,0.0
2026-08-20T22:50:14.129237,0.4378658056146563,0.0021312495589363794,0.06528189910979229,False,3,0.08696603775024414,False,0.0,3.205261847560962,17.515024107756403,-2.00020285510746,CENTER,0.0,0.9912554923268175,0.01766240934706033,NORMAL,STABLE,NORMAL,NO_ACTION,False,0.0
2026-08-20T22:50:14.223647,0.4261065098805298,0.003442245003384798,0.06528189910979229,False,3,0.08696603775024414,False,0.0,2.7901986409564756,16.781812076364275,-2.042182156661738,CENTER,0.0,0.9916432238082991,0.016773601341747293,NORMAL,STABLE,NORMAL,NO_ACTION,False,0.0
2026-08-20T22:50:14.321250,0.4428750458826186,0.000903099757098752,0.06547619047619048,False,3,0.08696603775024414,False,0.0,2.7043680512811648,15.468517566256509,-2.066820871787087,CENTER,0.0,0.9918737273876885,0.015766185353399128,NORMAL,STABLE,NORMAL,NO_ACTION,False,0.0
2026-08-20T22:50:14.413371,0.4477978382142338,0.0019002002082912875,0.06547619047619048,False,3,0.08696603775024414,False,0.0,2.769865546904356,16.532145387130583,-1.8026973117336524,CENTER,0.0,0.9916725742669753,0.016343091458282763,NORMAL,STABLE,NORMAL,NO_ACTION,False,0.0
2026-08-20T22:50:14.500839,0.44084932067855925,0.006992252111929156,0.06547619047619048,False,3,0.08696603775024414,False,0.0,2.791459717445491,15.511471128231818,-1.9653063560571695,CENTER,0.0,0.9917966472693758,0.015783318700429243,NORMAL,STABLE,NORMAL,NO_ACTION,False,0.0
2026-08-20T22:50:14.588512,0.4402260247475481,0.004404418266842427,0.06528189910979229,False,3,0.08696603775024414,False,0.0,3.2666311187046233,15.667107209572237,-1.9003370073662893,CENTER,0.0,0.9912767784422154,0.016290731920907495,NORMAL,STABLE,NORMAL,NO_ACTION,False,0.0
2026-08-20T22:50:14.671033,0.4584912532431322,0.003147958444198495,0.06528189910979229,False,3,0.08696603775024414,False,0.0,3.2417922774703527,17.263824605409013,-1.7448508470715183,CENTER,0.0,0.9917212550368655,0.017270270409020905,NORMAL,STABLE,NORMAL,NO_ACTION,False,0.0
2026-08-20T22:50:14.758079,0.4694106548775007,0.0002566764544258923,0.06547619047619048,False,3,0.08696603775024414,False,0.0,3.713197661115828,15.506605916323224,-1.8342611957315569,CENTER,0.0,0.9916026207776063,0.016541212801716106,NORMAL,STABLE,NORMAL,NO_ACTION,False,0.0
2026-08-20T22:50:14.851526,0.44655289495578177,0.006385569832781025,0.06547619047619048,False,3,0.08696603775024414,False,0.0,3.4713148446955415,15.441859648933132,-1.7490026465906396,CENTER,0.0,0.9912710717806927,0.016179426589912473,NORMAL,STABLE,NORMAL,NO_ACTION,False,0.0
2026-08-20T22:50:14.949837,0.453086134881159,0.0017015146495438966,0.06547619047619048,False,3,0.08696603775024414,False,0.0,3.2613414307043627,16.821927404469818,-1.686544753768942,CENTER,0.0,0.9914741405178328,0.016913800932721015,NORMAL,STABLE,NORMAL,NO_ACTION,False,0.0
2026-08-20T22:50:15.050573,0.46367010248128004,0.0018480167249579767,0.06547619047619048,False,3,0.08696603775024414,False,0.0,3.806230404244644,15.41216969577306,-1.6233690932123181,CENTER,0.0,0.9914579984353568,0.01635951466672058,NORMAL,STABLE,NORMAL,NO_ACTION,False,0.0
2026-08-20T22:50:15.141268,0.45157420053059233,0.0023520721180055387,0.06547619047619048,False,3,0.08696603775024414,False,0.0,2.8707680131205393,15.961125201325586,-1.9210922928263017,CENTER,0.0,0.9916682607810356,0.01614186331038766,NORMAL,STABLE,NORMAL,NO_ACTION,False,0.0
2026-08-20T22:50:15.224528,0.4617345582382002,0.004250429290290073,0.06547619047619048,False,3,0.08696603775024414,False,0.0,3.3305488322707504,15.59977979701776,-1.8989754411688864,CENTER,0.0,0.9912875219693074,0.016302345820417664,NORMAL,STABLE,NORMAL,NO_ACTION,False,0.0
2026-08-20T22:50:15.318551,0.45893071473228086,0.0034920504288257674,0.06547619047619048,False,3,0.08696603775024414,False,0.0,3.852857515362416,16.189594999239603,-1.6391668957092236,CENTER,0.0,0.991227869941701,0.01698110137677907,NORMAL,STABLE,NORMAL,NO_ACTION,False,0.0
2026-08-20T22:50:15.403423,0.4501429795599043,0.0009432826844752179,0.06547619047619048,False,3,0.08696603775024414,False,0.0,3.648971441578908,15.73634291793104,-1.7649779886862405,CENTER,0.0,0.9914438791366599,0.016578569336538857,NORMAL,STABLE,NORMAL,NO_ACTION,False,0.0
2026-08-20T22:50:15.492026,0.4515178234797109,0.0020827683055585945,0.06547619047619048,False,3,0.08696603775024414,False,0.0,3.718321217821085,15.910890405406406,-1.6154761748190083,CENTER,0.0,0.9918315302426268,0.016627447967187677,NORMAL,STABLE,NORMAL,NO_ACTION,False,0.0
2026-08-20T22:50:15.577157,0.4407217713672348,0.0024556365559375857,0.06547619047619048,False,3,0.08696603775024414,False,0.0,3.522212309114792,16.76747085847711,-1.5939810063877928,CENTER,0.0,0.9917014424725652,0.01703654473864337,NORMAL,STABLE,NORMAL,NO_ACTION,False,0.0
2026-08-20T22:50:15.665144,0.46135753613635355,0.003041020413798227,0.06547619047619048,False,3,0.08696603775024414,False,0.0,3.9851188180818724,15.749147363258146,-1.824521638455991,CENTER,0.0,0.9914806509344993,0.016968852794574753,NORMAL,STABLE,NORMAL,NO_ACTION,False,0.0
2026-08-20T22:50:15.751119,0.4487418263577523,0.0008348152310172096,0.06547619047619048,False,3,0.08696603775024414,False,0.0,3.973068743321022,16.931582995283748,-1.8078302872864924,CENTER,0.0,0.99184369373714,0.017795157155697346,NORMAL,STABLE,NORMAL,NO_ACTION,False,0.0
2026-08-20T22:50:15.840153,0.4249753321767996,0.003791196016629371,0.06567164179104477,False,3,0.08696603775024414,False,0.0,3.5622870175074013,17.640454343301997,-1.6953366354973696,CENTER,0.0,0.991371755508402,0.017803224987870854,NORMAL,STABLE,NORMAL,NO_ACTION,False,0.0
2026-08-20T22:50:15.922823,0.4405223219752896,0.0059066599914484996,0.06567164179104477,False,3,0.08696603775024414,False,0.0,3.247578220822362,15.391408973762879,-1.7065233258933006,CENTER,0.0,0.9920337148491083,0.01588663389640679,NORMAL,STABLE,NORMAL,NO_ACTION,False,0.0
2026-08-20T22:50:16.011117,0.4452041277168386,0.0010943928064778743,0.06567164179104477,False,3,0.08696603775024414,False,0.0,3.6902010571544395,17.379776815822453,-1.5951716744275188,CENTER,0.0,0.9918149594907408,0.01764167921961736,NORMAL,STABLE,NORMAL,NO_ACTION,False,0.0
2026-08-20T22:50:16.098637,0.4470568362283198,0.0006998284495751109,0.06567164179104477,False,3,0.08696603775024414,False,0.0,3.915747923459378,18.100333353441243,-1.8325421176486998,CENTER,0.0,0.9914354531035665,0.01860785338744127,NORMAL,STABLE,NORMAL,NO_ACTION,False,0.0
2026-08-20T22:50:16.183572,0.4488287342004018,0.0003897933064618566,0.06567164179104477,False,3,0.08696603775024414,False,0.0,4.425873654427221,15.958605944715373,-1.8731129922757361,CENTER,0.0,0.992012522505144,0.017591350693934322,NORMAL,STABLE,NORMAL,NO_ACTION,False,0.0
2026-08-20T22:50:16.268211,0.43459317314681006,0.0012413191953167257,0.06567164179104477,False,3,0.08696603775024414,False,0.0,3.309005775011798,17.402075876487373,-1.6678658137223294,CENTER,0.0,0.9918651406035666,0.017360708922170037,NORMAL,STABLE,NORMAL,NO_ACTION,False,0.0
2026-08-20T22:50:16.361226,0.4419745656968174,0.0008129920765387529,0.06567164179104477,False,3,0.08696603775024414,False,0.0,3.5362394484340314,15.814465314064506,-1.6794737179996275,CENTER,0.0,0.9918765539266119,0.016444096887093817,NORMAL,STABLE,NORMAL,NO_ACTION,False,0.0
2026-08-20T22:50:16.448482,0.4403187380225121,0.0009761464750781018,0.06567164179104477,False,3,0.08696603775024414,False,0.0,3.9338524555454057,17.16037633839443,-1.8393057439631662,CENTER,0.0,0.9928037524648491,0.017952942658737567,NORMAL,STABLE,NORMAL,NO_ACTION,False,0.0
2026-08-20T22:50:16.537890,0.4333163760284261,0.001963703898308795,0.06567164179104477,False,3,0.08696603775024414,False,0.0,3.560584274626251,16.284209723240537,-1.7589547226491788,CENTER,0.0,0.9928816095464679,0.016883337167864877,NORMAL,STABLE,NORMAL,NO_ACTION,False,0.0
2026-08-20T22:50:16.624663,0.4441466312866815,0.0017179279576250634,0.06567164179104477,False,3,0.08696603775024414,False,0.0,3.6673552251929777,17.894501276566558,-1.6351942823603451,CENTER,0.0,0.9923752036179698,0.01802996526257164,NORMAL,STABLE,NORMAL,NO_ACTION,False,0.0
2026-08-20T22:50:16.716027,0.4321173164453752,0.0005011660232734005,0.0626865671641791,False,3,0.08696603775024414,False,0.0,3.4388653236248956,17.17220685330244,-1.804044284701689,CENTER,0.0,0.9919819262259945,0.017450877165032918,NORMAL,STABLE,NORMAL,NO_ACTION,False,0.0
2026-08-20T22:50:16.803670,0.45220989799270134,0.0018098167487233558,0.05970149253731343,False,3,0.08696603775024414,False,0.0,3.5889140499509153,17.732398005456787,-1.9054039434361982,CENTER,0.0,0.9920735543124143,0.01809755662720268,NORMAL,STABLE,NORMAL,NO_ACTION,False,0.0
2026-08-20T22:50:16.891183,0.43622505218836916,0.0011632441075391737,0.056716417910447764,False,3,0.08696603775024414,False,0.0,3.4320853986844213,18.575467409476005,-1.6993725181721118,CENTER,0.0,0.991927364647634,0.018357019271224146,NORMAL,STABLE,NORMAL,NO_ACTION,False,0.0
2026-08-20T22:50:16.978782,0.4431261148420416,0.0010733838247083444,0.05373134328358209,False,3,0.08696603775024414,False,0.0,3.2939620818868036,17.90526024408848,-1.8495008576641965,CENTER,0.0,0.991754664459019,0.017884541155113017,NORMAL,STABLE,NORMAL,NO_ACTION,False,0.0
2026-08-20T22:50:17.076429,0.4633164449016891,0.000917212052850013,0.050746268656716415,False,3,0.08696603775024414,False,0.0,4.168476432998261,19.649153141138413,-1.7115657801319628,CENTER,0.0,0.9909365622856653,0.019853317918280922,NORMAL,STABLE,NORMAL,NO_ACTION,False,0.0
2026-08-20T22:50:17.165973,0.46429839015848196,0.000714698693688019,0.04776119402985075,False,3,0.08696603775024414,False,0.0,3.7357601974644865,17.912967040679916,-1.942910003425169,CENTER,0.0,0.9909636354381001,0.018405491945051453,NORMAL,STABLE,NORMAL,NO_ACTION,False,0.0
2026-08-20T22:50:17.258335,0.44889204594535403,0.0029575523272773294,0.04477611940298507,False,3,0.08696603775024414,False,0.0,3.2875067030756213,19.142973026688736,-1.792785595993962,CENTER,0.0,0.9912760684585047,0.01871761384430517,NORMAL,STABLE,NORMAL,NO_ACTION,False,0.0
2026-08-20T22:50:17.343689,0.4715211055201436,0.0008195791467633352,0.041791044776119404,False,3,0.08696603775024414,False,0.0,3.2156396001446126,19.40384929509156,-1.7438100475958151,CENTER,0.0,0.9912519692001028,0.018789657485019876,NORMAL,STABLE,NORMAL,NO_ACTION,False,0.0
2026-08-20T22:50:17.436656,0.4598509950949748,0.0037777943586773852,0.03880597014925373,False,3,0.08696603775024414,False,0.0,3.5341630405552564,18.511279271506766,-1.7532026272961616,CENTER,0.0,0.9915476305298354,0.018460794561426623,NORMAL,STABLE,NORMAL,NO_ACTION,False,0.0
2026-08-20T22:50:17.524658,0.4455809487922485,0.0024840246470445066,0.03582089552238806,False,3,0.08696603775024414,False,0.0,3.667887206426826,18.286135371136425,-1.6608171005545103,CENTER,0.0,0.9917346911436901,0.018337998211802785,NORMAL,STABLE,NORMAL,NO_ACTION,False,0.0
2026-08-20T22:50:17.612658,0.4623208701607986,0.0013695641229496604,0.03283582089552239,False,3,0.08696603775024414,False,0.0,3.6395697644108793,19.382530557500928,-1.8386421130474844,CENTER,0.0,0.9913565511402608,0.019273809432784648,NORMAL,STABLE,NORMAL,NO_ACTION,False,0.0
2026-08-20T22:50:17.694426,0.4407859587281555,0.002678338925250916,0.029850746268656716,False,3,0.08696603775024414,False,0.0,3.4186756684368618,17.920938124939397,-2.0378116411911833,CENTER,0.0,0.9920284636488341,0.018197294943949904,NORMAL,STABLE,NORMAL,NO_ACTION,False,0.0
2026-08-20T22:50:17.779403,0.4631602410611357,0.002645029523591864,0.026865671641791045,False,3,0.08696603775024414,False,0.0,4.0488464993462685,18.715731266909955,-1.8048293776808748,CENTER,0.0,0.9916974504886831,0.019153790092868515,NORMAL,STABLE,NORMAL,NO_ACTION,False,0.0
2026-08-20T22:50:17.861253,0.4703683996851441,0.006274207061174971,0.023880597014925373,False,3,0.08696603775024414,False,0.0,3.691677220473565,19.570077334385388,-1.6706976085300766,CENTER,0.0,0.9915257282021605,0.01929771309535592,NORMAL,STABLE,NORMAL,NO_ACTION,False,0.0
2026-08-20T22:50:17.945134,0.461650495103323,0.0031237025964986984,0.020895522388059702,False,3,0.08696603775024414,False,0.0,4.194940131107131,18.488779237916333,-1.8274398184074698,CENTER,0.0,0.9920415782536008,0.01915233606765734,NORMAL,STABLE,NORMAL,NO_ACTION,False,0.0
2026-08-20T22:50:18.033876,0.471732969363035,0.000578537686349847,0.01791044776119403,False,3,0.08696603775024414,False,0.0,4.389878309208029,18.036181539012205,-1.6889637405805331,CENTER,0.0,0.9920851149905694,0.01887983086315706,NORMAL,STABLE,NORMAL,NO_ACTION,False,0.0
2026-08-20T22:50:18.124894,0.4684152990811519,0.0006057037158506464,0.014925373134328358,False,3,0.08696603775024414,False,0.0,3.9830328322090907,18.27708894998898,-1.7168681596821784,CENTER,0.0,0.9921120407878943,0.01868891334496141,NORMAL,STABLE,NORMAL,NO_ACTION,False,0.0
2026-08-20T22:50:18.207528,0.46902642350550133,0.0011494363593175642,0.011940298507462687,False,3,0.08696603775024414,False,0.0,4.027497733701949,17.2697945901144,-1.8173037250673474,CENTER,0.0,0.9923338504158092,0.018100956756860465,NORMAL,STABLE,NORMAL,NO_ACTION,False,0.0
2026-08-20T22:50:18.292475,0.4668720482521984,0.0008452679058550992,0.008955223880597015,False,3,0.08696603775024414,False,0.0,4.319036258224145,18.581004346212268,-1.6962309794159296,CENTER,0.0,0.9926043943972908,0.01921209381221412,NORMAL,STABLE,NORMAL,NO_ACTION,False,0.0
2026-08-20T22:50:18.376222,0.4737344939315631,0.001422754521822905,0.008928571428571428,False,3,0.08696603775024414,False,0.0,3.762632269034839,18.525840025921838,-1.7079128165368616,CENTER,0.0,0.9923563555598423,0.018647705656679264,NORMAL,STABLE,NORMAL,NO_ACTION,False,0.0
2026-08-20T22:50:18.493421,0.457406808845502,0.0008452386848151721,0.008902077151335312,False,3,0.08696603775024414,False,0.0,4.019565615643899,17.572319392435816,-1.8119991429786637,CENTER,0.0,0.9921979488168724,0.018306700439877224,NORMAL,STABLE,NORMAL,NO_ACTION,False,0.0
2026-08-20T22:50:18.584442,0.45196785457960564,0.0010840359712879573,0.008875739644970414,False,3,0.08696603775024414,False,0.0,4.097428950494532,19.004290535611062,-1.75499576305279,CENTER,0.0,0.9919043504586762,0.019360989185060965,NORMAL,STABLE,NORMAL,NO_ACTION,False,0.0
2026-08-20T22:50:18.673214,0.470296452315647,0.0008502833114362483,0.008849557522123894,False,3,0.08696603775024414,False,0.0,4.315981018757384,16.7349452303408,-1.849970868459593,CENTER,0.0,0.9921069235468108,0.018023932631825442,NORMAL,STABLE,NORMAL,NO_ACTION,False,0.0
2026-08-20T22:50:18.757960,0.4492883963352595,0.0005731273335839181,0.008823529411764706,False,3,0.08696603775024414,False,0.0,4.0778136911987986,18.836995924062677,-1.6658205067015217,CENTER,0.0,0.9919636140046296,0.019135404061652983,NORMAL,STABLE,NORMAL,NO_ACTION,False,0.0
2026-08-20T22:50:18.845539,0.4573529097700695,0.0019874320849505365,0.008797653958944282,False,3,0.08696603775024414,False,0.0,3.8323671943217335,18.49896691950829,-1.618795272004803,CENTER,0.0,0.9918689316486625,0.01860963255758895,NORMAL,STABLE,NORMAL,NO_ACTION,False,0.0
2026-08-20T22:50:18.923102,0.46684020117092506,0.00039329114936162245,0.008771929824561403,False,3,0.08696603775024414,False,0.0,4.8072686924245716,18.022571949226773,-1.6971541607024108,CENTER,0.0,0.9920728443287038,0.019279820266341615,NORMAL,STABLE,NORMAL,NO_ACTION,False,0.0
2026-08-20T22:50:19.008190,0.47501308478780446,0.0015513837188265377,0.008746355685131196,False,3,0.08696603775024414,False,0.0,4.173738921878055,19.216650519945034,-1.7336193414221839,CENTER,0.0,0.9917042020318929,0.01956725925869387,NORMAL,STABLE,NORMAL,NO_ACTION,False,0.0
2026-08-20T22:50:19.089420,0.4593699115062885,0.0008971790344464279,0.00872093023255814,False,3,0.08696603775024414,False,0.0,4.092671454694312,20.241048613957105,-1.873042400690366,CENTER,0.0,0.991749640989369,0.020363296600450564,NORMAL,STABLE,NORMAL,NO_ACTION,False,0.0
2026-08-20T22:50:19.171437,0.45603760472340393,0.0012082679316220589,0.008695652173913044,False,3,0.08696603775024414,False,0.0,3.7152451179979664,18.24282397747382,-1.6550797536333164,CENTER,0.0,0.9927490703232168,0.018346796823079735,NORMAL,STABLE,NORMAL,NO_ACTION,False,0.0
2026-08-20T22:50:19.252913,0.46669681125459705,0.00031061635718618573,0.005797101449275362,False,3,0.08696603775024414,False,0.0,4.067415611032203,18.390257495033694,-1.6714662688006001,CENTER,0.0,0.9926467790852194,0.01880818333440037,NORMAL,STABLE,NORMAL,NO_ACTION,False,0.0
2026-08-20T22:50:19.336734,0.4635420223647163,0.0008980665768967272,0.002898550724637681,False,3,0.08696603775024414,False,0.0,4.151963254305002,18.99962395128648,-1.6847887045948653,CENTER,0.0,0.9920739561899863,0.019342526591906776,NORMAL,STABLE,NORMAL,NO_ACTION,False,0.0
2026-08-20T22:50:19.416003,0.45603441302370695,0.002817643881279028,0.002898550724637681,False,3,0.08696603775024414,False,0.0,3.854687255654852,17.863085812504977,-1.8252931271739214,CENTER,0.0,0.9926094714506173,0.018370728270273896,NORMAL,STABLE,NORMAL,NO_ACTION,False,0.0
2026-08-20T22:50:19.500588,0.4550763386371305,0.0010195073538888173,0.002898550724637681,False,3,0.08696603775024414,False,0.0,4.403186697672339,19.794687651625566,-1.6977328167056953,CENTER,0.0,0.9918364331490055,0.020171122836315832,NORMAL,STABLE,NORMAL,NO_ACTION,False,0.0
2026-08-20T22:50:19.592564,0.46248022997880467,0.002370030915124869,0.002898550724637681,False,3,0.08696603775024414,False,0.0,4.079611188068753,19.17913370510354,-1.962379282710259,CENTER,0.0,0.991625862697188,0.01966980961073235,NORMAL,STABLE,NORMAL,NO_ACTION,False,0.0
2026-08-20T22:50:19.681274,0.4369642061641121,0.003772699541556956,0.002898550724637681,False,3,0.08696603775024414,False,0.0,3.5697456105164918,18.399700997611916,-1.9242521032354887,CENTER,0.0,0.9921387120627573,0.01857918925966607,NORMAL,STABLE,NORMAL,NO_ACTION,False,0.0
2026-08-20T22:50:19.766312,0.4653694512054249,0.0011899966578302887,0.002898550724637681,False,3,0.08696603775024414,False,0.0,4.047459080098918,19.05206332515354,-1.9849391199776676,CENTER,0.0,0.9922768909679355,0.019568799557129084,NORMAL,STABLE,NORMAL,NO_ACTION,False,0.0
2026-08-20T22:50:19.857384,0.45749313663215013,0.0018407255495744934,0.002898550724637681,False,3,0.08696603775024414,False,0.0,3.406073893405619,19.822610998605427,-1.9458142483021277,CENTER,0.0,0.9914220705804183,0.019470000228044713,NORMAL,STABLE,NORMAL,NO_ACTION,False,0.0
2026-08-20T22:50:19.944320,0.459851091405731,0.0016948627137648292,0.002898550724637681,False,3,0.08696603775024414,False,0.0,4.022971304584701,19.50353531848424,-1.879943803466432,CENTER,0.0,0.9911347549082647,0.019770175241473044,NORMAL,STABLE,NORMAL,NO_ACTION,False,0.0
2026-08-20T22:50:20.031495,0.4604507800442702,0.002210231138721678,0.002898550724637681,False,3,0.08696603775024414,False,0.0,4.148308749457044,18.08128507521235,-1.9961795738194894,CENTER,0.0,0.9917587770061728,0.018975620569327063,NORMAL,STABLE,NORMAL,NO_ACTION,False,0.0
2026-08-20T22:50:20.115942,0.45394002362713337,0.0009266990657444417,0.002898550724637681,False,3,0.08696603775024414,False,0.0,3.214391262791679,18.541100519389914,-2.306537735879772,CENTER,0.0,0.9911462887945817,0.018707244966428185,NORMAL,STABLE,NORMAL,NO_ACTION,False,0.0
2026-08-20T22:50:20.200172,0.4639330972690545,0.0018899887276044446,0.002898550724637681,False,3,0.08696603775024414,False,0.0,3.731275790301595,19.775789029098746,-2.080675292786509,CENTER,0.0,0.9913108308684843,0.019879207934359863,NORMAL,STABLE,NORMAL,NO_ACTION,False,0.0
2026-08-20T22:50:20.278647,0.44502534631657953,0.001128941219161943,0.002898550724637681,False,3,0.08696603775024414,False,0.0,3.609724493455218,18.634693239252897,-2.10837586578981,CENTER,0.0,0.9910636091820987,0.018964708426140828,NORMAL,STABLE,NORMAL,NO_ACTION,False,0.0
2026-08-20T22:50:20.365171,0.465838087740966,0.004045066507522981,0.002898550724637681,False,3,0.08696603775024414,False,0.0,3.803242719345036,18.451166732289238,-1.932041763538706,CENTER,0.0,0.9912453516160836,0.018848709179059907,NORMAL,STABLE,NORMAL,NO_ACTION,False,0.0
2026-08-20T22:50:20.447109,0.4601721665424996,0.004862195193192862,0.002898550724637681,False,3,0.08696603775024414,False,0.0,4.324653373651813,19.491877367051302,-1.9561987418969125,CENTER,0.0,0.9915014280049725,0.020125694950435823,NORMAL,STABLE,NORMAL,NO_ACTION,False,0.0
2026-08-20T22:50:20.529394,0.4641635296393236,0.0034611800465598557,0.002898550724637681,False,3,0.08696603775024414,False,0.0,4.040495747809928,19.487484970411288,-2.1257186246219817,CENTER,0.0,0.9915193785365226,0.020012130763194434,NORMAL,STABLE,NORMAL,NO_ACTION,False,0.0
2026-08-20T22:50:20.618525,0.45694832759859394,0.004622152401861122,0.002898550724637681,False,3,0.08696603775024414,False,0.0,4.503312814723358,18.65015114963262,-1.866052797261915,CENTER,0.0,0.9915810131601509,0.019603016789979746,NORMAL,STABLE,NORMAL,NO_ACTION,False,0.0
2026-08-20T22:50:20.701400,0.46860065037854537,0.004319939559162947,0.002898550724637681,False,3,0.08696603775024414,False,0.0,4.555458963190631,19.717672078895134,-1.8389871605228052,CENTER,0.0,0.9918948125643006,0.020398155731666832,NORMAL,STABLE,NORMAL,NO_ACTION,False,0.0
2026-08-20T22:50:20.784470,0.44325923416292007,0.002861897154415509,0.002898550724637681,False,3,0.08696603775024414,False,0.0,3.5251271716117287,18.541239735265123,-2.2111155297644984,CENTER,0.0,0.9922816733110424,0.018914684632350066,NORMAL,STABLE,NORMAL,NO_ACTION,False,0.0
2026-08-20T22:50:20.877555,0.45872977250484404,0.004188591977089665,0.0029069767441860465,False,3,0.08696603775024414,False,0.0,4.261749418785598,19.559774230300775,-1.8013936926805343,CENTER,0.0,0.9921354702503429,0.019965085866258687,NORMAL,STABLE,NORMAL,NO_ACTION,False,0.0
2026-08-20T22:50:20.964409,0.4654095628354536,0.00023562946881698285,0.0029069767441860465,False,3,0.08696603775024414,False,0.0,4.58554586479832,19.370238326202212,-1.8952332749166487,CENTER,0.0,0.9915412406764403,0.020230366851612308,NORMAL,STABLE,NORMAL,NO_ACTION,False,0.0
2026-08-20T22:50:21.052041,0.449197625233249,0.005772371704527965,0.0029069767441860465,False,3,0.08696603775024414,False,0.0,4.161192632393977,18.797391189722134,-2.0093655221246536,CENTER,0.0,0.9919642034250685,0.019517912600632074,NORMAL,STABLE,NORMAL,NO_ACTION,False,0.0
2026-08-20T22:50:21.134916,0.45130550396584956,0.00566611053834335,0.0029069767441860465,False,3,0.08696603775024414,False,0.0,4.3671061010756205,19.288957614848243,-1.9531513205010924,CENTER,0.0,0.9919259044924553,0.020017087646316118,NORMAL,STABLE,NORMAL,NO_ACTION,False,0.0
2026-08-20T22:50:21.218690,0.4498712369814576,0.0030225830236530957,0.0029069767441860465,False,3,0.08696603775024414,False,0.0,4.0210985758438085,18.20268018651859,-1.9539249497718174,CENTER,0.0,0.9915551590363512,0.018900106492708107,NORMAL,STABLE,NORMAL,NO_ACTION,False,0.0
2026-08-20T22:50:21.299403,0.4613470020644156,0.007015664372848538,0.0029069767441860465,False,3,0.08696603775024414,False,0.0,4.558470189694617,18.86993559055037,-1.9395817278147263,CENTER,0.0,0.991549961419753,0.01988567014336945,NORMAL,STABLE,NORMAL,NO_ACTION,False,0.0
2026-08-20T22:50:21.385657,0.4507171654870119,0.0024109696443865925,0.0029069767441860465,False,3,0.08696603775024414,False,0.0,4.360780378892258,19.475544933503727,-1.9453042595256136,CENTER,0.0,0.991929829496742,0.0201381972889699,NORMAL,STABLE,NORMAL,NO_ACTION,False,0.0
2026-08-20T22:50:21.466217,0.4673721518584262,0.004209226618321294,0.0029069767441860465,False,3,0.08696603775024414,False,0.0,4.505503661430282,19.13165606280893,-1.9837778269236992,CENTER,0.0,0.9919535000857339,0.02006624488599917,NORMAL,STABLE,NORMAL,NO_ACTION,False,0.0
2026-08-20T22:50:21.553414,0.45132978316501987,0.0016896933446577628,0.002898550724637681,False,3,0.08696603775024414,False,0.0,4.358448533768836,19.88184002595102,-2.0369856374301776,CENTER,0.0,0.9917834522890947,0.020517672924341455,NORMAL,STABLE,NORMAL,NO_ACTION,False,0.0
2026-08-20T22:50:21.652585,0.46198867452719006,0.006075920699883674,0.0029069767441860465,False,3,0.08696603775024414,False,0.0,4.433968299517176,18.309437158281668,-2.1050127577659623,CENTER,0.0,0.9918871634945131,0.019520278965772374,NORMAL,STABLE,NORMAL,NO_ACTION,False,0.0
2026-08-20T22:50:21.736331,0.4541659102965067,0.0002949858786734371,0.0029069767441860465,False,3,0.08696603775024414,False,0.0,4.331253678536143,18.250944683861633,-1.9977782859857598,CENTER,0.0,0.9924396647805214,0.019275861200476713,NORMAL,STABLE,NORMAL,NO_ACTION,False,0.0
2026-08-20T22:50:21.820436,0.4626675683521553,0.00066613193393886,0.0029069767441860465,False,3,0.08696603775024414,False,0.0,4.67359686612923,20.47706735244796,-2.0378677427117964,CENTER,0.0,0.9920193142361111,0.0212518849334297,NORMAL,STABLE,NORMAL,NO_ACTION,False,0.0
2026-08-20T22:50:21.911730,0.46146560422638194,0.002543299245440134,0.0029069767441860465,False,3,0.08696603775024414,False,0.0,4.261815564985085,19.93491584488993,-2.0880577942708385,CENTER,0.0,0.9919532321673525,0.020512132085778064,NORMAL,STABLE,NORMAL,NO_ACTION,False,0.0
2026-08-20T22:50:22.030696,0.433287107997427,0.0030069912468546644,0.0029069767441860465,False,3,0.08696603775024414,False,0.0,3.909668436354451,19.03020236426869,-1.8698176072216768,CENTER,0.0,0.9927429885759602,0.01930946604578588,NORMAL,STABLE,NORMAL,NO_ACTION,False,0.0
2026-08-20T22:50:22.119252,0.4372990516754846,0.0005625269371499468,0.0029069767441860465,False,3,0.08696603775024414,False,0.0,4.412761670765121,20.070297860400558,-1.9051456791859493,CENTER,0.0,0.9917718514231824,0.02057912590283477,NORMAL,STABLE,NORMAL,NO_ACTION,False,0.0
2026-08-20T22:50:22.202949,0.4599609943298009,0.0016319899217366748,0.0029069767441860465,False,3,0.08696603775024414,False,0.0,4.505493621473164,18.181404222458696,-1.7900332480786858,CENTER,0.0,0.9922001189557612,0.01919337336838121,NORMAL,STABLE,NORMAL,NO_ACTION,False,0.0
2026-08-20T22:50:22.290101,0.47159773329790794,0.003938711385297663,0.0029069767441860465,False,3,0.08696603775024414,False,0.0,5.838537216551629,19.82812928428359,-1.356134755721797,CENTER,0.0,0.991943372770919,0.021248518234171815,NORMAL,STABLE,NORMAL,NO_ACTION,False,0.0
2026-08-20T22:50:22.371844,0.4563815433359367,0.0026201765310971802,0.0029069767441860465,False,3,0.08696603775024414,False,0.0,4.844765293821553,19.245775462932215,-1.6178463856379608,CENTER,0.0,0.9914105634859396,0.020122982414560207,NORMAL,STABLE,NORMAL,NO_ACTION,False,0.0
2026-08-20T22:50:22.455125,0.46223726237830265,0.0027505250312126893,0.0029069767441860465,False,3,0.08696603775024414,False,0.0,4.740426655012271,16.75331067376345,-1.630966290537799,CENTER,0.0,0.9914835176611796,0.01823502869343293,NORMAL,STABLE,NORMAL,NO_ACTION,False,0.0
2026-08-20T22:50:22.536762,0.4443607203928386,0.004630711436652001,0.0029069767441860465,False,3,0.08696603775024414,False,0.0,4.678256455379341,19.282642568070116,-1.6330125952902108,CENTER,0.0,0.9917065597136488,0.020003871310917614,NORMAL,STABLE,NORMAL,NO_ACTION,False,0.0
2026-08-20T22:50:22.622581,0.44988487425109613,0.0033409918075511962,0.0029069767441860465,False,3,0.08696603775024414,False,0.0,3.807545198315296,17.307134071682924,-1.881460726299764,CENTER,0.0,0.9912202342678327,0.01797789883102995,NORMAL,STABLE,NORMAL,NO_ACTION,False,0.0
2026-08-20T22:50:22.710383,0.450630701657982,0.003981472130674765,0.0029069767441860465,False,3,0.08696603775024414,False,0.0,4.263729157277197,20.127681527921027,-1.4887402370810605,CENTER,0.0,0.9912208236882716,0.020076073853621285,NORMAL,STABLE,NORMAL,NO_ACTION,False,0.0
2026-08-20T22:50:22.798043,0.44455446850532887,0.0036846158896880203,0.0029069767441860465,False,3,0.08696603775024414,False,0.0,4.0076920337807,17.78290221747781,-1.8147038064251717,CENTER,0.0,0.9912564970207475,0.018449958706895187,NORMAL,STABLE,NORMAL,NO_ACTION,False,0.0
2026-08-20T22:50:22.881759,0.4532390413195954,0.0038238430628921415,0.0029069767441860465,False,3,0.08696603775024414,False,0.0,4.219814095361556,17.91361156137532,-1.3741849253475777,CENTER,0.0,0.991771355774177,0.018324422221676157,NORMAL,STABLE,NORMAL,NO_ACTION,False,0.0
2026-08-20T22:50:22.975034,0.452025878909438,0.0027322192673677873,0.0029154518950437317,False,3,0.08696603775024414,False,0.0,4.385828359677674,18.497958550151452,-1.2791426738488099,CENTER,0.0,0.9916782407407407,0.01881479402220896,NORMAL,STABLE,NORMAL,NO_ACTION,False,0.0
2026-08-20T22:50:23.061603,0.10333428042489828,0.0022621068303953235,0.0058309037900874635,True,3,0.08696603775024414,False,0.0,3.1616855662500996,17.466883151157816,-1.8558791138706,UP,0.0,0.9918435061942729,0.24344670011595243,LOW,STABLE,NORMAL,NO_ACTION,False,0.0
2026-08-20T22:50:23.150590,0.16658500171593205,0.0022034977825050074,0.008746355685131196,True,3,0.08696603775024414,False,0.08898711204528809,3.1379387779475962,17.070631236907047,-1.692082925086197,UP,0.08898711204528809,0.9920755770961934,0.2208665856157412,LOW,STABLE,NORMAL,NO_ACTION,False,0.08898711204528809
2026-08-20T22:50:23.240701,0.40562153684674473,0.00402021050046482,0.008746355685131196,False,4,0.17909860610961914,False,0.0,2.708872287296117,20.36995616420927,-0.6985010609776907,UP,0.17909860610961914,0.9916563652049041,0.04399280934285925,NORMAL,STABLE,NORMAL,NO_ACTION,False,0.0
2026-08-20T22:50:23.328828,0.4254504055227655,0.0039050690957219453,0.008746355685131196,False,4,0.17909860610961914,False,0.0,2.9608804726203175,18.995758798101576,-0.5578892673081839,UP,0.2672250270843506,0.990987721300583,0.043107604066708216,NORMAL,STABLE,NORMAL,NO_ACTION,False,0.0
2026-08-20T22:50:23.413694,0.4000967517241176,0.001751692723544986,0.008746355685131196,False,4,0.17909860610961914,False,0.0,1.542323513583625,12.926499722922614,0.6561522456959779,UP,0.35209155082702637,0.9872609364283266,0.037452856086602246,NORMAL,STABLE,NORMAL,NO_ACTION,False,0.0
2026-08-20T22:50:23.498427,0.43473233652859444,0.002570242995512313,0.008746355685131196,False,4,0.17909860610961914,False,0.0,2.040469288002953,10.690502963469811,0.3037780306379716,CENTER,0.0,0.9873277552726337,0.009978342150826866,NORMAL,STABLE,NORMAL,NO_ACTION,False,0.0
2026-08-20T22:50:23.581735,0.41874079398377306,0.0023610342110899937,0.008746355685131196,False,4,0.17909860610961914,False,0.0,2.1337630429406715,-7.458010236609283,1.5756504196217236,CENTER,0.0,0.9844466279792524,0.008958368505203824,NORMAL,STABLE,NORMAL,NO_ACTION,False,0.0
2026-08-20T22:50:23.665388,0.4205719993011745,0.0037278897829324197,0.008746355685131196,False,4,0.17909860610961914,False,0.0,1.728984007766286,-10.253507218130636,1.9309461776477121,CENTER,0.0,0.9842058497299383,0.010929687984233756,NORMAL,STABLE,NORMAL,NO_ACTION,False,0.0
2026-08-20T22:50:23.753003,0.409156050922743,0.0006319063100071441,0.008746355685131196,False,4,0.17909860610961914,False,0.0,1.141373922390187,-8.433791559523712,2.340742566117882,CENTER,0.0,0.9850879174168382,0.009444220893034157,NORMAL,STABLE,NORMAL,NO_ACTION,False,0.0
2026-08-20T22:50:23.837621,0.4602036277772924,0.0012112720422780352,0.008746355685131196,False,4,0.17909860610961914,False,0.0,2.10861238102666,-2.1720876363074524,2.017341202518452,CENTER,0.0,0.9794179741083677,0.005541870447413638,NORMAL,STABLE,NORMAL,NO_ACTION,False,0.0
2026-08-20T22:50:23.919790,0.44981565173469895,0.002742276023139972,0.008746355685131196,False,4,0.17909860610961914,False,0.0,2.9263223407024554,2.937863977936132,1.6425925941473167,CENTER,0.0,0.9751147494427297,0.0065214865139203194,NORMAL,STABLE,NORMAL,NO_ACTION,False,0.0
2026-08-20T22:50:24.007831,0.42391497080244783,0.0013211346077626406,0.008746355685131196,False,4,0.17909860610961914,False,0.0,1.4836487751768175,11.07136625287842,0.3882732656865642,CENTER,0.0,0.9896869641632373,0.00979857833309545,NORMAL,STABLE,NORMAL,NO_ACTION,False,0.0
2026-08-20T22:50:24.090748,0.44069626213255486,0.0018325685560050655,0.008746355685131196,False,4,0.17909860610961914,False,0.0,1.7108462503987312,13.462808344607652,-0.4237965462320403,CENTER,0.0,0.9926884269975993,0.011778721312305528,NORMAL,STABLE,NORMAL,NO_ACTION,False,0.0
2026-08-20T22:50:24.173608,0.42041682898975535,0.0025968229386843294,0.008746355685131196,False,4,0.17909860610961914,False,0.0,2.1013417018908456,14.952082457009993,-1.0283873254864204,CENTER,0.0,0.9946440034507887,0.013812539356426068,NORMAL,STABLE,NORMAL,NO_ACTION,False,0.0
2026-08-20T22:50:24.256157,0.4158214870254219,0.002937332608525241,0.008746355685131196,False,4,0.17909860610961914,False,0.0,0.6918316263690087,23.551795522732846,-4.2468213005163875,CENTER,0.0,0.9897849285193759,0.021765369955270772,NORMAL,STABLE,NORMAL,NO_ACTION,False,0.0
2026-08-20T22:50:24.341586,0.4157994770820776,0.0011422710565342658,0.008746355685131196,False,4,0.17909860610961914,False,0.0,0.916796643643579,25.822427347939794,-4.396433024008019,CENTER,0.0,0.9878703703703705,0.023765974246065462,NORMAL,STABLE,NORMAL,NO_ACTION,False,0.0
2026-08-20T22:50:24.423484,0.43201719985695686,0.0021371263146180205,0.008746355685131196,False,4,0.17909860610961914,False,0.0,0.45121119968740686,25.630590976592913,-4.548792685829397,CENTER,0.0,0.9909998178155007,0.023325800928407362,NORMAL,STABLE,NORMAL,NO_ACTION,False,0.0
2026-08-20T22:50:24.508693,0.41386032178544785,0.0009882246619461446,0.008746355685131196,False,4,0.17909860610961914,False,0.0,0.5299223663351142,22.7334609841931,-4.105409139100118,CENTER,0.0,0.9974028527949246,0.020882263271595612,NORMAL,STABLE,NORMAL,NO_ACTION,False,0.0
2026-08-20T22:50:24.594794,0.4291253214845233,0.00379327353624644,0.008746355685131196,False,4,0.17909860610961914,False,0.0,1.228321989143268,21.098729090834013,-2.9697369238326132,CENTER,0.0,0.9993772907021606,0.01928054625957912,NORMAL,STABLE,NORMAL,NO_ACTION,False,0.0
2026-08-20T22:50:24.682956,0.4366619486747666,0.004700012986568323,0.008746355685131196,False,4,0.17909860610961914,False,0.0,1.273045570229982,17.747065160783706,-2.3739725800157316,CENTER,0.0,0.9987632217721194,0.016329268242284107,NORMAL,STABLE,NORMAL,NO_ACTION,False,0.0
2026-08-20T22:50:24.774434,0.44761485977548243,0.0034724248706601555,0.008746355685131196,False,4,0.17909860610961914,False,0.0,2.1378283347065974,-3.204435247383458,0.5634153454103341,CENTER,0.0,0.9972254238468793,0.0049155119632228765,NORMAL,STABLE,NORMAL,NO_ACTION,False,0.0
2026-08-20T22:50:24.861631,0.46965654658171707,0.0017076072725094168,0.008746355685131196,False,4,0.17909860610961914,False,0.0,3.7041205447904133,-4.057304328196778,2.80415761047675,CENTER,0.0,0.9966337394975995,0.009197506164325311,NORMAL,STABLE,NORMAL,NO_ACTION,False,0.0
2026-08-20T22:50:24.949445,0.44935811306246404,0.001518612510844492,0.008746355685131196,False,4,0.17909860610961914,False,0.0,4.808143523294802,-7.891168126437208,2.5579112036544416,CENTER,0.0,0.9978679189171811,0.012792414865415032,NORMAL,STABLE,NORMAL,NO_ACTION,False,0.0
2026-08-20T22:50:25.038422,0.46772594946556256,0.0041339742685683285,0.008746355685131196,False,4,0.17909860610961914,False,0.0,3.865304918748393,-1.3419605056097907,1.7083207627800903,CENTER,0.0,0.9994186171124829,0.006336388799227093,NORMAL,STABLE,NORMAL,NO_ACTION,False,0.0
2026-08-20T22:50:25.123063,0.45863274847342117,0.0024675801642685745,0.008746355685131196,False,4,0.17909860610961914,False,0.0,4.502302380022996,0.2842883692545968,1.494929840674729,CENTER,0.0,0.9996285579561042,0.005980431886615019,NORMAL,STABLE,NORMAL,NO_ACTION,False,0.0
2026-08-20T22:50:25.208215,0.40460693047591745,0.0006177419699755046,0.008746355685131196,False,4,0.17909860610961914,False,0.0,3.6548862214409894,2.7846069306153254,0.4545267628603824,CENTER,0.0,0.9972222490140604,0.005968317508845723,NORMAL,STABLE,NORMAL,NO_ACTION,False,0.0
2026-08-20T22:50:25.291451,0.4074526398375897,0.005234733983263523,0.008746355685131196,False,4,0.17909860610961914,False,0.0,1.326749791458525,7.198878780090098,0.05603072074941906,CENTER,0.0,0.9952334372856653,0.006530756649228276,NORMAL,STABLE,NORMAL,NO_ACTION,False,0.0
2026-08-20T22:50:25.378092,0.4287464789732196,0.0007973572008027818,0.008746355685131196,False,4,0.17909860610961914,False,0.0,4.015036948850337,10.899156022389604,-1.2744380920290723,CENTER,0.0,0.9974755792395406,0.01296518124072081,NORMAL,STABLE,NORMAL,NO_ACTION,False,0.0
2026-08-20T22:50:25.463439,0.40281990472182594,0.000824354770416416,0.008746355685131196,False,4,0.17909860610961914,False,0.0,2.459715971417751,13.048026857589178,-1.6956880017261255,CENTER,0.0,0.9977812473208163,0.013425075074989992,NORMAL,STABLE,NORMAL,NO_ACTION,False,0.0
2026-08-20T22:50:25.549443,0.4143920608814917,0.0020929953121776933,0.008746355685131196,False,4,0.17909860610961914,False,0.0,1.6827845995880182,13.499149878396992,-3.232893996010546,CENTER,0.0,0.9988694648062414,0.014483002448677926,NORMAL,STABLE,NORMAL,NO_ACTION,False,0.0
2026-08-20T22:50:25.633751,0.4001301960566318,0.0004866714699410684,0.008746355685131196,False,4,0.17909860610961914,False,0.0,3.0189446930000656,15.5697361802969,-2.732016292454176,CENTER,0.0,0.9997037492498286,0.01678277189398518,NORMAL,STABLE,NORMAL,NO_ACTION,False,0.0
2026-08-20T22:50:25.719512,0.1344370662876736,0.0006565200499310276,0.011661807580174927,True,4,0.17909860610961914,False,0.0,0.4301121968960899,13.58342640920705,-2.760914297812036,CENTER,0.0,0.9915974901406035,0.212883092734887,LOW,STABLE,NORMAL,NO_ACTION,False,0.0
2026-08-20T22:50:25.839200,0.3055267732374257,0.0013214542761405231,0.011695906432748537,False,5,0.11968755722045898,False,0.0,1.9388928446916225,10.336789672746818,-2.030458029950495,UP,0.0,0.9999953516160838,0.03728779708737993,NORMAL,STABLE,NORMAL,NO_ACTION,False,0.0
2026-08-20T22:50:25.926140,0.34422920278159497,0.001710717500475214,0.011695906432748537,False,5,0.11968755722045898,False,0.0,1.3225003538446458,12.085433067628912,-2.2352303526598973,UP,0.08694028854370117,0.9991985891418038,0.03815433122918081,NORMAL,STABLE,NORMAL,NO_ACTION,False,0.0
2026-08-20T22:50:26.010345,0.35866564356609687,0.0009369459347051938,0.011695906432748537,False,5,0.11968755722045898,False,0.0,1.849686121770418,8.09997675354407,-1.487059459216539,UP,0.17114520072937012,0.9944504190243484,0.035063145622213715,NORMAL,STABLE,NORMAL,NO_ACTION,False,0.0
2026-08-20T22:50:26.098975,0.3644884998599984,0.0034236470238919957,0.011695906432748537,False,5,0.11968755722045898,False,0.0,0.9654742308786126,7.06904007193279,-1.1620546862201593,UP,0.25977516174316406,0.9898092421124828,0.033154149379528056,NORMAL,STABLE,NORMAL,NO_ACTION,False,0.0
2026-08-20T22:50:26.184846,0.368102499147234,0.0018910251582634136,0.011695906432748537,False,5,0.11968755722045898,False,0.0,0.06292346814646521,1.4712469920967521,0.021198041072608476,CENTER,0.0,0.970350370263203,0.0011435731698363923,NORMAL,STABLE,NORMAL,NO_ACTION,False,0.0
2026-08-20T22:50:26.273605,0.3588955164937162,0.0010764396368869171,0.011695906432748537,False,5,0.11968755722045898,False,0.0,1.189685451444177,3.9500779122600704,0.12672191297929203,CENTER,0.0,0.9698324304483883,0.004120485583854873,NORMAL,STABLE,NORMAL,NO_ACTION,False,0.0
2026-08-20T22:50:26.357737,0.3924850917604892,0.0011283675020522718,0.011695906432748537,False,5,0.11968755722045898,False,0.0,0.991645264583525,4.305024968451306,-0.20879276875712094,CENTER,0.0,0.9787775420096022,0.004265162064876195,NORMAL,STABLE,NORMAL,NO_ACTION,False,0.0
2026-08-20T22:50:26.447847,0.44440794981115206,0.006573868809731619,0.011695906432748537,False,5,0.11968755722045898,False,0.0,0.7531607498126789,2.867941232695756,0.08106826429244052,CENTER,0.0,0.9850547625171469,0.002874622533492606,NORMAL,STABLE,NORMAL,NO_ACTION,False,0.0
2026-08-20T22:50:26.539056,0.4504248126613942,0.003489251475662367,0.011695906432748537,False,5,0.11968755722045898,False,0.0,1.214206823072601,5.852399656341788,0.1343880252914289,CENTER,0.0,0.9856494341563785,0.00552537997615295,NORMAL,STABLE,NORMAL,NO_ACTION,False,0.0
2026-08-20T22:50:26.646639,0.42729739478099943,0.004836646896913884,0.011695906432748537,False,5,0.11968755722045898,False,0.0,0.7201971295167766,3.9983326807516164,-0.500232400058735,CENTER,0.0,0.989386962555727,0.004062913149763697,NORMAL,STABLE,NORMAL,NO_ACTION,False,0.0
2026-08-20T22:50:26.743690,0.4471722012967396,0.007003567333692925,0.011730205278592375,False,5,0.11968755722045898,False,0.0,0.6831919037889804,8.711221385915564,-0.5636685386964473,CENTER,0.0,0.9898458531592935,0.007492118093702764,NORMAL,STABLE,NORMAL,NO_ACTION,False,0.0
2026-08-20T22:50:26.839135,0.4588733671066091,0.0046161688288966435,0.011730205278592375,False,5,0.11968755722045898,False,0.0,1.3572926418669056,11.576516718659235,-0.43557308669497274,CENTER,0.0,0.9905407798568244,0.010087280924313479,NORMAL,STABLE,NORMAL,NO_ACTION,False,0.0
2026-08-20T22:50:26.939168,0.48425574531500626,0.0038108221729363364,0.011730205278592375,False,5,0.11968755722045898,False,0.0,0.5696735074299681,7.938620371951885,-0.5261474947077716,CENTER,0.0,0.9915180925282924,0.006788683085505296,NORMAL,STABLE,NORMAL,NO_ACTION,False,0.0
2026-08-20T22:50:27.036240,0.4658986374444629,0.0009226808769276251,0.011730205278592375,False,5,0.11968755722045898,False,0.0,1.6912190704229317,9.827091177123663,-0.286401794073214,CENTER,0.0,0.9911918885030863,0.00900171927521523,NORMAL,STABLE,NORMAL,NO_ACTION,False,0.0
2026-08-20T22:50:27.126139,0.4619527834269454,0.003896361307873585,0.011730205278592375,False,5,0.11968755722045898,False,0.0,1.310373553516854,10.356697654009935,-0.3626461990636187,CENTER,0.0,0.9919123344264403,0.009090893252603186,NORMAL,STABLE,NORMAL,NO_ACTION,False,0.0
2026-08-20T22:50:27.228107,0.482242938408028,0.002757339546847264,0.011764705882352941,False,5,0.11968755722045898,False,0.0,2.0080383864519433,7.36671081340225,-0.26371454623011914,CENTER,0.0,0.9926647698045267,0.007508016189299168,NORMAL,STABLE,NORMAL,NO_ACTION,False,0.0
2026-08-20T22:50:27.322742,0.46738715261717206,0.003337771491922571,0.011764705882352941,False,5,0.11968755722045898,False,0.0,1.6833064282175485,10.676504723244165,-0.22330882005118724,CENTER,0.0,0.992805105452675,0.009546808835490679,NORMAL,STABLE,NORMAL,NO_ACTION,False,0.0
2026-08-20T22:50:27.419554,0.4018463404857404,0.005306284708193552,0.011764705882352941,False,5,0.11968755722045898,False,0.0,0.6554228186581383,6.958732416217856,-0.34585064043503166,CENTER,0.0,0.9920167422196501,0.005989940446395208,NORMAL,STABLE,NORMAL,NO_ACTION,False,0.0
2026-08-20T22:50:27.515666,0.39537855537188343,0.0019559103125853256,0.011764705882352941,False,5,0.11968755722045898,False,0.0,1.218699413658328,7.464570795408719,-0.4566838281071455,CENTER,0.0,0.9923830804183813,0.00700441091838416,NORMAL,STABLE,NORMAL,NO_ACTION,False,0.0
2026-08-20T22:50:27.615475,0.41881632126393753,0.004550846809433195,0.011764705882352941,False,5,0.11968755722045898,False,0.0,0.6650784120445792,8.053134388969681,-0.45021026816999665,CENTER,0.0,0.9918012956532921,0.006890134306314362,NORMAL,STABLE,NORMAL,NO_ACTION,False,0.0
2026-08-20T22:50:27.704253,0.42120000306508765,0.0021959251058122973,0.011764705882352941,False,5,0.11968755722045898,False,0.0,0.860908146241627,7.808630641596636,-0.2847243827257273,CENTER,0.0,0.9913645618998628,0.006742768269047616,NORMAL,STABLE,NORMAL,NO_ACTION,False,0.0
2026-08-20T22:50:27.791444,0.39997468165286737,0.005025777846024748,0.011764705882352941,False,5,0.11968755722045898,False,0.0,0.5463757693781872,5.832890846663815,-0.2507976882562559,CENTER,0.0,0.9907786377957819,0.004980291904016294,NORMAL,STABLE,NORMAL,NO_ACTION,False,0.0
2026-08-20T22:50:27.880666,0.3916161078477295,0.008295933608862284,0.011764705882352941,False,5,0.11968755722045898,False,0.0,0.9945775603739264,5.15055839160803,-0.10629440583502969,CENTER,0.0,0.9917014156807271,0.004779946657695905,NORMAL,STABLE,NORMAL,NO_ACTION,False,0.0
2026-08-20T22:50:27.988691,0.39878573209977775,0.006765040632449121,0.011764705882352941,False,5,0.11968755722045898,False,0.0,1.0513147075785128,6.330596910611263,-0.2856710044618751,CENTER,0.0,0.9924743468149863,0.0058595654914803605,NORMAL,STABLE,NORMAL,NO_ACTION,False,0.0
2026-08-20T22:50:28.100925,0.4069477167051212,0.006621412482108288,0.008849557522123894,False,5,0.11968755722045898,False,0.0,1.1397870513966097,3.681491266984125,-0.38517371797343003,CENTER,0.0,0.9930486700531551,0.004127335544807832,NORMAL,STABLE,NORMAL,NO_ACTION,False,0.0
2026-08-20T22:50:28.218099,0.4079301516948418,0.00654361237890401,0.008849557522123894,False,5,0.11968755722045898,False,0.0,1.0301886765900008,6.075689854286679,-0.23295942076339315,CENTER,0.0,0.9934979691786694,0.005604363062584388,NORMAL,STABLE,NORMAL,NO_ACTION,False,0.0
2026-08-20T22:50:28.331135,0.4001552552953275,0.006905065268049236,0.008849557522123894,False,5,0.11968755722045898,False,0.0,0.9162800538884994,7.284861949266457,-0.4377869736818525,CENTER,0.0,0.993056426290295,0.006565205582500929,NORMAL,STABLE,NORMAL,NO_ACTION,False,0.0
2026-08-20T22:50:28.453045,0.39855918370088717,0.0025565815254789182,0.008849557522123894,False,5,0.11968755722045898,False,0.0,1.8819823755712832,5.545347198382274,-0.39218706790902047,CENTER,0.0,0.9927217024605625,0.006194913922183047,NORMAL,STABLE,NORMAL,NO_ACTION,False,0.0
2026-08-20T22:50:28.557501,0.4148921260053635,0.0005379448474825755,0.008849557522123894,False,5,0.11968755722045898,False,0.0,1.726188408529623,3.215883934176702,-0.4421868074375652,CENTER,0.0,0.9923642993398492,0.004410647864133059,NORMAL,STABLE,NORMAL,NO_ACTION,False,0.0
2026-08-20T22:50:28.680126,0.3851656083834513,0.006559194671905074,0.008875739644970414,False,5,0.11968755722045898,False,0.0,0.7154191501636262,2.4411594019661322,-0.4091273103112769,CENTER,0.0,0.9918996083033266,0.0028459561596550762,NORMAL,STABLE,NORMAL,NO_ACTION,False,0.0
2026-08-20T22:50:28.785308,0.3893174147882,0.0035244634052366184,0.008875739644970414,False,5,0.11968755722045898,False,0.0,1.0049320824707593,2.8092294369833724,-0.20739747545920295,CENTER,0.0,0.9917610677083333,0.0031963163899020285,NORMAL,STABLE,NORMAL,NO_ACTION,False,0.0
2026-08-20T22:50:28.886335,0.3844713231315305,0.003507674408016902,0.008875739644970414,False,5,0.11968755722045898,False,0.0,0.8138466722881503,2.906684203542113,-0.20646022747661164,CENTER,0.0,0.9919729509602195,0.0030817896801094455,NORMAL,STABLE,NORMAL,NO_ACTION,False,0.0
2026-08-20T22:50:28.997144,0.3871156850970229,0.00743381612706397,0.008875739644970414,False,5,0.11968755722045898,False,0.0,1.5361924597468715,6.032342188000769,-0.03915112428074963,CENTER,0.0,0.9930381006730109,0.005873689105582709,NORMAL,STABLE,NORMAL,NO_ACTION,False,0.0
2026-08-20T22:50:29.136153,0.39844550093815506,0.00648971220582072,0.008902077151335312,False,5,0.11968755722045898,False,0.0,1.7693127999686453,5.52269743437671,-0.21360229242952755,CENTER,0.0,0.9917113018689986,0.0058980886063962346,NORMAL,STABLE,NORMAL,NO_ACTION,False,0.0
2026-08-20T22:50:29.224577,0.40147483839068965,0.006900119535472393,0.008902077151335312,False,5,0.11968755722045898,False,0.0,1.4000236157394,1.0048690738577761,-0.16664796010545047,CENTER,0.0,0.9907389992712622,0.0022343854782293613,NORMAL,STABLE,NORMAL,NO_ACTION,False,0.0
2026-08-20T22:50:29.311594,0.39627760076467944,0.002731798030717433,0.008902077151335312,False,5,0.11968755722045898,False,0.0,1.4996158622695077,3.9886844633410306,-0.17001459484001202,CENTER,0.0,0.9899290284207819,0.0044885088488888,NORMAL,STABLE,NORMAL,NO_ACTION,False,0.0
2026-08-20T22:50:29.396823,0.40686550963894513,0.005832665770110743,0.008902077151335312,False,5,0.11968755722045898,False,0.0,1.6232927457826065,4.614139124648432,-0.1345883573037554,CENTER,0.0,0.9903298209233539,0.0050252082078107345,NORMAL,STABLE,NORMAL,NO_ACTION,False,0.0
2026-08-20T22:50:29.484885,0.41619014876233906,0.00961896802772142,0.008902077151335312,False,5,0.11968755722045898,False,0.0,1.178816546514355,-0.3414539116156732,-0.12259901495778536,CENTER,0.0,0.9906822407621741,0.0014998205879548623,NORMAL,STABLE,NORMAL,NO_ACTION,False,0.0
2026-08-20T22:50:29.571224,0.42053079531630777,0.0068250917267791,0.008902077151335312,False,5,0.11968755722045898,False,0.0,1.449558881139069,4.328571137691114,-0.007024912683789353,CENTER,0.0,0.9909081897290808,0.004528826512013743,NORMAL,STABLE,NORMAL,NO_ACTION,False,0.0
2026-08-20T22:50:29.663317,0.41456511891224257,0.006424670855154681,0.008902077151335312,False,5,0.11968755722045898,False,0.0,2.772171305373888,6.548643570387782,-0.4889032213923201,CENTER,0.0,0.9928375101808985,0.007869869900684561,NORMAL,STABLE,NORMAL,NO_ACTION,False,0.0
2026-08-20T22:50:29.750007,0.4159814686470006,0.007340810729814081,0.008902077151335312,False,5,0.11968755722045898,False,0.0,1.8347668998168842,4.470197231766804,-0.3434320685968828,CENTER,0.0,0.9926576699674211,0.005326000711044838,NORMAL,STABLE,NORMAL,NO_ACTION,False,0.0
2026-08-20T22:50:29.837228,0.41303214006117484,0.006005299666563962,0.008902077151335312,False,5,0.11968755722045898,False,0.0,1.8606898360226012,5.332863723255883,-0.17176757597025016,CENTER,0.0,0.9925645951217421,0.005808693900566811,NORMAL,STABLE,NORMAL,NO_ACTION,False,0.0
2026-08-20T22:50:29.974521,0.40816350364114395,0.005410781729611785,0.008902077151335312,False,5,0.11968755722045898,False,0.0,2.0614364102839033,3.8376959629775627,-0.2916032136563729,CENTER,0.0,0.9916339940200617,0.005037559314833691,NORMAL,STABLE,NORMAL,NO_ACTION,False,0.0
2026-08-20T22:50:30.067152,0.4107441046213671,0.0033888628775140986,0.008902077151335312,False,5,0.11968755722045898,False,0.0,1.764270740755137,5.244312493831075,-0.36310884312126745,CENTER,0.0,0.9924025982724622,0.0058361467707589805,NORMAL,STABLE,NORMAL,NO_ACTION,False,0.0
2026-08-20T22:50:30.157290,0.40787180513827404,0.004453077980705263,0.008902077151335312,False,5,0.11968755722045898,False,0.0,1.916880407341182,6.82576798018107,-0.23631425770844317,CENTER,0.0,0.9922790611068244,0.0070031680335118935,NORMAL,STABLE,NORMAL,NO_ACTION,False,0.0
2026-08-20T22:50:30.249141,0.440644041240994,0.0006607783506194253,0.008902077151335312,False,5,0.11968755722045898,False,0.0,1.7280277929898773,5.637464012087918,-0.5902178509458054,CENTER,0.0,0.9931670631858711,0.006303886480668227,NORMAL,STABLE,NORMAL,NO_ACTION,False,0.0
2026-08-20T22:50:30.338516,0.4483011296602065,0.006089365252252974,0.008902077151335312,False,5,0.11968755722045898,False,0.0,1.41393856973869,6.374839778325168,-0.07912211191234064,CENTER,0.0,0.9936384655778463,0.006041813088898799,NORMAL,STABLE,NORMAL,NO_ACTION,False,0.0
2026-08-20T22:50:30.429212,0.4523616748023379,0.00026994364379913025,0.008902077151335312,False,5,0.11968755722045898,False,0.0,2.1962062500521995,8.194668842821585,-0.30607892960614436,CENTER,0.0,0.9937340990440673,0.008327979892819921,NORMAL,STABLE,NORMAL,NO_ACTION,False,0.0
2026-08-20T22:50:30.527879,0.4902710788516884,0.0050015901103275095,0.008928571428571428,False,5,0.11968755722045898,False,0.0,2.495632695467151,8.778413182536354,-0.21981898144966294,CENTER,0.0,0.9940004099151235,0.008954844468862818,NORMAL,STABLE,NORMAL,NO_ACTION,False,0.0
2026-08-20T22:50:30.625190,0.48192340616509854,0.005697659077108171,0.008928571428571428,False,5,0.11968755722045898,False,0.0,2.2471382169829894,8.753857920206173,-0.09676262676828173,CENTER,0.0,0.9945407744984566,0.008579320421539017,NORMAL,STABLE,NORMAL,NO_ACTION,False,0.0
2026-08-20T22:50:30.710141,0.4781045873530421,0.006076756008394131,0.008928571428571428,False,5,0.11968755722045898,False,0.0,2.6490349206747794,10.690355667118297,0.07931772943669557,CENTER,0.0,0.9936982917524005,0.010348114978211304,NORMAL,STABLE,NORMAL,NO_ACTION,False,0.0
2026-08-20T22:50:30.801738,0.4790439906647278,0.005091979243100579,0.008928571428571428,False,5,0.11968755722045898,False,0.0,2.395986803393697,12.683873523540342,-0.13131828359297515,CENTER,0.0,0.9930547651963307,0.01159427651743297,NORMAL,STABLE,NORMAL,NO_ACTION,False,0.0
2026-08-20T22:50:30.888716,0.48180997250293733,0.00425472068547047,0.008928571428571428,False,5,0.11968755722045898,False,0.0,2.306820348121903,9.367006609102361,-0.15189964967763103,CENTER,0.0,0.9932259114583333,0.00913271662297348,NORMAL,STABLE,NORMAL,NO_ACTION,False,0.0
2026-08-20T22:50:30.982603,0.4809086446456371,0.004827530859661776,0.008928571428571428,False,5,0.11968755722045898,False,0.0,2.3681421998904,9.768162739466817,-0.3157953351624485,CENTER,0.0,0.9933997904878258,0.009639316641888036,NORMAL,STABLE,NORMAL,NO_ACTION,False,0.0
2026-08-20T22:50:31.081477,0.4895867751953178,0.0063373745148773445,0.008928571428571428,False,5,0.11968755722045898,False,0.0,1.845109368837086,10.429528130648606,-1.1851797417984358,CENTER,0.0,0.9932631387174211,0.0104504931638582,NORMAL,STABLE,NORMAL,NO_ACTION,False,0.0
2026-08-20T22:50:31.173455,0.3757560202069863,0.007373319676055666,0.008928571428571428,False,5,0.11968755722045898,False,0.0,0.7818645316999664,10.874465188141585,-1.6184049946412529,CENTER,0.0,0.9919111421896434,0.01016515106865306,NORMAL,STABLE,NORMAL,NO_ACTION,False,0.0
2026-08-20T22:50:31.258482,0.38190400763631993,0.0005860097703734371,0.008928571428571428,False,5,0.11968755722045898,False,0.0,1.561522192691399,11.495728086856303,-1.5692225827811797,CENTER,0.0,0.9919300840192046,0.011317261550221665,NORMAL,STABLE,NORMAL,NO_ACTION,False,0.0
2026-08-20T22:50:31.347829,0.3826073281450125,0.0025076674774631084,0.008928571428571428,False,5,0.11968755722045898,False,0.0,1.3967949836846287,13.178040520548905,-1.3318132249289079,CENTER,0.0,0.9906155156893004,0.012145022354616876,NORMAL,STABLE,NORMAL,NO_ACTION,False,0.0
2026-08-20T22:50:31.433180,0.37332266505083267,0.0019237322760483398,0.008928571428571428,False,5,0.11968755722045898,False,0.0,1.4049842388460263,12.703816932440247,-1.49120787750266,CENTER,0.0,0.990249123906893,0.011963904637320394,NORMAL,STABLE,NORMAL,NO_ACTION,False,0.0
2026-08-20T22:50:31.520415,0.3792229032479524,0.00040390489863417083,0.008928571428571428,False,5,0.11968755722045898,False,0.0,1.4253518900210622,12.865201366396576,-1.1726112682780467,CENTER,0.0,0.9903540139531894,0.011793276620759633,NORMAL,STABLE,NORMAL,NO_ACTION,False,0.0
2026-08-20T22:50:31.606049,0.3757111314323981,0.005602738872020949,0.008928571428571428,False,5,0.11968755722045898,False,0.0,1.2192688552208608,10.885891074889514,-1.3557611832164014,CENTER,0.0,0.9908303594393004,0.010341690998507938,NORMAL,STABLE,NORMAL,NO_ACTION,False,0.0
2026-08-20T22:50:31.695422,0.37704308218432936,0.003027588659657705,0.008928571428571428,False,5,0.11968755722045898,False,0.0,1.3423192630303902,13.763733062721428,-1.1043552429953252,CENTER,0.0,0.9918861052169067,0.01229653081036061,NORMAL,STABLE,NORMAL,NO_ACTION,False,0.0
